// Generated for LVGL 9 / RGB565 native color depth.
// Source size: 88x110, format: RGB565 plane + alpha plane.

#include "../ui.h"

#ifndef LV_ATTRIBUTE_MEM_ALIGN
#define LV_ATTRIBUTE_MEM_ALIGN
#endif

const LV_ATTRIBUTE_MEM_ALIGN uint8_t ui_img_focus_mascot_running_data[] = {
    0x00,0x00,0x00,0x00,0x00,0x00,0x00,0x00,0x00,0x00,0x00,0x00,0x00,0x00,0x00,0x00,
    0x00,0x00,0x00,0x00,0x00,0x00,0x00,0x00,0x00,0x00,0x1D,0xCF,0x3D,0xCF,0xFC,0xCE,
    0xFF,0xFF,0x00,0x00,0xFF,0xFF,0x00,0x00,0x00,0x00,0x00,0x00,0x00,0x00,0x00,0x00,
    0x00,0x00,0x00,0x00,0x00,0x00,0x00,0x00,0x00,0x00,0x00,0x00,0x00,0x00,0x00,0x00,
    0x00,0x00,0x00,0x00,0x00,0x00,0xAA,0xAA,0x00,0x00,0x00,0x00,0x00,0x00,0x00,0x00,
    0x00,0x00,0x00,0x00,0x00,0x00,0x00,0x00,0x00,0x00,0xAA,0xAA,0x00,0xF8,0x00,0x00,
    0x00,0x00,0x00,0x00,0x00,0x00,0x00,0x00,0x00,0x00,0x00,0x00,0x00,0x00,0xEF,0xFB,
    0xAA,0xAA,0x00,0x00,0x00,0x00,0x00,0x00,0x00,0x00,0x00,0x00,0x00,0x00,0x00,0x00,
    0xE7,0x79,0xEF,0x7B,0x00,0x00,0x00,0x00,0x00,0x00,0x00,0x00,0x00,0x00,0x00,0x00,
    0x00,0x00,0x00,0x00,0x00,0x00,0x00,0x00,0x00,0x00,0x00,0x00,0x00,0x00,0x00,0x00,
    0x00,0x00,0x00,0x00,0x00,0x00,0x00,0x00,0x00,0x00,0x00,0x00,0x00,0x00,0x00,0x00,
    0x00,0x00,0x00,0x00,0x00,0x00,0x00,0x00,0x00,0x00,0x00,0x00,0x00,0x00,0x00,0x00,
    0x00,0x00,0x00,0x00,0x00,0x00,0x00,0x00,0x00,0x00,0xFC,0xC6,0xBF,0xDF,0x3D,0xCF,
    0xFC,0xCE,0xFF,0xFF,0xFF,0x7B,0x00,0x00,0x00,0x00,0x00,0x00,0x00,0x00,0x00,0x00,
    0x00,0x00,0x00,0x00,0x00,0x00,0x00,0x00,0x00,0x00,0x00,0x00,0x00,0x00,0x00,0x00,
    0x00,0x00,0x00,0x00,0x00,0x00,0x00,0x00,0xF7,0x9A,0xCE,0xA3,0x4E,0xAC,0x31,0xC5,
    0x51,0xC5,0x31,0xC5,0x31,0xC5,0x90,0xBC,0xCF,0xB3,0x00,0x00,0x00,0x00,0xFF,0xFF,
    0x00,0x00,0x00,0x00,0x00,0x00,0x00,0x00,0x00,0x00,0xFF,0xFF,0xE0,0x7B,0x00,0x00,
    0x00,0x00,0xB5,0x52,0xED,0x92,0xCF,0xA3,0xCF,0xA3,0xCF,0xA3,0xCD,0x92,0x00,0x00,
    0x00,0x00,0x00,0x00,0xE0,0x7B,0x00,0x00,0x00,0x00,0x00,0x00,0x00,0x00,0x00,0x00,
    0x00,0x00,0x00,0x00,0x00,0x00,0x00,0x00,0x00,0x00,0x00,0x00,0x00,0x00,0x00,0x00,
    0x00,0x00,0x00,0x00,0x00,0x00,0x00,0x00,0x00,0x00,0x00,0x00,0x00,0x00,0x00,0x00,
    0x00,0x00,0x00,0x00,0x00,0x00,0x00,0x00,0x00,0x00,0x00,0x00,0x00,0x00,0x00,0x00,
    0x00,0x00,0x00,0x00,0x00,0x00,0x00,0x00,0x00,0x00,0xDC,0xC6,0x3D,0xCF,0xFC,0xC6,
    0x3D,0xCF,0x1C,0xCF,0x00,0x00,0xFF,0xAF,0x00,0x00,0x00,0x00,0x00,0x00,0x00,0x00,
    0x00,0x00,0x00,0x00,0x00,0x00,0x00,0x00,0x00,0x00,0x00,0x00,0x00,0x00,0x00,0x00,
    0x00,0x00,0x00,0xF8,0x00,0x00,0x90,0xB4,0xEF,0xBC,0xD0,0xC5,0xB3,0xDE,0x15,0xE7,
    0x35,0xEF,0x35,0xEF,0x36,0xF7,0xB4,0xE6,0xD3,0xD5,0xB0,0xC4,0x96,0xB4,0x00,0x00,
    0xEF,0x7B,0x00,0x00,0x00,0x00,0x00,0x00,0xEF,0x7B,0x00,0x00,0x00,0x00,0xAE,0xA3,
    0x70,0xB4,0xF1,0xBC,0x51,0xC5,0x91,0xC5,0xB2,0xCD,0x50,0xBD,0x0F,0xB5,0x8E,0xAC,
    0x0D,0xA4,0x31,0xB4,0x00,0x00,0x00,0x00,0x00,0x00,0x00,0x00,0x00,0x00,0x00,0x00,
    0x00,0x00,0x00,0x00,0x00,0x00,0x00,0x00,0x00,0x00,0x00,0x00,0x00,0x00,0x00,0x00,
    0x00,0x00,0x00,0x00,0x00,0x00,0x00,0x00,0x00,0x00,0x00,0x00,0x00,0x00,0x00,0x00,
    0x00,0x00,0x00,0x00,0x00,0x00,0x00,0x00,0x00,0x00,0x00,0x00,0x00,0x00,0x00,0x00,
    0x00,0x00,0x00,0x00,0x00,0x00,0x00,0x00,0xDB,0xBE,0xDC,0xC6,0xDC,0xC6,0xDC,0xC6,
    0x5E,0xCF,0xFC,0xCE,0x00,0x00,0xFF,0xFF,0x00,0x00,0x00,0x00,0x00,0x00,0x00,0x00,
    0x00,0x00,0x00,0x00,0x00,0x00,0x00,0x00,0x00,0x00,0x00,0x00,0x00,0x00,0x00,0x00,
    0xFF,0xFF,0x00,0x00,0x9A,0xA3,0x8E,0xB4,0x13,0xE7,0xD3,0xD6,0xD3,0xD6,0xB2,0xDE,
    0xB3,0xDE,0xD4,0xE6,0xD4,0xE6,0xD3,0xE6,0x14,0xE7,0x16,0xEF,0x11,0xC5,0x4D,0x93,
    0x00,0x00,0xFF,0xFF,0x00,0x00,0xEF,0x7B,0x00,0x00,0xB2,0x94,0x2F,0xAC,0x92,0xCD,
    0xB5,0xE6,0xF4,0xDE,0xD3,0xDE,0xB3,0xD6,0xB2,0xD6,0xB3,0xD6,0xD3,0xD6,0xD3,0xDE,
    0x51,0xCE,0xEE,0xB4,0x90,0xB4,0x00,0x00,0xEF,0x7B,0x00,0x00,0x00,0x00,0x00,0x00,
    0x00,0x00,0x00,0x00,0x00,0x00,0x00,0x00,0x00,0x00,0x00,0x00,0x00,0x00,0x00,0x00,
    0x00,0x00,0x00,0x00,0x00,0x00,0x00,0x00,0x00,0x00,0x00,0x00,0x00,0x00,0x00,0x00,
    0x00,0x00,0x00,0x00,0x00,0x00,0x00,0x00,0x00,0x00,0x00,0x00,0x00,0x00,0x00,0x00,
    0x00,0x00,0x00,0x00,0x00,0x00,0x00,0x00,0xDC,0xBE,0x1D,0xCF,0xDC,0xC6,0xDC,0xC6,
    0x3D,0xCF,0xFC,0xCE,0x00,0x00,0xFF,0xFF,0x00,0x00,0x00,0x00,0x00,0x00,0x00,0x00,
    0x00,0x00,0x00,0x00,0x00,0x00,0x00,0x00,0x00,0x00,0x00,0x00,0x00,0x00,0x00,0x00,
    0x00,0x00,0x00,0x78,0x5F,0xAD,0x4D,0xAC,0xB2,0xD6,0x92,0xD6,0x92,0xD6,0xB2,0xD6,
    0xB3,0xDE,0xD4,0xE6,0xD4,0xE6,0xB4,0xDE,0x93,0xDE,0xD3,0xDE,0xF5,0xE6,0x4E,0xAC,
    0xB1,0xB3,0xE0,0x7B,0xAA,0xAA,0x00,0x00,0xCC,0x82,0xD1,0xBC,0xB5,0xE6,0xD4,0xDE,
    0x92,0xD6,0x72,0xD6,0x72,0xD6,0x72,0xD6,0x72,0xD6,0x72,0xCE,0x72,0xCE,0x72,0xCE,
    0xB3,0xCE,0x92,0xD6,0x4E,0xA4,0x00,0x00,0x4A,0xAD,0x00,0x00,0x00,0x00,0x00,0x00,
    0x00,0x00,0x00,0x00,0x00,0x00,0x00,0x00,0x00,0x00,0x00,0x00,0x00,0x00,0x00,0x00,
    0x00,0x00,0x00,0x00,0x00,0x00,0x00,0x00,0x00,0x00,0x00,0x00,0x00,0x00,0x00,0x00,
    0x00,0x00,0x00,0x00,0x00,0x00,0x00,0x00,0x00,0x00,0x00,0x00,0x00,0x00,0x00,0x00,
    0x00,0x00,0x00,0x00,0x00,0x00,0x00,0x00,0xFC,0xC6,0x7E,0xD7,0xFC,0xC6,0x7E,0xD7,
    0xDC,0xC6,0x1C,0xD7,0xFF,0x07,0xFF,0xFF,0x00,0x00,0x00,0x00,0x00,0x00,0x00,0x00,
    0x00,0x00,0x00,0x00,0x00,0x00,0x00,0x00,0x00,0x00,0x00,0x00,0x00,0x00,0x00,0x00,
    0x00,0x00,0xEF,0xFB,0x00,0x00,0xEF,0xAB,0x0E,0xB5,0xD3,0xD6,0x72,0xCE,0x92,0xD6,
    0xB3,0xD6,0xB3,0xDE,0xB3,0xDE,0x93,0xD6,0x72,0xD6,0x93,0xDE,0xB3,0xD6,0xF1,0xCD,
    0xCC,0x9B,0x00,0x00,0xAA,0x52,0x6F,0x9B,0xB0,0xB4,0xF5,0xE6,0x92,0xD6,0x31,0xCE,
    0x31,0xCE,0x52,0xD6,0x92,0xD6,0x92,0xD6,0x92,0xD6,0x92,0xCE,0x72,0xCE,0x52,0xCE,
    0xB2,0xD6,0x0E,0xB5,0xEF,0xA3,0x00,0x00,0xEF,0xFB,0x00,0x00,0x00,0x00,0x00,0x00,
    0x00,0x00,0x00,0x00,0x00,0x00,0x00,0x00,0x00,0x00,0x00,0x00,0x00,0x00,0x00,0x00,
    0x00,0x00,0x00,0x00,0x00,0x00,0x00,0x00,0x00,0x00,0x00,0x00,0x00,0x00,0x00,0x00,
    0x00,0x00,0x00,0x00,0x00,0x00,0x00,0x00,0x00,0x00,0x00,0x00,0x00,0x00,0x00,0x00,
    0x00,0x00,0x00,0x00,0x00,0x00,0x00,0x00,0xFC,0xCE,0x1C,0xCF,0xFC,0xC6,0xFC,0xCE,
    0x3C,0xD7,0x00,0x00,0xFF,0xFF,0x00,0x00,0x00,0x00,0x00,0x00,0x00,0x00,0x00,0x00,
    0x00,0x00,0x00,0x00,0x00,0x00,0x00,0x00,0x00,0x00,0x00,0x00,0x00,0x00,0x00,0x00,
    0x00,0x00,0x00,0x00,0xEF,0x7B,0x00,0x00,0xED,0xA3,0x6F,0xBD,0xB2,0xD6,0x92,0xD6,
    0x92,0xD6,0x92,0xD6,0x92,0xD6,0x72,0xCE,0x72,0xCE,0x11,0xC6,0xF0,0xC5,0x71,0xCE,
    0xAD,0xA4,0xAF,0x9B,0x00,0x00,0x2E,0xAC,0xB4,0xE6,0x31,0xC6,0xB0,0xBD,0x11,0xC6,
    0x52,0xCE,0x72,0xCE,0x72,0xD6,0x72,0xCE,0x72,0xCE,0x72,0xD6,0x72,0xCE,0xD3,0xD6,
    0x10,0xCE,0xAC,0x9B,0x00,0x00,0xE0,0x7B,0x00,0x00,0x00,0x00,0x00,0x00,0x00,0x00,
    0x00,0x00,0x00,0x00,0x00,0x00,0x00,0x00,0x00,0x00,0x00,0x00,0x00,0x00,0x00,0x00,
    0x00,0x00,0x00,0x00,0x00,0x00,0x00,0x00,0x00,0x00,0x00,0x00,0x00,0x00,0x00,0x00,
    0x00,0x00,0x00,0x00,0x00,0x00,0x00,0x00,0x00,0x00,0x00,0x00,0x00,0x00,0x00,0x00,
    0x00,0x00,0x00,0x00,0x00,0x00,0x00,0x00,0x00,0x00,0xF7,0xBD,0x5D,0xD7,0x00,0x00,
    0x00,0x00,0xFF,0xFF,0x00,0x00,0x00,0x00,0x00,0x00,0x00,0x00,0x00,0x00,0x00,0x00,
    0x00,0x00,0x00,0x00,0x00,0x00,0x00,0x00,0x00,0x00,0x00,0x00,0x00,0x00,0x00,0x00,
    0x00,0x00,0x00,0x00,0x00,0x00,0xE0,0x7B,0x00,0x00,0xAC,0x9B,0xEE,0xB4,0x92,0xD6,
    0x92,0xCE,0x71,0xCE,0x31,0xC6,0x31,0xC6,0x31,0xC6,0xF0,0xBD,0x4E,0xAD,0x8F,0xB5,
    0xD1,0xC5,0xEE,0x93,0x2F,0xA4,0xB1,0xC5,0xD0,0xBD,0x2E,0xB5,0xD0,0xC5,0x52,0xCE,
    0x72,0xCE,0x72,0xCE,0x72,0xCE,0x72,0xCE,0x72,0xCE,0x72,0xD6,0xB2,0xD6,0x10,0xCE,
    0xEC,0x9B,0x3F,0xE6,0x00,0x00,0xFF,0xFF,0x00,0x00,0x00,0x00,0x00,0x00,0x00,0x00,
    0x00,0x00,0x00,0x00,0x00,0x00,0x00,0x00,0x00,0x00,0x00,0x00,0x00,0x00,0x00,0x00,
    0x00,0x00,0x00,0x00,0x00,0x00,0x00,0x00,0x00,0x00,0x00,0x00,0x00,0x00,0x00,0x00,
    0x00,0x00,0x00,0x00,0x00,0x00,0x00,0x00,0x00,0x00,0x00,0x00,0x00,0x00,0x00,0x00,
    0x00,0x00,0x00,0x00,0x00,0x00,0x00,0x00,0x55,0xAD,0x00,0x00,0x00,0x00,0xFF,0xFF,
    0xFF,0x7F,0x00,0x00,0x00,0x00,0x00,0x00,0x00,0x00,0x00,0x00,0x00,0x00,0x00,0x00,
    0x00,0x00,0x00,0x00,0x00,0x00,0x00,0x00,0x00,0x00,0x00,0x00,0x00,0x00,0x00,0x00,
    0x00,0x00,0x00,0x00,0x00,0x00,0x00,0x00,0x00,0x78,0x00,0x00,0xCF,0xA3,0x6D,0xA4,
    0x0E,0xAD,0xAF,0xBD,0x30,0xC6,0x30,0xC6,0x30,0xC6,0x10,0xBE,0x11,0xBE,0xB0,0xB5,
    0x11,0xC6,0xD0,0xB4,0xB0,0xAC,0xD0,0xBD,0xB0,0xB5,0x11,0xC6,0x11,0xC6,0x51,0xC6,
    0x72,0xCE,0x72,0xCE,0x92,0xD6,0x92,0xD6,0xB2,0xD6,0x92,0xD6,0x6F,0xBD,0x0D,0x9C,
    0xDF,0xCC,0x00,0x00,0xFF,0xFF,0x00,0x00,0x00,0x00,0x00,0x00,0x00,0x00,0x00,0x00,
    0x00,0x00,0x00,0x00,0x00,0x00,0x00,0x00,0x00,0x00,0x00,0x00,0x00,0x00,0x00,0x00,
    0x00,0x00,0x00,0x00,0x00,0x00,0x00,0x00,0x00,0x00,0x00,0x00,0x00,0x00,0x00,0x00,
    0x00,0x00,0x00,0x00,0x00,0x00,0x00,0x00,0x00,0x00,0x00,0x00,0x00,0x00,0x00,0x00,
    0x00,0x00,0x00,0x00,0x00,0x00,0x00,0x00,0x00,0x00,0xFF,0xFF,0xFF,0xFF,0x00,0x00,
    0x00,0x00,0x00,0x00,0x00,0x00,0x00,0x00,0x00,0x00,0x00,0x00,0x00,0x00,0x00,0x00,
    0x00,0x00,0x00,0x00,0x00,0x00,0x00,0x00,0x00,0x00,0x00,0x00,0x00,0x00,0x00,0x00,
    0x00,0x00,0x00,0x00,0x00,0x00,0x00,0x00,0x00,0x00,0xE7,0x7B,0x00,0x00,0xFF,0xFF,
    0x8D,0x9B,0xCC,0x93,0x6E,0xA4,0xAF,0xA4,0x2C,0x94,0xA9,0x83,0xAA,0x83,0x8A,0x83,
    0x0B,0x8C,0x6D,0x9C,0xAD,0xA4,0x8C,0x9C,0x8C,0x9C,0xED,0xA4,0x2E,0xAD,0x8F,0xB5,
    0xCF,0xBD,0xF0,0xBD,0xCF,0xBD,0x6E,0xB5,0xEE,0xAC,0x4D,0xA4,0xEF,0xA3,0x00,0x00,
    0xE0,0x07,0xFF,0xFF,0x00,0x00,0x00,0x00,0x00,0x00,0x00,0x00,0x00,0x00,0x00,0x00,
    0x00,0x00,0x00,0x00,0x00,0x00,0x00,0x00,0x00,0x00,0x00,0x00,0x00,0x00,0x00,0x00,
    0x00,0x00,0x00,0x00,0x00,0x00,0x00,0x00,0x00,0x00,0x00,0x00,0x00,0x00,0x00,0x00,
    0x00,0x00,0x00,0x00,0x00,0x00,0x00,0x00,0x00,0x00,0x00,0x00,0x00,0x00,0x00,0x00,
    0x00,0x00,0x00,0x00,0x00,0x00,0x00,0x00,0x00,0x00,0x00,0x00,0x00,0x00,0x00,0x00,
    0x00,0x00,0x00,0x00,0x00,0x00,0x00,0x00,0x00,0x00,0x00,0x00,0x00,0x00,0x00,0x00,
    0x00,0x00,0x00,0x00,0x00,0x00,0x00,0x00,0x00,0x00,0x00,0x00,0x00,0x00,0x00,0x00,
    0x00,0x00,0x00,0x00,0x00,0x00,0xFF,0xFF,0xAA,0xAA,0x00,0x00,0x00,0x00,0x00,0x00,
    0x52,0xAD,0x91,0xB4,0x33,0xBD,0xF2,0xB4,0x90,0xB4,0x90,0xAC,0xD0,0xB4,0x52,0xC5,
    0x8E,0xA4,0xA9,0x7B,0x2B,0x8C,0xAF,0xAC,0x72,0xCD,0x51,0xBD,0x10,0xB5,0xCF,0xAC,
    0xAF,0xAC,0x2D,0xA4,0x0D,0x9C,0x12,0xB5,0xD3,0xB4,0x00,0x00,0x00,0x00,0x00,0x00,
    0x00,0x00,0xAA,0xAA,0x00,0x00,0x00,0x00,0x00,0x00,0x00,0x00,0x00,0x00,0x00,0x00,
    0x00,0x00,0x00,0x00,0x00,0x00,0x00,0x00,0x00,0x00,0x00,0x00,0x00,0x00,0x00,0x00,
    0x00,0x00,0x00,0x00,0x00,0x00,0x00,0x00,0x00,0x00,0x00,0x00,0x00,0x00,0x00,0x00,
    0x00,0x00,0x00,0x00,0x00,0x00,0x00,0x00,0x00,0x00,0x00,0x00,0x00,0x00,0x00,0x00,
    0x00,0x00,0x00,0x00,0x00,0x00,0x00,0x00,0x00,0x00,0x00,0x00,0x00,0x00,0x00,0x00,
    0x00,0x00,0x00,0x00,0x00,0x00,0x00,0x00,0x00,0x00,0x00,0x00,0x00,0x00,0x00,0x00,
    0x00,0x00,0x00,0x00,0x00,0x00,0x00,0x00,0x00,0x00,0x00,0x00,0x00,0x00,0x00,0x00,
    0x00,0x00,0x00,0x00,0xAA,0xAA,0x00,0x00,0x00,0x00,0xCF,0x93,0x10,0xB5,0x71,0xC5,
    0xB2,0xCD,0x76,0xE6,0x18,0xF7,0x95,0xE6,0x95,0xE6,0xD7,0xE6,0xD7,0xE6,0xB6,0xDE,
    0xF3,0xC5,0x0B,0x8C,0x2D,0x94,0xD3,0xC5,0x14,0xCE,0x35,0xCE,0x34,0xCE,0x14,0xCE,
    0xF3,0xC5,0x14,0xCE,0x35,0xD6,0x76,0xDE,0xB3,0xCD,0xD0,0xAC,0x8F,0xAC,0x2F,0x9C,
    0x00,0x00,0x00,0x00,0x00,0x00,0xEF,0x7B,0x00,0x00,0x00,0x00,0x00,0x00,0x00,0x00,
    0x00,0x00,0x00,0x00,0x00,0x00,0x00,0x00,0x00,0x00,0x00,0x00,0x00,0x00,0x00,0x00,
    0x00,0x00,0x00,0x00,0x00,0x00,0x00,0x00,0x00,0x00,0x00,0x00,0x00,0x00,0x00,0x00,
    0x00,0x00,0x00,0x00,0x00,0x00,0x00,0x00,0x00,0x00,0x00,0x00,0x00,0x00,0x00,0x00,
    0x00,0x00,0x00,0x00,0x00,0x00,0x00,0x00,0x00,0x00,0x00,0x00,0x00,0x00,0x00,0x00,
    0x00,0x00,0x00,0x00,0x00,0x00,0x00,0x00,0x00,0x00,0x00,0x00,0x00,0x00,0x00,0x00,
    0x00,0x00,0x00,0x00,0x00,0x00,0x00,0x00,0x00,0x00,0x00,0x00,0x00,0x00,0x00,0x00,
    0xEF,0x7B,0x00,0xF8,0x00,0x00,0x2F,0xA4,0x0D,0xA4,0x32,0xBD,0xF8,0xEE,0x79,0xFF,
    0x38,0xEF,0xF7,0xE6,0xD6,0xE6,0x95,0xDE,0x75,0xDE,0x34,0xD6,0x34,0xCE,0x14,0xCE,
    0xD3,0xBD,0x4C,0x94,0xEF,0xA4,0xB2,0xC5,0x92,0xBD,0xB2,0xC5,0xB2,0xC5,0x92,0xBD,
    0x92,0xBD,0xD2,0xC5,0xF3,0xC5,0x13,0xC6,0x14,0xCE,0x55,0xD6,0x34,0xD6,0x31,0xB5,
    0x6E,0xA4,0x8F,0xA4,0x00,0x00,0x00,0x00,0xA0,0x52,0x00,0x00,0x00,0x00,0x00,0x00,
    0x00,0x00,0x00,0x00,0x00,0x00,0x00,0x00,0x00,0x00,0x00,0x00,0x00,0x00,0x00,0x00,
    0x00,0x00,0x00,0x00,0x00,0x00,0x00,0x00,0x00,0x00,0x00,0x00,0x00,0x00,0x00,0x00,
    0x00,0x00,0x00,0x00,0x00,0x00,0x00,0x00,0x00,0x00,0x00,0x00,0x00,0x00,0x00,0x00,
    0x00,0x00,0x00,0x00,0x00,0x00,0x00,0x00,0x00,0x00,0x00,0x00,0x00,0x00,0x00,0x00,
    0x00,0x00,0x00,0x00,0x00,0x00,0x00,0x00,0x00,0x00,0x00,0x00,0x00,0x00,0x00,0x00,
    0x00,0x00,0x00,0x00,0x00,0x00,0x00,0x00,0x00,0x00,0x00,0x00,0x00,0x00,0x55,0xAD,
    0x00,0x00,0x00,0x00,0x90,0xA4,0x52,0xBD,0x18,0xF7,0xDB,0xFF,0x59,0xF7,0xF7,0xE6,
    0x95,0xDE,0x95,0xDE,0xB6,0xDE,0xB6,0xDE,0xB6,0xDE,0x54,0xD6,0x34,0xCE,0x54,0xD6,
    0x34,0xCE,0xD3,0xC5,0x14,0xCE,0x34,0xCE,0x75,0xDE,0x95,0xDE,0x75,0xDE,0x75,0xDE,
    0x55,0xD6,0x14,0xCE,0x14,0xCE,0x55,0xD6,0x75,0xD6,0x54,0xD6,0x54,0xD6,0x75,0xD6,
    0xB6,0xDE,0x14,0xD6,0x8F,0xAC,0x6C,0x8B,0x00,0x00,0x00,0x00,0xFF,0xFF,0x00,0x00,
    0x00,0x00,0x00,0x00,0x00,0x00,0x00,0x00,0x00,0x00,0x00,0x00,0x00,0x00,0x00,0x00,
    0x00,0x00,0x00,0x00,0x00,0x00,0x00,0x00,0x00,0x00,0x00,0x00,0x00,0x00,0x00,0x00,
    0x00,0x00,0x00,0x00,0x00,0x00,0x00,0x00,0x00,0x00,0x00,0x00,0x00,0x00,0x00,0x00,
    0x00,0x00,0x00,0x00,0x00,0x00,0x00,0x00,0x00,0x00,0x00,0x00,0x00,0x00,0x00,0x00,
    0x00,0x00,0x00,0x00,0x00,0x00,0x00,0x00,0x00,0x00,0x00,0x00,0x00,0x00,0x00,0x00,
    0x00,0x00,0x00,0x00,0x00,0x00,0x00,0x00,0x00,0x00,0xFF,0xFF,0xAA,0xAA,0x00,0x00,
    0xAD,0x93,0x31,0xBD,0x18,0xEF,0xDB,0xFF,0x79,0xF7,0xD6,0xE6,0xD6,0xE6,0xD6,0xE6,
    0xD6,0xDE,0xD6,0xE6,0xD6,0xE6,0xD6,0xE6,0xD6,0xE6,0xB6,0xDE,0xB6,0xDE,0xB6,0xDE,
    0xB6,0xDE,0xD6,0xE6,0xD6,0xDE,0x96,0xDE,0x75,0xD6,0xB5,0xDE,0x96,0xDE,0xB6,0xDE,
    0xD6,0xDE,0xD6,0xDE,0x95,0xDE,0x54,0xD6,0x54,0xD6,0x96,0xDE,0x96,0xDE,0x75,0xD6,
    0x75,0xD6,0xD6,0xDE,0xB6,0xE6,0xF0,0xB4,0xAC,0x93,0x00,0x00,0x00,0x00,0xEF,0x7B,
    0x00,0x00,0x00,0x00,0x00,0x00,0x00,0x00,0x00,0x00,0x00,0x00,0x00,0x00,0x00,0x00,
    0x00,0x00,0x00,0x00,0x00,0x00,0x00,0x00,0x00,0x00,0x00,0x00,0x00,0x00,0x00,0x00,
    0x00,0x00,0x00,0x00,0x00,0x00,0x00,0x00,0x00,0x00,0x00,0x00,0x00,0x00,0x00,0x00,
    0x00,0x00,0x00,0x00,0x00,0x00,0x00,0x00,0x00,0x00,0x00,0x00,0x00,0x00,0x00,0x00,
    0x00,0x00,0x00,0x00,0x00,0x00,0x00,0x00,0x00,0x00,0x00,0x00,0x00,0x00,0x00,0x00,
    0x00,0x00,0x00,0x00,0x00,0x00,0x00,0x00,0xFF,0xFF,0xE0,0xFF,0x00,0x00,0xD3,0xC5,
    0xF4,0xCD,0xBA,0xFF,0x79,0xF7,0xF7,0xE6,0xF7,0xE6,0xF7,0xE6,0xF7,0xE6,0xF6,0xE6,
    0xF7,0xE6,0x95,0xDE,0xF3,0xCD,0xD2,0xC5,0x14,0xCE,0x95,0xDE,0xB6,0xDE,0xD6,0xDE,
    0xD6,0xDE,0xB6,0xDE,0xD6,0xDE,0xD7,0xE6,0xB6,0xDE,0x95,0xDE,0xB6,0xDE,0xB6,0xDE,
    0xB6,0xDE,0xB6,0xDE,0xB6,0xDE,0xB6,0xDE,0x75,0xDE,0x54,0xD6,0x96,0xDE,0xB6,0xDE,
    0xB6,0xDE,0x95,0xDE,0x95,0xD6,0x17,0xE7,0x75,0xDE,0x6E,0xA4,0x14,0xA5,0x00,0x00,
    0xEF,0x7B,0x00,0x00,0x00,0x00,0x00,0x00,0x00,0x00,0x00,0x00,0x00,0x00,0x00,0x00,
    0x00,0x00,0x00,0x00,0x00,0x00,0x00,0x00,0x00,0x00,0x00,0x00,0x00,0x00,0x00,0x00,
    0x00,0x00,0x00,0x00,0x00,0x00,0x00,0x00,0x00,0x00,0x00,0x00,0x00,0x00,0x00,0x00,
    0x00,0x00,0x00,0x00,0x00,0x00,0x00,0x00,0x00,0x00,0x00,0x00,0x00,0x00,0x00,0x00,
    0x00,0x00,0x00,0x00,0x00,0x00,0x00,0x00,0x00,0x00,0x00,0x00,0x00,0x00,0x00,0x00,
    0x00,0x00,0x00,0x00,0x00,0x00,0xFF,0xFF,0xEF,0xFF,0xFF,0xFF,0x51,0xB5,0x18,0xEF,
    0xFC,0xFF,0x59,0xF7,0xD6,0xE6,0xF7,0xE6,0xF7,0xE6,0xF7,0xE6,0xF7,0xE6,0xD6,0xE6,
    0x13,0xCE,0x92,0xBD,0x91,0xBD,0xB2,0xC5,0xD2,0xC5,0x75,0xD6,0xB6,0xDE,0xB6,0xDE,
    0xD6,0xDE,0xB6,0xDE,0x75,0xD6,0x75,0xD6,0xB6,0xDE,0xD6,0xE6,0xB6,0xDE,0xB6,0xDE,
    0xB6,0xDE,0xB6,0xDE,0xB6,0xDE,0xB6,0xDE,0xB6,0xDE,0xB6,0xDE,0x75,0xD6,0xB6,0xDE,
    0xB6,0xDE,0xB6,0xDE,0xB6,0xDE,0x75,0xD6,0x59,0xF7,0x59,0xF7,0xAF,0xA4,0x2C,0x7B,
    0x00,0x00,0xEF,0x7B,0x00,0x00,0x00,0x00,0x00,0x00,0x00,0x00,0x00,0x00,0x00,0x00,
    0x00,0x00,0x00,0x00,0x00,0x00,0x00,0x00,0x00,0x00,0x00,0x00,0x00,0x00,0x00,0x00,
    0x00,0x00,0x00,0x00,0x00,0x00,0x00,0x00,0x00,0x00,0x00,0x00,0x00,0x00,0x00,0x00,
    0x00,0x00,0x00,0x00,0x00,0x00,0x00,0x00,0x00,0x00,0x00,0x00,0x00,0x00,0x00,0x00,
    0x00,0x00,0x00,0x00,0x00,0x00,0x00,0x00,0x00,0x00,0x00,0x00,0x00,0x00,0x00,0x00,
    0x00,0x00,0x00,0x00,0xFF,0xFF,0xAA,0x52,0x00,0x00,0x8F,0xAC,0xD7,0xEE,0xDB,0xFF,
    0x38,0xEF,0xF7,0xE6,0xF7,0xE6,0xF7,0xE6,0xF7,0xE6,0xF7,0xE6,0xD6,0xE6,0xF3,0xC5,
    0xF3,0xC5,0x75,0xD6,0xD7,0xE6,0xD6,0xE6,0xB6,0xDE,0xB6,0xDE,0xB6,0xDE,0xB6,0xDE,
    0xD6,0xDE,0xB6,0xDE,0x74,0xD6,0x34,0xCE,0x13,0xCE,0x55,0xD6,0xD7,0xE6,0xB6,0xDE,
    0xB6,0xDE,0xB6,0xDE,0xB6,0xDE,0xB6,0xDE,0xB6,0xDE,0xB6,0xDE,0xB6,0xDE,0x95,0xDE,
    0xB6,0xDE,0xB6,0xDE,0xB6,0xDE,0xB6,0xDE,0xD7,0xE6,0x9A,0xFF,0x38,0xF7,0x4D,0xA4,
    0xCB,0x7A,0x00,0x00,0xEF,0x7B,0x00,0x00,0x00,0x00,0x00,0x00,0x00,0x00,0x00,0x00,
    0x00,0x00,0x00,0x00,0x00,0x00,0x00,0x00,0x00,0x00,0x00,0x00,0x00,0x00,0x00,0x00,
    0x00,0x00,0x00,0x00,0x00,0x00,0x00,0x00,0x00,0x00,0x00,0x00,0x00,0x00,0x00,0x00,
    0x00,0x00,0x00,0x00,0x00,0x00,0x00,0x00,0x00,0x00,0x00,0x00,0x00,0x00,0x00,0x00,
    0x00,0x00,0x00,0x00,0x00,0x00,0x00,0x00,0x00,0x00,0x00,0x00,0x00,0x00,0x00,0x00,
    0x00,0x00,0x00,0x00,0x55,0xAD,0x00,0x00,0xD3,0xC5,0x38,0xF7,0xDB,0xFF,0x7A,0xFF,
    0x17,0xEF,0xF7,0xE6,0xF7,0xE6,0xF7,0xE6,0xF7,0xE6,0xF7,0xE6,0x55,0xD6,0x95,0xDE,
    0xF7,0xE6,0x17,0xEF,0xF7,0xE6,0xD6,0xE6,0xD6,0xE6,0xD6,0xE6,0xD6,0xDE,0xD7,0xE6,
    0xD6,0xE6,0xB6,0xDE,0xB6,0xDE,0xB6,0xDE,0x75,0xD6,0xD3,0xC5,0x13,0xD6,0xD6,0xE6,
    0xB6,0xDE,0xB6,0xDE,0xB6,0xDE,0xB6,0xDE,0xB6,0xDE,0xB6,0xDE,0xB6,0xDE,0xB6,0xDE,
    0x95,0xDE,0xB6,0xDE,0xB6,0xDE,0xB6,0xDE,0xF7,0xEE,0x59,0xF7,0x99,0xFF,0x38,0xF7,
    0xF0,0xAC,0xFF,0xFF,0x00,0x00,0xFF,0xFF,0x00,0x00,0x00,0x00,0x00,0x00,0x00,0x00,
    0x00,0x00,0x00,0x00,0x00,0x00,0x00,0x00,0x00,0x00,0x00,0x00,0x00,0x00,0x00,0x00,
    0x00,0x00,0x00,0x00,0x00,0x00,0x00,0x00,0x00,0x00,0x00,0x00,0x00,0x00,0x00,0x00,
    0x00,0x00,0x00,0x00,0x00,0x00,0x00,0x00,0x00,0x00,0x00,0x00,0x00,0x00,0x00,0x00,
    0x00,0x00,0x00,0x00,0x00,0x00,0x00,0x00,0x00,0x00,0x00,0x00,0x00,0x00,0x00,0x00,
    0x00,0x00,0x4A,0xAD,0x00,0x00,0xF0,0xB4,0x38,0xF7,0xDC,0xFF,0x7A,0xFF,0x59,0xFF,
    0xF7,0xEE,0xF7,0xE6,0xF7,0xE6,0xF7,0xE6,0xF7,0xE6,0xD6,0xE6,0xF7,0xE6,0xF6,0xE6,
    0x17,0xE7,0xF7,0xE6,0xF7,0xE6,0xF7,0xE6,0xF7,0xE6,0xD7,0xE6,0xD6,0xE6,0xD6,0xE6,
    0xD6,0xDE,0xD6,0xDE,0xB6,0xDE,0xB6,0xDE,0xD6,0xE6,0xB6,0xDE,0x13,0xCE,0x54,0xDE,
    0xD6,0xE6,0xB6,0xDE,0xB6,0xDE,0xB6,0xDE,0xB6,0xDE,0xB6,0xDE,0xB6,0xDE,0xB6,0xDE,
    0xB5,0xDE,0xB5,0xDE,0xB6,0xDE,0xB6,0xE6,0xF7,0xEE,0x38,0xF7,0x59,0xF7,0x9A,0xFF,
    0x58,0xF7,0x0F,0xAD,0xEF,0x7B,0xEF,0x7B,0x00,0x00,0x00,0x00,0x00,0x00,0x00,0x00,
    0x00,0x00,0x00,0x00,0x00,0x00,0x00,0x00,0x00,0x00,0x00,0x00,0x00,0x00,0x00,0x00,
    0x00,0x00,0x00,0x00,0x00,0x00,0x00,0x00,0x00,0x00,0x00,0x00,0x00,0x00,0x00,0x00,
    0x00,0x00,0x00,0x00,0x00,0x00,0x00,0x00,0x00,0x00,0x00,0x00,0x00,0x00,0x00,0x00,
    0x00,0x00,0x00,0x00,0x00,0x00,0x00,0x00,0x00,0x00,0x00,0x00,0x00,0x00,0x00,0x00,
    0xEF,0xFB,0x00,0x00,0xED,0xA3,0x14,0xD6,0xDC,0xFF,0x9A,0xFF,0x9A,0xFF,0x7A,0xFF,
    0xF7,0xE6,0xF7,0xE6,0xF7,0xE6,0xF7,0xE6,0xF6,0xE6,0xF7,0xE6,0xD6,0xE6,0xF7,0xE6,
    0x17,0xE7,0xF7,0xE6,0xF7,0xE6,0xF6,0xE6,0xF7,0xE6,0xD7,0xE6,0xF7,0xE6,0xD6,0xE6,
    0xD6,0xE6,0xD6,0xDE,0xD6,0xDE,0xD6,0xDE,0xB6,0xDE,0xD6,0xE6,0xD6,0xE6,0x75,0xDE,
    0xD6,0xE6,0xB6,0xDE,0xB6,0xDE,0xB6,0xDE,0xB6,0xDE,0xB6,0xDE,0xB6,0xDE,0xB6,0xDE,
    0xB6,0xDE,0xD6,0xE6,0xB6,0xE6,0x38,0xF7,0x59,0xF7,0x18,0xEF,0x7A,0xFF,0x38,0xEF,
    0x59,0xF7,0x14,0xD6,0xE4,0x59,0x00,0x00,0x00,0x00,0x00,0x00,0x00,0x00,0x00,0x00,
    0x00,0x00,0x00,0x00,0x00,0x00,0x00,0x00,0x00,0x00,0x00,0x00,0x00,0x00,0x00,0x00,
    0x00,0x00,0x00,0x00,0x00,0x00,0x00,0x00,0x00,0x00,0x00,0x00,0x00,0x00,0x00,0x00,
    0x00,0x00,0x00,0x00,0x00,0x00,0x00,0x00,0x00,0x00,0x00,0x00,0x00,0x00,0x00,0x00,
    0x00,0x00,0x00,0x00,0x00,0x00,0x00,0x00,0x00,0x00,0x00,0x00,0x00,0x00,0xEF,0x7B,
    0xEF,0x7B,0xEE,0x9B,0x72,0xC5,0xDB,0xFF,0x9A,0xFF,0x9A,0xFF,0x9A,0xFF,0x59,0xF7,
    0xF7,0xE6,0xF7,0xE6,0xF7,0xE6,0xF7,0xE6,0xF7,0xE6,0xF7,0xE6,0xD6,0xE6,0xF7,0xE6,
    0xF7,0xE6,0xF7,0xE6,0xF7,0xE6,0xF6,0xE6,0xF7,0xE6,0xF6,0xE6,0xF6,0xE6,0xD6,0xE6,
    0xD6,0xE6,0xD6,0xE6,0xD6,0xDE,0xB6,0xDE,0xB6,0xDE,0xD6,0xE6,0xD6,0xE6,0xD6,0xE6,
    0x95,0xDE,0xB6,0xDE,0xB6,0xDE,0xB6,0xDE,0xB6,0xDE,0xB6,0xDE,0xB6,0xDE,0xB6,0xDE,
    0xD7,0xE6,0x38,0xF7,0xD6,0xE6,0x38,0xF7,0x59,0xF7,0x38,0xF7,0x18,0xEF,0xD7,0xE6,
    0xB6,0xDE,0xF7,0xE6,0x9B,0xFF,0x00,0x00,0x00,0x00,0x00,0x00,0x00,0x00,0x00,0x00,
    0x00,0x00,0x00,0x00,0x00,0x00,0x00,0x00,0x00,0x00,0x00,0x00,0x00,0x00,0x00,0x00,
    0x00,0x00,0x00,0x00,0x00,0x00,0x00,0x00,0x00,0x00,0x00,0x00,0x00,0x00,0x00,0x00,
    0x00,0x00,0x00,0x00,0x00,0x00,0x00,0x00,0x00,0x00,0x00,0x00,0x00,0x00,0x00,0x00,
    0x00,0x00,0x00,0x00,0x00,0x00,0x00,0x00,0x00,0x00,0x00,0x00,0x00,0x00,0x55,0xAD,
    0x00,0x00,0x14,0xD6,0x9A,0xFF,0xBA,0xFF,0x79,0xF7,0x7A,0xFF,0x79,0xFF,0x38,0xF7,
    0x38,0xF7,0x17,0xEF,0xD6,0xE6,0xF6,0xE6,0xF7,0xE6,0xB5,0xDE,0xF6,0xE6,0xF7,0xE6,
    0xF7,0xE6,0xF7,0xE6,0xF7,0xE6,0xF7,0xE6,0xF7,0xE6,0xF6,0xE6,0xD6,0xE6,0xF7,0xE6,
    0xD6,0xE6,0xD6,0xE6,0xD6,0xE6,0xD6,0xE6,0xD6,0xE6,0xD6,0xE6,0xD6,0xE6,0xD6,0xE6,
    0xB5,0xDE,0x54,0xDE,0xD6,0xE6,0xB6,0xDE,0xB6,0xDE,0xB5,0xDE,0xD6,0xE6,0x18,0xEF,
    0x18,0xEF,0x59,0xF7,0x18,0xEF,0xD6,0xE6,0x59,0xF7,0x38,0xF7,0xB6,0xDE,0xB6,0xDE,
    0xD6,0xE6,0x96,0xDE,0xD6,0xDE,0x00,0x00,0x00,0x00,0x00,0x00,0x00,0x00,0x00,0x00,
    0x00,0x00,0x00,0x00,0x00,0x00,0x00,0x00,0x00,0x00,0x00,0x00,0x00,0x00,0x00,0x00,
    0x00,0x00,0x00,0x00,0x00,0x00,0x00,0x00,0x00,0x00,0x00,0x00,0x00,0x00,0x00,0x00,
    0x00,0x00,0x00,0x00,0x00,0x00,0x00,0x00,0x00,0x00,0x00,0x00,0x00,0x00,0x00,0x00,
    0x00,0x00,0x00,0x00,0x00,0x00,0x00,0x00,0x00,0x00,0x00,0x00,0xFF,0xFF,0x00,0x00,
    0x71,0xB5,0xD7,0xE6,0xDC,0xFF,0x7A,0xF7,0x59,0xF7,0x7A,0xFF,0x59,0xF7,0x58,0xF7,
    0x59,0xF7,0x17,0xEF,0xD6,0xE6,0xF7,0xE6,0xD6,0xE6,0x96,0xDE,0xF7,0xE6,0xF7,0xE6,
    0xF7,0xE6,0xF7,0xE6,0xF7,0xE6,0xF7,0xE6,0xF6,0xE6,0xF6,0xE6,0xF6,0xE6,0xF6,0xE6,
    0xF6,0xE6,0xD6,0xE6,0xD6,0xE6,0xD6,0xE6,0xD6,0xE6,0xD6,0xE6,0xD6,0xE6,0xB6,0xDE,
    0xB6,0xDE,0x54,0xDE,0xB6,0xE6,0x18,0xEF,0xF7,0xEE,0xF7,0xE6,0xF7,0xEE,0x58,0xF7,
    0x18,0xEF,0x38,0xEF,0x7A,0xF7,0xB6,0xE6,0xD6,0xE6,0xD6,0xE6,0xB6,0xDE,0xB6,0xDE,
    0xD7,0xE6,0xB6,0xDE,0xD6,0xDE,0x00,0x00,0x00,0x00,0x00,0x00,0x00,0x00,0x00,0x00,
    0x00,0x00,0x00,0x00,0x00,0x00,0x00,0x00,0x00,0x00,0x00,0x00,0x00,0x00,0x00,0x00,
    0x00,0x00,0x00,0x00,0x00,0x00,0x00,0x00,0x00,0x00,0x00,0x00,0x00,0x00,0x00,0x00,
    0x00,0x00,0x00,0x00,0x00,0x00,0x00,0x00,0x00,0x00,0x00,0x00,0x00,0x00,0x00,0x00,
    0x00,0x00,0x00,0x00,0x00,0x00,0x00,0x00,0x00,0x00,0x00,0x00,0xFF,0xFF,0xFF,0xAF,
    0xF3,0xCD,0xBB,0xFF,0x7A,0xFF,0xF7,0xEE,0x38,0xEF,0x38,0xF7,0x59,0xF7,0x59,0xF7,
    0x58,0xF7,0xF6,0xE6,0x39,0xF7,0x18,0xEF,0xB6,0xDE,0xF7,0xE6,0xF7,0xE6,0xF6,0xE6,
    0xF6,0xE6,0xF7,0xE6,0xF6,0xE6,0xF7,0xE6,0xF6,0xE6,0xF6,0xE6,0xF7,0xE6,0xF7,0xE6,
    0xF6,0xE6,0xD6,0xE6,0xD6,0xE6,0xD6,0xE6,0xD6,0xE6,0xD6,0xE6,0xD6,0xE6,0xB6,0xDE,
    0xF7,0xE6,0xF7,0xEE,0x54,0xDE,0x18,0xEF,0x38,0xF7,0x38,0xF7,0x17,0xEF,0x18,0xEF,
    0x38,0xEF,0xF7,0xE6,0x17,0xEF,0xF7,0xE6,0x95,0xDE,0xD6,0xDE,0xD6,0xDE,0xB6,0xDE,
    0xD6,0xE6,0xB6,0xDE,0xD6,0xDE,0x00,0x00,0x00,0x00,0x00,0x00,0x00,0x00,0x00,0x00,
    0x00,0x00,0x00,0x00,0x00,0x00,0x00,0x00,0x00,0x00,0x00,0x00,0x00,0x00,0x00,0x00,
    0x00,0x00,0x00,0x00,0x00,0x00,0x00,0x00,0x00,0x00,0x00,0x00,0x00,0x00,0x00,0x00,
    0x00,0x00,0x00,0x00,0x00,0x00,0x00,0x00,0x00,0x00,0x00,0x00,0x00,0x00,0x00,0x00,
    0x00,0x00,0x00,0x00,0x00,0x00,0x00,0x00,0x00,0x00,0x55,0xAD,0x00,0x00,0x35,0xCE,
    0x38,0xF7,0xBB,0xFF,0xF7,0xE6,0xD6,0xE6,0xF7,0xE6,0xF7,0xEE,0x18,0xEF,0x79,0xF7,
    0x18,0xEF,0x18,0xEF,0x59,0xF7,0x38,0xF7,0x54,0xD6,0x17,0xEF,0x38,0xEF,0x17,0xEF,
    0xF7,0xE6,0xF7,0xE6,0xF6,0xE6,0xF7,0xE6,0xF7,0xE6,0xF7,0xE6,0xF7,0xE6,0xF7,0xE6,
    0xF6,0xE6,0xB6,0xE6,0xB6,0xE6,0xF6,0xE6,0xD6,0xE6,0xD6,0xE6,0xD6,0xE6,0x18,0xEF,
    0x38,0xF7,0x59,0xF7,0x54,0xDE,0xB5,0xE6,0x38,0xF7,0x38,0xF7,0x18,0xEF,0xF7,0xE6,
    0xF7,0xEE,0xB5,0xDE,0xB5,0xDE,0xD7,0xE6,0x95,0xDE,0xB6,0xDE,0xD6,0xE6,0xB6,0xDE,
    0xD6,0xE6,0xB6,0xDE,0x76,0xD6,0x00,0x00,0x00,0x00,0x00,0x00,0x00,0x00,0x00,0x00,
    0x00,0x00,0x00,0x00,0x00,0x00,0x00,0x00,0x00,0x00,0x00,0x00,0x00,0x00,0x00,0x00,
    0x00,0x00,0x00,0x00,0x00,0x00,0x00,0x00,0x00,0x00,0x00,0x00,0x00,0x00,0x00,0x00,
    0x00,0x00,0x00,0x00,0x00,0x00,0x00,0x00,0x00,0x00,0x00,0x00,0x00,0x00,0x00,0x00,
    0x00,0x00,0x00,0x00,0x00,0x00,0x00,0x00,0x00,0x00,0xE0,0xFF,0x00,0x00,0x72,0xC5,
    0xDB,0xFF,0x38,0xF7,0xD6,0xE6,0xF7,0xE6,0xF7,0xE6,0xF7,0xE6,0xF7,0xEE,0x38,0xEF,
    0xF7,0xE6,0x38,0xF7,0x59,0xF7,0x95,0xDE,0x14,0xD6,0x58,0xF7,0x59,0xF7,0x38,0xEF,
    0x38,0xEF,0x17,0xEF,0xF7,0xE6,0xF6,0xE6,0xF7,0xE6,0xF7,0xE6,0xF7,0xE6,0xF6,0xE6,
    0xF6,0xE6,0xB5,0xE6,0xD6,0xE6,0x38,0xEF,0xF7,0xEE,0x17,0xEF,0xF7,0xEE,0x38,0xF7,
    0x38,0xF7,0x59,0xF7,0xD7,0xE6,0x54,0xD6,0x17,0xEF,0xF7,0xE6,0xD7,0xE6,0xB6,0xDE,
    0xB6,0xDE,0xB6,0xDE,0xB6,0xDE,0xD6,0xDE,0x75,0xDE,0x54,0xD6,0xD6,0xE6,0xB6,0xDE,
    0xD6,0xDE,0x17,0xE7,0x96,0xDE,0x00,0x00,0x00,0x00,0x00,0x00,0x00,0x00,0x00,0x00,
    0x00,0x00,0x00,0x00,0x00,0x00,0x00,0x00,0x00,0x00,0x00,0x00,0x00,0x00,0x00,0x00,
    0x00,0x00,0x00,0x00,0x00,0x00,0x00,0x00,0x00,0x00,0x00,0x00,0x00,0x00,0x00,0x00,
    0x00,0x00,0x00,0x00,0x00,0x00,0x00,0x00,0x00,0x00,0x00,0x00,0x00,0x00,0x00,0x00,
    0x00,0x00,0x00,0x00,0x00,0x00,0x00,0x00,0x4A,0xAD,0x00,0x00,0xCF,0xAC,0x96,0xDE,
    0x9A,0xFF,0xD6,0xE6,0xD6,0xE6,0xF7,0xE6,0xF7,0xE6,0xF7,0xE6,0xF7,0xE6,0xD6,0xE6,
    0xB6,0xE6,0xF7,0xE6,0x38,0xEF,0x33,0xCE,0x96,0xDE,0x59,0xF7,0x59,0xF7,0x38,0xEF,
    0x38,0xF7,0x38,0xF7,0x59,0xF7,0x38,0xEF,0x18,0xEF,0x38,0xEF,0xF6,0xEE,0x38,0xEF,
    0x58,0xF7,0x95,0xDE,0x95,0xDE,0x58,0xF7,0x17,0xEF,0x18,0xEF,0x38,0xEF,0x17,0xEF,
    0x38,0xF7,0xF7,0xEE,0xD7,0xE6,0x54,0xD6,0xB6,0xDE,0xB6,0xDE,0xB6,0xDE,0xD6,0xE6,
    0xD6,0xDE,0xD6,0xDE,0xB6,0xDE,0xB6,0xDE,0xB5,0xDE,0xF2,0xCD,0xB5,0xDE,0xD6,0xDE,
    0xD6,0xDE,0x17,0xE7,0xB6,0xDE,0x00,0x00,0x00,0x00,0x00,0x00,0x00,0x00,0x00,0x00,
    0x00,0x00,0x00,0x00,0x00,0x00,0x00,0x00,0x00,0x00,0x00,0x00,0x00,0x00,0x00,0x00,
    0x00,0x00,0x00,0x00,0x00,0x00,0x00,0x00,0x00,0x00,0x00,0x00,0x00,0x00,0x00,0x00,
    0x00,0x00,0x00,0x00,0x00,0x00,0x00,0x00,0x00,0x00,0x00,0x00,0x00,0x00,0x00,0x00,
    0x00,0x00,0x00,0x00,0x00,0x00,0x00,0x00,0x4A,0xAD,0x00,0x00,0x51,0xB5,0xBB,0xFF,
    0x18,0xEF,0xD6,0xE6,0xB6,0xE6,0xF7,0xE6,0xF7,0xE6,0xF7,0xE6,0xF7,0xE6,0xB6,0xE6,
    0xD6,0xE6,0xD7,0xE6,0x18,0xEF,0xEF,0xB4,0xD7,0xE6,0x17,0xEF,0x38,0xEF,0xF6,0xEE,
    0x38,0xF7,0x38,0xF7,0x59,0xF7,0x38,0xF7,0x18,0xEF,0x38,0xF7,0x17,0xEF,0x38,0xF7,
    0x9A,0xFF,0x71,0xC5,0x91,0xC5,0x37,0xEF,0xD6,0xE6,0xF7,0xE6,0x38,0xEF,0xF7,0xE6,
    0xD6,0xE6,0xB5,0xDE,0xB6,0xDE,0x55,0xD6,0x75,0xD6,0xD6,0xE6,0xD6,0xDE,0xD6,0xE6,
    0xD6,0xDE,0xD6,0xDE,0x95,0xDE,0xB6,0xDE,0xD7,0xE6,0xF3,0xCD,0x34,0xD6,0xD6,0xDE,
    0xB6,0xDE,0xF7,0xE6,0xB6,0xDE,0x00,0x00,0x00,0x00,0x00,0x00,0x00,0x00,0x00,0x00,
    0x00,0x00,0x00,0x00,0x00,0x00,0x00,0x00,0x00,0x00,0x00,0x00,0x00,0x00,0x00,0x00,
    0x00,0x00,0x00,0x00,0x00,0x00,0x00,0x00,0x00,0x00,0x00,0x00,0x00,0x00,0x00,0x00,
    0x00,0x00,0x00,0x00,0x00,0x00,0x00,0x00,0x00,0x00,0x00,0x00,0x00,0x00,0x00,0x00,
    0x00,0x00,0x00,0x00,0x00,0x00,0xFF,0xFF,0x00,0x00,0x0C,0x8B,0xF3,0xCD,0x9A,0xFF,
    0xD6,0xE6,0xB5,0xDE,0xD6,0xE6,0xF7,0xE6,0xF7,0xE6,0xF7,0xE6,0xF7,0xE6,0xB5,0xDE,
    0xF7,0xE6,0x18,0xE7,0x34,0xD6,0xEB,0xA3,0xF7,0xEE,0xD6,0xE6,0xD6,0xE6,0xF6,0xE6,
    0x38,0xEF,0x17,0xEF,0x38,0xF7,0x17,0xEF,0xF6,0xE6,0xF7,0xEE,0xF7,0xE6,0x18,0xEF,
    0x58,0xEF,0xCF,0xB4,0x6D,0xB4,0x37,0xE7,0xB6,0xDE,0xD6,0xE6,0xD6,0xE6,0xD6,0xE6,
    0xB5,0xDE,0xB5,0xDE,0x95,0xDE,0x54,0xD6,0x34,0xCE,0xD6,0xE6,0xD6,0xE6,0xD6,0xDE,
    0xB6,0xDE,0xB6,0xDE,0x75,0xDE,0x95,0xDE,0xD6,0xE6,0x34,0xD6,0xF3,0xCD,0x95,0xDE,
    0xB6,0xDE,0xF7,0xE6,0x95,0xDE,0x00,0x00,0x00,0x00,0x00,0x00,0x00,0x00,0x00,0x00,
    0x00,0x00,0x00,0x00,0x00,0x00,0x00,0x00,0x00,0x00,0x00,0x00,0x00,0x00,0x00,0x00,
    0x00,0x00,0x00,0x00,0x00,0x00,0x00,0x00,0x00,0x00,0x00,0x00,0x00,0x00,0x00,0x00,
    0x00,0x00,0x00,0x00,0x00,0x00,0x00,0x00,0x00,0x00,0x00,0x00,0x00,0x00,0x00,0x00,
    0x00,0x00,0x00,0x00,0x00,0x00,0x4A,0xAD,0x00,0x00,0x8F,0xAC,0xB7,0xE6,0x38,0xF7,
    0xB6,0xDE,0x75,0xDE,0xD7,0xE6,0xF7,0xE6,0xF7,0xE6,0xF7,0xE6,0xB6,0xDE,0x95,0xDE,
    0xD7,0xE6,0xF7,0xE6,0x0F,0xC5,0x10,0xCD,0xF7,0xE6,0xF7,0xE6,0xF6,0xE6,0xF6,0xE6,
    0xF7,0xEE,0xF6,0xE6,0xF6,0xE6,0xD6,0xE6,0xD6,0xE6,0xF6,0xE6,0xD6,0xE6,0xD6,0xE6,
    0xD6,0xDE,0x50,0xCD,0xAE,0xC4,0xB6,0xDE,0xF7,0xE6,0xD6,0xE6,0xD6,0xE6,0xB6,0xE6,
    0xD6,0xE6,0xB6,0xDE,0x95,0xDE,0x74,0xD6,0xF3,0xCD,0xD6,0xE6,0xD6,0xE6,0xB6,0xDE,
    0xB6,0xDE,0xD6,0xDE,0x34,0xD6,0xD5,0xBD,0x79,0xC6,0x93,0xC5,0x91,0xC5,0x55,0xD6,
    0xB6,0xDE,0xF7,0xE6,0x95,0xDE,0x00,0x00,0x00,0x00,0x00,0x00,0x00,0x00,0x00,0x00,
    0x00,0x00,0x00,0x00,0x00,0x00,0x00,0x00,0x00,0x00,0x00,0x00,0x00,0x00,0x00,0x00,
    0x00,0x00,0x00,0x00,0x00,0x00,0x00,0x00,0x00,0x00,0x00,0x00,0x00,0x00,0x00,0x00,
    0x00,0x00,0x00,0x00,0x00,0x00,0x00,0x00,0x00,0x00,0x00,0x00,0x00,0x00,0x00,0x00,
    0x00,0x00,0x00,0x00,0x00,0x00,0x4A,0xAD,0x00,0x00,0xD0,0xB4,0x59,0xF7,0x18,0xEF,
    0x96,0xDE,0x95,0xDE,0xF7,0xE6,0xF7,0xE6,0xF7,0xE6,0xF7,0xE6,0x95,0xDE,0xB6,0xDE,
    0xF7,0xE6,0x13,0xCE,0x51,0xE5,0x92,0xDD,0xD6,0xE6,0xD6,0xE6,0xD6,0xE6,0xD6,0xE6,
    0xF6,0xE6,0xF6,0xEE,0xF7,0xE6,0xF7,0xE6,0xF7,0xE6,0xD6,0xE6,0xB6,0xE6,0xD6,0xE6,
    0xB5,0xDE,0x51,0xCD,0x72,0xED,0xF3,0xCD,0x17,0xE7,0xD6,0xE6,0xD6,0xE6,0xB6,0xE6,
    0xB6,0xE6,0xB6,0xDE,0x95,0xDE,0x95,0xDE,0xD3,0xC5,0x96,0xDE,0xD7,0xE6,0x95,0xDE,
    0x96,0xDE,0xB6,0xDE,0x16,0xC6,0xFE,0xCE,0x3F,0xCF,0x9C,0xBE,0x11,0xAD,0xF3,0xCD,
    0x96,0xDE,0x18,0xEF,0xD7,0xE6,0x00,0x00,0x00,0x00,0x00,0x00,0x00,0x00,0x00,0x00,
    0x00,0x00,0x00,0x00,0x00,0x00,0x00,0x00,0x00,0x00,0x00,0x00,0x00,0x00,0x00,0x00,
    0x00,0x00,0x00,0x00,0x00,0x00,0x00,0x00,0x00,0x00,0x00,0x00,0x00,0x00,0x00,0x00,
    0x00,0x00,0x00,0x00,0x00,0x00,0x00,0x00,0x00,0x00,0x00,0x00,0x00,0x00,0x00,0x00,
    0x00,0x00,0x00,0x00,0x00,0x00,0x00,0x00,0xD3,0x9C,0x51,0xBD,0x79,0xF7,0xD6,0xE6,
    0x95,0xDE,0x95,0xDE,0xD7,0xE6,0xF7,0xE6,0xF7,0xE6,0xD7,0xE6,0x74,0xD6,0xD7,0xE6,
    0xD6,0xDE,0x50,0xD5,0x97,0xFE,0x14,0xDE,0xB5,0xE6,0xD6,0xE6,0x95,0xDE,0xD6,0xE6,
    0xD6,0xE6,0xF6,0xE6,0xF7,0xE6,0xF7,0xE6,0xF6,0xE6,0xB6,0xE6,0x75,0xDE,0xD6,0xE6,
    0x75,0xD6,0x92,0xDD,0xB7,0xFE,0x50,0xD5,0xD6,0xE6,0xF7,0xE6,0xD6,0xE6,0x95,0xDE,
    0xB6,0xDE,0xB6,0xDE,0x95,0xDE,0x96,0xDE,0xD3,0xC5,0x54,0xD6,0xD6,0xE6,0x95,0xDE,
    0xB6,0xDE,0x34,0xCE,0x5A,0xBE,0x3F,0xCF,0xFD,0xCE,0x3F,0xCF,0x96,0xAD,0x10,0xB5,
    0xD5,0xBD,0x76,0xD6,0xF3,0xC5,0x00,0x00,0x00,0x00,0x00,0x00,0x00,0x00,0x00,0x00,
    0x00,0x00,0x00,0x00,0x00,0x00,0x00,0x00,0x00,0x00,0x00,0x00,0x00,0x00,0x00,0x00,
    0x00,0x00,0x00,0x00,0x00,0x00,0x00,0x00,0x00,0x00,0x00,0x00,0x00,0x00,0x00,0x00,
    0x00,0x00,0x00,0x00,0x00,0x00,0x00,0x00,0x00,0x00,0x00,0x00,0x00,0x00,0x00,0x00,
    0x00,0x00,0x00,0x00,0xFF,0xFF,0x00,0x00,0x8E,0x73,0x55,0xD6,0x79,0xF7,0xD6,0xE6,
    0x34,0xD6,0x95,0xDE,0xD6,0xE6,0xD7,0xE6,0xF7,0xE6,0x95,0xDE,0x54,0xD6,0x18,0xE7,
    0xF3,0xD5,0x2F,0xDD,0xD8,0xEE,0x55,0xDE,0xD6,0xE6,0xF7,0xE6,0x95,0xDE,0xF7,0xE6,
    0xF7,0xE6,0xF7,0xEE,0xF7,0xEE,0xF7,0xE6,0xF7,0xE6,0x95,0xDE,0x74,0xD6,0xF7,0xE6,
    0x54,0xD6,0xD3,0xDD,0x34,0xD6,0xCE,0xBC,0x91,0xBD,0x13,0xCE,0x54,0xD6,0x95,0xDE,
    0x96,0xDE,0xD6,0xE6,0x96,0xDE,0x75,0xD6,0xD2,0xC5,0xF3,0xCD,0xB6,0xDE,0x96,0xDE,
    0xD6,0xE6,0xF3,0xCD,0x3A,0xB6,0x3F,0xCF,0xFE,0xC6,0x5F,0xD7,0xB7,0xA5,0xB7,0xA5,
    0x1E,0xC7,0x1E,0xCF,0x7A,0xC6,0x00,0x00,0x00,0x00,0x00,0x00,0x00,0x00,0x00,0x00,
    0x00,0x00,0x00,0x00,0x00,0x00,0x00,0x00,0x00,0x00,0x00,0x00,0x00,0x00,0x00,0x00,
    0x00,0x00,0x00,0x00,0x00,0x00,0x00,0x00,0x00,0x00,0x00,0x00,0x00,0x00,0x00,0x00,
    0x00,0x00,0x00,0x00,0x00,0x00,0x00,0x00,0x00,0x00,0x00,0x00,0x00,0x00,0x00,0x00,
    0x00,0x00,0x00,0x00,0xEF,0xFF,0x00,0x00,0x6F,0x9C,0xB6,0xDE,0x17,0xEF,0xB6,0xDE,
    0x13,0xCE,0xB6,0xDE,0xD6,0xE6,0xD6,0xE6,0xF7,0xE6,0x13,0xCE,0x75,0xDE,0x95,0xD6,
    0xCE,0xB4,0x50,0xCD,0x96,0xDE,0x14,0xD6,0x95,0xDE,0xF7,0xE6,0x74,0xDE,0xF7,0xE6,
    0x17,0xEF,0xF7,0xE6,0xF7,0xEE,0xF7,0xEE,0xF7,0xE6,0x95,0xDE,0x74,0xD6,0x17,0xE7,
    0xD2,0xD5,0x56,0xF6,0x5A,0xF7,0x76,0xFE,0x0F,0xC5,0x54,0xCE,0x13,0xCE,0x34,0xCE,
    0x75,0xD6,0xD7,0xE6,0xB6,0xE6,0x75,0xD6,0xD2,0xC5,0xB2,0xC5,0xB5,0xDE,0x54,0xD6,
    0xD4,0xBD,0x93,0xB5,0x54,0x9D,0x3F,0xCF,0xBD,0xB6,0xDF,0xBE,0x7C,0xAE,0xFE,0xC6,
    0xFE,0xC6,0x7F,0xD7,0x1E,0xCF,0x00,0x00,0x00,0x00,0x00,0x00,0x00,0x00,0x00,0x00,
    0x00,0x00,0x00,0x00,0x00,0x00,0x00,0x00,0x00,0x00,0x00,0x00,0x00,0x00,0x00,0x00,
    0x00,0x00,0x00,0x00,0x00,0x00,0x00,0x00,0x00,0x00,0x00,0x00,0x00,0x00,0x00,0x00,
    0x00,0x00,0x00,0x00,0x00,0x00,0x00,0x00,0x00,0x00,0x00,0x00,0x00,0x00,0x00,0x00,
    0x00,0x00,0x00,0x00,0xEF,0x7B,0x00,0x00,0xF1,0xBC,0x59,0xF7,0xB6,0xDE,0xB6,0xDE,
    0xF3,0xCD,0xB6,0xDE,0xB6,0xDE,0xD6,0xE6,0xD7,0xE6,0xB2,0xC5,0x13,0xCE,0x70,0xBD,
    0xD3,0xE5,0x7B,0xFF,0xDD,0xFF,0xD8,0xEE,0x34,0xD6,0xF6,0xE6,0x0F,0xB5,0xB6,0xDE,
    0xF7,0xE6,0xF7,0xE6,0xF7,0xE6,0xF7,0xE6,0xF7,0xE6,0x95,0xDE,0x55,0xD6,0xD6,0xDE,
    0x71,0xD5,0x19,0xFF,0x7B,0xFF,0x7B,0xFF,0x14,0xEE,0xB1,0xD5,0x17,0xE7,0xB6,0xE6,
    0x13,0xCE,0x95,0xDE,0xB6,0xE6,0x95,0xDE,0xD3,0xC5,0xB2,0xBD,0x74,0xD6,0x93,0xBD,
    0x7C,0xBE,0x7E,0xA6,0xFA,0x9D,0x9D,0xAE,0xBD,0xB6,0x59,0xB6,0x7C,0xA6,0x7D,0xAE,
    0xBD,0xB6,0x7F,0xD7,0x3F,0xC7,0x00,0x00,0x00,0x00,0x00,0x00,0x00,0x00,0x00,0x00,
    0x00,0x00,0x00,0x00,0x00,0x00,0x00,0x00,0x00,0x00,0x00,0x00,0x00,0x00,0x00,0x00,
    0x00,0x00,0x00,0x00,0x00,0x00,0x00,0x00,0x00,0x00,0x00,0x00,0x00,0x00,0x00,0x00,
    0x00,0x00,0x00,0x00,0x00,0x00,0x00,0x00,0x00,0x00,0x00,0x00,0x00,0x00,0x00,0x00,
    0x00,0x00,0xFF,0xFF,0x00,0x00,0x6D,0x93,0xB4,0xCD,0x59,0xF7,0xB6,0xDE,0xB6,0xDE,
    0xF3,0xCD,0x96,0xDE,0xB6,0xDE,0xD6,0xE6,0xB6,0xDE,0x71,0xBD,0x33,0xCE,0x50,0xD5,
    0xD7,0xFE,0x9B,0xFF,0x7B,0xFF,0x3A,0xFF,0x54,0xDE,0x18,0xE7,0x8E,0xB4,0x14,0xD6,
    0x17,0xEF,0xD6,0xE6,0xD6,0xE6,0xD6,0xE6,0x17,0xE7,0x34,0xD6,0x34,0xD6,0x34,0xD6,
    0x14,0xEE,0x9C,0xFF,0x5B,0xFF,0x5B,0xFF,0x7B,0xFF,0xF4,0xE5,0x54,0xDE,0x38,0xEF,
    0xD2,0xCD,0x71,0xC5,0xD6,0xE6,0x75,0xDE,0xF3,0xCD,0xF3,0xC5,0x34,0xCE,0x7B,0xBE,
    0xFF,0xC6,0x9E,0xAE,0x9E,0xA6,0x1C,0x96,0x17,0xDF,0xB9,0xFF,0xB6,0xDE,0x5D,0xA6,
    0xDE,0xB6,0x1E,0xC7,0xB8,0x9D,0x00,0x00,0x00,0x00,0x00,0x00,0x00,0x00,0x00,0x00,
    0x00,0x00,0x00,0x00,0x00,0x00,0x00,0x00,0x00,0x00,0x00,0x00,0x00,0x00,0x00,0x00,
    0x00,0x00,0x00,0x00,0x00,0x00,0x00,0x00,0x00,0x00,0x00,0x00,0x00,0x00,0x00,0x00,
    0x00,0x00,0x00,0x00,0x00,0x00,0x00,0x00,0x00,0x00,0x00,0x00,0x00,0x00,0x00,0x00,
    0x00,0x00,0x4A,0xAD,0x00,0x00,0x4F,0xA4,0xB7,0xE6,0x17,0xE7,0xD6,0xE6,0xB6,0xDE,
    0xD3,0xCD,0x96,0xDE,0xB6,0xDE,0xB6,0xDE,0x34,0xD6,0xB2,0xC5,0x13,0xCE,0xD3,0xED,
    0x7B,0xFF,0x7B,0xFF,0x7B,0xFF,0x7B,0xFF,0x96,0xE6,0xF7,0xE6,0xB2,0xD5,0xB2,0xD5,
    0x18,0xEF,0xD6,0xE6,0xD6,0xE6,0xD6,0xE6,0xF7,0xE6,0x13,0xD6,0x13,0xD6,0xB1,0xD5,
    0xD8,0xFE,0x7B,0xFF,0x5B,0xFF,0x7B,0xFF,0x9C,0xFF,0x5B,0xFF,0xD3,0xE5,0x95,0xDE,
    0x75,0xDE,0x4C,0xAC,0x75,0xDE,0x96,0xDE,0x34,0xCE,0xF3,0xC5,0x14,0xC6,0x7D,0xAE,
    0xDF,0xB6,0xBE,0xB6,0x7E,0xA6,0x3C,0xA6,0x55,0xF7,0xFB,0xFF,0xF3,0xF6,0x3C,0xA6,
    0x1B,0x9E,0xB2,0x8C,0x4D,0x94,0x00,0x00,0x00,0x00,0x00,0x00,0x00,0x00,0x00,0x00,
    0x00,0x00,0x00,0x00,0x00,0x00,0x00,0x00,0x00,0x00,0x00,0x00,0x00,0x00,0x00,0x00,
    0x00,0x00,0x00,0x00,0x00,0x00,0x00,0x00,0x00,0x00,0x00,0x00,0x00,0x00,0x00,0x00,
    0x00,0x00,0x00,0x00,0x00,0x00,0x00,0x00,0x00,0x00,0x00,0x00,0x00,0x00,0x00,0x00,
    0x00,0x00,0x4A,0xAD,0x00,0x00,0x12,0xBD,0x38,0xF7,0xB6,0xDE,0xF7,0xE6,0xD7,0xE6,
    0xB2,0xC5,0x75,0xDE,0x96,0xDE,0xB6,0xDE,0x13,0xD6,0x71,0xBD,0xB2,0xD5,0x39,0xFF,
    0x9B,0xFF,0x5B,0xFF,0x5B,0xFF,0xBC,0xFF,0x19,0xEF,0x95,0xDE,0x13,0xDE,0x92,0xE5,
    0x95,0xDE,0xF7,0xE6,0xD6,0xE6,0xD6,0xE6,0x17,0xEF,0x34,0xD6,0x70,0xC5,0x13,0xEE,
    0x5A,0xFF,0x7B,0xFF,0x7B,0xFF,0x3A,0xFF,0x3A,0xFF,0x9C,0xFF,0x3A,0xFF,0xB1,0xE5,
    0x53,0xDE,0x2F,0xCD,0x51,0xCD,0xB6,0xDE,0x13,0xCE,0x91,0xBD,0x54,0xD6,0x96,0xA5,
    0xDF,0xB6,0xFF,0xBE,0xBD,0xB6,0x3D,0x9E,0x97,0xC6,0xD0,0xE6,0x36,0xB6,0x3E,0x96,
    0xDE,0xBE,0xFD,0xC6,0x76,0x9D,0x00,0x00,0x00,0x00,0x00,0x00,0x00,0x00,0x00,0x00,
    0x00,0x00,0x00,0x00,0x00,0x00,0x00,0x00,0x00,0x00,0x00,0x00,0x00,0x00,0x00,0x00,
    0x00,0x00,0x00,0x00,0x00,0x00,0x00,0x00,0x00,0x00,0x00,0x00,0x00,0x00,0x00,0x00,
    0x00,0x00,0x00,0x00,0x00,0x00,0x00,0x00,0x00,0x00,0x00,0x00,0x00,0x00,0x00,0x00,
    0xFF,0xFF,0x00,0x00,0xAF,0x7A,0x93,0xC5,0x17,0xEF,0x75,0xD6,0xF7,0xE6,0xF7,0xE6,
    0xD3,0xC5,0x34,0xD6,0x96,0xDE,0xB6,0xDE,0xF3,0xCD,0x8D,0xB4,0x35,0xF6,0x9C,0xFF,
    0x7B,0xFF,0x7B,0xFF,0x39,0xFF,0xF8,0xFE,0xF9,0xFE,0x34,0xDE,0xF2,0xD5,0xF8,0xF6,
    0x34,0xE6,0xD6,0xE6,0xF7,0xE6,0xD7,0xE6,0xF7,0xEE,0x13,0xD6,0x0F,0xD5,0x3A,0xFF,
    0x7C,0xFF,0x3A,0xFF,0xB7,0xFE,0xD8,0xFE,0xB7,0xF6,0x97,0xEE,0x15,0xD6,0x5B,0xFF,
    0x75,0xEE,0x91,0xD5,0x30,0xDD,0xF3,0xCD,0x34,0xD6,0x91,0xBD,0xD6,0xE6,0xD3,0xC5,
    0x33,0x9D,0x13,0x95,0x36,0x8D,0xFE,0xBE,0x3D,0x96,0x1D,0x96,0x5E,0x96,0xBE,0xB6,
    0xDE,0xBE,0x7F,0xD7,0x1F,0xC7,0x00,0x00,0x00,0x00,0x00,0x00,0x00,0x00,0x00,0x00,
    0x00,0x00,0x00,0x00,0x00,0x00,0x00,0x00,0x00,0x00,0x00,0x00,0x00,0x00,0x00,0x00,
    0x00,0x00,0x00,0x00,0x00,0x00,0x00,0x00,0x00,0x00,0x00,0x00,0x00,0x00,0x00,0x00,
    0x00,0x00,0x00,0x00,0x00,0x00,0x00,0x00,0x00,0x00,0x00,0x00,0x00,0x00,0x00,0x00,
    0xEF,0x7B,0x00,0x00,0xCE,0x9B,0xB3,0xCD,0xF7,0xE6,0x96,0xDE,0xF7,0xE6,0xD7,0xE6,
    0xD3,0xC5,0xF3,0xCD,0x95,0xDE,0xD7,0xE6,0x71,0xC5,0xAE,0xCC,0xB7,0xFE,0xBC,0xFF,
    0xB8,0xE6,0x0D,0x94,0x6E,0x9C,0xAF,0xB4,0x35,0xEE,0x39,0xFF,0xF2,0xCD,0xD7,0xE6,
    0x5B,0xFF,0x55,0xE6,0x33,0xDE,0x54,0xE6,0xD6,0xE6,0x54,0xDE,0x97,0xF6,0x9C,0xFF,
    0x9C,0xFF,0x7B,0xFF,0x77,0xE6,0xAB,0x93,0x66,0x62,0x26,0x4A,0xA4,0x41,0x2D,0x9C,
    0x36,0xDE,0xB4,0xD5,0x35,0xF6,0x30,0xCD,0xB2,0xC5,0x71,0xBD,0x95,0xDE,0xB6,0xDE,
    0x34,0xCE,0xF0,0x9C,0x5C,0xAE,0xFF,0xBE,0x9E,0xA6,0x9E,0xAE,0xDA,0x95,0x1F,0xC7,
    0x1E,0xC7,0x7F,0xD7,0x7B,0xBE,0x00,0x00,0x00,0x00,0x00,0x00,0x00,0x00,0x00,0x00,
    0x00,0x00,0x00,0x00,0x00,0x00,0x00,0x00,0x00,0x00,0x00,0x00,0x00,0x00,0x00,0x00,
    0x00,0x00,0x00,0x00,0x00,0x00,0x00,0x00,0x00,0x00,0x00,0x00,0x00,0x00,0x00,0x00,
    0x00,0x00,0x00,0x00,0x00,0x00,0x00,0x00,0x00,0x00,0x00,0x00,0x00,0x00,0x00,0x00,
    0x4A,0xAD,0x00,0x00,0x70,0xAC,0x35,0xD6,0xB6,0xDE,0xD2,0xC5,0xF7,0xE6,0xB6,0xDE,
    0x34,0xCE,0xB3,0xC5,0x75,0xDE,0xB6,0xDE,0x71,0xC5,0x35,0xF6,0xF9,0xF6,0x2E,0xA4,
    0x87,0x62,0xE4,0x49,0xA7,0x5A,0xC7,0x6A,0xA6,0x82,0xD3,0xDD,0x7A,0xFF,0x96,0xE6,
    0x9C,0xFF,0x19,0xF7,0xF3,0xE5,0xB1,0xED,0x75,0xE6,0x54,0xDE,0x3A,0xF7,0x9C,0xFF,
    0xBD,0xFF,0xD8,0xF6,0xA6,0x9A,0x67,0x72,0x6B,0x7B,0xAC,0x83,0x6B,0x7B,0xA6,0x6A,
    0x23,0x52,0xAB,0x83,0x9B,0xFF,0x55,0xFE,0x4C,0xB4,0xEF,0xAC,0xB6,0xDE,0x95,0xDE,
    0xB5,0xDE,0x95,0xA5,0xDE,0xB6,0xDE,0xBE,0xDE,0xBE,0xDE,0xBE,0xEF,0x7B,0xD8,0xA5,
    0xBE,0xB6,0x9C,0xBE,0x71,0xB5,0x00,0x00,0x00,0x00,0x00,0x00,0x00,0x00,0x00,0x00,
    0x00,0x00,0x00,0x00,0x00,0x00,0x00,0x00,0x00,0x00,0x00,0x00,0x00,0x00,0x00,0x00,
    0x00,0x00,0x00,0x00,0x00,0x00,0x00,0x00,0x00,0x00,0x00,0x00,0x00,0x00,0x00,0x00,
    0x00,0x00,0x00,0x00,0x00,0x00,0x00,0x00,0x00,0x00,0x00,0x00,0x00,0x00,0x00,0x00,
    0x4A,0xAD,0x00,0x00,0x4F,0xAC,0xB7,0xE6,0xF3,0xCD,0x6E,0xA4,0x17,0xEF,0x96,0xDE,
    0x96,0xDE,0x92,0xBD,0x55,0xD6,0xB6,0xDE,0x71,0xC5,0x97,0xF6,0x36,0xD6,0xA3,0x51,
    0x05,0x52,0x12,0xAD,0x78,0xD6,0xF2,0x9C,0x4B,0x6B,0x8A,0xAB,0xF8,0xFE,0x9C,0xFF,
    0x7B,0xFF,0x7B,0xFF,0x9C,0xFF,0x5B,0xFF,0x5B,0xFF,0xF9,0xF6,0x5A,0xFF,0x7B,0xFF,
    0xBC,0xFF,0xB2,0xE5,0x73,0xD5,0x33,0xAD,0x2A,0x5B,0xED,0x73,0xF2,0x9C,0x58,0xD6,
    0x0D,0x8C,0xC3,0x41,0x8B,0x8B,0x15,0xDE,0xB2,0xED,0x10,0xBD,0xD7,0xE6,0x95,0xDE,
    0x95,0xDE,0x52,0xAD,0x5C,0xAE,0x1F,0xBF,0x3F,0xC7,0xD8,0xA5,0xCC,0x83,0x6F,0x94,
    0x50,0x8C,0x93,0xB5,0xF3,0xC5,0x00,0x00,0x00,0x00,0x00,0x00,0x00,0x00,0x00,0x00,
    0x00,0x00,0x00,0x00,0x00,0x00,0x00,0x00,0x00,0x00,0x00,0x00,0x00,0x00,0x00,0x00,
    0x00,0x00,0x00,0x00,0x00,0x00,0x00,0x00,0x00,0x00,0x00,0x00,0x00,0x00,0x00,0x00,
    0x00,0x00,0x00,0x00,0x00,0x00,0x00,0x00,0x00,0x00,0x00,0x00,0x00,0x00,0x00,0x00,
    0x4A,0xAD,0x00,0x00,0x2E,0xA4,0xB6,0xDE,0x31,0xB5,0x4E,0xA4,0x38,0xEF,0xB6,0xDE,
    0xB6,0xDE,0xB2,0xC5,0xB3,0xC5,0xB6,0xDE,0x92,0xC5,0xB7,0xEE,0xE8,0x82,0x04,0x6A,
    0xF6,0xCD,0x3B,0xEF,0x6C,0x6B,0x67,0x3A,0x6C,0x63,0x2A,0x6B,0x97,0xEE,0xBD,0xFF,
    0x7C,0xFF,0x7C,0xFF,0x7B,0xFF,0x9C,0xFF,0x9C,0xFF,0x9C,0xFF,0x7B,0xFF,0x7B,0xFF,
    0x5A,0xFF,0x3A,0xFF,0xF6,0xC5,0x47,0x42,0xB6,0xB5,0x4E,0x7C,0xA7,0x42,0xCE,0x7B,
    0x1B,0xEF,0x4E,0x94,0x61,0x49,0xD0,0xB4,0x9B,0xFF,0xD3,0xCD,0xF7,0xE6,0x95,0xDE,
    0x95,0xDE,0x34,0xCE,0x52,0xB5,0x34,0x9D,0xB7,0x9D,0xED,0x8B,0xEC,0x8B,0x10,0xA5,
    0xCF,0xA4,0xB6,0xE6,0x35,0xD6,0x00,0x00,0x00,0x00,0x00,0x00,0x00,0x00,0x00,0x00,
    0x00,0x00,0x00,0x00,0x00,0x00,0x00,0x00,0x00,0x00,0x00,0x00,0x00,0x00,0x00,0x00,
    0x00,0x00,0x00,0x00,0x00,0x00,0x00,0x00,0x00,0x00,0x00,0x00,0x00,0x00,0x00,0x00,
    0x00,0x00,0x00,0x00,0x00,0x00,0x00,0x00,0x00,0x00,0x00,0x00,0x00,0x00,0x00,0x00,
    0x4A,0xAD,0x00,0x00,0x4F,0xA4,0x34,0xCE,0x52,0xB5,0x11,0xB5,0xD6,0xE6,0xB6,0xDE,
    0xB6,0xDE,0x14,0xCE,0x51,0xB5,0x34,0xCE,0xB2,0xCD,0xB3,0xD5,0x04,0x7A,0x4E,0xAC,
    0xDE,0xFF,0x74,0xB5,0xC5,0x29,0x0E,0x7C,0x3C,0xEF,0xE9,0x5A,0x73,0xB5,0xDD,0xFF,
    0x7B,0xFF,0x7B,0xFF,0x7B,0xFF,0x7B,0xFF,0x7B,0xFF,0x7B,0xFF,0x7B,0xFF,0x7B,0xFF,
    0x5B,0xFF,0xBC,0xFF,0x8C,0x6B,0xE9,0x42,0x3C,0xE7,0x90,0x84,0x4A,0x5B,0x26,0x3A,
    0x54,0xB5,0x5B,0xF7,0x6A,0x8B,0xC7,0x82,0x15,0xDE,0x34,0xD6,0xD6,0xE6,0x95,0xD6,
    0x75,0xDE,0x95,0xDE,0x34,0xCE,0x10,0xAD,0x71,0xB5,0x8E,0xAC,0xAB,0xA3,0x4D,0x9C,
    0xF0,0xA4,0xB7,0xE6,0x35,0xCE,0x00,0x00,0x00,0x00,0x00,0x00,0x00,0x00,0x00,0x00,
    0x00,0x00,0x00,0x00,0x00,0x00,0x00,0x00,0x00,0x00,0x00,0x00,0x00,0x00,0x00,0x00,
    0x00,0x00,0x00,0x00,0x00,0x00,0x00,0x00,0x00,0x00,0x00,0x00,0x00,0x00,0x00,0x00,
    0x00,0x00,0x00,0x00,0x00,0x00,0x00,0x00,0x00,0x00,0x00,0x00,0x00,0x00,0x00,0x00,
    0xEF,0xFB,0x00,0x00,0x2F,0xA4,0xB3,0xC5,0x73,0xBD,0xB0,0xAC,0xB6,0xE6,0x96,0xDE,
    0xB6,0xDE,0x76,0xD6,0x92,0xBD,0xCF,0xA4,0x30,0xBD,0xCE,0xC4,0x24,0x8A,0xD5,0xD5,
    0xFF,0xFF,0xD2,0x94,0xE8,0x42,0x6B,0x53,0xAC,0x63,0xC9,0x42,0x6B,0x6B,0x9C,0xFF,
    0x7B,0xFF,0x7B,0xFF,0x7B,0xFF,0x7B,0xFF,0x7B,0xFF,0x7B,0xFF,0x7B,0xFF,0x7B,0xFF,
    0x9B,0xFF,0x5C,0xF7,0x4B,0x5B,0x4A,0x4B,0x09,0x4B,0xC8,0x42,0x6A,0x53,0xA8,0x3A,
    0x0F,0x84,0xFF,0xFF,0x73,0xCD,0xE7,0x9A,0x51,0xCD,0x54,0xDE,0xB6,0xE6,0x75,0xD6,
    0x75,0xDE,0x75,0xDE,0x75,0xD6,0x75,0xD6,0x55,0xD6,0xB3,0xCD,0x7B,0xFF,0xF0,0xC4,
    0x2D,0x94,0x96,0xDE,0x34,0xCE,0x00,0x00,0x00,0x00,0x00,0x00,0x00,0x00,0x00,0x00,
    0x00,0x00,0x00,0x00,0x00,0x00,0x00,0x00,0x00,0x00,0x00,0x00,0x00,0x00,0x00,0x00,
    0x00,0x00,0x00,0x00,0x00,0x00,0x00,0x00,0x00,0x00,0x00,0x00,0x00,0x00,0x00,0x00,
    0x00,0x00,0x00,0x00,0x00,0x00,0x00,0x00,0x00,0x00,0x00,0x00,0x00,0x00,0x00,0x00,
    0xFF,0xFF,0x00,0x00,0xFF,0xFB,0x31,0xB5,0x51,0xB5,0xCE,0x93,0x35,0xD6,0x96,0xDE,
    0x96,0xDE,0xB6,0xDE,0xF3,0xCD,0x6E,0x9C,0x08,0x83,0x15,0xDE,0xCF,0xCC,0x78,0xE6,
    0xFF,0xFF,0x91,0x8C,0x09,0x43,0xCB,0x5B,0xE5,0x39,0xC9,0x4A,0x2A,0x53,0x1A,0xEF,
    0x9C,0xFF,0x7B,0xFF,0x7B,0xFF,0x7B,0xFF,0x7B,0xFF,0x7B,0xFF,0x7B,0xFF,0x7B,0xFF,
    0xBC,0xFF,0x3C,0xEF,0xAC,0x63,0x2C,0x64,0x67,0x42,0xA5,0x31,0x0C,0x64,0x8A,0x4B,
    0xCE,0x73,0xFF,0xFF,0xB9,0xE6,0x6E,0xC4,0x76,0xE6,0x95,0xDE,0x95,0xDE,0x95,0xDE,
    0x75,0xD6,0x95,0xDE,0x55,0xD6,0x54,0xD6,0xF3,0xC5,0xCE,0xCC,0x55,0xFE,0xF9,0xFE,
    0x4D,0xA4,0x75,0xDE,0x35,0xD6,0x00,0x00,0x00,0x00,0x00,0x00,0x00,0x00,0x00,0x00,
    0x00,0x00,0x00,0x00,0x00,0x00,0x00,0x00,0x00,0x00,0x00,0x00,0x00,0x00,0x00,0x00,
    0x00,0x00,0x00,0x00,0x00,0x00,0x00,0x00,0x00,0x00,0x00,0x00,0x00,0x00,0x00,0x00,
    0x00,0x00,0x00,0x00,0x00,0x00,0x00,0x00,0x00,0x00,0x00,0x00,0x00,0x00,0x00,0x00,
    0x00,0x00,0x4A,0xAD,0x00,0x00,0xF0,0xAC,0xCF,0xA4,0x14,0xBD,0x31,0xBD,0xD7,0xE6,
    0x35,0xD6,0xB6,0xDE,0x55,0xD6,0xF0,0xAC,0xAB,0x8B,0xD0,0xC4,0x5A,0xFF,0xFA,0xEE,
    0xFF,0xFF,0x12,0x9D,0x6A,0x53,0x4C,0x74,0xE5,0x39,0x69,0x63,0x2D,0x74,0xD9,0xE6,
    0xBC,0xFF,0x7B,0xFF,0x7B,0xFF,0x7B,0xFF,0x7B,0xFF,0x7B,0xFF,0x7B,0xFF,0x7B,0xFF,
    0x9C,0xFF,0x7C,0xF7,0x6E,0x74,0xAC,0x7C,0xC7,0x52,0x46,0x42,0xED,0x8C,0x4C,0x6C,
    0x90,0x84,0xFF,0xFF,0x1A,0xEF,0x76,0xEE,0x34,0xDE,0x95,0xDE,0x95,0xDE,0x75,0xDE,
    0x75,0xD6,0x95,0xDE,0x54,0xD6,0x75,0xD6,0x0F,0xB5,0x0F,0xED,0x70,0xFD,0x19,0xFF,
    0x72,0xCD,0x75,0xDE,0x55,0xD6,0x00,0x00,0x00,0x00,0x00,0x00,0x00,0x00,0x00,0x00,
    0x00,0x00,0x00,0x00,0x00,0x00,0x00,0x00,0x00,0x00,0x00,0x00,0x00,0x00,0x00,0x00,
    0x00,0x00,0x00,0x00,0x00,0x00,0x00,0x00,0x00,0x00,0x00,0x00,0x00,0x00,0x00,0x00,
    0x00,0x00,0x00,0x00,0x00,0x00,0x00,0x00,0x00,0x00,0x00,0x00,0x00,0x00,0x00,0x00,
    0x00,0x00,0x00,0x00,0xE0,0xFF,0x00,0x00,0xB0,0x9C,0x73,0xB5,0x6F,0xA4,0x55,0xDE,
    0xF3,0xCD,0x75,0xD6,0xB6,0xDE,0xD3,0xC5,0x2D,0x8C,0x6E,0xB4,0xF9,0xFE,0x5A,0xFF,
    0xFE,0xFF,0x37,0xCE,0x6C,0x84,0xCF,0xB5,0xED,0x9C,0x8F,0xAD,0x70,0xA5,0x1A,0xEF,
    0x9B,0xFF,0x5B,0xFF,0x5B,0xFF,0x7B,0xFF,0x7B,0xFF,0x7B,0xFF,0x7B,0xFF,0x7B,0xFF,
    0x7B,0xFF,0x9C,0xFF,0x30,0x9D,0x6E,0xA5,0x6E,0xB5,0x4E,0xAD,0xCF,0xBD,0xCB,0x94,
    0x94,0xAD,0xFF,0xFF,0x9C,0xFF,0x19,0xF7,0x34,0xDE,0xB6,0xDE,0x75,0xD6,0x34,0xD6,
    0x54,0xD6,0x95,0xDE,0x75,0xD6,0x14,0xCE,0x0C,0xB4,0x55,0xFE,0x19,0xFF,0x3A,0xFF,
    0x72,0xCD,0x34,0xD6,0x35,0xD6,0x00,0x00,0x00,0x00,0x00,0x00,0x00,0x00,0x00,0x00,
    0x00,0x00,0x00,0x00,0x00,0x00,0x00,0x00,0x00,0x00,0x00,0x00,0x00,0x00,0x00,0x00,
    0x00,0x00,0x00,0x00,0x00,0x00,0x00,0x00,0x00,0x00,0x00,0x00,0x00,0x00,0x00,0x00,
    0x00,0x00,0x00,0x00,0x00,0x00,0x00,0x00,0x00,0x00,0x00,0x00,0x00,0x00,0x00,0x00,
    0x00,0x00,0x00,0x00,0x00,0x00,0x00,0x00,0xFF,0xFF,0xF9,0xDE,0x8C,0x8B,0x31,0xB5,
    0x14,0xCE,0xB3,0xC5,0x55,0xD6,0x75,0xDE,0xAF,0x9C,0xCB,0x93,0x35,0xEE,0x19,0xFF,
    0x5B,0xFF,0xDF,0xFF,0x91,0xAD,0xCF,0xBD,0xB3,0xEE,0x30,0xD6,0x91,0xB5,0x7C,0xFF,
    0x5A,0xFF,0x5A,0xFF,0x5B,0xFF,0x5B,0xFF,0x7B,0xFF,0x7B,0xFF,0x7B,0xFF,0x7B,0xFF,
    0x7B,0xFF,0x9B,0xFF,0x56,0xCE,0x6F,0xB5,0xB3,0xEE,0xB3,0xEE,0x10,0xCE,0x0E,0x9D,
    0x1A,0xEF,0x5A,0xFF,0x7B,0xFF,0x55,0xE6,0x75,0xDE,0x95,0xDE,0x54,0xD6,0xB2,0xC5,
    0x54,0xD6,0x75,0xD6,0x75,0xD6,0x10,0xB5,0x10,0xD5,0x14,0xFE,0x39,0xFF,0x5A,0xFF,
    0x50,0xC5,0x35,0xD6,0x35,0xD6,0x00,0x00,0x00,0x00,0x00,0x00,0x00,0x00,0x00,0x00,
    0x00,0x00,0x00,0x00,0x00,0x00,0x00,0x00,0x00,0x00,0x00,0x00,0x00,0x00,0x00,0x00,
    0x00,0x00,0x00,0x00,0x00,0x00,0x00,0x00,0x00,0x00,0x00,0x00,0x00,0x00,0x00,0x00,
    0x00,0x00,0x00,0x00,0x00,0x00,0x00,0x00,0x00,0x00,0x00,0x00,0x00,0x00,0x00,0x00,
    0x00,0x00,0x00,0x00,0x00,0x00,0x00,0x00,0x00,0x78,0x00,0x00,0x2F,0xA4,0x4E,0xA4,
    0xD3,0xC5,0xF0,0xAC,0x92,0xBD,0x55,0xD6,0x34,0xCE,0xEC,0x93,0xB3,0xDD,0x19,0xFF,
    0x96,0xFE,0x5B,0xFF,0xF9,0xEE,0x90,0xBD,0xF0,0xE5,0xF1,0xDD,0xB7,0xEE,0x7B,0xFF,
    0x7B,0xFF,0x5B,0xFF,0x5A,0xFF,0x7B,0xFF,0x7B,0xFF,0x7B,0xFF,0x7B,0xFF,0x7B,0xFF,
    0x5B,0xFF,0x5A,0xFF,0x5A,0xFF,0x76,0xDE,0x53,0xDE,0x74,0xEE,0xB1,0xCD,0x56,0xE6,
    0x96,0xFE,0xB7,0xFE,0xD8,0xF6,0xD2,0xCD,0x75,0xDE,0x34,0xD6,0x30,0xB5,0xF3,0xCD,
    0x95,0xDE,0x54,0xD6,0x91,0xC5,0x71,0xBD,0x30,0xE5,0xD2,0xFD,0x3A,0xFF,0xF8,0xF6,
    0x50,0xC5,0x96,0xDE,0x14,0xCE,0x00,0x00,0x00,0x00,0x00,0x00,0x00,0x00,0x00,0x00,
    0x00,0x00,0x00,0x00,0x00,0x00,0x00,0x00,0x00,0x00,0x00,0x00,0x00,0x00,0x00,0x00,
    0x00,0x00,0x00,0x00,0x00,0x00,0x00,0x00,0x00,0x00,0x00,0x00,0x00,0x00,0x00,0x00,
    0x00,0x00,0x00,0x00,0x00,0x00,0x00,0x00,0x00,0x00,0x00,0x00,0x00,0x00,0x00,0x00,
    0x00,0x00,0x00,0x00,0x00,0x00,0x00,0x00,0x4A,0xAD,0xFF,0xFF,0x0E,0x9C,0xF0,0xB4,
    0xB3,0xC5,0xEF,0xAC,0x10,0xAD,0x30,0xB5,0xF3,0xCD,0xD2,0xC5,0x71,0xCD,0x96,0xF6,
    0xB7,0xFE,0x96,0xFE,0xB7,0xFE,0x97,0xFE,0x76,0xF6,0xF8,0xFE,0x5A,0xFF,0x5B,0xFF,
    0x7B,0xFF,0x7B,0xFF,0x5B,0xFF,0x7B,0xFF,0x7B,0xFF,0x7B,0xFF,0x7B,0xFF,0x7B,0xFF,
    0x5B,0xFF,0x5A,0xFF,0x3A,0xFF,0x3A,0xFF,0xB8,0xFE,0x97,0xFE,0x97,0xFE,0x76,0xFE,
    0x55,0xFE,0x55,0xFE,0xD2,0xD5,0x74,0xD6,0xD2,0xCD,0x0F,0xAD,0x71,0xBD,0x95,0xDE,
    0x95,0xDE,0x34,0xD6,0x34,0xD6,0x91,0xCD,0x51,0xED,0xF9,0xFE,0xBC,0xFF,0x92,0xCD,
    0xD3,0xCD,0x96,0xDE,0x14,0xCE,0x00,0x00,0x00,0x00,0x00,0x00,0x00,0x00,0x00,0x00,
    0x00,0x00,0x00,0x00,0x00,0x00,0x00,0x00,0x00,0x00,0x00,0x00,0x00,0x00,0x00,0x00,
    0x00,0x00,0x00,0x00,0x00,0x00,0x00,0x00,0x00,0x00,0x00,0x00,0x00,0x00,0x00,0x00,
    0x00,0x00,0x00,0x00,0x00,0x00,0x00,0x00,0x00,0x00,0x00,0x00,0x00,0x00,0x00,0x00,
    0x00,0x00,0x00,0x00,0x00,0x00,0x00,0x00,0xAA,0xAA,0x00,0x00,0xED,0x9B,0x15,0xD6,
    0x76,0xDE,0x92,0xBD,0x92,0xBD,0x31,0xB5,0xCF,0xA4,0x2C,0x94,0xCE,0xC4,0xF3,0xED,
    0x75,0xFE,0x76,0xFE,0x96,0xFE,0xB7,0xFE,0xD8,0xFE,0xF9,0xFE,0x3A,0xFF,0x7B,0xFF,
    0x7B,0xFF,0x7B,0xFF,0x7B,0xFF,0x7B,0xFF,0x7B,0xFF,0x7B,0xFF,0x9C,0xFF,0x7B,0xFF,
    0x5B,0xFF,0x5A,0xFF,0x3A,0xFF,0xF8,0xFE,0xB7,0xFE,0x76,0xFE,0x55,0xFE,0x76,0xFE,
    0x56,0xF6,0x71,0xD5,0xB1,0xCD,0xEF,0xBC,0xEF,0xAC,0x91,0xBD,0x54,0xD6,0x95,0xDE,
    0xB6,0xDE,0x96,0xDE,0x95,0xD6,0x71,0xCD,0x7B,0xFF,0x7B,0xFF,0x52,0xCD,0x10,0xB5,
    0x35,0xD6,0x55,0xDE,0xF3,0xCD,0x00,0x00,0x00,0x00,0x00,0x00,0x00,0x00,0x00,0x00,
    0x00,0x00,0x00,0x00,0x00,0x00,0x00,0x00,0x00,0x00,0x00,0x00,0x00,0x00,0x00,0x00,
    0x00,0x00,0x00,0x00,0x00,0x00,0x00,0x00,0x00,0x00,0x00,0x00,0x00,0x00,0x00,0x00,
    0x00,0x00,0x00,0x00,0x00,0x00,0x00,0x00,0x00,0x00,0x00,0x00,0x00,0x00,0x00,0x00,
    0x00,0x00,0x00,0x00,0x00,0x00,0x00,0x00,0x00,0x00,0x00,0x00,0x90,0xAC,0xB6,0xE6,
    0x54,0xD6,0x96,0xDE,0xB3,0xC5,0x92,0xBD,0x31,0xAD,0xAB,0x8B,0x8E,0xCC,0xD7,0xFE,
    0x76,0xFE,0x97,0xFE,0x97,0xFE,0xB7,0xFE,0xF8,0xFE,0x19,0xFF,0x3A,0xFF,0x5B,0xFF,
    0x7B,0xFF,0x5B,0xFF,0x3A,0xFF,0x9C,0xFF,0x9C,0xFF,0x7B,0xFF,0xD9,0xF6,0x7C,0xFF,
    0x7B,0xFF,0x5A,0xFF,0x3A,0xFF,0x19,0xFF,0xD8,0xFE,0x97,0xFE,0x96,0xFE,0x96,0xFE,
    0x97,0xFE,0x35,0xF6,0xF3,0xF5,0xAE,0xBC,0xD3,0xCD,0x75,0xDE,0xB6,0xE6,0x95,0xDE,
    0x96,0xDE,0x96,0xDE,0x34,0xD6,0xEF,0xC4,0x72,0xDD,0x6D,0xB4,0xCF,0xA4,0xB3,0xBD,
    0x35,0xD6,0x55,0xD6,0xD3,0xC5,0x00,0x00,0x00,0x00,0x00,0x00,0x00,0x00,0x00,0x00,
    0x00,0x00,0x00,0x00,0x00,0x00,0x00,0x00,0x00,0x00,0x00,0x00,0x00,0x00,0x00,0x00,
    0x00,0x00,0x00,0x00,0x00,0x00,0x00,0x00,0x00,0x00,0x00,0x00,0x00,0x00,0x00,0x00,
    0x00,0x00,0x00,0x00,0x00,0x00,0x00,0x00,0x00,0x00,0x00,0x00,0x00,0x00,0x00,0x00,
    0x00,0x00,0x00,0x00,0x00,0x00,0xEF,0x7B,0x00,0x00,0x6C,0x8B,0xB3,0xC5,0x95,0xDE,
    0x34,0xD6,0x96,0xE6,0x34,0xD6,0xB3,0xC5,0xF0,0xAC,0x8F,0x9C,0x0C,0xB4,0xF9,0xFE,
    0xF9,0xFE,0xD8,0xFE,0xD8,0xFE,0xF8,0xFE,0x19,0xFF,0x3A,0xFF,0x5A,0xFF,0x5B,0xFF,
    0x7B,0xFF,0x7B,0xFF,0x36,0xEE,0xD8,0xF6,0x5A,0xFF,0x76,0xEE,0x77,0xEE,0x9C,0xFF,
    0x7B,0xFF,0x7B,0xFF,0x3A,0xFF,0x19,0xFF,0x19,0xFF,0xF8,0xFE,0xD8,0xFE,0xB7,0xFE,
    0xB7,0xFE,0x3A,0xFF,0x56,0xEE,0xB2,0xCD,0xD6,0xE6,0xB6,0xDE,0xB6,0xDE,0xB6,0xDE,
    0x75,0xD6,0xB6,0xDE,0xB3,0xC5,0x6A,0x7B,0x0D,0x94,0x11,0xAD,0x31,0xAD,0xD3,0xC5,
    0x35,0xD6,0x14,0xCE,0x92,0xBD,0x00,0x00,0x00,0x00,0x00,0x00,0x00,0x00,0x00,0x00,
    0x00,0x00,0x00,0x00,0x00,0x00,0x00,0x00,0x00,0x00,0x00,0x00,0x00,0x00,0x00,0x00,
    0x00,0x00,0x00,0x00,0x00,0x00,0x00,0x00,0x00,0x00,0x00,0x00,0x00,0x00,0x00,0x00,
    0x00,0x00,0x00,0x00,0x00,0x00,0x00,0x00,0x00,0x00,0x00,0x00,0x00,0x00,0x00,0x00,
    0x00,0x00,0x00,0x00,0x00,0x00,0x4A,0xAD,0x00,0x00,0x70,0xA4,0xD8,0xEE,0x75,0xD6,
    0x76,0xDE,0xB7,0xE6,0x55,0xDE,0x55,0xD6,0xCF,0xA4,0x8F,0x9C,0x8E,0xA4,0xAF,0xCC,
    0xF8,0xFE,0xD8,0xFE,0xB7,0xFE,0xD8,0xFE,0x3A,0xFF,0x9C,0xFF,0xBC,0xFF,0x9C,0xFF,
    0x9B,0xFF,0x7B,0xFF,0x7B,0xFF,0x5A,0xFF,0x7B,0xFF,0x7B,0xFF,0xBC,0xFF,0x7B,0xFF,
    0x9B,0xFF,0x7B,0xFF,0x7B,0xFF,0x5A,0xFF,0x3A,0xFF,0x19,0xFF,0xF9,0xFE,0xF9,0xFE,
    0x39,0xFF,0xF8,0xFE,0x72,0xD5,0x96,0xDE,0xB6,0xDE,0xB6,0xDE,0xB6,0xDE,0xB6,0xDE,
    0x13,0xCE,0x95,0xDE,0x6E,0x9C,0x0D,0x84,0x31,0xAD,0x52,0xB5,0x52,0xB5,0x14,0xCE,
    0xF4,0xCD,0x92,0xBD,0x92,0xBD,0xB6,0xD6,0x00,0x00,0x00,0x00,0x00,0x00,0x00,0x00,
    0x00,0x00,0x00,0x00,0x00,0x00,0x00,0x00,0x00,0x00,0x00,0x00,0x00,0x00,0x00,0x00,
    0x00,0x00,0x00,0x00,0x00,0x00,0x00,0x00,0x00,0x00,0x00,0x00,0x00,0x00,0x00,0x00,
    0x00,0x00,0x00,0x00,0x00,0x00,0x00,0x00,0x00,0x00,0x00,0x00,0x00,0x00,0x00,0x00,
    0x00,0x00,0x00,0x00,0x00,0x00,0xEF,0x7B,0x00,0x00,0xD0,0xB4,0x59,0xF7,0xF3,0xCD,
    0x14,0xCE,0xD7,0xE6,0x55,0xD6,0x96,0xDE,0x51,0xB5,0x2D,0x94,0x8F,0x9C,0xCC,0x9B,
    0xD0,0xC4,0xF5,0xD5,0xB2,0xCD,0x92,0xCD,0xB3,0xCD,0xD4,0xCD,0x36,0xD6,0x98,0xE6,
    0x5B,0xF7,0xBD,0xFF,0xBC,0xFF,0x7B,0xFF,0x9C,0xFF,0x7B,0xFF,0x7B,0xFF,0x7B,0xFF,
    0x7B,0xFF,0x9B,0xFF,0x7B,0xFF,0x7B,0xFF,0x5A,0xFF,0x3A,0xFF,0x7B,0xFF,0x3A,0xFF,
    0xD3,0xE5,0xCB,0xA3,0xEF,0xB4,0x18,0xEF,0x96,0xDE,0xB6,0xDE,0xB6,0xDE,0x55,0xD6,
    0x34,0xD6,0xD3,0xC5,0xED,0x83,0x4E,0x8C,0x52,0xAD,0x52,0xB5,0xB3,0xBD,0x14,0xCE,
    0x92,0xBD,0x31,0xAD,0xD3,0xC5,0xF8,0xE6,0x00,0x00,0x00,0x00,0x00,0x00,0x00,0x00,
    0x00,0x00,0x00,0x00,0x00,0x00,0x00,0x00,0x00,0x00,0x00,0x00,0x00,0x00,0x00,0x00,
    0x00,0x00,0x00,0x00,0x00,0x00,0x00,0x00,0x00,0x00,0x00,0x00,0x00,0x00,0x00,0x00,
    0x00,0x00,0x00,0x00,0x00,0x00,0x00,0x00,0x00,0x00,0x00,0x00,0x00,0x00,0x00,0x00,
    0x00,0x00,0x00,0x00,0xFF,0xFF,0x00,0x00,0xEF,0x7B,0x12,0xBD,0x59,0xF7,0x6E,0xA4,
    0x31,0xBD,0x55,0xD6,0x54,0xD6,0x96,0xDE,0xD3,0xC5,0x4E,0xA4,0x55,0xDE,0x38,0xF7,
    0xBD,0xFF,0xDD,0xFF,0x59,0xEF,0x18,0xE7,0xF7,0xE6,0xD7,0xDE,0x75,0xD6,0xB2,0xBD,
    0x71,0xB5,0x72,0xC5,0x77,0xE6,0x9B,0xFF,0x7B,0xFF,0x7B,0xFF,0x7B,0xFF,0x7B,0xFF,
    0x9C,0xFF,0x9C,0xFF,0x9C,0xFF,0x9C,0xFF,0x5B,0xFF,0xF8,0xFE,0x31,0xD5,0xAB,0x9B,
    0xAB,0x83,0x0D,0x84,0x55,0xD6,0xD6,0xDE,0x95,0xDE,0x75,0xD6,0x95,0xDE,0xB2,0xBD,
    0x55,0xD6,0x6E,0x9C,0x4E,0x8C,0x4E,0x94,0x52,0xB5,0x51,0xB5,0xD3,0xC5,0xB3,0xBD,
    0x72,0xB5,0x31,0xAD,0xF4,0xC5,0x76,0xDE,0x00,0x00,0x00,0x00,0x00,0x00,0x00,0x00,
    0x00,0x00,0x00,0x00,0x00,0x00,0x00,0x00,0x00,0x00,0x00,0x00,0x00,0x00,0x00,0x00,
    0x00,0x00,0x00,0x00,0x00,0x00,0x00,0x00,0x00,0x00,0x00,0x00,0x00,0x00,0x00,0x00,
    0x00,0x00,0x00,0x00,0x00,0x00,0x00,0x00,0x00,0x00,0x00,0x00,0x00,0x00,0x00,0x00,
    0x00,0x00,0x00,0x00,0xFF,0xFF,0x00,0x00,0xCB,0x7A,0x52,0xBD,0xB6,0xE6,0x4F,0xA4,
    0x31,0xBD,0xD2,0xC5,0xD2,0xC5,0xB6,0xE6,0x91,0xC5,0x35,0xDE,0xFC,0xFF,0x58,0xEF,
    0x9A,0xFF,0x18,0xEF,0xD6,0xDE,0xF7,0xDE,0xF7,0xDE,0x18,0xE7,0x18,0xE7,0xB6,0xD6,
    0x95,0xD6,0x12,0xBE,0xCE,0xA4,0x93,0xC5,0xBC,0xFF,0xBC,0xFF,0xDD,0xFF,0x9C,0xFF,
    0x19,0xFF,0xB7,0xF6,0x96,0xFE,0x97,0xFE,0x55,0xFE,0x35,0xFE,0xEC,0xB3,0xAF,0xAC,
    0x4E,0x9C,0x8E,0xA4,0xB6,0xDE,0x55,0xD6,0x55,0xD6,0xB6,0xDE,0xB2,0xBD,0xAF,0xA4,
    0xF0,0xAC,0x2D,0x84,0x8F,0x94,0x8F,0x9C,0x72,0xBD,0xB3,0xC5,0xB3,0xBD,0xB3,0xBD,
    0x92,0xB5,0x11,0xA5,0xF4,0xC5,0x13,0xC6,0x00,0x00,0x00,0x00,0x00,0x00,0x00,0x00,
    0x00,0x00,0x00,0x00,0x00,0x00,0x00,0x00,0x00,0x00,0x00,0x00,0x00,0x00,0x00,0x00,
    0x00,0x00,0x00,0x00,0x00,0x00,0x00,0x00,0x00,0x00,0x00,0x00,0x00,0x00,0x00,0x00,
    0x00,0x00,0x00,0x00,0x00,0x00,0x00,0x00,0x00,0x00,0x00,0x00,0x00,0x00,0x00,0x00,
    0x00,0x00,0x00,0x00,0xFF,0xFF,0x00,0x00,0x6C,0x72,0x72,0xBD,0x35,0xD6,0xEF,0x9B,
    0x8F,0xAC,0x14,0xCE,0x0F,0xAD,0xD3,0xCD,0x10,0xBD,0x75,0xDE,0xF6,0xDE,0xD6,0xDE,
    0x9A,0xFF,0xD6,0xDE,0x95,0xCE,0xB5,0xD6,0x95,0xCE,0x94,0xCE,0x54,0xC6,0xB1,0xAD,
    0xF2,0xB5,0x34,0xBE,0x74,0xC6,0xEB,0x8B,0x4E,0xA4,0xD0,0xB4,0x4E,0xAC,0x6D,0xCC,
    0x0F,0xE5,0x71,0xF5,0xD3,0xFD,0xF3,0xFD,0x14,0xFE,0xF3,0xFD,0x0C,0xB4,0xF5,0xD5,
    0xD4,0xCD,0xF3,0xCD,0x75,0xD6,0x75,0xD6,0xB5,0xDE,0xB3,0xC5,0xCC,0x83,0x6E,0x9C,
    0x4E,0x8C,0xD0,0x94,0x8F,0x94,0x11,0xA5,0xB3,0xBD,0xB3,0xBD,0x93,0xBD,0xB3,0xBD,
    0xF0,0x9C,0x0C,0x84,0x14,0xCE,0x52,0xB5,0x00,0x00,0x00,0x00,0x00,0x00,0x00,0x00,
    0x00,0x00,0x00,0x00,0x00,0x00,0x00,0x00,0x00,0x00,0x00,0x00,0x00,0x00,0x00,0x00,
    0x00,0x00,0x00,0x00,0x00,0x00,0x00,0x00,0x00,0x00,0x00,0x00,0x00,0x00,0x00,0x00,
    0x00,0x00,0x00,0x00,0x00,0x00,0x00,0x00,0x00,0x00,0x00,0x00,0x00,0x00,0x00,0x00,
    0x00,0x00,0x00,0x00,0x00,0x00,0x00,0x00,0x55,0xAD,0x31,0xB5,0x92,0xBD,0x6F,0x93,
    0x4E,0xA4,0x51,0xBD,0x52,0xC5,0x97,0xE6,0x8E,0xBC,0x96,0xDE,0xD5,0xD6,0xD6,0xDE,
    0x7A,0xF7,0xD7,0xDE,0xB5,0xD6,0x95,0xD6,0x95,0xCE,0x95,0xCE,0x94,0xCE,0xB1,0xAD,
    0xD2,0xAD,0x50,0xAD,0xEF,0xB4,0x10,0xB5,0x6E,0x9C,0xEB,0x93,0x8F,0xAC,0x0C,0xBC,
    0x75,0xFE,0x55,0xFE,0x55,0xFE,0x55,0xFE,0xB2,0xF5,0x10,0xD5,0x15,0xDE,0x15,0xCE,
    0xD3,0xC5,0xF7,0xE6,0x76,0xDE,0xF3,0xCD,0x4D,0x9C,0x8C,0x7B,0x2D,0x8C,0x6F,0x94,
    0xD0,0x94,0xD0,0x9C,0x6F,0x94,0x31,0xAD,0xB3,0xBD,0x93,0xBD,0x92,0xBD,0xB3,0xBD,
    0xAB,0x73,0x6E,0x94,0x35,0xD6,0x0F,0xA5,0x00,0x00,0x00,0x00,0x00,0x00,0x00,0x00,
    0x00,0x00,0x00,0x00,0x00,0x00,0x00,0x00,0x00,0x00,0x00,0x00,0x00,0x00,0x00,0x00,
    0x00,0x00,0x00,0x00,0x00,0x00,0x00,0x00,0x00,0x00,0x00,0x00,0x00,0x00,0x00,0x00,
    0x00,0x00,0x00,0x00,0x00,0x00,0x00,0x00,0x00,0x00,0x00,0x00,0x00,0x00,0x00,0x00,
    0x00,0x00,0x00,0x00,0x00,0x00,0xAA,0xAA,0x00,0x00,0xD0,0xAC,0x30,0xB5,0xB1,0xB4,
    0xFF,0xFF,0xCB,0x9B,0xD8,0xF6,0x7B,0xFF,0xB2,0xDD,0xD7,0xDE,0xD5,0xD6,0xD5,0xDE,
    0x38,0xEF,0xB6,0xD6,0xB5,0xD6,0x94,0xCE,0x94,0xCE,0x95,0xCE,0x95,0xCE,0xF2,0xB5,
    0x70,0xA5,0x71,0xCD,0x5B,0xFF,0xBD,0xFF,0x5A,0xFF,0x56,0xE6,0x2C,0xB4,0xAE,0xCC,
    0x76,0xFE,0x34,0xFE,0xF3,0xF5,0x51,0xDD,0xD4,0xDD,0x1A,0xEF,0x35,0xD6,0xEF,0xAC,
    0xB2,0xC5,0x30,0xB5,0xEF,0xA4,0x8E,0x9C,0x31,0xC5,0x0D,0x94,0xED,0x83,0xF1,0x9C,
    0xB0,0x94,0xB0,0x94,0x4E,0x94,0x92,0xBD,0x93,0xBD,0x92,0xBD,0xF4,0xC5,0xD0,0xA4,
    0x2D,0x8C,0x72,0xB5,0x35,0xCE,0xD3,0xC5,0x00,0x00,0x00,0x00,0x00,0x00,0x00,0x00,
    0x00,0x00,0x00,0x00,0x00,0x00,0x00,0x00,0x00,0x00,0x00,0x00,0x00,0x00,0x00,0x00,
    0x00,0x00,0x00,0x00,0x00,0x00,0x00,0x00,0x00,0x00,0x00,0x00,0x00,0x00,0x00,0x00,
    0x00,0x00,0x00,0x00,0x00,0x00,0x00,0x00,0x00,0x00,0x00,0x00,0x00,0x00,0x00,0x00,
    0x00,0x00,0x00,0x00,0x00,0x00,0xFF,0xFF,0x00,0x00,0x79,0xDE,0x8E,0xA4,0x6E,0xA4,
    0x00,0x00,0xF0,0xC4,0xD8,0xF6,0xD3,0xF5,0xEF,0xCC,0x18,0xE7,0xB5,0xD6,0xD6,0xDE,
    0x39,0xEF,0xB6,0xD6,0x95,0xCE,0xD7,0xDE,0xD6,0xD6,0x94,0xCE,0x95,0xCE,0x54,0xBE,
    0xEE,0x9C,0x71,0xD5,0x55,0xF6,0xD3,0xE5,0xB7,0xF6,0xBC,0xFF,0x1A,0xF7,0x10,0xD5,
    0xF4,0xF5,0x71,0xE5,0x72,0xD5,0x77,0xE6,0x19,0xF7,0xF9,0xEE,0xD8,0xEE,0xF9,0xEE,
    0x51,0xB5,0x6C,0x84,0x0F,0x9D,0x35,0xDE,0xF8,0xF6,0xD8,0xF6,0x72,0xC5,0xCC,0x83,
    0xB0,0x94,0x2D,0x84,0xF0,0xA4,0xD3,0xC5,0xB3,0xBD,0xF4,0xC5,0xAF,0x9C,0xAF,0x9C,
    0xD0,0xA4,0x14,0xC6,0xD3,0xC5,0x4D,0x94,0x00,0x00,0x00,0x00,0x00,0x00,0x00,0x00,
    0x00,0x00,0x00,0x00,0x00,0x00,0x00,0x00,0x00,0x00,0x00,0x00,0x00,0x00,0x00,0x00,
    0x00,0x00,0x00,0x00,0x00,0x00,0x00,0x00,0x00,0x00,0x00,0x00,0x00,0x00,0x00,0x00,
    0x00,0x00,0x00,0x00,0x00,0x00,0x00,0x00,0x00,0x00,0x00,0x00,0x00,0x00,0x00,0x00,
    0x00,0x00,0x00,0x00,0x00,0x00,0x00,0x00,0x00,0xF8,0x00,0x00,0x73,0xBD,0x90,0xA4,
    0x93,0xC5,0x97,0xE6,0xDD,0xFF,0xB7,0xFE,0x51,0xDD,0xD6,0xDE,0x94,0xD6,0x5A,0xF7,
    0xDC,0xFF,0x59,0xF7,0x18,0xEF,0x9C,0xFF,0x7A,0xFF,0xB5,0xD6,0x94,0xCE,0x33,0xBE,
    0x0F,0xAD,0x56,0xEE,0x39,0xFF,0xB8,0xF6,0x97,0xF6,0x5B,0xFF,0xDD,0xFF,0x57,0xE6,
    0x8E,0xBC,0x35,0xD6,0xF9,0xF6,0xF9,0xEE,0xD8,0xEE,0xD8,0xEE,0x1A,0xF7,0x77,0xDE,
    0x50,0xA5,0x6F,0xA5,0xB2,0xC5,0xF8,0xF6,0xF9,0xF6,0x3A,0xF7,0x9B,0xFF,0xF4,0xD5,
    0x6A,0x73,0x2D,0x8C,0xF4,0xCD,0xF4,0xC5,0x93,0xBD,0xAF,0x9C,0x0D,0x7C,0xAC,0x73,
    0xCF,0x9C,0x51,0xAD,0x6E,0x9C,0xCD,0x8B,0x00,0x00,0x00,0x00,0x00,0x00,0x00,0x00,
    0x00,0x00,0x00,0x00,0x00,0x00,0x00,0x00,0x00,0x00,0x00,0x00,0x00,0x00,0x00,0x00,
    0x00,0x00,0x00,0x00,0x00,0x00,0x00,0x00,0x00,0x00,0x00,0x00,0x00,0x00,0x00,0x00,
    0x00,0x00,0x00,0x00,0x00,0x00,0x00,0x00,0x00,0x00,0x00,0x00,0x00,0x00,0x00,0x00,
    0x00,0x00,0x00,0x00,0x00,0x00,0x00,0x00,0x00,0x00,0x00,0x00,0x00,0x00,0x00,0x00,
    0xF0,0xC4,0x7A,0xFF,0x96,0xFE,0xB2,0xF5,0x10,0xD5,0xF6,0xDE,0x94,0xD6,0x7B,0xF7,
    0xBC,0xFF,0x9B,0xFF,0x9B,0xFF,0x7B,0xFF,0x9B,0xFF,0xF7,0xDE,0x74,0xCE,0xB1,0xAD,
    0xAE,0xB4,0xF8,0xFE,0x19,0xFF,0x7B,0xFF,0x9C,0xFF,0x7B,0xFF,0x5B,0xFF,0x5A,0xFF,
    0xCF,0xBC,0x10,0xB5,0xD8,0xEE,0x3A,0xF7,0xF9,0xF6,0x3A,0xF7,0x76,0xDE,0x91,0xB5,
    0x74,0xCE,0xF3,0xCD,0xD8,0xF6,0x3A,0xF7,0xBC,0xFF,0xFE,0xFF,0x9C,0xFF,0xFD,0xFF,
    0xB3,0xCD,0x8E,0xA4,0x72,0xB5,0xD0,0xA4,0x6E,0x8C,0x8F,0x8C,0x8F,0x94,0x49,0x63,
    0x2D,0x8C,0x72,0xBD,0xFF,0xFF,0x00,0x00,0x00,0x00,0x00,0x00,0x00,0x00,0x00,0x00,
    0x00,0x00,0x00,0x00,0x00,0x00,0x00,0x00,0x00,0x00,0x00,0x00,0x00,0x00,0x00,0x00,
    0x00,0x00,0x00,0x00,0x00,0x00,0x00,0x00,0x00,0x00,0x00,0x00,0x00,0x00,0x00,0x00,
    0x00,0x00,0x00,0x00,0x00,0x00,0x00,0x00,0x00,0x00,0x00,0x00,0x00,0x00,0x00,0x00,
    0x00,0x00,0x00,0x00,0x00,0x00,0x00,0x00,0x00,0x00,0x00,0x00,0xEF,0xBD,0xAA,0x52,
    0xF0,0xC4,0x39,0xFF,0x19,0xFF,0xD3,0xF5,0xEF,0xCC,0x17,0xE7,0xD5,0xD6,0x5A,0xEF,
    0xDD,0xFF,0x7B,0xFF,0x7A,0xFF,0x7B,0xFF,0x7B,0xFF,0xB6,0xD6,0x74,0xCE,0x90,0xA5,
    0x4D,0xA4,0x35,0xF6,0xD8,0xFE,0xD8,0xF6,0x7B,0xFF,0x7B,0xFF,0x5A,0xFF,0x9B,0xFF,
    0x72,0xCD,0x2B,0x8C,0x15,0xC6,0xFF,0xFF,0xFF,0xFF,0xD9,0xDE,0xD2,0xB5,0xF5,0xDE,
    0x33,0xCE,0xF9,0xEE,0xDE,0xFF,0xDD,0xFF,0xDD,0xFF,0xDD,0xFF,0xBD,0xFF,0xBC,0xFF,
    0xDE,0xFF,0x8F,0xA4,0xB0,0x9C,0xAF,0x94,0xF0,0x9C,0xF1,0x9C,0xD0,0x9C,0x52,0xAD,
    0xAF,0x9C,0xD7,0xF6,0xFF,0xFF,0x8F,0xA4,0x00,0x00,0x00,0x00,0x00,0x00,0x00,0x00,
    0x00,0x00,0x00,0x00,0x00,0x00,0x00,0x00,0x00,0x00,0x00,0x00,0x00,0x00,0x00,0x00,
    0x00,0x00,0x00,0x00,0x00,0x00,0x00,0x00,0x00,0x00,0x00,0x00,0x00,0x00,0x00,0x00,
    0x00,0x00,0x00,0x00,0x00,0x00,0x00,0x00,0x00,0x00,0x00,0x00,0x00,0x00,0x00,0x00,
    0x00,0x00,0x00,0x00,0x00,0x00,0x00,0x00,0x00,0x00,0x00,0x00,0x4A,0xAD,0x00,0x00,
    0x10,0xCD,0x7A,0xFF,0x19,0xFF,0xD3,0xFD,0x30,0xD5,0xF7,0xDE,0xD6,0xDE,0x18,0xE7,
    0xBC,0xFF,0x9B,0xFF,0x9B,0xFF,0x7A,0xFF,0xB6,0xD6,0x94,0xCE,0x95,0xCE,0x4F,0x9D,
    0x10,0xBD,0x9C,0xFF,0x9C,0xFF,0x9C,0xFF,0x7B,0xFF,0x7B,0xFF,0x5A,0xFF,0x9B,0xFF,
    0x36,0xE6,0x6D,0xAC,0x30,0xAD,0xF9,0xD6,0xB9,0xD6,0xF2,0xBD,0xF6,0xD6,0x94,0xCE,
    0x35,0xCE,0xFE,0xFF,0x9C,0xFF,0xDD,0xFF,0xDE,0xFF,0xDD,0xFF,0xBD,0xFF,0x9C,0xFF,
    0xFF,0xFF,0x16,0xCE,0xCF,0xA4,0x11,0x9D,0xAF,0x94,0xF0,0x9C,0x31,0xA5,0x14,0xC6,
    0x51,0xAD,0x6E,0x94,0x2E,0x7C,0x6F,0x7C,0x00,0x00,0x00,0x00,0x00,0x00,0x00,0x00,
    0x00,0x00,0x00,0x00,0x00,0x00,0x00,0x00,0x00,0x00,0x00,0x00,0x00,0x00,0x00,0x00,
    0x00,0x00,0x00,0x00,0x00,0x00,0x00,0x00,0x00,0x00,0x00,0x00,0x00,0x00,0x00,0x00,
    0x00,0x00,0x00,0x00,0x00,0x00,0x00,0x00,0x00,0x00,0x00,0x00,0x00,0x00,0x00,0x00,
    0x00,0x00,0x00,0x00,0x00,0x00,0x00,0x00,0x00,0x00,0x00,0x00,0xAA,0xAA,0x00,0x00,
    0xCF,0xC4,0x39,0xFF,0x19,0xFF,0x14,0xF6,0xEF,0xC4,0xF7,0xDE,0xD5,0xD6,0xF6,0xDE,
    0xD6,0xDE,0x7B,0xF7,0x7A,0xF7,0xB6,0xD6,0x74,0xCE,0x94,0xCE,0x33,0xC6,0xB1,0xA5,
    0xAE,0xAC,0x15,0xF6,0x55,0xF6,0xF9,0xFE,0x5A,0xFF,0x5A,0xFF,0x5B,0xFF,0x9C,0xFF,
    0xD8,0xEE,0x92,0xD5,0x92,0xCD,0x70,0xAD,0x33,0xBE,0xD5,0xD6,0xD6,0xD6,0x13,0xC6,
    0x7C,0xF7,0x7B,0xFF,0x7B,0xFF,0xFE,0xFF,0xDD,0xFF,0x7B,0xFF,0x7B,0xFF,0x9C,0xFF,
    0xBD,0xFF,0xFA,0xEE,0xAF,0xA4,0x72,0xAD,0xF0,0x9C,0xAF,0x94,0x92,0xBD,0xF4,0xC5,
    0xB3,0xBD,0x0D,0x7C,0xD4,0xA5,0x35,0xB6,0x00,0x00,0x00,0x00,0x00,0x00,0x00,0x00,
    0x00,0x00,0x00,0x00,0x00,0x00,0x00,0x00,0x00,0x00,0x00,0x00,0x00,0x00,0x00,0x00,
    0x00,0x00,0x00,0x00,0x00,0x00,0x00,0x00,0x00,0x00,0x00,0x00,0x00,0x00,0x00,0x00,
    0x00,0x00,0x00,0x00,0x00,0x00,0x00,0x00,0x00,0x00,0x00,0x00,0x00,0x00,0x00,0x00,
    0x00,0x00,0x00,0x00,0x00,0x00,0x00,0x00,0x00,0x00,0xFF,0xFF,0x00,0x00,0x1C,0xE7,
    0xCF,0xBC,0x96,0xEE,0xDD,0xFF,0x19,0xFF,0x51,0xD5,0xB6,0xD6,0xD5,0xD6,0xD6,0xDE,
    0xB5,0xD6,0xD6,0xD6,0xB6,0xD6,0x95,0xCE,0x95,0xCE,0x94,0xCE,0xF2,0xB5,0x50,0x9D,
    0xAE,0xAC,0x9C,0xFF,0x19,0xFF,0x19,0xFF,0x5B,0xFF,0x5B,0xFF,0x5B,0xFF,0x9C,0xFF,
    0xF9,0xF6,0xF3,0xDD,0xD7,0xF6,0xCE,0xAC,0xB4,0xCE,0xF6,0xD6,0x53,0xC6,0xD9,0xE6,
    0xDE,0xFF,0x19,0xF7,0xDD,0xFF,0x7B,0xFF,0x9B,0xFF,0xDD,0xFF,0xDE,0xFF,0xDE,0xFF,
    0xDD,0xFF,0x5A,0xF7,0xD0,0xAC,0x72,0xB5,0x52,0xB5,0xEF,0x9C,0x51,0xB5,0x92,0xB5,
    0x51,0xAD,0x6F,0x7C,0x15,0xAE,0xF4,0xAD,0x00,0x00,0x00,0x00,0x00,0x00,0x00,0x00,
    0x00,0x00,0x00,0x00,0x00,0x00,0x00,0x00,0x00,0x00,0x00,0x00,0x00,0x00,0x00,0x00,
    0x00,0x00,0x00,0x00,0x00,0x00,0x00,0x00,0x00,0x00,0x00,0x00,0x00,0x00,0x00,0x00,
    0x00,0x00,0x00,0x00,0x00,0x00,0x00,0x00,0x00,0x00,0x00,0x00,0x00,0x00,0x00,0x00,
    0x00,0x00,0x00,0x00,0x00,0x00,0x00,0x00,0x00,0x00,0xEF,0xFB,0x00,0x00,0xD0,0xB4,
    0xF4,0xD5,0xD2,0xD5,0x5A,0xFF,0xD3,0xF5,0xEB,0xBB,0x34,0xCE,0xD5,0xD6,0xD5,0xD6,
    0xD5,0xD6,0xB5,0xD6,0x95,0xCE,0x95,0xCE,0x95,0xCE,0x74,0xCE,0xB1,0xAD,0x70,0x9D,
    0xAD,0xA4,0x93,0xE5,0x39,0xFF,0x7B,0xFF,0x5B,0xFF,0x7B,0xFF,0x5A,0xFF,0x7B,0xFF,
    0x14,0xE6,0xB6,0xEE,0x38,0xFF,0xB3,0xD5,0x72,0xBD,0xD2,0xC5,0x51,0xB5,0xFE,0xFF,
    0x18,0xF7,0x7A,0xFF,0x5A,0xFF,0x7B,0xFF,0xDE,0xFF,0xDE,0xFF,0xDE,0xFF,0xDD,0xFF,
    0xDE,0xFF,0xBD,0xFF,0xF0,0xB4,0x72,0xB5,0x72,0xB5,0x51,0xAD,0xF0,0xA4,0x51,0xAD,
    0xCF,0x94,0xF1,0x8C,0xB4,0xA5,0xB3,0xAD,0x00,0x00,0x00,0x00,0x00,0x00,0x00,0x00,
    0x00,0x00,0x00,0x00,0x00,0x00,0x00,0x00,0x00,0x00,0x00,0x00,0x00,0x00,0x00,0x00,
    0x00,0x00,0x00,0x00,0x00,0x00,0x00,0x00,0x00,0x00,0x00,0x00,0x00,0x00,0x00,0x00,
    0x00,0x00,0x00,0x00,0x00,0x00,0x00,0x00,0x00,0x00,0x00,0x00,0x00,0x00,0x00,0x00,
    0x00,0x00,0x00,0x00,0x00,0x00,0x00,0x00,0x00,0x00,0xEF,0xFB,0x00,0x00,0xED,0x9B,
    0xB8,0xE6,0x71,0xCD,0x30,0xD5,0xB7,0xFE,0x30,0xE5,0x50,0xB5,0x94,0xCE,0xB5,0xD6,
    0xD6,0xD6,0xB5,0xD6,0x95,0xCE,0x94,0xCE,0x94,0xCE,0x33,0xC6,0x91,0xAD,0x70,0xA5,
    0x70,0xA5,0x8D,0x9C,0xEB,0xA3,0x3A,0xFF,0x9C,0xFF,0x7B,0xFF,0x9C,0xFF,0x75,0xEE,
    0x54,0xE6,0x39,0xFF,0xF8,0xF6,0x18,0xF7,0xBD,0xFF,0x9D,0xF7,0x77,0xDE,0x76,0xE6,
    0xD7,0xF6,0x19,0xF7,0x9C,0xFF,0xFE,0xFF,0xDD,0xFF,0xDD,0xFF,0xDD,0xFF,0xDE,0xFF,
    0xBD,0xFF,0xFF,0xFF,0xF1,0xAC,0x6E,0x8C,0xB2,0xBD,0x51,0xB5,0xAF,0x9C,0x31,0xA5,
    0x6E,0x84,0xB0,0x7C,0x73,0x95,0x55,0xBE,0x00,0x00,0x00,0x00,0x00,0x00,0x00,0x00,
    0x00,0x00,0x00,0x00,0x00,0x00,0x00,0x00,0x00,0x00,0x00,0x00,0x00,0x00,0x00,0x00,
    0x00,0x00,0x00,0x00,0x00,0x00,0x00,0x00,0x00,0x00,0x00,0x00,0x00,0x00,0x00,0x00,
    0x00,0x00,0x00,0x00,0x00,0x00,0x00,0x00,0x00,0x00,0x00,0x00,0x00,0x00,0x00,0x00,
    0x00,0x00,0x00,0x00,0x00,0x00,0x00,0x00,0x00,0x00,0x4A,0xAD,0x00,0x00,0x2D,0xA4,
    0x15,0xD6,0x39,0xF7,0xEF,0xCC,0x50,0xE5,0x71,0xED,0x4D,0xA4,0x94,0xC6,0x94,0xCE,
    0xB5,0xD6,0x94,0xCE,0x95,0xCE,0x95,0xCE,0x74,0xCE,0xD2,0xB5,0xB1,0xAD,0xB1,0xAD,
    0x50,0xA5,0xEB,0x8B,0xEC,0x9B,0x51,0xDD,0x19,0xFF,0x19,0xFF,0x14,0xEE,0x13,0xE6,
    0x38,0xF7,0xF7,0xF6,0x18,0xF7,0xF7,0xEE,0x7B,0xF7,0xFE,0xFF,0xFE,0xFF,0x55,0xDE,
    0x13,0xDE,0xBD,0xFF,0xFE,0xFF,0xDD,0xFF,0xDE,0xFF,0xDE,0xFF,0xDD,0xFF,0xDD,0xFF,
    0xDD,0xFF,0xFF,0xFF,0x53,0xB5,0xEF,0x5B,0x4F,0x74,0x8F,0x84,0xAF,0x94,0x4D,0x84,
    0xED,0x5B,0x90,0x74,0xB4,0x9D,0x93,0xA5,0x00,0x00,0x00,0x00,0x00,0x00,0x00,0x00,
    0x00,0x00,0x00,0x00,0x00,0x00,0x00,0x00,0x00,0x00,0x00,0x00,0x00,0x00,0x00,0x00,
    0x00,0x00,0x00,0x00,0x00,0x00,0x00,0x00,0x00,0x00,0x00,0x00,0x00,0x00,0x00,0x00,
    0x00,0x00,0x00,0x00,0x00,0x00,0x00,0x00,0x00,0x00,0x00,0x00,0x00,0x00,0x00,0x00,
    0x00,0x00,0x00,0x00,0x00,0x00,0x00,0x00,0xFF,0xFF,0x00,0xF8,0xEA,0xAB,0xB4,0xCD,
    0x19,0xF7,0x18,0xF7,0xF7,0xF6,0xB2,0xD5,0x92,0xD5,0xCF,0xBC,0xAE,0xA4,0x91,0xAD,
    0xB1,0xAD,0xB1,0xAD,0xD2,0xAD,0xF2,0xB5,0xB1,0xAD,0x70,0xA5,0xB1,0xAD,0xF2,0xB5,
    0x2C,0x94,0x2C,0x8C,0x30,0xBD,0xEF,0xBC,0x4C,0xB4,0xB2,0xE5,0x34,0xE6,0x5A,0xFF,
    0x19,0xF7,0x18,0xF7,0xF7,0xF6,0xF8,0xF6,0xDD,0xFF,0xDE,0xFF,0xDD,0xFF,0xBC,0xFF,
    0x96,0xE6,0xFE,0xFF,0xDE,0xFF,0xDE,0xFF,0xDD,0xFF,0xDD,0xFF,0xDD,0xFF,0xDD,0xFF,
    0xBD,0xFF,0xFF,0xFF,0x12,0xAD,0x72,0x64,0x51,0x5C,0xD3,0x74,0xF2,0x7C,0xEE,0x63,
    0x13,0x7D,0x94,0x95,0xD5,0xA5,0x93,0x9D,0x00,0x00,0x00,0x00,0x00,0x00,0x00,0x00,
    0x00,0x00,0x00,0x00,0x00,0x00,0x00,0x00,0x00,0x00,0x00,0x00,0x00,0x00,0x00,0x00,
    0x00,0x00,0x00,0x00,0x00,0x00,0x00,0x00,0x00,0x00,0x00,0x00,0x00,0x00,0x00,0x00,
    0x00,0x00,0x00,0x00,0x00,0x00,0x00,0x00,0x00,0x00,0x00,0x00,0x00,0x00,0x00,0x00,
    0x00,0x00,0x00,0x00,0x00,0x00,0x00,0x00,0xEF,0xFB,0x00,0x00,0x2D,0xAC,0x78,0xDE,
    0xFE,0xFF,0xF8,0xEE,0xF8,0xEE,0x96,0xE6,0x75,0xE6,0xB6,0xE6,0x72,0xC5,0x8E,0xA4,
    0x6D,0x9C,0xCE,0xA4,0x0F,0xA5,0xEF,0xA4,0xCE,0x94,0x8D,0x94,0x8D,0x94,0xAE,0xA4,
    0x2D,0x9C,0x0F,0x9D,0xAE,0xAC,0x95,0xEE,0xF3,0xDD,0xD7,0xEE,0x39,0xF7,0x3A,0xF7,
    0x7B,0xFF,0x18,0xF7,0xF7,0xF6,0xD7,0xF6,0x5A,0xFF,0xBD,0xFF,0xDD,0xFF,0xFE,0xFF,
    0x3A,0xF7,0x19,0xF7,0x9C,0xFF,0x9B,0xFF,0x7B,0xFF,0x5A,0xFF,0x9C,0xFF,0xDD,0xFF,
    0xBD,0xFF,0xDD,0xFF,0xF0,0xAC,0xAD,0x6B,0xCE,0x63,0xD2,0x74,0x14,0x75,0x2F,0x6C,
    0x90,0x74,0xF2,0x7C,0x73,0x95,0xF0,0x8C,0x00,0x00,0x00,0x00,0x00,0x00,0x00,0x00,
    0x00,0x00,0x00,0x00,0x00,0x00,0x00,0x00,0x00,0x00,0x00,0x00,0x00,0x00,0x00,0x00,
    0x00,0x00,0x00,0x00,0x00,0x00,0x00,0x00,0x00,0x00,0x00,0x00,0x00,0x00,0x00,0x00,
    0x00,0x00,0x00,0x00,0x00,0x00,0x00,0x00,0x00,0x00,0x00,0x00,0x00,0x00,0x00,0x00,
    0x00,0x00,0x00,0x00,0x00,0x00,0x00,0x00,0x55,0xFD,0x00,0x00,0xD0,0xBC,0x3A,0xF7,
    0xDD,0xFF,0xB7,0xEE,0xB6,0xEE,0x75,0xE6,0x55,0xDE,0x96,0xE6,0xB7,0xE6,0x55,0xDE,
    0xB2,0xD5,0x76,0xE6,0x72,0xCD,0x10,0xBD,0x10,0xBD,0x92,0xCD,0x93,0xCD,0x35,0xE6,
    0x10,0xB5,0x91,0xAD,0xCF,0xA4,0x51,0xC5,0xB6,0xEE,0x75,0xE6,0xF8,0xEE,0xF8,0xEE,
    0x7B,0xFF,0x18,0xF7,0xF7,0xF6,0xBC,0xFF,0x9B,0xFF,0xBC,0xFF,0xDD,0xFF,0xDE,0xFF,
    0xDD,0xFF,0x96,0xEE,0x19,0xF7,0x39,0xF7,0x5A,0xFF,0x5A,0xFF,0x9C,0xFF,0xDD,0xFF,
    0xBD,0xFF,0xDC,0xFF,0xAF,0xAC,0x6E,0x94,0x51,0xAD,0xAF,0x8C,0x8F,0x84,0xF0,0x9C,
    0x8E,0x8C,0xAC,0x73,0x32,0xA5,0x8F,0x9C,0x00,0x00,0x00,0x00,0x00,0x00,0x00,0x00,
    0x00,0x00,0x00,0x00,0x00,0x00,0x00,0x00,0x00,0x00,0x00,0x00,0x00,0x00,0x00,0x00,
    0x00,0x00,0x00,0x00,0x00,0x00,0x00,0x00,0x00,0x00,0x00,0x00,0x00,0x00,0x00,0x00,
    0x00,0x00,0x00,0x00,0x00,0x00,0x00,0x00,0x00,0x00,0x00,0x00,0x00,0x00,0x00,0x00,
    0x00,0x00,0x00,0x00,0x00,0x00,0x00,0x00,0x55,0xFD,0x00,0x00,0x52,0xC5,0xDD,0xFF,
    0xFE,0xFF,0x5A,0xFF,0xD7,0xEE,0x54,0xDE,0x55,0xDE,0x76,0xE6,0x14,0xD6,0x14,0xDE,
    0xD7,0xEE,0x5A,0xFF,0xB7,0xE6,0x13,0xDE,0xD8,0xEE,0x19,0xF7,0x96,0xEE,0x35,0xDE,
    0x31,0xC5,0x30,0xAD,0x91,0xBD,0xF0,0xBC,0x35,0xDE,0x96,0xEE,0xD7,0xEE,0xD7,0xEE,
    0xD8,0xEE,0x18,0xF7,0xBC,0xFF,0xDD,0xFF,0xDE,0xFF,0xDD,0xFF,0xDE,0xFF,0xDE,0xFF,
    0xFE,0xFF,0x5A,0xFF,0x7B,0xFF,0xBC,0xFF,0x7B,0xFF,0x9C,0xFF,0xDE,0xFF,0xDE,0xFF,
    0xDE,0xFF,0xBC,0xFF,0xF0,0xB4,0x52,0xAD,0x72,0xB5,0x31,0xAD,0x92,0xB5,0x30,0xA5,
    0x71,0xAD,0xF0,0x9C,0x4E,0x8C,0x00,0x00,0x00,0x00,0x00,0x00,0x00,0x00,0x00,0x00,
    0x00,0x00,0x00,0x00,0x00,0x00,0x00,0x00,0x00,0x00,0x00,0x00,0x00,0x00,0x00,0x00,
    0x00,0x00,0x00,0x00,0x00,0x00,0x00,0x00,0x00,0x00,0x00,0x00,0x00,0x00,0x00,0x00,
    0x00,0x00,0x00,0x00,0x00,0x00,0x00,0x00,0x00,0x00,0x00,0x00,0x00,0x00,0x00,0x00,
    0x00,0x00,0x00,0x00,0x00,0x00,0x00,0x00,0xFF,0xFF,0x00,0x00,0xB4,0xD5,0xFF,0xFF,
    0xDD,0xFF,0xBD,0xFF,0xDE,0xFF,0x39,0xF7,0xD8,0xEE,0xD8,0xEE,0xF8,0xF6,0x18,0xF7,
    0xF8,0xEE,0xF8,0xF6,0x35,0xDE,0x91,0xCD,0xB7,0xEE,0xD8,0xEE,0x96,0xE6,0x34,0xDE,
    0xB3,0xCD,0x56,0xE6,0x96,0xE6,0x92,0xCD,0x55,0xDE,0x96,0xE6,0x54,0xE6,0xD7,0xEE,
    0xD7,0xEE,0x7A,0xFF,0xDE,0xFF,0xDD,0xFF,0xDD,0xFF,0xDD,0xFF,0xDD,0xFF,0xDD,0xFF,
    0xDE,0xFF,0x9C,0xFF,0x18,0xF7,0x39,0xFF,0xDD,0xFF,0xDD,0xFF,0xDD,0xFF,0xDE,0xFF,
    0xDE,0xFF,0x7B,0xFF,0x8E,0xA4,0x30,0xAD,0x10,0xA5,0x72,0xBD,0xB2,0xBD,0x71,0xAD,
    0xF3,0xC5,0x54,0xCE,0x8E,0x94,0xF5,0xCD,0x00,0x00,0x00,0x00,0x00,0x00,0x00,0x00,
    0x00,0x00,0x00,0x00,0x00,0x00,0x00,0x00,0x00,0x00,0x00,0x00,0x00,0x00,0x00,0x00,
    0x00,0x00,0x00,0x00,0x00,0x00,0x00,0x00,0x00,0x00,0x00,0x00,0x00,0x00,0x00,0x00,
    0x00,0x00,0x00,0x00,0x00,0x00,0x00,0x00,0x00,0x00,0x00,0x00,0x00,0x00,0x00,0x00,
    0x00,0x00,0x00,0x00,0x00,0x00,0x00,0x00,0xFF,0xFF,0x00,0x00,0x94,0xCD,0xFE,0xFF,
    0xDD,0xFF,0xDD,0xFF,0xDE,0xFF,0xBC,0xFF,0x7A,0xFF,0x5A,0xFF,0x5A,0xFF,0x5A,0xFF,
    0x19,0xF7,0xF8,0xF6,0x34,0xDE,0xD3,0xD5,0xF8,0xEE,0xF8,0xEE,0x19,0xF7,0x55,0xDE,
    0xD3,0xD5,0xB7,0xEE,0xB7,0xEE,0x71,0xC5,0xF8,0xEE,0xF8,0xF6,0x19,0xF7,0xBD,0xFF,
    0x9B,0xFF,0x5A,0xFF,0xDE,0xFF,0xDE,0xFF,0xDD,0xFF,0xDD,0xFF,0xDD,0xFF,0xDD,0xFF,
    0xDE,0xFF,0xBC,0xFF,0x7B,0xFF,0x18,0xF7,0x5A,0xFF,0xDD,0xFF,0xDD,0xFF,0xBD,0xFF,
    0x9C,0xFF,0xD8,0xEE,0x2C,0x9C,0x71,0xB5,0x51,0xB5,0x92,0xBD,0x92,0xBD,0x31,0xAD,
    0xD3,0xBD,0x75,0xD6,0x51,0xAD,0x8F,0x94,0x00,0x00,0x00,0x00,0x00,0x00,0x00,0x00,
    0x00,0x00,0x00,0x00,0x00,0x00,0x00,0x00,0x00,0x00,0x00,0x00,0x00,0x00,0x00,0x00,
    0x00,0x00,0x00,0x00,0x00,0x00,0x00,0x00,0x00,0x00,0x00,0x00,0x00,0x00,0x00,0x00,
    0x00,0x00,0x00,0x00,0x00,0x00,0x00,0x00,0x00,0x00,0x00,0x00,0x00,0x00,0x00,0x00,
    0x00,0x00,0x00,0x00,0x00,0x00,0x00,0x00,0xEF,0x7B,0x00,0x00,0x93,0xCD,0xFF,0xFF,
    0xBC,0xFF,0x9C,0xFF,0xDE,0xFF,0xBD,0xFF,0x5A,0xFF,0x5A,0xFF,0x5A,0xFF,0x5A,0xFF,
    0x3A,0xF7,0xD8,0xEE,0x35,0xDE,0x14,0xD6,0xF8,0xEE,0xF8,0xF6,0x19,0xF7,0x14,0xDE,
    0x14,0xD6,0xD8,0xEE,0xF9,0xEE,0xB2,0xCD,0xD8,0xEE,0x9C,0xFF,0x9C,0xFF,0xDE,0xFF,
    0xBD,0xFF,0xBC,0xFF,0xDE,0xFF,0xDD,0xFF,0xDD,0xFF,0xDD,0xFF,0xDD,0xFF,0xDD,0xFF,
    0xDD,0xFF,0xBD,0xFF,0x9C,0xFF,0x7B,0xFF,0x39,0xFF,0xBD,0xFF,0xDD,0xFF,0x5A,0xFF,
    0x7B,0xFF,0x96,0xE6,0x6D,0xA4,0x92,0xBD,0x72,0xB5,0x71,0xB5,0xB2,0xBD,0x8E,0x9C,
    0xAE,0x9C,0x13,0xC6,0x30,0xA5,0x8F,0x8C,0x00,0x00,0x00,0x00,0x00,0x00,0x00,0x00,
    0x00,0x00,0x00,0x00,0x00,0x00,0x00,0x00,0x00,0x00,0x00,0x00,0x00,0x00,0x00,0x00,
    0x00,0x00,0x00,0x00,0x00,0x00,0x00,0x00,0x00,0x00,0x00,0x00,0x00,0x00,0x00,0x00,
    0x00,0x00,0x00,0x00,0x00,0x00,0x00,0x00,0x00,0x00,0x00,0x00,0x00,0x00,0x00,0x00,
    0x00,0x00,0x00,0x00,0x00,0x00,0x00,0x00,0x55,0xAD,0x00,0x00,0xF0,0xC4,0xBC,0xFF,
    0x9C,0xFF,0x5A,0xFF,0x9B,0xFF,0x9C,0xFF,0x5A,0xFF,0x5A,0xFF,0x5A,0xFF,0x5A,0xFF,
    0x39,0xF7,0x96,0xE6,0x55,0xDE,0x34,0xDE,0xD8,0xEE,0xF8,0xF6,0x19,0xF7,0xF3,0xD5,
    0x34,0xD6,0xB6,0xDE,0xD6,0xDE,0x92,0xC5,0x55,0xDE,0x9C,0xFF,0x7B,0xFF,0xDD,0xFF,
    0xDD,0xFF,0xDD,0xFF,0xDD,0xFF,0xDD,0xFF,0xDD,0xFF,0xDD,0xFF,0xDD,0xFF,0xDD,0xFF,
    0xDD,0xFF,0xDD,0xFF,0xDD,0xFF,0x9C,0xFF,0x18,0xF7,0x9C,0xFF,0xFE,0xFF,0x5A,0xFF,
    0x7B,0xFF,0x14,0xDE,0x6D,0xA4,0x10,0xA5,0x51,0xAD,0x51,0xB5,0x51,0xAD,0xAF,0xA4,
    0xF0,0xAC,0xF3,0xC5,0x31,0xA5,0xD0,0xA4,0x00,0x00,0x00,0x00,0x00,0x00,0x00,0x00,
    0x00,0x00,0x00,0x00,0x00,0x00,0x00,0x00,0x00,0x00,0x00,0x00,0x00,0x00,0x00,0x00,
    0x00,0x00,0x00,0x00,0x00,0x00,0x00,0x00,0x00,0x00,0x00,0x00,0x00,0x00,0x00,0x00,
    0x00,0x00,0x00,0x00,0x00,0x00,0x00,0x00,0x00,0x00,0x00,0x00,0x00,0x00,0x00,0x00,
    0x00,0x00,0x00,0x00,0x00,0x00,0x00,0x00,0xEF,0x7B,0x00,0x00,0xAF,0xBC,0x35,0xDE,
    0xDC,0xFF,0x39,0xFF,0x5A,0xFF,0x5A,0xFF,0x5A,0xFF,0x5A,0xFF,0x5A,0xFF,0x5A,0xFF,
    0x19,0xF7,0xB7,0xEE,0xB7,0xEE,0x34,0xDE,0xD8,0xF6,0xD8,0xEE,0x19,0xF7,0xF3,0xD5,
    0x55,0xDE,0x54,0xD6,0x33,0xCE,0x54,0xD6,0x51,0xC5,0x7B,0xFF,0x5A,0xFF,0x7B,0xFF,
    0xBC,0xFF,0xDD,0xFF,0xDD,0xFF,0xDD,0xFF,0xDD,0xFF,0xDD,0xFF,0xDD,0xFF,0xDD,0xFF,
    0xDD,0xFF,0xDD,0xFF,0xDD,0xFF,0xDD,0xFF,0x7B,0xFF,0xBD,0xFF,0xDD,0xFF,0x5A,0xFF,
    0x39,0xF7,0x13,0xDE,0x2C,0x9C,0x10,0xA5,0x10,0xA5,0x92,0xB5,0x51,0xAD,0xAF,0xA4,
    0x31,0xB5,0x13,0xC6,0xAF,0x9C,0x52,0xBD,0x00,0x00,0x00,0x00,0x00,0x00,0x00,0x00,
    0x00,0x00,0x00,0x00,0x00,0x00,0x00,0x00,0x00,0x00,0x00,0x00,0x00,0x00,0x00,0x00,
    0x00,0x00,0x00,0x00,0x00,0x00,0x00,0x00,0x00,0x00,0x00,0x00,0x00,0x00,0x00,0x00,
    0x00,0x00,0x00,0x00,0x00,0x00,0x00,0x00,0x00,0x00,0x00,0x00,0x00,0x00,0x00,0x00,
    0x00,0x00,0x00,0x00,0x00,0x00,0x00,0x00,0x00,0x00,0xEF,0xFF,0x00,0x00,0xEF,0xBC,
    0x19,0xF7,0x7B,0xFF,0x5A,0xFF,0x5A,0xFF,0x5A,0xFF,0x5A,0xFF,0x5A,0xFF,0x5A,0xFF,
    0xF8,0xF6,0xD7,0xEE,0x96,0xE6,0x35,0xE6,0xF8,0xF6,0xF8,0xF6,0x19,0xF7,0x15,0xD6,
    0x97,0xE6,0x54,0xD6,0x54,0xD6,0xF8,0xEE,0xD4,0xD5,0x35,0xDE,0x9B,0xFF,0x3A,0xFF,
    0x5A,0xFF,0x7B,0xFF,0x9B,0xFF,0x9C,0xFF,0xBD,0xFF,0xDD,0xFF,0xDD,0xFF,0xDD,0xFF,
    0xDD,0xFF,0xDD,0xFF,0xDD,0xFF,0xDD,0xFF,0xBD,0xFF,0xBD,0xFF,0x7B,0xFF,0x5A,0xFF,
    0x96,0xEE,0x14,0xDE,0xED,0x7B,0x6E,0x7C,0x51,0xAD,0x72,0xB5,0x8E,0x9C,0xFF,0xFF,
    0xCF,0x9C,0xB1,0xBD,0xF0,0xAC,0x00,0x00,0x00,0x00,0x00,0x00,0x00,0x00,0x00,0x00,
    0x00,0x00,0x00,0x00,0x00,0x00,0x00,0x00,0x00,0x00,0x00,0x00,0x00,0x00,0x00,0x00,
    0x00,0x00,0x00,0x00,0x00,0x00,0x00,0x00,0x00,0x00,0x00,0x00,0x00,0x00,0x00,0x00,
    0x00,0x00,0x00,0x00,0x00,0x00,0x00,0x00,0x00,0x00,0x00,0x00,0x00,0x00,0x00,0x00,
    0x00,0x00,0x00,0x00,0x00,0x00,0x00,0x00,0x00,0x00,0xFF,0xFF,0xEF,0x7B,0xE7,0x79,
    0x92,0xCD,0xBC,0xFF,0x5A,0xFF,0x5A,0xFF,0x5A,0xFF,0x5A,0xFF,0x5A,0xFF,0x19,0xF7,
    0xD8,0xEE,0xF8,0xF6,0x55,0xDE,0x97,0xE6,0x19,0xF7,0x39,0xF7,0x19,0xEF,0x14,0xD6,
    0xB7,0xE6,0xB7,0xEE,0xF8,0xEE,0xD7,0xEE,0xF8,0xEE,0x30,0xC5,0x76,0xE6,0x9B,0xFF,
    0x5A,0xFF,0x5A,0xFF,0x5A,0xFF,0x5A,0xFF,0x7B,0xFF,0x9B,0xFF,0xBD,0xFF,0xDD,0xFF,
    0xDD,0xFF,0xDD,0xFF,0xDD,0xFF,0xDD,0xFF,0x7B,0xFF,0x7B,0xFF,0x5A,0xFF,0x5A,0xFF,
    0x13,0xDE,0x14,0xDE,0xCD,0x7B,0x0E,0x64,0x0D,0x7C,0x2D,0x94,0xB3,0xC5,0x11,0xA5,
    0x4D,0x8C,0x10,0xAD,0xFF,0xFF,0xEF,0x7B,0x00,0x00,0x00,0x00,0x00,0x00,0x00,0x00,
    0x00,0x00,0x00,0x00,0x00,0x00,0x00,0x00,0x00,0x00,0x00,0x00,0x00,0x00,0x00,0x00,
    0x00,0x00,0x00,0x00,0x00,0x00,0x00,0x00,0x00,0x00,0x00,0x00,0x00,0x00,0x00,0x00,
    0x00,0x00,0x00,0x00,0x00,0x00,0x00,0x00,0x00,0x00,0x00,0x00,0x00,0x00,0x00,0x00,
    0x00,0x00,0x00,0x00,0x00,0x00,0x00,0x00,0x00,0x00,0x00,0x00,0xEF,0xFF,0x00,0x00,
    0x51,0xC5,0x56,0xE6,0xBC,0xFF,0x5A,0xF7,0x39,0xF7,0x5A,0xFF,0x39,0xF7,0xF8,0xEE,
    0x19,0xF7,0xF8,0xF6,0xF3,0xD5,0xF8,0xEE,0x19,0xF7,0x5A,0xFF,0xD8,0xEE,0xD3,0xCD,
    0x18,0xF7,0x18,0xEF,0x19,0xF7,0x19,0xF7,0xD8,0xEE,0x55,0xDE,0xEF,0xBC,0x76,0xE6,
    0x7B,0xFF,0x7B,0xFF,0x7B,0xFF,0x7B,0xFF,0x7B,0xFF,0x7B,0xFF,0x7B,0xFF,0xBD,0xFF,
    0xDD,0xFF,0xDD,0xFF,0xBD,0xFF,0x9B,0xFF,0x7B,0xFF,0x5A,0xFF,0x7A,0xFF,0xB6,0xEE,
    0x14,0xDE,0x76,0xE6,0x2D,0x94,0xF1,0x84,0xB0,0x7C,0xAF,0x9C,0x00,0x00,0x32,0xAD,
    0xF0,0xA4,0x00,0x00,0x00,0x00,0x00,0x00,0x00,0x00,0x00,0x00,0x00,0x00,0x00,0x00,
    0x00,0x00,0x00,0x00,0x00,0x00,0x00,0x00,0x00,0x00,0x00,0x00,0x00,0x00,0x00,0x00,
    0x00,0x00,0x00,0x00,0x00,0x00,0x00,0x00,0x00,0x00,0x00,0x00,0x00,0x00,0x00,0x00,
    0x00,0x00,0x00,0x00,0x00,0x00,0x00,0x00,0x00,0x00,0x00,0x00,0x00,0x00,0x00,0x00,
    0x00,0x00,0x00,0x00,0x00,0x00,0x00,0x00,0x00,0x00,0x00,0x00,0x00,0x00,0xEF,0xFB,
    0x00,0x00,0x6E,0xAC,0xF4,0xDD,0x9A,0xFF,0x7A,0xFF,0x5A,0xFF,0x39,0xF7,0x39,0xF7,
    0xD8,0xEE,0xB2,0xD5,0x13,0xDE,0x18,0xF7,0x3A,0xFF,0x9C,0xFF,0x97,0xE6,0x35,0xD6,
    0x7B,0xF7,0x7B,0xF7,0x5A,0xF7,0x3A,0xF7,0x39,0xF7,0x55,0xDE,0x35,0xDE,0x14,0xD6,
    0x14,0xD6,0x7B,0xFF,0x5A,0xFF,0x7B,0xFF,0x7B,0xFF,0x7A,0xFF,0x5A,0xFF,0x9B,0xFF,
    0xBD,0xFF,0xBD,0xFF,0x9C,0xFF,0x7B,0xFF,0x5A,0xFF,0x7B,0xFF,0x7B,0xFF,0xD3,0xD5,
    0xD8,0xEE,0xB8,0xEE,0xAF,0xA4,0x93,0x9D,0x51,0x95,0x6E,0x94,0xEF,0x7B,0x00,0x00,
    0x00,0x00,0xEF,0x7B,0xEF,0x7B,0x00,0x00,0x00,0x00,0x00,0x00,0x00,0x00,0x00,0x00,
    0x00,0x00,0x00,0x00,0x00,0x00,0x00,0x00,0x00,0x00,0x00,0x00,0x00,0x00,0x00,0x00,
    0x00,0x00,0x00,0x00,0x00,0x00,0x00,0x00,0x00,0x00,0x00,0x00,0x00,0x00,0x00,0x00,
    0x00,0x00,0x00,0x00,0x00,0x00,0x00,0x00,0x00,0x00,0x00,0x00,0x00,0x00,0x00,0x00,
    0x00,0x00,0x00,0x00,0x00,0x00,0x00,0x00,0x00,0x00,0x00,0x00,0x00,0x00,0x00,0x00,
    0x4A,0xAD,0x00,0x00,0x0D,0xA4,0xF0,0xBC,0x56,0xE6,0xD8,0xF6,0x55,0xE6,0xB3,0xCD,
    0x0D,0xA4,0x51,0xC5,0x3A,0xF7,0x19,0xF7,0xF8,0xF6,0x9B,0xFF,0xF4,0xCD,0x97,0xE6,
    0x39,0xF7,0xB7,0xE6,0x96,0xE6,0x18,0xF7,0x7B,0xFF,0xF8,0xEE,0x76,0xE6,0x3A,0xF7,
    0xF3,0xD5,0x55,0xDE,0x7B,0xFF,0x5A,0xF7,0x5A,0xFF,0x5A,0xFF,0x5A,0xFF,0x5A,0xFF,
    0x7B,0xFF,0x7B,0xFF,0x7B,0xFF,0x7B,0xFF,0x5A,0xFF,0x9B,0xFF,0x55,0xDE,0x35,0xDE,
    0x19,0xF7,0xD8,0xEE,0x31,0xB5,0xB3,0xA5,0xCF,0x8C,0xCF,0xA4,0x00,0x00,0xB2,0xB5,
    0xAA,0xAA,0x00,0x00,0x00,0x00,0xEF,0xFB,0x00,0x00,0x00,0x00,0x00,0x00,0x00,0x00,
    0x00,0x00,0x00,0x00,0x00,0x00,0x00,0x00,0x00,0x00,0x00,0x00,0x00,0x00,0x00,0x00,
    0x00,0x00,0x00,0x00,0x00,0x00,0x00,0x00,0x00,0x00,0x00,0x00,0x00,0x00,0x00,0x00,
    0x00,0x00,0x00,0x00,0x00,0x00,0x00,0x00,0x00,0x00,0x00,0x00,0x00,0x00,0x00,0x00,
    0x00,0x00,0x00,0x00,0x00,0x00,0x00,0x00,0x00,0x00,0x00,0x00,0x00,0x00,0x00,0x00,
    0x00,0x00,0xEF,0x7B,0x00,0x00,0xEF,0x9B,0x2D,0xA4,0x6E,0xAC,0x4D,0xAC,0xD0,0xB4,
    0x31,0xC5,0x19,0xF7,0x19,0xF7,0x18,0xF7,0xF8,0xEE,0x9B,0xFF,0x6F,0x8C,0x0D,0x7C,
    0x31,0xAD,0x30,0xAD,0x30,0xB5,0x14,0xD6,0xD7,0xEE,0x76,0xDE,0x56,0xDE,0xF8,0xF6,
    0xF8,0xF6,0xD3,0xCD,0x55,0xE6,0x7B,0xFF,0x5A,0xFF,0x5A,0xFF,0x5A,0xFF,0x5A,0xFF,
    0x7B,0xFF,0x7B,0xFF,0x7B,0xFF,0x7B,0xFF,0x7B,0xFF,0x76,0xE6,0xD3,0xD5,0xD8,0xEE,
    0xF8,0xF6,0xB7,0xEE,0xF0,0x9C,0x31,0x95,0x4E,0x8C,0xFC,0xFF,0x4A,0xAD,0x00,0x00,
    0x00,0x00,0xF3,0xDD,0xF3,0xBD,0x00,0x00,0x00,0x00,0x00,0x00,0x00,0x00,0x00,0x00,
    0x00,0x00,0x00,0x00,0x00,0x00,0x00,0x00,0x00,0x00,0x00,0x00,0x00,0x00,0x00,0x00,
    0x00,0x00,0x00,0x00,0x00,0x00,0x00,0x00,0x00,0x00,0x00,0x00,0x00,0x00,0x00,0x00,
    0x00,0x00,0x00,0x00,0x00,0x00,0x00,0x00,0x00,0x00,0x00,0x00,0x00,0x00,0x00,0x00,
    0x00,0x00,0x00,0x00,0x00,0x00,0x00,0x00,0x00,0x00,0x00,0x00,0x00,0x00,0x00,0x00,
    0x00,0x00,0x00,0x00,0xEF,0x7B,0x00,0x00,0x00,0x00,0x00,0x00,0xF7,0xDE,0xF0,0xBC,
    0x7B,0xFF,0x19,0xF7,0x19,0xF7,0x5A,0xFF,0xBC,0xFF,0x3B,0xEF,0x0D,0x74,0x0D,0x64,
    0x2D,0x6C,0xAF,0x7C,0xCF,0x84,0xAF,0x8C,0x8F,0x84,0x8B,0x63,0xF4,0xCD,0xF8,0xEE,
    0xB8,0xEE,0xD8,0xEE,0x71,0xCD,0xF3,0xD5,0xF8,0xF6,0x7A,0xFF,0x7B,0xFF,0x7B,0xFF,
    0x5A,0xFF,0x5A,0xFF,0x7A,0xFF,0x3A,0xFF,0x55,0xDE,0x55,0xDE,0x97,0xE6,0x76,0xE6,
    0xF8,0xF6,0x76,0xE6,0x8E,0x9C,0x11,0x9D,0xFF,0xFF,0x00,0x00,0x00,0x00,0xD3,0xD5,
    0x12,0xE6,0x12,0xE6,0x33,0xE6,0xD2,0xDD,0x00,0x00,0x00,0x00,0x00,0x00,0x00,0x00,
    0x00,0x00,0x00,0x00,0x00,0x00,0x00,0x00,0x00,0x00,0x00,0x00,0x00,0x00,0x00,0x00,
    0x00,0x00,0x00,0x00,0x00,0x00,0x00,0x00,0x00,0x00,0x00,0x00,0x00,0x00,0x00,0x00,
    0x00,0x00,0x00,0x00,0x00,0x00,0x00,0x00,0x00,0x00,0x00,0x00,0x00,0x00,0x00,0x00,
    0x00,0x00,0x00,0x00,0x00,0x00,0x00,0x00,0x00,0x00,0x00,0x00,0x00,0x00,0x00,0x00,
    0x00,0x00,0x00,0x00,0x00,0x00,0xFF,0xFF,0x2C,0x9B,0xAA,0xAA,0x8E,0xAC,0x9B,0xFF,
    0xFD,0xFF,0x9C,0xFF,0xBD,0xFF,0x7B,0xFF,0xDD,0xFF,0xB4,0xBD,0xCC,0x5B,0xB0,0x7C,
    0x11,0x8D,0x10,0x8D,0x10,0x8D,0x10,0x8D,0xF0,0x84,0x2D,0x6C,0x35,0xCE,0x19,0xF7,
    0xD7,0xEE,0xF8,0xF6,0x97,0xEE,0xF3,0xD5,0xB2,0xCD,0x14,0xDE,0xB7,0xEE,0x39,0xF7,
    0x5A,0xF7,0x19,0xF7,0x96,0xE6,0xB2,0xD5,0x35,0xDE,0x19,0xF7,0xF8,0xF6,0x76,0xE6,
    0xF9,0xF6,0x76,0xE6,0xCE,0xB4,0xFF,0xFF,0x00,0x00,0xFF,0xFF,0xD3,0xD5,0x12,0xE6,
    0xB4,0xFE,0x32,0xEE,0xD5,0xFE,0x53,0xEE,0x00,0x00,0x00,0x00,0x00,0x00,0x00,0x00,
    0x00,0x00,0x00,0x00,0x00,0x00,0x00,0x00,0x00,0x00,0x00,0x00,0x00,0x00,0x00,0x00,
    0x00,0x00,0x00,0x00,0x00,0x00,0x00,0x00,0x00,0x00,0x00,0x00,0x00,0x00,0x00,0x00,
    0x00,0x00,0x00,0x00,0x00,0x00,0x00,0x00,0x00,0x00,0x00,0x00,0x00,0x00,0x00,0x00,
    0x00,0x00,0x00,0x00,0x00,0x00,0x00,0x00,0x00,0x00,0x00,0x00,0x00,0x00,0x00,0x00,
    0x00,0x00,0x00,0x00,0x00,0x00,0xEF,0x7B,0xEF,0x7B,0x2D,0xAC,0xB4,0xCD,0x9B,0xFF,
    0x38,0xFF,0xBC,0xFF,0xBC,0xFF,0xBD,0xFF,0xDE,0xFF,0x2E,0x7C,0x8B,0x53,0x4E,0x6C,
    0x8F,0x74,0x8E,0x74,0x6E,0x7C,0xD0,0x84,0xF0,0x84,0x4E,0x74,0x98,0xD6,0xDD,0xFF,
    0xF8,0xF6,0xD7,0xEE,0x96,0xEE,0x76,0xE6,0xF8,0xF6,0x97,0xE6,0x55,0xDE,0x35,0xDE,
    0x35,0xDE,0x35,0xDE,0x76,0xE6,0xB7,0xEE,0xD8,0xEE,0xD8,0xEE,0xF8,0xF6,0xD8,0xEE,
    0xB8,0xEE,0x19,0xF7,0xCF,0xBC,0xAF,0xB4,0xFF,0xFF,0x00,0x00,0xD2,0xD5,0xB4,0xF6,
    0x12,0xE6,0x11,0xE6,0x72,0xF6,0x53,0xEE,0x00,0x00,0x00,0x00,0x00,0x00,0x00,0x00,
    0x00,0x00,0x00,0x00,0x00,0x00,0x00,0x00,0x00,0x00,0x00,0x00,0x00,0x00,0x00,0x00,
    0x00,0x00,0x00,0x00,0x00,0x00,0x00,0x00,0x00,0x00,0x00,0x00,0x00,0x00,0x00,0x00,
    0x00,0x00,0x00,0x00,0x00,0x00,0x00,0x00,0x00,0x00,0x00,0x00,0x00,0x00,0x00,0x00,
    0x00,0x00,0x00,0x00,0x00,0x00,0x00,0x00,0x00,0x00,0x00,0x00,0x00,0x00,0x00,0x00,
    0x00,0x00,0x00,0x00,0x00,0x00,0xE7,0xBB,0x00,0x00,0x2D,0xA4,0x97,0xE6,0x9C,0xFF,
    0x9C,0xFF,0x9B,0xFF,0x5A,0xFF,0xFE,0xFF,0x78,0xCE,0xED,0x63,0x6F,0x6C,0x6F,0x74,
    0x8F,0x74,0xCD,0x5B,0x8C,0x5B,0x6E,0x74,0x8F,0x74,0xCC,0x5B,0x57,0xCE,0xFF,0xFF,
    0x9C,0xFF,0x39,0xF7,0xF8,0xF6,0x76,0xE6,0xD8,0xEE,0x3A,0xF7,0x3A,0xF7,0xF9,0xF6,
    0xD8,0xF6,0xF9,0xF6,0x19,0xF7,0xF8,0xEE,0xD8,0xEE,0xF8,0xF6,0x3A,0xF7,0x5A,0xFF,
    0xD7,0xEE,0xF8,0xF6,0xD3,0xD5,0x6D,0xAC,0x00,0x00,0x00,0x00,0x91,0xD5,0x53,0xEE,
    0x32,0xE6,0x32,0xE6,0x52,0xF6,0x12,0xEE,0x00,0x00,0x00,0x00,0x00,0x00,0x00,0x00,
    0x00,0x00,0x00,0x00,0x00,0x00,0x00,0x00,0x00,0x00,0x00,0x00,0x00,0x00,0x00,0x00,
    0x00,0x00,0x00,0x00,0x00,0x00,0x00,0x00,0x00,0x00,0x00,0x00,0x00,0x00,0x00,0x00,
    0x00,0x00,0x00,0x00,0x00,0x00,0x00,0x00,0x00,0x00,0x00,0x00,0x00,0x00,0x00,0x00,
    0x00,0x00,0x00,0x00,0x00,0x00,0x00,0x00,0x00,0x00,0x00,0x00,0x00,0x00,0x00,0x00,
    0x00,0x00,0x00,0x00,0xEF,0x7B,0x00,0x00,0xAE,0xB4,0x57,0xDE,0xFF,0xFF,0xFE,0xFF,
    0xFE,0xFF,0xDD,0xFF,0xFE,0xFF,0x19,0xEF,0xED,0x73,0x6E,0x6C,0xD0,0x7C,0xAF,0x7C,
    0xAF,0x7C,0x2D,0x6C,0xF0,0x84,0x10,0x85,0x31,0x8D,0x0D,0x64,0x36,0xC6,0xBC,0xFF,
    0x7B,0xFF,0xBD,0xFF,0xBD,0xFF,0x3A,0xF7,0xB7,0xEE,0x19,0xF7,0xF8,0xF6,0xF8,0xF6,
    0xF8,0xF6,0xF8,0xF6,0xF8,0xF6,0xF8,0xF6,0xD8,0xEE,0x3A,0xF7,0xBC,0xFF,0x9C,0xFF,
    0x5A,0xFF,0xF9,0xF6,0xB7,0xEE,0x8E,0xAC,0x00,0x00,0x00,0x00,0x50,0xC5,0xF1,0xE5,
    0x11,0xE6,0x11,0xE6,0x52,0xEE,0x32,0xEE,0x00,0x00,0x00,0x00,0x00,0x00,0x00,0x00,
    0x00,0x00,0x00,0x00,0x00,0x00,0x00,0x00,0x00,0x00,0x00,0x00,0x00,0x00,0x00,0x00,
    0x00,0x00,0x00,0x00,0x00,0x00,0x00,0x00,0x00,0x00,0x00,0x00,0x00,0x00,0x00,0x00,
    0x00,0x00,0x00,0x00,0x00,0x00,0x00,0x00,0x00,0x00,0x00,0x00,0x00,0x00,0x00,0x00,
    0x00,0x00,0x00,0x00,0x00,0x00,0x00,0x00,0x00,0x00,0x00,0x00,0x00,0x00,0x00,0x00,
    0x00,0x00,0x55,0xAD,0x4A,0xAD,0x30,0xC5,0x35,0xDE,0xDD,0xFF,0xB9,0xD6,0xD5,0xB5,
    0x73,0xA5,0x94,0xA5,0x73,0x9D,0x0D,0x74,0xED,0x63,0x10,0x8D,0x31,0x8D,0x10,0x8D,
    0x6E,0x74,0xD0,0x84,0x51,0x95,0x31,0x8D,0x10,0x85,0xED,0x63,0x16,0xBE,0xDC,0xFF,
    0x39,0xF7,0x9C,0xFF,0xBD,0xFF,0xDD,0xFF,0x19,0xF7,0xD7,0xEE,0x19,0xF7,0x39,0xF7,
    0x3A,0xFF,0x39,0xFF,0x39,0xF7,0x5A,0xFF,0x3A,0xF7,0x7B,0xFF,0x9C,0xFF,0x9C,0xFF,
    0xBC,0xFF,0x7B,0xFF,0xF8,0xF6,0xAF,0xB4,0x00,0x00,0xFF,0xFF,0x30,0xC5,0x6F,0xD5,
    0xB0,0xDD,0x11,0xE6,0x31,0xEE,0x11,0xE6,0x00,0x00,0x00,0x00,0x00,0x00,0x00,0x00,
    0x00,0x00,0x00,0x00,0x00,0x00,0x00,0x00,0x00,0x00,0x00,0x00,0x00,0x00,0x00,0x00,
    0x00,0x00,0x00,0x00,0x00,0x00,0x00,0x00,0x00,0x00,0x00,0x00,0x00,0x00,0x00,0x00,
    0x00,0x00,0x00,0x00,0x00,0x00,0x00,0x00,0x00,0x00,0x00,0x00,0x00,0x00,0x00,0x00,
    0x00,0x00,0x00,0x00,0x00,0x00,0x00,0x00,0x00,0x00,0x00,0x00,0x00,0x00,0x00,0x00,
    0x55,0xAD,0x00,0x00,0x00,0x00,0x8D,0xA4,0x75,0xCE,0x92,0xAD,0xCF,0x8C,0xF0,0x7C,
    0xF0,0x7C,0x6E,0x6C,0x6E,0x6C,0xD0,0x7C,0xF0,0x84,0xF0,0x84,0x51,0x8D,0x10,0x85,
    0x6E,0x74,0x10,0x85,0xF0,0x84,0xD0,0x7C,0x6F,0x74,0xED,0x63,0x36,0xC6,0xDD,0xFF,
    0x39,0xF7,0x9B,0xFF,0xBC,0xFF,0xBC,0xFF,0x9B,0xFF,0xF8,0xF6,0x19,0xF7,0x39,0xF7,
    0x5A,0xFF,0x7B,0xFF,0x9C,0xFF,0x9C,0xFF,0x9C,0xFF,0x7B,0xFF,0x9C,0xFF,0x9C,0xFF,
    0x9C,0xFF,0x7B,0xFF,0xD7,0xF6,0x6E,0xAC,0xEF,0xFF,0x00,0x00,0x57,0xD6,0x2F,0xC5,
    0xB0,0xDD,0xB0,0xDD,0xF0,0xE5,0x31,0xEE,0x00,0x00,0x00,0x00,0x00,0x00,0x00,0x00,
    0x00,0x00,0x00,0x00,0x00,0x00,0x00,0x00,0x00,0x00,0x00,0x00,0x00,0x00,0x00,0x00,
    0x00,0x00,0x00,0x00,0x00,0x00,0x00,0x00,0x00,0x00,0x00,0x00,0x00,0x00,0x00,0x00,
    0x00,0x00,0x00,0x00,0x00,0x00,0x00,0x00,0x00,0x00,0x00,0x00,0x00,0x00,0x00,0x00,
    0x00,0x00,0x00,0x00,0x00,0x00,0x00,0x00,0x00,0x00,0x00,0x00,0x00,0x00,0xE0,0x7B,
    0x00,0x00,0x55,0x7D,0xD3,0xB5,0x14,0xCE,0x75,0xCE,0xF3,0xB5,0xF3,0xA5,0xF3,0xA5,
    0x71,0x95,0x31,0x8D,0x51,0x8D,0x31,0x8D,0xF0,0x84,0xF0,0x84,0x11,0x8D,0x6E,0x74,
    0x6E,0x74,0x6E,0x74,0x6F,0x74,0xAF,0x7C,0x10,0x85,0x6E,0x74,0xD5,0xBD,0xFF,0xFF,
    0x9C,0xFF,0x7B,0xFF,0xBC,0xFF,0xDD,0xFF,0xBD,0xFF,0x9C,0xFF,0x39,0xF7,0x19,0xF7,
    0x7A,0xFF,0x9C,0xFF,0xBD,0xFF,0xBC,0xFF,0x9C,0xFF,0x5A,0xFF,0x9C,0xFF,0x9C,0xFF,
    0x9B,0xFF,0x9B,0xFF,0xB7,0xEE,0x2D,0xA4,0x00,0x00,0xFF,0xFF,0x00,0x00,0x14,0xD6,
    0x0E,0xC5,0x2E,0xCD,0x4E,0xD5,0xD0,0xDD,0x00,0x00,0x00,0x00,0x00,0x00,0x00,0x00,
    0x00,0x00,0x00,0x00,0x00,0x00,0x00,0x00,0x00,0x00,0x00,0x00,0x00,0x00,0x00,0x00,
    0x00,0x00,0x00,0x00,0x00,0x00,0x00,0x00,0x00,0x00,0x00,0x00,0x00,0x00,0x00,0x00,
    0x00,0x00,0x00,0x00,0x00,0x00,0x00,0x00,0x00,0x00,0x00,0x00,0x00,0x00,0x00,0x00,
    0x00,0x00,0x00,0x00,0x00,0x00,0x00,0x00,0x00,0x00,0xFF,0xFF,0xE0,0xFF,0x00,0x00,
    0xB2,0xA5,0x75,0xCE,0x38,0xF7,0xF8,0xDE,0x14,0xAE,0xB3,0x9D,0xD3,0xA5,0x92,0x9D,
    0x92,0x9D,0xD2,0x9D,0x92,0x9D,0x51,0x8D,0x51,0x8D,0xD0,0x7C,0xAF,0x7C,0xF0,0x84,
    0x51,0x95,0x71,0x95,0x72,0x95,0x92,0x9D,0xD3,0xA5,0x51,0x8D,0x0D,0x74,0x57,0xCE,
    0xBD,0xFF,0xBC,0xFF,0xBC,0xFF,0xBD,0xFF,0xDD,0xFF,0xBC,0xFF,0xBC,0xFF,0x5A,0xFF,
    0x3A,0xF7,0x5A,0xFF,0x5A,0xFF,0x7B,0xFF,0x9C,0xFF,0x5A,0xFF,0x7A,0xFF,0x9C,0xFF,
    0x7B,0xFF,0x9C,0xFF,0xB7,0xE6,0x6D,0xAC,0x91,0xCD,0x50,0xC5,0x2F,0xC5,0x70,0xCD,
    0xAE,0xB4,0x8D,0xB4,0x4F,0xCD,0x0E,0xCD,0x00,0x00,0x00,0x00,0x00,0x00,0x00,0x00,
    0x00,0x00,0x00,0x00,0x00,0x00,0x00,0x00,0x00,0x00,0x00,0x00,0x00,0x00,0x00,0x00,
    0x00,0x00,0x00,0x00,0x00,0x00,0x00,0x00,0x00,0x00,0x00,0x00,0x00,0x00,0x00,0x00,
    0x00,0x00,0x00,0x00,0x00,0x00,0x00,0x00,0x00,0x00,0x00,0x00,0x00,0x00,0x00,0x00,
    0x00,0x00,0x00,0x00,0x00,0x00,0x00,0x00,0xE0,0xFF,0xE0,0xFF,0xFF,0xFF,0xB2,0xAD,
    0xF7,0xE6,0x38,0xEF,0x55,0xC6,0x13,0xAE,0xF3,0xA5,0xF3,0xA5,0xD3,0xA5,0xD3,0xA5,
    0xF3,0xA5,0xD3,0x9D,0xB2,0x9D,0x30,0x8D,0xF0,0x84,0x71,0x9D,0xB2,0xA5,0xD3,0xA5,
    0xB2,0x9D,0x92,0x9D,0x92,0x95,0x92,0x95,0xB2,0x9D,0x51,0x8D,0xAF,0x74,0x0D,0x6C,
    0x4E,0x7C,0x72,0xB5,0x9C,0xF7,0xFF,0xFF,0xDD,0xFF,0x9C,0xFF,0xBD,0xFF,0xBC,0xFF,
    0x5A,0xFF,0x5A,0xFF,0x5A,0xFF,0x5A,0xFF,0x7B,0xFF,0x7B,0xFF,0x7B,0xFF,0x9B,0xFF,
    0x9C,0xFF,0x7B,0xFF,0xF8,0xEE,0xCE,0xBC,0xD1,0xDD,0xB1,0xD5,0xB1,0xDD,0xB1,0xDD,
    0xF2,0xE5,0x53,0xEE,0x95,0xF6,0x74,0xEE,0x00,0x00,0x00,0x00,0x00,0x00,0x00,0x00,
    0x00,0x00,0x00,0x00,0x00,0x00,0x00,0x00,0x00,0x00,0x00,0x00,0x00,0x00,0x00,0x00,
    0x00,0x00,0x00,0x00,0x00,0x00,0x00,0x00,0x00,0x00,0x00,0x00,0x00,0x00,0x00,0x00,
    0x00,0x00,0x00,0x00,0x00,0x00,0x00,0x00,0x00,0x00,0x00,0x00,0x00,0x00,0x00,0x00,
    0x00,0x00,0x00,0x00,0x00,0x00,0x00,0x00,0x4A,0xAD,0xFF,0xFF,0x50,0xA5,0x38,0xF7,
    0xF7,0xDE,0xD3,0xA5,0xD3,0xA5,0x13,0xAE,0x13,0xAE,0xF3,0xAD,0xD3,0xA5,0xD3,0xA5,
    0xD3,0xA5,0xF3,0xA5,0x72,0x95,0xF0,0x84,0xD2,0xA5,0x13,0xAE,0xB2,0x9D,0xB2,0x9D,
    0xB2,0x9D,0xB2,0x9D,0xB2,0x9D,0xD3,0xA5,0x51,0x95,0x10,0x85,0xB2,0xA5,0x71,0x95,
    0xAF,0x7C,0x4E,0x6C,0xD0,0x84,0x57,0xC6,0xDE,0xFF,0xFD,0xFF,0xBC,0xFF,0xBD,0xFF,
    0x9C,0xFF,0x7B,0xFF,0x9C,0xFF,0xBC,0xFF,0x9C,0xFF,0x7B,0xFF,0x9C,0xFF,0xBC,0xFF,
    0x9C,0xFF,0x39,0xFF,0x19,0xF7,0xCE,0xBC,0x91,0xD5,0x91,0xD5,0xB1,0xD5,0x13,0xE6,
    0x32,0xE6,0x12,0xE6,0x33,0xEE,0x53,0xEE,0x00,0x00,0x00,0x00,0x00,0x00,0x00,0x00,
    0x00,0x00,0x00,0x00,0x00,0x00,0x00,0x00,0x00,0x00,0x00,0x00,0x00,0x00,0x00,0x00,
    0x00,0x00,0x00,0x00,0x00,0x00,0x00,0x00,0x00,0x00,0x00,0x00,0x00,0x00,0x00,0x00,
    0x00,0x00,0x00,0x00,0x00,0x00,0x00,0x00,0x00,0x00,0x00,0x00,0x00,0x00,0x00,0x00,
    0x00,0x00,0x00,0x00,0x00,0x00,0x4A,0xAD,0x00,0x00,0x71,0x9D,0x17,0xEF,0xD7,0xE6,
    0xD2,0xA5,0x13,0xAE,0x13,0xAE,0xD3,0xA5,0xD3,0xA5,0xD3,0xA5,0xD3,0xA5,0xD3,0xA5,
    0xF3,0xA5,0xD3,0xA5,0x72,0x95,0x34,0xBE,0xF3,0xAD,0xD2,0xA5,0xD3,0xA5,0xD3,0xA5,
    0xD3,0xA5,0xD3,0xA5,0xF3,0xA5,0xD2,0xA5,0x31,0x8D,0xB2,0x9D,0xB2,0x9D,0xB2,0xA5,
    0xD2,0xA5,0xD3,0x9D,0x11,0x85,0x4E,0x6C,0xAF,0x8C,0x35,0xCE,0x9B,0xFF,0xFE,0xFF,
    0xBC,0xFF,0x7B,0xFF,0x9C,0xFF,0x9C,0xFF,0x9C,0xFF,0x7B,0xFF,0x7B,0xFF,0x9C,0xFF,
    0x7B,0xFF,0x7A,0xFF,0x39,0xF7,0x0F,0xBD,0xB2,0xD5,0xB1,0xD5,0xF2,0xDD,0x74,0xEE,
    0x53,0xEE,0x53,0xEE,0x53,0xEE,0x53,0xEE,0x00,0x00,0x00,0x00,0x00,0x00,0x00,0x00,
    0x00,0x00,0x00,0x00,0x00,0x00,0x00,0x00,0x00,0x00,0x00,0x00,0x00,0x00,0x00,0x00,
    0x00,0x00,0x00,0x00,0x00,0x00,0x00,0x00,0x00,0x00,0x00,0x00,0x00,0x00,0x00,0x00,
    0x00,0x00,0x00,0x00,0x00,0x00,0x00,0x00,0x00,0x00,0x00,0x00,0x00,0x00,0x00,0x00,
    0x00,0x00,0x00,0x00,0xEF,0x7B,0xEF,0x7B,0x10,0x8D,0x13,0xBE,0x7A,0xFF,0x14,0xAE,
    0x13,0xAE,0x13,0xAE,0xF3,0xAD,0xB2,0x9D,0xB2,0x9D,0xD2,0xA5,0xF3,0xA5,0xF3,0xA5,
    0xF3,0xA5,0x71,0x95,0x54,0xBE,0x34,0xBE,0xD2,0xA5,0xF3,0xA5,0xF3,0xAD,0xF3,0xAD,
    0xF3,0xAD,0xF3,0xAD,0xF3,0xA5,0x71,0x95,0xB2,0x9D,0xD2,0xA5,0xB2,0xA5,0xB2,0xA5,
    0xB2,0xA5,0xD2,0xA5,0xD2,0xA5,0x51,0x8D,0x6E,0x6C,0x2D,0x6C,0x6E,0x84,0xF4,0xBD,
    0x3A,0xEF,0xDD,0xFF,0xFE,0xFF,0xDD,0xFF,0xDD,0xFF,0xBC,0xFF,0xBC,0xFF,0xFD,0xFF,
    0x5A,0xFF,0x34,0xDE,0xB0,0xCD,0x4F,0xCD,0x91,0xD5,0xB1,0xD5,0x13,0xE6,0x54,0xEE,
    0x33,0xEE,0x53,0xEE,0x53,0xEE,0x53,0xEE,0x00,0x00,0x00,0x00,0x00,0x00,0x00,0x00,
    0x00,0x00,0x00,0x00,0x00,0x00,0x00,0x00,0x00,0x00,0x00,0x00,0x00,0x00,0x00,0x00,
    0x00,0x00,0x00,0x00,0x00,0x00,0x00,0x00,0x00,0x00,0x00,0x00,0x00,0x00,0x00,0x00,
    0x00,0x00,0x00,0x00,0x00,0x00,0x00,0x00,0x00,0x00,0x00,0x00,0x00,0x00,0x00,0x00,
    0x00,0x00,0x00,0x00,0x4A,0xAD,0x00,0x00,0x2F,0x9D,0x37,0xF7,0xB6,0xD6,0x13,0xAE,
    0x14,0xB6,0x13,0xAE,0xF3,0xAD,0xB2,0x9D,0xB2,0x9D,0x92,0x9D,0xD2,0xA5,0xF3,0xA5,
    0xB2,0x9D,0xD2,0xA5,0x34,0xB6,0xF3,0xAD,0xF3,0xAD,0xF3,0xAD,0xF3,0xAD,0xF3,0xAD,
    0xF3,0xAD,0xF3,0xAD,0xD2,0xA5,0xB2,0xA5,0xF3,0xAD,0xD2,0xA5,0xD2,0xA5,0xD2,0xA5,
    0xD2,0xA5,0xB2,0xA5,0xB2,0xA5,0xB2,0x9D,0xAF,0x7C,0xD0,0x7C,0x6E,0x74,0x2D,0x6C,
    0xAF,0x84,0x73,0xA5,0xD4,0xB5,0x56,0xCE,0x97,0xDE,0x77,0xDE,0x36,0xCE,0x93,0xB5,
    0x8F,0x8C,0x6A,0x73,0xCD,0xBC,0xCE,0xBC,0xEE,0xC4,0x2F,0xC5,0x50,0xCD,0x70,0xCD,
    0x4F,0xCD,0x90,0xD5,0xB1,0xD5,0xB1,0xD5,0x00,0x00,0x00,0x00,0x00,0x00,0x00,0x00,
    0x00,0x00,0x00,0x00,0x00,0x00,0x00,0x00,0x00,0x00,0x00,0x00,0x00,0x00,0x00,0x00,
    0x00,0x00,0x00,0x00,0x00,0x00,0x00,0x00,0x00,0x00,0x00,0x00,0x00,0x00,0x00,0x00,
    0x00,0x00,0x00,0x00,0x00,0x00,0x00,0x00,0x00,0x00,0x00,0x00,0x00,0x00,0x00,0x00,
    0x00,0x00,0xEF,0x7B,0x00,0x00,0x91,0xA5,0x95,0xDE,0x58,0xFF,0x54,0xC6,0x13,0xB6,
    0x13,0xB6,0x33,0xBE,0xF2,0xAD,0xD2,0xA5,0xB2,0x9D,0xB2,0x9D,0xB2,0x9D,0xD2,0xA5,
    0x91,0x9D,0x33,0xBE,0x54,0xBE,0xF3,0xAD,0xF3,0xAD,0xF3,0xAD,0xF3,0xAD,0xF3,0xAD,
    0xF3,0xAD,0xF3,0xAD,0xF3,0xAD,0xF3,0xAD,0xF3,0xAD,0xD3,0xAD,0xD2,0xA5,0xD2,0xA5,
    0xD2,0xA5,0xB2,0xA5,0xB2,0xA5,0x92,0x9D,0xAF,0x7C,0x71,0x95,0x51,0x95,0xF0,0x84,
    0xAF,0x7C,0x8F,0x7C,0x2D,0x6C,0x2D,0x6C,0x4E,0x74,0x2E,0x74,0x0D,0x6C,0x2D,0x6C,
    0x6F,0x74,0x0C,0x7C,0x91,0xD5,0x50,0xCD,0x50,0xCD,0xB1,0xD5,0x13,0xE6,0x12,0xE6,
    0x70,0xCD,0xB1,0xD5,0xF2,0xDD,0xF2,0xDD,0x00,0x00,0x00,0x00,0x00,0x00,0x00,0x00,
    0x00,0x00,0x00,0x00,0x00,0x00,0x00,0x00,0x00,0x00,0x00,0x00,0x00,0x00,0x00,0x00,
    0x00,0x00,0x00,0x00,0x00,0x00,0x00,0x00,0x00,0x00,0x00,0x00,0x00,0x00,0x00,0x00,
    0x00,0x00,0x00,0x00,0x00,0x00,0x00,0x00,0x00,0x00,0x00,0x00,0x00,0x00,0x00,0x00,
    0xFF,0xFF,0x00,0x00,0xEF,0x7D,0xF3,0xB5,0x9A,0xFF,0x96,0xCE,0x54,0xC6,0x13,0xB6,
    0x13,0xB6,0xF2,0xB5,0xD2,0xA5,0xF3,0xAD,0xB2,0x9D,0xB2,0x9D,0xB2,0x9D,0xB2,0xA5,
    0x91,0x9D,0x13,0xB6,0x13,0xB6,0xF2,0xAD,0xF3,0xAD,0xF3,0xAD,0xF3,0xAD,0xF3,0xAD,
    0xF3,0xAD,0xD2,0xA5,0xD2,0xA5,0xF3,0xAD,0xF3,0xAD,0xF3,0xAD,0xF3,0xAD,0xD2,0xA5,
    0xD2,0xA5,0xD2,0xA5,0xD2,0xA5,0xB2,0xA5,0x10,0x8D,0x92,0x9D,0x91,0x9D,0x51,0x95,
    0xCF,0x84,0xAF,0x7C,0xD0,0x84,0xD0,0x84,0xD0,0x84,0xAF,0x7C,0x8F,0x7C,0xB0,0x7C,
    0x4E,0x74,0x0C,0x8C,0x91,0xD5,0x50,0xCD,0x91,0xD5,0x13,0xE6,0x33,0xE6,0x74,0xEE,
    0xF2,0xDD,0xD2,0xDD,0x12,0xE6,0x53,0xEE,0x00,0x00,0x00,0x00,0x00,0x00,0x00,0x00,
    0x00,0x00,0x00,0x00,0x00,0x00,0x00,0x00,0x00,0x00,0x00,0x00,0x00,0x00,0x00,0x00,
    0x00,0x00,0x00,0x00,0x00,0x00,0x00,0x00,0x00,0x00,0x00,0x00,0x00,0x00,0x00,0x00,
    0x00,0x00,0x00,0x00,0x00,0x00,0x00,0x00,0x00,0x00,0x00,0x00,0x00,0x00,0x00,0x00,
    0x4A,0xAD,0x00,0x00,0x30,0x9D,0x17,0xE7,0xB6,0xCE,0x34,0xB6,0x54,0xBE,0x33,0xB6,
    0x13,0xB6,0xD2,0xA5,0xD2,0xA5,0xF3,0xAD,0xB2,0x9D,0xB2,0xA5,0xB2,0xA5,0x91,0x9D,
    0xD2,0xA5,0xF3,0xAD,0xF2,0xAD,0xD2,0xAD,0xF2,0xAD,0xF3,0xAD,0xF2,0xAD,0xF2,0xAD,
    0xF2,0xAD,0x91,0x9D,0xB2,0xA5,0x13,0xB6,0xF3,0xAD,0xF3,0xAD,0xF2,0xAD,0xD2,0xA5,
    0xD2,0xA5,0xD2,0xA5,0xD2,0xA5,0xD2,0xA5,0x92,0x9D,0x71,0x9D,0x51,0x95,0x51,0x95,
    0x71,0x9D,0x10,0x8D,0x6F,0x74,0xAF,0x7C,0xD0,0x7C,0xAF,0x7C,0x8F,0x7C,0xD0,0x84,
    0x4E,0x74,0xAE,0xAC,0x90,0xD5,0x50,0xCD,0xF2,0xE5,0x53,0xEE,0x33,0xE6,0x74,0xEE,
    0x54,0xEE,0x54,0xEE,0x12,0xE6,0xF2,0xE5,0x00,0x00,0x00,0x00,0x00,0x00,0x00,0x00,
    0x00,0x00,0x00,0x00,0x00,0x00,0x00,0x00,0x00,0x00,0x00,0x00,0x00,0x00,0x00,0x00,
    0x00,0x00,0x00,0x00,0x00,0x00,0x00,0x00,0x00,0x00,0x00,0x00,0x00,0x00,0x00,0x00,
    0x00,0x00,0x00,0x00,0x00,0x00,0x00,0x00,0x00,0x00,0x00,0x00,0x00,0x00,0x00,0x00,
    0x00,0x00,0xF7,0xBD,0x51,0xA5,0x74,0xC6,0xD2,0xA5,0x13,0xAE,0x13,0xB6,0x13,0xB6,
    0x54,0xBE,0x33,0xB6,0x34,0xB6,0x74,0xBE,0x13,0xAE,0xF3,0xA5,0x13,0xA6,0x91,0x95,
    0xF3,0xAD,0x33,0xB6,0xF3,0xAD,0x13,0xAE,0x13,0xAE,0xF2,0xAD,0xD2,0xAD,0xD2,0xAD,
    0xF3,0xAD,0x71,0x9D,0xD3,0xAD,0x13,0xAE,0xF3,0xAD,0xF3,0xAD,0xD2,0xAD,0xD2,0xAD,
    0xD2,0xA5,0xD2,0xA5,0xD2,0xA5,0xB2,0xA5,0x71,0x9D,0x71,0x9D,0x71,0x9D,0x51,0x95,
    0x71,0x9D,0x51,0x95,0xAF,0x7C,0xD0,0x84,0xD0,0x84,0xD0,0x7C,0x8F,0x74,0xB0,0x7C,
    0x0C,0x74,0x50,0xCD,0x71,0xD5,0x91,0xD5,0x33,0xE6,0x54,0xEE,0xB5,0xF6,0xB5,0xFE,
    0x74,0xEE,0x13,0xE6,0xF3,0xE5,0x00,0x00,0x00,0x00,0x00,0x00,0x00,0x00,0x00,0x00,
    0x00,0x00,0x00,0x00,0x00,0x00,0x00,0x00,0x00,0x00,0x00,0x00,0x00,0x00,0x00,0x00,
    0x00,0x00,0x00,0x00,0x00,0x00,0x00,0x00,0x00,0x00,0x00,0x00,0x00,0x00,0x00,0x00,
    0x00,0x00,0x00,0x00,0x00,0x00,0x00,0x00,0x00,0x00,0x00,0x00,0x00,0x00,0x00,0x00,
    0x00,0x00,0x00,0x00,0x00,0x00,0x00,0x00,0x00,0x00,0x93,0xB5,0x94,0xBE,0xF3,0xB5,
    0x13,0xB6,0x13,0xAE,0x13,0xAE,0x33,0xB6,0x91,0x9D,0x91,0x9D,0x71,0x95,0x10,0x85,
    0xB2,0xA5,0x92,0x9D,0xD2,0xA5,0xF3,0xAD,0xF2,0xAD,0x33,0xB6,0x13,0xB6,0x74,0xB6,
    0x74,0xBE,0xD2,0x9D,0x54,0xBE,0x74,0xBE,0x54,0xB6,0x54,0xB6,0x33,0xB6,0x13,0xAE,
    0xF3,0xAD,0xF2,0xAD,0xB2,0xA5,0x30,0x8D,0x71,0x95,0x91,0x9D,0x71,0x9D,0x71,0x9D,
    0x71,0x9D,0x51,0x95,0x51,0x95,0x10,0x8D,0xF0,0x84,0xAF,0x7C,0xD0,0x84,0x2D,0x6C,
    0x2C,0x94,0x91,0xD5,0x71,0xCD,0xF2,0xDD,0xF6,0xFE,0x95,0xEE,0x94,0xEE,0x95,0xF6,
    0xB2,0xDD,0x00,0x00,0x00,0x00,0x55,0xFD,0x00,0x00,0x00,0x00,0x00,0x00,0x00,0x00,
    0x00,0x00,0x00,0x00,0x00,0x00,0x00,0x00,0x00,0x00,0x00,0x00,0x00,0x00,0x00,0x00,
    0x00,0x00,0x00,0x00,0x00,0x00,0x00,0x00,0x00,0x00,0x00,0x00,0x00,0x00,0x00,0x00,
    0x00,0x00,0x00,0x00,0x00,0x00,0x00,0x00,0x00,0x00,0x00,0x00,0x00,0x00,0x00,0x00,
    0x00,0x00,0x00,0x00,0x4A,0xAD,0xFF,0xFF,0x00,0x00,0x00,0x00,0x00,0x00,0x00,0x00,
    0x00,0x00,0x00,0x00,0x00,0x00,0x00,0x00,0x00,0x00,0x00,0x00,0x00,0x00,0x00,0x00,
    0x00,0x00,0x00,0x00,0xD3,0xAD,0xF3,0xB5,0xD2,0xAD,0x33,0xAE,0x13,0xAE,0x13,0xAE,
    0xD2,0xA5,0x51,0x95,0x13,0xAE,0xF3,0xAD,0x13,0xB6,0x13,0xB6,0xF3,0xAD,0x13,0xAE,
    0xD2,0xAD,0xF3,0xAD,0x91,0x9D,0x50,0x8D,0xD2,0xA5,0xD2,0xA5,0xD2,0xA5,0xD2,0xA5,
    0xB2,0xA5,0xF0,0x84,0x31,0x8D,0x31,0x8D,0xF0,0x84,0xAF,0x7C,0x8E,0x74,0x6D,0x8C,
    0x90,0xD5,0xD1,0xDD,0xD2,0xDD,0xF2,0xDD,0xB6,0xF6,0x95,0xEE,0x00,0x00,0x00,0x00,
    0x00,0x00,0xEF,0xBD,0xFF,0xFF,0x00,0x00,0x00,0x00,0x00,0x00,0x00,0x00,0x00,0x00,
    0x00,0x00,0x00,0x00,0x00,0x00,0x00,0x00,0x00,0x00,0x00,0x00,0x00,0x00,0x00,0x00,
    0x00,0x00,0x00,0x00,0x00,0x00,0x00,0x00,0x00,0x00,0x00,0x00,0x00,0x00,0x00,0x00,
    0x00,0x00,0x00,0x00,0x00,0x00,0x00,0x00,0x00,0x00,0x00,0x00,0x00,0x00,0x00,0x00,
    0x00,0x00,0x00,0x00,0x00,0x00,0x00,0x00,0x00,0x00,0xFF,0xFF,0xFF,0xFF,0xEF,0x7B,
    0x55,0xAD,0x55,0xAD,0xEF,0x7D,0xF7,0xBD,0xEF,0xBD,0xEF,0x7D,0xEF,0x7D,0xEF,0x7F,
    0x00,0x00,0xE0,0xFF,0x00,0x00,0x00,0x00,0x00,0x00,0x00,0x00,0x00,0x00,0x00,0x00,
    0x00,0x00,0x00,0x00,0x00,0x00,0x00,0x00,0x00,0x00,0x00,0x00,0xFF,0xFF,0xD4,0xBE,
    0xD2,0xAD,0xF3,0xAD,0x92,0x9D,0x31,0x8D,0x92,0xA5,0x92,0xA5,0xD3,0xAD,0xD3,0xAD,
    0x93,0xA5,0xF1,0x8C,0x11,0x95,0x31,0x95,0x32,0x95,0x11,0x8D,0x2D,0x7C,0xB2,0xD5,
    0x13,0xDE,0xF3,0xDD,0xF3,0xDD,0xD2,0xD5,0x00,0x00,0x00,0x00,0xEF,0xFF,0xF5,0xFF,
    0xE0,0xFF,0x00,0x00,0x00,0x00,0x00,0x00,0x00,0x00,0x00,0x00,0x00,0x00,0x00,0x00,
    0x00,0x00,0x00,0x00,0x00,0x00,0x00,0x00,0x00,0x00,0x00,0x00,0x00,0x00,0x00,0x00,
    0x00,0x00,0x00,0x00,0x00,0x00,0x00,0x00,0x00,0x00,0x00,0x00,0x00,0x00,0x00,0x00,
    0x00,0x00,0x00,0x00,0x00,0x00,0x00,0x00,0x00,0x00,0x00,0x00,0x00,0x00,0x00,0x00,
    0x00,0x00,0x00,0x00,0x00,0x00,0x00,0x00,0x00,0x00,0x00,0x00,0x00,0x00,0x00,0x00,
    0x00,0x00,0x00,0x00,0x00,0x00,0x00,0x00,0x00,0x00,0x00,0x00,0x00,0x00,0x00,0x00,
    0x00,0x00,0x00,0x00,0x00,0x00,0x00,0x00,0x00,0x00,0x00,0x00,0x00,0x00,0x00,0x00,
    0x00,0x00,0x00,0x00,0x00,0x00,0x00,0x00,0x00,0x00,0x00,0x00,0x00,0x00,0x00,0x00,
    0x00,0x00,0x00,0x00,0x00,0x00,0x00,0x00,0x00,0x00,0x00,0x00,0x00,0x00,0x00,0x00,
    0x00,0x00,0x00,0x00,0x00,0x00,0x00,0x00,0x00,0x00,0x00,0x00,0x00,0x00,0x00,0x00,
    0x00,0x00,0x00,0x00,0x00,0x00,0x00,0x00,0x00,0x00,0x00,0x00,0x00,0x00,0x00,0x00,
    0x00,0x00,0x00,0x00,0x00,0x00,0x00,0x00,0x00,0x00,0x00,0x00,0x00,0x00,0x00,0x00,
    0x00,0x00,0x00,0x00,0x00,0x00,0x00,0x00,0x00,0x00,0x00,0x00,0x00,0x00,0x00,0x00,
    0x00,0x00,0x00,0x00,0x00,0x00,0x00,0x00,0x00,0x00,0x00,0x00,0x00,0x00,0x00,0x00,
    0x00,0x00,0x00,0x00,0x00,0x00,0x00,0x00,0x00,0x00,0x00,0x00,0x00,0x00,0x00,0x00,
    0x00,0x00,0x00,0x00,0x00,0x00,0x00,0x00,0x00,0x00,0x00,0x00,0x00,0x00,0x00,0x00,
    0x00,0x00,0x00,0x00,0x00,0x00,0x00,0x00,0x00,0x00,0x00,0x00,0x00,0x00,0x00,0x00,
    0x00,0x00,0x00,0x00,0x00,0x00,0x00,0x00,0x00,0x00,0x00,0x00,0x00,0x00,0x00,0x00,
    0x00,0x00,0x00,0x00,0x00,0x00,0x00,0x00,0x00,0x00,0x00,0x00,0x00,0x00,0x00,0x00,
    0x00,0x00,0x00,0x00,0x00,0x00,0x00,0x00,0x00,0x00,0x00,0x00,0x00,0x00,0x00,0x00,
    0x00,0x00,0x00,0x00,0x00,0x00,0x00,0x00,0x00,0x00,0x00,0x00,0x00,0x00,0x00,0x00,
    0x00,0x00,0x00,0x00,0x00,0x00,0x00,0x00,0x00,0x00,0x00,0x00,0x00,0x00,0x00,0x00,
    0x00,0x00,0x00,0x00,0x00,0x00,0x00,0x00,0x00,0x00,0x00,0x00,0x00,0x00,0x00,0x00,
    0x00,0x00,0x00,0x00,0x00,0x00,0x00,0x00,0x00,0x00,0x00,0x00,0x00,0x00,0x00,0x00,
    0x00,0x00,0x00,0x00,0x00,0x00,0x00,0x00,0x00,0x00,0x00,0x00,0x00,0x2D,0xA8,0x6C,
    0x08,0x00,0x01,0x00,0x00,0x00,0x00,0x00,0x00,0x00,0x00,0x00,0x00,0x00,0x00,0x00,
    0x00,0x00,0x00,0x03,0x00,0x00,0x00,0x00,0x00,0x00,0x00,0x00,0x00,0x03,0x01,0x00,
    0x00,0x00,0x00,0x00,0x00,0x00,0x00,0x02,0x03,0x00,0x00,0x00,0x00,0x00,0x00,0x00,
    0x04,0x02,0x00,0x00,0x00,0x00,0x00,0x00,0x00,0x00,0x00,0x00,0x00,0x00,0x00,0x00,
    0x00,0x00,0x00,0x00,0x00,0x00,0x00,0x00,0x00,0x00,0x00,0x00,0x00,0x00,0x00,0x00,
    0x00,0x00,0x00,0x00,0x00,0x80,0xFF,0xFF,0x9F,0x02,0x02,0x00,0x00,0x00,0x00,0x00,
    0x00,0x00,0x00,0x00,0x00,0x00,0x00,0x00,0x00,0x00,0x00,0x00,0x08,0x4C,0x87,0xB5,
    0xC6,0xC3,0xA1,0x64,0x1B,0x00,0x00,0x01,0x00,0x00,0x00,0x00,0x00,0x01,0x02,0x00,
    0x00,0x03,0x18,0x33,0x41,0x35,0x17,0x00,0x00,0x00,0x02,0x00,0x00,0x00,0x00,0x00,
    0x00,0x00,0x00,0x00,0x00,0x00,0x00,0x00,0x00,0x00,0x00,0x00,0x00,0x00,0x00,0x00,
    0x00,0x00,0x00,0x00,0x00,0x00,0x00,0x00,0x00,0x00,0x00,0x00,0x00,0xC5,0xFD,0xFA,
    0xFF,0x42,0x00,0x03,0x00,0x00,0x00,0x00,0x00,0x00,0x00,0x00,0x00,0x00,0x00,0x00,
    0x00,0x01,0x00,0x51,0xD0,0xFF,0xFF,0xFF,0xFF,0xFF,0xFF,0xFF,0xEB,0x88,0x07,0x00,
    0x02,0x00,0x00,0x00,0x02,0x00,0x00,0x29,0x82,0xCD,0xEC,0xFE,0xFF,0xFF,0xEB,0xC6,
    0x7E,0x22,0x00,0x00,0x00,0x00,0x00,0x00,0x00,0x00,0x00,0x00,0x00,0x00,0x00,0x00,
    0x00,0x00,0x00,0x00,0x00,0x00,0x00,0x00,0x00,0x00,0x00,0x00,0x00,0x00,0x00,0x00,
    0x00,0x00,0x00,0x00,0x23,0xF4,0xFF,0xFA,0xFD,0x7D,0x00,0x03,0x00,0x00,0x00,0x00,
    0x00,0x00,0x00,0x00,0x00,0x00,0x00,0x00,0x01,0x00,0x0B,0xE7,0xFF,0xFB,0xFB,0xFC,
    0xFD,0xFD,0xFC,0xFC,0xFF,0xFF,0xBF,0x18,0x00,0x01,0x00,0x02,0x00,0x0C,0x8A,0xF5,
    0xFF,0xFF,0xFF,0xFF,0xFE,0xFF,0xFF,0xFF,0xFF,0xE9,0x41,0x00,0x02,0x00,0x00,0x00,
    0x00,0x00,0x00,0x00,0x00,0x00,0x00,0x00,0x00,0x00,0x00,0x00,0x00,0x00,0x00,0x00,
    0x00,0x00,0x00,0x00,0x00,0x00,0x00,0x00,0x00,0x00,0x00,0x00,0x5C,0xFE,0xFB,0xFA,
    0xFF,0x5B,0x00,0x03,0x00,0x00,0x00,0x00,0x00,0x00,0x00,0x00,0x00,0x00,0x00,0x00,
    0x00,0x02,0x03,0xAE,0xFD,0xFC,0xFF,0xFF,0xFF,0xFF,0xFF,0xFF,0xFE,0xFB,0xFF,0xC6,
    0x0D,0x02,0x03,0x00,0x17,0xC5,0xFF,0xFF,0xFC,0xFD,0xFE,0xFE,0xFF,0xFE,0xFE,0xFD,
    0xF8,0xFF,0x88,0x00,0x03,0x00,0x00,0x00,0x00,0x00,0x00,0x00,0x00,0x00,0x00,0x00,
    0x00,0x00,0x00,0x00,0x00,0x00,0x00,0x00,0x00,0x00,0x00,0x00,0x00,0x00,0x00,0x00,
    0x00,0x00,0x00,0x00,0xB8,0xFF,0xFF,0xFF,0xDA,0x12,0x01,0x01,0x00,0x00,0x00,0x00,
    0x00,0x00,0x00,0x00,0x00,0x00,0x00,0x00,0x00,0x02,0x00,0x35,0xFC,0xFD,0xFD,0xFF,
    0xFF,0xFF,0xFF,0xFF,0xFF,0xFF,0xFA,0xFF,0x7F,0x00,0x03,0x15,0xC9,0xFF,0xFB,0xFE,
    0xFF,0xFF,0xFF,0xFF,0xFF,0xFF,0xFF,0xFE,0xFC,0xFA,0x33,0x00,0x02,0x00,0x00,0x00,
    0x00,0x00,0x00,0x00,0x00,0x00,0x00,0x00,0x00,0x00,0x00,0x00,0x00,0x00,0x00,0x00,
    0x00,0x00,0x00,0x00,0x00,0x00,0x00,0x00,0x00,0x00,0x00,0x00,0x72,0xCE,0xE0,0xAB,
    0x26,0x00,0x01,0x00,0x00,0x00,0x00,0x00,0x00,0x00,0x00,0x00,0x00,0x00,0x00,0x00,
    0x00,0x00,0x02,0x00,0x7B,0xFF,0xFE,0xFC,0xFF,0xFF,0xFF,0xFF,0xFF,0xFF,0xFD,0xFD,
    0xEA,0x1A,0x00,0xA8,0xFF,0xFA,0xFF,0xFF,0xFF,0xFF,0xFF,0xFF,0xFF,0xFF,0xFE,0xFA,
    0xFF,0x91,0x00,0x02,0x00,0x00,0x00,0x00,0x00,0x00,0x00,0x00,0x00,0x00,0x00,0x00,
    0x00,0x00,0x00,0x00,0x00,0x00,0x00,0x00,0x00,0x00,0x00,0x00,0x00,0x00,0x00,0x00,
    0x00,0x00,0x00,0x00,0x00,0x04,0x0D,0x00,0x00,0x01,0x00,0x00,0x00,0x00,0x00,0x00,
    0x00,0x00,0x00,0x00,0x00,0x00,0x00,0x00,0x00,0x00,0x00,0x02,0x00,0x7A,0xFC,0xFF,
    0xFE,0xFB,0xFD,0xFF,0xFF,0xFF,0xFF,0xFD,0xFF,0x54,0x3D,0xFF,0xFB,0xFF,0xFF,0xFF,
    0xFF,0xFF,0xFF,0xFF,0xFE,0xFC,0xFD,0xFF,0xAD,0x09,0x01,0x01,0x00,0x00,0x00,0x00,
    0x00,0x00,0x00,0x00,0x00,0x00,0x00,0x00,0x00,0x00,0x00,0x00,0x00,0x00,0x00,0x00,
    0x00,0x00,0x00,0x00,0x00,0x00,0x00,0x00,0x00,0x00,0x00,0x00,0x03,0x00,0x00,0x01,
    0x02,0x00,0x00,0x00,0x00,0x00,0x00,0x00,0x00,0x00,0x00,0x00,0x00,0x00,0x00,0x00,
    0x00,0x00,0x00,0x00,0x02,0x00,0x44,0xBC,0xFF,0xFF,0xFF,0xFF,0xFF,0xFF,0xFF,0xFD,
    0xFE,0xB4,0xC1,0xFE,0xFD,0xFF,0xFF,0xFF,0xFF,0xFF,0xFF,0xFF,0xFF,0xFF,0xFF,0x99,
    0x05,0x00,0x01,0x00,0x00,0x00,0x00,0x00,0x00,0x00,0x00,0x00,0x00,0x00,0x00,0x00,
    0x00,0x00,0x00,0x00,0x00,0x00,0x00,0x00,0x00,0x00,0x00,0x00,0x00,0x00,0x00,0x00,
    0x00,0x00,0x00,0x00,0x00,0x01,0x01,0x00,0x00,0x00,0x00,0x00,0x00,0x00,0x00,0x00,
    0x00,0x00,0x00,0x00,0x00,0x00,0x00,0x00,0x00,0x00,0x00,0x00,0x00,0x04,0x00,0x01,
    0x3F,0x7B,0xBB,0xFE,0xFF,0xFF,0xFF,0xFF,0xFF,0xFF,0xFF,0xFF,0xFF,0xFF,0xFF,0xFF,
    0xFF,0xFF,0xFF,0xFF,0xEE,0xBD,0x56,0x00,0x01,0x01,0x00,0x00,0x00,0x00,0x00,0x00,
    0x00,0x00,0x00,0x00,0x00,0x00,0x00,0x00,0x00,0x00,0x00,0x00,0x00,0x00,0x00,0x00,
    0x00,0x00,0x00,0x00,0x00,0x00,0x00,0x00,0x00,0x00,0x00,0x00,0x00,0x00,0x00,0x00,
    0x00,0x00,0x00,0x00,0x00,0x00,0x00,0x00,0x00,0x00,0x00,0x00,0x00,0x00,0x00,0x00,
    0x00,0x00,0x00,0x01,0x03,0x00,0x00,0x00,0x0C,0x38,0x8C,0xFC,0xFF,0xFF,0xFF,0xFF,
    0xFF,0xFE,0xFE,0xFF,0xFF,0xFF,0xFF,0xFF,0xFF,0xFE,0xFF,0xE8,0x51,0x00,0x00,0x00,
    0x01,0x03,0x00,0x00,0x00,0x00,0x00,0x00,0x00,0x00,0x00,0x00,0x00,0x00,0x00,0x00,
    0x00,0x00,0x00,0x00,0x00,0x00,0x00,0x00,0x00,0x00,0x00,0x00,0x00,0x00,0x00,0x00,
    0x00,0x00,0x00,0x00,0x00,0x00,0x00,0x00,0x00,0x00,0x00,0x00,0x00,0x00,0x00,0x00,
    0x00,0x00,0x00,0x00,0x00,0x00,0x00,0x00,0x00,0x00,0x03,0x00,0x00,0x13,0x43,0x9C,
    0xEB,0xFF,0xFF,0xFF,0xFF,0xFF,0xFF,0xFF,0xFF,0xFF,0xFF,0xFF,0xFF,0xFF,0xFF,0xFF,
    0xFF,0xFF,0xFF,0xFC,0xED,0xD0,0x82,0x39,0x00,0x00,0x00,0x02,0x00,0x00,0x00,0x00,
    0x00,0x00,0x00,0x00,0x00,0x00,0x00,0x00,0x00,0x00,0x00,0x00,0x00,0x00,0x00,0x00,
    0x00,0x00,0x00,0x00,0x00,0x00,0x00,0x00,0x00,0x00,0x00,0x00,0x00,0x00,0x00,0x00,
    0x00,0x00,0x00,0x00,0x00,0x00,0x00,0x00,0x00,0x00,0x00,0x00,0x00,0x00,0x00,0x00,
    0x02,0x01,0x00,0x1B,0x7F,0xE1,0xFF,0xFF,0xFF,0xFE,0xFC,0xFF,0xFF,0xFF,0xFF,0xFF,
    0xFF,0xFF,0xFF,0xFF,0xFF,0xFF,0xFF,0xFF,0xFF,0xFF,0xFF,0xFF,0xFF,0xFF,0xFF,0xFF,
    0xBE,0x4C,0x00,0x00,0x03,0x01,0x00,0x00,0x00,0x00,0x00,0x00,0x00,0x00,0x00,0x00,
    0x00,0x00,0x00,0x00,0x00,0x00,0x00,0x00,0x00,0x00,0x00,0x00,0x00,0x00,0x00,0x00,
    0x00,0x00,0x00,0x00,0x00,0x00,0x00,0x00,0x00,0x00,0x00,0x00,0x00,0x00,0x00,0x00,
    0x00,0x00,0x00,0x00,0x00,0x00,0x00,0x03,0x00,0x00,0x66,0xE4,0xFF,0xFF,0xFE,0xFC,
    0xFE,0xFF,0xFF,0xFF,0xFF,0xFF,0xFF,0xFF,0xFF,0xFF,0xFF,0xFF,0xFF,0xFF,0xFF,0xFF,
    0xFF,0xFF,0xFF,0xFF,0xFE,0xFD,0xFC,0xFF,0xFF,0xFF,0xB8,0x35,0x00,0x01,0x01,0x00,
    0x00,0x00,0x00,0x00,0x00,0x00,0x00,0x00,0x00,0x00,0x00,0x00,0x00,0x00,0x00,0x00,
    0x00,0x00,0x00,0x00,0x00,0x00,0x00,0x00,0x00,0x00,0x00,0x00,0x00,0x00,0x00,0x00,
    0x00,0x00,0x00,0x00,0x00,0x00,0x00,0x00,0x00,0x00,0x00,0x00,0x00,0x01,0x03,0x00,
    0x2B,0xB9,0xFF,0xFF,0xFB,0xFD,0xFF,0xFF,0xFF,0xFF,0xFF,0xFF,0xFF,0xFF,0xFF,0xFF,
    0xFF,0xFF,0xFF,0xFF,0xFF,0xFF,0xFF,0xFF,0xFF,0xFF,0xFF,0xFF,0xFF,0xFF,0xFF,0xFF,
    0xFC,0xFD,0xFF,0xF8,0x7A,0x00,0x00,0x02,0x00,0x00,0x00,0x00,0x00,0x00,0x00,0x00,
    0x00,0x00,0x00,0x00,0x00,0x00,0x00,0x00,0x00,0x00,0x00,0x00,0x00,0x00,0x00,0x00,
    0x00,0x00,0x00,0x00,0x00,0x00,0x00,0x00,0x00,0x00,0x00,0x00,0x00,0x00,0x00,0x00,
    0x00,0x00,0x00,0x00,0x01,0x01,0x00,0x5A,0xEB,0xFF,0xFC,0xFD,0xFF,0xFF,0xFF,0xFF,
    0xFF,0xFF,0xFF,0xFF,0xFF,0xFF,0xFF,0xFF,0xFF,0xFF,0xFF,0xFF,0xFF,0xFF,0xFF,0xFF,
    0xFF,0xFF,0xFF,0xFF,0xFF,0xFF,0xFF,0xFF,0xFF,0xFF,0xFC,0xFF,0xFF,0xA3,0x0E,0x00,
    0x02,0x00,0x00,0x00,0x00,0x00,0x00,0x00,0x00,0x00,0x00,0x00,0x00,0x00,0x00,0x00,
    0x00,0x00,0x00,0x00,0x00,0x00,0x00,0x00,0x00,0x00,0x00,0x00,0x00,0x00,0x00,0x00,
    0x00,0x00,0x00,0x00,0x00,0x00,0x00,0x00,0x00,0x00,0x00,0x01,0x02,0x01,0x7F,0xFF,
    0xFF,0xFC,0xFF,0xFF,0xFF,0xFF,0xFF,0xFF,0xFF,0xFF,0xFF,0xFF,0xFF,0xFF,0xFF,0xFF,
    0xFF,0xFF,0xFF,0xFF,0xFF,0xFF,0xFF,0xFF,0xFF,0xFF,0xFF,0xFF,0xFF,0xFF,0xFF,0xFF,
    0xFF,0xFF,0xFF,0xFE,0xFB,0xFF,0xC3,0x14,0x00,0x02,0x00,0x00,0x00,0x00,0x00,0x00,
    0x00,0x00,0x00,0x00,0x00,0x00,0x00,0x00,0x00,0x00,0x00,0x00,0x00,0x00,0x00,0x00,
    0x00,0x00,0x00,0x00,0x00,0x00,0x00,0x00,0x00,0x00,0x00,0x00,0x00,0x00,0x00,0x00,
    0x00,0x00,0x01,0x03,0x00,0x9E,0xFF,0xFD,0xFE,0xFF,0xFF,0xFF,0xFF,0xFF,0xFF,0xFF,
    0xFF,0xFF,0xFF,0xFF,0xFF,0xFF,0xFF,0xFF,0xFF,0xFF,0xFF,0xFF,0xFF,0xFF,0xFF,0xFF,
    0xFF,0xFF,0xFF,0xFF,0xFF,0xFF,0xFF,0xFF,0xFF,0xFF,0xFF,0xFF,0xFF,0xFB,0xFF,0xC4,
    0x14,0x00,0x02,0x00,0x00,0x00,0x00,0x00,0x00,0x00,0x00,0x00,0x00,0x00,0x00,0x00,
    0x00,0x00,0x00,0x00,0x00,0x00,0x00,0x00,0x00,0x00,0x00,0x00,0x00,0x00,0x00,0x00,
    0x00,0x00,0x00,0x00,0x00,0x00,0x00,0x00,0x00,0x00,0x03,0x00,0x7C,0xFF,0xFB,0xFE,
    0xFF,0xFF,0xFF,0xFF,0xFF,0xFF,0xFF,0xFF,0xFF,0xFF,0xFF,0xFF,0xFF,0xFF,0xFF,0xFF,
    0xFF,0xFF,0xFF,0xFF,0xFF,0xFF,0xFF,0xFF,0xFF,0xFF,0xFF,0xFF,0xFF,0xFF,0xFF,0xFF,
    0xFF,0xFF,0xFF,0xFF,0xFF,0xFF,0xFB,0xFF,0xC1,0x08,0x01,0x01,0x00,0x00,0x00,0x00,
    0x00,0x00,0x00,0x00,0x00,0x00,0x00,0x00,0x00,0x00,0x00,0x00,0x00,0x00,0x00,0x00,
    0x00,0x00,0x00,0x00,0x00,0x00,0x00,0x00,0x00,0x00,0x00,0x00,0x00,0x00,0x00,0x00,
    0x00,0x03,0x00,0x73,0xFF,0xFC,0xFE,0xFF,0xFF,0xFF,0xFF,0xFF,0xFF,0xFF,0xFF,0xFF,
    0xFF,0xFF,0xFF,0xFF,0xFF,0xFF,0xFF,0xFF,0xFF,0xFF,0xFF,0xFF,0xFF,0xFF,0xFF,0xFF,
    0xFF,0xFF,0xFF,0xFF,0xFF,0xFF,0xFF,0xFF,0xFF,0xFF,0xFF,0xFF,0xFF,0xFF,0xFF,0xFB,
    0xFF,0x9C,0x02,0x02,0x00,0x00,0x00,0x00,0x00,0x00,0x00,0x00,0x00,0x00,0x00,0x00,
    0x00,0x00,0x00,0x00,0x00,0x00,0x00,0x00,0x00,0x00,0x00,0x00,0x00,0x00,0x00,0x00,
    0x00,0x00,0x00,0x00,0x00,0x00,0x00,0x00,0x02,0x00,0x43,0xFC,0xFD,0xFE,0xFF,0xFF,
    0xFF,0xFF,0xFF,0xFF,0xFF,0xFF,0xFF,0xFF,0xFF,0xFF,0xFF,0xFF,0xFF,0xFF,0xFF,0xFF,
    0xFF,0xFF,0xFF,0xFF,0xFF,0xFF,0xFF,0xFF,0xFF,0xFF,0xFF,0xFF,0xFF,0xFF,0xFF,0xFF,
    0xFF,0xFF,0xFF,0xFF,0xFF,0xFF,0xFF,0xFE,0xFD,0xF9,0x14,0x00,0x00,0x00,0x00,0x00,
    0x00,0x00,0x00,0x00,0x00,0x00,0x00,0x00,0x00,0x00,0x00,0x00,0x00,0x00,0x00,0x00,
    0x00,0x00,0x00,0x00,0x00,0x00,0x00,0x00,0x00,0x00,0x00,0x00,0x00,0x00,0x00,0x02,
    0x02,0x14,0xDF,0xFF,0xFD,0xFF,0xFF,0xFF,0xFF,0xFF,0xFF,0xFF,0xFF,0xFF,0xFF,0xFF,
    0xFF,0xFF,0xFF,0xFF,0xFF,0xFF,0xFF,0xFF,0xFF,0xFF,0xFF,0xFF,0xFF,0xFF,0xFF,0xFF,
    0xFF,0xFF,0xFF,0xFF,0xFF,0xFF,0xFF,0xFF,0xFF,0xFF,0xFF,0xFF,0xFF,0xFF,0xFF,0xFE,
    0xFF,0xF3,0x15,0x00,0x00,0x00,0x00,0x00,0x00,0x00,0x00,0x00,0x00,0x00,0x00,0x00,
    0x00,0x00,0x00,0x00,0x00,0x00,0x00,0x00,0x00,0x00,0x00,0x00,0x00,0x00,0x00,0x00,
    0x00,0x00,0x00,0x00,0x00,0x00,0x00,0x03,0x00,0x8E,0xFF,0xFC,0xFF,0xFF,0xFF,0xFF,
    0xFF,0xFF,0xFF,0xFF,0xFF,0xFF,0xFF,0xFF,0xFF,0xFF,0xFF,0xFF,0xFF,0xFF,0xFF,0xFF,
    0xFF,0xFF,0xFF,0xFF,0xFF,0xFF,0xFF,0xFF,0xFF,0xFF,0xFF,0xFF,0xFF,0xFF,0xFF,0xFF,
    0xFF,0xFF,0xFF,0xFF,0xFF,0xFF,0xFF,0xFE,0xFF,0xF4,0x15,0x00,0x00,0x00,0x00,0x00,
    0x00,0x00,0x00,0x00,0x00,0x00,0x00,0x00,0x00,0x00,0x00,0x00,0x00,0x00,0x00,0x00,
    0x00,0x00,0x00,0x00,0x00,0x00,0x00,0x00,0x00,0x00,0x00,0x00,0x00,0x00,0x02,0x00,
    0x38,0xF7,0xFD,0xFE,0xFF,0xFF,0xFF,0xFF,0xFF,0xFF,0xFF,0xFF,0xFF,0xFF,0xFF,0xFF,
    0xFF,0xFF,0xFF,0xFF,0xFF,0xFF,0xFF,0xFF,0xFF,0xFF,0xFF,0xFF,0xFF,0xFF,0xFF,0xFF,
    0xFF,0xFF,0xFF,0xFF,0xFF,0xFF,0xFF,0xFF,0xFF,0xFF,0xFF,0xFF,0xFF,0xFF,0xFF,0xFE,
    0xFF,0xF4,0x15,0x00,0x00,0x00,0x00,0x00,0x00,0x00,0x00,0x00,0x00,0x00,0x00,0x00,
    0x00,0x00,0x00,0x00,0x00,0x00,0x00,0x00,0x00,0x00,0x00,0x00,0x00,0x00,0x00,0x00,
    0x00,0x00,0x00,0x00,0x00,0x00,0x01,0x03,0xC1,0xFF,0xFC,0xFF,0xFF,0xFF,0xFF,0xFF,
    0xFF,0xFF,0xFF,0xFF,0xFF,0xFF,0xFF,0xFF,0xFF,0xFF,0xFF,0xFF,0xFF,0xFF,0xFF,0xFF,
    0xFF,0xFF,0xFF,0xFF,0xFF,0xFF,0xFF,0xFF,0xFF,0xFF,0xFF,0xFF,0xFF,0xFF,0xFF,0xFF,
    0xFF,0xFF,0xFF,0xFF,0xFF,0xFF,0xFF,0xFE,0xFF,0xF4,0x14,0x00,0x00,0x00,0x00,0x00,
    0x00,0x00,0x00,0x00,0x00,0x00,0x00,0x00,0x00,0x00,0x00,0x00,0x00,0x00,0x00,0x00,
    0x00,0x00,0x00,0x00,0x00,0x00,0x00,0x00,0x00,0x00,0x00,0x00,0x00,0x03,0x00,0x4A,
    0xFF,0xFD,0xFF,0xFF,0xFF,0xFF,0xFF,0xFF,0xFF,0xFF,0xFF,0xFF,0xFF,0xFF,0xFF,0xFF,
    0xFF,0xFF,0xFF,0xFF,0xFF,0xFF,0xFF,0xFF,0xFF,0xFF,0xFF,0xFF,0xFF,0xFF,0xFF,0xFF,
    0xFF,0xFF,0xFF,0xFF,0xFF,0xFF,0xFF,0xFF,0xFF,0xFF,0xFF,0xFF,0xFF,0xFF,0xFF,0xFE,
    0xFF,0xF5,0x1A,0x00,0x00,0x00,0x00,0x00,0x00,0x00,0x00,0x00,0x00,0x00,0x00,0x00,
    0x00,0x00,0x00,0x00,0x00,0x00,0x00,0x00,0x00,0x00,0x00,0x00,0x00,0x00,0x00,0x00,
    0x00,0x00,0x00,0x00,0x00,0x01,0x01,0xBE,0xFF,0xFC,0xFF,0xFF,0xFF,0xFF,0xFF,0xFF,
    0xFF,0xFF,0xFF,0xFF,0xFF,0xFF,0xFF,0xFF,0xFF,0xFF,0xFF,0xFF,0xFF,0xFF,0xFF,0xFF,
    0xFF,0xFF,0xFF,0xFF,0xFF,0xFF,0xFF,0xFF,0xFF,0xFF,0xFF,0xFF,0xFF,0xFF,0xFF,0xFF,
    0xFF,0xFF,0xFF,0xFF,0xFF,0xFF,0xFF,0xFF,0xFD,0xFF,0x3B,0x00,0x00,0x00,0x00,0x00,
    0x00,0x00,0x00,0x00,0x00,0x00,0x00,0x00,0x00,0x00,0x00,0x00,0x00,0x00,0x00,0x00,
    0x00,0x00,0x00,0x00,0x00,0x00,0x00,0x00,0x00,0x00,0x00,0x00,0x03,0x00,0x37,0xFA,
    0xFE,0xFE,0xFF,0xFF,0xFF,0xFF,0xFF,0xFF,0xFF,0xFF,0xFF,0xFF,0xFF,0xFF,0xFF,0xFF,
    0xFF,0xFF,0xFF,0xFF,0xFF,0xFF,0xFF,0xFF,0xFF,0xFF,0xFF,0xFF,0xFF,0xFF,0xFF,0xFF,
    0xFF,0xFF,0xFF,0xFF,0xFF,0xFF,0xFF,0xFF,0xFF,0xFF,0xFF,0xFF,0xFF,0xFF,0xFF,0xFF,
    0xFD,0xFF,0x3C,0x00,0x00,0x00,0x00,0x00,0x00,0x00,0x00,0x00,0x00,0x00,0x00,0x00,
    0x00,0x00,0x00,0x00,0x00,0x00,0x00,0x00,0x00,0x00,0x00,0x00,0x00,0x00,0x00,0x00,
    0x00,0x00,0x00,0x00,0x03,0x00,0x99,0xFF,0xFC,0xFF,0xFF,0xFF,0xFF,0xFF,0xFF,0xFF,
    0xFF,0xFF,0xFF,0xFF,0xFF,0xFF,0xFF,0xFF,0xFF,0xFF,0xFF,0xFF,0xFF,0xFF,0xFF,0xFF,
    0xFF,0xFF,0xFF,0xFF,0xFF,0xFF,0xFF,0xFF,0xFF,0xFF,0xFF,0xFF,0xFF,0xFF,0xFF,0xFF,
    0xFF,0xFF,0xFF,0xFF,0xFF,0xFF,0xFF,0xFF,0xFD,0xFF,0x3C,0x00,0x00,0x00,0x00,0x00,
    0x00,0x00,0x00,0x00,0x00,0x00,0x00,0x00,0x00,0x00,0x00,0x00,0x00,0x00,0x00,0x00,
    0x00,0x00,0x00,0x00,0x00,0x00,0x00,0x00,0x00,0x00,0x00,0x01,0x00,0x0D,0xDE,0xFF,
    0xFD,0xFF,0xFF,0xFF,0xFF,0xFF,0xFF,0xFF,0xFF,0xFF,0xFF,0xFF,0xFF,0xFF,0xFF,0xFF,
    0xFF,0xFF,0xFF,0xFF,0xFF,0xFF,0xFF,0xFF,0xFF,0xFF,0xFF,0xFF,0xFF,0xFF,0xFF,0xFF,
    0xFF,0xFF,0xFF,0xFF,0xFF,0xFF,0xFF,0xFF,0xFF,0xFF,0xFF,0xFF,0xFF,0xFF,0xFF,0xFF,
    0xFD,0xFF,0x3C,0x00,0x00,0x00,0x00,0x00,0x00,0x00,0x00,0x00,0x00,0x00,0x00,0x00,
    0x00,0x00,0x00,0x00,0x00,0x00,0x00,0x00,0x00,0x00,0x00,0x00,0x00,0x00,0x00,0x00,
    0x00,0x00,0x00,0x03,0x00,0x4A,0xFF,0xFE,0xFF,0xFF,0xFF,0xFF,0xFF,0xFF,0xFF,0xFF,
    0xFF,0xFF,0xFF,0xFF,0xFF,0xFF,0xFF,0xFF,0xFF,0xFF,0xFF,0xFF,0xFF,0xFF,0xFF,0xFF,
    0xFF,0xFF,0xFF,0xFF,0xFF,0xFF,0xFF,0xFF,0xFF,0xFF,0xFF,0xFF,0xFF,0xFF,0xFF,0xFF,
    0xFF,0xFF,0xFF,0xFF,0xFF,0xFF,0xFF,0xFF,0xFD,0xFF,0x3C,0x00,0x00,0x00,0x00,0x00,
    0x00,0x00,0x00,0x00,0x00,0x00,0x00,0x00,0x00,0x00,0x00,0x00,0x00,0x00,0x00,0x00,
    0x00,0x00,0x00,0x00,0x00,0x00,0x00,0x00,0x00,0x00,0x00,0x03,0x00,0x8F,0xFF,0xFB,
    0xFF,0xFF,0xFF,0xFF,0xFF,0xFF,0xFF,0xFF,0xFF,0xFF,0xFF,0xFF,0xFF,0xFF,0xFF,0xFF,
    0xFF,0xFF,0xFF,0xFF,0xFF,0xFF,0xFF,0xFF,0xFF,0xFF,0xFF,0xFF,0xFF,0xFF,0xFF,0xFF,
    0xFF,0xFF,0xFF,0xFF,0xFF,0xFF,0xFF,0xFF,0xFF,0xFF,0xFF,0xFF,0xFF,0xFF,0xFF,0xFF,
    0xFD,0xFF,0x3C,0x00,0x00,0x00,0x00,0x00,0x00,0x00,0x00,0x00,0x00,0x00,0x00,0x00,
    0x00,0x00,0x00,0x00,0x00,0x00,0x00,0x00,0x00,0x00,0x00,0x00,0x00,0x00,0x00,0x00,
    0x00,0x00,0x01,0x01,0x05,0xC8,0xFF,0xFC,0xFF,0xFF,0xFF,0xFF,0xFF,0xFF,0xFF,0xFF,
    0xFF,0xFF,0xFF,0xFF,0xFF,0xFF,0xFF,0xFF,0xFF,0xFF,0xFF,0xFF,0xFF,0xFF,0xFF,0xFF,
    0xFF,0xFF,0xFF,0xFF,0xFF,0xFF,0xFF,0xFF,0xFF,0xFF,0xFF,0xFF,0xFF,0xFF,0xFF,0xFF,
    0xFF,0xFF,0xFF,0xFF,0xFF,0xFF,0xFF,0xFF,0xFD,0xFF,0x3A,0x00,0x00,0x00,0x00,0x00,
    0x00,0x00,0x00,0x00,0x00,0x00,0x00,0x00,0x00,0x00,0x00,0x00,0x00,0x00,0x00,0x00,
    0x00,0x00,0x00,0x00,0x00,0x00,0x00,0x00,0x00,0x00,0x01,0x00,0x0B,0xE1,0xFF,0xFD,
    0xFF,0xFF,0xFF,0xFF,0xFF,0xFF,0xFF,0xFF,0xFF,0xFF,0xFF,0xFF,0xFF,0xFF,0xFF,0xFF,
    0xFF,0xFF,0xFF,0xFF,0xFF,0xFF,0xFF,0xFF,0xFF,0xFF,0xFF,0xFF,0xFF,0xFF,0xFF,0xFF,
    0xFF,0xFF,0xFF,0xFF,0xFF,0xFF,0xFF,0xFF,0xFF,0xFF,0xFF,0xFF,0xFF,0xFF,0xFF,0xFF,
    0xFB,0xFF,0x5F,0x00,0x00,0x00,0x00,0x00,0x00,0x00,0x00,0x00,0x00,0x00,0x00,0x00,
    0x00,0x00,0x00,0x00,0x00,0x00,0x00,0x00,0x00,0x00,0x00,0x00,0x00,0x00,0x00,0x00,
    0x00,0x00,0x02,0x00,0x37,0xF6,0xFE,0xFE,0xFF,0xFF,0xFF,0xFF,0xFF,0xFF,0xFF,0xFF,
    0xFF,0xFF,0xFF,0xFF,0xFF,0xFF,0xFF,0xFF,0xFF,0xFF,0xFF,0xFF,0xFF,0xFF,0xFF,0xFF,
    0xFF,0xFF,0xFF,0xFF,0xFF,0xFF,0xFF,0xFF,0xFF,0xFF,0xFF,0xFF,0xFF,0xFF,0xFF,0xFF,
    0xFF,0xFF,0xFF,0xFF,0xFF,0xFF,0xFF,0xFF,0xFB,0xFF,0x6C,0x00,0x00,0x00,0x00,0x00,
    0x00,0x00,0x00,0x00,0x00,0x00,0x00,0x00,0x00,0x00,0x00,0x00,0x00,0x00,0x00,0x00,
    0x00,0x00,0x00,0x00,0x00,0x00,0x00,0x00,0x00,0x00,0x02,0x00,0x9B,0xFF,0xFC,0xFF,
    0xFF,0xFF,0xFF,0xFF,0xFF,0xFF,0xFF,0xFF,0xFF,0xFF,0xFF,0xFF,0xFF,0xFF,0xFF,0xFF,
    0xFF,0xFF,0xFF,0xFF,0xFF,0xFF,0xFF,0xFF,0xFF,0xFF,0xFF,0xFF,0xFF,0xFF,0xFF,0xFF,
    0xFF,0xFF,0xFF,0xFF,0xFF,0xFF,0xFF,0xFF,0xFF,0xFF,0xFF,0xFF,0xFF,0xFF,0xFF,0xFF,
    0xFB,0xFF,0x69,0x00,0x00,0x00,0x00,0x00,0x00,0x00,0x00,0x00,0x00,0x00,0x00,0x00,
    0x00,0x00,0x00,0x00,0x00,0x00,0x00,0x00,0x00,0x00,0x00,0x00,0x00,0x00,0x00,0x00,
    0x00,0x01,0x00,0x15,0xE9,0xFF,0xFE,0xFF,0xFF,0xFF,0xFF,0xFF,0xFF,0xFF,0xFF,0xFF,
    0xFF,0xFF,0xFF,0xFF,0xFF,0xFF,0xFF,0xFF,0xFF,0xFF,0xFF,0xFF,0xFF,0xFF,0xFF,0xFF,
    0xFF,0xFF,0xFF,0xFF,0xFF,0xFF,0xFF,0xFF,0xFF,0xFF,0xFF,0xFF,0xFF,0xFF,0xFF,0xFF,
    0xFF,0xFF,0xFF,0xFF,0xFF,0xFF,0xFF,0xFF,0xFB,0xFF,0x6A,0x00,0x00,0x00,0x00,0x00,
    0x00,0x00,0x00,0x00,0x00,0x00,0x00,0x00,0x00,0x00,0x00,0x00,0x00,0x00,0x00,0x00,
    0x00,0x00,0x00,0x00,0x00,0x00,0x00,0x00,0x00,0x03,0x00,0x57,0xFF,0xFD,0xFF,0xFF,
    0xFF,0xFF,0xFF,0xFF,0xFF,0xFF,0xFF,0xFF,0xFF,0xFF,0xFF,0xFF,0xFF,0xFF,0xFF,0xFF,
    0xFF,0xFF,0xFF,0xFF,0xFF,0xFF,0xFF,0xFF,0xFF,0xFF,0xFF,0xFF,0xFF,0xFF,0xFF,0xFF,
    0xFF,0xFF,0xFF,0xFF,0xFF,0xFF,0xFF,0xFF,0xFF,0xFF,0xFF,0xFF,0xFF,0xFF,0xFF,0xFF,
    0xFB,0xFF,0x6A,0x00,0x00,0x00,0x00,0x00,0x00,0x00,0x00,0x00,0x00,0x00,0x00,0x00,
    0x00,0x00,0x00,0x00,0x00,0x00,0x00,0x00,0x00,0x00,0x00,0x00,0x00,0x00,0x00,0x00,
    0x00,0x03,0x00,0x98,0xFF,0xFB,0xFF,0xFF,0xFF,0xFF,0xFF,0xFF,0xFF,0xFF,0xFF,0xFF,
    0xFF,0xFF,0xFF,0xFF,0xFF,0xFF,0xFF,0xFF,0xFF,0xFF,0xFF,0xFF,0xFF,0xFF,0xFF,0xFF,
    0xFF,0xFF,0xFF,0xFF,0xFF,0xFF,0xFF,0xFF,0xFF,0xFF,0xFF,0xFF,0xFF,0xFF,0xFF,0xFF,
    0xFF,0xFF,0xFF,0xFF,0xFF,0xFF,0xFF,0xFF,0xFB,0xFF,0x6B,0x00,0x00,0x00,0x00,0x00,
    0x00,0x00,0x00,0x00,0x00,0x00,0x00,0x00,0x00,0x00,0x00,0x00,0x00,0x00,0x00,0x00,
    0x00,0x00,0x00,0x00,0x00,0x00,0x00,0x00,0x01,0x00,0x06,0xCE,0xFF,0xFD,0xFF,0xFF,
    0xFF,0xFF,0xFF,0xFF,0xFF,0xFF,0xFF,0xFF,0xFF,0xFF,0xFF,0xFF,0xFF,0xFF,0xFF,0xFF,
    0xFF,0xFF,0xFF,0xFF,0xFF,0xFF,0xFF,0xFF,0xFF,0xFF,0xFF,0xFF,0xFF,0xFF,0xFF,0xFF,
    0xFF,0xFF,0xFF,0xFF,0xFF,0xFF,0xFF,0xFF,0xFF,0xFF,0xFF,0xFF,0xFF,0xFF,0xFF,0xFF,
    0xFB,0xFF,0x66,0x00,0x00,0x00,0x00,0x00,0x00,0x00,0x00,0x00,0x00,0x00,0x00,0x00,
    0x00,0x00,0x00,0x00,0x00,0x00,0x00,0x00,0x00,0x00,0x00,0x00,0x00,0x00,0x00,0x00,
    0x02,0x00,0x21,0xF4,0xFF,0xFE,0xFF,0xFF,0xFF,0xFF,0xFF,0xFF,0xFF,0xFF,0xFF,0xFF,
    0xFF,0xFF,0xFF,0xFF,0xFF,0xFF,0xFF,0xFF,0xFF,0xFF,0xFF,0xFF,0xFF,0xFF,0xFF,0xFF,
    0xFF,0xFF,0xFF,0xFF,0xFF,0xFF,0xFF,0xFF,0xFF,0xFF,0xFF,0xFF,0xFF,0xFF,0xFF,0xFF,
    0xFF,0xFF,0xFF,0xFF,0xFF,0xFF,0xFF,0xFF,0xFB,0xFF,0x81,0x00,0x00,0x00,0x00,0x00,
    0x00,0x00,0x00,0x00,0x00,0x00,0x00,0x00,0x00,0x00,0x00,0x00,0x00,0x00,0x00,0x00,
    0x00,0x00,0x00,0x00,0x00,0x00,0x00,0x00,0x03,0x00,0x44,0xFE,0xFE,0xFF,0xFF,0xFF,
    0xFF,0xFF,0xFF,0xFF,0xFF,0xFF,0xFF,0xFF,0xFF,0xFF,0xFF,0xFF,0xFF,0xFF,0xFF,0xFF,
    0xFF,0xFF,0xFF,0xFF,0xFF,0xFF,0xFF,0xFF,0xFF,0xFF,0xFF,0xFF,0xFF,0xFF,0xFF,0xFF,
    0xFF,0xFF,0xFF,0xFF,0xFF,0xFF,0xFF,0xFF,0xFF,0xFF,0xFF,0xFF,0xFF,0xFF,0xFF,0xFF,
    0xFB,0xFF,0xA0,0x00,0x00,0x00,0x00,0x00,0x00,0x00,0x00,0x00,0x00,0x00,0x00,0x00,
    0x00,0x00,0x00,0x00,0x00,0x00,0x00,0x00,0x00,0x00,0x00,0x00,0x00,0x00,0x00,0x00,
    0x03,0x00,0x53,0xFF,0xFD,0xFF,0xFF,0xFF,0xFF,0xFF,0xFF,0xFF,0xFF,0xFF,0xFF,0xFF,
    0xFF,0xFF,0xFF,0xFF,0xFF,0xFF,0xFF,0xFF,0xFF,0xFF,0xFF,0xFF,0xFF,0xFF,0xFF,0xFF,
    0xFF,0xFF,0xFF,0xFF,0xFF,0xFF,0xFF,0xFF,0xFF,0xFF,0xFF,0xFF,0xFF,0xFF,0xFF,0xFF,
    0xFF,0xFF,0xFF,0xFF,0xFF,0xFF,0xFF,0xFF,0xFB,0xFF,0x9B,0x00,0x00,0x00,0x00,0x00,
    0x00,0x00,0x00,0x00,0x00,0x00,0x00,0x00,0x00,0x00,0x00,0x00,0x00,0x00,0x00,0x00,
    0x00,0x00,0x00,0x00,0x00,0x00,0x00,0x00,0x03,0x00,0x50,0xFF,0xFD,0xFF,0xFF,0xFF,
    0xFF,0xFF,0xFF,0xFF,0xFF,0xFF,0xFF,0xFF,0xFF,0xFF,0xFF,0xFF,0xFF,0xFF,0xFF,0xFF,
    0xFF,0xFF,0xFF,0xFF,0xFF,0xFF,0xFF,0xFF,0xFF,0xFF,0xFF,0xFF,0xFF,0xFF,0xFF,0xFF,
    0xFF,0xFF,0xFF,0xFF,0xFF,0xFF,0xFF,0xFF,0xFF,0xFF,0xFF,0xFF,0xFF,0xFF,0xFF,0xFF,
    0xFB,0xFF,0x9C,0x00,0x00,0x00,0x00,0x00,0x00,0x00,0x00,0x00,0x00,0x00,0x00,0x00,
    0x00,0x00,0x00,0x00,0x00,0x00,0x00,0x00,0x00,0x00,0x00,0x00,0x00,0x00,0x00,0x00,
    0x03,0x00,0x53,0xFF,0xFD,0xFD,0xFF,0xFF,0xFF,0xFF,0xFF,0xFF,0xFF,0xFF,0xFF,0xFF,
    0xFF,0xFF,0xFF,0xFF,0xFF,0xFF,0xFF,0xFF,0xFF,0xFF,0xFF,0xFF,0xFF,0xFF,0xFF,0xFF,
    0xFF,0xFF,0xFF,0xFF,0xFF,0xFF,0xFF,0xFF,0xFF,0xFF,0xFF,0xFF,0xFF,0xFF,0xFF,0xFF,
    0xFF,0xFF,0xFF,0xFF,0xFF,0xFF,0xFF,0xFF,0xFB,0xFF,0x9C,0x00,0x00,0x00,0x00,0x00,
    0x00,0x00,0x00,0x00,0x00,0x00,0x00,0x00,0x00,0x00,0x00,0x00,0x00,0x00,0x00,0x00,
    0x00,0x00,0x00,0x00,0x00,0x00,0x00,0x00,0x02,0x00,0x2E,0xFF,0xAF,0x90,0xFE,0xFC,
    0xFF,0xFF,0xFF,0xFF,0xFF,0xFF,0xFF,0xFF,0xFF,0xFF,0xFF,0xFF,0xFF,0xFF,0xFF,0xFF,
    0xFF,0xFF,0xFF,0xFF,0xFF,0xFF,0xFF,0xFF,0xFF,0xFF,0xFF,0xFF,0xFF,0xFF,0xFF,0xFF,
    0xFF,0xFF,0xFF,0xFF,0xFF,0xFF,0xFF,0xFF,0xFF,0xFF,0xFF,0xFF,0xFF,0xFF,0xFF,0xFF,
    0xFB,0xFF,0x9C,0x00,0x00,0x00,0x00,0x00,0x00,0x00,0x00,0x00,0x00,0x00,0x00,0x00,
    0x00,0x00,0x00,0x00,0x00,0x00,0x00,0x00,0x00,0x00,0x00,0x00,0x00,0x00,0x00,0x00,
    0x01,0x01,0x02,0xE4,0x9D,0x3D,0xFF,0xFE,0xFF,0xFF,0xFF,0xFF,0xFF,0xFF,0xFF,0xFF,
    0xFF,0xFF,0xFF,0xFF,0xFF,0xFF,0xFF,0xFF,0xFF,0xFF,0xFF,0xFF,0xFF,0xFF,0xFF,0xFF,
    0xFF,0xFF,0xFF,0xFF,0xFF,0xFF,0xFF,0xFF,0xFF,0xFF,0xFF,0xFF,0xFF,0xFF,0xFF,0xFF,
    0xFF,0xFF,0xFF,0xFF,0xFF,0xFF,0xFF,0xFF,0xFB,0xFF,0x9C,0x00,0x00,0x00,0x00,0x00,
    0x00,0x00,0x00,0x00,0x00,0x00,0x00,0x00,0x00,0x00,0x00,0x00,0x00,0x00,0x00,0x00,
    0x00,0x00,0x00,0x00,0x00,0x00,0x00,0x00,0x00,0x03,0x00,0x6A,0xD3,0x16,0xE6,0xFF,
    0xFD,0xFF,0xFF,0xFF,0xFF,0xFF,0xFF,0xFF,0xFF,0xFF,0xFF,0xFF,0xFF,0xFF,0xFF,0xFF,
    0xFF,0xFF,0xFF,0xFF,0xFF,0xFF,0xFF,0xFF,0xFF,0xFF,0xFF,0xFF,0xFF,0xFF,0xFF,0xFF,
    0xFF,0xFF,0xFF,0xFF,0xFF,0xFF,0xFF,0xFF,0xFF,0xFF,0xFF,0xFF,0xFF,0xFF,0xFF,0xFF,
    0xFB,0xFF,0x9D,0x00,0x00,0x00,0x00,0x00,0x00,0x00,0x00,0x00,0x00,0x00,0x00,0x00,
    0x00,0x00,0x00,0x00,0x00,0x00,0x00,0x00,0x00,0x00,0x00,0x00,0x00,0x00,0x00,0x00,
    0x00,0x00,0x01,0x00,0x8D,0x44,0x7C,0xFF,0xFC,0xFF,0xFF,0xFF,0xFF,0xFF,0xFF,0xFF,
    0xFF,0xFF,0xFF,0xFF,0xFF,0xFF,0xFF,0xFF,0xFF,0xFF,0xFF,0xFF,0xFF,0xFF,0xFF,0xFF,
    0xFF,0xFF,0xFF,0xFF,0xFF,0xFF,0xFF,0xFF,0xFF,0xFF,0xFF,0xFF,0xFF,0xFF,0xFF,0xFF,
    0xFF,0xFF,0xFF,0xFF,0xFF,0xFF,0xFF,0xFF,0xFD,0xFF,0xC4,0x00,0x00,0x00,0x00,0x00,
    0x00,0x00,0x00,0x00,0x00,0x00,0x00,0x00,0x00,0x00,0x00,0x00,0x00,0x00,0x00,0x00,
    0x00,0x00,0x00,0x00,0x00,0x00,0x00,0x00,0x00,0x00,0x00,0x00,0x01,0x10,0x34,0xFE,
    0xFF,0xFE,0xFF,0xFF,0xFF,0xFF,0xFF,0xFF,0xFF,0xFF,0xFF,0xFF,0xFF,0xFF,0xFF,0xFF,
    0xFF,0xFF,0xFF,0xFF,0xFF,0xFF,0xFF,0xFF,0xFF,0xFF,0xFF,0xFF,0xFF,0xFF,0xFF,0xFF,
    0xFF,0xFF,0xFF,0xFF,0xFF,0xFF,0xFF,0xFF,0xFF,0xFF,0xFF,0xFF,0xFF,0xFF,0xFF,0xFF,
    0xFD,0xFF,0xCA,0x00,0x00,0x00,0x00,0x00,0x00,0x00,0x00,0x00,0x00,0x00,0x00,0x00,
    0x00,0x00,0x00,0x00,0x00,0x00,0x00,0x00,0x00,0x00,0x00,0x00,0x00,0x00,0x00,0x00,
    0x00,0x00,0x00,0x00,0x02,0x00,0x32,0xFE,0xFF,0xFE,0xFF,0xFF,0xFF,0xFF,0xFF,0xFF,
    0xFF,0xFF,0xFF,0xFF,0xFF,0xFF,0xFF,0xFF,0xFF,0xFF,0xFF,0xFF,0xFF,0xFF,0xFF,0xFF,
    0xFF,0xFF,0xFF,0xFF,0xFF,0xFF,0xFF,0xFF,0xFF,0xFF,0xFF,0xFF,0xFF,0xFF,0xFF,0xFF,
    0xFF,0xFF,0xFF,0xFF,0xFF,0xFF,0xFF,0xFF,0xFD,0xFF,0xC9,0x00,0x00,0x00,0x00,0x00,
    0x00,0x00,0x00,0x00,0x00,0x00,0x00,0x00,0x00,0x00,0x00,0x00,0x00,0x00,0x00,0x00,
    0x00,0x00,0x00,0x00,0x00,0x00,0x00,0x00,0x00,0x00,0x00,0x00,0x03,0x01,0x4A,0xFF,
    0xFE,0xFF,0xFF,0xFF,0xFF,0xFF,0xFF,0xFF,0xFF,0xFF,0xFF,0xFF,0xFF,0xFF,0xFF,0xFF,
    0xFF,0xFF,0xFF,0xFF,0xFF,0xFF,0xFF,0xFF,0xFF,0xFF,0xFF,0xFF,0xFF,0xFF,0xFF,0xFF,
    0xFF,0xFF,0xFF,0xFF,0xFF,0xFF,0xFF,0xFF,0xFF,0xFF,0xFF,0xFF,0xFF,0xFF,0xFF,0xFF,
    0xFD,0xFF,0xC9,0x00,0x00,0x00,0x00,0x00,0x00,0x00,0x00,0x00,0x00,0x00,0x00,0x00,
    0x00,0x00,0x00,0x00,0x00,0x00,0x00,0x00,0x00,0x00,0x00,0x00,0x00,0x00,0x00,0x00,
    0x00,0x00,0x00,0x00,0x03,0x00,0x73,0xFF,0xFC,0xFF,0xFF,0xFF,0xFF,0xFF,0xFF,0xFF,
    0xFF,0xFF,0xFF,0xFF,0xFF,0xFF,0xFF,0xFF,0xFF,0xFF,0xFF,0xFF,0xFF,0xFF,0xFF,0xFF,
    0xFF,0xFF,0xFF,0xFF,0xFF,0xFF,0xFF,0xFF,0xFF,0xFF,0xFF,0xFF,0xFF,0xFF,0xFF,0xFF,
    0xFF,0xFF,0xFF,0xFF,0xFF,0xFF,0xFF,0xFF,0xFD,0xFF,0xC9,0x00,0x00,0x00,0x00,0x00,
    0x00,0x00,0x00,0x00,0x00,0x00,0x00,0x00,0x00,0x00,0x00,0x00,0x00,0x00,0x00,0x00,
    0x00,0x00,0x00,0x00,0x00,0x00,0x00,0x00,0x00,0x00,0x00,0x00,0x01,0x00,0xBB,0xFF,
    0xFC,0xFF,0xFF,0xFF,0xFF,0xFF,0xFF,0xFF,0xFF,0xFF,0xFF,0xFF,0xFF,0xFF,0xFF,0xFF,
    0xFF,0xFF,0xFF,0xFF,0xFF,0xFF,0xFF,0xFF,0xFF,0xFF,0xFF,0xFF,0xFF,0xFF,0xFF,0xFF,
    0xFF,0xFF,0xFF,0xFF,0xFF,0xFF,0xFF,0xFF,0xFF,0xFF,0xFF,0xFF,0xFF,0xFF,0xFF,0xFF,
    0xFD,0xFF,0xCA,0x00,0x00,0x00,0x00,0x00,0x00,0x00,0x00,0x00,0x00,0x00,0x00,0x00,
    0x00,0x00,0x00,0x00,0x00,0x00,0x00,0x00,0x00,0x00,0x00,0x00,0x00,0x00,0x00,0x00,
    0x00,0x00,0x00,0x02,0x00,0x25,0xF5,0xFF,0xFE,0xFF,0xFF,0xFF,0xFF,0xFF,0xFF,0xFF,
    0xFF,0xFF,0xFF,0xFF,0xFF,0xFF,0xFF,0xFF,0xFF,0xFF,0xFF,0xFF,0xFF,0xFF,0xFF,0xFF,
    0xFF,0xFF,0xFF,0xFF,0xFF,0xFF,0xFF,0xFF,0xFF,0xFF,0xFF,0xFF,0xFF,0xFF,0xFF,0xFF,
    0xFF,0xFF,0xFF,0xFF,0xFF,0xFF,0xFF,0xFF,0xFD,0xFF,0xC7,0x00,0x00,0x00,0x00,0x00,
    0x00,0x00,0x00,0x00,0x00,0x00,0x00,0x00,0x00,0x00,0x00,0x00,0x00,0x00,0x00,0x00,
    0x00,0x00,0x00,0x00,0x00,0x00,0x00,0x00,0x00,0x00,0x00,0x03,0x00,0x6D,0xFF,0xFC,
    0xFF,0xFF,0xFF,0xFF,0xFF,0xFF,0xFF,0xFF,0xFF,0xFF,0xFF,0xFF,0xFF,0xFF,0xFF,0xFF,
    0xFF,0xFF,0xFF,0xFF,0xFF,0xFF,0xFF,0xFF,0xFF,0xFF,0xFF,0xFF,0xFF,0xFF,0xFF,0xFF,
    0xFF,0xFF,0xFF,0xFF,0xFF,0xFF,0xFF,0xFF,0xFF,0xFF,0xFF,0xFF,0xFF,0xFF,0xFF,0xFF,
    0xFE,0xFF,0xDF,0x0D,0x00,0x00,0x00,0x00,0x00,0x00,0x00,0x00,0x00,0x00,0x00,0x00,
    0x00,0x00,0x00,0x00,0x00,0x00,0x00,0x00,0x00,0x00,0x00,0x00,0x00,0x00,0x00,0x00,
    0x00,0x00,0x00,0x02,0x00,0xA8,0xFF,0xFA,0xFE,0xFF,0xFF,0xFF,0xFF,0xFF,0xFF,0xFF,
    0xFF,0xFF,0xFF,0xFF,0xFF,0xFF,0xFF,0xFF,0xFF,0xFF,0xFF,0xFF,0xFF,0xFF,0xFF,0xFF,
    0xFF,0xFF,0xFF,0xFF,0xFF,0xFF,0xFF,0xFF,0xFF,0xFF,0xFF,0xFF,0xFF,0xFF,0xFF,0xFF,
    0xFF,0xFF,0xFF,0xFF,0xFF,0xFF,0xFF,0xFF,0xFE,0xFF,0xEE,0x16,0x00,0x00,0x00,0x00,
    0x00,0x00,0x00,0x00,0x00,0x00,0x00,0x00,0x00,0x00,0x00,0x00,0x00,0x00,0x00,0x00,
    0x00,0x00,0x00,0x00,0x00,0x00,0x00,0x00,0x00,0x00,0x01,0x00,0x08,0xD3,0xFF,0xFF,
    0xFF,0xFF,0xFF,0xFF,0xFF,0xFF,0xFF,0xFF,0xFF,0xFF,0xFF,0xFF,0xFF,0xFF,0xFF,0xFF,
    0xFF,0xFF,0xFF,0xFF,0xFF,0xFF,0xFF,0xFF,0xFF,0xFF,0xFF,0xFF,0xFF,0xFF,0xFF,0xFF,
    0xFF,0xFF,0xFF,0xFF,0xFF,0xFF,0xFF,0xFF,0xFF,0xFF,0xFF,0xFF,0xFF,0xFF,0xFF,0xFF,
    0xFE,0xFF,0xEB,0x15,0x00,0x00,0x00,0x00,0x00,0x00,0x00,0x00,0x00,0x00,0x00,0x00,
    0x00,0x00,0x00,0x00,0x00,0x00,0x00,0x00,0x00,0x00,0x00,0x00,0x00,0x00,0x00,0x00,
    0x00,0x00,0x01,0x00,0x0E,0xE0,0xFF,0xC4,0xEE,0xFF,0xFF,0xFF,0xFF,0xFF,0xFF,0xFF,
    0xFF,0xFF,0xFF,0xFF,0xFF,0xFF,0xFF,0xFF,0xFF,0xFF,0xFF,0xFF,0xFF,0xFF,0xFF,0xFF,
    0xFF,0xFF,0xFF,0xFF,0xFF,0xFF,0xFF,0xFF,0xFF,0xFF,0xFF,0xFF,0xFF,0xFF,0xFF,0xFF,
    0xFF,0xFF,0xFF,0xFF,0xFF,0xFF,0xFF,0xFF,0xFE,0xFF,0xEC,0x15,0x00,0x00,0x00,0x00,
    0x00,0x00,0x00,0x00,0x00,0x00,0x00,0x00,0x00,0x00,0x00,0x00,0x00,0x00,0x00,0x00,
    0x00,0x00,0x00,0x00,0x00,0x00,0x00,0x00,0x00,0x00,0x01,0x00,0x0D,0xDF,0xFF,0x3C,
    0xB3,0xFE,0xFC,0xFF,0xFF,0xFF,0xFF,0xFF,0xFF,0xFF,0xFF,0xFF,0xFF,0xFF,0xFF,0xFF,
    0xFF,0xFF,0xFF,0xFF,0xFF,0xFF,0xFF,0xFF,0xFF,0xFF,0xFF,0xFF,0xFF,0xFF,0xFF,0xFF,
    0xFF,0xFF,0xFF,0xFF,0xFF,0xFF,0xFF,0xFF,0xFF,0xFF,0xFF,0xFF,0xFF,0xFF,0xFF,0xFF,
    0xFE,0xFF,0xEC,0x15,0x00,0x00,0x00,0x00,0x00,0x00,0x00,0x00,0x00,0x00,0x00,0x00,
    0x00,0x00,0x00,0x00,0x00,0x00,0x00,0x00,0x00,0x00,0x00,0x00,0x00,0x00,0x00,0x00,
    0x00,0x00,0x01,0x01,0x03,0xCD,0xFC,0x0E,0x61,0xFF,0xFD,0xFF,0xFF,0xFF,0xFF,0xFF,
    0xFF,0xFF,0xFF,0xFF,0xFF,0xFF,0xFF,0xFF,0xFF,0xFF,0xFF,0xFF,0xFF,0xFF,0xFF,0xFF,
    0xFF,0xFF,0xFF,0xFF,0xFF,0xFF,0xFF,0xFF,0xFF,0xFF,0xFF,0xFF,0xFF,0xFF,0xFF,0xFF,
    0xFF,0xFF,0xFF,0xFF,0xFF,0xFF,0xFF,0xFF,0xFE,0xFF,0xEC,0x16,0x00,0x00,0x00,0x00,
    0x00,0x00,0x00,0x00,0x00,0x00,0x00,0x00,0x00,0x00,0x00,0x00,0x00,0x00,0x00,0x00,
    0x00,0x00,0x00,0x00,0x00,0x00,0x00,0x00,0x00,0x00,0x00,0x03,0x00,0x79,0xFF,0x18,
    0x06,0xBE,0xFF,0xFD,0xFF,0xFF,0xFF,0xFF,0xFF,0xFF,0xFF,0xFF,0xFF,0xFF,0xFF,0xFF,
    0xFF,0xFF,0xFF,0xFF,0xFF,0xFF,0xFF,0xFF,0xFF,0xFF,0xFF,0xFF,0xFF,0xFF,0xFF,0xFF,
    0xFF,0xFF,0xFF,0xFF,0xFF,0xFF,0xFF,0xFF,0xFF,0xFF,0xFF,0xFF,0xFF,0xFF,0xFF,0xFF,
    0xFE,0xFF,0xE9,0x12,0x00,0x00,0x00,0x00,0x00,0x00,0x00,0x00,0x00,0x00,0x00,0x00,
    0x00,0x00,0x00,0x00,0x00,0x00,0x00,0x00,0x00,0x00,0x00,0x00,0x00,0x00,0x00,0x00,
    0x00,0x00,0x00,0x01,0x01,0x10,0xDD,0x8C,0x00,0x94,0xFF,0xFC,0xFF,0xFF,0xFF,0xFF,
    0xFF,0xFF,0xFF,0xFF,0xFF,0xFF,0xFF,0xFF,0xFF,0xFF,0xFF,0xFF,0xFF,0xFF,0xFF,0xFF,
    0xFF,0xFF,0xFF,0xFF,0xFF,0xFF,0xFF,0xFF,0xFF,0xFF,0xFF,0xFF,0xFF,0xFF,0xFF,0xFF,
    0xFF,0xFF,0xFF,0xFF,0xFF,0xFF,0xFF,0xFF,0xFE,0xFE,0xFB,0x25,0x00,0x00,0x00,0x00,
    0x00,0x00,0x00,0x00,0x00,0x00,0x00,0x00,0x00,0x00,0x00,0x00,0x00,0x00,0x00,0x00,
    0x00,0x00,0x00,0x00,0x00,0x00,0x00,0x00,0x00,0x00,0x00,0x00,0x01,0x00,0x1F,0x7B,
    0x4E,0xFA,0xFE,0xFE,0xFF,0xFF,0xFF,0xFF,0xFF,0xFF,0xFF,0xFF,0xFF,0xFF,0xFF,0xFF,
    0xFF,0xFF,0xFF,0xFF,0xFF,0xFF,0xFF,0xFF,0xFF,0xFF,0xFF,0xFF,0xFF,0xFF,0xFF,0xFF,
    0xFF,0xFF,0xFF,0xFF,0xFF,0xFF,0xFF,0xFF,0xFF,0xFF,0xFF,0xFF,0xFF,0xFF,0xFF,0xFF,
    0xFE,0xFF,0xCD,0x21,0x00,0x00,0x00,0x00,0x00,0x00,0x00,0x00,0x00,0x00,0x00,0x00,
    0x00,0x00,0x00,0x00,0x00,0x00,0x00,0x00,0x00,0x00,0x00,0x00,0x00,0x00,0x00,0x00,
    0x00,0x00,0x00,0x00,0x00,0x01,0x00,0x00,0x70,0xFF,0xFC,0xFF,0xFF,0xFF,0xFF,0xFF,
    0xFF,0xFF,0xFF,0xFF,0xFF,0xFF,0xFF,0xFF,0xFF,0xFF,0xFF,0xFF,0xFF,0xFF,0xFF,0xFF,
    0xFF,0xFF,0xFF,0xFF,0xFF,0xFF,0xFF,0xFF,0xFF,0xFF,0xFF,0xFF,0xFF,0xFF,0xFF,0xFF,
    0xFF,0xFF,0xFF,0xFF,0xFF,0xFF,0xFF,0xFC,0xFF,0xC4,0x07,0x00,0x00,0x00,0x00,0x00,
    0x00,0x00,0x00,0x00,0x00,0x00,0x00,0x00,0x00,0x00,0x00,0x00,0x00,0x00,0x00,0x00,
    0x00,0x00,0x00,0x00,0x00,0x00,0x00,0x00,0x00,0x00,0x00,0x00,0x00,0x00,0x04,0x03,
    0x80,0xFF,0xFC,0xFF,0xFF,0xFF,0xFF,0xFF,0xFF,0xFF,0xFF,0xFF,0xFF,0xFF,0xFF,0xFF,
    0xFF,0xFF,0xFF,0xFF,0xFF,0xFF,0xFF,0xFF,0xFF,0xFF,0xFF,0xFF,0xFF,0xFF,0xFF,0xFF,
    0xFF,0xFF,0xFF,0xFF,0xFF,0xFF,0xFF,0xFF,0xFF,0xFF,0xFF,0xFF,0xFF,0xFF,0xFF,0xFD,
    0xFF,0x5D,0x06,0x17,0x00,0x00,0x00,0x00,0x00,0x00,0x00,0x00,0x00,0x00,0x00,0x00,
    0x00,0x00,0x00,0x00,0x00,0x00,0x00,0x00,0x00,0x00,0x00,0x00,0x00,0x00,0x00,0x00,
    0x00,0x00,0x00,0x00,0x00,0x00,0x03,0x01,0x99,0xFF,0xFB,0xFF,0xFF,0xFF,0xFF,0xFF,
    0xFF,0xFF,0xFF,0xFF,0xFF,0xFF,0xFF,0xFF,0xFF,0xFF,0xFF,0xFF,0xFF,0xFF,0xFF,0xFF,
    0xFF,0xFF,0xFF,0xFF,0xFF,0xFF,0xFF,0xFF,0xFF,0xFF,0xFF,0xFF,0xFF,0xFF,0xFF,0xFF,
    0xFF,0xFF,0xFF,0xFF,0xFF,0xFF,0xFF,0xFE,0xFF,0x8F,0xC0,0x47,0x00,0x00,0x00,0x00,
    0x00,0x00,0x00,0x00,0x00,0x00,0x00,0x00,0x00,0x00,0x00,0x00,0x00,0x00,0x00,0x00,
    0x00,0x00,0x00,0x00,0x00,0x00,0x00,0x00,0x00,0x00,0x00,0x00,0x00,0x00,0x03,0x00,
    0x95,0xFF,0xFB,0xFF,0xFF,0xFF,0xFF,0xFF,0xFF,0xFF,0xFF,0xFF,0xFF,0xFF,0xFF,0xFF,
    0xFF,0xFF,0xFF,0xFF,0xFF,0xFF,0xFF,0xFF,0xFF,0xFF,0xFF,0xFF,0xFF,0xFF,0xFF,0xFF,
    0xFF,0xFF,0xFF,0xFF,0xFF,0xFF,0xFF,0xFF,0xFF,0xFF,0xFF,0xFF,0xFF,0xFF,0xFF,0xFF,
    0xFF,0xFF,0xFF,0x3C,0x00,0x00,0x00,0x00,0x00,0x00,0x00,0x00,0x00,0x00,0x00,0x00,
    0x00,0x00,0x00,0x00,0x00,0x00,0x00,0x00,0x00,0x00,0x00,0x00,0x00,0x00,0x00,0x00,
    0x00,0x00,0x00,0x00,0x00,0x01,0x00,0x11,0xD7,0xFF,0xFD,0xFF,0xFF,0xFF,0xFF,0xFF,
    0xFF,0xFF,0xFF,0xFF,0xFF,0xFF,0xFF,0xFF,0xFF,0xFF,0xFF,0xFF,0xFF,0xFF,0xFF,0xFF,
    0xFF,0xFF,0xFF,0xFF,0xFF,0xFF,0xFF,0xFF,0xFF,0xFF,0xFF,0xFF,0xFF,0xFF,0xFF,0xFF,
    0xFF,0xFF,0xFF,0xFF,0xFF,0xFF,0xFF,0xFF,0xFF,0xFD,0xFD,0x3D,0x00,0x00,0x00,0x00,
    0x00,0x00,0x00,0x00,0x00,0x00,0x00,0x00,0x00,0x00,0x00,0x00,0x00,0x00,0x00,0x00,
    0x00,0x00,0x00,0x00,0x00,0x00,0x00,0x00,0x00,0x00,0x00,0x00,0x00,0x02,0x00,0x39,
    0xFF,0xFF,0xFE,0xFF,0xFF,0xFF,0xFF,0xFF,0xFF,0xFF,0xFF,0xFF,0xFF,0xFF,0xFF,0xFF,
    0xFF,0xFF,0xFF,0xFF,0xFF,0xFF,0xFF,0xFF,0xFF,0xFF,0xFF,0xFF,0xFF,0xFF,0xFF,0xFF,
    0xFF,0xFF,0xFF,0xFF,0xFF,0xFF,0xFF,0xFF,0xFF,0xFF,0xFF,0xFF,0xFF,0xFF,0xFF,0xFF,
    0xFF,0xFF,0xFF,0x3B,0x00,0x00,0x00,0x00,0x00,0x00,0x00,0x00,0x00,0x00,0x00,0x00,
    0x00,0x00,0x00,0x00,0x00,0x00,0x00,0x00,0x00,0x00,0x00,0x00,0x00,0x00,0x00,0x00,
    0x00,0x00,0x00,0x00,0x00,0x02,0x00,0x33,0xFE,0xFF,0xFE,0xFF,0xFF,0xFF,0xFF,0xFF,
    0xFF,0xFF,0xFF,0xFF,0xFF,0xFF,0xFF,0xFF,0xFF,0xFF,0xFF,0xFF,0xFF,0xFF,0xFF,0xFF,
    0xFF,0xFF,0xFF,0xFF,0xFF,0xFF,0xFF,0xFF,0xFF,0xFF,0xFF,0xFF,0xFF,0xFF,0xFF,0xFF,
    0xFF,0xFF,0xFF,0xFF,0xFF,0xFF,0xFF,0xFF,0xFF,0xFD,0xFF,0x64,0x00,0x00,0x00,0x00,
    0x00,0x00,0x00,0x00,0x00,0x00,0x00,0x00,0x00,0x00,0x00,0x00,0x00,0x00,0x00,0x00,
    0x00,0x00,0x00,0x00,0x00,0x00,0x00,0x00,0x00,0x00,0x00,0x00,0x00,0x03,0x00,0x51,
    0xFF,0xFE,0xFF,0xFF,0xFF,0xFF,0xFF,0xFF,0xFF,0xFF,0xFF,0xFF,0xFF,0xFF,0xFF,0xFF,
    0xFF,0xFF,0xFF,0xFF,0xFF,0xFF,0xFF,0xFF,0xFF,0xFF,0xFF,0xFF,0xFF,0xFF,0xFF,0xFF,
    0xFF,0xFF,0xFF,0xFF,0xFF,0xFF,0xFF,0xFF,0xFF,0xFF,0xFF,0xFF,0xFF,0xFF,0xFF,0xFF,
    0xFF,0xFC,0xFF,0x72,0x00,0x00,0x00,0x00,0x00,0x00,0x00,0x00,0x00,0x00,0x00,0x00,
    0x00,0x00,0x00,0x00,0x00,0x00,0x00,0x00,0x00,0x00,0x00,0x00,0x00,0x00,0x00,0x00,
    0x00,0x00,0x00,0x00,0x01,0x01,0x06,0xC7,0xFF,0xFC,0xFF,0xFF,0xFF,0xFF,0xFF,0xFF,
    0xFF,0xFF,0xFF,0xFF,0xFF,0xFF,0xFF,0xFF,0xFF,0xFF,0xFF,0xFF,0xFF,0xFF,0xFF,0xFF,
    0xFF,0xFF,0xFF,0xFF,0xFF,0xFF,0xFF,0xFF,0xFF,0xFF,0xFF,0xFF,0xFF,0xFF,0xFF,0xFF,
    0xFF,0xFF,0xFF,0xFF,0xFF,0xFF,0xFF,0xFF,0xFF,0xFC,0xFD,0x70,0x00,0x00,0x00,0x00,
    0x00,0x00,0x00,0x00,0x00,0x00,0x00,0x00,0x00,0x00,0x00,0x00,0x00,0x00,0x00,0x00,
    0x00,0x00,0x00,0x00,0x00,0x00,0x00,0x00,0x00,0x00,0x00,0x00,0x02,0x00,0x2E,0xFC,
    0xFF,0xFE,0xFF,0xFF,0xFF,0xFF,0xFF,0xFF,0xFF,0xFF,0xFF,0xFF,0xFF,0xFF,0xFF,0xFF,
    0xFF,0xFF,0xFF,0xFF,0xFF,0xFF,0xFF,0xFF,0xFF,0xFF,0xFF,0xFF,0xFF,0xFF,0xFF,0xFF,
    0xFF,0xFF,0xFF,0xFF,0xFF,0xFF,0xFF,0xFF,0xFF,0xFF,0xFF,0xFF,0xFF,0xFF,0xFF,0xFF,
    0xFF,0xFC,0xFF,0x6F,0x00,0x00,0x00,0x00,0x00,0x00,0x00,0x00,0x00,0x00,0x00,0x00,
    0x00,0x00,0x00,0x00,0x00,0x00,0x00,0x00,0x00,0x00,0x00,0x00,0x00,0x00,0x00,0x00,
    0x00,0x00,0x00,0x00,0x03,0x00,0x56,0xFF,0xFD,0xFF,0xFF,0xFF,0xFF,0xFF,0xFF,0xFF,
    0xFF,0xFF,0xFF,0xFF,0xFF,0xFF,0xFF,0xFF,0xFF,0xFF,0xFF,0xFF,0xFF,0xFF,0xFF,0xFF,
    0xFF,0xFF,0xFF,0xFF,0xFF,0xFF,0xFF,0xFF,0xFF,0xFF,0xFF,0xFF,0xFF,0xFF,0xFF,0xFF,
    0xFF,0xFF,0xFF,0xFF,0xFF,0xFF,0xFF,0xFF,0xFE,0xFF,0x86,0x17,0x00,0x00,0x00,0x00,
    0x00,0x00,0x00,0x00,0x00,0x00,0x00,0x00,0x00,0x00,0x00,0x00,0x00,0x00,0x00,0x00,
    0x00,0x00,0x00,0x00,0x00,0x00,0x00,0x00,0x00,0x00,0x00,0x00,0x03,0x00,0x7C,0xFF,
    0xFB,0xFF,0xFF,0xFF,0xFF,0xFF,0xFF,0xFF,0xFF,0xFF,0xFF,0xFF,0xFF,0xFF,0xFF,0xFF,
    0xFF,0xFF,0xFF,0xFF,0xFF,0xFF,0xFF,0xFF,0xFF,0xFF,0xFF,0xFF,0xFF,0xFF,0xFF,0xFF,
    0xFF,0xFF,0xFF,0xFF,0xFF,0xFF,0xFF,0xFF,0xFF,0xFF,0xFF,0xFF,0xFF,0xFF,0xFF,0xFF,
    0xFC,0xFF,0x84,0x00,0x00,0x00,0x00,0x00,0x00,0x00,0x00,0x00,0x00,0x00,0x00,0x00,
    0x00,0x00,0x00,0x00,0x00,0x00,0x00,0x00,0x00,0x00,0x00,0x00,0x00,0x00,0x00,0x00,
    0x00,0x00,0x00,0x00,0x02,0x00,0xA5,0xFF,0xFC,0xFF,0xFF,0xFF,0xFF,0xFF,0xFF,0xFF,
    0xFF,0xFF,0xFF,0xFF,0xFF,0xFF,0xFF,0xFF,0xFF,0xFF,0xFF,0xFF,0xFF,0xFF,0xFF,0xFF,
    0xFF,0xFF,0xFF,0xFF,0xFF,0xFF,0xFF,0xFF,0xFF,0xFF,0xFF,0xFF,0xFF,0xFF,0xFF,0xFF,
    0xFF,0xFF,0xFF,0xFF,0xFF,0xFF,0xFF,0xFF,0xFD,0xFF,0xE1,0x10,0x00,0x00,0x00,0x00,
    0x00,0x00,0x00,0x00,0x00,0x00,0x00,0x00,0x00,0x00,0x00,0x00,0x00,0x00,0x00,0x00,
    0x00,0x00,0x00,0x00,0x00,0x00,0x00,0x00,0x00,0x00,0x00,0x00,0x01,0x00,0xC0,0xFF,
    0xFC,0xFF,0xFF,0xFF,0xFF,0xFF,0xFF,0xFF,0xFF,0xFF,0xFF,0xFF,0xFF,0xFF,0xFF,0xFF,
    0xFF,0xFF,0xFF,0xFF,0xFF,0xFF,0xFF,0xFF,0xFF,0xFF,0xFF,0xFF,0xFF,0xFF,0xFF,0xFF,
    0xFF,0xFF,0xFF,0xFF,0xFF,0xFF,0xFF,0xFF,0xFF,0xFF,0xFF,0xFF,0xFF,0xFF,0xFF,0xFF,
    0xFE,0xFF,0xF7,0x34,0x00,0x00,0x00,0x00,0x00,0x00,0x00,0x00,0x00,0x00,0x00,0x00,
    0x00,0x00,0x00,0x00,0x00,0x00,0x00,0x00,0x00,0x00,0x00,0x00,0x00,0x00,0x00,0x00,
    0x00,0x00,0x00,0x00,0x02,0x00,0xB1,0xFE,0xFC,0xFF,0xFF,0xFF,0xFF,0xFF,0xFF,0xFF,
    0xFF,0xFF,0xFF,0xFF,0xFF,0xFF,0xFF,0xFF,0xFF,0xFF,0xFF,0xFF,0xFF,0xFF,0xFF,0xFF,
    0xFF,0xFF,0xFF,0xFF,0xFF,0xFF,0xFF,0xFF,0xFF,0xFF,0xFF,0xFF,0xFF,0xFF,0xFF,0xFF,
    0xFF,0xFF,0xFF,0xFF,0xFF,0xFF,0xFF,0xFE,0xFF,0xFF,0xFE,0x43,0x00,0x00,0x00,0x00,
    0x00,0x00,0x00,0x00,0x00,0x00,0x00,0x00,0x00,0x00,0x00,0x00,0x00,0x00,0x00,0x00,
    0x00,0x00,0x00,0x00,0x00,0x00,0x00,0x00,0x00,0x00,0x00,0x00,0x03,0x00,0x78,0xFF,
    0xFC,0xFF,0xFF,0xFF,0xFF,0xFF,0xFF,0xFF,0xFF,0xFF,0xFF,0xFF,0xFF,0xFF,0xFF,0xFF,
    0xFF,0xFF,0xFF,0xFF,0xFF,0xFF,0xFF,0xFF,0xFF,0xFF,0xFF,0xFF,0xFF,0xFF,0xFF,0xFF,
    0xFF,0xFF,0xFF,0xFF,0xFF,0xFF,0xFF,0xFF,0xFF,0xFF,0xFF,0xFF,0xFF,0xFF,0xFD,0xFF,
    0xFD,0xFF,0xFE,0x41,0x00,0x00,0x00,0x00,0x00,0x00,0x00,0x00,0x00,0x00,0x00,0x00,
    0x00,0x00,0x00,0x00,0x00,0x00,0x00,0x00,0x00,0x00,0x00,0x00,0x00,0x00,0x00,0x00,
    0x00,0x00,0x00,0x00,0x02,0x00,0x24,0xF1,0xFE,0xFE,0xFF,0xFF,0xFF,0xFF,0xFF,0xFF,
    0xFF,0xFF,0xFF,0xFF,0xFF,0xFF,0xFF,0xFF,0xFF,0xFF,0xFF,0xFF,0xFF,0xFF,0xFF,0xFF,
    0xFF,0xFF,0xFF,0xFF,0xFF,0xFF,0xFF,0xFF,0xFF,0xFF,0xFF,0xFF,0xFF,0xFF,0xFF,0xFF,
    0xFF,0xFF,0xFF,0xFF,0xFF,0xFB,0xFF,0x9E,0x92,0xFC,0xE1,0x18,0x00,0x00,0x00,0x00,
    0x00,0x00,0x00,0x00,0x00,0x00,0x00,0x00,0x00,0x00,0x00,0x00,0x00,0x00,0x00,0x00,
    0x00,0x00,0x00,0x00,0x00,0x00,0x00,0x00,0x00,0x00,0x00,0x00,0x00,0x02,0x00,0x72,
    0xFF,0xFC,0xFF,0xFF,0xFF,0xFF,0xFF,0xFF,0xFF,0xFF,0xFF,0xFF,0xFF,0xFF,0xFF,0xFF,
    0xFF,0xFF,0xFF,0xFF,0xFF,0xFF,0xFF,0xFF,0xFF,0xFF,0xFF,0xFF,0xFF,0xFF,0xFF,0xFF,
    0xFF,0xFF,0xFF,0xFF,0xFF,0xFF,0xFF,0xFF,0xFF,0xFF,0xFF,0xFF,0xFD,0xFF,0xD8,0x07,
    0x7A,0xFF,0x7C,0x00,0x00,0x00,0x00,0x00,0x00,0x00,0x00,0x00,0x00,0x00,0x00,0x00,
    0x00,0x00,0x00,0x00,0x00,0x00,0x00,0x00,0x00,0x00,0x00,0x00,0x00,0x00,0x00,0x00,
    0x00,0x00,0x00,0x00,0x00,0x01,0x02,0x04,0xC5,0xFF,0xFC,0xFF,0xFF,0xFF,0xFF,0xFF,
    0xFF,0xFF,0xFF,0xFF,0xFF,0xFF,0xFF,0xFF,0xFF,0xFF,0xFF,0xFF,0xFF,0xFF,0xFF,0xFF,
    0xFF,0xFF,0xFF,0xFF,0xFF,0xFF,0xFF,0xFF,0xFF,0xFF,0xFF,0xFF,0xFF,0xFF,0xFF,0xFF,
    0xFF,0xFF,0xFF,0xFE,0xFE,0xBC,0x1F,0x26,0xE3,0xA3,0x08,0x02,0x00,0x00,0x00,0x00,
    0x00,0x00,0x00,0x00,0x00,0x00,0x00,0x00,0x00,0x00,0x00,0x00,0x00,0x00,0x00,0x00,
    0x00,0x00,0x00,0x00,0x00,0x00,0x00,0x00,0x00,0x00,0x00,0x00,0x00,0x00,0x02,0x00,
    0x31,0xF3,0xFF,0xFC,0xFF,0xFF,0xFF,0xFF,0xFF,0xFF,0xFF,0xFF,0xFF,0xFF,0xFF,0xFF,
    0xFF,0xFF,0xFF,0xFF,0xFF,0xFF,0xFF,0xFF,0xFF,0xFF,0xFF,0xFF,0xFF,0xFF,0xFF,0xFF,
    0xFF,0xFF,0xFF,0xFF,0xFF,0xFF,0xFF,0xFF,0xFF,0xFF,0xFF,0xFC,0xFF,0x67,0x00,0x49,
    0x62,0x00,0x00,0x01,0x00,0x00,0x00,0x00,0x00,0x00,0x00,0x00,0x00,0x00,0x00,0x00,
    0x00,0x00,0x00,0x00,0x00,0x00,0x00,0x00,0x00,0x00,0x00,0x00,0x00,0x00,0x00,0x00,
    0x00,0x00,0x00,0x00,0x00,0x00,0x00,0x02,0x00,0x59,0xFC,0xFF,0xFD,0xFC,0xFC,0xFF,
    0xFF,0xFF,0xFF,0xFF,0xFF,0xFF,0xFF,0xFF,0xFF,0xFF,0xFF,0xFF,0xFF,0xFF,0xFF,0xFF,
    0xFF,0xFF,0xFF,0xFF,0xFF,0xFF,0xFF,0xFF,0xFF,0xFF,0xFF,0xFF,0xFF,0xFF,0xFF,0xFF,
    0xFF,0xFF,0xFF,0xFB,0xFD,0x7D,0x02,0x00,0x00,0x02,0x02,0x00,0x00,0x00,0x00,0x00,
    0x00,0x00,0x00,0x00,0x00,0x00,0x00,0x00,0x00,0x00,0x00,0x00,0x00,0x00,0x00,0x00,
    0x00,0x00,0x00,0x00,0x00,0x00,0x00,0x00,0x00,0x00,0x00,0x00,0x00,0x00,0x00,0x00,
    0x03,0x00,0x49,0xD4,0xFF,0xFF,0xFF,0xFF,0xFF,0xFF,0xFF,0xFF,0xFF,0xFF,0xFF,0xFF,
    0xFF,0xFF,0xFF,0xFF,0xFF,0xFF,0xFF,0xFF,0xFF,0xFF,0xFF,0xFF,0xFF,0xFF,0xFF,0xFF,
    0xFF,0xFF,0xFF,0xFF,0xFF,0xFF,0xFF,0xFF,0xFF,0xFF,0xFF,0xFC,0xFF,0x4B,0x00,0x07,
    0x03,0x00,0x00,0x02,0x00,0x00,0x00,0x00,0x00,0x00,0x00,0x00,0x00,0x00,0x00,0x00,
    0x00,0x00,0x00,0x00,0x00,0x00,0x00,0x00,0x00,0x00,0x00,0x00,0x00,0x00,0x00,0x00,
    0x00,0x00,0x00,0x00,0x00,0x00,0x00,0x00,0x00,0x02,0x00,0x0A,0x4A,0x77,0x5F,0x8A,
    0xFF,0xFD,0xFF,0xFF,0xFF,0xFF,0xFF,0xFF,0xFF,0xFF,0xFF,0xFF,0xFF,0xFF,0xFF,0xFF,
    0xFF,0xFF,0xFF,0xFF,0xFF,0xFF,0xFF,0xFF,0xFF,0xFF,0xFF,0xFF,0xFF,0xFF,0xFF,0xFF,
    0xFF,0xFF,0xFD,0xFF,0xAF,0x0B,0x03,0x00,0x00,0x14,0x08,0x00,0x00,0x00,0x00,0x00,
    0x00,0x00,0x00,0x00,0x00,0x00,0x00,0x00,0x00,0x00,0x00,0x00,0x00,0x00,0x00,0x00,
    0x00,0x00,0x00,0x00,0x00,0x00,0x00,0x00,0x00,0x00,0x00,0x00,0x00,0x00,0x00,0x00,
    0x00,0x00,0x02,0x00,0x00,0x00,0x08,0xCE,0xFF,0xFD,0xFF,0xFF,0xFF,0xFF,0xFF,0xFF,
    0xFF,0xFF,0xFF,0xFF,0xFF,0xFF,0xFF,0xFF,0xFF,0xFF,0xFF,0xFF,0xFF,0xFF,0xFF,0xFF,
    0xFF,0xFF,0xFF,0xFF,0xFF,0xFF,0xFF,0xFF,0xFF,0xFE,0xFF,0x86,0x07,0x00,0x00,0x44,
    0xC0,0xE8,0xD6,0x7A,0x00,0x00,0x00,0x00,0x00,0x00,0x00,0x00,0x00,0x00,0x00,0x00,
    0x00,0x00,0x00,0x00,0x00,0x00,0x00,0x00,0x00,0x00,0x00,0x00,0x00,0x00,0x00,0x00,
    0x00,0x00,0x00,0x00,0x00,0x00,0x00,0x00,0x00,0x00,0x00,0x01,0x05,0x03,0xA1,0xFF,
    0xFC,0xFF,0xFF,0xFF,0xFF,0xFF,0xFF,0xFF,0xFF,0xFF,0xFF,0xFF,0xFF,0xFF,0xFF,0xFF,
    0xFF,0xFF,0xFF,0xFF,0xFF,0xFF,0xFF,0xFF,0xFF,0xFF,0xFF,0xFF,0xFF,0xFF,0xFF,0xFF,
    0xFD,0xFF,0xD7,0x05,0x00,0x01,0x2D,0xF4,0xFF,0xFF,0xFF,0xE3,0x00,0x00,0x00,0x00,
    0x00,0x00,0x00,0x00,0x00,0x00,0x00,0x00,0x00,0x00,0x00,0x00,0x00,0x00,0x00,0x00,
    0x00,0x00,0x00,0x00,0x00,0x00,0x00,0x00,0x00,0x00,0x00,0x00,0x00,0x00,0x00,0x00,
    0x00,0x00,0x00,0x02,0x02,0x22,0xF4,0xFE,0xFE,0xFF,0xFF,0xFF,0xFF,0xFF,0xFF,0xFF,
    0xFF,0xFF,0xFF,0xFF,0xFF,0xFF,0xFF,0xFF,0xFF,0xFF,0xFF,0xFF,0xFF,0xFF,0xFF,0xFF,
    0xFF,0xFF,0xFF,0xFF,0xFF,0xFF,0xFF,0xFF,0xFD,0xFF,0xDE,0x11,0x01,0x00,0x8D,0xFF,
    0xF9,0xFC,0xFD,0xD4,0x00,0x00,0x00,0x00,0x00,0x00,0x00,0x00,0x00,0x00,0x00,0x00,
    0x00,0x00,0x00,0x00,0x00,0x00,0x00,0x00,0x00,0x00,0x00,0x00,0x00,0x00,0x00,0x00,
    0x00,0x00,0x00,0x00,0x00,0x00,0x00,0x00,0x00,0x00,0x00,0x04,0x00,0x59,0xFF,0xFD,
    0xFF,0xFF,0xFF,0xFF,0xFF,0xFF,0xFF,0xFF,0xFF,0xFF,0xFF,0xFF,0xFF,0xFF,0xFF,0xFF,
    0xFF,0xFF,0xFF,0xFF,0xFF,0xFF,0xFF,0xFF,0xFF,0xFF,0xFF,0xFF,0xFF,0xFF,0xFF,0xFF,
    0xFF,0xFE,0xFF,0x48,0x00,0x00,0xB4,0xFE,0xFC,0xFE,0xFF,0xD8,0x00,0x00,0x00,0x00,
    0x00,0x00,0x00,0x00,0x00,0x00,0x00,0x00,0x00,0x00,0x00,0x00,0x00,0x00,0x00,0x00,
    0x00,0x00,0x00,0x00,0x00,0x00,0x00,0x00,0x00,0x00,0x00,0x00,0x00,0x00,0x00,0x00,
    0x00,0x00,0x02,0x00,0x31,0xE0,0xFE,0xFE,0xFF,0xFF,0xFF,0xFF,0xFF,0xFF,0xFF,0xFF,
    0xFF,0xFF,0xFF,0xFF,0xFF,0xFF,0xFF,0xFF,0xFF,0xFF,0xFF,0xFF,0xFF,0xFF,0xFF,0xFF,
    0xFF,0xFF,0xFF,0xFF,0xFF,0xFF,0xFF,0xFF,0xFF,0xFC,0xFF,0x84,0x00,0x00,0xA1,0xFE,
    0xFC,0xFD,0xFF,0xD4,0x00,0x00,0x00,0x00,0x00,0x00,0x00,0x00,0x00,0x00,0x00,0x00,
    0x00,0x00,0x00,0x00,0x00,0x00,0x00,0x00,0x00,0x00,0x00,0x00,0x00,0x00,0x00,0x00,
    0x00,0x00,0x00,0x00,0x00,0x00,0x00,0x00,0x00,0x03,0x03,0x25,0xE4,0xFF,0xFE,0xFF,
    0xFF,0xFF,0xFF,0xFF,0xFF,0xFF,0xFF,0xFF,0xFF,0xFF,0xFF,0xFF,0xFF,0xFF,0xFF,0xFF,
    0xFF,0xFF,0xFF,0xFF,0xFF,0xFF,0xFF,0xFF,0xFF,0xFF,0xFF,0xFF,0xFF,0xFF,0xFF,0xFF,
    0xFF,0xFC,0xFF,0xB4,0x00,0x01,0x6A,0xFF,0xFC,0xFE,0xFF,0xF0,0x00,0x00,0x00,0x00,
    0x00,0x00,0x00,0x00,0x00,0x00,0x00,0x00,0x00,0x00,0x00,0x00,0x00,0x00,0x00,0x00,
    0x00,0x00,0x00,0x00,0x00,0x00,0x00,0x00,0x00,0x00,0x00,0x00,0x00,0x00,0x00,0x00,
    0x03,0x00,0x00,0x91,0xFF,0xFB,0xFF,0xFF,0xFF,0xFF,0xFF,0xFF,0xFF,0xFF,0xFF,0xFF,
    0xFF,0xFF,0xFF,0xFF,0xFF,0xFF,0xFF,0xFF,0xFF,0xFF,0xFF,0xFF,0xFF,0xFF,0xFF,0xFF,
    0xFF,0xFF,0xFF,0xFF,0xFF,0xFF,0xFF,0xFF,0xFF,0xFC,0xFF,0xC1,0x02,0x00,0x13,0xDA,
    0xFF,0xFD,0xFF,0xFF,0x00,0x00,0x00,0x00,0x00,0x00,0x00,0x00,0x00,0x00,0x00,0x00,
    0x00,0x00,0x00,0x00,0x00,0x00,0x00,0x00,0x00,0x00,0x00,0x00,0x00,0x00,0x00,0x00,
    0x00,0x00,0x00,0x00,0x00,0x00,0x01,0x02,0x00,0x0C,0x78,0xEF,0xFD,0xFE,0xFF,0xFF,
    0xFF,0xFF,0xFF,0xFF,0xFF,0xFF,0xFF,0xFF,0xFF,0xFF,0xFF,0xFF,0xFF,0xFF,0xFF,0xFF,
    0xFF,0xFF,0xFF,0xFF,0xFF,0xFF,0xFF,0xFF,0xFF,0xFF,0xFF,0xFF,0xFF,0xFF,0xFF,0xFF,
    0xFF,0xFC,0xFF,0xA3,0x00,0x09,0x00,0x50,0xFE,0xFE,0xFF,0xFF,0x00,0x00,0x00,0x00,
    0x00,0x00,0x00,0x00,0x00,0x00,0x00,0x00,0x00,0x00,0x00,0x00,0x00,0x00,0x00,0x00,
    0x00,0x00,0x00,0x00,0x00,0x00,0x00,0x00,0x00,0x00,0x00,0x00,0x00,0x01,0x01,0x00,
    0x59,0xD7,0xFF,0xFF,0xFF,0xFF,0xFF,0xFF,0xFF,0xFF,0xFF,0xFF,0xFF,0xFF,0xFF,0xFF,
    0xFF,0xFF,0xFF,0xFF,0xFF,0xFF,0xFF,0xFF,0xFF,0xFF,0xFF,0xFF,0xFF,0xFF,0xFF,0xFF,
    0xFF,0xFF,0xFF,0xFF,0xFF,0xFF,0xFF,0xFF,0xFF,0xFE,0xFF,0xD1,0xB5,0xD5,0xCF,0xD4,
    0xFE,0xFF,0xFF,0xEE,0x00,0x00,0x00,0x00,0x00,0x00,0x00,0x00,0x00,0x00,0x00,0x00,
    0x00,0x00,0x00,0x00,0x00,0x00,0x00,0x00,0x00,0x00,0x00,0x00,0x00,0x00,0x00,0x00,
    0x00,0x00,0x00,0x00,0x01,0x01,0x01,0x97,0xFF,0xFF,0xFC,0xFE,0xFF,0xFF,0xFF,0xFF,
    0xFF,0xFF,0xFF,0xFF,0xFF,0xFF,0xFF,0xFF,0xFF,0xFF,0xFF,0xFF,0xFF,0xFF,0xFF,0xFF,
    0xFF,0xFF,0xFF,0xFF,0xFF,0xFF,0xFF,0xFF,0xFF,0xFF,0xFF,0xFF,0xFF,0xFF,0xFF,0xFF,
    0xFF,0xFF,0xFF,0xFF,0xFF,0xFF,0xFF,0xFF,0xFF,0xFE,0xFF,0xD4,0x00,0x00,0x00,0x00,
    0x00,0x00,0x00,0x00,0x00,0x00,0x00,0x00,0x00,0x00,0x00,0x00,0x00,0x00,0x00,0x00,
    0x00,0x00,0x00,0x00,0x00,0x00,0x00,0x00,0x00,0x00,0x00,0x01,0x03,0x02,0x9C,0xFF,
    0xFC,0xFD,0xFF,0xFF,0xFF,0xFF,0xFF,0xFF,0xFF,0xFF,0xFF,0xFF,0xFF,0xFF,0xFF,0xFF,
    0xFF,0xFF,0xFF,0xFF,0xFF,0xFF,0xFF,0xFF,0xFF,0xFF,0xFF,0xFF,0xFF,0xFF,0xFF,0xFF,
    0xFF,0xFF,0xFF,0xFF,0xFF,0xFF,0xFF,0xFF,0xFF,0xFF,0xFF,0xFD,0xFC,0xFD,0xFD,0xFD,
    0xFF,0xFF,0xFF,0xFF,0x00,0x00,0x00,0x00,0x00,0x00,0x00,0x00,0x00,0x00,0x00,0x00,
    0x00,0x00,0x00,0x00,0x00,0x00,0x00,0x00,0x00,0x00,0x00,0x00,0x00,0x00,0x00,0x00,
    0x00,0x00,0x00,0x03,0x00,0x6A,0xFF,0xFB,0xFE,0xFF,0xFF,0xFF,0xFF,0xFF,0xFF,0xFF,
    0xFF,0xFF,0xFF,0xFF,0xFF,0xFF,0xFF,0xFF,0xFF,0xFF,0xFF,0xFF,0xFF,0xFF,0xFF,0xFF,
    0xFF,0xFF,0xFF,0xFF,0xFF,0xFF,0xFF,0xFF,0xFF,0xFF,0xFF,0xFF,0xFF,0xFF,0xFF,0xFF,
    0xFF,0xFF,0xFF,0xFF,0xFF,0xFF,0xFF,0xFF,0xFF,0xFF,0xFF,0xFE,0x00,0x00,0x00,0x00,
    0x00,0x00,0x00,0x00,0x00,0x00,0x00,0x00,0x00,0x00,0x00,0x00,0x00,0x00,0x00,0x00,
    0x00,0x00,0x00,0x00,0x00,0x00,0x00,0x00,0x00,0x00,0x02,0x02,0x27,0xEE,0xFD,0xFE,
    0xFF,0xFF,0xFF,0xFF,0xFF,0xFF,0xFF,0xFF,0xFF,0xFF,0xFF,0xFF,0xFF,0xFF,0xFF,0xFF,
    0xFF,0xFF,0xFF,0xFF,0xFF,0xFF,0xFF,0xFF,0xFF,0xFF,0xFF,0xFF,0xFF,0xFF,0xFF,0xFF,
    0xFF,0xFF,0xFF,0xFF,0xFF,0xFF,0xFF,0xFF,0xFF,0xFF,0xFF,0xFF,0xFF,0xFF,0xFF,0xFF,
    0xFF,0xFF,0xFF,0xFF,0x00,0x00,0x00,0x00,0x00,0x00,0x00,0x00,0x00,0x00,0x00,0x00,
    0x00,0x00,0x00,0x00,0x00,0x00,0x00,0x00,0x00,0x00,0x00,0x00,0x00,0x00,0x00,0x00,
    0x00,0x00,0x03,0x00,0x9D,0xFF,0xFC,0xFF,0xFF,0xFF,0xFF,0xFF,0xFF,0xFF,0xFF,0xFF,
    0xFF,0xFF,0xFF,0xFF,0xFF,0xFF,0xFF,0xFF,0xFF,0xFF,0xFF,0xFF,0xFF,0xFF,0xFF,0xFF,
    0xFF,0xFF,0xFF,0xFF,0xFF,0xFF,0xFF,0xFF,0xFF,0xFF,0xFF,0xFF,0xFF,0xFF,0xFF,0xFF,
    0xFF,0xFF,0xFF,0xFF,0xFF,0xFF,0xFF,0xFF,0xFF,0xFF,0xFF,0xFF,0x00,0x00,0x00,0x00,
    0x00,0x00,0x00,0x00,0x00,0x00,0x00,0x00,0x00,0x00,0x00,0x00,0x00,0x00,0x00,0x00,
    0x00,0x00,0x00,0x00,0x00,0x00,0x00,0x00,0x00,0x02,0x00,0x34,0xF2,0xFD,0xFE,0xFF,
    0xFF,0xFF,0xFF,0xFF,0xFF,0xFF,0xFF,0xFF,0xFF,0xFF,0xFF,0xFF,0xFF,0xFF,0xFF,0xFF,
    0xFF,0xFF,0xFF,0xFF,0xFF,0xFF,0xFF,0xFF,0xFF,0xFF,0xFF,0xFF,0xFF,0xFF,0xFF,0xFF,
    0xFF,0xFF,0xFF,0xFF,0xFF,0xFF,0xFF,0xFF,0xFF,0xFF,0xFF,0xFF,0xFF,0xFF,0xFF,0xFF,
    0xFF,0xFF,0xFE,0xFC,0x00,0x00,0x00,0x00,0x00,0x00,0x00,0x00,0x00,0x00,0x00,0x00,
    0x00,0x00,0x00,0x00,0x00,0x00,0x00,0x00,0x00,0x00,0x00,0x00,0x00,0x00,0x00,0x00,
    0x01,0x01,0x04,0xC9,0xFF,0xFB,0xFE,0xFE,0xFF,0xFF,0xFF,0xFF,0xFF,0xFF,0xFF,0xFF,
    0xFF,0xFF,0xFF,0xFF,0xFF,0xFF,0xFF,0xFF,0xFF,0xFF,0xFF,0xFF,0xFF,0xFF,0xFF,0xFF,
    0xFF,0xFF,0xFF,0xFF,0xFF,0xFF,0xFF,0xFF,0xFF,0xFF,0xFF,0xFF,0xFF,0xFF,0xFF,0xFF,
    0xFF,0xFF,0xFF,0xFF,0xFF,0xFF,0xFF,0xFF,0xFD,0xFB,0xFF,0xFF,0x00,0x00,0x00,0x00,
    0x00,0x00,0x00,0x00,0x00,0x00,0x00,0x00,0x00,0x00,0x00,0x00,0x00,0x00,0x00,0x00,
    0x00,0x00,0x00,0x00,0x00,0x00,0x00,0x00,0x03,0x00,0x7C,0xFF,0xFF,0xFF,0xFF,0xFF,
    0xFD,0xFD,0xFC,0xFB,0xFB,0xFB,0xFB,0xFC,0xFD,0xFD,0xFE,0xFE,0xFE,0xFF,0xFF,0xFF,
    0xFF,0xFF,0xFF,0xFF,0xFF,0xFF,0xFF,0xFF,0xFF,0xFF,0xFF,0xFF,0xFF,0xFF,0xFF,0xFF,
    0xFF,0xFF,0xFF,0xFF,0xFF,0xFF,0xFF,0xFF,0xFF,0xFF,0xFF,0xFF,0xFF,0xFE,0xFC,0xFD,
    0xFF,0xFF,0xF2,0xA8,0x00,0x00,0x00,0x00,0x00,0x00,0x00,0x00,0x00,0x00,0x00,0x00,
    0x00,0x00,0x00,0x00,0x00,0x00,0x00,0x00,0x00,0x00,0x00,0x00,0x00,0x00,0x00,0x00,
    0x01,0x04,0x85,0xCA,0xCE,0xE3,0xF3,0xF4,0xFF,0xFF,0xFF,0xFF,0xFF,0xFF,0xFF,0xFF,
    0xFF,0xFF,0xFF,0xFF,0xFF,0xFD,0xFD,0xFB,0xFB,0xFB,0xFB,0xFB,0xFC,0xFC,0xFD,0xFE,
    0xFE,0xFF,0xFF,0xFF,0xFF,0xFF,0xFF,0xFF,0xFF,0xFF,0xFF,0xFF,0xFF,0xFF,0xFF,0xFF,
    0xFF,0xFF,0xFF,0xFE,0xFB,0xFF,0xFF,0xFF,0xD7,0x7E,0x1C,0x00,0x00,0x00,0x00,0x00,
    0x00,0x00,0x00,0x00,0x00,0x00,0x00,0x00,0x00,0x00,0x00,0x00,0x00,0x00,0x00,0x00,
    0x00,0x00,0x00,0x00,0x00,0x00,0x00,0x00,0x00,0x00,0x00,0x00,0x00,0x0A,0x16,0x18,
    0x3B,0x3D,0x52,0x6E,0x6D,0x99,0xA0,0xB8,0xCF,0xCF,0xEF,0xF3,0xFB,0xFF,0xFF,0xFF,
    0xFF,0xFF,0xFF,0xFF,0xFF,0xFF,0xFF,0xFF,0xFF,0xFF,0xFF,0xFE,0xFC,0xFC,0xFC,0xFC,
    0xFC,0xFD,0xFD,0xFD,0xFD,0xFD,0xFD,0xFD,0xFD,0xFD,0xFD,0xFF,0xFF,0xFD,0xBA,0x54,
    0x07,0x00,0x00,0x03,0x00,0x00,0x00,0x00,0x00,0x00,0x00,0x00,0x00,0x00,0x00,0x00,
    0x00,0x00,0x00,0x00,0x00,0x00,0x00,0x00,0x00,0x00,0x00,0x00,0x00,0x00,0x00,0x00,
    0x00,0x00,0x03,0x01,0x01,0x00,0x00,0x00,0x00,0x00,0x00,0x00,0x00,0x00,0x00,0x00,
    0x00,0x00,0x12,0x14,0x22,0x3A,0x39,0x60,0x69,0x7F,0x9A,0x9A,0xC2,0xC8,0xD4,0xEC,
    0xEB,0xFE,0xFF,0xFF,0xFF,0xFF,0xFF,0xFF,0xFF,0xFF,0xFF,0xFF,0xFF,0xFF,0xFF,0xFF,
    0xFF,0xFF,0xFF,0xE5,0x92,0x2E,0x00,0x00,0x00,0x04,0x01,0x00,0x00,0x00,0x00,0x00,
    0x00,0x00,0x00,0x00,0x00,0x00,0x00,0x00,0x00,0x00,0x00,0x00,0x00,0x00,0x00,0x00,
    0x00,0x00,0x00,0x00,0x00,0x00,0x00,0x00,0x00,0x00,0x00,0x00,0x00,0x01,0x01,0x02,
    0x03,0x03,0x04,0x04,0x04,0x04,0x04,0x02,0x01,0x01,0x00,0x00,0x00,0x00,0x00,0x00,
    0x00,0x00,0x00,0x00,0x00,0x00,0x02,0x14,0x13,0x34,0x3C,0x50,0x6F,0x6C,0x8E,0x96,
    0x98,0xA3,0xA2,0xA3,0xA4,0xA4,0xA4,0xA3,0xA6,0x97,0x5A,0x13,0x00,0x00,0x02,0x03,
    0x01,0x00,0x00,0x00,0x00,0x00,0x00,0x00,0x00,0x00,0x00,0x00,0x00,0x00,0x00,0x00,
    0x00,0x00,0x00,0x00,0x00,0x00,0x00,0x00,0x00,0x00,0x00,0x00,0x00,0x00,0x00,0x00,
    0x00,0x00,0x00,0x00,0x00,0x00,0x00,0x00,0x00,0x00,0x00,0x00,0x00,0x00,0x00,0x00,
    0x00,0x00,0x00,0x00,0x00,0x00,0x00,0x00,0x00,0x00,0x00,0x00,0x00,0x00,0x00,0x00,
    0x00,0x00,0x00,0x00,0x00,0x00,0x00,0x00,0x00,0x00,0x00,0x00,0x00,0x00,0x00,0x00,
    0x00,0x00,0x00,0x00,0x00,0x00,0x00,0x00,0x00,0x00,0x00,0x00,0x00,0x00,0x00,0x00,
    0x00,0x00,0x00,0x00,0x00,0x00,0x00,0x00,0x00,0x00,0x00,0x00,0x00,0x00,0x00,0x00,
    0x00,0x00,0x00,0x00,0x00,0x00,0x00,0x00,0x00,0x00,0x00,0x00,0x00,0x00,0x00,0x00,
    0x00,0x00,0x00,0x00,0x00,0x00,0x00,0x00,0x00,0x00,0x00,0x00,0x00,0x00,0x00,0x00,
    0x00,0x00,0x00,0x00,0x00,0x00,0x00,0x00,0x00,0x00,0x00,0x00,0x00,0x00,0x00,0x00,
    0x00,0x00,0x00,0x00,0x00,0x00,0x00,0x00,0x00,0x00,0x00,0x00,0x00,0x00,0x00,0x00,
    0x00,0x00,0x00,0x00,0x00,0x00,0x00,0x00,0x00,0x00,0x00,0x00,0x00,0x00,0x00,0x00,
};

const lv_image_dsc_t ui_img_focus_mascot_running = {
    .header.magic = LV_IMAGE_HEADER_MAGIC,
    .header.cf = LV_COLOR_FORMAT_NATIVE_WITH_ALPHA,
    .header.flags = 0,
    .header.w = 88,
    .header.h = 110,
    .header.stride = 0,
    .data_size = sizeof(ui_img_focus_mascot_running_data),
    .data = ui_img_focus_mascot_running_data,
};
