// Generated from ui_img_home_paper_texture.png; 96x96; LVGL 9 RGB565A8.
#include "../ui.h"

#ifndef LV_ATTRIBUTE_MEM_ALIGN
#define LV_ATTRIBUTE_MEM_ALIGN
#endif

const LV_ATTRIBUTE_MEM_ALIGN uint8_t ui_img_home_paper_texture_data[] = {
    0x9C,0xF7,0x9C,0xFF,0x9C,0xFF,0x9C,0xF7,0x9C,0xFF,0x9C,0xFF,0x9C,0xFF,0x9C,0xFF,
    0xBC,0xFF,0x9C,0xF7,0xBC,0xFF,0xBC,0xFF,0x9C,0xF7,0x9C,0xFF,0x9C,0xFF,0x7B,0xF7,
    0x9C,0xFF,0x9C,0xF7,0x9C,0xF7,0x9C,0xF7,0x9C,0xF7,0x9C,0xFF,0x7B,0xF7,0x6A,0x83,
    0x49,0x7B,0x49,0x7B,0x49,0x7B,0x6A,0x83,0x9B,0xF7,0x9C,0xFF,0x9C,0xF7,0x9C,0xF7,
    0x9C,0xF7,0x9C,0xFF,0x9C,0xFF,0x9C,0xFF,0x9C,0xFF,0x9C,0xFF,0xBC,0xFF,0x7B,0xF7,
    0x7B,0xF7,0x9C,0xF7,0x9C,0xFF,0x9C,0xF7,0x9C,0xFF,0x7C,0xF7,0x7C,0xF7,0x9C,0xF7,
    0x9C,0xFF,0x9C,0xFF,0x9C,0xF7,0x7B,0xF7,0x6A,0x83,0x49,0x7B,0x49,0x7B,0x49,0x7B,
    0x49,0x7B,0x6A,0x83,0x7B,0xF7,0x9C,0xF7,0x9C,0xFF,0x9C,0xF7,0x9C,0xFF,0x9C,0xF7,
    0x9C,0xFF,0x9C,0xF7,0x9C,0xFF,0xBC,0xFF,0x9C,0xF7,0xBC,0xFF,0xBC,0xFF,0x9C,0xFF,
    0x7C,0xF7,0x7B,0xF7,0x9C,0xF7,0xBC,0xFF,0x9C,0xFF,0x9C,0xFF,0x9C,0xF7,0x9C,0xF7,
    0x9C,0xFF,0x7C,0xF7,0x9C,0xF7,0x9C,0xFF,0x9C,0xFF,0x9C,0xFF,0x9C,0xF7,0x9C,0xFF,
    0x9C,0xFF,0x7B,0xF7,0x7C,0xF7,0x9C,0xF7,0x9C,0xFF,0x9C,0xFF,0x9C,0xFF,0x9C,0xFF,
    0x9C,0xFF,0x9C,0xFF,0x9C,0xF7,0x7B,0xF7,0x9C,0xFF,0x9C,0xF7,0x9C,0xFF,0x9C,0xF7,
    0x7C,0xF7,0x7B,0xF7,0x9C,0xFF,0xBC,0xFF,0x9C,0xFF,0x9C,0xFF,0x9C,0xFF,0x9C,0xF7,
    0x9C,0xFF,0x9C,0xF7,0x9C,0xF7,0x9C,0xFF,0xBC,0xFF,0x7B,0xF7,0x9C,0xFF,0x9B,0xF7,
    0x7B,0xF7,0x7B,0xF7,0x7B,0xF7,0x7B,0xF7,0x9C,0xF7,0x7C,0xF7,0xBC,0xFF,0xBC,0xFF,
    0xBC,0xFF,0x9C,0xF7,0x9C,0xFF,0x9C,0xFF,0x9C,0xF7,0x9C,0xF7,0x9C,0xFF,0x9C,0xF7,
    0x7B,0xF7,0x7C,0xF7,0x9C,0xFF,0x9C,0xF7,0x9C,0xF7,0xBC,0xFF,0x9C,0xFF,0x9C,0xF7,
    0x9C,0xF7,0xBC,0xFF,0x7C,0xF7,0xBC,0xFF,0x9C,0xF7,0x7B,0xF7,0x7B,0xF7,0x9B,0xF7,
    0x7B,0xF7,0x7B,0xF7,0xBC,0xFF,0x9C,0xFF,0x9C,0xFF,0x9C,0xFF,0x9C,0xF7,0x9C,0xFF,
    0x9C,0xF7,0x9C,0xFF,0xBC,0xFF,0xBC,0xFF,0xBC,0xFF,0xBC,0xFF,0x9C,0xFF,0x9C,0xF7,
    0x9C,0xFF,0x7B,0xF7,0x9C,0xF7,0x9C,0xFF,0x7B,0xF7,0xBC,0xFF,0x7C,0xF7,0x7C,0xF7,
    0x9C,0xF7,0x9C,0xF7,0x9C,0xF7,0x9C,0xF7,0xBC,0xFF,0x9C,0xF7,0x9C,0xFF,0x9C,0xF7,
    0x9C,0xFF,0x9C,0xF7,0x7B,0xF7,0xBC,0xFF,0x7C,0xF7,0x7C,0xF7,0x9C,0xF7,0x9C,0xFF,
    0x7B,0xF7,0x9C,0xF7,0x9C,0xFF,0xBC,0xFF,0x9C,0xF7,0x9C,0xFF,0x9C,0xF7,0xBC,0xFF,
    0x9C,0xF7,0x9C,0xF7,0x9C,0xFF,0x9C,0xF7,0x9C,0xF7,0x7C,0xF7,0xBC,0xFF,0x9C,0xF7,
    0x9C,0xF7,0xBC,0xFF,0x7C,0xF7,0xBC,0xFF,0xBC,0xFF,0x9C,0xF7,0x9C,0xFF,0x9C,0xF7,
    0x9C,0xFF,0x9C,0xFF,0x9C,0xF7,0x9C,0xFF,0x9C,0xF7,0x9C,0xFF,0x9C,0xFF,0xBC,0xFF,
    0x9C,0xFF,0x7C,0xF7,0x9C,0xFF,0x9C,0xF7,0xBC,0xFF,0x9C,0xF7,0xBC,0xFF,0x9C,0xFF,
    0x9C,0xFF,0x9C,0xFF,0x7B,0xF7,0x9C,0xFF,0x9C,0xFF,0x7C,0xF7,0x9C,0xFF,0x9C,0xFF,
    0x9C,0xFF,0x9C,0xF7,0x9C,0xFF,0x9C,0xFF,0x9C,0xFF,0x9C,0xF7,0x9C,0xF7,0x9C,0xF7,
    0x9C,0xFF,0x9C,0xF7,0x7C,0xF7,0x9C,0xFF,0xBC,0xFF,0x9C,0xF7,0x9C,0xFF,0x9C,0xFF,
    0x7C,0xF7,0x9C,0xFF,0x9C,0xF7,0x9C,0xFF,0x7B,0xF7,0x9C,0xFF,0x9C,0xFF,0x9C,0xF7,
    0xBC,0xFF,0x9C,0xF7,0x9C,0xFF,0x9C,0xFF,0xBC,0xFF,0x9C,0xFF,0x9C,0xFF,0x9C,0xFF,
    0x9C,0xF7,0xBC,0xFF,0x9C,0xFF,0x9C,0xFF,0xBC,0xFF,0x9C,0xFF,0x9C,0xF7,0xBC,0xFF,
    0x9C,0xFF,0x9C,0xFF,0x9C,0xFF,0x9C,0xFF,0xBC,0xFF,0x9C,0xFF,0x9C,0xF7,0x9C,0xF7,
    0x9C,0xF7,0x9C,0xFF,0x9C,0xFF,0x9C,0xF7,0x9C,0xF7,0x9C,0xF7,0xBC,0xFF,0x9C,0xF7,
    0x9C,0xFF,0x7B,0xF7,0x9C,0xF7,0xBC,0xFF,0x7C,0xF7,0xBC,0xFF,0x7B,0xF7,0x9C,0xFF,
    0x7C,0xF7,0x9C,0xFF,0x9C,0xF7,0x9C,0xFF,0x9C,0xFF,0x9C,0xFF,0x9C,0xF7,0x7B,0xF7,
    0x7B,0xF7,0x7B,0xF7,0x7B,0xF7,0x9C,0xFF,0xBC,0xFF,0x9C,0xF7,0xBC,0xFF,0x9C,0xF7,
    0x9C,0xF7,0x9C,0xFF,0x9C,0xFF,0x9C,0xFF,0xBC,0xFF,0x9C,0xF7,0xBC,0xFF,0x9C,0xFF,
    0x7B,0xF7,0x9C,0xF7,0x9C,0xF7,0x9C,0xFF,0x9C,0xFF,0x9C,0xF7,0xBC,0xFF,0x9C,0xF7,
    0x9C,0xFF,0x9C,0xFF,0x7C,0xF7,0xBC,0xFF,0x9C,0xFF,0x9C,0xF7,0x9C,0xFF,0x9C,0xF7,
    0x9C,0xFF,0xBC,0xFF,0x9C,0xFF,0x7C,0xF7,0x7C,0xF7,0x9C,0xFF,0x7B,0xF7,0x7B,0xF7,
    0x9C,0xF7,0x9C,0xFF,0xBC,0xFF,0x9C,0xFF,0xDD,0xFF,0x9C,0xFF,0x9C,0xFF,0xBC,0xFF,
    0x9C,0xF7,0x9C,0xFF,0x9C,0xFF,0x9C,0xFF,0x9C,0xF7,0x9C,0xF7,0x9C,0xFF,0x9C,0xF7,
    0x9C,0xFF,0x9C,0xFF,0x9C,0xFF,0x9C,0xFF,0x9C,0xFF,0x9C,0xFF,0xBC,0xFF,0x9C,0xFF,
    0x9C,0xF7,0x9C,0xF7,0x9C,0xFF,0x7C,0xF7,0x7B,0xF7,0x9B,0xF7,0x7B,0xF7,0x7B,0xF7,
    0xBC,0xFF,0x7B,0xF7,0x9C,0xF7,0x9C,0xF7,0x9C,0xF7,0x9C,0xFF,0xBC,0xFF,0xBC,0xFF,
    0x9C,0xFF,0x9C,0xFF,0x9C,0xF7,0x9C,0xFF,0x7B,0xF7,0x9C,0xF7,0x9C,0xFF,0x9C,0xF7,
    0x9C,0xFF,0x7B,0xF7,0x9C,0xF7,0x9C,0xF7,0xBC,0xFF,0x9C,0xF7,0x7B,0xF7,0xAA,0x83,
    0x8A,0x83,0x8A,0x83,0xAA,0x83,0x9C,0xFF,0x7C,0xF7,0x9C,0xF7,0x9C,0xF7,0xBC,0xFF,
    0x9C,0xF7,0x9C,0xF7,0x9C,0xFF,0xBC,0xFF,0x9C,0xFF,0x9C,0xF7,0x7B,0xF7,0x5B,0xF7,
    0x9C,0xF7,0x9C,0xFF,0xBC,0xFF,0x9C,0xFF,0x9C,0xF7,0xBC,0xFF,0xBC,0xFF,0x9C,0xF7,
    0x9C,0xFF,0xBC,0xFF,0x9C,0xF7,0x9C,0xFF,0x9C,0xF7,0xBC,0xFF,0xBC,0xFF,0x7B,0xF7,
    0x9C,0xF7,0xBC,0xFF,0x9C,0xFF,0x7C,0xF7,0x9C,0xF7,0x7C,0xF7,0x9C,0xFF,0x7C,0xF7,
    0xBC,0xFF,0x9C,0xFF,0xBC,0xFF,0xBC,0xFF,0xBC,0xFF,0x9C,0xFF,0x9C,0xFF,0x7B,0xF7,
    0x9C,0xFF,0x9C,0xF7,0x7B,0xF7,0xBC,0xFF,0x9C,0xFF,0x7B,0xF7,0x7B,0xF7,0x7B,0xF7,
    0x7B,0xF7,0x9C,0xFF,0x7C,0xF7,0x9C,0xFF,0x9C,0xF7,0x9C,0xFF,0x9C,0xFF,0x9C,0xF7,
    0xBD,0xFF,0x7B,0xF7,0x7C,0xF7,0x7B,0xF7,0xAA,0x83,0x8A,0x83,0x8A,0x83,0x8A,0x83,
    0x9C,0xF7,0x9C,0xFF,0x9C,0xFF,0x9C,0xFF,0x9C,0xFF,0x9C,0xFF,0xBC,0xFF,0xBC,0xFF,
    0x9C,0xF7,0x9C,0xFF,0xBC,0xFF,0x9C,0xFF,0xBC,0xFF,0xBD,0xFF,0x7B,0xF7,0x9C,0xF7,
    0xBC,0xFF,0x9C,0xFF,0x9C,0xF7,0x9C,0xF7,0x9C,0xFF,0xBC,0xFF,0x9C,0xF7,0x7B,0xF7,
    0x9C,0xFF,0x9B,0xF7,0x7B,0xF7,0x9C,0xF7,0x7B,0xF7,0x7B,0xF7,0x9C,0xF7,0x9C,0xFF,
    0x9C,0xFF,0xBC,0xFF,0x9C,0xFF,0x9C,0xFF,0x9C,0xFF,0x9C,0xF7,0xBC,0xFF,0x9C,0xF7,
    0x7B,0xF7,0x9C,0xFF,0x9C,0xFF,0xBC,0xFF,0x9C,0xF7,0x9C,0xFF,0x7C,0xF7,0x9C,0xFF,
    0x9C,0xFF,0x9C,0xF7,0x9C,0xFF,0x7C,0xF7,0x9C,0xFF,0x9C,0xF7,0x9C,0xFF,0x9C,0xF7,
    0x9C,0xF7,0x9C,0xF7,0x9C,0xFF,0x9C,0xFF,0x7B,0xF7,0x9C,0xFF,0x9C,0xF7,0x9C,0xFF,
    0xBC,0xFF,0x9C,0xFF,0x9C,0xF7,0x9C,0xF7,0x9C,0xFF,0xBC,0xFF,0x9C,0xF7,0x9C,0xF7,
    0x9C,0xF7,0x9C,0xFF,0x9C,0xF7,0xBC,0xFF,0x9C,0xFF,0x9B,0xF7,0xAA,0x83,0x8A,0x83,
    0x8A,0x83,0xAA,0x83,0x7B,0xF7,0x7B,0xF7,0xBD,0xFF,0x9C,0xFF,0xBC,0xFF,0x9C,0xF7,
    0x7B,0xF7,0x9C,0xF7,0x9C,0xFF,0x7B,0xF7,0x7B,0xF7,0x9B,0xF7,0x9B,0xF7,0x7B,0xF7,
    0x7B,0xF7,0x9C,0xF7,0xBC,0xFF,0x9C,0xFF,0x9C,0xF7,0x9C,0xFF,0x9C,0xFF,0x9C,0xF7,
    0x9C,0xF7,0x9C,0xF7,0x9C,0xF7,0x9C,0xF7,0x9C,0xF7,0x9C,0xFF,0x9C,0xFF,0x9C,0xF7,
    0x7B,0xF7,0x9C,0xFF,0x9C,0xF7,0xBC,0xFF,0x9C,0xF7,0xBC,0xFF,0x9C,0xFF,0xBC,0xFF,
    0x9C,0xFF,0x9C,0xFF,0x9C,0xF7,0x9C,0xF7,0x9C,0xF7,0x9C,0xFF,0x7C,0xF7,0xBC,0xFF,
    0x9C,0xF7,0x9C,0xFF,0x9C,0xF7,0x9C,0xFF,0x7B,0xF7,0x9C,0xF7,0x9C,0xF7,0x7C,0xF7,
    0x9C,0xF7,0x9C,0xFF,0x9C,0xFF,0x7B,0xF7,0x9C,0xF7,0x9C,0xF7,0x9C,0xF7,0x9C,0xF7,
    0xBC,0xFF,0x9C,0xFF,0x9C,0xFF,0xBC,0xFF,0x9C,0xF7,0x9C,0xF7,0x7B,0xF7,0x9C,0xFF,
    0x7B,0xF7,0x9C,0xF7,0x9C,0xFF,0x9C,0xFF,0x9C,0xF7,0x9C,0xF7,0xBC,0xFF,0x9C,0xFF,
    0x9C,0xF7,0x9C,0xFF,0x9C,0xFF,0x7C,0xF7,0x9C,0xF7,0x7B,0xF7,0x9C,0xFF,0x9C,0xFF,
    0xBC,0xFF,0xBC,0xFF,0x9C,0xF7,0xBC,0xFF,0x9C,0xF7,0x9C,0xFF,0x7B,0xF7,0x7B,0xF7,
    0x7B,0xF7,0x7B,0xF7,0xBC,0xFF,0x9C,0xFF,0x9C,0xFF,0x9C,0xF7,0x9C,0xFF,0x9C,0xFF,
    0x9C,0xFF,0xBC,0xFF,0x9C,0xF7,0x9C,0xFF,0xBC,0xFF,0x9C,0xFF,0x9C,0xF7,0xBC,0xFF,
    0x9C,0xFF,0x9C,0xF7,0x9C,0xF7,0x7B,0xF7,0x9B,0xF7,0x7B,0xF7,0x9B,0xF7,0x9C,0xFF,
    0xBC,0xFF,0x9C,0xFF,0x9C,0xF7,0xBC,0xFF,0x9C,0xF7,0x9C,0xF7,0x9C,0xF7,0x9C,0xFF,
    0x9C,0xF7,0x9C,0xFF,0x7B,0xF7,0x9C,0xF7,0x9C,0xFF,0x9C,0xFF,0x9C,0xFF,0x9C,0xF7,
    0xBD,0xFF,0x9C,0xFF,0x9C,0xFF,0x9C,0xFF,0x9C,0xFF,0x9C,0xF7,0x7C,0xF7,0x9C,0xFF,
    0x7B,0xF7,0x9C,0xFF,0x9C,0xF7,0x9C,0xFF,0x9C,0xFF,0x9C,0xF7,0x9C,0xF7,0x9C,0xF7,
    0xBC,0xFF,0xBC,0xFF,0x9C,0xF7,0x9C,0xFF,0x9C,0xF7,0xBC,0xFF,0x9C,0xFF,0x9C,0xF7,
    0x7C,0xF7,0x9C,0xFF,0xBC,0xFF,0x9C,0xFF,0x9C,0xF7,0x9C,0xF7,0x9C,0xF7,0x7B,0xF7,
    0x9C,0xFF,0x9C,0xF7,0x7B,0xF7,0x7B,0xF7,0x9C,0xFF,0x9C,0xFF,0xBC,0xFF,0x9C,0xFF,
    0x9C,0xF7,0x7B,0xF7,0x9C,0xFF,0x9C,0xF7,0x9C,0xFF,0x7B,0xF7,0x9C,0xF7,0x9C,0xF7,
    0x7C,0xF7,0x7B,0xF7,0x7B,0xF7,0x9C,0xFF,0xBC,0xFF,0x9C,0xF7,0x7B,0xF7,0x9C,0xF7,
    0x7B,0xF7,0x9C,0xFF,0xBC,0xFF,0x9C,0xFF,0x7B,0xF7,0xBC,0xFF,0x9C,0xFF,0xBC,0xFF,
    0x9C,0xFF,0x9C,0xFF,0x7B,0xF7,0xBC,0xFF,0x7C,0xF7,0x7B,0xF7,0x9C,0xFF,0x9C,0xFF,
    0xBC,0xFF,0xBC,0xFF,0x7B,0xF7,0xAA,0x83,0x8A,0x83,0x8A,0x83,0x8A,0x83,0xAA,0x83,
    0x7B,0xF7,0x9C,0xF7,0x9C,0xFF,0x9C,0xF7,0x9C,0xFF,0x9C,0xFF,0x7C,0xF7,0x9C,0xFF,
    0x9C,0xFF,0x7C,0xF7,0x7B,0xF7,0x9C,0xF7,0x9C,0xFF,0x9C,0xFF,0xBC,0xFF,0x9C,0xFF,
    0xBC,0xFF,0x9C,0xF7,0xBC,0xFF,0x9C,0xF7,0x9C,0xFF,0x7B,0xF7,0x9C,0xF7,0xBC,0xFF,
    0x9C,0xFF,0x9C,0xFF,0x7C,0xF7,0x9C,0xFF,0x9C,0xF7,0xBC,0xFF,0x9C,0xFF,0x9C,0xF7,
    0x9C,0xF7,0x9C,0xF7,0x9C,0xFF,0x9C,0xFF,0x7B,0xF7,0x9C,0xFF,0x7C,0xF7,0xBC,0xFF,
    0x7B,0xF7,0x9C,0xFF,0x7C,0xF7,0x9C,0xFF,0xBC,0xFF,0x9C,0xFF,0x7C,0xF7,0x7B,0xF7,
    0xBC,0xFF,0x9C,0xF7,0x9C,0xFF,0xBC,0xFF,0x7B,0xF7,0xBC,0xFF,0x9C,0xF7,0x9C,0xF7,
    0x9C,0xF7,0x9C,0xFF,0x9C,0xFF,0xBC,0xFF,0xBC,0xFF,0xBC,0xFF,0x9C,0xF7,0x9C,0xF7,
    0x9C,0xFF,0x9C,0xFF,0xBC,0xFF,0x9C,0xFF,0x7B,0xF7,0x7B,0xF7,0x5B,0xF7,0x7B,0xF7,
    0x7B,0xF7,0x5B,0xF7,0x7B,0xF7,0x9C,0xFF,0x9C,0xFF,0x7C,0xF7,0x9C,0xF7,0x7C,0xF7,
    0x9C,0xFF,0x9C,0xFF,0xBD,0xFF,0x9C,0xF7,0xBC,0xFF,0x9C,0xFF,0x9C,0xFF,0xBC,0xFF,
    0x7B,0xF7,0x7C,0xF7,0xBC,0xFF,0x9C,0xF7,0x9C,0xFF,0x9B,0xF7,0x7B,0xF7,0x9B,0xF7,
    0x9C,0xF7,0x9C,0xF7,0x9C,0xF7,0x9C,0xF7,0xBC,0xFF,0x9C,0xFF,0x9C,0xFF,0x9C,0xFF,
    0x9C,0xF7,0x9C,0xF7,0x9C,0xFF,0x9C,0xFF,0x7B,0xF7,0xBC,0xFF,0x7B,0xF7,0x9C,0xF7,
    0x7C,0xF7,0x9C,0xFF,0x7B,0xF7,0x9C,0xFF,0x9C,0xFF,0x9C,0xFF,0x9C,0xFF,0x9C,0xF7,
    0x9C,0xFF,0x9C,0xF7,0x9C,0xF7,0x9C,0xFF,0x7C,0xF7,0x9C,0xF7,0x9C,0xF7,0x9C,0xFF,
    0x9C,0xFF,0x9C,0xF7,0x9C,0xFF,0xBC,0xFF,0xBC,0xFF,0x9C,0xFF,0x9C,0xFF,0x9C,0xF7,
    0x9C,0xF7,0x9C,0xFF,0x9C,0xFF,0x7C,0xF7,0x7C,0xF7,0x7C,0xF7,0x7C,0xF7,0x9C,0xF7,
    0x9C,0xF7,0x7C,0xF7,0x9C,0xF7,0x7B,0xF7,0x9C,0xF7,0x9C,0xFF,0x9C,0xF7,0x7B,0xF7,
    0xBC,0xFF,0x9C,0xF7,0x9C,0xFF,0x7B,0xF7,0x9C,0xF7,0x9C,0xFF,0x9C,0xF7,0x9C,0xFF,
    0x9C,0xFF,0x9C,0xF7,0x9C,0xF7,0x7B,0xF7,0xAA,0x83,0x8A,0x83,0x8A,0x83,0x8A,0x83,
    0x8A,0x83,0x8A,0x83,0xAA,0x83,0x7B,0xF7,0x9C,0xFF,0x9C,0xFF,0x7B,0xF7,0x9C,0xFF,
    0x7B,0xF7,0x9C,0xF7,0x9C,0xFF,0x9C,0xFF,0x9C,0xF7,0x9C,0xF7,0x9C,0xFF,0xBC,0xFF,
    0xBC,0xFF,0x9C,0xFF,0xBC,0xFF,0x9C,0xF7,0x9C,0xF7,0x9C,0xFF,0x9C,0xFF,0x7B,0xF7,
    0xBC,0xFF,0x9C,0xF7,0x9C,0xF7,0x7C,0xF7,0x7B,0xF7,0x9B,0xF7,0x7B,0xF7,0x7B,0xF7,
    0x7B,0xF7,0x9B,0xF7,0xBC,0xFF,0x9C,0xFF,0xBC,0xFF,0x7B,0xF7,0x9C,0xF7,0x7B,0xF7,
    0xBC,0xFF,0x9C,0xF7,0x9C,0xFF,0x7C,0xF7,0x7C,0xF7,0x7C,0xF7,0x9C,0xF7,0x9C,0xF7,
    0x7B,0xF7,0x9C,0xFF,0x9C,0xFF,0x7B,0xF7,0x7B,0xF7,0x7C,0xF7,0x9C,0xF7,0xBC,0xFF,
    0x9C,0xFF,0x7C,0xF7,0xBD,0xFF,0x9C,0xFF,0x7C,0xF7,0x7B,0xF7,0x9C,0xFF,0x7B,0xF7,
    0x9C,0xFF,0x9C,0xFF,0x9C,0xF7,0x9C,0xF7,0x9C,0xF7,0xBC,0xFF,0x9C,0xFF,0x9C,0xFF,
    0x9C,0xFF,0x9C,0xF7,0x9C,0xF7,0x9C,0xFF,0x9C,0xFF,0x9C,0xF7,0x9C,0xF7,0x9C,0xF7,
    0xBC,0xFF,0x9C,0xFF,0x9C,0xFF,0x9C,0xFF,0x9C,0xFF,0x9C,0xFF,0x9C,0xFF,0x9C,0xFF,
    0x9C,0xFF,0x9C,0xFF,0x9C,0xF7,0xBC,0xFF,0x9C,0xF7,0x9C,0xFF,0x7B,0xF7,0x7B,0xF7,
    0x5B,0xF7,0x7B,0xF7,0x7B,0xF7,0xBC,0xFF,0x7C,0xF7,0x9C,0xFF,0x7C,0xF7,0x9C,0xF7,
    0xBC,0xFF,0x9C,0xF7,0x9C,0xFF,0x9C,0xFF,0x7C,0xF7,0xBC,0xFF,0x7C,0xF7,0x9C,0xF7,
    0x9C,0xFF,0x9C,0xFF,0xBC,0xFF,0xBC,0xFF,0x7C,0xF7,0x9C,0xF7,0x7B,0xF7,0x9C,0xFF,
    0x9C,0xF7,0x9C,0xFF,0x7B,0xF7,0x7B,0xF7,0xAA,0x83,0x8A,0x83,0x8A,0x83,0x8A,0x83,
    0x8A,0x83,0xAA,0x83,0x7B,0xF7,0xBD,0xFF,0x9C,0xFF,0x7B,0xF7,0x9C,0xF7,0x7C,0xF7,
    0x9C,0xFF,0xBC,0xFF,0xBC,0xFF,0x9C,0xFF,0x9C,0xFF,0x9C,0xF7,0x7C,0xF7,0x9C,0xF7,
    0xBC,0xFF,0x7B,0xF7,0xBC,0xFF,0xBC,0xFF,0x9C,0xFF,0xBC,0xFF,0x9C,0xFF,0x9C,0xF7,
    0x7B,0xF7,0x9C,0xF7,0xBC,0xFF,0x9C,0xFF,0x9C,0xF7,0xBC,0xFF,0x9C,0xF7,0x7B,0xF7,
    0x9C,0xF7,0xBC,0xFF,0xBC,0xFF,0x9C,0xF7,0x9C,0xFF,0x9C,0xF7,0xBC,0xFF,0x9C,0xFF,
    0xBC,0xFF,0x9C,0xFF,0xBC,0xFF,0x9C,0xFF,0x9C,0xFF,0x9C,0xF7,0x9C,0xF7,0x9C,0xF7,
    0x9C,0xFF,0x9C,0xFF,0xBC,0xFF,0x9C,0xF7,0x9C,0xFF,0x7B,0xF7,0x9C,0xF7,0x9C,0xF7,
    0x9C,0xFF,0x9C,0xFF,0x9C,0xF7,0x9C,0xFF,0x9C,0xF7,0x9C,0xFF,0x9C,0xF7,0x9C,0xFF,
    0x9C,0xF7,0x9C,0xF7,0x9C,0xF7,0x7C,0xF7,0xBC,0xFF,0x9C,0xF7,0xBC,0xFF,0x9C,0xF7,
    0x9C,0xF7,0x9C,0xFF,0x9C,0xF7,0x7B,0xF7,0x9C,0xFF,0x9C,0xFF,0x7B,0xF7,0x9C,0xF7,
    0x9C,0xF7,0xBC,0xFF,0x9C,0xFF,0x9C,0xF7,0xBC,0xFF,0x9C,0xFF,0x9C,0xF7,0x7C,0xF7,
    0x9C,0xFF,0x7B,0xF7,0xBC,0xFF,0x7B,0xF7,0x7B,0xF7,0x9C,0xF7,0x9B,0xF7,0x9B,0xF7,
    0x7B,0xF7,0x7B,0xF7,0x9C,0xF7,0x9C,0xF7,0x9C,0xF7,0x9C,0xFF,0x7B,0xF7,0x7B,0xF7,
    0x7B,0xF7,0x7B,0xF7,0x7B,0xF7,0x9C,0xF7,0x7B,0xF7,0x9C,0xFF,0x9C,0xFF,0xBC,0xFF,
    0x9C,0xF7,0x9C,0xFF,0x9C,0xF7,0xBC,0xFF,0x9C,0xF7,0x9C,0xFF,0x9C,0xF7,0x9C,0xFF,
    0x9C,0xFF,0x7C,0xF7,0x9C,0xFF,0x7C,0xF7,0x9C,0xF7,0x9C,0xFF,0x9C,0xF7,0x9C,0xF7,
    0xBC,0xFF,0xBC,0xFF,0xBC,0xFF,0xBC,0xFF,0x9C,0xFF,0x9C,0xFF,0x7C,0xF7,0x9C,0xF7,
    0x9C,0xF7,0xBC,0xFF,0xBC,0xFF,0x9C,0xFF,0x9C,0xF7,0xBC,0xFF,0x9C,0xF7,0x9C,0xF7,
    0x9C,0xF7,0xBC,0xFF,0xBC,0xFF,0x9C,0xFF,0x7C,0xF7,0x9C,0xFF,0x9C,0xF7,0x9C,0xF7,
    0x9C,0xF7,0x7C,0xF7,0x9C,0xF7,0xBC,0xFF,0x9C,0xF7,0x9C,0xF7,0x7B,0xF7,0x9C,0xF7,
    0x9C,0xF7,0x9C,0xFF,0x9C,0xFF,0x9C,0xF7,0x9C,0xF7,0xBC,0xFF,0x9C,0xFF,0x9C,0xF7,
    0x9C,0xF7,0x9C,0xF7,0x9C,0xF7,0x9C,0xF7,0x9C,0xFF,0x9C,0xFF,0x9C,0xF7,0x9C,0xFF,
    0x9C,0xF7,0xBC,0xFF,0x9C,0xF7,0x9C,0xFF,0x9C,0xFF,0x9C,0xF7,0x7B,0xF7,0x9C,0xF7,
    0x7C,0xF7,0x9C,0xF7,0x9C,0xF7,0x9C,0xF7,0x9C,0xF7,0xBC,0xFF,0x7C,0xF7,0x9C,0xFF,
    0x9C,0xFF,0x9C,0xF7,0xBC,0xFF,0xBC,0xFF,0x9C,0xFF,0x7B,0xF7,0xAA,0x83,0x8A,0x83,
    0x8A,0x83,0x8A,0x83,0xAA,0x83,0x7B,0xF7,0x7C,0xF7,0xBC,0xFF,0x9C,0xFF,0x9C,0xF7,
    0xBC,0xFF,0x9C,0xFF,0x7B,0xF7,0x9C,0xFF,0x7C,0xF7,0x7B,0xF7,0x9C,0xF7,0x9C,0xF7,
    0x7B,0xF7,0xBC,0xFF,0x9C,0xFF,0x9C,0xFF,0x9C,0xF7,0x9C,0xFF,0x9C,0xF7,0x9C,0xF7,
    0xBC,0xFF,0x9C,0xF7,0x9C,0xFF,0x9C,0xF7,0xBC,0xFF,0xBC,0xFF,0x9C,0xFF,0x9C,0xFF,
    0x9C,0xFF,0x9C,0xFF,0xBD,0xFF,0x7B,0xF7,0x9C,0xF7,0x9C,0xFF,0x9C,0xFF,0x7B,0xF7,
    0x9C,0xF7,0x7B,0xF7,0x5B,0xF7,0x9B,0xF7,0xBC,0xFF,0x9C,0xF7,0x7B,0xF7,0x9C,0xFF,
    0x9C,0xF7,0xBC,0xFF,0x9C,0xF7,0x9C,0xF7,0xBC,0xFF,0xBC,0xFF,0xBC,0xFF,0xBC,0xFF,
    0x9C,0xFF,0x9C,0xFF,0x9C,0xF7,0x9C,0xF7,0x9C,0xF7,0x9C,0xF7,0x7C,0xF7,0x7B,0xF7,
    0x9C,0xFF,0x9C,0xFF,0x7B,0xF7,0x9C,0xFF,0x7B,0xF7,0x9C,0xF7,0x9C,0xFF,0x9C,0xF7,
    0x9C,0xFF,0xBC,0xFF,0xBC,0xFF,0x9C,0xFF,0xBC,0xFF,0x9C,0xF7,0x9C,0xF7,0x9C,0xF7,
    0x9C,0xF7,0x9C,0xF7,0x7C,0xF7,0x7B,0xF7,0xBC,0xFF,0x9C,0xFF,0xBC,0xFF,0x9C,0xFF,
    0x7C,0xF7,0xBC,0xFF,0x9C,0xFF,0x7C,0xF7,0x9C,0xFF,0x7B,0xF7,0x9C,0xF7,0x7B,0xF7,
    0x9B,0xF7,0x7B,0xF7,0x9C,0xF7,0x9C,0xFF,0x9C,0xFF,0x9C,0xFF,0x9C,0xFF,0x9C,0xFF,
    0x9C,0xFF,0x7B,0xF7,0x9C,0xF7,0x9C,0xF7,0x9C,0xF7,0x9C,0xF7,0xBC,0xFF,0x9C,0xFF,
    0x7C,0xF7,0x9C,0xF7,0xBC,0xFF,0x7C,0xF7,0x9C,0xFF,0x9C,0xF7,0x9C,0xFF,0x9C,0xF7,
    0x9C,0xF7,0x9C,0xF7,0x9C,0xF7,0xBC,0xFF,0x9C,0xFF,0x9C,0xFF,0xBC,0xFF,0x9C,0xFF,
    0x9C,0xF7,0x9C,0xFF,0x9C,0xF7,0x9C,0xF7,0xBC,0xFF,0x9C,0xF7,0xBC,0xFF,0x9C,0xFF,
    0x7B,0xF7,0xAA,0x83,0x8A,0x83,0xAA,0x83,0x9B,0xF7,0x9C,0xF7,0x9C,0xF7,0x7C,0xF7,
    0xBC,0xFF,0x9C,0xFF,0x9C,0xFF,0x9C,0xFF,0x7C,0xF7,0xBC,0xFF,0x7C,0xF7,0x7B,0xF7,
    0x9C,0xFF,0x9C,0xF7,0xBC,0xFF,0x9C,0xFF,0x9C,0xFF,0x9C,0xFF,0x9C,0xFF,0x9C,0xF7,
    0x9C,0xF7,0x7C,0xF7,0x9C,0xF7,0x9C,0xF7,0x7C,0xF7,0x9C,0xF7,0xBD,0xFF,0x9C,0xFF,
    0x7C,0xF7,0xBC,0xFF,0x7B,0xF7,0x9C,0xF7,0x7C,0xF7,0x7C,0xF7,0x9C,0xF7,0x9C,0xFF,
    0xBC,0xFF,0x7B,0xF7,0x9C,0xF7,0x9C,0xF7,0x9C,0xFF,0x9C,0xFF,0x7C,0xF7,0x9C,0xF7,
    0x9C,0xF7,0x9C,0xFF,0x9C,0xF7,0x9C,0xF7,0x9C,0xF7,0x9C,0xF7,0x9C,0xFF,0xBC,0xFF,
    0x7B,0xF7,0x9C,0xF7,0x9C,0xFF,0x7B,0xF7,0x9C,0xFF,0x9C,0xFF,0x9C,0xF7,0x7C,0xF7,
    0xBC,0xFF,0x9C,0xFF,0x9C,0xF7,0xBC,0xFF,0x7B,0xF7,0x9C,0xF7,0x7B,0xF7,0x9C,0xF7,
    0x9C,0xFF,0x9C,0xF7,0x9C,0xF7,0x9C,0xFF,0x9C,0xF7,0x9C,0xF7,0x7C,0xF7,0x9C,0xFF,
    0x9C,0xF7,0xBC,0xFF,0x9C,0xF7,0x9C,0xFF,0x9C,0xFF,0x7C,0xF7,0x9C,0xFF,0x9C,0xFF,
    0x9C,0xFF,0x9C,0xFF,0x9C,0xF7,0xBC,0xFF,0x9C,0xFF,0x9C,0xFF,0x7B,0xF7,0x7B,0xF7,
    0x7B,0xF7,0x7B,0xF7,0x7B,0xF7,0x9B,0xF7,0x9C,0xFF,0x7B,0xF7,0x9C,0xF7,0xBC,0xFF,
    0xBC,0xFF,0x7B,0xF7,0x9C,0xF7,0x7C,0xF7,0x9C,0xFF,0xBC,0xFF,0x9C,0xFF,0x7C,0xF7,
    0x9C,0xF7,0x9C,0xF7,0xBC,0xFF,0x9C,0xFF,0x9C,0xFF,0x9C,0xFF,0x9C,0xFF,0x9C,0xF7,
    0x7C,0xF7,0x9C,0xF7,0x9C,0xF7,0x9C,0xF7,0x9C,0xFF,0x9C,0xFF,0x9C,0xFF,0x9C,0xF7,
    0x7B,0xF7,0x9C,0xF7,0x9C,0xFF,0x9C,0xFF,0x7B,0xF7,0x9C,0xF7,0x9C,0xF7,0x9C,0xF7,
    0x9C,0xF7,0x9C,0xF7,0x9C,0xF7,0x9C,0xF7,0x9C,0xFF,0x9C,0xFF,0x9C,0xF7,0x7C,0xF7,
    0x9C,0xF7,0x9C,0xF7,0x9C,0xFF,0x7B,0xF7,0x9C,0xFF,0xBC,0xFF,0x9C,0xFF,0x7C,0xF7,
    0x9C,0xFF,0x9C,0xFF,0x9B,0xF7,0x7B,0xF7,0x9B,0xF7,0x7B,0xF7,0x7B,0xF7,0x9C,0xFF,
    0x7B,0xF7,0x9B,0xF7,0x9C,0xF7,0xBC,0xFF,0xBC,0xFF,0x9C,0xFF,0x9C,0xF7,0x9C,0xF7,
    0xBC,0xFF,0xBC,0xFF,0x9C,0xFF,0x9C,0xFF,0xBC,0xFF,0x9C,0xFF,0x9C,0xFF,0x9C,0xFF,
    0x9C,0xFF,0xBC,0xFF,0xBC,0xFF,0x9C,0xFF,0x7B,0xF7,0x9C,0xFF,0x9C,0xF7,0x7C,0xF7,
    0x9C,0xF7,0xBC,0xFF,0x7C,0xF7,0x9C,0xF7,0x9C,0xF7,0x7C,0xF7,0x7C,0xF7,0x9C,0xFF,
    0x7C,0xF7,0xBC,0xFF,0x9C,0xF7,0x9C,0xFF,0x9C,0xFF,0x7B,0xF7,0xBC,0xFF,0x9C,0xFF,
    0x9C,0xF7,0x9C,0xFF,0x9C,0xFF,0x9C,0xFF,0x7C,0xF7,0x9C,0xF7,0x9C,0xFF,0x9C,0xF7,
    0x9C,0xFF,0x9C,0xF7,0x9C,0xFF,0x9C,0xFF,0x7C,0xF7,0x9C,0xF7,0x9C,0xF7,0x9C,0xF7,
    0x9C,0xF7,0x7B,0xF7,0x9C,0xF7,0x9C,0xF7,0x7C,0xF7,0x7B,0xF7,0x9C,0xFF,0x9C,0xFF,
    0xBC,0xFF,0xBC,0xFF,0x9C,0xF7,0x9C,0xFF,0x9C,0xF7,0x9C,0xFF,0x9C,0xF7,0x9C,0xF7,
    0xBC,0xFF,0x7C,0xF7,0x9C,0xFF,0x9C,0xFF,0x7C,0xF7,0x9C,0xF7,0x9C,0xF7,0x9C,0xF7,
    0x7C,0xF7,0x9C,0xFF,0x9C,0xF7,0x9C,0xFF,0x9C,0xFF,0x7B,0xF7,0x9C,0xFF,0x9C,0xF7,
    0x9C,0xFF,0x9B,0xF7,0xAA,0x83,0x8A,0x83,0x8A,0x83,0x8A,0x83,0x8A,0x83,0x8A,0x83,
    0x8A,0x83,0xAA,0x83,0x9B,0xF7,0x9C,0xF7,0x9C,0xFF,0x9C,0xFF,0xBC,0xFF,0x9C,0xF7,
    0x9C,0xF7,0x9C,0xF7,0x9C,0xFF,0x9C,0xFF,0x9C,0xF7,0xBC,0xFF,0x9C,0xF7,0x9C,0xFF,
    0x9C,0xFF,0x9C,0xF7,0x7C,0xF7,0x9C,0xF7,0x9C,0xFF,0x7C,0xF7,0x9C,0xF7,0x9C,0xF7,
    0x9C,0xFF,0x9C,0xF7,0x9C,0xF7,0x7C,0xF7,0x9C,0xFF,0x9C,0xF7,0x9C,0xFF,0x7B,0xF7,
    0x7C,0xF7,0x9C,0xF7,0x9C,0xF7,0x9C,0xF7,0x9C,0xF7,0x9C,0xFF,0x9C,0xFF,0xBC,0xFF,
    0x9C,0xFF,0xBC,0xFF,0xBC,0xFF,0x9C,0xFF,0x9C,0xF7,0x9C,0xF7,0x9C,0xFF,0x9C,0xF7,
    0x9C,0xF7,0xBC,0xFF,0x9C,0xFF,0x9C,0xF7,0x9C,0xF7,0x9C,0xF7,0x7B,0xF7,0x9C,0xFF,
    0x9C,0xFF,0x7C,0xF7,0x9C,0xF7,0x9C,0xF7,0xBC,0xFF,0x7C,0xF7,0x9C,0xF7,0xBC,0xFF,
    0xBC,0xFF,0xBC,0xFF,0x9C,0xFF,0x9C,0xF7,0x9C,0xF7,0x9C,0xFF,0x9C,0xF7,0x9C,0xF7,
    0x9C,0xF7,0x9C,0xFF,0x9C,0xF7,0x9C,0xFF,0x9C,0xF7,0x9C,0xF7,0x7C,0xF7,0x9C,0xFF,
    0x9C,0xF7,0x9C,0xFF,0x9C,0xF7,0x9C,0xFF,0xBC,0xFF,0x9C,0xFF,0xBC,0xFF,0x9C,0xF7,
    0x9C,0xF7,0xBC,0xFF,0x9C,0xFF,0x7B,0xF7,0x7B,0xF7,0x7B,0xF7,0x9B,0xF7,0x7B,0xF7,
    0x7B,0xF7,0x5B,0xF7,0x7B,0xF7,0xBC,0xFF,0x9C,0xFF,0x9C,0xFF,0x9C,0xFF,0x9C,0xF7,
    0xBC,0xFF,0x9C,0xFF,0xBC,0xFF,0x9C,0xFF,0x7C,0xF7,0x9C,0xFF,0x9C,0xFF,0x9C,0xF7,
    0xBC,0xFF,0x9C,0xFF,0x9C,0xFF,0x7C,0xF7,0x9C,0xF7,0x7B,0xF7,0x9C,0xFF,0xBC,0xFF,
    0x9C,0xF7,0xBC,0xFF,0x7C,0xF7,0x9C,0xFF,0x7B,0xF7,0x7B,0xF7,0x9C,0xFF,0x9C,0xFF,
    0xBC,0xFF,0x9C,0xFF,0xBC,0xFF,0x9C,0xF7,0x9C,0xFF,0xBC,0xFF,0x9C,0xFF,0xBC,0xFF,
    0xBC,0xFF,0x9C,0xFF,0x9C,0xF7,0x9C,0xF7,0x7B,0xF7,0xBC,0xFF,0xBC,0xFF,0x9C,0xFF,
    0x9C,0xFF,0x7B,0xF7,0xBC,0xFF,0x7C,0xF7,0x9C,0xF7,0xBC,0xFF,0x9C,0xFF,0x9C,0xF7,
    0x9C,0xF7,0x9C,0xFF,0xBC,0xFF,0x9C,0xFF,0x9C,0xFF,0x9C,0xFF,0x9C,0xFF,0x7B,0xF7,
    0x7B,0xF7,0xBC,0xFF,0x9C,0xF7,0x7B,0xF7,0x9C,0xF7,0x9C,0xF7,0x9C,0xF7,0xBC,0xFF,
    0x7C,0xF7,0x9C,0xF7,0x7C,0xF7,0xBC,0xFF,0x7C,0xF7,0x7B,0xF7,0x9C,0xFF,0x9C,0xFF,
    0x7C,0xF7,0x9C,0xFF,0x9C,0xFF,0x9C,0xF7,0x9C,0xFF,0x9C,0xFF,0x9C,0xFF,0x9C,0xF7,
    0x9C,0xF7,0x9C,0xF7,0x9C,0xF7,0x9C,0xF7,0x9C,0xF7,0x9C,0xF7,0x9C,0xF7,0x9C,0xF7,
    0x9C,0xFF,0x7C,0xF7,0x9C,0xF7,0x9C,0xF7,0x9C,0xF7,0x9C,0xFF,0x9C,0xFF,0x9C,0xF7,
    0x9C,0xF7,0x9C,0xFF,0x9C,0xFF,0x9C,0xFF,0x9C,0xF7,0x9C,0xFF,0x7B,0xF7,0x9C,0xF7,
    0xBC,0xFF,0x9C,0xF7,0x9C,0xFF,0x9C,0xFF,0x9C,0xF7,0x7B,0xF7,0x9C,0xF7,0xBC,0xFF,
    0xBC,0xFF,0x9C,0xFF,0x9C,0xF7,0x9C,0xFF,0x7C,0xF7,0x9C,0xFF,0x9C,0xFF,0x9C,0xFF,
    0xDD,0xFF,0xBD,0xFF,0x9C,0xF7,0x9C,0xFF,0x9C,0xF7,0x9C,0xFF,0xBC,0xFF,0x7C,0xF7,
    0x9C,0xF7,0xBC,0xFF,0x9C,0xF7,0xBC,0xFF,0x9C,0xFF,0x9C,0xF7,0x9C,0xFF,0x9C,0xF7,
    0xBC,0xFF,0xBC,0xFF,0x7B,0xF7,0xBC,0xFF,0x7B,0xF7,0x7B,0xF7,0x9C,0xFF,0x9C,0xFF,
    0x9C,0xFF,0x9C,0xF7,0x9C,0xF7,0x9C,0xF7,0x7B,0xF7,0x9C,0xFF,0x9C,0xF7,0x9C,0xFF,
    0x7B,0xF7,0x7B,0xF7,0x9C,0xF7,0x9C,0xF7,0x9C,0xFF,0x9C,0xF7,0x9C,0xF7,0x9C,0xF7,
    0x9C,0xFF,0x9C,0xFF,0xBC,0xFF,0x9C,0xF7,0x9C,0xFF,0x9C,0xF7,0x9C,0xF7,0x9C,0xFF,
    0x7C,0xF7,0x9C,0xF7,0x9C,0xFF,0x9C,0xF7,0x7B,0xF7,0x9C,0xF7,0x7C,0xF7,0x9C,0xFF,
    0x7C,0xF7,0x9C,0xF7,0x9C,0xFF,0x9C,0xF7,0x9C,0xFF,0x9C,0xFF,0x9C,0xF7,0x9C,0xFF,
    0x9C,0xFF,0x9C,0xF7,0x9C,0xFF,0x9C,0xF7,0x9C,0xFF,0x9C,0xF7,0x9C,0xFF,0x9C,0xF7,
    0x9C,0xFF,0x9C,0xFF,0x9C,0xF7,0x9C,0xFF,0x9C,0xF7,0x9C,0xFF,0xBC,0xFF,0x9C,0xF7,
    0x9C,0xF7,0x7C,0xF7,0x9C,0xF7,0x9C,0xF7,0x9C,0xFF,0x7C,0xF7,0x9C,0xF7,0x9C,0xFF,
    0xBD,0xFF,0x9C,0xFF,0x9C,0xFF,0x9C,0xF7,0x9C,0xF7,0x7B,0xF7,0x9C,0xF7,0x9C,0xF7,
    0x9C,0xF7,0x9C,0xF7,0xBC,0xFF,0x9C,0xFF,0x9C,0xF7,0x7B,0xF7,0xBC,0xFF,0x9C,0xF7,
    0x9C,0xF7,0x9C,0xF7,0x9C,0xF7,0xBC,0xFF,0x9C,0xFF,0x9C,0xFF,0x9C,0xFF,0xBC,0xFF,
    0x9C,0xFF,0x9C,0xF7,0x9C,0xF7,0x7C,0xF7,0x7C,0xF7,0x5B,0xF7,0xBC,0xFF,0x9C,0xF7,
    0x9C,0xF7,0x9C,0xFF,0x9C,0xF7,0x9C,0xFF,0x9C,0xF7,0x9C,0xF7,0x9C,0xFF,0xBC,0xFF,
    0x7B,0xF7,0x9C,0xF7,0x9C,0xFF,0x9C,0xFF,0x9C,0xF7,0x9C,0xF7,0x9C,0xF7,0x9C,0xFF,
    0x7C,0xF7,0x9C,0xF7,0xBC,0xFF,0x9C,0xFF,0x9C,0xF7,0x9C,0xFF,0x7C,0xF7,0x9C,0xFF,
    0x9C,0xFF,0x9C,0xFF,0x9C,0xFF,0x9C,0xF7,0xBC,0xFF,0x9C,0xFF,0x9C,0xFF,0xBC,0xFF,
    0xBC,0xFF,0x9C,0xFF,0x9C,0xFF,0x9C,0xF7,0x7B,0xF7,0xBC,0xFF,0x9C,0xF7,0x9C,0xF7,
    0xBC,0xFF,0x9C,0xF7,0x9C,0xF7,0x7B,0xF7,0x9C,0xFF,0x9C,0xFF,0x9C,0xF7,0xBC,0xFF,
    0x9C,0xF7,0x7C,0xF7,0x9C,0xF7,0x9C,0xF7,0x9C,0xF7,0x9C,0xF7,0x7C,0xF7,0x9C,0xF7,
    0x7B,0xF7,0x9C,0xF7,0xBC,0xFF,0x9C,0xFF,0x7C,0xF7,0x9C,0xF7,0xBC,0xFF,0x9C,0xF7,
    0x9C,0xF7,0x7C,0xF7,0xBC,0xFF,0xBC,0xFF,0x7C,0xF7,0x9C,0xFF,0x9C,0xF7,0x9C,0xFF,
    0xBC,0xFF,0x9C,0xF7,0x9C,0xF7,0x7C,0xF7,0x9C,0xF7,0x9C,0xFF,0x9C,0xFF,0xBC,0xFF,
    0xBC,0xFF,0x9C,0xFF,0x7B,0xF7,0x7C,0xF7,0x9C,0xFF,0x9C,0xFF,0x9C,0xF7,0x9C,0xF7,
    0x9C,0xFF,0x7B,0xF7,0x9C,0xF7,0x9C,0xFF,0xBC,0xFF,0xBC,0xFF,0x9C,0xF7,0x7C,0xF7,
    0x7B,0xF7,0x7B,0xF7,0x5B,0xF7,0x5B,0xF7,0x7B,0xF7,0x9C,0xF7,0x9C,0xFF,0x9C,0xF7,
    0x9C,0xF7,0x9C,0xFF,0x9C,0xF7,0x9C,0xF7,0x7B,0xF7,0x9C,0xFF,0x9C,0xFF,0x9C,0xFF,
    0x9C,0xF7,0xBC,0xFF,0x9C,0xF7,0xBC,0xFF,0x9C,0xFF,0xBC,0xFF,0x9C,0xFF,0x9C,0xFF,
    0x9C,0xF7,0x9C,0xF7,0xBC,0xFF,0x9C,0xF7,0xBC,0xFF,0x7B,0xF7,0x9C,0xF7,0x9C,0xF7,
    0xBC,0xFF,0x9C,0xF7,0x9C,0xF7,0x9C,0xF7,0x9C,0xFF,0x9C,0xF7,0x9C,0xF7,0x7B,0xF7,
    0x9C,0xF7,0x9C,0xF7,0x9C,0xF7,0xBC,0xFF,0xBC,0xFF,0x9C,0xF7,0x9C,0xF7,0x9C,0xFF,
    0x9C,0xFF,0x9C,0xF7,0x9C,0xFF,0x9C,0xF7,0x9C,0xF7,0x9C,0xF7,0x9C,0xFF,0x9C,0xFF,
    0x9C,0xFF,0x9C,0xFF,0x7B,0xF7,0xBC,0xFF,0x9C,0xF7,0x9C,0xF7,0x9C,0xF7,0x7B,0xF7,
    0x7B,0xF7,0x9B,0xF7,0x7B,0xF7,0x9C,0xF7,0x9C,0xFF,0x5B,0xF7,0x9C,0xFF,0x9C,0xF7,
    0x9C,0xFF,0xBC,0xFF,0x9C,0xF7,0x7C,0xF7,0x9C,0xFF,0x9C,0xFF,0x9C,0xFF,0x9C,0xFF,
    0x9C,0xF7,0x9C,0xF7,0x9C,0xFF,0x9C,0xFF,0xBC,0xFF,0x9C,0xFF,0xBC,0xFF,0x9C,0xFF,
    0x9C,0xFF,0x7B,0xF7,0x7C,0xF7,0x9C,0xFF,0x9C,0xFF,0x9C,0xF7,0x7B,0xF7,0x7B,0xF7,
    0x6A,0x83,0x49,0x7B,0x49,0x7B,0x49,0x7B,0x6A,0x83,0x7B,0xF7,0x9C,0xF7,0x9C,0xF7,
    0x9C,0xFF,0x9C,0xF7,0x7C,0xF7,0x7C,0xF7,0x9C,0xFF,0xBC,0xFF,0x7C,0xF7,0xBC,0xFF,
    0x9C,0xF7,0x9C,0xFF,0x9C,0xF7,0x9C,0xF7,0xBC,0xFF,0x9C,0xFF,0x9C,0xF7,0xBC,0xFF,
    0xBC,0xFF,0x9C,0xFF,0xBC,0xFF,0xBC,0xFF,0x9C,0xF7,0x7B,0xF7,0x7C,0xF7,0x7C,0xF7,
    0x9C,0xF7,0xBC,0xFF,0x9C,0xF7,0x9C,0xF7,0xBC,0xFF,0x9C,0xF7,0x9C,0xFF,0xBC,0xFF,
    0x7C,0xF7,0x7C,0xF7,0x9C,0xF7,0x9C,0xFF,0x9C,0xFF,0x9C,0xFF,0x7C,0xF7,0x9C,0xF7,
    0x7C,0xF7,0x9C,0xF7,0x9C,0xFF,0x9C,0xFF,0x9C,0xFF,0xBC,0xFF,0x7C,0xF7,0x9C,0xF7,
    0x9C,0xFF,0x7B,0xF7,0xBD,0xFF,0x9C,0xF7,0xBC,0xFF,0x9C,0xF7,0x7B,0xF7,0xAA,0x83,
    0x8A,0x83,0x8A,0x83,0xAA,0x83,0x9B,0xF7,0x9C,0xFF,0x9C,0xFF,0x9C,0xF7,0x7B,0xF7,
    0x9C,0xF7,0x9C,0xF7,0x7B,0xF7,0xBC,0xFF,0x7B,0xF7,0xBC,0xFF,0x7C,0xF7,0x9C,0xF7,
    0x9C,0xFF,0x9C,0xFF,0xBC,0xFF,0x9C,0xFF,0x9C,0xF7,0x7B,0xF7,0x9C,0xFF,0x9C,0xF7,
    0x9C,0xF7,0x9C,0xFF,0xBC,0xFF,0x9C,0xF7,0x9C,0xF7,0x9C,0xF7,0x5B,0xF7,0xAA,0x83,
    0x49,0x7B,0x49,0x7B,0x49,0x7B,0x49,0x7B,0x49,0x7B,0x5A,0xEF,0x7B,0xF7,0x7B,0xF7,
    0x9C,0xFF,0x7C,0xF7,0x9C,0xFF,0x9C,0xF7,0x9C,0xFF,0x9C,0xFF,0x9C,0xFF,0xBC,0xFF,
    0xBC,0xFF,0x9C,0xF7,0xBC,0xFF,0x9C,0xF7,0x9C,0xF7,0x9C,0xF7,0x9C,0xFF,0x7B,0xF7,
    0x7C,0xF7,0x9C,0xF7,0x7C,0xF7,0x7B,0xF7,0x9C,0xFF,0x9C,0xF7,0x7C,0xF7,0x9C,0xFF,
    0xBC,0xFF,0x7B,0xF7,0x9B,0xF7,0x7B,0xF7,0x9C,0xF7,0x9B,0xF7,0x7B,0xF7,0xBC,0xFF,
    0x9C,0xF7,0x7B,0xF7,0x9C,0xF7,0x9C,0xFF,0x9C,0xF7,0x7C,0xF7,0x9C,0xFF,0x9C,0xFF,
    0x9C,0xF7,0xBC,0xFF,0x7B,0xF7,0x9C,0xF7,0x7C,0xF7,0x9C,0xF7,0x9C,0xF7,0x9C,0xFF,
    0x9C,0xF7,0x9C,0xFF,0x9C,0xF7,0xBC,0xFF,0x7C,0xF7,0x9C,0xF7,0x9C,0xFF,0x9C,0xF7,
    0x7B,0xF7,0x7B,0xF7,0x9C,0xFF,0x9C,0xFF,0x9C,0xFF,0x9C,0xF7,0xBC,0xFF,0x9C,0xFF,
    0x7B,0xF7,0x7B,0xF7,0x7B,0xF7,0x9C,0xFF,0x9C,0xFF,0xBC,0xFF,0x9C,0xF7,0x7B,0xF7,
    0x9C,0xFF,0x9C,0xF7,0x9C,0xF7,0x9C,0xFF,0x7C,0xF7,0x9C,0xF7,0x9C,0xF7,0x9C,0xFF,
    0xBC,0xFF,0x7C,0xF7,0x9C,0xFF,0x9C,0xFF,0x9C,0xFF,0x9C,0xF7,0x9C,0xFF,0x3B,0xEF,
    0x5B,0xF7,0x5B,0xF7,0x7B,0xF7,0x7B,0xF7,0x6A,0x83,0x8A,0x83,0x8A,0x83,0x8A,0x83,
    0x9C,0xF7,0x9C,0xF7,0x9C,0xFF,0x9C,0xF7,0x9C,0xFF,0x9C,0xFF,0xBC,0xFF,0x9C,0xFF,
    0xBC,0xFF,0x9C,0xF7,0x9C,0xF7,0x9C,0xFF,0x9C,0xF7,0x9C,0xF7,0xBC,0xFF,0x9C,0xF7,
    0x9C,0xFF,0x9C,0xF7,0x9C,0xF7,0x9C,0xF7,0x9C,0xF7,0x9C,0xFF,0x9C,0xF7,0x9C,0xF7,
    0x7B,0xF7,0xAA,0x83,0x8A,0x83,0x8A,0x83,0x8A,0x83,0x8A,0x83,0xAA,0x83,0x7B,0xF7,
    0x9C,0xFF,0x9C,0xFF,0x9C,0xF7,0x9C,0xF7,0x9C,0xFF,0x7B,0xF7,0x7B,0xF7,0x9C,0xF7,
    0x9C,0xF7,0x7C,0xF7,0x9C,0xFF,0x7C,0xF7,0x7C,0xF7,0x9C,0xF7,0xBC,0xFF,0x9C,0xFF,
    0xBC,0xFF,0x9C,0xFF,0x9C,0xF7,0x9C,0xF7,0x9C,0xFF,0x9C,0xFF,0x9C,0xFF,0x9C,0xF7,
    0x9C,0xF7,0x9C,0xFF,0x9C,0xF7,0x9C,0xF7,0x7C,0xF7,0x9C,0xF7,0x9C,0xFF,0x9C,0xFF,
    0x9C,0xFF,0x9C,0xFF,0x7C,0xF7,0x9C,0xF7,0x9C,0xF7,0x9C,0xF7,0xBC,0xFF,0x9C,0xFF,
    0x7B,0xF7,0x9C,0xFF,0xBC,0xFF,0xBC,0xFF,0x9C,0xFF,0x9C,0xFF,0x9C,0xF7,0x9C,0xF7,
    0x9C,0xF7,0x9C,0xFF,0xBC,0xFF,0xBC,0xFF,0x9B,0xF7,0xAA,0x83,0x8A,0x83,0x8A,0x83,
    0x8A,0x83,0xAA,0x83,0x5B,0xF7,0x9C,0xF7,0x7B,0xF7,0x9B,0xF7,0x9B,0xF7,0x7B,0xF7,
    0x7C,0xF7,0x7C,0xF7,0xBC,0xFF,0x9C,0xF7,0x9C,0xFF,0x9C,0xF7,0x9C,0xF7,0x9C,0xFF,
    0x9C,0xF7,0x9C,0xFF,0x7B,0xF7,0x9C,0xFF,0xBD,0xFF,0x9C,0xF7,0x9C,0xF7,0x7C,0xF7,
    0x9C,0xFF,0x7C,0xF7,0x9C,0xF7,0x9C,0xF7,0x7C,0xF7,0x9C,0xFF,0x7B,0xF7,0x9C,0xFF,
    0x7B,0xF7,0x7B,0xF7,0x7B,0xF7,0x7B,0xF7,0x9C,0xFF,0x7B,0xF7,0x9B,0xF7,0x9C,0xFF,
    0x9C,0xFF,0x9C,0xF7,0x9C,0xFF,0x9C,0xFF,0x9C,0xFF,0xAA,0x83,0x8A,0x83,0xAA,0x83,
    0x9B,0xF7,0xBC,0xFF,0xBC,0xFF,0xBC,0xFF,0xBC,0xFF,0xBC,0xFF,0x9C,0xFF,0x9C,0xF7,
    0x7C,0xF7,0x9C,0xFF,0x9C,0xF7,0x9C,0xF7,0x9C,0xF7,0x9C,0xF7,0x9C,0xFF,0x9C,0xF7,
    0x9C,0xFF,0x9C,0xF7,0xBC,0xFF,0xBC,0xFF,0x9C,0xF7,0x9C,0xFF,0x9C,0xF7,0x9C,0xFF,
    0xBD,0xFF,0x9C,0xFF,0x9C,0xF7,0x9C,0xFF,0x9B,0xF7,0x9B,0xF7,0x7B,0xF7,0x7B,0xF7,
    0x7B,0xF7,0x9C,0xF7,0xDD,0xFF,0x7B,0xF7,0x9C,0xF7,0x9C,0xF7,0x9C,0xF7,0x9C,0xFF,
    0x9C,0xF7,0x9C,0xF7,0xBC,0xFF,0x9C,0xFF,0x9C,0xFF,0x7B,0xF7,0x9B,0xF7,0x7B,0xF7,
    0x9C,0xF7,0x7B,0xF7,0xBC,0xFF,0x9C,0xFF,0x9C,0xFF,0x9C,0xF7,0x9C,0xFF,0x9C,0xFF,
    0x9C,0xF7,0x9C,0xF7,0x7C,0xF7,0x9C,0xFF,0x9C,0xF7,0x9C,0xF7,0xBC,0xFF,0x7B,0xF7,
    0x7B,0xF7,0x9C,0xF7,0x9C,0xFF,0xBC,0xFF,0x9C,0xFF,0x9C,0xFF,0x9C,0xFF,0x7C,0xF7,
    0x7C,0xF7,0x9C,0xFF,0xBC,0xFF,0x9C,0xF7,0x9C,0xF7,0x9C,0xF7,0x7C,0xF7,0x7B,0xF7,
    0x9C,0xFF,0x9C,0xFF,0x9C,0xF7,0x9C,0xFF,0x9C,0xFF,0x9C,0xF7,0x9C,0xF7,0x7B,0xF7,
    0x9C,0xF7,0xBC,0xFF,0x9C,0xF7,0x9C,0xF7,0x9C,0xFF,0x7B,0xF7,0x7B,0xF7,0x9B,0xF7,
    0x9C,0xFF,0x9C,0xFF,0x9C,0xFF,0xBC,0xFF,0x9C,0xF7,0x9C,0xFF,0x9C,0xF7,0x9C,0xFF,
    0xBC,0xFF,0x9C,0xFF,0x9C,0xFF,0x9C,0xF7,0x9C,0xF7,0x9C,0xFF,0xBC,0xFF,0x9C,0xF7,
    0xBC,0xFF,0x9C,0xFF,0x9C,0xFF,0x9C,0xF7,0xBC,0xFF,0x9C,0xFF,0x9C,0xFF,0xBC,0xFF,
    0x9C,0xF7,0x7C,0xF7,0xBC,0xFF,0x5B,0xF7,0xAA,0x83,0x8A,0x83,0x8A,0x83,0x8A,0x83,
    0xAA,0x83,0x7B,0xF7,0xBC,0xFF,0x9C,0xFF,0x9C,0xF7,0x9C,0xF7,0x9C,0xF7,0x9C,0xF7,
    0xBC,0xFF,0x9C,0xF7,0x9C,0xF7,0x9C,0xFF,0x9C,0xF7,0x7B,0xF7,0x9C,0xFF,0x9C,0xF7,
    0xBC,0xFF,0xBC,0xFF,0x9C,0xFF,0x9C,0xF7,0x9C,0xFF,0x9C,0xFF,0x7B,0xF7,0x9C,0xF7,
    0x9C,0xF7,0x9C,0xF7,0x7B,0xF7,0xBC,0xFF,0x9C,0xF7,0x9C,0xFF,0x9C,0xF7,0xBC,0xFF,
    0x9C,0xF7,0x9C,0xF7,0x7B,0xF7,0xBC,0xFF,0x7C,0xF7,0xBC,0xFF,0xBC,0xFF,0x9C,0xF7,
    0x9C,0xF7,0xBC,0xFF,0x9C,0xF7,0x9C,0xFF,0x7B,0xF7,0x7C,0xF7,0x9C,0xFF,0xBC,0xFF,
    0x9C,0xF7,0xBC,0xFF,0xBC,0xFF,0x9C,0xFF,0x9C,0xF7,0x7B,0xF7,0x7B,0xF7,0x9C,0xFF,
    0x5B,0xF7,0x9C,0xF7,0x9C,0xFF,0x9C,0xF7,0x7B,0xF7,0x7C,0xF7,0x7C,0xF7,0x9C,0xF7,
    0x9C,0xF7,0x9C,0xFF,0xBC,0xFF,0x9C,0xFF,0x9C,0xF7,0x7B,0xF7,0x9C,0xF7,0x7B,0xF7,
    0x7B,0xF7,0x7B,0xF7,0x9B,0xF7,0x7B,0xF7,0x9C,0xF7,0x9C,0xF7,0x9C,0xF7,0x9C,0xF7,
    0xBC,0xFF,0x9C,0xF7,0xBC,0xFF,0x7C,0xF7,0x9C,0xFF,0x7B,0xF7,0x9C,0xFF,0x9C,0xFF,
    0x9C,0xFF,0xBC,0xFF,0xBC,0xFF,0x9C,0xFF,0x9B,0xF7,0x7B,0xF7,0x9B,0xF7,0x5B,0xF7,
    0x9B,0xF7,0x7B,0xF7,0x9C,0xF7,0xBC,0xFF,0x9C,0xF7,0x7B,0xF7,0x7B,0xF7,0x7B,0xF7,
    0x7B,0xF7,0x7B,0xF7,0xBC,0xFF,0x9C,0xF7,0x9C,0xFF,0x9C,0xFF,0x9C,0xFF,0x9C,0xF7,
    0x7C,0xF7,0x7B,0xF7,0x7B,0xF7,0x9B,0xF7,0x7B,0xF7,0x7B,0xF7,0xBC,0xFF,0x7B,0xF7,
    0x9C,0xF7,0xBC,0xFF,0x7C,0xF7,0x7B,0xF7,0x9C,0xF7,0x9C,0xF7,0x7B,0xF7,0xBC,0xFF,
    0xBC,0xFF,0x9C,0xFF,0x7B,0xF7,0x9C,0xF7,0xBD,0xFF,0x9C,0xFF,0x9C,0xFF,0x7C,0xF7,
    0x9C,0xFF,0xBC,0xFF,0x9C,0xF7,0x9C,0xF7,0x9C,0xFF,0x7B,0xF7,0x9C,0xF7,0xBC,0xFF,
    0x9C,0xFF,0x9C,0xFF,0x9C,0xFF,0x7B,0xF7,0xAA,0x83,0x8A,0x83,0x8A,0x83,0x8A,0x83,
    0x8A,0x83,0xAA,0x83,0x9B,0xF7,0x9C,0xF7,0x7B,0xF7,0x7B,0xF7,0x7B,0xF7,0x9C,0xFF,
    0x9B,0xF7,0xBC,0xFF,0x9C,0xF7,0x7C,0xF7,0x9C,0xFF,0x9C,0xFF,0x7C,0xF7,0x7B,0xF7,
    0xAA,0x83,0x8A,0x83,0x8A,0x83,0xAA,0x83,0x5B,0xF7,0x7C,0xF7,0x9C,0xF7,0x9C,0xF7,
    0x9C,0xF7,0x9C,0xF7,0x9C,0xF7,0x7C,0xF7,0xBC,0xFF,0xBC,0xFF,0x9C,0xF7,0x9C,0xF7,
    0x9C,0xF7,0x9C,0xFF,0x7C,0xF7,0x9C,0xFF,0x9C,0xFF,0x9C,0xFF,0x9C,0xFF,0x9C,0xF7,
    0x9C,0xF7,0xBC,0xFF,0x9C,0xFF,0x9C,0xF7,0x7B,0xF7,0xAA,0x83,0x8A,0x83,0x8A,0x83,
    0x8A,0x83,0xAA,0x83,0x7B,0xF7,0x9C,0xF7,0x7B,0xF7,0x9C,0xF7,0x9C,0xFF,0x7C,0xF7,
    0x7B,0xF7,0xAA,0x83,0x8A,0x83,0x8A,0x83,0x8A,0x83,0xAA,0x83,0x7B,0xF7,0xBC,0xFF,
    0x7B,0xF7,0x7C,0xF7,0x7C,0xF7,0x9C,0xFF,0xBC,0xFF,0x9B,0xF7,0x7B,0xF7,0x7B,0xF7,
    0x9C,0xF7,0x9C,0xF7,0x9C,0xF7,0x9C,0xFF,0xBC,0xFF,0x9C,0xF7,0x9C,0xFF,0x9C,0xF7,
    0x9C,0xF7,0x9C,0xF7,0x9C,0xFF,0x9C,0xFF,0x9C,0xFF,0x9B,0xF7,0x7B,0xF7,0x7B,0xF7,
    0x7B,0xF7,0x9B,0xF7,0x9C,0xF7,0x9C,0xFF,0x9C,0xF7,0x9B,0xF7,0x7B,0xF7,0x7B,0xF7,
    0x9C,0xFF,0x9C,0xFF,0x9C,0xF7,0xAA,0x83,0x8A,0x83,0x8A,0x83,0x8A,0x83,0x8A,0x83,
    0xAA,0x83,0x7B,0xF7,0x9C,0xF7,0xBC,0xFF,0x9C,0xFF,0x9C,0xFF,0x9C,0xFF,0x9C,0xF7,
    0x7B,0xF7,0x7B,0xF7,0x7B,0xF7,0x5B,0xF7,0x9C,0xF7,0x9C,0xF7,0x9C,0xFF,0x9C,0xFF,
    0x9C,0xFF,0x9C,0xFF,0x9C,0xF7,0x7C,0xF7,0xBC,0xFF,0x9C,0xF7,0x9C,0xFF,0x9C,0xFF,
    0x9C,0xF7,0x9C,0xF7,0x9C,0xFF,0x9C,0xF7,0x9C,0xFF,0x9C,0xFF,0x7C,0xF7,0x9C,0xF7,
    0xBD,0xFF,0x9C,0xF7,0xBC,0xFF,0x9C,0xFF,0x7C,0xF7,0x7B,0xF7,0x9B,0xF7,0x7B,0xF7,
    0x9B,0xF7,0x7B,0xF7,0x9C,0xF7,0x9C,0xF7,0x9C,0xF7,0x9C,0xFF,0xBC,0xFF,0x9C,0xFF,
    0x9C,0xFF,0x9C,0xF7,0x7B,0xF7,0x7B,0xF7,0x9C,0xFF,0x7B,0xF7,0x9C,0xFF,0xBC,0xFF,
    0x9C,0xF7,0x9C,0xFF,0x9C,0xFF,0x9C,0xF7,0x7B,0xF7,0xAA,0x83,0x8A,0x83,0xAA,0x83,
    0x7B,0xF7,0x9C,0xFF,0x9C,0xFF,0xBC,0xFF,0x9C,0xF7,0x9B,0xF7,0x9B,0xF7,0x7B,0xF7,
    0x9C,0xF7,0xBD,0xFF,0x9C,0xFF,0x9C,0xFF,0x9B,0xF7,0xAA,0x83,0x8A,0x83,0x8A,0x83,
    0x8A,0x83,0x8A,0x83,0xAA,0x83,0x9B,0xF7,0x7C,0xF7,0x9C,0xF7,0x7C,0xF7,0x9C,0xF7,
    0xBC,0xFF,0x7B,0xF7,0x7B,0xF7,0x5B,0xF7,0x3B,0xEF,0x5B,0xF7,0x7B,0xF7,0x7B,0xF7,
    0x9C,0xF7,0xBC,0xFF,0xBD,0xFF,0x9C,0xF7,0x9C,0xFF,0x9C,0xF7,0xBC,0xFF,0x9C,0xF7,
    0x7B,0xF7,0x9C,0xFF,0x7B,0xF7,0x9C,0xFF,0x9C,0xFF,0x9C,0xF7,0x9C,0xFF,0x9C,0xFF,
    0x9C,0xF7,0x9C,0xFF,0xBC,0xFF,0x9C,0xFF,0x7B,0xF7,0x7C,0xF7,0x9C,0xF7,0x9C,0xF7,
    0xBC,0xFF,0x9C,0xF7,0x9C,0xFF,0x9C,0xF7,0x7C,0xF7,0x7C,0xF7,0x9C,0xF7,0x7C,0xF7,
    0x7C,0xF7,0x7B,0xF7,0x9C,0xF7,0x9C,0xFF,0x9C,0xFF,0x9C,0xFF,0x9C,0xFF,0x9C,0xFF,
    0x9C,0xFF,0xBC,0xFF,0x7C,0xF7,0x9C,0xF7,0x9C,0xF7,0x7C,0xF7,0xBC,0xFF,0x9C,0xFF,
    0x9C,0xFF,0xBC,0xFF,0x9C,0xFF,0x7C,0xF7,0x9C,0xFF,0x9C,0xFF,0xBC,0xFF,0x9C,0xFF,
    0x9C,0xF7,0x9C,0xFF,0xBC,0xFF,0x9C,0xFF,0x9C,0xF7,0x7B,0xF7,0x9B,0xF7,0x7B,0xF7,
    0x9C,0xF7,0x9C,0xF7,0x9C,0xF7,0xBC,0xFF,0x9C,0xFF,0xAA,0x83,0x8A,0x83,0xAA,0x83,
    0x7B,0xF7,0x9C,0xF7,0x9C,0xF7,0x7B,0xF7,0x9C,0xFF,0x5B,0xF7,0x7B,0xF7,0x9C,0xF7,
    0x9B,0xF7,0x9B,0xF7,0x7B,0xF7,0xBC,0xFF,0x9C,0xFF,0x9C,0xFF,0x7B,0xF7,0x9C,0xFF,
    0x5B,0xEF,0xAA,0x83,0x8A,0x83,0x8A,0x83,0x8A,0x83,0xAA,0x83,0x7B,0xF7,0x9C,0xFF,
    0x7C,0xF7,0x9C,0xF7,0x9C,0xFF,0x9C,0xFF,0x7B,0xF7,0x9C,0xFF,0xBC,0xFF,0x9C,0xFF,
    0x9C,0xF7,0x9C,0xF7,0x9C,0xF7,0x9C,0xF7,0x7C,0xF7,0x9C,0xFF,0x9C,0xFF,0x7B,0xF7,
    0x9B,0xF7,0x7B,0xF7,0x7B,0xF7,0x7B,0xF7,0xBC,0xFF,0x9C,0xF7,0x9C,0xFF,0xBC,0xFF,
    0x9C,0xF7,0x9C,0xF7,0x9C,0xF7,0x9C,0xFF,0x7B,0xF7,0xBC,0xFF,0x9C,0xFF,0xBC,0xFF,
    0x9C,0xF7,0xBC,0xFF,0x9C,0xF7,0x7C,0xF7,0x9C,0xFF,0xBC,0xFF,0xBC,0xFF,0x9C,0xFF,
    0x7C,0xF7,0x9C,0xFF,0x9C,0xF7,0x7B,0xF7,0x7B,0xF7,0x9C,0xFF,0x9C,0xF7,0x9C,0xFF,
    0x9C,0xF7,0x9C,0xFF,0x7C,0xF7,0x9C,0xFF,0x9C,0xFF,0xBC,0xFF,0x9C,0xFF,0x9C,0xFF,
    0x9C,0xF7,0x9C,0xFF,0x9C,0xF7,0x9C,0xF7,0x9C,0xF7,0x9C,0xF7,0x9C,0xFF,0x9C,0xF7,
    0x9B,0xF7,0x7B,0xF7,0x7B,0xF7,0x7B,0xF7,0x9B,0xF7,0x5B,0xF7,0x3A,0xEF,0x7B,0xF7,
    0x9C,0xF7,0x9C,0xFF,0xBC,0xFF,0x7C,0xF7,0x9C,0xF7,0xBC,0xFF,0x7B,0xF7,0xBC,0xFF,
    0x7C,0xF7,0x9C,0xF7,0x9C,0xFF,0x9C,0xFF,0x9C,0xF7,0x7B,0xF7,0x9C,0xF7,0x9C,0xF7,
    0x9C,0xF7,0x7B,0xF7,0x5B,0xF7,0x7B,0xF7,0x7B,0xF7,0x7B,0xF7,0x9C,0xF7,0x9C,0xF7,
    0x7C,0xF7,0x9C,0xFF,0x9C,0xF7,0x7B,0xF7,0x9C,0xF7,0x9C,0xFF,0x9C,0xF7,0x9C,0xFF,
    0x9C,0xF7,0x7C,0xF7,0x9C,0xF7,0x7B,0xF7,0x9C,0xF7,0x9C,0xF7,0x7B,0xF7,0xAA,0x83,
    0x8A,0x83,0x8A,0x83,0x8A,0x83,0xAA,0x83,0x7B,0xF7,0x9C,0xF7,0x9C,0xFF,0xBC,0xFF,
    0x9C,0xF7,0x9C,0xFF,0x7B,0xF7,0x9C,0xFF,0x7B,0xF7,0x9C,0xF7,0x9C,0xF7,0x9C,0xF7,
    0x9C,0xFF,0x9C,0xFF,0xBC,0xFF,0x9C,0xFF,0x9C,0xFF,0x7B,0xF7,0x9C,0xFF,0x9C,0xF7,
    0x7B,0xF7,0xBC,0xFF,0x9C,0xFF,0x7C,0xF7,0x7B,0xF7,0x7C,0xF7,0x9C,0xF7,0x9C,0xF7,
    0x7C,0xF7,0x9C,0xF7,0x9C,0xF7,0xBC,0xFF,0x9C,0xF7,0x9C,0xF7,0x9C,0xFF,0x9C,0xFF,
    0x9C,0xF7,0x9C,0xFF,0x9C,0xFF,0x9C,0xFF,0xBD,0xFF,0x9C,0xF7,0x9C,0xFF,0x5B,0xF7,
    0xAA,0x83,0x8A,0x83,0x8A,0x83,0x8A,0x83,0x8A,0x83,0x8A,0x83,0xAA,0x83,0x9B,0xF7,
    0x9C,0xFF,0x9C,0xF7,0x9C,0xF7,0x7B,0xF7,0x7B,0xF7,0x9C,0xFF,0xBC,0xFF,0xBC,0xFF,
    0x9C,0xFF,0x9C,0xF7,0x9C,0xF7,0x9C,0xF7,0x9C,0xF7,0x9C,0xF7,0x9C,0xF7,0x9C,0xF7,
    0x9C,0xFF,0x9C,0xF7,0x9C,0xFF,0x7B,0xF7,0xBC,0xFF,0x9C,0xF7,0xBC,0xFF,0x9C,0xFF,
    0x9C,0xFF,0x9C,0xFF,0x9C,0xF7,0x9C,0xFF,0xBC,0xFF,0x9C,0xFF,0x9C,0xFF,0x7C,0xF7,
    0x9C,0xFF,0xBC,0xFF,0x7B,0xF7,0x9B,0xF7,0x9B,0xF7,0x7B,0xF7,0x7B,0xF7,0x5B,0xF7,
    0x3B,0xEF,0x7B,0xF7,0x9B,0xF7,0x7B,0xF7,0xBC,0xFF,0x9C,0xFF,0x9C,0xFF,0x9C,0xF7,
    0x9C,0xF7,0x9C,0xFF,0x9C,0xFF,0x9C,0xFF,0xBC,0xFF,0x9C,0xF7,0x9C,0xFF,0xBC,0xFF,
    0xBC,0xFF,0x9C,0xFF,0xBC,0xFF,0x9C,0xF7,0x9C,0xF7,0xBC,0xFF,0x9C,0xFF,0x9C,0xFF,
    0x9C,0xF7,0x9C,0xFF,0x7B,0xF7,0x7C,0xF7,0x9C,0xF7,0x7B,0xF7,0x9C,0xF7,0x9C,0xF7,
    0x9C,0xF7,0x9C,0xF7,0x9C,0xFF,0x9C,0xF7,0x9C,0xF7,0xBC,0xFF,0x7B,0xF7,0x9C,0xF7,
    0xBC,0xFF,0x9C,0xF7,0x9C,0xF7,0x7C,0xF7,0x9C,0xFF,0x9C,0xF7,0x9C,0xFF,0x7C,0xF7,
    0x9C,0xFF,0x7B,0xF7,0x7B,0xF7,0x9C,0xFF,0x7B,0xF7,0x9C,0xFF,0x7B,0xF7,0x9C,0xF7,
    0x9C,0xFF,0xBC,0xFF,0x9C,0xF7,0x9C,0xFF,0x9C,0xFF,0xBC,0xFF,0x9C,0xFF,0x9C,0xFF,
    0x9C,0xFF,0x9C,0xF7,0xBC,0xFF,0x9C,0xF7,0x9C,0xFF,0x9C,0xFF,0x9C,0xF7,0x7B,0xF7,
    0x9C,0xF7,0x9C,0xFF,0x9C,0xF7,0x9C,0xFF,0x9C,0xF7,0x9C,0xF7,0x9C,0xFF,0xBC,0xFF,
    0x9C,0xFF,0x9C,0xF7,0x9C,0xFF,0x9C,0xFF,0x9C,0xFF,0x9C,0xF7,0x9C,0xF7,0x9C,0xF7,
    0x9C,0xFF,0x7B,0xF7,0xAA,0x83,0x8A,0x83,0x8A,0x83,0x8A,0x83,0x8A,0x83,0x8A,0x83,
    0xAA,0x83,0x7B,0xF7,0x9C,0xFF,0x7B,0xF7,0x9C,0xF7,0x9C,0xF7,0x9C,0xF7,0x9C,0xF7,
    0x9C,0xFF,0x9C,0xF7,0x9C,0xFF,0x9C,0xFF,0x9C,0xF7,0x9C,0xF7,0x9C,0xFF,0x9C,0xFF,
    0x9C,0xFF,0x9C,0xFF,0x9C,0xF7,0x9C,0xF7,0x7B,0xF7,0x9C,0xFF,0xBC,0xFF,0x9C,0xFF,
    0xBC,0xFF,0x9C,0xFF,0x9C,0xF7,0x7B,0xF7,0x9C,0xF7,0xBC,0xFF,0x9C,0xFF,0x9C,0xFF,
    0x9C,0xF7,0x9C,0xF7,0x9C,0xFF,0x7C,0xF7,0x9C,0xFF,0xBC,0xFF,0x9C,0xFF,0x9C,0xF7,
    0xBC,0xFF,0xBC,0xFF,0x5B,0xF7,0x9C,0xF7,0x9C,0xF7,0xBC,0xFF,0x9C,0xFF,0x9C,0xFF,
    0x9C,0xFF,0x7B,0xF7,0xBC,0xFF,0x9C,0xFF,0x9C,0xF7,0x9C,0xFF,0x9C,0xFF,0x7B,0xF7,
    0x9C,0xFF,0x9C,0xFF,0x7C,0xF7,0x9C,0xF7,0x9C,0xF7,0x9C,0xFF,0x9C,0xFF,0x9C,0xFF,
    0x9C,0xF7,0x9C,0xF7,0x7C,0xF7,0xBC,0xFF,0x7C,0xF7,0x9C,0xFF,0x9C,0xFF,0x7B,0xF7,
    0x9C,0xFF,0x9C,0xFF,0x9C,0xFF,0x9C,0xF7,0x9C,0xFF,0x9C,0xF7,0xBC,0xFF,0xBC,0xFF,
    0x9C,0xFF,0x9C,0xFF,0x9C,0xFF,0x9C,0xF7,0xBC,0xFF,0x9C,0xFF,0x9C,0xFF,0x9C,0xFF,
    0x9C,0xF7,0xBC,0xFF,0x9C,0xF7,0x9C,0xF7,0x5B,0xF7,0x7B,0xF7,0x7B,0xF7,0x9B,0xF7,
    0x7B,0xF7,0x9C,0xFF,0xBC,0xFF,0x9C,0xF7,0x9C,0xFF,0xBC,0xFF,0x9C,0xF7,0x9C,0xFF,
    0x9C,0xF7,0x9C,0xF7,0xBC,0xFF,0x9C,0xFF,0x9C,0xF7,0x9C,0xF7,0x9C,0xF7,0x7B,0xF7,
    0x7B,0xF7,0x7B,0xF7,0x9C,0xF7,0xBC,0xFF,0x7C,0xF7,0xBC,0xFF,0xBC,0xFF,0x9C,0xF7,
    0x9C,0xFF,0x9C,0xF7,0x9C,0xFF,0x9C,0xF7,0x9C,0xFF,0xBC,0xFF,0x9C,0xFF,0x9C,0xF7,
    0x9C,0xFF,0xBC,0xFF,0x7C,0xF7,0x9C,0xF7,0x9C,0xF7,0x9C,0xFF,0xBC,0xFF,0x9C,0xFF,
    0x9C,0xFF,0x9C,0xFF,0xBC,0xFF,0x9C,0xFF,0x9C,0xF7,0x9C,0xF7,0x7C,0xF7,0xBC,0xFF,
    0x9C,0xF7,0x9C,0xF7,0x9C,0xFF,0x9C,0xFF,0x9C,0xFF,0x9C,0xFF,0x9C,0xF7,0xBC,0xFF,
    0x9C,0xFF,0x9C,0xF7,0x9C,0xFF,0x9C,0xFF,0xBC,0xFF,0xBC,0xFF,0x9C,0xF7,0x7B,0xF7,
    0x9C,0xFF,0x7C,0xF7,0x9C,0xF7,0xBC,0xFF,0x9C,0xFF,0x7B,0xF7,0x7C,0xF7,0x9C,0xF7,
    0x9C,0xF7,0x9C,0xF7,0x9C,0xF7,0x7B,0xF7,0xBC,0xFF,0x9C,0xF7,0x9C,0xFF,0x9C,0xF7,
    0xBC,0xFF,0xBC,0xFF,0x9C,0xFF,0x9C,0xF7,0x9C,0xFF,0x7B,0xF7,0x7C,0xF7,0x7B,0xF7,
    0xBC,0xFF,0x9C,0xFF,0xBC,0xFF,0xBC,0xFF,0x9C,0xFF,0x7B,0xF7,0x9C,0xFF,0x9C,0xFF,
    0x9C,0xFF,0xBC,0xFF,0xBC,0xFF,0x9C,0xFF,0x9C,0xF7,0xBC,0xFF,0x9C,0xF7,0x9C,0xF7,
    0xBC,0xFF,0x9C,0xF7,0x9C,0xF7,0x9C,0xFF,0x9C,0xFF,0xDD,0xFF,0x7B,0xF7,0xAA,0x83,
    0x8A,0x83,0x8A,0x83,0xAA,0x83,0x9B,0xF7,0x7B,0xF7,0xBC,0xFF,0x7C,0xF7,0xBC,0xFF,
    0x9C,0xF7,0x9C,0xF7,0x9C,0xFF,0x7C,0xF7,0x9C,0xF7,0x7C,0xF7,0x7C,0xF7,0x9C,0xFF,
    0xBC,0xFF,0x9C,0xF7,0x9C,0xF7,0x9C,0xF7,0x7B,0xF7,0x9C,0xF7,0xBC,0xFF,0x9C,0xFF,
    0x7C,0xF7,0x9C,0xFF,0x9C,0xFF,0x9C,0xF7,0x9C,0xFF,0xBC,0xFF,0x9C,0xFF,0x9C,0xF7,
    0x7C,0xF7,0x9C,0xFF,0xBC,0xFF,0x9C,0xFF,0xBC,0xFF,0x7B,0xF7,0x9C,0xFF,0x9C,0xFF,
    0x9C,0xFF,0xBC,0xFF,0x9C,0xF7,0x7C,0xF7,0x9C,0xFF,0x9C,0xF7,0x7B,0xF7,0x7C,0xF7,
    0xBC,0xFF,0x9C,0xFF,0x9C,0xF7,0x9C,0xF7,0x9C,0xFF,0x9C,0xFF,0x7C,0xF7,0x9C,0xF7,
    0xBD,0xFF,0x9C,0xF7,0x9C,0xF7,0x7B,0xF7,0x9C,0xF7,0x7B,0xF7,0x9C,0xFF,0x9C,0xF7,
    0x9C,0xF7,0x9C,0xF7,0x9C,0xFF,0x9C,0xFF,0xBC,0xFF,0x7B,0xF7,0x9C,0xFF,0xBC,0xFF,
    0x9C,0xFF,0xBC,0xFF,0x7B,0xF7,0x9C,0xFF,0x9C,0xF7,0x9C,0xF7,0x9C,0xF7,0xBC,0xFF,
    0x9C,0xFF,0x9C,0xF7,0x9C,0xFF,0x9C,0xF7,0xBC,0xFF,0x9C,0xF7,0xBC,0xFF,0x9C,0xFF,
    0x9C,0xFF,0x9C,0xF7,0x7B,0xF7,0x9C,0xFF,0x9C,0xF7,0x9C,0xFF,0x9C,0xFF,0x7B,0xF7,
    0x9B,0xF7,0x7B,0xF7,0x7B,0xF7,0x7C,0xF7,0x9C,0xFF,0x9C,0xF7,0x9C,0xF7,0x7B,0xF7,
    0x9C,0xFF,0x9C,0xFF,0x9C,0xF7,0x9C,0xFF,0x9C,0xF7,0x9C,0xFF,0xBD,0xFF,0x9C,0xFF,
    0xBC,0xFF,0x7C,0xF7,0x9C,0xFF,0xBC,0xFF,0x7C,0xF7,0x9C,0xF7,0xBC,0xFF,0xBC,0xFF,
    0x7B,0xF7,0x9C,0xFF,0x7B,0xF7,0x9C,0xFF,0xBC,0xFF,0x9C,0xFF,0xBC,0xFF,0x9C,0xF7,
    0xBC,0xFF,0x9C,0xFF,0x9C,0xFF,0x9C,0xF7,0x9C,0xF7,0x9C,0xF7,0x9C,0xFF,0x9C,0xF7,
    0x9C,0xFF,0xBC,0xFF,0x7B,0xF7,0x9C,0xFF,0x9C,0xFF,0x9C,0xF7,0x9C,0xF7,0x9C,0xFF,
    0xBC,0xFF,0x9C,0xFF,0xBC,0xFF,0x9C,0xFF,0x9C,0xF7,0x9C,0xF7,0x7B,0xF7,0x9C,0xFF,
    0x9C,0xFF,0x9C,0xFF,0x7C,0xF7,0xBC,0xFF,0x9C,0xFF,0x9C,0xFF,0x9C,0xFF,0x9C,0xFF,
    0xBC,0xFF,0x9C,0xF7,0x9C,0xF7,0x9C,0xFF,0x9C,0xF7,0x9C,0xFF,0x9C,0xFF,0x7B,0xF7,
    0x7B,0xF7,0x7B,0xF7,0xBC,0xFF,0xBC,0xFF,0x9C,0xFF,0x9C,0xF7,0x7C,0xF7,0xBC,0xFF,
    0x7B,0xF7,0x9C,0xF7,0x9C,0xFF,0x9C,0xF7,0xBC,0xFF,0x9C,0xF7,0x7C,0xF7,0x9C,0xF7,
    0xBC,0xFF,0xBC,0xFF,0x9C,0xFF,0x9C,0xF7,0x9C,0xFF,0x7B,0xF7,0x9C,0xFF,0x9C,0xF7,
    0x9C,0xF7,0x9C,0xF7,0x9C,0xFF,0x9C,0xFF,0x9C,0xF7,0xBC,0xFF,0x9C,0xF7,0x9C,0xF7,
    0x9C,0xF7,0x7B,0xF7,0x9C,0xF7,0x9C,0xF7,0xBC,0xFF,0x9C,0xF7,0x5B,0xF7,0xBC,0xFF,
    0xBC,0xFF,0x9C,0xFF,0x7C,0xF7,0xBC,0xFF,0x7C,0xF7,0x9C,0xFF,0x9C,0xF7,0x9C,0xFF,
    0xBC,0xFF,0xBC,0xFF,0x9C,0xFF,0x9C,0xF7,0x9C,0xF7,0x9C,0xF7,0x9C,0xFF,0x9C,0xFF,
    0x9C,0xF7,0x7C,0xF7,0xBC,0xFF,0x9C,0xFF,0x9C,0xFF,0x9C,0xFF,0xBC,0xFF,0x9C,0xF7,
    0xBC,0xFF,0x9C,0xFF,0x9C,0xF7,0x9C,0xFF,0x9C,0xF7,0x9C,0xFF,0x9C,0xFF,0xBC,0xFF,
    0x9C,0xFF,0x9C,0xFF,0xBC,0xFF,0x9C,0xF7,0x9C,0xF7,0xBC,0xFF,0x7B,0xF7,0x9C,0xFF,
    0x9C,0xF7,0x9C,0xFF,0x9C,0xF7,0xBC,0xFF,0x9C,0xF7,0xBC,0xFF,0x9C,0xFF,0x9C,0xFF,
    0x7B,0xF7,0xBC,0xFF,0x9C,0xF7,0x9C,0xF7,0x7B,0xF7,0x7B,0xF7,0x9B,0xF7,0xAA,0x83,
    0x8A,0x83,0xAA,0x83,0x7B,0xF7,0x9C,0xF7,0x7C,0xF7,0x9C,0xFF,0x9C,0xFF,0x9C,0xFF,
    0x9C,0xF7,0x9C,0xFF,0x9C,0xFF,0x9C,0xF7,0x9C,0xF7,0x9C,0xFF,0x9C,0xF7,0x7B,0xF7,
    0x9C,0xFF,0x9C,0xFF,0x9C,0xF7,0x9C,0xFF,0x9C,0xFF,0x9C,0xFF,0x9C,0xFF,0x9C,0xF7,
    0x7B,0xF7,0x9B,0xF7,0x7B,0xF7,0x9C,0xFF,0x9C,0xF7,0x7C,0xF7,0xBC,0xFF,0x9C,0xF7,
    0x7C,0xF7,0x7B,0xF7,0x9C,0xF7,0x9C,0xFF,0x9C,0xFF,0x9C,0xF7,0x9C,0xF7,0x9C,0xF7,
    0x9C,0xFF,0x9C,0xF7,0x9C,0xF7,0x7C,0xF7,0xBC,0xFF,0x7B,0xF7,0x9C,0xFF,0x9C,0xFF,
    0x9C,0xFF,0x9C,0xFF,0x9C,0xFF,0x9C,0xF7,0x9C,0xFF,0x9C,0xFF,0x9C,0xF7,0x7B,0xF7,
    0x7B,0xF7,0x7C,0xF7,0x9C,0xFF,0xBC,0xFF,0x9C,0xFF,0x9C,0xFF,0x9C,0xF7,0x9C,0xF7,
    0x9C,0xF7,0x9C,0xF7,0x7C,0xF7,0x9C,0xF7,0x9C,0xFF,0x9C,0xFF,0xBC,0xFF,0x9C,0xF7,
    0x9C,0xF7,0x9C,0xF7,0x9C,0xFF,0x9C,0xF7,0x9C,0xF7,0x9C,0xFF,0xBC,0xFF,0xBC,0xFF,
    0x9C,0xF7,0x9C,0xFF,0x9C,0xF7,0x7B,0xF7,0xBC,0xFF,0x9C,0xFF,0x9C,0xF7,0x9C,0xF7,
    0x7C,0xF7,0x9C,0xF7,0x9C,0xFF,0x9C,0xF7,0x9C,0xFF,0x9C,0xFF,0xBC,0xFF,0x5B,0xF7,
    0x7B,0xF7,0x7B,0xF7,0x9C,0xF7,0x9C,0xFF,0xBC,0xFF,0x9C,0xF7,0xBC,0xFF,0x9C,0xF7,
    0x7C,0xF7,0x9C,0xFF,0x9C,0xFF,0x7C,0xF7,0xBC,0xFF,0xBC,0xFF,0x9C,0xFF,0xBC,0xFF,
    0x7C,0xF7,0x9C,0xF7,0x9C,0xF7,0x9C,0xF7,0x9C,0xFF,0x9C,0xF7,0x9C,0xFF,0x7B,0xF7,
    0xAA,0x83,0x8A,0x83,0xAA,0x83,0x9B,0xF7,0x7C,0xF7,0x9C,0xFF,0x9C,0xFF,0x9C,0xFF,
    0x7B,0xF7,0x9C,0xFF,0xBC,0xFF,0x9C,0xF7,0x9C,0xFF,0x9C,0xFF,0x9C,0xF7,0x7C,0xF7,
    0x9C,0xFF,0x9C,0xF7,0x7C,0xF7,0xBC,0xFF,0x9C,0xF7,0x9C,0xFF,0x9C,0xF7,0x9C,0xFF,
    0x9C,0xF7,0x9C,0xF7,0x9C,0xFF,0x9C,0xF7,0xBC,0xFF,0x9C,0xFF,0xBC,0xFF,0xBC,0xFF,
    0x7B,0xF7,0x9C,0xF7,0x7B,0xF7,0x9C,0xFF,0xBC,0xFF,0x9C,0xFF,0x9C,0xFF,0x9C,0xFF,
    0x7C,0xF7,0x9C,0xFF,0x7C,0xF7,0x7C,0xF7,0xBC,0xFF,0x7B,0xF7,0x7B,0xF7,0x7B,0xF7,
    0x9C,0xF7,0x7C,0xF7,0x7B,0xF7,0x9C,0xF7,0x9C,0xF7,0x9C,0xF7,0xBC,0xFF,0x7B,0xF7,
    0xBC,0xFF,0x9C,0xF7,0x9C,0xF7,0x9C,0xF7,0x9C,0xFF,0xBC,0xFF,0x9C,0xFF,0x9C,0xFF,
    0x9C,0xFF,0x9C,0xFF,0x9C,0xF7,0x9C,0xFF,0x9C,0xF7,0x9C,0xF7,0x7C,0xF7,0x9C,0xFF,
    0x9C,0xF7,0x9C,0xF7,0x7B,0xF7,0x7B,0xF7,0x7B,0xF7,0xBC,0xFF,0x9C,0xF7,0xBC,0xFF,
    0x9C,0xF7,0x9C,0xF7,0x7B,0xF7,0x9C,0xFF,0xBC,0xFF,0x9C,0xF7,0x9C,0xFF,0x9C,0xFF,
    0x9C,0xF7,0xBC,0xFF,0x9C,0xF7,0x9C,0xF7,0x9C,0xF7,0x9C,0xFF,0xBC,0xFF,0x9C,0xF7,
    0x7B,0xF7,0x7B,0xF7,0x9C,0xF7,0x9C,0xFF,0x7B,0xF7,0xBC,0xFF,0x9C,0xF7,0x7C,0xF7,
    0x9C,0xF7,0x9C,0xF7,0x9C,0xF7,0x9C,0xF7,0x7C,0xF7,0x9C,0xF7,0xBC,0xFF,0x7C,0xF7,
    0x9C,0xFF,0x9C,0xF7,0x9C,0xFF,0x9C,0xF7,0x9C,0xF7,0x9C,0xFF,0x9C,0xF7,0xBC,0xFF,
    0x9C,0xFF,0xBC,0xFF,0x7C,0xF7,0x9C,0xFF,0x9C,0xFF,0x9C,0xFF,0x9C,0xF7,0x9C,0xF7,
    0x9C,0xF7,0xBC,0xFF,0x9C,0xF7,0x9C,0xF7,0x9C,0xFF,0x9C,0xF7,0x9C,0xFF,0xBC,0xFF,
    0x9C,0xF7,0x7C,0xF7,0x7B,0xF7,0x9C,0xFF,0x9B,0xF7,0xAA,0x83,0x8A,0x83,0xAA,0x83,
    0x7B,0xF7,0x9C,0xF7,0x7C,0xF7,0x9C,0xFF,0xBC,0xFF,0x9C,0xFF,0x9C,0xF7,0xBC,0xFF,
    0x9C,0xF7,0x9C,0xF7,0x9C,0xF7,0x9C,0xFF,0x7B,0xF7,0xBC,0xFF,0x7C,0xF7,0x9C,0xFF,
    0x9C,0xFF,0xBC,0xFF,0x9C,0xF7,0x9C,0xF7,0x9C,0xF7,0x9C,0xF7,0x9C,0xFF,0x9C,0xF7,
    0x9C,0xFF,0x5B,0xF7,0xAA,0x83,0x8A,0x83,0xAA,0x83,0x7B,0xF7,0xBC,0xFF,0x9C,0xF7,
    0x9C,0xF7,0x9C,0xF7,0x9C,0xF7,0x9C,0xF7,0x9C,0xFF,0x9C,0xFF,0x9C,0xF7,0xBC,0xFF,
    0x7B,0xF7,0x9C,0xFF,0x9C,0xF7,0x9C,0xFF,0x9C,0xFF,0x9C,0xF7,0x9C,0xFF,0x7C,0xF7,
    0xBC,0xFF,0x9C,0xF7,0x9C,0xFF,0x7C,0xF7,0x7C,0xF7,0x7B,0xF7,0x9C,0xF7,0x9C,0xFF,
    0x9C,0xF7,0x9C,0xF7,0x9C,0xF7,0x9C,0xFF,0x9C,0xF7,0x9C,0xFF,0x9C,0xFF,0x9C,0xFF,
    0xBC,0xFF,0x9C,0xF7,0x7B,0xF7,0xBC,0xFF,0x9C,0xF7,0x7C,0xF7,0xBC,0xFF,0xBC,0xFF,
    0xBC,0xFF,0xBC,0xFF,0x9C,0xF7,0x9C,0xF7,0x9C,0xFF,0xBC,0xFF,0x7C,0xF7,0x9C,0xFF,
    0x7C,0xF7,0x9C,0xF7,0x9C,0xFF,0x9C,0xFF,0x9C,0xFF,0xBC,0xFF,0xBC,0xFF,0x9C,0xF7,
    0x9C,0xF7,0xBC,0xFF,0x9C,0xF7,0x9C,0xFF,0x9C,0xFF,0x9B,0xF7,0x7B,0xF7,0x9C,0xFF,
    0xBD,0xFF,0x9C,0xFF,0x9C,0xF7,0x9C,0xFF,0x9C,0xF7,0x9C,0xFF,0x7C,0xF7,0xBC,0xFF,
    0x7B,0xF7,0x7B,0xF7,0x9C,0xF7,0x9C,0xF7,0x9C,0xFF,0x9C,0xF7,0x9C,0xFF,0x9C,0xFF,
    0x9C,0xF7,0x9C,0xFF,0x9C,0xF7,0x9C,0xF7,0x9C,0xFF,0x9C,0xF7,0xBC,0xFF,0x9C,0xF7,
    0x9C,0xF7,0x9C,0xF7,0x7B,0xF7,0x7B,0xF7,0x7B,0xF7,0xBC,0xFF,0x7B,0xF7,0x9C,0xF7,
    0x7C,0xF7,0x9C,0xF7,0x7B,0xF7,0x9C,0xFF,0x9C,0xF7,0x9C,0xFF,0x9C,0xF7,0x9C,0xFF,
    0xBC,0xFF,0xBD,0xFF,0x7C,0xF7,0x9C,0xFF,0xBC,0xFF,0x7C,0xF7,0x9C,0xF7,0x9C,0xF7,
    0x9C,0xFF,0x7C,0xF7,0x9C,0xF7,0x9C,0xFF,0x9C,0xF7,0x9C,0xFF,0xBC,0xFF,0x9C,0xF7,
    0x9C,0xFF,0x9C,0xF7,0x9C,0xFF,0x9C,0xF7,0x9C,0xFF,0x7C,0xF7,0x7C,0xF7,0xBC,0xFF,
    0x9C,0xFF,0x9C,0xF7,0x7B,0xF7,0x9C,0xFF,0xBC,0xFF,0xBC,0xFF,0x9C,0xF7,0x7C,0xF7,
    0x9C,0xFF,0x7C,0xF7,0xBC,0xFF,0x9C,0xFF,0x7C,0xF7,0xBC,0xFF,0x9C,0xF7,0x9C,0xF7,
    0x9C,0xF7,0x9C,0xF7,0x9C,0xF7,0x9C,0xF7,0x9C,0xFF,0x9C,0xFF,0x9C,0xF7,0x7B,0xF7,
    0x9C,0xF7,0x7C,0xF7,0x7C,0xF7,0x9C,0xFF,0x9C,0xF7,0x9C,0xF7,0xBC,0xFF,0x9C,0xF7,
    0x9C,0xF7,0x9C,0xFF,0xBC,0xFF,0x9C,0xFF,0x9C,0xF7,0x9C,0xF7,0x7C,0xF7,0x9C,0xFF,
    0xBC,0xFF,0x7B,0xF7,0x9C,0xFF,0x9C,0xF7,0x7C,0xF7,0x7C,0xF7,0x9C,0xF7,0x9C,0xFF,
    0x9C,0xF7,0x9C,0xFF,0x7B,0xF7,0x9C,0xFF,0x9C,0xF7,0x7C,0xF7,0x7C,0xF7,0x9C,0xFF,
    0x9C,0xF7,0x9C,0xFF,0x9C,0xFF,0x9C,0xF7,0x9C,0xFF,0x9C,0xFF,0x9C,0xFF,0x9C,0xFF,
    0x9C,0xFF,0x9C,0xFF,0xBC,0xFF,0x9C,0xFF,0x7C,0xF7,0x9C,0xFF,0x9C,0xFF,0x9C,0xFF,
    0x9C,0xFF,0x9C,0xF7,0x9C,0xF7,0x9C,0xF7,0x7B,0xF7,0x7C,0xF7,0x7C,0xF7,0x9C,0xFF,
    0x9C,0xF7,0x7B,0xF7,0x9C,0xFF,0x9C,0xFF,0x9C,0xF7,0x9C,0xF7,0x9C,0xFF,0x7B,0xF7,
    0x9C,0xFF,0x9C,0xFF,0xBC,0xFF,0x9C,0xFF,0xBC,0xFF,0x9C,0xFF,0x9C,0xF7,0xBC,0xFF,
    0x9C,0xF7,0x9C,0xF7,0x7C,0xF7,0x9C,0xF7,0x9C,0xFF,0x9C,0xFF,0x7C,0xF7,0x9C,0xFF,
    0x7C,0xF7,0x9C,0xF7,0x9C,0xFF,0x9C,0xF7,0x9C,0xF7,0x9C,0xFF,0x9C,0xF7,0x9C,0xF7,
    0xBC,0xFF,0x9C,0xF7,0x9C,0xF7,0x9C,0xF7,0xBC,0xFF,0x9C,0xF7,0x9C,0xF7,0x9C,0xF7,
    0xBC,0xFF,0xBC,0xFF,0x9C,0xFF,0xBC,0xFF,0x9C,0xFF,0xBD,0xFF,0x9C,0xF7,0x9C,0xF7,
    0x9C,0xFF,0x9C,0xF7,0x9C,0xFF,0x9C,0xFF,0x9C,0xFF,0xBC,0xFF,0x9C,0xFF,0x9C,0xFF,
    0x7C,0xF7,0xBD,0xFF,0xBC,0xFF,0x7B,0xF7,0xBC,0xFF,0x9C,0xF7,0x7C,0xF7,0x9C,0xF7,
    0x9C,0xF7,0x9C,0xFF,0x9C,0xFF,0x9C,0xF7,0xBC,0xFF,0x7B,0xF7,0x9C,0xFF,0xBC,0xFF,
    0xBC,0xFF,0x9C,0xF7,0x9C,0xF7,0x9C,0xFF,0x9C,0xF7,0x9C,0xFF,0x9C,0xF7,0xBC,0xFF,
    0x9C,0xF7,0x7C,0xF7,0x7C,0xF7,0xBC,0xFF,0x9C,0xFF,0x7B,0xF7,0x9C,0xF7,0x7C,0xF7,
    0x9C,0xF7,0x7C,0xF7,0x9C,0xF7,0x7B,0xF7,0xBC,0xFF,0x9C,0xFF,0x9C,0xFF,0x9C,0xFF,
    0x9C,0xFF,0x9C,0xF7,0x7C,0xF7,0x7C,0xF7,0x9C,0xF7,0x9C,0xF7,0xBC,0xFF,0xBC,0xFF,
    0x9C,0xF7,0x7B,0xF7,0x9C,0xF7,0x9C,0xF7,0x9C,0xF7,0x9C,0xFF,0x9C,0xF7,0x9C,0xFF,
    0x9C,0xFF,0x9C,0xFF,0x9C,0xFF,0x9C,0xF7,0x7B,0xF7,0x9C,0xFF,0x9C,0xFF,0x9C,0xF7,
    0x9C,0xF7,0x7C,0xF7,0x9C,0xF7,0x9C,0xFF,0x9C,0xF7,0xBC,0xFF,0x9C,0xF7,0x9C,0xF7,
    0x7B,0xF7,0x9C,0xFF,0x9C,0xFF,0x7C,0xF7,0x9C,0xF7,0x9C,0xF7,0x9C,0xFF,0xBC,0xFF,
    0x9C,0xF7,0x9C,0xFF,0x7C,0xF7,0x9C,0xFF,0x9C,0xF7,0x9C,0xFF,0x9C,0xF7,0x7C,0xF7,
    0x9C,0xFF,0xBC,0xFF,0xBC,0xFF,0xBC,0xFF,0xBC,0xFF,0xBC,0xFF,0xBC,0xFF,0x7C,0xF7,
    0xBC,0xFF,0x9C,0xF7,0x9C,0xFF,0x7C,0xF7,0x9C,0xF7,0xBC,0xFF,0x9C,0xF7,0x7C,0xF7,
    0x7B,0xF7,0x9C,0xFF,0x9C,0xF7,0x9C,0xFF,0x9C,0xF7,0x9C,0xFF,0x9C,0xF7,0x9C,0xFF,
    0x9C,0xFF,0x9C,0xF7,0xBC,0xFF,0x9C,0xFF,0x7C,0xF7,0xBC,0xFF,0xBC,0xFF,0x9C,0xF7,
    0xBC,0xFF,0x9C,0xF7,0x9C,0xFF,0x7B,0xF7,0xBC,0xFF,0x9C,0xF7,0x9C,0xF7,0x9C,0xFF,
    0x9C,0xF7,0x9C,0xFF,0x9C,0xFF,0x9C,0xFF,0x9C,0xF7,0x7B,0xF7,0x9C,0xFF,0x9C,0xFF,
    0x9C,0xF7,0x9C,0xF7,0xBC,0xFF,0x9C,0xF7,0x9C,0xF7,0x9C,0xF7,0x9C,0xFF,0x7B,0xF7,
    0xAA,0x83,0x8A,0x83,0xAA,0x83,0x9C,0xFF,0xBC,0xFF,0x9C,0xFF,0x9C,0xFF,0x9C,0xF7,
    0x9C,0xFF,0x9C,0xF7,0x9C,0xF7,0x9C,0xF7,0xBC,0xFF,0x9C,0xFF,0xBC,0xFF,0x9C,0xF7,
    0x9C,0xFF,0x9C,0xF7,0x9C,0xFF,0x9C,0xF7,0x9C,0xF7,0x9C,0xF7,0x9C,0xF7,0x9C,0xFF,
    0x7B,0xF7,0xBC,0xFF,0x9C,0xFF,0x9C,0xF7,0xBC,0xFF,0x9C,0xF7,0x9C,0xFF,0xBC,0xFF,
    0xBC,0xFF,0x9C,0xF7,0x9C,0xFF,0x9C,0xF7,0xBC,0xFF,0x9C,0xF7,0xBC,0xFF,0x9C,0xFF,
    0x9C,0xF7,0x9C,0xF7,0x9C,0xF7,0x9C,0xF7,0x9C,0xF7,0xBC,0xFF,0x9C,0xFF,0x9C,0xFF,
    0x9C,0xFF,0x9C,0xFF,0x9C,0xFF,0x9C,0xFF,0x9C,0xFF,0x9C,0xFF,0x9C,0xFF,0xBC,0xFF,
    0x9C,0xFF,0x7B,0xF7,0xBC,0xFF,0x9C,0xFF,0x9C,0xFF,0x9C,0xF7,0x9C,0xF7,0x9C,0xF7,
    0x9C,0xF7,0x9C,0xF7,0x9C,0xF7,0x9C,0xF7,0x9C,0xF7,0x7C,0xF7,0x9C,0xFF,0x9C,0xFF,
    0x9C,0xFF,0x9C,0xF7,0x9C,0xFF,0xBC,0xFF,0x9C,0xFF,0xBC,0xFF,0x9C,0xF7,0x9C,0xF7,
    0x9C,0xFF,0x9C,0xF7,0x9C,0xFF,0x7B,0xF7,0x9C,0xF7,0xBC,0xFF,0x9C,0xF7,0x9C,0xFF,
    0x9C,0xF7,0x9C,0xFF,0xBC,0xFF,0x9C,0xFF,0x9C,0xFF,0x7C,0xF7,0x9C,0xF7,0x9C,0xF7,
    0x9B,0xF7,0x9B,0xF7,0x9B,0xF7,0x9C,0xF7,0x9C,0xFF,0x9C,0xFF,0x7B,0xF7,0x9C,0xFF,
    0x9C,0xF7,0x9C,0xF7,0xBC,0xFF,0x9C,0xF7,0x9C,0xF7,0x7B,0xF7,0x9C,0xF7,0x9C,0xFF,
    0x9C,0xF7,0x9C,0xFF,0xBC,0xFF,0x9C,0xFF,0x9C,0xF7,0x7B,0xF7,0x9C,0xFF,0x9C,0xF7,
    0x7C,0xF7,0x9C,0xFF,0x9C,0xFF,0x9C,0xFF,0xBC,0xFF,0xBC,0xFF,0x7B,0xF7,0x5B,0xF7,
    0x9C,0xF7,0x7B,0xF7,0x7B,0xF7,0x7B,0xF7,0x7B,0xF7,0x9C,0xFF,0x9C,0xFF,0x9C,0xF7,
    0x7C,0xF7,0x7C,0xF7,0xBC,0xFF,0x7C,0xF7,0xBC,0xFF,0x9C,0xFF,0x9C,0xF7,0x7C,0xF7,
    0x9C,0xF7,0x9C,0xF7,0x9C,0xF7,0x9C,0xF7,0xBC,0xFF,0xBC,0xFF,0xBC,0xFF,0xBC,0xFF,
    0x7C,0xF7,0x9C,0xF7,0x9C,0xF7,0x9C,0xFF,0x9C,0xFF,0x7C,0xF7,0x9C,0xF7,0x9C,0xFF,
    0x9C,0xFF,0x9C,0xF7,0x7C,0xF7,0x9C,0xFF,0x7B,0xF7,0x7B,0xF7,0x7B,0xF7,0x7B,0xF7,
    0x7B,0xF7,0x7B,0xF7,0x9C,0xFF,0xBC,0xFF,0x7C,0xF7,0xBC,0xFF,0x9C,0xFF,0x9C,0xFF,
    0x7C,0xF7,0xBC,0xFF,0x9C,0xF7,0x9C,0xFF,0xBC,0xFF,0x9C,0xF7,0x9C,0xF7,0x9C,0xF7,
    0x7C,0xF7,0x9C,0xF7,0x9C,0xFF,0x9C,0xF7,0x9C,0xF7,0x9C,0xFF,0x7B,0xF7,0x7B,0xF7,
    0x9B,0xF7,0x9B,0xF7,0x7B,0xF7,0x7B,0xF7,0x7B,0xF7,0x9C,0xF7,0x9C,0xF7,0x9C,0xF7,
    0x9C,0xFF,0x9C,0xFF,0xBC,0xFF,0xBC,0xFF,0x9C,0xF7,0x9C,0xF7,0x9C,0xF7,0x7C,0xF7,
    0x9C,0xF7,0x9C,0xFF,0x9C,0xFF,0xBC,0xFF,0x9C,0xF7,0x9C,0xFF,0x9C,0xFF,0x9C,0xFF,
    0x9C,0xFF,0xBC,0xFF,0x7C,0xF7,0x9C,0xF7,0x9C,0xF7,0x9B,0xF7,0xAA,0x83,0x8A,0x83,
    0x8A,0x83,0x8A,0x83,0xAA,0x83,0x7B,0xF7,0x9C,0xF7,0xBC,0xFF,0xBC,0xFF,0x9C,0xF7,
    0x7C,0xF7,0x7C,0xF7,0x9C,0xF7,0x9C,0xFF,0x7C,0xF7,0x7C,0xF7,0x9C,0xFF,0x9C,0xF7,
    0xBC,0xFF,0x7C,0xF7,0x9C,0xFF,0x9C,0xF7,0x9C,0xF7,0x7C,0xF7,0xBC,0xFF,0x9C,0xFF,
    0x9C,0xF7,0x9C,0xFF,0x9C,0xFF,0xBC,0xFF,0x9C,0xF7,0xBC,0xFF,0x9C,0xFF,0x9C,0xF7,
    0x9C,0xFF,0x9C,0xF7,0xBC,0xFF,0x7B,0xF7,0xAA,0x83,0x8A,0x83,0x8A,0x83,0x8A,0x83,
    0xAA,0x83,0x7B,0xF7,0xBC,0xFF,0x9C,0xFF,0x9C,0xF7,0x9C,0xF7,0x9C,0xFF,0xBC,0xFF,
    0x9C,0xFF,0x9C,0xF7,0x7C,0xF7,0x9C,0xF7,0x9C,0xF7,0x9C,0xFF,0x9C,0xFF,0x9C,0xFF,
    0x7C,0xF7,0x9C,0xFF,0x9C,0xF7,0x9C,0xFF,0x9C,0xF7,0x7B,0xF7,0xAA,0x83,0x8A,0x83,
    0x8A,0x83,0x8A,0x83,0x8A,0x83,0x8A,0x83,0xAA,0x83,0x5B,0xF7,0x7C,0xF7,0x9C,0xFF,
    0x9C,0xF7,0x7C,0xF7,0x9C,0xF7,0xBC,0xFF,0x7B,0xF7,0x9C,0xF7,0xBC,0xFF,0x9C,0xF7,
    0x9C,0xFF,0x9C,0xF7,0x9C,0xF7,0x7B,0xF7,0x9C,0xF7,0x7C,0xF7,0x9C,0xF7,0x9C,0xF7,
    0x9C,0xFF,0x9C,0xFF,0xBC,0xFF,0x7B,0xF7,0x9C,0xFF,0x7C,0xF7,0x7B,0xF7,0x7B,0xF7,
    0x7B,0xF7,0x7B,0xF7,0x9B,0xF7,0xBC,0xFF,0x9C,0xF7,0xBC,0xFF,0x9C,0xFF,0x9C,0xFF,
    0x9C,0xF7,0xBC,0xFF,0xBC,0xFF,0x9C,0xF7,0x9C,0xF7,0x7B,0xF7,0x7C,0xF7,0xBC,0xFF,
    0xBC,0xFF,0x9C,0xF7,0x9C,0xF7,0xBC,0xFF,0x9C,0xFF,0x9C,0xFF,0xBC,0xFF,0x9C,0xFF,
    0xBC,0xFF,0x7C,0xF7,0xBC,0xFF,0x7C,0xF7,0x9C,0xF7,0x9C,0xF7,0x7B,0xF7,0x7C,0xF7,
    0x9C,0xFF,0x9C,0xF7,0xBC,0xFF,0x9C,0xFF,0x7B,0xF7,0x9C,0xFF,0x7B,0xF7,0x7B,0xF7,
    0x7B,0xF7,0x9C,0xFF,0x9C,0xFF,0xBC,0xFF,0x7C,0xF7,0x5B,0xF7,0x9C,0xFF,0xBC,0xFF,
    0x9C,0xF7,0xBC,0xFF,0x9C,0xF7,0x7C,0xF7,0xBC,0xFF,0x9C,0xFF,0x7B,0xF7,0x7B,0xF7,
    0x7B,0xF7,0x7B,0xF7,0x7B,0xF7,0x7B,0xF7,0x9B,0xF7,0x9C,0xFF,0x7B,0xF7,0x5B,0xF7,
    0x7B,0xF7,0x7B,0xF7,0x7B,0xF7,0x7B,0xF7,0x9B,0xF7,0x9C,0xFF,0x9C,0xFF,0x9C,0xFF,
    0x9C,0xF7,0x9C,0xF7,0x7B,0xF7,0x9C,0xFF,0x9C,0xF7,0x7C,0xF7,0x9C,0xF7,0xBC,0xFF,
    0x9C,0xFF,0x9C,0xF7,0xBC,0xFF,0x9C,0xFF,0x9C,0xFF,0x9C,0xF7,0x9C,0xFF,0x9C,0xFF,
    0x9C,0xFF,0x9C,0xFF,0x9C,0xFF,0x7B,0xF7,0x9C,0xFF,0x9C,0xF7,0x7C,0xF7,0x9C,0xF7,
    0x9C,0xF7,0x9C,0xFF,0x9C,0xF7,0x9C,0xFF,0xBC,0xFF,0x9C,0xF7,0x7C,0xF7,0xBC,0xFF,
    0x9C,0xF7,0x7C,0xF7,0x9C,0xF7,0x9C,0xF7,0xBC,0xFF,0x9C,0xF7,0x9C,0xF7,0x9C,0xF7,
    0x7B,0xF7,0xBC,0xFF,0x9C,0xF7,0x9C,0xFF,0x9C,0xFF,0x9C,0xFF,0x5B,0xF7,0x9C,0xF7,
    0x7C,0xF7,0x9C,0xFF,0x9C,0xF7,0x9C,0xFF,0x9C,0xF7,0xBC,0xFF,0x9C,0xFF,0x9C,0xFF,
    0x9C,0xF7,0x7C,0xF7,0x9C,0xFF,0x9C,0xFF,0x9C,0xFF,0x9C,0xF7,0xBC,0xFF,0x9C,0xFF,
    0x9C,0xFF,0x9C,0xF7,0x7B,0xF7,0x9C,0xF7,0xBC,0xFF,0x9C,0xF7,0x9C,0xF7,0x7B,0xF7,
    0x9C,0xFF,0x9C,0xF7,0xBC,0xFF,0x9C,0xF7,0x9C,0xF7,0x7B,0xF7,0xAA,0x83,0x8A,0x83,
    0x8A,0x83,0x8A,0x83,0x8A,0x83,0x8A,0x83,0xAA,0x83,0x7B,0xF7,0x9C,0xFF,0xBC,0xFF,
    0x9C,0xFF,0x9C,0xF7,0xBC,0xFF,0xBC,0xFF,0x9C,0xF7,0x9C,0xFF,0x9C,0xF7,0x9C,0xF7,
    0x9C,0xFF,0x9C,0xFF,0x9C,0xFF,0x9C,0xF7,0xBC,0xFF,0x9C,0xFF,0x9C,0xF7,0x9C,0xFF,
    0x9C,0xFF,0xBC,0xFF,0xBC,0xFF,0xBC,0xFF,0xBD,0xFF,0x9C,0xFF,0x7B,0xF7,0x9C,0xF7,
    0x9C,0xFF,0x9C,0xFF,0x9C,0xF7,0x9C,0xF7,0x9C,0xFF,0x9C,0xF7,0x9C,0xF7,0x9C,0xFF,
    0xBC,0xFF,0x9C,0xFF,0x7C,0xF7,0xBC,0xFF,0x9C,0xFF,0xBC,0xFF,0x9C,0xF7,0x7C,0xF7,
    0x9C,0xFF,0x9C,0xFF,0xBC,0xFF,0x9C,0xFF,0xBD,0xFF,0xBC,0xFF,0x7C,0xF7,0x9C,0xFF,
    0x7C,0xF7,0x9C,0xFF,0x9C,0xF7,0x9C,0xF7,0xBC,0xFF,0x9C,0xFF,0x9C,0xF7,0x7B,0xF7,
    0x9C,0xFF,0x9C,0xF7,0x9C,0xFF,0x9C,0xF7,0x9C,0xF7,0x9C,0xF7,0x7C,0xF7,0x9C,0xFF,
    0xBC,0xFF,0xBC,0xFF,0x9C,0xF7,0x9C,0xFF,0x9C,0xF7,0x9C,0xFF,0xBC,0xFF,0x9C,0xF7,
    0x9C,0xFF,0x9C,0xFF,0x9C,0xF7,0x9C,0xF7,0x9C,0xF7,0x9C,0xFF,0x7B,0xF7,0x9C,0xFF,
    0x9C,0xFF,0x9C,0xF7,0x9C,0xFF,0x9C,0xF7,0x9C,0xF7,0x9C,0xF7,0x7B,0xF7,0x7B,0xF7,
    0x9B,0xF7,0x7B,0xF7,0x7B,0xF7,0x9B,0xF7,0x7B,0xF7,0x7C,0xF7,0x7C,0xF7,0x9C,0xF7,
    0x9C,0xFF,0x9C,0xFF,0xBC,0xFF,0x9C,0xF7,0x9C,0xFF,0x7B,0xF7,0x9C,0xFF,0x9C,0xFF,
    0x9C,0xFF,0x9C,0xF7,0xBC,0xFF,0xBC,0xFF,0x9C,0xF7,0x7B,0xF7,0x7C,0xF7,0xBC,0xFF,
    0x7B,0xF7,0x7C,0xF7,0x9C,0xFF,0x9C,0xFF,0x9C,0xFF,0x7C,0xF7,0x9C,0xF7,0x9C,0xF7,
    0x9C,0xFF,0x9C,0xFF,0xBC,0xFF,0x9C,0xF7,0x7C,0xF7,0x9C,0xF7,0x9C,0xF7,0x7B,0xF7,
    0x9C,0xFF,0x9C,0xF7,0x9C,0xFF,0x9C,0xF7,0x9C,0xF7,0xBC,0xFF,0x7B,0xF7,0x9C,0xFF,
    0x7C,0xF7,0x9C,0xFF,0x9C,0xFF,0x9C,0xF7,0x9C,0xF7,0x9C,0xF7,0xBC,0xFF,0x9C,0xFF,
    0x9C,0xFF,0x9C,0xFF,0xBC,0xFF,0xBC,0xFF,0x9C,0xFF,0x9C,0xFF,0x9C,0xF7,0x7B,0xF7,
    0x7B,0xF7,0x9C,0xF7,0x9C,0xF7,0xBC,0xFF,0x9C,0xF7,0x9C,0xF7,0x9C,0xF7,0xBC,0xFF,
    0x9C,0xFF,0x7B,0xF7,0xBC,0xFF,0x9C,0xF7,0x9C,0xF7,0xBC,0xFF,0x7B,0xF7,0x9C,0xFF,
    0x9C,0xF7,0x9C,0xFF,0x9C,0xF7,0x9C,0xF7,0x9C,0xF7,0x9C,0xF7,0x9C,0xF7,0xBC,0xFF,
    0xBC,0xFF,0x9C,0xFF,0x9C,0xFF,0x9C,0xF7,0xBC,0xFF,0xBC,0xFF,0xBC,0xFF,0xBC,0xFF,
    0x9C,0xF7,0x9C,0xFF,0x9C,0xFF,0x9C,0xFF,0x9C,0xFF,0xBC,0xFF,0x9C,0xF7,0x7B,0xF7,
    0x9C,0xF7,0xBC,0xFF,0x9C,0xFF,0x9C,0xF7,0x9C,0xFF,0xBC,0xFF,0x7C,0xF7,0x9C,0xF7,
    0x7B,0xF7,0x9C,0xFF,0xBC,0xFF,0x9C,0xFF,0x9C,0xF7,0x7B,0xF7,0x7C,0xF7,0x9C,0xFF,
    0x9C,0xF7,0x9C,0xFF,0x9C,0xFF,0x9C,0xFF,0x9C,0xFF,0xBC,0xFF,0x9C,0xF7,0xBC,0xFF,
    0x9C,0xFF,0x9C,0xFF,0x7C,0xF7,0x9C,0xF7,0x7C,0xF7,0x7C,0xF7,0x9C,0xF7,0x9C,0xFF,
    0xBC,0xFF,0x7C,0xF7,0x9C,0xF7,0x9C,0xF7,0x9C,0xFF,0x9C,0xFF,0x9C,0xF7,0x9C,0xF7,
    0x9C,0xFF,0x9C,0xF7,0x9C,0xFF,0x9C,0xF7,0x7C,0xF7,0x9C,0xFF,0x9C,0xF7,0xBC,0xFF,
    0x9C,0xF7,0x9C,0xFF,0xBC,0xFF,0x9C,0xF7,0x9C,0xFF,0x9C,0xFF,0x9C,0xFF,0x9C,0xFF,
    0x9C,0xF7,0x9C,0xF7,0xBC,0xFF,0x9C,0xFF,0x9C,0xF7,0x9C,0xF7,0x9C,0xFF,0x9C,0xF7,
    0x9C,0xF7,0x9C,0xFF,0x9C,0xF7,0x9C,0xF7,0xBC,0xFF,0x9C,0xF7,0x9C,0xFF,0x9C,0xFF,
    0x9C,0xFF,0x7B,0xF7,0xBC,0xFF,0x7C,0xF7,0x9C,0xFF,0x7B,0xF7,0x7C,0xF7,0x9C,0xF7,
    0xBC,0xFF,0xBC,0xFF,0x9C,0xF7,0x7C,0xF7,0x9C,0xFF,0x7B,0xF7,0x9C,0xF7,0x7C,0xF7,
    0x9C,0xF7,0x7C,0xF7,0x9C,0xFF,0x9C,0xF7,0x9C,0xF7,0xBC,0xFF,0x7C,0xF7,0x9C,0xF7,
    0x9C,0xFF,0x9C,0xF7,0xBC,0xFF,0x7C,0xF7,0x9C,0xF7,0x9C,0xFF,0x5B,0xF7,0xBC,0xFF,
    0x9C,0xFF,0x9C,0xF7,0x9C,0xFF,0x7C,0xF7,0x9C,0xFF,0x9C,0xF7,0x9C,0xF7,0x9C,0xF7,
    0x7B,0xF7,0x9C,0xFF,0x9C,0xFF,0x9C,0xF7,0x9C,0xFF,0x9C,0xF7,0x9C,0xFF,0x9C,0xF7,
    0x9C,0xF7,0x9C,0xF7,0x7B,0xF7,0xBC,0xFF,0x9C,0xF7,0x9C,0xFF,0x7C,0xF7,0xBC,0xFF,
    0xBC,0xFF,0x9C,0xFF,0x9C,0xF7,0x9C,0xFF,0x9C,0xF7,0x9C,0xFF,0x9C,0xFF,0x7C,0xF7,
    0x9C,0xFF,0x9C,0xFF,0x9C,0xFF,0xBC,0xFF,0x9C,0xFF,0x7B,0xF7,0xBC,0xFF,0x9C,0xF7,
    0x7B,0xF7,0x9C,0xFF,0x9C,0xF7,0x9C,0xFF,0x9C,0xF7,0x9C,0xF7,0x9C,0xFF,0xBC,0xFF,
    0x9C,0xFF,0x9C,0xFF,0x9C,0xF7,0x9C,0xFF,0xBC,0xFF,0x7B,0xF7,0x7C,0xF7,0x9C,0xF7,
    0x7B,0xF7,0x7B,0xF7,0x7B,0xF7,0x7B,0xF7,0x9C,0xF7,0xBC,0xFF,0x9C,0xF7,0x9C,0xFF,
    0xBC,0xFF,0x9C,0xFF,0x9C,0xF7,0x9C,0xFF,0x9C,0xFF,0x9C,0xF7,0x7C,0xF7,0x9C,0xFF,
    0xBC,0xFF,0x7B,0xF7,0xBC,0xFF,0x9C,0xFF,0x9C,0xFF,0x9C,0xF7,0x9C,0xFF,0x7C,0xF7,
    0x9C,0xFF,0x7C,0xF7,0xBC,0xFF,0x9C,0xFF,0xBC,0xFF,0x9C,0xF7,0x7C,0xF7,0xBC,0xFF,
    0x7C,0xF7,0x9C,0xF7,0x9C,0xF7,0x9C,0xF7,0x9C,0xF7,0x9C,0xF7,0xBC,0xFF,0x9C,0xFF,
    0xBC,0xFF,0x9C,0xF7,0x9C,0xFF,0x9C,0xFF,0x9C,0xFF,0x7B,0xF7,0x9C,0xFF,0xBC,0xFF,
    0x9C,0xFF,0x9C,0xFF,0x7C,0xF7,0x9C,0xFF,0x9C,0xFF,0x9C,0xFF,0x9C,0xF7,0xBC,0xFF,
    0xBC,0xFF,0x9C,0xFF,0x9C,0xF7,0x9C,0xF7,0xBC,0xFF,0x9C,0xF7,0x9C,0xF7,0x9C,0xF7,
    0xBC,0xFF,0x9C,0xF7,0x9C,0xF7,0x9C,0xF7,0x9C,0xFF,0x9C,0xFF,0x9C,0xF7,0xBC,0xFF,
    0x9C,0xF7,0x9C,0xFF,0x9C,0xF7,0x9C,0xF7,0x7C,0xF7,0x9C,0xFF,0x9C,0xF7,0x9C,0xF7,
    0x9C,0xFF,0x9C,0xF7,0x9C,0xF7,0x9C,0xF7,0x7C,0xF7,0x9C,0xF7,0xBC,0xFF,0x9C,0xFF,
    0x7B,0xF7,0x9C,0xF7,0xBC,0xFF,0x7C,0xF7,0x7B,0xF7,0x7B,0xF7,0x9C,0xF7,0x7C,0xF7,
    0x9C,0xF7,0x9C,0xF7,0x9C,0xFF,0x9C,0xFF,0x7C,0xF7,0x9C,0xFF,0x9C,0xFF,0x7C,0xF7,
    0x7B,0xF7,0x7C,0xF7,0x9C,0xF7,0x9C,0xFF,0x9C,0xF7,0x9C,0xF7,0x9C,0xFF,0xBC,0xFF,
    0x7C,0xF7,0x9C,0xFF,0x9C,0xFF,0x9C,0xFF,0x7C,0xF7,0x9C,0xF7,0x9C,0xF7,0x9C,0xF7,
    0x9C,0xFF,0x9C,0xF7,0x9C,0xF7,0xBC,0xFF,0x9C,0xF7,0x9C,0xF7,0x9C,0xFF,0x7B,0xF7,
    0x9C,0xF7,0x9C,0xFF,0x9C,0xF7,0x9C,0xFF,0x9C,0xFF,0x9C,0xF7,0x9C,0xF7,0x7B,0xF7,
    0x9C,0xF7,0x7B,0xF7,0xBC,0xFF,0x9C,0xF7,0xBD,0xFF,0x9C,0xF7,0x9C,0xF7,0xBC,0xFF,
    0x9C,0xF7,0x9C,0xF7,0x9C,0xFF,0x9C,0xFF,0x7C,0xF7,0x9C,0xFF,0xBC,0xFF,0x9C,0xF7,
    0x9C,0xFF,0x9C,0xF7,0x9C,0xF7,0x9C,0xFF,0xBC,0xFF,0x9C,0xF7,0x9C,0xF7,0x9C,0xFF,
    0x9C,0xFF,0xBC,0xFF,0x9C,0xF7,0x9C,0xF7,0x9C,0xFF,0x7B,0xF7,0x9C,0xFF,0x9C,0xFF,
    0x9C,0xFF,0x9C,0xF7,0x7B,0xF7,0x7C,0xF7,0x9C,0xF7,0x9C,0xFF,0x9C,0xFF,0x7B,0xF7,
    0xBC,0xFF,0x9C,0xF7,0x9C,0xF7,0x9C,0xF7,0xBC,0xFF,0x7C,0xF7,0x7C,0xF7,0xBC,0xFF,
    0x9C,0xF7,0x7C,0xF7,0x7C,0xF7,0x9C,0xFF,0xBC,0xFF,0x9C,0xFF,0x9C,0xF7,0x7C,0xF7,
    0xBC,0xFF,0x7C,0xF7,0x9C,0xF7,0x9C,0xF7,0x7B,0xF7,0x9C,0xFF,0x9C,0xFF,0x9C,0xF7,
    0x9C,0xFF,0x9C,0xF7,0x9C,0xFF,0x9C,0xFF,0x9C,0xFF,0x9C,0xF7,0x9C,0xFF,0x9C,0xFF,
    0x9C,0xF7,0x9C,0xF7,0x9C,0xF7,0x9C,0xFF,0xBC,0xFF,0x9C,0xFF,0x9C,0xFF,0x7C,0xF7,
    0x7C,0xF7,0x7B,0xF7,0x9C,0xFF,0x9C,0xFF,0x9C,0xFF,0xBC,0xFF,0x9C,0xFF,0x9C,0xFF,
    0x9C,0xFF,0x9C,0xFF,0x9C,0xFF,0x9C,0xFF,0x9C,0xFF,0x9C,0xFF,0x7B,0xF7,0x9C,0xF7,
    0x7C,0xF7,0x9C,0xF7,0x9C,0xFF,0x9C,0xF7,0xBC,0xFF,0x7C,0xF7,0x9C,0xFF,0xBC,0xFF,
    0x7C,0xF7,0x9C,0xF7,0x9C,0xF7,0x9C,0xF7,0x9C,0xFF,0xBC,0xFF,0x9C,0xF7,0x9C,0xF7,
    0xBC,0xFF,0x7B,0xF7,0xBC,0xFF,0x9C,0xF7,0x9C,0xFF,0x9C,0xFF,0x9C,0xF7,0x9C,0xF7,
    0x9C,0xFF,0x9C,0xF7,0xBC,0xFF,0xBD,0xFF,0x9C,0xF7,0x7B,0xF7,0xBC,0xFF,0x9C,0xF7,
    0x7B,0xF7,0x9C,0xFF,0x9C,0xFF,0x9C,0xF7,0x9C,0xFF,0xBC,0xFF,0x9C,0xFF,0x7C,0xF7,
    0x7C,0xF7,0x7C,0xF7,0xBC,0xFF,0x9C,0xFF,0x9C,0xFF,0x9C,0xF7,0xBC,0xFF,0x9C,0xFF,
    0xBC,0xFF,0x9C,0xFF,0x9C,0xFF,0x9C,0xF7,0x9C,0xFF,0x7B,0xF7,0x9C,0xFF,0x9C,0xFF,
    0x9C,0xF7,0x7B,0xF7,0xBC,0xFF,0x9C,0xF7,0x9C,0xFF,0xBC,0xFF,0x9C,0xF7,0x9C,0xFF,
    0x9C,0xF7,0x9C,0xFF,0x9C,0xFF,0x9C,0xFF,0x9C,0xFF,0xBC,0xFF,0xBC,0xFF,0x9C,0xFF,
    0x9C,0xF7,0xBC,0xFF,0x9C,0xFF,0x9C,0xF7,0x9C,0xF7,0x9C,0xF7,0x7C,0xF7,0x7B,0xF7,
    0x9C,0xFF,0x9C,0xFF,0x9C,0xF7,0x7C,0xF7,0x9C,0xF7,0x7C,0xF7,0x9C,0xF7,0x9C,0xF7,
    0x7B,0xF7,0x9B,0xF7,0x7B,0xF7,0x7B,0xF7,0x7B,0xF7,0x9C,0xF7,0xBC,0xFF,0xBC,0xFF,
    0x9C,0xF7,0x9C,0xFF,0x9C,0xFF,0x9C,0xFF,0x7C,0xF7,0x7C,0xF7,0x9C,0xFF,0x7C,0xF7,
    0x9C,0xFF,0x7C,0xF7,0x7C,0xF7,0x7C,0xF7,0x9C,0xFF,0x9C,0xF7,0x9C,0xFF,0x9C,0xFF,
    0x9C,0xF7,0xBC,0xFF,0x7B,0xF7,0x9C,0xFF,0x9C,0xFF,0x9C,0xFF,0x9C,0xFF,0x9C,0xFF,
    0x9C,0xF7,0x9C,0xF7,0x7C,0xF7,0x9C,0xF7,0x9C,0xF7,0x9C,0xFF,0xBC,0xFF,0x9C,0xFF,
    0x9C,0xFF,0xBC,0xFF,0xBC,0xFF,0x9C,0xFF,0x7B,0xF7,0x9C,0xFF,0x9C,0xFF,0x9C,0xF7,
    0x9C,0xFF,0x9C,0xF7,0x9C,0xFF,0x9C,0xF7,0x7B,0xF7,0x9C,0xF7,0x7B,0xF7,0x9C,0xFF,
    0x9C,0xF7,0x9C,0xF7,0x7C,0xF7,0x9C,0xFF,0x9C,0xFF,0x7C,0xF7,0x9C,0xFF,0x9C,0xFF,
    0x9C,0xF7,0xBC,0xFF,0x9C,0xF7,0x7B,0xF7,0x9C,0xFF,0xBC,0xFF,0x9C,0xF7,0x9C,0xFF,
    0x7C,0xF7,0xBC,0xFF,0x9C,0xF7,0x9C,0xFF,0xBC,0xFF,0xBC,0xFF,0x9C,0xFF,0x9C,0xFF,
    0x9C,0xF7,0x9C,0xFF,0x9C,0xFF,0x9C,0xFF,0x9C,0xFF,0x9C,0xF7,0x9C,0xF7,0x9C,0xFF,
    0x7B,0xF7,0x9C,0xF7,0x9C,0xF7,0x9C,0xF7,0x9C,0xF7,0x9C,0xF7,0xBC,0xFF,0x7B,0xF7,
    0xAA,0x83,0x8A,0x83,0x8A,0x83,0xAA,0x83,0x7B,0xF7,0x9C,0xF7,0x9C,0xF7,0x9C,0xFF,
    0x9C,0xF7,0x9C,0xF7,0xBC,0xFF,0x7C,0xF7,0x9C,0xF7,0x9C,0xF7,0x7B,0xF7,0x9C,0xFF,
    0x9C,0xFF,0x9C,0xF7,0x7C,0xF7,0x9C,0xFF,0x9C,0xF7,0x9C,0xFF,0x9C,0xFF,0x9C,0xF7,
    0x9C,0xF7,0x9C,0xF7,0xBC,0xFF,0x9C,0xF7,0x7B,0xF7,0x9C,0xF7,0x9C,0xF7,0x9C,0xFF,
    0x7C,0xF7,0x9C,0xF7,0x9C,0xFF,0x5B,0xF7,0x9C,0xFF,0x9C,0xFF,0xBC,0xFF,0x9C,0xFF,
    0x7C,0xF7,0x7B,0xF7,0x7B,0xF7,0x9C,0xF7,0x9C,0xF7,0x7B,0xF7,0x7B,0xF7,0x9C,0xFF,
    0x9B,0xF7,0x9C,0xFF,0xBC,0xFF,0x9C,0xF7,0x9C,0xF7,0x9C,0xFF,0x9C,0xF7,0x9C,0xF7,
    0xBC,0xFF,0xBC,0xFF,0x9C,0xFF,0x9C,0xF7,0xBC,0xFF,0xBC,0xFF,0x7C,0xF7,0xBC,0xFF,
    0x9C,0xF7,0x9C,0xFF,0x9C,0xFF,0x7C,0xF7,0x9C,0xFF,0x9C,0xFF,0x7C,0xF7,0x9C,0xF7,
    0x9C,0xFF,0x9C,0xFF,0x9C,0xFF,0x9C,0xF7,0xBC,0xFF,0x7B,0xF7,0x9C,0xFF,0x7C,0xF7,
    0x5B,0xF7,0x9C,0xFF,0x9C,0xF7,0x9C,0xFF,0x9C,0xF7,0x9C,0xFF,0x9C,0xF7,0x9C,0xFF,
    0x9C,0xFF,0xBC,0xFF,0x7B,0xF7,0x7C,0xF7,0x9C,0xF7,0x9C,0xFF,0xBC,0xFF,0x9C,0xF7,
    0x7B,0xF7,0x9B,0xF7,0x7B,0xF7,0x5B,0xF7,0xBC,0xFF,0x7B,0xF7,0x9C,0xF7,0x9C,0xF7,
    0x9C,0xF7,0x9C,0xF7,0x9C,0xF7,0x9C,0xF7,0xBC,0xFF,0x9C,0xFF,0x7B,0xF7,0x7C,0xF7,
    0x9C,0xF7,0x9C,0xFF,0x9C,0xF7,0x9C,0xF7,0x9C,0xF7,0x9C,0xFF,0x9C,0xFF,0x7B,0xF7,
    0x9C,0xFF,0x9C,0xFF,0x9C,0xF7,0x9C,0xFF,0x7C,0xF7,0x9C,0xF7,0x7C,0xF7,0x9C,0xF7,
    0x9C,0xFF,0x7B,0xF7,0x7C,0xF7,0x9C,0xFF,0x9C,0xFF,0x9C,0xF7,0x9C,0xF7,0x7C,0xF7,
    0xBD,0xFF,0x9C,0xFF,0x9C,0xFF,0xBC,0xFF,0x9C,0xFF,0x7B,0xF7,0xAA,0x83,0x8A,0x83,
    0x8A,0x83,0xAA,0x83,0x7B,0xF7,0x9C,0xFF,0x9C,0xFF,0x9C,0xF7,0x9C,0xF7,0x7C,0xF7,
    0x9C,0xFF,0x9C,0xFF,0x9C,0xF7,0x9C,0xF7,0xBC,0xFF,0x9C,0xFF,0x9C,0xFF,0x9C,0xFF,
    0x9C,0xF7,0x7B,0xF7,0x9C,0xF7,0x9C,0xFF,0xBC,0xFF,0x9C,0xFF,0x9C,0xF7,0xBD,0xFF,
    0x9C,0xFF,0x9C,0xFF,0x7B,0xF7,0x7B,0xF7,0x7B,0xF7,0x7B,0xF7,0x7B,0xF7,0x9B,0xF7,
    0x7B,0xF7,0x7B,0xF7,0x9C,0xFF,0xBC,0xFF,0x9C,0xFF,0x9C,0xF7,0xBC,0xFF,0x7B,0xF7,
    0x7C,0xF7,0x9C,0xF7,0x9C,0xF7,0x9C,0xF7,0x7B,0xF7,0x7B,0xF7,0x5B,0xF7,0x7B,0xF7,
    0x7B,0xF7,0x7B,0xF7,0x7B,0xF7,0x9C,0xFF,0x7B,0xF7,0x7B,0xF7,0x9C,0xF7,0x9C,0xFF,
    0x9C,0xFF,0x9C,0xF7,0x9C,0xF7,0x9C,0xFF,0x9C,0xF7,0xBC,0xFF,0x9C,0xFF,0xBC,0xFF,
    0x9C,0xF7,0x9C,0xF7,0x9C,0xFF,0x9C,0xF7,0x9C,0xF7,0xBC,0xFF,0x9C,0xFF,0x9C,0xFF,
    0x9C,0xF7,0x9C,0xFF,0x7C,0xF7,0x7C,0xF7,0x9C,0xF7,0x9C,0xF7,0x7C,0xF7,0x7C,0xF7,
    0x9C,0xFF,0x7B,0xF7,0x9C,0xF7,0x9C,0xF7,0x7B,0xF7,0xBC,0xFF,0x9C,0xF7,0xBC,0xFF,
    0xBC,0xFF,0x9C,0xF7,0x7C,0xF7,0x7C,0xF7,0x9C,0xF7,0x9C,0xF7,0x7B,0xF7,0x9B,0xF7,
    0x5B,0xF7,0x9C,0xFF,0x9C,0xFF,0x9C,0xF7,0x9C,0xFF,0x9C,0xFF,0x7C,0xF7,0x9C,0xF7,
    0x9C,0xFF,0x9C,0xF7,0x9C,0xFF,0x7B,0xF7,0x7C,0xF7,0x9C,0xF7,0x9C,0xF7,0x9C,0xF7,
    0x9C,0xF7,0xBC,0xFF,0x7B,0xF7,0x9C,0xFF,0x9C,0xFF,0x9C,0xF7,0x9C,0xFF,0x9C,0xFF,
    0x9C,0xFF,0x9C,0xF7,0x7B,0xF7,0xAA,0x83,0x8A,0x83,0x8A,0x83,0x8A,0x83,0x8A,0x83,
    0x8A,0x83,0xAA,0x83,0x9B,0xF7,0x9C,0xFF,0x9C,0xF7,0x7C,0xF7,0x7B,0xF7,0x9C,0xFF,
    0x5B,0xF7,0x9C,0xF7,0x9C,0xF7,0x7B,0xF7,0xAA,0x83,0x8A,0x83,0x8A,0x83,0x8A,0x83,
    0x8A,0x83,0x8A,0x83,0xAA,0x83,0x7B,0xF7,0x9C,0xFF,0x9C,0xFF,0xBD,0xFF,0x9C,0xF7,
    0x9C,0xFF,0x9C,0xFF,0x9C,0xF7,0x7C,0xF7,0x7C,0xF7,0x9C,0xFF,0x9C,0xFF,0x9C,0xF7,
    0x9C,0xF7,0x9C,0xFF,0x9C,0xFF,0x9C,0xF7,0x9C,0xFF,0x9C,0xF7,0xBC,0xFF,0x9C,0xF7,
    0x9C,0xF7,0x9C,0xFF,0x9C,0xF7,0x9C,0xF7,0x9C,0xFF,0x9C,0xFF,0xBC,0xFF,0x9C,0xF7,
    0x7C,0xF7,0x9C,0xFF,0x9C,0xFF,0x9C,0xF7,0x9C,0xFF,0x7C,0xF7,0xBC,0xFF,0xBC,0xFF,
    0x9C,0xF7,0xBC,0xFF,0x9C,0xFF,0x7B,0xF7,0x9C,0xF7,0x7C,0xF7,0x9C,0xF7,0x7B,0xF7,
    0x9C,0xFF,0x9C,0xF7,0xBC,0xFF,0x9C,0xFF,0x9C,0xF7,0x9C,0xF7,0xBC,0xFF,0x7C,0xF7,
    0x9C,0xFF,0xBC,0xFF,0x9C,0xF7,0x9C,0xF7,0xBC,0xFF,0x9C,0xFF,0x9C,0xFF,0xBC,0xFF,
    0x9C,0xF7,0x7C,0xF7,0x7C,0xF7,0x9C,0xF7,0xBC,0xFF,0x7B,0xF7,0x9C,0xF7,0x7B,0xF7,
    0x9C,0xFF,0x7B,0xF7,0x7C,0xF7,0x7B,0xF7,0x9B,0xF7,0x7B,0xF7,0x7B,0xF7,0x5B,0xEF,
    0x7B,0xF7,0x7B,0xF7,0x9C,0xF7,0x9C,0xF7,0x9C,0xF7,0x9C,0xFF,0x9C,0xF7,0x9C,0xF7,
    0x9C,0xF7,0x9C,0xF7,0x9C,0xFF,0x9C,0xFF,0x9B,0xF7,0x7B,0xF7,0x5B,0xF7,0x7B,0xF7,
    0x7B,0xF7,0x9B,0xF7,0x9C,0xF7,0x9C,0xFF,0x9C,0xFF,0x9C,0xFF,0x9C,0xF7,0x9C,0xF7,
    0x9C,0xFF,0x9C,0xF7,0x9C,0xF7,0x9C,0xF7,0xBC,0xFF,0xBC,0xFF,0x7C,0xF7,0x9C,0xF7,
    0x9C,0xF7,0x9C,0xFF,0x9C,0xFF,0x9C,0xFF,0x9C,0xF7,0x9C,0xF7,0x7B,0xF7,0x9C,0xFF,
    0x7C,0xF7,0x9C,0xF7,0xBC,0xFF,0xBC,0xFF,0x9C,0xF7,0xBC,0xFF,0xBC,0xFF,0x9C,0xF7,
    0x9C,0xF7,0xBC,0xFF,0x9C,0xF7,0x9C,0xFF,0x9C,0xFF,0x9C,0xFF,0x9C,0xFF,0x7C,0xF7,
    0x9C,0xF7,0x9C,0xF7,0xBC,0xFF,0x9C,0xFF,0x7C,0xF7,0x9C,0xF7,0x9C,0xF7,0x9C,0xFF,
    0x9C,0xF7,0x9C,0xFF,0x9C,0xFF,0x9C,0xF7,0x9C,0xFF,0x9C,0xFF,0x9C,0xF7,0x9C,0xFF,
    0x9C,0xFF,0x9C,0xF7,0x7B,0xF7,0x7B,0xF7,0x7B,0xF7,0x5B,0xF7,0x9C,0xFF,0x9C,0xFF,
    0x9C,0xF7,0x9C,0xF7,0x9C,0xF7,0x9C,0xF7,0x9C,0xFF,0x7C,0xF7,0x9C,0xFF,0x9C,0xF7,
    0xBC,0xFF,0x7C,0xF7,0x9C,0xFF,0xBC,0xFF,0x9C,0xF7,0x9C,0xF7,0x9C,0xF7,0x9C,0xFF,
    0xBC,0xFF,0x9C,0xF7,0x9C,0xF7,0x9C,0xF7,0x9C,0xFF,0xBC,0xFF,0x9C,0xF7,0x7C,0xF7,
    0x9C,0xFF,0x9C,0xF7,0x9C,0xFF,0x9C,0xFF,0x9C,0xF7,0x9C,0xF7,0x9C,0xF7,0x9C,0xFF,
    0x9C,0xF7,0x7C,0xF7,0x9C,0xF7,0xBC,0xFF,0x9C,0xFF,0x9C,0xFF,0x9C,0xFF,0x9C,0xFF,
    0x9C,0xF7,0x9C,0xFF,0x9C,0xFF,0x9C,0xF7,0x9C,0xF7,0x9C,0xF7,0x7B,0xF7,0x9C,0xFF,
    0x9C,0xF7,0x9C,0xF7,0x9C,0xF7,0x7C,0xF7,0x7C,0xF7,0x9C,0xF7,0x9C,0xFF,0x9C,0xF7,
    0x9C,0xF7,0x9C,0xFF,0xBD,0xFF,0x7C,0xF7,0x9C,0xF7,0x9C,0xF7,0x9C,0xFF,0x9C,0xFF,
    0x9C,0xF7,0xBC,0xFF,0x9C,0xFF,0x9C,0xF7,0x9C,0xF7,0x9C,0xFF,0x9C,0xFF,0x9C,0xFF,
    0xBC,0xFF,0x9C,0xFF,0x9C,0xF7,0x9C,0xF7,0xBC,0xFF,0x9C,0xF7,0x9C,0xFF,0x7B,0xF7,
    0x7B,0xF7,0x7C,0xF7,0x7C,0xF7,0x9C,0xFF,0xBC,0xFF,0x7B,0xF7,0xBC,0xFF,0x7B,0xF7,
    0x7B,0xF7,0xAA,0x83,0x8A,0x83,0x8A,0x83,0x8A,0x83,0xAA,0x83,0x5B,0xEF,0x9C,0xFF,
    0x9C,0xFF,0x7C,0xF7,0x9C,0xF7,0x7B,0xF7,0x9C,0xF7,0x9C,0xFF,0x7C,0xF7,0xBC,0xFF,
    0x9C,0xFF,0x9C,0xF7,0x9C,0xF7,0x9C,0xFF,0xBC,0xFF,0x9C,0xFF,0x9C,0xFF,0x9C,0xF7,
    0xBC,0xFF,0x7B,0xF7,0x7C,0xF7,0x9C,0xF7,0x9C,0xFF,0x9C,0xF7,0x9C,0xFF,0x9C,0xFF,
    0x7C,0xF7,0x5B,0xF7,0x7C,0xF7,0x7C,0xF7,0x7C,0xF7,0x9C,0xF7,0x9C,0xFF,0x7C,0xF7,
    0x9C,0xF7,0x7B,0xF7,0xBC,0xFF,0x7B,0xF7,0x9C,0xFF,0x9C,0xF7,0x9C,0xF7,0x9C,0xF7,
    0x9C,0xF7,0x9C,0xF7,0x9C,0xFF,0x9C,0xFF,0xBC,0xFF,0x9C,0xF7,0x9C,0xFF,0x9C,0xFF,
    0xBC,0xFF,0x7C,0xF7,0x9C,0xFF,0x9C,0xF7,0x7C,0xF7,0xBC,0xFF,0x7B,0xF7,0x9C,0xFF,
    0x7B,0xF7,0x7C,0xF7,0x7C,0xF7,0x9C,0xF7,0x9C,0xFF,0x9C,0xFF,0x9C,0xFF,0xBC,0xFF,
    0x9C,0xFF,0x9C,0xFF,0x9C,0xF7,0x9C,0xFF,0x9C,0xF7,0x9C,0xF7,0xBC,0xFF,0x9C,0xFF,
    0x9C,0xF7,0x7B,0xF7,0x9C,0xF7,0x9C,0xFF,0x7B,0xF7,0xBC,0xFF,0x9C,0xF7,0x9C,0xF7,
    0xBC,0xFF,0x7B,0xF7,0x9C,0xFF,0x9C,0xFF,0xBC,0xFF,0x7B,0xF7,0x7B,0xF7,0x5B,0xF7,
    0x7B,0xF7,0x5B,0xF7,0x5B,0xF7,0x7B,0xF7,0x7B,0xF7,0x9B,0xF7,0x9C,0xF7,0x9C,0xFF,
    0x9C,0xF7,0x9C,0xFF,0x9C,0xFF,0x9C,0xF7,0x9C,0xF7,0x9C,0xF7,0x9C,0xF7,0x9C,0xF7,
    0xBC,0xFF,0x9C,0xFF,0xBC,0xFF,0x7C,0xF7,0x9C,0xF7,0x9C,0xFF,0xBC,0xFF,0xBC,0xFF,
    0xBC,0xFF,0xBC,0xFF,0x9C,0xFF,0x9C,0xF7,0x9C,0xFF,0x7C,0xF7,0x9C,0xFF,0xBC,0xFF,
    0x9C,0xF7,0x9C,0xFF,0x9C,0xF7,0x7C,0xF7,0x7B,0xF7,0x9C,0xFF,0x9C,0xF7,0xBC,0xFF,
    0x9C,0xFF,0xBC,0xFF,0x9C,0xFF,0x9C,0xF7,0x9C,0xF7,0x9C,0xF7,0x9C,0xF7,0x9C,0xFF,
    0x9C,0xF7,0x9C,0xFF,0x9C,0xF7,0xBC,0xFF,0x9C,0xF7,0x9C,0xFF,0x7B,0xF7,0xBC,0xFF,
    0x9C,0xFF,0x9C,0xF7,0x9C,0xF7,0x9C,0xFF,0x7B,0xF7,0x9C,0xFF,0x9C,0xF7,0x7C,0xF7,
    0x9C,0xFF,0x9C,0xFF,0x7C,0xF7,0x9C,0xFF,0x9C,0xF7,0x9B,0xF7,0x9B,0xF7,0x7B,0xF7,
    0x7B,0xF7,0x9B,0xF7,0x7B,0xF7,0x7B,0xF7,0x9C,0xF7,0xBC,0xFF,0x9C,0xFF,0x7C,0xF7,
    0xBC,0xFF,0x9C,0xFF,0x7B,0xF7,0x9C,0xF7,0xBC,0xFF,0xBC,0xFF,0x9C,0xFF,0x9C,0xFF,
    0x9C,0xFF,0x9C,0xF7,0x7B,0xF7,0x9C,0xF7,0x7B,0xF7,0xAA,0x83,0x49,0x7B,0x49,0x7B,
    0x49,0x7B,0x8A,0x83,0xAA,0x83,0x7B,0xF7,0x7B,0xF7,0xBC,0xFF,0x9C,0xFF,0x7C,0xF7,
    0x9C,0xFF,0x9C,0xFF,0x9C,0xFF,0xBC,0xFF,0x9C,0xFF,0x9C,0xF7,0x9C,0xFF,0x9C,0xF7,
    0xBC,0xFF,0xBC,0xFF,0x9C,0xF7,0xBC,0xFF,0x9C,0xFF,0x9C,0xF7,0x7C,0xF7,0x9C,0xF7,
    0x7C,0xF7,0x9C,0xF7,0x9C,0xF7,0x9C,0xF7,0x9C,0xF7,0x7C,0xF7,0x7B,0xF7,0x9C,0xF7,
    0x9C,0xFF,0x9C,0xFF,0x9C,0xFF,0x7B,0xF7,0x9C,0xFF,0x9C,0xFF,0x9C,0xF7,0x9C,0xF7,
    0x9C,0xF7,0xBC,0xFF,0x9C,0xFF,0x9C,0xFF,0x9C,0xF7,0xBC,0xFF,0x7B,0xF7,0x7B,0xF7,
    0x9B,0xF7,0x7B,0xF7,0x7B,0xF7,0x9C,0xFF,0x9C,0xFF,0xBC,0xFF,0x9C,0xF7,0xBC,0xFF,
    0x9C,0xF7,0xBC,0xFF,0x7C,0xF7,0x9C,0xF7,0x9C,0xFF,0x9C,0xFF,0x9C,0xFF,0x9C,0xF7,
    0x9C,0xFF,0x9C,0xFF,0xBC,0xFF,0x7B,0xF7,0x7B,0xF7,0xAA,0x83,0x8A,0x83,0x8A,0x83,
    0x8A,0x83,0x8A,0x83,0x8A,0x83,0xAA,0x83,0x7B,0xF7,0x9C,0xFF,0x9C,0xFF,0x9C,0xF7,
    0xBC,0xFF,0x9C,0xFF,0x7B,0xF7,0x9B,0xF7,0x7B,0xF7,0x9C,0xFF,0x9C,0xFF,0xBC,0xFF,
    0x9C,0xF7,0x7C,0xF7,0x9C,0xFF,0xBC,0xFF,0x9C,0xFF,0x5B,0xF7,0x6A,0x83,0x49,0x7B,
    0x6A,0x83,0x5B,0xF7,0x9C,0xF7,0xBC,0xFF,0x9C,0xF7,0x9C,0xF7,0x7B,0xF7,0xBC,0xFF,
    0x7C,0xF7,0x7C,0xF7,0x9C,0xFF,0xBC,0xFF,0x9C,0xF7,0xFD,0xFF,0x7C,0xF7,0x9C,0xFF,
    0x9C,0xFF,0xBC,0xFF,0x9C,0xF7,0xBC,0xFF,0x9C,0xFF,0x9C,0xFF,0x9C,0xF7,0x7C,0xF7,
    0x7B,0xF7,0x7B,0xF7,0xBC,0xFF,0x9C,0xFF,0x9C,0xF7,0x7C,0xF7,0x9C,0xF7,0x9C,0xFF,
    0x9C,0xF7,0x9C,0xFF,0x9C,0xFF,0x9C,0xFF,0x9C,0xFF,0x9C,0xFF,0x9C,0xF7,0xBC,0xFF,
    0x9C,0xFF,0x7C,0xF7,0xBC,0xFF,0x9C,0xFF,0x9C,0xF7,0x9B,0xF7,0xAA,0x83,0x8A,0x83,
    0x8A,0x83,0x8A,0x83,0xAA,0x83,0x7B,0xF7,0xBC,0xFF,0x9C,0xF7,0x7C,0xF7,0x9C,0xF7,
    0x9C,0xF7,0x7C,0xF7,0x9C,0xF7,0x9C,0xFF,0x9C,0xFF,0x7B,0xF7,0x9C,0xFF,0x9C,0xF7,
    0x7B,0xF7,0x7B,0xF7,0x9C,0xFF,0x9C,0xF7,0xBC,0xFF,0x9C,0xF7,0x9B,0xF7,0x7B,0xF7,
    0x9B,0xF7,0x7B,0xF7,0x9B,0xF7,0x7B,0xF7,0x9C,0xFF,0x9C,0xF7,0x7B,0xF7,0xBC,0xFF,
    0x9C,0xF7,0x9B,0xF7,0xAA,0x83,0x8A,0x83,0x8A,0x83,0xAA,0x83,0x7B,0xF7,0x9C,0xF7,
    0x9C,0xFF,0x7C,0xF7,0x9C,0xF7,0x9C,0xF7,0x9C,0xFF,0x7C,0xF7,0x9B,0xF7,0x9B,0xF7,
    0x7B,0xF7,0x9C,0xFF,0x9C,0xFF,0x9C,0xF7,0x9C,0xFF,0x9C,0xF7,0x9C,0xFF,0xBC,0xFF,
    0x9B,0xF7,0x7B,0xF7,0x9C,0xFF,0x9B,0xF7,0x7B,0xF7,0x9C,0xF7,0x9B,0xF7,0x9C,0xF7,
    0x7C,0xF7,0xBC,0xFF,0x9C,0xF7,0x7C,0xF7,0x9C,0xFF,0xBC,0xFF,0x9C,0xF7,0x9C,0xFF,
    0x9C,0xF7,0x9C,0xF7,0xBC,0xFF,0x9C,0xF7,0x9C,0xF7,0x9B,0xF7,0x7B,0xF7,0x7B,0xF7,
    0x9B,0xF7,0x9C,0xFF,0x7B,0xF7,0x7C,0xF7,0x9C,0xF7,0x9C,0xF7,0x9C,0xF7,0xBC,0xFF,
    0x9C,0xF7,0x9C,0xF7,0xBC,0xFF,0x9C,0xFF,0x9C,0xFF,0x7B,0xF7,0x5B,0xF7,0x5B,0xF7,
    0x5B,0xF7,0x7B,0xF7,0x9C,0xF7,0x9C,0xFF,0x9C,0xF7,0x7C,0xF7,0x7C,0xF7,0x9C,0xFF,
    0x9C,0xF7,0x9C,0xF7,0x9C,0xF7,0x9C,0xF7,0x9C,0xFF,0x9C,0xFF,0x7B,0xF7,0x9C,0xF7,
    0x7C,0xF7,0x9C,0xF7,0x9C,0xFF,0x9C,0xFF,0x9C,0xFF,0x9C,0xFF,0x9C,0xF7,0xBD,0xFF,
    0x9C,0xFF,0xBC,0xFF,0x7C,0xF7,0x9C,0xF7,0x9C,0xF7,0x9C,0xFF,0x9C,0xF7,0x7C,0xF7,
    0x7C,0xF7,0x9C,0xFF,0x7B,0xF7,0x9B,0xF7,0x7B,0xF7,0x9B,0xF7,0xBC,0xFF,0x7C,0xF7,
    0x9C,0xF7,0x9C,0xF7,0x9C,0xF7,0xBC,0xFF,0xBC,0xFF,0x9C,0xFF,0x9C,0xFF,0x9C,0xF7,
    0x9C,0xF7,0x9C,0xF7,0x9C,0xFF,0x9C,0xF7,0x9C,0xF7,0x7C,0xF7,0x9C,0xFF,0x7B,0xF7,
    0xAA,0x83,0x8A,0x83,0x8A,0x83,0x8A,0x83,0x8A,0x83,0x8A,0x83,0xAA,0x83,0x7B,0xF7,
    0xBC,0xFF,0x9C,0xFF,0xBC,0xFF,0x9C,0xFF,0x9C,0xFF,0x9C,0xFF,0x9C,0xF7,0x7C,0xF7,
    0x9C,0xFF,0x9C,0xFF,0x9C,0xF7,0x7B,0xF7,0xAA,0x83,0x8A,0x83,0x49,0x7B,0x49,0x7B,
    0x49,0x7B,0x8A,0x83,0xAA,0x83,0x7B,0xF7,0x9C,0xFF,0x9C,0xF7,0x9C,0xFF,0x7C,0xF7,
    0x9C,0xF7,0x7C,0xF7,0x9C,0xFF,0x5B,0xEF,0xAA,0x83,0x8A,0x83,0x8A,0x83,0x8A,0x83,
    0xAA,0x83,0x7B,0xF7,0x9C,0xFF,0x9C,0xFF,0x9C,0xFF,0x9C,0xFF,0x9C,0xFF,0x9C,0xF7,
    0x9C,0xFF,0x9C,0xFF,0x9C,0xFF,0x9C,0xFF,0x7B,0xF7,0x9C,0xFF,0x9C,0xF7,0xBC,0xFF,
    0x9C,0xFF,0x9C,0xFF,0xBC,0xFF,0x9C,0xF7,0xBC,0xFF,0x9C,0xFF,0x7B,0xF7,0x9C,0xF7,
    0x9C,0xF7,0x7C,0xF7,0x7B,0xF7,0x9C,0xFF,0x9C,0xF7,0x9C,0xFF,0x9C,0xFF,0x7B,0xF7,
    0x9C,0xFF,0x5B,0xF7,0x9C,0xF7,0x7C,0xF7,0x7C,0xF7,0x7B,0xF7,0x9C,0xF7,0x9C,0xFF,
    0x9C,0xF7,0x7C,0xF7,0x9C,0xFF,0x9C,0xFF,0xBC,0xFF,0x9C,0xFF,0x9C,0xF7,0x9C,0xFF,
    0xBC,0xFF,0x9C,0xF7,0x9C,0xF7,0x9C,0xFF,0x9C,0xFF,0x9C,0xF7,0x9C,0xFF,0x7B,0xF7,
    0x7B,0xF7,0x7B,0xF7,0x7B,0xF7,0x3B,0xEF,0x5B,0xF7,0x3B,0xEF,0x9B,0xF7,0x7B,0xF7,
    0x9C,0xFF,0x9C,0xF7,0x9C,0xF7,0x9C,0xF7,0x9C,0xFF,0xBC,0xFF,0x9C,0xFF,0x9C,0xFF,
    0x9C,0xFF,0x9C,0xF7,0x9C,0xFF,0x9C,0xFF,0x9C,0xFF,0x7B,0xF7,0x6A,0x83,0x49,0x7B,
    0x6A,0x83,0x7B,0xF7,0x7B,0xF7,0xBC,0xFF,0x9C,0xF7,0xBC,0xFF,0xBC,0xFF,0xBC,0xFF,
    0x7B,0xF7,0x9C,0xFF,0x9C,0xFF,0x7C,0xF7,0x7B,0xF7,0x7B,0xF7,0x9B,0xF7,0x9B,0xF7,
    0x7B,0xF7,0x9C,0xFF,0x9C,0xF7,0x9C,0xF7,0xDD,0xFF,0x9C,0xFF,0x7B,0xF7,0x9C,0xF7,
    0x9C,0xF7,0x7C,0xF7,0x9C,0xFF,0x9C,0xF7,0x9C,0xF7,0x9C,0xFF,0x9C,0xFF,0x9C,0xFF,
    0x9C,0xF7,0xBC,0xFF,0xBC,0xFF,0x9C,0xF7,0x9C,0xFF,0x9C,0xFF,0x9C,0xFF,0x9C,0xFF,
    0x9C,0xF7,0xBC,0xFF,0xBC,0xFF,0x7B,0xF7,0x7B,0xF7,0x9B,0xF7,0x9C,0xFF,0x9C,0xFF,
    0x9C,0xF7,0x7C,0xF7,0x9C,0xFF,0x9C,0xFF,0x7B,0xF7,0x9C,0xF7,0x7C,0xF7,0x9C,0xFF,
    0x9C,0xFF,0x9C,0xFF,0x7B,0xF7,0x9C,0xFF,0x9C,0xF7,0x9C,0xFF,0x9C,0xFF,0x7B,0xF7,
    0xBC,0xFF,0x9C,0xF7,0x9C,0xFF,0x9C,0xFF,0xBC,0xFF,0x9C,0xF7,0xBC,0xFF,0x7B,0xF7,
    0x9C,0xFF,0x9C,0xFF,0x7B,0xF7,0xAA,0x83,0x8A,0x83,0xAA,0x83,0x7B,0xF7,0x9C,0xFF,
    0x7B,0xF7,0x9C,0xF7,0x9C,0xFF,0xBC,0xFF,0x9C,0xF7,0xBC,0xFF,0x9C,0xFF,0xBD,0xFF,
    0xBC,0xFF,0xBC,0xFF,0x9C,0xFF,0x9C,0xF7,0x9C,0xF7,0x9C,0xFF,0x7B,0xF7,0x7B,0xF7,
    0x7B,0xF7,0x9C,0xFF,0x9C,0xF7,0x7C,0xF7,0x9C,0xFF,0x7C,0xF7,0x9C,0xFF,0x9C,0xFF,
    0xBC,0xFF,0xBC,0xFF,0x9C,0xFF,0x9C,0xFF,0x9C,0xFF,0x9C,0xF7,0x9C,0xF7,0xBC,0xFF,
    0xBC,0xFF,0x9C,0xFF,0x9C,0xF7,0x9C,0xF7,0x9C,0xFF,0x9C,0xFF,0xBC,0xFF,0x9C,0xFF,
    0x7C,0xF7,0x9C,0xFF,0x9C,0xFF,0x9C,0xF7,0xBC,0xFF,0x9C,0xF7,0x9C,0xF7,0x9C,0xF7,
    0x7C,0xF7,0xBC,0xFF,0x9C,0xF7,0xBC,0xFF,0xBC,0xFF,0x9C,0xF7,0xBC,0xFF,0x9C,0xF7,
    0xBC,0xFF,0x7C,0xF7,0x7B,0xF7,0xAA,0x83,0x8A,0x83,0x6A,0x83,0x5B,0xEF,0x9B,0xF7,
    0x7B,0xF7,0x7B,0xF7,0x7B,0xF7,0x9C,0xF7,0x9C,0xFF,0x9C,0xFF,0x9C,0xF7,0x9C,0xF7,
    0x9C,0xFF,0x9C,0xF7,0xBC,0xFF,0xBC,0xFF,0x9C,0xF7,0x9C,0xF7,0x7C,0xF7,0x7B,0xF7,
    0x7B,0xF7,0x7B,0xF7,0x7B,0xF7,0x7B,0xF7,0x9B,0xF7,0x9B,0xF7,0xBC,0xFF,0x9C,0xFF,
    0x9C,0xF7,0x9C,0xF7,0x9C,0xF7,0x7B,0xF7,0x7B,0xF7,0x5B,0xF7,0x7C,0xF7,0x9C,0xF7,
    0x9C,0xFF,0x9C,0xFF,0x9C,0xFF,0x9C,0xF7,0x9C,0xFF,0x7B,0xF7,0x9C,0xF7,0x9C,0xFF,
    0x7C,0xF7,0x9C,0xFF,0xBC,0xFF,0xBC,0xFF,0x9C,0xF7,0x9C,0xF7,0x9C,0xFF,0xBC,0xFF,
    0xBC,0xFF,0x9C,0xF7,0x7C,0xF7,0x9C,0xFF,0x7C,0xF7,0xBC,0xFF,0x9C,0xF7,0x7B,0xF7,
    0xBC,0xFF,0x9C,0xFF,0xBC,0xFF,0x9C,0xF7,0x9C,0xF7,0x9C,0xF7,0x9C,0xF7,0x9C,0xF7,
    0x9C,0xF7,0x9C,0xFF,0x9C,0xF7,0x9C,0xFF,0x9C,0xFF,0x7B,0xF7,0xBC,0xFF,0x9C,0xF7,
    0x7B,0xF7,0x9C,0xFF,0x9C,0xFF,0x9C,0xF7,0x9C,0xF7,0x9C,0xFF,0x9C,0xFF,0x9C,0xF7,
    0x9C,0xF7,0x9C,0xF7,0x9C,0xF7,0x9C,0xF7,0x9C,0xF7,0x7B,0xF7,0x9C,0xFF,0x9C,0xFF,
    0x7B,0xF7,0x7B,0xF7,0x5B,0xF7,0x5B,0xF7,0x1A,0xEF,0x49,0x7B,0x49,0x7B,0x8A,0x83,
    0x8A,0x83,0x8A,0x83,0xAA,0x83,0x7B,0xF7,0x9C,0xF7,0x9C,0xF7,0x7C,0xF7,0x9C,0xFF,
    0x9C,0xFF,0x9C,0xFF,0x9C,0xFF,0xBC,0xFF,0x9C,0xFF,0x9C,0xF7,0x7B,0xF7,0x6A,0x83,
    0x49,0x7B,0x49,0x7B,0x49,0x7B,0x49,0x7B,0x49,0x7B,0x6A,0x83,0x7B,0xF7,0x9C,0xFF,
    0x9C,0xFF,0xBC,0xFF,0x9C,0xF7,0x9C,0xFF,0x9C,0xFF,0x9C,0xFF,0x9C,0xFF,0x9C,0xF7,
    0xBC,0xFF,0x9C,0xF7,0x9C,0xF7,0x9C,0xFF,0x9C,0xFF,0x7C,0xF7,0x7B,0xF7,0x9C,0xF7,
    0x7B,0xF7,0x7C,0xF7,0x9C,0xF7,0x9C,0xF7,0x7C,0xF7,0x9C,0xF7,0x7B,0xF7,0x9C,0xF7,
    0x7B,0xF7,0x9B,0xF7,0x7B,0xF7,0x9C,0xFF,0x9C,0xF7,0x7C,0xF7,0x9C,0xF7,0x9C,0xFF,
    0x9C,0xFF,0x9C,0xF7,0x9C,0xF7,0x9C,0xF7,0x7C,0xF7,0x9C,0xF7,0x9C,0xFF,0x9C,0xF7,
    0x9C,0xF7,0x7C,0xF7,0x9C,0xFF,0x9C,0xFF,0x7B,0xF7,0x9C,0xFF,0x9C,0xFF,0xBC,0xFF,
    0x9C,0xFF,0x7C,0xF7,0x9C,0xFF,0x9C,0xFF,0x9C,0xF7,0x9C,0xFF,0x9C,0xFF,0x9C,0xFF,
    0x9C,0xF7,0x9C,0xF7,0x9C,0xFF,0x9C,0xFF,0x7C,0xF7,0x9C,0xFF,0xBC,0xFF,0x7B,0xF7,
    0xAA,0x83,0x8A,0x83,0x8A,0x83,0x8A,0x83,0x8A,0x83,0x49,0x7B,0x49,0x7B,0x3A,0xEF,
    0x7B,0xF7,0x7B,0xF7,0x7B,0xF7,0x9C,0xFF,0x9C,0xFF,0xBC,0xFF,0x7C,0xF7,0x9C,0xFF,
    0x9C,0xF7,0xBC,0xFF,0x9C,0xFF,0xBC,0xFF,0x9C,0xF7,0x7C,0xF7,0x5B,0xF7,0x6A,0x83,
    0x49,0x7B,0x49,0x7B,0x49,0x7B,0x49,0x7B,0x49,0x7B,0x6A,0x83,0x7B,0xF7,0x9C,0xF7,
    0x9C,0xF7,0x9C,0xF7,0x9C,0xF7,0x9C,0xF7,0xBC,0xFF,0x9C,0xF7,0xBC,0xFF,0xBC,0xFF,
    0x9C,0xFF,0x9C,0xFF,0x9C,0xFF,0x9C,0xF7,0x9C,0xF7,0x9C,0xF7,0x7B,0xF7,0x9C,0xFF,
    0x7C,0xF7,0x9C,0xF7,0x9C,0xFF,0x9C,0xF7,0x7B,0xF7,0x9C,0xF7,0x5B,0xF7,0x7B,0xF7,
    0xAA,0x83,0x8A,0x83,0xAA,0x83,0x7B,0xF7,0xBC,0xFF,0x9C,0xFF,0x7C,0xF7,0x9C,0xFF,
    0x9C,0xF7,0x9C,0xF7,0x9C,0xF7,0x9C,0xF7,0xBC,0xFF,0x7B,0xF7,0xBC,0xFF,0x9C,0xFF,
    0x9C,0xFF,0x9C,0xFF,0x9C,0xF7,0x9C,0xF7,0xBC,0xFF,0x9C,0xFF,0x9C,0xFF,0x9C,0xF7,
    0x9C,0xF7,0x9C,0xF7,0x9C,0xFF,0x9C,0xF7,0x7B,0xF7,0x9C,0xF7,0x7B,0xF7,0x9C,0xF7,
    0x9C,0xF7,0x9C,0xFF,0x9C,0xF7,0x9C,0xF7,0x7B,0xF7,0xBC,0xFF,0x9C,0xFF,0x9C,0xF7,
    0x7B,0xF7,0x7B,0xF7,0x7B,0xF7,0x9B,0xF7,0x5B,0xEF,0x6A,0x83,0x49,0x7B,0xAA,0x83,
    0x9B,0xF7,0xBC,0xFF,0x7B,0xF7,0x9C,0xF7,0x9C,0xF7,0x9C,0xFF,0xBC,0xFF,0xBC,0xFF,
    0x9C,0xFF,0x9C,0xFF,0x7C,0xF7,0x7B,0xF7,0x9C,0xF7,0x9C,0xF7,0x9C,0xF7,0x7B,0xF7,
    0x7B,0xF7,0x7B,0xF7,0x9B,0xF7,0x7B,0xF7,0x7B,0xF7,0x9C,0xFF,0xBC,0xFF,0x7C,0xF7,
    0xBC,0xFF,0x9C,0xFF,0xBC,0xFF,0x9C,0xF7,0xBC,0xFF,0x7B,0xF7,0x9C,0xF7,0x9C,0xF7,
    0xBC,0xFF,0xBC,0xFF,0x9C,0xFF,0xBC,0xFF,0x9C,0xFF,0x9C,0xFF,0x9C,0xF7,0x9C,0xF7,
    0x9C,0xFF,0x9C,0xFF,0x7C,0xF7,0x7C,0xF7,0x9C,0xFF,0x9C,0xF7,0x7B,0xF7,0x7B,0xF7,
    0x7B,0xF7,0x7B,0xF7,0x7B,0xF7,0x7B,0xF7,0x7C,0xF7,0x9C,0xFF,0x9C,0xF7,0x9C,0xFF,
    0x9C,0xFF,0x7B,0xF7,0x9C,0xF7,0x9B,0xF7,0x7B,0xF7,0x7B,0xF7,0x7B,0xF7,0x9C,0xFF,
    0x9C,0xF7,0x9C,0xFF,0x7C,0xF7,0xBC,0xFF,0x9C,0xF7,0x9C,0xFF,0xBC,0xFF,0x9C,0xFF,
    0x9C,0xF7,0x9C,0xF7,0x9C,0xFF,0x9C,0xFF,0x9C,0xF7,0x9C,0xF7,0xBC,0xFF,0x9C,0xF7,
    0xBC,0xFF,0x9C,0xF7,0x9C,0xF7,0xBC,0xFF,0xBC,0xFF,0x9C,0xF7,0xBC,0xFF,0x9C,0xF7,
    0x7B,0xF7,0x9C,0xF7,0x9C,0xFF,0x7C,0xF7,0x9C,0xFF,0x7B,0xF7,0x9C,0xFF,0x9C,0xF7,
    0x9C,0xFF,0x7B,0xF7,0x7C,0xF7,0x9C,0xFF,0x9C,0xF7,0x9C,0xF7,0x9C,0xFF,0x9C,0xF7,
    0x9C,0xFF,0x9C,0xF7,0x9C,0xF7,0x9C,0xFF,0xBC,0xFF,0x9C,0xF7,0x9C,0xFF,0x7C,0xF7,
    0x9C,0xFF,0x7B,0xF7,0x9C,0xF7,0x7B,0xF7,0x9C,0xF7,0x9C,0xF7,0x9C,0xFF,0x9C,0xFF,
    0x9C,0xFF,0x9C,0xF7,0x7C,0xF7,0xBD,0xFF,0x9C,0xF7,0x7C,0xF7,0x9C,0xFF,0x9C,0xFF,
    0x9C,0xF7,0x9C,0xF7,0x9C,0xF7,0x9C,0xFF,0x9C,0xFF,0x9C,0xF7,0x9C,0xF7,0x9C,0xF7,
    0x9C,0xFF,0x9C,0xFF,0x9C,0xFF,0x9C,0xFF,0x7C,0xF7,0x9C,0xFF,0x9C,0xFF,0x7C,0xF7,
    0x7C,0xF7,0x9C,0xFF,0xBC,0xFF,0x9C,0xF7,0x7C,0xF7,0x9C,0xFF,0x9C,0xF7,0x9C,0xF7,
    0x9C,0xFF,0x5B,0xF7,0xAA,0x83,0x8A,0x83,0x8A,0x83,0x8A,0x83,0xAA,0x83,0x7B,0xF7,
    0x9C,0xFF,0x9C,0xFF,0x7C,0xF7,0x7C,0xF7,0x9C,0xFF,0x9C,0xF7,0x9C,0xF7,0x9C,0xF7,
    0xBC,0xFF,0xBC,0xFF,0x7B,0xF7,0x7B,0xF7,0x9C,0xFF,0x9C,0xFF,0xBC,0xFF,0x9C,0xF7,
    0x9C,0xF7,0x9C,0xFF,0x7C,0xF7,0x9C,0xFF,0x9C,0xF7,0x7C,0xF7,0x7B,0xF7,0x9C,0xF7,
    0x9C,0xFF,0x9C,0xFF,0x9C,0xF7,0x9C,0xFF,0xBC,0xFF,0xBC,0xFF,0x9C,0xF7,0xBC,0xFF,
    0x9C,0xFF,0x9C,0xF7,0x9C,0xFF,0x9C,0xFF,0xBC,0xFF,0x7C,0xF7,0x7C,0xF7,0x9C,0xFF,
    0x9C,0xFF,0x9C,0xF7,0x9C,0xF7,0x9C,0xF7,0x9C,0xF7,0x9C,0xFF,0x7C,0xF7,0x9C,0xFF,
    0x9C,0xFF,0x7C,0xF7,0x9C,0xF7,0x9C,0xFF,0x9C,0xFF,0x7B,0xF7,0x9C,0xF7,0x9C,0xFF,
    0x9C,0xFF,0x9C,0xF7,0x9C,0xFF,0x9C,0xFF,0x9C,0xFF,0x9C,0xFF,0x9C,0xF7,0x9C,0xF7,
    0x9C,0xFF,0x9C,0xFF,0xBC,0xFF,0x9C,0xFF,0x9C,0xF7,0x7B,0xF7,0x7C,0xF7,0x9C,0xF7,
    0x9C,0xF7,0x9C,0xF7,0x9C,0xFF,0xBC,0xFF,0x9C,0xF7,0x9C,0xFF,0x7C,0xF7,0x9C,0xFF,
    0x9C,0xFF,0x9C,0xF7,0x9C,0xF7,0xBC,0xFF,0x9C,0xF7,0xBC,0xFF,0x7C,0xF7,0x9C,0xF7,
    0x7C,0xF7,0x9C,0xFF,0x7B,0xF7,0x7B,0xF7,0x5B,0xF7,0x7B,0xF7,0x7B,0xF7,0x7B,0xF7,
    0x9C,0xFF,0xBC,0xFF,0xBC,0xFF,0x7B,0xF7,0x9C,0xF7,0xBC,0xFF,0x9C,0xFF,0xBC,0xFF,
    0x7B,0xF7,0x7B,0xF7,0x9C,0xFF,0x9C,0xFF,0x9C,0xFF,0x9C,0xF7,0xDD,0xFF,0x9C,0xFF,
    0x9C,0xFF,0x9C,0xF7,0x9C,0xFF,0xBC,0xFF,0x9C,0xFF,0x9C,0xFF,0x7C,0xF7,0xBC,0xFF,
    0xBC,0xFF,0x9C,0xF7,0x7C,0xF7,0xBC,0xFF,0x9C,0xF7,0x9C,0xFF,0x7C,0xF7,0x7B,0xF7,
    0xBC,0xFF,0x9C,0xFF,0x9C,0xFF,0x7B,0xF7,0x7B,0xF7,0x9B,0xF7,0x9B,0xF7,0x7B,0xF7,
    0x7B,0xF7,0x9C,0xFF,0x9C,0xFF,0x9C,0xFF,0x9C,0xF7,0xBD,0xFF,0x9C,0xFF,0xBC,0xFF,
    0x9C,0xFF,0x9C,0xFF,0x9C,0xFF,0x9C,0xF7,0x9C,0xFF,0xBC,0xFF,0xBC,0xFF,0xBC,0xFF,
    0x7C,0xF7,0x9C,0xF7,0x9C,0xF7,0x9C,0xF7,0x9C,0xFF,0xBC,0xFF,0x7C,0xF7,0x9C,0xFF,
    0x9C,0xFF,0x9C,0xFF,0xBC,0xFF,0x7C,0xF7,0x9C,0xF7,0x9C,0xFF,0x9C,0xF7,0x9C,0xF7,
    0xBC,0xFF,0x9C,0xF7,0x7C,0xF7,0x9C,0xF7,0x9C,0xF7,0x7B,0xF7,0x7B,0xF7,0x7B,0xF7,
    0x7B,0xF7,0x9C,0xF7,0xBC,0xFF,0x9C,0xFF,0x9C,0xFF,0x9C,0xFF,0x9C,0xF7,0x9C,0xF7,
    0x9C,0xF7,0x9C,0xFF,0x9C,0xFF,0x9C,0xFF,0x9C,0xFF,0xBC,0xFF,0x9C,0xF7,0x7B,0xF7,
    0x9B,0xF7,0x9C,0xF7,0xBC,0xFF,0x9C,0xF7,0x9C,0xFF,0x9C,0xF7,0xBC,0xFF,0x9C,0xF7,
    0x9C,0xFF,0x9C,0xFF,0x9C,0xF7,0x9C,0xF7,0x7B,0xF7,0x9C,0xFF,0x9C,0xF7,0x9C,0xF7,
    0x9C,0xF7,0x7B,0xF7,0x7B,0xF7,0xBD,0xFF,0x9C,0xFF,0x9C,0xFF,0xBC,0xFF,0x9C,0xF7,
    0x7B,0xF7,0x9C,0xF7,0x9C,0xFF,0x9C,0xF7,0x7C,0xF7,0x9C,0xF7,0x9C,0xFF,0x9C,0xFF,
    0x9C,0xF7,0xBC,0xFF,0x7B,0xF7,0xAA,0x83,0x8A,0x83,0x8A,0x83,0x8A,0x83,0x8A,0x83,
    0xAA,0x83,0x7B,0xF7,0x7B,0xF7,0xBC,0xFF,0x9C,0xFF,0x9C,0xF7,0x9C,0xFF,0x9C,0xF7,
    0x9C,0xF7,0x7C,0xF7,0xBC,0xFF,0x9C,0xF7,0xBC,0xFF,0x9C,0xFF,0x7C,0xF7,0x9C,0xFF,
    0x9C,0xFF,0x9C,0xFF,0x9C,0xF7,0xBC,0xFF,0x7B,0xF7,0xBC,0xFF,0x7C,0xF7,0x9C,0xFF,
    0x9C,0xFF,0x9C,0xFF,0x9C,0xFF,0xBC,0xFF,0x9C,0xFF,0xBC,0xFF,0x9C,0xF7,0x7B,0xF7,
    0x9C,0xF7,0x9C,0xF7,0x9C,0xF7,0x9B,0xF7,0xAA,0x83,0x8A,0x83,0x8A,0x83,0x8A,0x83,
    0xAA,0x83,0x7B,0xF7,0x9C,0xF7,0x9C,0xF7,0x9C,0xF7,0x7C,0xF7,0xBC,0xFF,0x9C,0xF7,
    0xBC,0xFF,0x7B,0xF7,0x9C,0xFF,0x9C,0xF7,0x7B,0xF7,0x7B,0xF7,0x7B,0xF7,0xAA,0x83,
    0x8A,0x83,0xAA,0x83,0x9B,0xF7,0x9C,0xFF,0xBC,0xFF,0xBC,0xFF,0x9C,0xFF,0xBC,0xFF,
    0x9C,0xF7,0x9C,0xFF,0x9C,0xFF,0x9C,0xFF,0x7B,0xF7,0x9C,0xF7,0x9C,0xFF,0x9C,0xFF,
    0xBC,0xFF,0x9C,0xFF,0x7C,0xF7,0x9C,0xF7,0xBC,0xFF,0x9C,0xF7,0x9C,0xF7,0x9C,0xF7,
    0xBC,0xFF,0x9C,0xF7,0x9C,0xF7,0x9C,0xFF,0x9C,0xFF,0x9C,0xF7,0x7B,0xF7,0x9C,0xFF,
    0x9C,0xF7,0x7C,0xF7,0x9C,0xF7,0x7B,0xF7,0x7B,0xF7,0x7B,0xF7,0x9B,0xF7,0x9B,0xF7,
    0x9C,0xF7,0x9C,0xFF,0x9C,0xF7,0x9C,0xFF,0x9C,0xFF,0x9C,0xFF,0xBC,0xFF,0x9C,0xFF,
    0x7B,0xF7,0x5B,0xF7,0x9C,0xFF,0x7C,0xF7,0x9C,0xF7,0x7C,0xF7,0x9C,0xFF,0x7B,0xF7,
    0x7B,0xF7,0x7B,0xF7,0x9C,0xF7,0x9C,0xF7,0x9C,0xF7,0x7C,0xF7,0xBC,0xFF,0x9C,0xFF,
    0x9C,0xF7,0x9C,0xF7,0x9C,0xFF,0x9C,0xFF,0x9C,0xF7,0x9C,0xF7,0xBC,0xFF,0x9C,0xFF,
    0x9C,0xF7,0x7B,0xF7,0x7C,0xF7,0x9C,0xFF,0x5B,0xF7,0x7B,0xF7,0x7B,0xF7,0x9B,0xF7,
    0x9C,0xF7,0x7C,0xF7,0x9C,0xFF,0x9C,0xF7,0x7B,0xF7,0x7B,0xF7,0x7B,0xF7,0x9C,0xFF,
    0x9C,0xF7,0x9C,0xF7,0x9C,0xFF,0xBC,0xFF,0x9C,0xF7,0xBC,0xFF,0x9C,0xF7,0x7B,0xF7,
    0x9B,0xF7,0x7B,0xF7,0x7C,0xF7,0x9C,0xFF,0x9C,0xF7,0xBC,0xFF,0x9C,0xFF,0x9C,0xF7,
    0xBC,0xFF,0x9C,0xF7,0x7C,0xF7,0x7C,0xF7,0x7C,0xF7,0x9C,0xFF,0x7B,0xF7,0x7C,0xF7,
    0xBC,0xFF,0x9C,0xFF,0x9C,0xFF,0xBC,0xFF,0x9C,0xF7,0x9C,0xF7,0x9C,0xFF,0x9C,0xF7,
    0x9C,0xFF,0x9C,0xFF,0x7C,0xF7,0x9C,0xFF,0x9C,0xFF,0xBC,0xFF,0x9C,0xF7,0x7C,0xF7,
    0x9C,0xF7,0x9C,0xFF,0x9C,0xFF,0x9C,0xFF,0x7B,0xF7,0x9C,0xFF,0xBC,0xFF,0x9C,0xFF,
    0x9C,0xF7,0x7C,0xF7,0x9C,0xFF,0x9C,0xF7,0x9C,0xFF,0xBC,0xFF,0x7B,0xF7,0x7C,0xF7,
    0x9C,0xFF,0x9C,0xFF,0x9C,0xF7,0x9C,0xFF,0x7C,0xF7,0x9C,0xF7,0x7B,0xF7,0xAA,0x83,
    0x8A,0x83,0xAA,0x83,0x7B,0xF7,0x9C,0xFF,0xBC,0xFF,0x9C,0xFF,0x7C,0xF7,0x7C,0xF7,
    0x9C,0xF7,0x9C,0xFF,0x9C,0xFF,0x9C,0xF7,0x7C,0xF7,0x9C,0xF7,0x9C,0xF7,0x7B,0xF7,
    0x9C,0xF7,0x7B,0xF7,0xBC,0xFF,0x9C,0xFF,0x9C,0xF7,0x9C,0xF7,0x9C,0xFF,0x7C,0xF7,
    0xBC,0xFF,0x9C,0xFF,0x9C,0xF7,0x7B,0xF7,0xAA,0x83,0x8A,0x83,0xAA,0x83,0x9B,0xF7,
    0x9C,0xF7,0x9C,0xFF,0x9C,0xF7,0xBC,0xFF,0x9C,0xF7,0x9C,0xFF,0xBC,0xFF,0x9C,0xF7,
    0xBC,0xFF,0x7C,0xF7,0x9C,0xFF,0x9C,0xFF,0x9C,0xF7,0x9C,0xF7,0x7B,0xF7,0x9C,0xF7,
    0x9C,0xFF,0x9C,0xFF,0x9C,0xFF,0x9C,0xF7,0x9C,0xFF,0x9C,0xFF,0x9C,0xFF,0x9C,0xFF,
    0x9C,0xFF,0x9C,0xFF,0x7C,0xF7,0xBC,0xFF,0x9C,0xFF,0x9C,0xFF,0xBC,0xFF,0xBC,0xFF,
    0x9C,0xFF,0x9C,0xF7,0x9C,0xFF,0x9C,0xFF,0x7C,0xF7,0xBC,0xFF,0x7B,0xF7,0x7B,0xF7,
    0x9C,0xF7,0x9C,0xF7,0x7B,0xF7,0x9C,0xF7,0x9C,0xFF,0x9C,0xF7,0x9C,0xFF,0x9C,0xFF,
    0x9C,0xF7,0x7C,0xF7,0x9C,0xFF,0x7C,0xF7,0x9C,0xF7,0x9C,0xF7,0xBC,0xFF,0x9C,0xF7,
    0x9C,0xF7,0x7B,0xF7,0x9C,0xFF,0x9C,0xF7,0x7C,0xF7,0xBC,0xFF,0x7B,0xF7,0x3B,0xEF,
    0x3B,0xEF,0x5B,0xF7,0x7B,0xF7,0x7B,0xF7,0x9C,0xFF,0xBC,0xFF,0xBC,0xFF,0x9C,0xFF,
    0xBC,0xFF,0x9C,0xFF,0x9C,0xFF,0xBC,0xFF,0xBC,0xFF,0x9C,0xFF,0xBC,0xFF,0x7C,0xF7,
    0x9C,0xFF,0x9C,0xF7,0x9C,0xFF,0x7B,0xF7,0x7C,0xF7,0x9C,0xF7,0x7C,0xF7,0x9C,0xF7,
    0x9C,0xFF,0x9C,0xF7,0xBC,0xFF,0x9C,0xF7,0x9C,0xF7,0x7B,0xF7,0x9B,0xF7,0x7C,0xF7,
    0x9C,0xFF,0x9C,0xF7,0x9C,0xFF,0x9C,0xF7,0x7B,0xF7,0xBC,0xFF,0x7B,0xF7,0x7B,0xF7,
    0x9C,0xF7,0x9C,0xFF,0x7B,0xF7,0x9C,0xF7,0x9C,0xF7,0x7B,0xF7,0x7C,0xF7,0xBC,0xFF,
    0x9C,0xFF,0x9C,0xFF,0x9C,0xFF,0x9C,0xFF,0x9C,0xFF,0x9C,0xFF,0x7C,0xF7,0x9C,0xF7,
    0x7B,0xF7,0x9C,0xF7,0x9C,0xF7,0x9C,0xFF,0x9C,0xF7,0xBC,0xFF,0x9C,0xF7,0x9C,0xF7,
    0x9C,0xF7,0x9C,0xFF,0x9C,0xF7,0x7B,0xF7,0x9C,0xF7,0x9C,0xF7,0x7C,0xF7,0x9C,0xFF,
    0x9C,0xFF,0x9C,0xF7,0x9C,0xF7,0x9C,0xFF,0xBD,0xFF,0x9C,0xF7,0x9C,0xFF,0x7B,0xF7,
    0x9C,0xF7,0x9C,0xFF,0x9C,0xFF,0x9C,0xFF,0x9C,0xFF,0x9C,0xFF,0x9C,0xF7,0x7B,0xF7,
    0xBC,0xFF,0x9C,0xF7,0x9C,0xFF,0x9C,0xF7,0xBC,0xFF,0x7B,0xF7,0xAA,0x83,0x8A,0x83,
    0x8A,0x83,0x8A,0x83,0xAA,0x83,0x7B,0xF7,0x9C,0xF7,0x9C,0xF7,0x9C,0xFF,0x9C,0xF7,
    0x9C,0xFF,0xBC,0xFF,0x7C,0xF7,0x9C,0xFF,0x9C,0xFF,0x9C,0xFF,0x9C,0xFF,0x9C,0xFF,
    0x9C,0xFF,0x9C,0xF7,0x9C,0xFF,0x9C,0xF7,0x9C,0xF7,0x7C,0xF7,0x9C,0xFF,0x9C,0xFF,
    0x9C,0xFF,0x9C,0xF7,0x9C,0xFF,0x9C,0xFF,0xBC,0xFF,0xBC,0xFF,0x9C,0xF7,0x9C,0xF7,
    0x9C,0xF7,0x7C,0xF7,0x9C,0xFF,0x9C,0xFF,0x7C,0xF7,0x9C,0xFF,0x9C,0xFF,0x9C,0xFF,
    0x9C,0xF7,0x9C,0xF7,0x9C,0xFF,0xBC,0xFF,0x9C,0xFF,0x7B,0xF7,0x7C,0xF7,0x7B,0xF7,
    0x7C,0xF7,0x9C,0xF7,0xBC,0xFF,0x9C,0xFF,0x9C,0xF7,0x9C,0xF7,0xBC,0xFF,0x9C,0xF7,
    0x9C,0xFF,0x9C,0xF7,0x9C,0xFF,0xBC,0xFF,0x7B,0xF7,0x9C,0xF7,0x9C,0xF7,0x7C,0xF7,
    0x7B,0xF7,0x9C,0xFF,0xBC,0xFF,0x9C,0xFF,0x9C,0xFF,0xBC,0xFF,0x9C,0xF7,0xBC,0xFF,
    0x9C,0xF7,0x9C,0xF7,0x9C,0xF7,0xBC,0xFF,0x9C,0xF7,0x9C,0xFF,0xBC,0xFF,0x9C,0xFF,
    0x9C,0xFF,0x9C,0xF7,0xBC,0xFF,0x7C,0xF7,0x9C,0xF7,0x9C,0xFF,0x9C,0xF7,0x9C,0xFF,
    0x7C,0xF7,0x9C,0xF7,0xBC,0xFF,0x7B,0xF7,0x7C,0xF7,0x9C,0xF7,0x7B,0xF7,0x7B,0xF7,
    0x5B,0xF7,0x7B,0xF7,0x7B,0xF7,0x7C,0xF7,0x9C,0xFF,0xBC,0xFF,0x9C,0xF7,0x9C,0xFF,
    0x9C,0xFF,0x9C,0xF7,0x9C,0xFF,0x9C,0xFF,0x9C,0xFF,0x9C,0xF7,0x9C,0xF7,0x7C,0xF7,
    0xBC,0xFF,0x9C,0xF7,0x9C,0xF7,0x9C,0xF7,0x9C,0xF7,0x7B,0xF7,0xBC,0xFF,0x9C,0xF7,
    0xBC,0xFF,0x9C,0xF7,0x9C,0xFF,0x9C,0xF7,0x9C,0xFF,0x9C,0xF7,0x9C,0xF7,0x9C,0xFF,
    0x9C,0xFF,0x9C,0xFF,0x9C,0xF7,0x9C,0xF7,0xBC,0xFF,0x7B,0xF7,0x7C,0xF7,0x9C,0xFF,
    0x9C,0xFF,0x9C,0xF7,0x9C,0xFF,0x9C,0xFF,0x9C,0xF7,0x9C,0xF7,0x9C,0xFF,0x9C,0xF7,
    0x7B,0xF7,0x7C,0xF7,0xBC,0xFF,0x9C,0xFF,0x9C,0xFF,0xBC,0xFF,0x9C,0xFF,0x9C,0xF7,
    0x9C,0xFF,0x9C,0xF7,0xBC,0xFF,0x9C,0xFF,0x9C,0xF7,0x9C,0xFF,0x9C,0xF7,0xBC,0xFF,
    0x9C,0xFF,0x9C,0xF7,0x9C,0xF7,0x7C,0xF7,0x9C,0xFF,0xBC,0xFF,0x9C,0xF7,0x9C,0xF7,
    0x7B,0xF7,0xBC,0xFF,0x9C,0xF7,0x9C,0xFF,0x5B,0xF7,0x9C,0xF7,0x7C,0xF7,0x9C,0xFF,
    0x9C,0xF7,0x9C,0xF7,0xBC,0xFF,0x7B,0xF7,0x9C,0xFF,0x9C,0xFF,0xBC,0xFF,0x9C,0xFF,
    0x9C,0xF7,0x9C,0xFF,0x9C,0xFF,0x9C,0xFF,0x9C,0xFF,0x9C,0xF7,0x7C,0xF7,0x9C,0xF7,
    0x9C,0xF7,0x9C,0xFF,0x9C,0xFF,0x9C,0xFF,0x9C,0xFF,0x9C,0xFF,0xBC,0xFF,0x9C,0xF7,
    0x9C,0xFF,0x9C,0xF7,0x9C,0xFF,0x7C,0xF7,0x9C,0xF7,0x9C,0xFF,0x9C,0xF7,0x9C,0xF7,
    0xBC,0xFF,0x9C,0xF7,0xBC,0xFF,0xBC,0xFF,0x9C,0xFF,0x9C,0xFF,0x9C,0xFF,0x7B,0xF7,
    0x7B,0xF7,0x9B,0xF7,0x7B,0xF7,0x7B,0xF7,0x9C,0xFF,0x9C,0xFF,0x9C,0xFF,0x9C,0xF7,
    0x9C,0xFF,0x9C,0xFF,0x9C,0xF7,0xBC,0xFF,0x9C,0xF7,0x7B,0xF7,0x9C,0xFF,0x9C,0xFF,
    0x9C,0xF7,0x9C,0xFF,0x9C,0xF7,0x7B,0xF7,0x9C,0xF7,0x9C,0xFF,0x9C,0xF7,0x9C,0xFF,
    0x9C,0xF7,0xBC,0xFF,0x9C,0xF7,0xBC,0xFF,0x9C,0xFF,0x9C,0xF7,0x9C,0xFF,0xBC,0xFF,
    0x7C,0xF7,0x9C,0xF7,0x9C,0xFF,0x9C,0xF7,0xBC,0xFF,0x7C,0xF7,0x7B,0xF7,0xBC,0xFF,
    0x9C,0xFF,0x7C,0xF7,0x7C,0xF7,0x9C,0xFF,0x9C,0xFF,0xBC,0xFF,0x7B,0xF7,0x9C,0xFF,
    0x9C,0xFF,0x9C,0xF7,0xBC,0xFF,0x9C,0xF7,0x9C,0xFF,0x9C,0xFF,0x7C,0xF7,0x9C,0xFF,
    0x9C,0xFF,0xBC,0xFF,0x9C,0xF7,0x9C,0xFF,0x9C,0xF7,0x9C,0xFF,0x9C,0xFF,0x9C,0xFF,
    0x9C,0xFF,0x9C,0xFF,0x9C,0xF7,0x9C,0xFF,0xBC,0xFF,0xBC,0xFF,0x9C,0xF7,0x9C,0xF7,
    0x7B,0xF7,0x9C,0xF7,0x9C,0xFF,0x9C,0xF7,0x9C,0xF7,0x9C,0xFF,0x9C,0xF7,0x9C,0xF7,
    0x7B,0xF7,0x7B,0xF7,0x7B,0xF7,0xBC,0xFF,0xBC,0xFF,0x9C,0xFF,0x9C,0xFF,0x9C,0xFF,
    0x9C,0xFF,0x7B,0xF7,0xBC,0xFF,0x9C,0xFF,0x9C,0xFF,0xBC,0xFF,0x7B,0xF7,0xAA,0x83,
    0x8A,0x83,0x8A,0x83,0xAA,0x83,0x7B,0xF7,0x9C,0xFF,0x9C,0xF7,0x9C,0xFF,0xBC,0xFF,
    0x9C,0xF7,0x9C,0xF7,0x9C,0xFF,0x7B,0xF7,0x9C,0xFF,0x9C,0xF7,0x9C,0xF7,0xBC,0xFF,
    0x9C,0xF7,0x9C,0xFF,0x9C,0xFF,0x9C,0xF7,0x9C,0xF7,0x9C,0xFF,0x9C,0xF7,0xBC,0xFF,
    0x9C,0xF7,0xBC,0xFF,0x9C,0xF7,0x7C,0xF7,0x9C,0xF7,0x7B,0xF7,0x9C,0xFF,0x9C,0xF7,
    0xBC,0xFF,0xBC,0xFF,0x9C,0xFF,0x9C,0xFF,0x9C,0xF7,0xBC,0xFF,0x7B,0xF7,0xBC,0xFF,
    0xBC,0xFF,0xBC,0xFF,0x9C,0xFF,0x9C,0xFF,0x9C,0xF7,0x9C,0xFF,0x7B,0xF7,0x9C,0xFF,
    0x9C,0xFF,0x9C,0xFF,0x9C,0xFF,0xBC,0xFF,0x9C,0xFF,0x9C,0xF7,0x7C,0xF7,0x9C,0xFF,
    0x5B,0xF7,0x9C,0xF7,0x9C,0xFF,0x9C,0xF7,0xDD,0xFF,0x7B,0xF7,0x9B,0xF7,0x9C,0xF7,
    0xBC,0xFF,0x7C,0xF7,0x9C,0xFF,0x9C,0xF7,0x9C,0xFF,0x9C,0xFF,0x9C,0xF7,0x9C,0xFF,
    0x9C,0xF7,0x9C,0xF7,0x9C,0xF7,0x9C,0xFF,0x9C,0xF7,0x9C,0xF7,0x9C,0xFF,0x9C,0xF7,
    0xBC,0xFF,0x9C,0xF7,0x9C,0xF7,0x9C,0xF7,0xBC,0xFF,0x9C,0xFF,0x9C,0xF7,0x9C,0xF7,
    0x9C,0xFF,0x9C,0xF7,0x9C,0xFF,0x9C,0xF7,0x9C,0xFF,0x9C,0xFF,0x9C,0xF7,0x7B,0xF7,
    0x7B,0xF7,0x7B,0xF7,0x7B,0xF7,0xBD,0xFF,0x9C,0xF7,0x7C,0xF7,0x9C,0xF7,0x9C,0xF7,
    0x9C,0xF7,0x7B,0xF7,0x9C,0xF7,0x9C,0xFF,0x9C,0xF7,0x9C,0xFF,0x9C,0xF7,0x9C,0xF7,
    0x9C,0xF7,0x9C,0xFF,0x7B,0xF7,0x9C,0xFF,0x9C,0xF7,0xBC,0xFF,0x9C,0xFF,0x9C,0xFF,
    0x9C,0xFF,0x9C,0xFF,0x9C,0xFF,0x9C,0xF7,0x9C,0xF7,0x7B,0xF7,0x9C,0xFF,0x9C,0xF7,
    0x9C,0xFF,0x9C,0xFF,0x9C,0xF7,0xBC,0xFF,0x9C,0xF7,0x9C,0xFF,0x7B,0xF7,0x9C,0xFF,
    0x7C,0xF7,0x7C,0xF7,0x9C,0xF7,0x7B,0xF7,0x9C,0xF7,0x9C,0xFF,0xBC,0xFF,0xBC,0xFF,
    0x9C,0xF7,0x7C,0xF7,0x7B,0xF7,0x7C,0xF7,0x9C,0xF7,0xBC,0xFF,0x9C,0xF7,0x9C,0xF7,
    0xBC,0xFF,0x7C,0xF7,0xBC,0xFF,0x9C,0xF7,0x7B,0xF7,0xAA,0x83,0x8A,0x83,0xAA,0x83,
    0x9B,0xF7,0x9C,0xFF,0x9C,0xFF,0x9C,0xFF,0x9C,0xF7,0x9C,0xFF,0x7C,0xF7,0x7C,0xF7,
    0xBC,0xFF,0x9C,0xF7,0x9C,0xF7,0x7C,0xF7,0x9C,0xFF,0x9C,0xFF,0x9C,0xFF,0x9C,0xFF,
    0x9C,0xF7,0x9C,0xFF,0x9C,0xFF,0x7B,0xF7,0x9C,0xFF,0x9C,0xF7,0x9C,0xFF,0x9C,0xF7,
    0x9C,0xFF,0xBC,0xFF,0x9C,0xF7,0x9C,0xF7,0x9C,0xFF,0x9C,0xF7,0x9C,0xF7,0x9C,0xFF,
    0x9C,0xFF,0xBC,0xFF,0x7B,0xF7,0x9C,0xF7,0xBC,0xFF,0x7C,0xF7,0x9C,0xF7,0x9C,0xF7,
    0x9C,0xFF,0x9C,0xF7,0x9C,0xFF,0x9C,0xFF,0x9C,0xFF,0x9C,0xFF,0x9C,0xF7,0x9C,0xFF,
    0xBD,0xFF,0xBC,0xFF,0x9C,0xF7,0x9C,0xFF,0x7B,0xF7,0x9C,0xFF,0x9C,0xF7,0x7C,0xF7,
    0x9C,0xF7,0x9C,0xFF,0x9C,0xF7,0x9C,0xFF,0x9C,0xF7,0x7C,0xF7,0xBC,0xFF,0x9C,0xF7,
    0xBC,0xFF,0x9C,0xF7,0x9C,0xF7,0xBC,0xFF,0x9C,0xF7,0x9C,0xFF,0x9C,0xF7,0xBC,0xFF,
    0x9C,0xFF,0x9C,0xFF,0x9C,0xF7,0x9C,0xF7,0x9C,0xFF,0x9C,0xFF,0x9C,0xFF,0x9C,0xF7,
    0x9C,0xFF,0x7C,0xF7,0x9C,0xFF,0x9C,0xFF,0xBC,0xFF,0x9C,0xF7,0x7C,0xF7,0x9C,0xFF,
    0xBC,0xFF,0xBC,0xFF,0xBC,0xFF,0x9C,0xF7,0x9C,0xF7,0x7B,0xF7,0x7B,0xF7,0x7B,0xF7,
    0xBC,0xFF,0xBC,0xFF,0x9C,0xFF,0xBC,0xFF,0x7C,0xF7,0x9C,0xFF,0x7B,0xF7,0x7C,0xF7,
    0x9C,0xFF,0x9C,0xF7,0x9C,0xFF,0x9C,0xF7,0xBC,0xFF,0x9C,0xFF,0x9C,0xFF,0x9C,0xF7,
    0x9C,0xFF,0xBC,0xFF,0x7B,0xF7,0x9C,0xF7,0x9C,0xFF,0x7C,0xF7,0x9C,0xF7,0x9C,0xF7,
    0x9C,0xF7,0x9C,0xFF,0x9C,0xF7,0xBC,0xFF,0x9C,0xFF,0x7C,0xF7,0x7C,0xF7,0x9C,0xF7,
    0x7C,0xF7,0x9C,0xFF,0x9C,0xF7,0x9C,0xFF,0x9C,0xF7,0x9C,0xF7,0x7B,0xF7,0x9C,0xFF,
    0x9C,0xF7,0x9C,0xF7,0x9C,0xF7,0x9C,0xFF,0x9C,0xFF,0x9C,0xFF,0x7B,0xF7,0x9C,0xFF,
    0x9C,0xF7,0x9C,0xF7,0x9C,0xF7,0x9C,0xFF,0x9C,0xFF,0x9C,0xF7,0xBC,0xFF,0xBC,0xFF,
    0xBC,0xFF,0x7C,0xF7,0x9C,0xF7,0x9C,0xF7,0x9C,0xFF,0x9C,0xFF,0xBC,0xFF,0x9C,0xF7,
    0x9C,0xFF,0x9C,0xFF,0x9C,0xF7,0x9C,0xF7,0x9C,0xFF,0x9C,0xFF,0x9C,0xF7,0x9C,0xFF,
    0x9C,0xF7,0x9C,0xF7,0x7B,0xF7,0xBC,0xFF,0x9C,0xF7,0x9C,0xF7,0x7B,0xF7,0xBC,0xFF,
    0x9C,0xF7,0x9C,0xFF,0x9C,0xF7,0x9C,0xFF,0x9C,0xF7,0x9C,0xFF,0x7B,0xF7,0x9C,0xFF,
    0x9C,0xFF,0x7C,0xF7,0x7C,0xF7,0x9C,0xF7,0x9C,0xF7,0x9C,0xF7,0x9C,0xF7,0x9C,0xFF,
    0x9C,0xF7,0x9C,0xFF,0x9C,0xF7,0x9C,0xFF,0x9C,0xFF,0x9C,0xF7,0x9C,0xFF,0x9C,0xF7,
    0x9C,0xF7,0x9C,0xF7,0x9C,0xF7,0x9C,0xF7,0x9C,0xF7,0x9C,0xFF,0xBC,0xFF,0x9C,0xFF,
    0x9C,0xFF,0x9C,0xFF,0x9C,0xFF,0x7C,0xF7,0x9C,0xFF,0x9C,0xFF,0x7B,0xF7,0xBC,0xFF,
    0x9C,0xF7,0x9C,0xF7,0x9C,0xF7,0x9C,0xFF,0xBC,0xFF,0xBC,0xFF,0xBC,0xFF,0x9C,0xF7,
    0x9C,0xFF,0x7C,0xF7,0x7C,0xF7,0x9C,0xF7,0x9C,0xFF,0x7B,0xF7,0x9C,0xFF,0x9C,0xFF,
    0x9C,0xFF,0x9C,0xFF,0x9C,0xFF,0x9C,0xFF,0x9C,0xF7,0x9C,0xF7,0xBC,0xFF,0x9C,0xF7,
    0xBC,0xFF,0x7B,0xF7,0x9C,0xF7,0x9C,0xFF,0x9C,0xF7,0x9C,0xF7,0x9C,0xFF,0x9C,0xF7,
    0x9C,0xFF,0x9C,0xFF,0x9C,0xF7,0x9C,0xFF,0x7C,0xF7,0xBC,0xFF,0x9C,0xFF,0x7B,0xF7,
    0x9C,0xF7,0xBC,0xFF,0x9C,0xF7,0x9C,0xF7,0x9C,0xF7,0xBC,0xFF,0x9C,0xFF,0x9C,0xFF,
    0x9C,0xFF,0x9C,0xFF,0x9C,0xF7,0xBC,0xFF,0x9C,0xF7,0x9C,0xF7,0xBC,0xFF,0x9C,0xFF,
    0x9C,0xFF,0x9C,0xFF,0x9C,0xFF,0x9C,0xF7,0x9C,0xFF,0xBC,0xFF,0x9C,0xF7,0x9C,0xFF,
    0x7B,0xF7,0x7C,0xF7,0x7B,0xF7,0x9C,0xF7,0x9C,0xFF,0xBC,0xFF,0x9C,0xFF,0xBC,0xFF,
    0x9C,0xFF,0x9C,0xFF,0x9C,0xF7,0x9C,0xFF,0x9C,0xFF,0xBC,0xFF,0x9C,0xF7,0x9C,0xF7,
    0x9C,0xFF,0xBC,0xFF,0x7B,0xF7,0x9C,0xFF,0x7B,0xF7,0x9C,0xFF,0x9C,0xFF,0x9C,0xFF,
    0x9C,0xF7,0xBC,0xFF,0x9C,0xFF,0x9C,0xFF,0x9C,0xFF,0x9C,0xFF,0x9C,0xF7,0x9C,0xFF,
    0x7C,0xF7,0x7C,0xF7,0x7C,0xF7,0x9C,0xF7,0x9C,0xF7,0x9C,0xF7,0x9C,0xFF,0x7C,0xF7,
    0x7B,0xF7,0x9C,0xF7,0x9C,0xFF,0x7C,0xF7,0x9C,0xF7,0x9C,0xF7,0x7B,0xF7,0x9C,0xFF,
    0x9C,0xF7,0x9C,0xFF,0x7B,0xF7,0x9C,0xFF,0x9C,0xFF,0x7B,0xF7,0x9C,0xF7,0x9C,0xFF,
    0x9C,0xF7,0x9C,0xF7,0x7C,0xF7,0x9C,0xF7,0x9C,0xF7,0x9C,0xF7,0x9C,0xFF,0x9C,0xFF,
    0x9C,0xFF,0x9C,0xFF,0x7B,0xF7,0x9C,0xFF,0x9C,0xF7,0x9C,0xFF,0xBC,0xFF,0x7B,0xF7,
    0x9B,0xF7,0x7B,0xF7,0x7B,0xF7,0x9C,0xFF,0x9C,0xF7,0x9C,0xFF,0x9C,0xFF,0x9C,0xFF,
    0x9C,0xF7,0xBC,0xFF,0x9C,0xFF,0x9C,0xFF,0x7C,0xF7,0x9C,0xF7,0xBC,0xFF,0x9C,0xF7,
    0xBC,0xFF,0xBC,0xFF,0x9C,0xFF,0x9C,0xF7,0x9C,0xF7,0x9C,0xF7,0x7B,0xF7,0x7C,0xF7,
    0x9C,0xFF,0x9C,0xF7,0xBC,0xFF,0xBC,0xFF,0x9C,0xF7,0xBC,0xFF,0x9C,0xF7,0x9C,0xF7,
    0xBC,0xFF,0xBC,0xFF,0x7B,0xF7,0x9C,0xFF,0x9C,0xF7,0x7C,0xF7,0x7C,0xF7,0x9C,0xFF,
    0xBC,0xFF,0x9C,0xFF,0xBC,0xFF,0x9C,0xFF,0x7C,0xF7,0x7B,0xF7,0x9C,0xF7,0x9C,0xF7,
    0x9C,0xFF,0x9C,0xF7,0xBC,0xFF,0x7C,0xF7,0x9C,0xFF,0x9C,0xF7,0xBC,0xFF,0xBC,0xFF,
    0x7B,0xF7,0x9C,0xFF,0x9C,0xFF,0xBC,0xFF,0x9C,0xFF,0x9C,0xFF,0x9C,0xFF,0x7B,0xF7,
    0x9C,0xF7,0xBC,0xFF,0xBC,0xFF,0x7B,0xF7,0x9C,0xFF,0x9C,0xFF,0x9C,0xF7,0x9C,0xF7,
    0x9C,0xFF,0x9C,0xF7,0x7C,0xF7,0x9C,0xF7,0x9C,0xF7,0x9C,0xFF,0x9C,0xFF,0x9C,0xF7,
    0x9C,0xFF,0x9C,0xF7,0x9C,0xFF,0xBC,0xFF,0x9C,0xF7,0x7C,0xF7,0x9C,0xF7,0x9C,0xFF,
    0x9C,0xF7,0x9C,0xF7,0x9C,0xFF,0x9C,0xFF,0x9C,0xF7,0x9C,0xFF,0x7B,0xF7,0x6A,0x83,
    0x49,0x7B,0x49,0x7B,0x6A,0x83,0x7B,0xF7,0x7C,0xF7,0x7B,0xF7,0xBC,0xFF,0xBC,0xFF,
    0x9C,0xFF,0x9C,0xF7,0x9C,0xF7,0x9C,0xF7,0x9C,0xF7,0x9C,0xF7,0xBC,0xFF,0x7B,0xF7,
    0x9C,0xFF,0x9C,0xF7,0x9C,0xF7,0x9C,0xFF,0x9C,0xF7,0x9C,0xF7,0x9C,0xF7,0xBC,0xFF,
    0x7C,0xF7,0x9C,0xFF,0xBC,0xFF,0x9C,0xFF,0xBC,0xFF,0xBC,0xFF,0x9C,0xF7,0xBC,0xFF,
    0x9C,0xFF,0x9C,0xFF,0x9C,0xFF,0x9C,0xFF,0x9C,0xFF,0x9C,0xF7,0xBC,0xFF,0x9C,0xF7,
    0x9C,0xF7,0x9C,0xF7,0x9C,0xF7,0x7C,0xF7,0x9C,0xFF,0xBC,0xFF,0x9C,0xFF,0x9C,0xF7,
    0x7C,0xF7,0x9C,0xFF,0x7B,0xF7,0x7B,0xF7,0x7B,0xF7,0x9C,0xF7,0x9C,0xF7,0x9C,0xFF,
    0x9C,0xFF,0x9C,0xFF,0x9C,0xF7,0x9C,0xFF,0x9C,0xF7,0x9C,0xF7,0x9C,0xFF,0x9C,0xFF,
    0x9C,0xF7,0x9C,0xF7,0x9C,0xFF,0x9C,0xF7,0xBC,0xFF,0x9C,0xFF,0x9C,0xFF,0x7C,0xF7,
    0x9C,0xF7,0x9C,0xF7,0xBC,0xFF,0x9C,0xFF,0xBC,0xFF,0x9C,0xFF,0xBC,0xFF,0x9C,0xFF,
    0x9C,0xFF,0x9C,0xFF,0x9C,0xFF,0x9C,0xF7,0x9C,0xFF,0x9C,0xF7,0x9C,0xF7,0xBC,0xFF,
    0x2E,0x2E,0x2E,0x2E,0x2E,0x2E,0x2E,0x2E,0x2E,0x2E,0x2E,0x2E,0x2E,0x2E,0x2E,0x2E,
    0x2E,0x2E,0x2E,0x2E,0x2E,0x2E,0x2E,0x15,0x15,0x15,0x15,0x15,0x2E,0x2E,0x2E,0x2E,
    0x2E,0x2E,0x2E,0x2E,0x2E,0x2E,0x2E,0x2E,0x2E,0x2E,0x2E,0x2E,0x2E,0x2E,0x2E,0x2E,
    0x2E,0x2E,0x2E,0x2E,0x14,0x14,0x14,0x14,0x14,0x14,0x2E,0x2E,0x2E,0x2E,0x2E,0x2E,
    0x2E,0x2E,0x2E,0x2E,0x2E,0x2E,0x2E,0x2E,0x2E,0x2E,0x2E,0x2E,0x2E,0x2E,0x2E,0x2E,
    0x2E,0x2E,0x2E,0x2E,0x2E,0x2E,0x2E,0x2E,0x2E,0x2E,0x2E,0x2E,0x2E,0x2E,0x2E,0x2E,
    0x2E,0x2E,0x2E,0x2E,0x2E,0x2E,0x2E,0x2E,0x2E,0x2E,0x2E,0x2E,0x2E,0x2E,0x2E,0x2E,
    0x2E,0x2E,0x2E,0x2E,0x2E,0x2E,0x2E,0x2E,0x2E,0x2E,0x2E,0x2E,0x2E,0x2E,0x2E,0x2E,
    0x2E,0x2E,0x2E,0x2E,0x2E,0x2E,0x2E,0x2E,0x2E,0x2E,0x2E,0x2E,0x2E,0x2E,0x2E,0x2E,
    0x2E,0x2E,0x2E,0x2E,0x2E,0x2E,0x2E,0x2E,0x2E,0x2E,0x2E,0x2E,0x2E,0x2E,0x2E,0x2E,
    0x2E,0x2E,0x2E,0x2E,0x2E,0x2E,0x2E,0x2E,0x2E,0x2E,0x2E,0x2E,0x2E,0x2E,0x2E,0x2E,
    0x2E,0x2E,0x2E,0x2E,0x2E,0x2E,0x2E,0x2E,0x2E,0x2E,0x2E,0x2E,0x2E,0x2E,0x2E,0x2E,
    0x2E,0x2E,0x2E,0x2E,0x2E,0x2E,0x2E,0x2E,0x2E,0x2E,0x2E,0x2E,0x2E,0x2E,0x2E,0x2E,
    0x2E,0x2E,0x2E,0x2E,0x2E,0x2E,0x2E,0x2E,0x2E,0x2E,0x2E,0x2E,0x2E,0x2E,0x2E,0x2E,
    0x2E,0x2E,0x2E,0x2E,0x2E,0x2E,0x2E,0x2E,0x2E,0x2E,0x2E,0x2E,0x2E,0x2E,0x2E,0x2E,
    0x2E,0x2E,0x2E,0x2E,0x2E,0x2E,0x2E,0x2E,0x2E,0x2E,0x2E,0x2E,0x2E,0x2E,0x2E,0x2E,
    0x2E,0x2E,0x2E,0x2E,0x2E,0x2E,0x2E,0x2E,0x2E,0x2E,0x2E,0x2E,0x2E,0x2E,0x2E,0x2E,
    0x2E,0x2E,0x2E,0x2E,0x2E,0x2E,0x2E,0x2E,0x2E,0x2E,0x2E,0x2E,0x2E,0x2E,0x2E,0x2E,
    0x2E,0x2E,0x2E,0x2E,0x2E,0x2E,0x2E,0x2E,0x2E,0x2E,0x2E,0x2E,0x2E,0x2E,0x2E,0x2E,
    0x2E,0x2E,0x2E,0x2E,0x2E,0x2E,0x2E,0x2E,0x2E,0x2E,0x2E,0x2E,0x2E,0x2E,0x2E,0x2E,
    0x2E,0x2E,0x2E,0x2E,0x2E,0x2E,0x2E,0x2E,0x2E,0x2E,0x2E,0x2E,0x2E,0x2E,0x2E,0x2E,
    0x2E,0x2E,0x2E,0x2E,0x2E,0x2E,0x2E,0x2E,0x2E,0x2E,0x2E,0x2E,0x2E,0x2E,0x2E,0x2E,
    0x2E,0x2E,0x2E,0x2E,0x2E,0x2E,0x2E,0x2E,0x2E,0x2E,0x2E,0x2E,0x2E,0x2E,0x2E,0x2E,
    0x2E,0x2E,0x2E,0x2E,0x2E,0x2E,0x2E,0x2E,0x2E,0x2E,0x2E,0x2E,0x2E,0x2E,0x2E,0x2E,
    0x2E,0x2E,0x2E,0x2E,0x2E,0x2E,0x2E,0x2E,0x2E,0x2E,0x2E,0x2E,0x2E,0x2E,0x2E,0x2E,
    0x2E,0x2E,0x2E,0x2E,0x2E,0x2E,0x2E,0x0C,0x0C,0x0C,0x0C,0x2E,0x2E,0x2E,0x2E,0x2E,
    0x2E,0x2E,0x2E,0x2E,0x2E,0x2E,0x2E,0x2E,0x2E,0x2E,0x2E,0x2E,0x2E,0x2E,0x2E,0x2E,
    0x2E,0x2E,0x2E,0x2E,0x2E,0x2E,0x2E,0x2E,0x2E,0x2E,0x2E,0x2E,0x2E,0x2E,0x2E,0x2E,
    0x2E,0x2E,0x2E,0x2E,0x2E,0x2E,0x2E,0x2E,0x2E,0x2E,0x2E,0x2E,0x2E,0x2E,0x2E,0x2E,
    0x2E,0x2E,0x2E,0x2E,0x2E,0x2E,0x2E,0x2E,0x2E,0x2E,0x2E,0x2E,0x12,0x12,0x12,0x12,
    0x2E,0x2E,0x2E,0x2E,0x2E,0x2E,0x2E,0x2E,0x2E,0x2E,0x2E,0x2E,0x2E,0x2E,0x2E,0x2E,
    0x2E,0x2E,0x2E,0x2E,0x2E,0x2E,0x2E,0x2E,0x2E,0x2E,0x2E,0x2E,0x2E,0x2E,0x2E,0x2E,
    0x2E,0x2E,0x2E,0x2E,0x2E,0x2E,0x2E,0x2E,0x2E,0x2E,0x2E,0x2E,0x2E,0x2E,0x2E,0x2E,
    0x2E,0x2E,0x2E,0x2E,0x2E,0x2E,0x2E,0x2E,0x2E,0x2E,0x2E,0x2E,0x2E,0x2E,0x2E,0x2E,
    0x2E,0x2E,0x2E,0x2E,0x2E,0x2E,0x2E,0x2E,0x2E,0x2E,0x2E,0x2E,0x2E,0x2E,0x14,0x14,
    0x14,0x14,0x2E,0x2E,0x2E,0x2E,0x2E,0x2E,0x2E,0x2E,0x2E,0x2E,0x2E,0x2E,0x2E,0x2E,
    0x2E,0x2E,0x2E,0x2E,0x2E,0x2E,0x2E,0x2E,0x2E,0x2E,0x2E,0x2E,0x2E,0x2E,0x2E,0x2E,
    0x2E,0x2E,0x2E,0x2E,0x2E,0x2E,0x2E,0x2E,0x2E,0x2E,0x2E,0x2E,0x2E,0x2E,0x2E,0x2E,
    0x2E,0x2E,0x2E,0x2E,0x2E,0x2E,0x2E,0x2E,0x2E,0x2E,0x2E,0x2E,0x2E,0x2E,0x2E,0x2E,
    0x2E,0x2E,0x2E,0x2E,0x2E,0x2E,0x2E,0x2E,0x2E,0x2E,0x2E,0x2E,0x2E,0x2E,0x2E,0x2E,
    0x2E,0x2E,0x2E,0x2E,0x2E,0x2E,0x2E,0x2E,0x2E,0x2E,0x2E,0x2E,0x2E,0x2E,0x2E,0x2E,
    0x2E,0x2E,0x2E,0x2E,0x2E,0x2E,0x2E,0x2E,0x2E,0x2E,0x2E,0x2E,0x2E,0x2E,0x2E,0x2E,
    0x2E,0x2E,0x2E,0x2E,0x2E,0x2E,0x2E,0x2E,0x2E,0x2E,0x2E,0x2E,0x2E,0x2E,0x2E,0x2E,
    0x2E,0x2E,0x2E,0x2E,0x2E,0x2E,0x2E,0x2E,0x2E,0x2E,0x2E,0x2E,0x2E,0x2E,0x2E,0x2E,
    0x2E,0x2E,0x2E,0x2E,0x2E,0x2E,0x2E,0x2E,0x2E,0x2E,0x2E,0x2E,0x2E,0x2E,0x2E,0x2E,
    0x2E,0x2E,0x2E,0x2E,0x2E,0x2E,0x2E,0x2E,0x2E,0x2E,0x2E,0x2E,0x2E,0x2E,0x2E,0x2E,
    0x2E,0x2E,0x2E,0x2E,0x2E,0x2E,0x2E,0x2E,0x2E,0x2E,0x2E,0x2E,0x2E,0x2E,0x2E,0x2E,
    0x2E,0x2E,0x2E,0x2E,0x2E,0x2E,0x2E,0x2E,0x2E,0x2E,0x2E,0x2E,0x2E,0x2E,0x2E,0x2E,
    0x2E,0x2E,0x2E,0x0F,0x0F,0x0F,0x0F,0x0F,0x2E,0x2E,0x2E,0x2E,0x2E,0x2E,0x2E,0x2E,
    0x2E,0x2E,0x2E,0x2E,0x2E,0x2E,0x2E,0x2E,0x2E,0x2E,0x2E,0x2E,0x2E,0x2E,0x2E,0x2E,
    0x2E,0x2E,0x2E,0x2E,0x2E,0x2E,0x2E,0x2E,0x2E,0x2E,0x2E,0x2E,0x2E,0x2E,0x2E,0x2E,
    0x2E,0x2E,0x2E,0x2E,0x2E,0x2E,0x2E,0x2E,0x2E,0x2E,0x2E,0x2E,0x2E,0x2E,0x2E,0x2E,
    0x2E,0x2E,0x2E,0x2E,0x2E,0x2E,0x2E,0x2E,0x2E,0x2E,0x2E,0x2E,0x2E,0x2E,0x2E,0x2E,
    0x2E,0x2E,0x2E,0x2E,0x2E,0x2E,0x2E,0x2E,0x2E,0x2E,0x2E,0x2E,0x2E,0x2E,0x2E,0x2E,
    0x2E,0x2E,0x2E,0x2E,0x2E,0x2E,0x2E,0x2E,0x2E,0x2E,0x2E,0x2E,0x2E,0x2E,0x2E,0x2E,
    0x2E,0x2E,0x2E,0x2E,0x2E,0x2E,0x2E,0x2E,0x2E,0x2E,0x2E,0x2E,0x2E,0x2E,0x2E,0x2E,
    0x2E,0x2E,0x2E,0x2E,0x2E,0x2E,0x2E,0x2E,0x2E,0x2E,0x2E,0x2E,0x2E,0x2E,0x2E,0x2E,
    0x2E,0x2E,0x2E,0x2E,0x2E,0x2E,0x2E,0x2E,0x2E,0x2E,0x2E,0x2E,0x2E,0x2E,0x2E,0x2E,
    0x2E,0x2E,0x2E,0x2E,0x2E,0x2E,0x2E,0x2E,0x2E,0x2E,0x2E,0x2E,0x16,0x16,0x16,0x16,
    0x16,0x16,0x16,0x2E,0x2E,0x2E,0x2E,0x2E,0x2E,0x2E,0x2E,0x2E,0x2E,0x2E,0x2E,0x2E,
    0x2E,0x2E,0x2E,0x2E,0x2E,0x2E,0x2E,0x2E,0x2E,0x2E,0x2E,0x2E,0x2E,0x2E,0x2E,0x2E,
    0x2E,0x2E,0x2E,0x2E,0x2E,0x2E,0x2E,0x2E,0x2E,0x2E,0x2E,0x2E,0x2E,0x2E,0x2E,0x2E,
    0x2E,0x2E,0x2E,0x2E,0x2E,0x2E,0x2E,0x2E,0x2E,0x2E,0x2E,0x2E,0x2E,0x2E,0x2E,0x2E,
    0x2E,0x2E,0x2E,0x2E,0x2E,0x2E,0x2E,0x2E,0x2E,0x2E,0x2E,0x2E,0x2E,0x2E,0x2E,0x2E,
    0x2E,0x2E,0x2E,0x2E,0x2E,0x2E,0x2E,0x2E,0x2E,0x2E,0x2E,0x2E,0x2E,0x2E,0x2E,0x2E,
    0x2E,0x2E,0x2E,0x2E,0x2E,0x2E,0x2E,0x2E,0x2E,0x2E,0x2E,0x2E,0x2E,0x2E,0x2E,0x2E,
    0x2E,0x2E,0x2E,0x2E,0x2E,0x2E,0x2E,0x2E,0x2E,0x2E,0x2E,0x2E,0x14,0x14,0x14,0x14,
    0x14,0x14,0x2E,0x2E,0x2E,0x2E,0x2E,0x2E,0x2E,0x2E,0x2E,0x2E,0x2E,0x2E,0x2E,0x2E,
    0x2E,0x2E,0x2E,0x2E,0x2E,0x2E,0x2E,0x2E,0x2E,0x2E,0x2E,0x2E,0x2E,0x2E,0x2E,0x2E,
    0x2E,0x2E,0x2E,0x2E,0x2E,0x2E,0x2E,0x2E,0x2E,0x2E,0x2E,0x2E,0x2E,0x2E,0x2E,0x2E,
    0x2E,0x2E,0x2E,0x2E,0x2E,0x2E,0x2E,0x2E,0x2E,0x2E,0x2E,0x2E,0x2E,0x2E,0x2E,0x2E,
    0x2E,0x2E,0x2E,0x2E,0x2E,0x2E,0x2E,0x2E,0x2E,0x2E,0x2E,0x2E,0x2E,0x2E,0x2E,0x2E,
    0x2E,0x2E,0x2E,0x2E,0x2E,0x2E,0x2E,0x2E,0x2E,0x2E,0x2E,0x2E,0x2E,0x2E,0x2E,0x2E,
    0x2E,0x2E,0x2E,0x2E,0x2E,0x2E,0x2E,0x2E,0x2E,0x2E,0x2E,0x2E,0x2E,0x2E,0x2E,0x2E,
    0x2E,0x2E,0x2E,0x2E,0x2E,0x2E,0x2E,0x2E,0x2E,0x2E,0x2E,0x2E,0x2E,0x2E,0x2E,0x2E,
    0x2E,0x2E,0x2E,0x2E,0x2E,0x2E,0x2E,0x2E,0x2E,0x2E,0x2E,0x2E,0x2E,0x2E,0x2E,0x2E,
    0x2E,0x2E,0x2E,0x2E,0x2E,0x2E,0x2E,0x2E,0x2E,0x2E,0x2E,0x2E,0x2E,0x2E,0x2E,0x2E,
    0x2E,0x2E,0x2E,0x2E,0x2E,0x2E,0x2E,0x2E,0x2E,0x2E,0x2E,0x2E,0x2E,0x2E,0x2E,0x2E,
    0x2E,0x2E,0x2E,0x2E,0x2E,0x2E,0x2E,0x2E,0x2E,0x2E,0x2E,0x2E,0x2E,0x2E,0x2E,0x2E,
    0x2E,0x2E,0x2E,0x2E,0x2E,0x2E,0x12,0x12,0x12,0x12,0x12,0x2E,0x2E,0x2E,0x2E,0x2E,
    0x2E,0x2E,0x2E,0x2E,0x2E,0x2E,0x2E,0x2E,0x2E,0x2E,0x2E,0x2E,0x2E,0x2E,0x2E,0x2E,
    0x2E,0x2E,0x2E,0x2E,0x2E,0x2E,0x2E,0x2E,0x2E,0x2E,0x2E,0x2E,0x2E,0x2E,0x2E,0x2E,
    0x2E,0x2E,0x2E,0x2E,0x2E,0x2E,0x2E,0x2E,0x2E,0x2E,0x2E,0x2E,0x2E,0x2E,0x2E,0x2E,
    0x2E,0x2E,0x2E,0x2E,0x2E,0x2E,0x2E,0x2E,0x2E,0x2E,0x2E,0x2E,0x2E,0x2E,0x2E,0x2E,
    0x2E,0x2E,0x2E,0x2E,0x2E,0x2E,0x2E,0x2E,0x2E,0x2E,0x2E,0x2E,0x2E,0x2E,0x2E,0x2E,
    0x2E,0x2E,0x2E,0x2E,0x2E,0x2E,0x2E,0x2E,0x2E,0x2E,0x2E,0x2E,0x2E,0x2E,0x2E,0x2E,
    0x2E,0x2E,0x2E,0x2E,0x2E,0x2E,0x2E,0x2E,0x2E,0x2E,0x2E,0x2E,0x2E,0x2E,0x2E,0x2E,
    0x2E,0x2E,0x2E,0x2E,0x2E,0x2E,0x2E,0x2E,0x2E,0x2E,0x2E,0x2E,0x2E,0x2E,0x2E,0x2E,
    0x2E,0x0E,0x0E,0x0E,0x2E,0x2E,0x2E,0x2E,0x2E,0x2E,0x2E,0x2E,0x2E,0x2E,0x2E,0x2E,
    0x2E,0x2E,0x2E,0x2E,0x2E,0x2E,0x2E,0x2E,0x2E,0x2E,0x2E,0x2E,0x2E,0x2E,0x2E,0x2E,
    0x2E,0x2E,0x2E,0x2E,0x2E,0x2E,0x2E,0x2E,0x2E,0x2E,0x2E,0x2E,0x2E,0x2E,0x2E,0x2E,
    0x2E,0x2E,0x2E,0x2E,0x2E,0x2E,0x2E,0x2E,0x2E,0x2E,0x2E,0x2E,0x2E,0x2E,0x2E,0x2E,
    0x2E,0x2E,0x2E,0x2E,0x2E,0x2E,0x2E,0x2E,0x2E,0x2E,0x2E,0x2E,0x2E,0x2E,0x2E,0x2E,
    0x2E,0x2E,0x2E,0x2E,0x2E,0x2E,0x2E,0x2E,0x2E,0x2E,0x2E,0x2E,0x2E,0x2E,0x2E,0x2E,
    0x2E,0x2E,0x2E,0x2E,0x2E,0x2E,0x2E,0x2E,0x2E,0x2E,0x2E,0x2E,0x2E,0x2E,0x2E,0x2E,
    0x2E,0x2E,0x2E,0x2E,0x2E,0x2E,0x2E,0x2E,0x2E,0x2E,0x2E,0x2E,0x2E,0x2E,0x2E,0x2E,
    0x2E,0x2E,0x2E,0x2E,0x2E,0x2E,0x2E,0x2E,0x2E,0x2E,0x2E,0x2E,0x2E,0x2E,0x2E,0x2E,
    0x2E,0x2E,0x2E,0x2E,0x2E,0x2E,0x2E,0x2E,0x2E,0x2E,0x2E,0x2E,0x2E,0x2E,0x2E,0x2E,
    0x2E,0x2E,0x2E,0x2E,0x2E,0x2E,0x2E,0x2E,0x2E,0x2E,0x2E,0x2E,0x2E,0x2E,0x2E,0x2E,
    0x2E,0x2E,0x2E,0x2E,0x2E,0x2E,0x2E,0x2E,0x2E,0x2E,0x2E,0x2E,0x2E,0x2E,0x2E,0x2E,
    0x2E,0x2E,0x2E,0x2E,0x2E,0x2E,0x2E,0x2E,0x2E,0x2E,0x2E,0x2E,0x2E,0x2E,0x2E,0x2E,
    0x2E,0x2E,0x2E,0x2E,0x2E,0x2E,0x2E,0x2E,0x2E,0x2E,0x2E,0x2E,0x2E,0x2E,0x2E,0x2E,
    0x2E,0x2E,0x2E,0x2E,0x2E,0x2E,0x2E,0x2E,0x2E,0x2E,0x2E,0x2E,0x2E,0x2E,0x2E,0x2E,
    0x2E,0x2E,0x2E,0x2E,0x2E,0x2E,0x2E,0x2E,0x2E,0x2E,0x0F,0x0F,0x0F,0x0F,0x0F,0x0F,
    0x10,0x10,0x2E,0x2E,0x2E,0x2E,0x2E,0x2E,0x2E,0x2E,0x2E,0x2E,0x2E,0x2E,0x2E,0x2E,
    0x2E,0x2E,0x2E,0x2E,0x2E,0x2E,0x2E,0x2E,0x2E,0x2E,0x2E,0x2E,0x2E,0x2E,0x2E,0x2E,
    0x2E,0x2E,0x2E,0x2E,0x2E,0x2E,0x2E,0x2E,0x2E,0x2E,0x2E,0x2E,0x2E,0x2E,0x2E,0x2E,
    0x2E,0x2E,0x2E,0x2E,0x2E,0x2E,0x2E,0x2E,0x2E,0x2E,0x2E,0x2E,0x2E,0x2E,0x2E,0x2E,
    0x2E,0x2E,0x2E,0x2E,0x2E,0x2E,0x2E,0x2E,0x2E,0x2E,0x2E,0x2E,0x2E,0x2E,0x2E,0x2E,
    0x2E,0x2E,0x2E,0x2E,0x2E,0x2E,0x2E,0x2E,0x2E,0x2E,0x2E,0x2E,0x2E,0x2E,0x2E,0x2E,
    0x2E,0x2E,0x2E,0x2E,0x2E,0x2E,0x2E,0x2E,0x2E,0x2E,0x2E,0x2E,0x2E,0x2E,0x2E,0x2E,
    0x2E,0x2E,0x2E,0x2E,0x2E,0x2E,0x2E,0x2E,0x2E,0x2E,0x2E,0x2E,0x2E,0x2E,0x2E,0x2E,
    0x2E,0x2E,0x2E,0x2E,0x2E,0x2E,0x2E,0x2E,0x2E,0x2E,0x2E,0x2E,0x2E,0x2E,0x2E,0x2E,
    0x2E,0x2E,0x2E,0x2E,0x2E,0x2E,0x2E,0x2E,0x2E,0x2E,0x2E,0x2E,0x2E,0x2E,0x2E,0x2E,
    0x2E,0x2E,0x2E,0x2E,0x2E,0x2E,0x2E,0x2E,0x2E,0x2E,0x2E,0x2E,0x2E,0x2E,0x2E,0x2E,
    0x2E,0x2E,0x2E,0x2E,0x2E,0x2E,0x2E,0x2E,0x2E,0x2E,0x2E,0x2E,0x2E,0x2E,0x2E,0x2E,
    0x2E,0x2E,0x2E,0x2E,0x2E,0x2E,0x2E,0x2E,0x2E,0x2E,0x2E,0x2E,0x2E,0x2E,0x2E,0x2E,
    0x2E,0x2E,0x2E,0x2E,0x2E,0x2E,0x2E,0x2E,0x2E,0x2E,0x2E,0x2E,0x2E,0x2E,0x2E,0x2E,
    0x2E,0x2E,0x2E,0x2E,0x2E,0x2E,0x2E,0x2E,0x2E,0x2E,0x2E,0x2E,0x2E,0x2E,0x2E,0x2E,
    0x2E,0x2E,0x2E,0x2E,0x2E,0x2E,0x2E,0x2E,0x2E,0x2E,0x2E,0x2E,0x2E,0x2E,0x2E,0x2E,
    0x2E,0x2E,0x2E,0x2E,0x2E,0x2E,0x2E,0x2E,0x2E,0x2E,0x2E,0x2E,0x2E,0x2E,0x2E,0x2E,
    0x2E,0x2E,0x2E,0x2E,0x2E,0x2E,0x2E,0x2E,0x2E,0x2E,0x2E,0x2E,0x2E,0x2E,0x2E,0x2E,
    0x2E,0x2E,0x2E,0x2E,0x2E,0x2E,0x2E,0x2E,0x2E,0x2E,0x2E,0x2E,0x2E,0x2E,0x2E,0x2E,
    0x2E,0x2E,0x2E,0x2E,0x2E,0x2E,0x2E,0x2E,0x2E,0x2E,0x2E,0x2E,0x2E,0x2E,0x2E,0x2E,
    0x2E,0x2E,0x2E,0x2E,0x2E,0x2E,0x2E,0x2E,0x2E,0x2E,0x2E,0x2E,0x2E,0x2E,0x2E,0x2E,
    0x2E,0x2E,0x2E,0x2E,0x2E,0x2E,0x2E,0x2E,0x2E,0x2E,0x2E,0x2E,0x2E,0x2E,0x2E,0x2E,
    0x2E,0x2E,0x2E,0x2E,0x2E,0x2E,0x2E,0x2E,0x2E,0x2E,0x2E,0x2E,0x2E,0x2E,0x2E,0x2E,
    0x2E,0x2E,0x2E,0x2E,0x2E,0x2E,0x2E,0x2E,0x2E,0x2E,0x2E,0x2E,0x2E,0x2E,0x2E,0x2E,
    0x2E,0x2E,0x2E,0x2E,0x2E,0x2E,0x2E,0x2E,0x2E,0x2E,0x2E,0x2E,0x2E,0x2E,0x2E,0x2E,
    0x2E,0x2E,0x2E,0x2E,0x2E,0x2E,0x2E,0x2E,0x2E,0x2E,0x2E,0x2E,0x2E,0x2E,0x2E,0x2E,
    0x2E,0x2E,0x2E,0x2E,0x2E,0x2E,0x2E,0x2E,0x2E,0x2E,0x2E,0x2E,0x2E,0x2E,0x2E,0x2E,
    0x2E,0x2E,0x2E,0x2E,0x2E,0x2E,0x2E,0x2E,0x2E,0x2E,0x2E,0x2E,0x2E,0x2E,0x2E,0x2E,
    0x2E,0x2E,0x2E,0x2E,0x2E,0x2E,0x2E,0x2E,0x2E,0x2E,0x2E,0x2E,0x2E,0x2E,0x2E,0x2E,
    0x2E,0x2E,0x2E,0x2E,0x2E,0x2E,0x2E,0x2E,0x2E,0x2E,0x2E,0x2E,0x2E,0x2E,0x2E,0x2E,
    0x2E,0x2E,0x2E,0x2E,0x2E,0x2E,0x2E,0x2E,0x2E,0x2E,0x2E,0x2E,0x2E,0x2E,0x2E,0x2E,
    0x2E,0x2E,0x2E,0x2E,0x2E,0x2E,0x2E,0x2E,0x2E,0x2E,0x2E,0x2E,0x2E,0x2E,0x2E,0x2E,
    0x2E,0x2E,0x2E,0x2E,0x2E,0x2E,0x2E,0x2E,0x2E,0x2E,0x2E,0x2E,0x2E,0x2E,0x2E,0x2E,
    0x2E,0x2E,0x2E,0x2E,0x2E,0x2E,0x2E,0x2E,0x11,0x11,0x11,0x11,0x11,0x2E,0x2E,0x2E,
    0x2E,0x2E,0x2E,0x2E,0x2E,0x2E,0x2E,0x2E,0x2E,0x2E,0x2E,0x2E,0x2E,0x2E,0x2E,0x2E,
    0x2E,0x2E,0x2E,0x2E,0x2E,0x2E,0x2E,0x2E,0x2E,0x2E,0x2E,0x2E,0x2E,0x2E,0x2E,0x2E,
    0x2E,0x2E,0x2E,0x2E,0x2E,0x2E,0x2E,0x2E,0x2E,0x2E,0x2E,0x2E,0x2E,0x2E,0x2E,0x2E,
    0x2E,0x2E,0x2E,0x2E,0x2E,0x2E,0x2E,0x0C,0x0C,0x0C,0x0C,0x2E,0x2E,0x2E,0x2E,0x2E,
    0x2E,0x2E,0x2E,0x2E,0x2E,0x2E,0x2E,0x2E,0x2E,0x2E,0x2E,0x2E,0x2E,0x2E,0x2E,0x2E,
    0x2E,0x2E,0x2E,0x2E,0x2E,0x2E,0x2E,0x14,0x11,0x11,0x11,0x11,0x11,0x2E,0x2E,0x2E,
    0x2E,0x2E,0x2E,0x2E,0x2E,0x2E,0x2E,0x2E,0x2E,0x2E,0x2E,0x2E,0x2E,0x2E,0x2E,0x2E,
    0x2E,0x2E,0x2E,0x2E,0x2E,0x2E,0x2E,0x2E,0x2E,0x2E,0x2E,0x2E,0x2E,0x2E,0x2E,0x2E,
    0x2E,0x2E,0x2E,0x2E,0x2E,0x2E,0x2E,0x2E,0x2E,0x2E,0x2E,0x2E,0x2E,0x2E,0x2E,0x2E,
    0x2E,0x2E,0x2E,0x2E,0x2E,0x2E,0x2E,0x2E,0x2E,0x2E,0x2E,0x2E,0x2E,0x2E,0x2E,0x2E,
    0x2E,0x2E,0x2E,0x2E,0x2E,0x2E,0x2E,0x2E,0x2E,0x2E,0x2E,0x2E,0x2E,0x2E,0x2E,0x2E,
    0x2E,0x2E,0x2E,0x2E,0x2E,0x2E,0x2E,0x2C,0x2B,0x2B,0x2E,0x2E,0x13,0x16,0x16,0x16,
    0x2E,0x2E,0x2E,0x2E,0x2E,0x2E,0x2E,0x2E,0x2E,0x2E,0x2E,0x2E,0x2E,0x2E,0x2E,0x2E,
    0x2E,0x2E,0x2E,0x2E,0x2E,0x2E,0x2E,0x2E,0x2E,0x13,0x13,0x13,0x13,0x13,0x13,0x2E,
    0x2E,0x2E,0x2E,0x2E,0x2E,0x2E,0x2E,0x2E,0x2E,0x2E,0x2E,0x2E,0x2E,0x2E,0x2E,0x2E,
    0x2E,0x2E,0x2E,0x2E,0x2E,0x2E,0x2E,0x2E,0x2E,0x2E,0x2E,0x2E,0x2E,0x2E,0x2E,0x2E,
    0x2E,0x2E,0x2E,0x2E,0x2E,0x2E,0x2E,0x2E,0x2E,0x2E,0x2E,0x2E,0x2E,0x2E,0x2E,0x2E,
    0x2E,0x2E,0x2E,0x2E,0x2E,0x16,0x16,0x16,0x16,0x16,0x2E,0x2E,0x2E,0x2E,0x2E,0x2E,
    0x2E,0x2E,0x2E,0x2E,0x2E,0x2E,0x2E,0x2E,0x2E,0x2E,0x2E,0x2E,0x2E,0x2E,0x2E,0x2E,
    0x2E,0x2E,0x2E,0x2E,0x2E,0x2E,0x2E,0x2E,0x2E,0x2E,0x2E,0x2E,0x2E,0x2E,0x2E,0x2E,
    0x2E,0x2E,0x2E,0x2E,0x2E,0x15,0x15,0x15,0x2E,0x2E,0x2E,0x2E,0x2E,0x2E,0x2E,0x2E,
    0x2E,0x2E,0x2E,0x2E,0x2E,0x2E,0x2E,0x2E,0x2E,0x2E,0x2E,0x2E,0x2E,0x2E,0x2E,0x2E,
    0x2E,0x2E,0x2E,0x2E,0x2E,0x2E,0x2E,0x2E,0x2E,0x2E,0x2E,0x2E,0x2E,0x2E,0x2E,0x2E,
    0x2E,0x2E,0x2E,0x2E,0x2E,0x2E,0x2E,0x2E,0x2E,0x2E,0x2E,0x2E,0x2E,0x2E,0x2E,0x2E,
    0x2E,0x2E,0x2E,0x2E,0x2E,0x2E,0x2E,0x2E,0x2E,0x2E,0x2E,0x2E,0x2E,0x2E,0x2E,0x2E,
    0x2E,0x2E,0x2E,0x2E,0x2E,0x2E,0x2E,0x2E,0x2E,0x2E,0x2E,0x2E,0x2E,0x2E,0x2E,0x2E,
    0x2E,0x2E,0x2E,0x2E,0x2E,0x2E,0x2E,0x2E,0x2E,0x2E,0x2E,0x2E,0x2E,0x2E,0x2E,0x2E,
    0x2E,0x2E,0x2E,0x2E,0x2E,0x2E,0x2E,0x2E,0x2E,0x2E,0x2E,0x2E,0x2E,0x2E,0x2E,0x2E,
    0x2E,0x2E,0x2E,0x2E,0x16,0x16,0x16,0x16,0x16,0x2E,0x2E,0x2E,0x2E,0x2E,0x2E,0x2E,
    0x2E,0x2E,0x2E,0x2E,0x2E,0x2E,0x2E,0x2E,0x2E,0x2E,0x2E,0x2E,0x2E,0x2E,0x2E,0x2E,
    0x2E,0x2E,0x2E,0x2E,0x2E,0x2E,0x2E,0x2E,0x2E,0x2E,0x2E,0x2E,0x2E,0x2E,0x2E,0x2E,
    0x2E,0x2E,0x2E,0x2E,0x2E,0x2E,0x2E,0x2E,0x2E,0x2E,0x2E,0x2E,0x2E,0x2E,0x2E,0x2E,
    0x2E,0x2E,0x2E,0x2E,0x2E,0x2E,0x2E,0x2E,0x2E,0x2E,0x2E,0x2E,0x2E,0x2E,0x2E,0x2E,
    0x2E,0x2E,0x2E,0x2E,0x2E,0x2E,0x2E,0x2E,0x2E,0x2E,0x2E,0x2E,0x2E,0x2E,0x2E,0x2E,
    0x2E,0x2E,0x2E,0x2E,0x2E,0x2E,0x2E,0x2E,0x2E,0x2E,0x2E,0x2E,0x2E,0x2E,0x2E,0x2E,
    0x2E,0x2E,0x2E,0x2E,0x2E,0x2E,0x2E,0x2E,0x2E,0x2E,0x2E,0x2E,0x2E,0x2E,0x2E,0x2E,
    0x2E,0x2E,0x2E,0x2E,0x2E,0x2E,0x2E,0x2E,0x2E,0x2E,0x2E,0x2E,0x2E,0x2E,0x2E,0x2E,
    0x2E,0x2E,0x2E,0x2E,0x2E,0x2E,0x2E,0x2E,0x2E,0x2E,0x2E,0x2E,0x15,0x15,0x15,0x15,
    0x15,0x15,0x2E,0x2E,0x2E,0x2E,0x2E,0x2E,0x2E,0x2E,0x2E,0x2E,0x2E,0x2E,0x2E,0x2E,
    0x0E,0x0E,0x0E,0x0E,0x2E,0x2E,0x2E,0x2E,0x2E,0x2E,0x2E,0x2E,0x2E,0x2E,0x2E,0x2E,
    0x2E,0x2E,0x2E,0x2E,0x2E,0x2E,0x2E,0x2E,0x2E,0x2E,0x2E,0x2E,0x2E,0x16,0x16,0x16,
    0x16,0x16,0x2E,0x2E,0x2E,0x2E,0x2E,0x2E,0x2E,0x0B,0x0B,0x0B,0x0B,0x0B,0x2E,0x2E,
    0x2E,0x2E,0x2E,0x2E,0x2E,0x2E,0x2E,0x2E,0x2E,0x2E,0x2E,0x2E,0x2E,0x2E,0x2E,0x2E,
    0x2E,0x2E,0x2E,0x2E,0x2E,0x2E,0x2E,0x2E,0x2E,0x2E,0x2E,0x2E,0x2E,0x2E,0x2E,0x2E,
    0x2E,0x2E,0x2E,0x14,0x14,0x14,0x14,0x14,0x14,0x2E,0x2E,0x2E,0x2E,0x2E,0x2E,0x2E,
    0x2E,0x2E,0x2E,0x2E,0x2E,0x2E,0x2E,0x2E,0x2E,0x2E,0x2E,0x2E,0x2E,0x2E,0x2E,0x2E,
    0x2E,0x2E,0x2E,0x2E,0x2E,0x2E,0x2E,0x2E,0x2E,0x2E,0x2E,0x2E,0x2E,0x2E,0x2E,0x2E,
    0x2E,0x2E,0x2E,0x2E,0x2E,0x2E,0x2E,0x2E,0x2E,0x2E,0x2E,0x2E,0x2E,0x2E,0x2E,0x2E,
    0x2E,0x2E,0x2E,0x2E,0x2E,0x16,0x16,0x16,0x2E,0x2E,0x2E,0x2E,0x2E,0x2E,0x2E,0x2E,
    0x2E,0x2E,0x2E,0x2E,0x2E,0x16,0x16,0x16,0x16,0x16,0x16,0x2E,0x2E,0x2E,0x2E,0x2E,
    0x2E,0x2E,0x2E,0x2B,0x2B,0x2B,0x2E,0x2E,0x2E,0x2E,0x2E,0x2E,0x2E,0x2E,0x2E,0x2E,
    0x2E,0x2E,0x2E,0x2E,0x2E,0x2E,0x2E,0x2E,0x2E,0x2E,0x2E,0x2E,0x2E,0x2E,0x2E,0x2E,
    0x2E,0x2E,0x2E,0x2E,0x2E,0x2E,0x2E,0x2E,0x2E,0x2E,0x2E,0x2E,0x2E,0x2E,0x2E,0x2E,
    0x2E,0x2E,0x2E,0x2E,0x2E,0x2E,0x2E,0x2E,0x2E,0x2E,0x2E,0x2E,0x2E,0x2E,0x2E,0x2E,
    0x2E,0x2E,0x2E,0x2E,0x2E,0x2E,0x2E,0x2E,0x2E,0x2E,0x2E,0x2E,0x2E,0x0F,0x0F,0x0F,
    0x2E,0x2E,0x2E,0x2E,0x2E,0x2E,0x2E,0x2E,0x2E,0x2E,0x2E,0x2E,0x2E,0x2E,0x2E,0x2E,
    0x2E,0x11,0x11,0x11,0x11,0x11,0x2E,0x2E,0x2E,0x2E,0x2E,0x2E,0x2E,0x2E,0x2E,0x2E,
    0x2E,0x2E,0x2E,0x2E,0x2E,0x2E,0x2E,0x2E,0x2E,0x2E,0x2E,0x2E,0x2E,0x2E,0x2E,0x2E,
    0x2E,0x2E,0x2E,0x2E,0x2E,0x2E,0x2E,0x2E,0x2E,0x2E,0x2E,0x2E,0x2E,0x2E,0x2E,0x2E,
    0x2E,0x2E,0x2E,0x2E,0x2E,0x2E,0x2E,0x2E,0x2E,0x2E,0x2E,0x2E,0x2E,0x2E,0x2E,0x2E,
    0x2E,0x2E,0x2E,0x2E,0x2E,0x2E,0x2E,0x2E,0x2E,0x2E,0x2E,0x2E,0x2E,0x2B,0x2B,0x2E,
    0x2E,0x2E,0x2E,0x2E,0x2E,0x2E,0x2E,0x2E,0x2E,0x2E,0x2E,0x2E,0x2E,0x2E,0x2E,0x2E,
    0x2E,0x2E,0x2E,0x2E,0x2E,0x2E,0x2E,0x2E,0x2E,0x2E,0x2E,0x2E,0x2E,0x2E,0x2E,0x2E,
    0x2E,0x2E,0x2E,0x2E,0x2E,0x2E,0x2E,0x12,0x12,0x12,0x12,0x12,0x2E,0x2E,0x2E,0x2E,
    0x2E,0x2E,0x2E,0x2E,0x2E,0x2E,0x2E,0x2E,0x2E,0x2E,0x2E,0x2E,0x2E,0x2E,0x2E,0x2E,
    0x2E,0x2E,0x2E,0x2E,0x2E,0x2E,0x2E,0x2E,0x2E,0x2E,0x2E,0x2E,0x2E,0x2E,0x2E,0x2E,
    0x2E,0x2E,0x2E,0x2E,0x2E,0x2E,0x2E,0x2E,0x0E,0x0E,0x0E,0x0E,0x0E,0x0E,0x0E,0x2E,
    0x2E,0x2E,0x2E,0x2E,0x2E,0x2E,0x2E,0x2E,0x2E,0x2E,0x2E,0x2E,0x2E,0x2E,0x2E,0x2E,
    0x2E,0x2E,0x2E,0x2E,0x2E,0x2E,0x2E,0x2E,0x2E,0x2E,0x2E,0x2E,0x2E,0x2E,0x2E,0x2E,
    0x2E,0x2E,0x2E,0x2E,0x2E,0x2E,0x2E,0x2B,0x2B,0x2E,0x2E,0x2E,0x2E,0x2E,0x2E,0x2E,
    0x2E,0x2E,0x2E,0x2E,0x2E,0x2E,0x2E,0x2E,0x2E,0x2E,0x2E,0x2E,0x2E,0x2E,0x2E,0x2E,
    0x2E,0x2E,0x2E,0x2E,0x2E,0x2E,0x2E,0x2E,0x2E,0x2E,0x2E,0x2E,0x2E,0x2E,0x2E,0x2E,
    0x2E,0x2E,0x2E,0x2E,0x2E,0x2E,0x2E,0x2E,0x2E,0x2E,0x2E,0x2E,0x2E,0x2E,0x2E,0x2E,
    0x2E,0x2E,0x2E,0x2E,0x2E,0x2E,0x2E,0x2E,0x2E,0x2E,0x2E,0x2E,0x2E,0x2E,0x2E,0x2E,
    0x2E,0x2E,0x2E,0x2E,0x2E,0x2E,0x2E,0x2E,0x2E,0x2E,0x2E,0x2E,0x2E,0x2E,0x2E,0x2E,
    0x2E,0x2E,0x13,0x13,0x13,0x13,0x13,0x13,0x13,0x2E,0x2E,0x2E,0x2E,0x2E,0x2E,0x2E,
    0x2E,0x2E,0x2E,0x2E,0x2E,0x2E,0x2E,0x2E,0x2E,0x2E,0x2E,0x2E,0x2E,0x2E,0x2E,0x2E,
    0x2E,0x2E,0x2E,0x2E,0x2E,0x2E,0x2E,0x2E,0x2E,0x2E,0x2E,0x2E,0x2E,0x2E,0x2E,0x2E,
    0x2E,0x2E,0x2E,0x2E,0x2E,0x2E,0x2E,0x2E,0x2E,0x2E,0x2E,0x2E,0x2E,0x2E,0x2E,0x2E,
    0x2E,0x2E,0x2E,0x2E,0x2E,0x2E,0x2E,0x2E,0x2E,0x2E,0x2E,0x2E,0x2E,0x2E,0x2E,0x2E,
    0x2E,0x2E,0x2E,0x2E,0x2E,0x2E,0x2E,0x2E,0x2E,0x2E,0x2E,0x2E,0x2E,0x2E,0x2E,0x2E,
    0x2E,0x2E,0x2E,0x2E,0x2E,0x2E,0x2E,0x2E,0x2E,0x2E,0x2E,0x2E,0x2E,0x2E,0x2E,0x2E,
    0x2E,0x2E,0x2E,0x2E,0x2E,0x2E,0x2E,0x2E,0x2E,0x2E,0x2E,0x2E,0x2E,0x2E,0x2E,0x2E,
    0x2E,0x2E,0x2E,0x2E,0x2E,0x2E,0x2E,0x2E,0x2E,0x2E,0x2E,0x2E,0x2E,0x2E,0x2E,0x2E,
    0x2E,0x2E,0x2E,0x2E,0x2E,0x2E,0x2E,0x2E,0x2E,0x2E,0x2E,0x2E,0x2E,0x2E,0x2E,0x2E,
    0x2E,0x2E,0x2E,0x2E,0x2E,0x2E,0x2E,0x2E,0x2E,0x2E,0x2E,0x2E,0x2E,0x2E,0x2E,0x2E,
    0x2E,0x2E,0x2E,0x2E,0x2E,0x2E,0x2E,0x2E,0x2E,0x2E,0x2E,0x2E,0x2E,0x2E,0x2E,0x2E,
    0x2E,0x2E,0x2E,0x2E,0x2E,0x2E,0x2E,0x2E,0x2E,0x2E,0x2E,0x2E,0x2E,0x2E,0x2E,0x2E,
    0x2E,0x2E,0x2E,0x2E,0x2E,0x2E,0x2E,0x17,0x17,0x17,0x17,0x2E,0x2E,0x2E,0x2E,0x2E,
    0x2E,0x2E,0x2E,0x2E,0x2E,0x2E,0x2E,0x2E,0x2E,0x2E,0x2E,0x2E,0x2E,0x2E,0x2E,0x2E,
    0x2E,0x2E,0x2E,0x2E,0x2E,0x2E,0x2E,0x2E,0x2E,0x2E,0x2E,0x2E,0x2E,0x2E,0x2E,0x2E,
    0x2E,0x2E,0x2E,0x2E,0x2E,0x2E,0x2E,0x2E,0x2E,0x2E,0x2E,0x2E,0x2E,0x2E,0x2E,0x2E,
    0x2E,0x2E,0x2E,0x2E,0x2E,0x2E,0x2E,0x2E,0x2E,0x2E,0x2E,0x2E,0x2E,0x2E,0x2E,0x2E,
    0x2E,0x2E,0x2E,0x2E,0x2E,0x2E,0x2E,0x2E,0x2E,0x2E,0x2E,0x2E,0x2E,0x2E,0x2E,0x2E,
    0x2E,0x2E,0x2E,0x2E,0x2E,0x2E,0x2E,0x2E,0x2E,0x2E,0x2E,0x2E,0x2E,0x2E,0x2E,0x2E,
    0x2E,0x2E,0x2E,0x2E,0x2E,0x2E,0x2E,0x2E,0x2E,0x2E,0x2E,0x2E,0x2E,0x2E,0x2E,0x2E,
    0x2E,0x2E,0x2E,0x2E,0x2E,0x2E,0x2E,0x2E,0x2E,0x2E,0x2E,0x2E,0x2E,0x2E,0x2E,0x2E,
    0x2E,0x2E,0x2E,0x2E,0x2E,0x2E,0x2E,0x2E,0x2E,0x2E,0x2E,0x2E,0x2E,0x2E,0x2E,0x2E,
    0x2E,0x2E,0x2E,0x2E,0x2E,0x2E,0x2E,0x2E,0x2E,0x2E,0x2E,0x2E,0x2E,0x2E,0x2E,0x2E,
    0x2E,0x2E,0x2E,0x2E,0x2E,0x2E,0x2E,0x2E,0x2E,0x2E,0x2E,0x2E,0x2E,0x2E,0x2E,0x2E,
    0x2E,0x2E,0x2E,0x2E,0x2E,0x2E,0x2E,0x2E,0x2E,0x2E,0x2E,0x2E,0x2E,0x2E,0x2E,0x2E,
    0x2E,0x2E,0x2E,0x2E,0x2E,0x2E,0x2E,0x2E,0x2E,0x2E,0x2E,0x2E,0x2E,0x2E,0x2E,0x2E,
    0x2E,0x2E,0x2E,0x2E,0x2E,0x2E,0x2E,0x2E,0x2E,0x2E,0x2E,0x2E,0x2E,0x2E,0x2E,0x2E,
    0x2E,0x2E,0x2E,0x2E,0x2E,0x2E,0x2E,0x2E,0x2E,0x2E,0x2E,0x2E,0x2E,0x2E,0x2E,0x2E,
    0x2E,0x2E,0x2E,0x2E,0x2E,0x2E,0x2E,0x2E,0x2E,0x2E,0x2E,0x2E,0x2E,0x2E,0x2E,0x11,
    0x11,0x11,0x2E,0x2E,0x2E,0x2E,0x2E,0x2E,0x2E,0x2E,0x2E,0x2E,0x2E,0x2E,0x2E,0x2E,
    0x2E,0x2E,0x2E,0x2E,0x2E,0x2E,0x2E,0x2E,0x2E,0x2E,0x2E,0x2E,0x2E,0x2E,0x2E,0x2E,
    0x2E,0x2E,0x2E,0x2E,0x2E,0x2E,0x2E,0x2E,0x2E,0x2E,0x2E,0x2E,0x2E,0x2E,0x2E,0x2E,
    0x2E,0x2E,0x2E,0x2E,0x2E,0x2E,0x2E,0x2E,0x2E,0x2E,0x2E,0x2E,0x2E,0x2E,0x2E,0x2E,
    0x2E,0x2E,0x2E,0x2E,0x2E,0x2E,0x2E,0x2E,0x2E,0x2E,0x2E,0x2E,0x2E,0x2E,0x2E,0x2E,
    0x2E,0x2E,0x2E,0x2E,0x2E,0x2E,0x2E,0x2E,0x2E,0x2E,0x2E,0x2E,0x2E,0x2E,0x2E,0x2E,
    0x2E,0x2E,0x2E,0x2E,0x2E,0x2E,0x2E,0x2E,0x2E,0x2E,0x2E,0x2E,0x2E,0x2E,0x2E,0x2E,
    0x2E,0x2E,0x2E,0x2E,0x2E,0x2E,0x2E,0x2E,0x17,0x17,0x17,0x2E,0x2E,0x2E,0x2E,0x2E,
    0x2E,0x2E,0x2E,0x2E,0x2E,0x2E,0x2E,0x2E,0x2E,0x2E,0x2E,0x2E,0x2E,0x2E,0x2E,0x2E,
    0x2E,0x2E,0x2E,0x2E,0x2E,0x2E,0x2E,0x2E,0x2E,0x2E,0x2E,0x2E,0x2E,0x2E,0x2E,0x2E,
    0x2E,0x2E,0x2E,0x2E,0x2E,0x2E,0x2E,0x2E,0x2E,0x2E,0x2E,0x2E,0x2E,0x2E,0x2E,0x2E,
    0x2E,0x2E,0x2E,0x2E,0x2E,0x2E,0x2E,0x2E,0x2E,0x2E,0x2E,0x2E,0x2E,0x2E,0x2E,0x2E,
    0x2E,0x2E,0x2E,0x2E,0x2E,0x2E,0x2E,0x2E,0x2E,0x2E,0x2E,0x2E,0x2E,0x2E,0x2E,0x2E,
    0x2E,0x2E,0x2E,0x2E,0x2E,0x2E,0x2E,0x2E,0x2E,0x2E,0x2E,0x2E,0x2E,0x2E,0x2E,0x2E,
    0x2E,0x2E,0x2E,0x2E,0x2E,0x2E,0x2E,0x2E,0x2E,0x2E,0x2E,0x2E,0x2E,0x2E,0x2E,0x2E,
    0x2E,0x2E,0x2E,0x2E,0x2E,0x2E,0x2E,0x2E,0x2E,0x2E,0x2E,0x2E,0x2E,0x2E,0x2E,0x2E,
    0x2E,0x2E,0x2E,0x2E,0x2E,0x12,0x12,0x12,0x2E,0x2E,0x2E,0x2E,0x2E,0x2E,0x2E,0x2E,
    0x2E,0x2E,0x2E,0x2E,0x2E,0x2E,0x2E,0x2E,0x2E,0x2E,0x2E,0x2E,0x2E,0x2E,0x2E,0x2E,
    0x2E,0x2E,0x11,0x11,0x11,0x2E,0x2E,0x2E,0x2E,0x2E,0x2E,0x2E,0x2E,0x2E,0x2E,0x2E,
    0x2E,0x2E,0x2E,0x2E,0x2E,0x2E,0x2E,0x2E,0x2E,0x2E,0x2E,0x2E,0x2E,0x2E,0x2E,0x2E,
    0x2E,0x2E,0x2E,0x2E,0x2E,0x2E,0x2E,0x2E,0x2E,0x2E,0x2E,0x2E,0x2E,0x2E,0x2E,0x2E,
    0x2E,0x2E,0x2E,0x2E,0x2E,0x2E,0x2E,0x2E,0x2E,0x2E,0x2E,0x2E,0x2E,0x2E,0x2E,0x2E,
    0x2E,0x2E,0x2E,0x2E,0x2E,0x2E,0x2E,0x2E,0x2E,0x2E,0x2E,0x2E,0x2E,0x2E,0x2E,0x2E,
    0x2E,0x2E,0x2E,0x2E,0x2E,0x2E,0x2E,0x2E,0x2E,0x2E,0x2E,0x2E,0x2E,0x2E,0x2E,0x2E,
    0x2E,0x2E,0x2E,0x2E,0x2E,0x2E,0x2E,0x2E,0x2E,0x2E,0x2E,0x2E,0x2E,0x2E,0x2E,0x2E,
    0x2E,0x2E,0x2E,0x2E,0x2E,0x2E,0x2E,0x2E,0x2E,0x2E,0x2E,0x2E,0x2E,0x2E,0x2E,0x2E,
    0x2E,0x2E,0x2E,0x2E,0x2E,0x2E,0x2E,0x2E,0x2E,0x2E,0x2E,0x2E,0x2E,0x2E,0x2E,0x2E,
    0x2E,0x2E,0x2E,0x2E,0x2E,0x2E,0x2E,0x2E,0x2E,0x2E,0x2E,0x2E,0x2E,0x2E,0x2E,0x2E,
    0x2E,0x2E,0x2E,0x2E,0x2E,0x2E,0x2E,0x2E,0x2E,0x2E,0x2E,0x2E,0x2E,0x2E,0x2E,0x2E,
    0x2E,0x2E,0x2E,0x2E,0x2E,0x2E,0x2E,0x2E,0x2E,0x2E,0x2E,0x2E,0x2E,0x2E,0x2E,0x2E,
    0x2E,0x2E,0x2E,0x2E,0x2E,0x2E,0x2E,0x2E,0x2E,0x2E,0x2E,0x2E,0x2E,0x2E,0x2E,0x2E,
    0x2E,0x2E,0x2E,0x2E,0x2E,0x2E,0x2E,0x2E,0x2E,0x2E,0x2E,0x2E,0x2E,0x2E,0x2E,0x2E,
    0x2E,0x2E,0x2E,0x2E,0x2E,0x2E,0x2E,0x2E,0x2E,0x2E,0x2E,0x2E,0x2E,0x2E,0x2E,0x2E,
    0x2E,0x2E,0x2E,0x2E,0x2E,0x2E,0x2E,0x2E,0x2E,0x2E,0x2E,0x2E,0x2E,0x2E,0x2E,0x2E,
    0x2E,0x2E,0x2E,0x2E,0x2E,0x2E,0x2E,0x2E,0x2E,0x2E,0x2E,0x2E,0x2E,0x2E,0x2E,0x2E,
    0x2E,0x2E,0x2E,0x2E,0x2E,0x2E,0x2E,0x2E,0x2E,0x2E,0x2E,0x2E,0x2E,0x2E,0x2E,0x2E,
    0x2E,0x2E,0x2E,0x2E,0x2E,0x2E,0x2E,0x2E,0x2E,0x2E,0x2E,0x2E,0x2E,0x2E,0x2E,0x2E,
    0x2E,0x2E,0x2E,0x2E,0x2E,0x2E,0x2E,0x2E,0x2E,0x2E,0x2E,0x2E,0x2E,0x2E,0x2E,0x2E,
    0x2E,0x2E,0x2E,0x2E,0x2E,0x2E,0x2E,0x2E,0x2E,0x2E,0x2E,0x2E,0x2E,0x2E,0x2E,0x2E,
    0x2E,0x2E,0x2E,0x2E,0x2E,0x2E,0x2E,0x2E,0x2E,0x2E,0x2E,0x2E,0x2E,0x2E,0x2E,0x2E,
    0x2E,0x2E,0x2E,0x2E,0x2E,0x2E,0x2E,0x2E,0x2E,0x2E,0x2E,0x2E,0x2E,0x2E,0x2E,0x2E,
    0x2E,0x2E,0x2E,0x2E,0x2E,0x2E,0x2E,0x2E,0x2E,0x2E,0x2E,0x2E,0x2E,0x2E,0x2E,0x2E,
    0x2E,0x2E,0x2E,0x2E,0x2E,0x2E,0x2E,0x2E,0x2E,0x2E,0x2E,0x2E,0x2E,0x2E,0x2E,0x2E,
    0x2E,0x2E,0x2E,0x2E,0x2E,0x2E,0x2E,0x2E,0x2E,0x2E,0x2E,0x2E,0x2E,0x2E,0x2E,0x2E,
    0x15,0x15,0x15,0x2E,0x2E,0x2E,0x2E,0x2E,0x2E,0x2E,0x2E,0x2E,0x2E,0x2E,0x2E,0x2E,
    0x2E,0x2E,0x2E,0x2E,0x2E,0x2E,0x2E,0x2E,0x2E,0x2E,0x2E,0x2E,0x2E,0x2E,0x2E,0x2E,
    0x2E,0x2E,0x2E,0x2E,0x2E,0x2E,0x2E,0x2E,0x2E,0x2E,0x2E,0x2E,0x2E,0x2E,0x2E,0x2E,
    0x2E,0x2E,0x2E,0x2E,0x2E,0x2E,0x2E,0x2E,0x2E,0x2E,0x2E,0x2E,0x2E,0x2E,0x2E,0x2E,
    0x2E,0x2E,0x2E,0x2E,0x2E,0x2E,0x2E,0x2E,0x2E,0x2E,0x2E,0x2E,0x2E,0x2E,0x2E,0x2E,
    0x2E,0x2E,0x2E,0x2E,0x2E,0x2E,0x2E,0x2E,0x2E,0x2E,0x2E,0x2E,0x2E,0x2E,0x2E,0x2E,
    0x2E,0x2E,0x2E,0x2E,0x2E,0x2E,0x2E,0x2E,0x2E,0x2E,0x2E,0x2E,0x2E,0x2E,0x2E,0x2E,
    0x2E,0x2E,0x2E,0x2E,0x2E,0x2E,0x2E,0x2E,0x2E,0x2E,0x2E,0x2E,0x2E,0x2E,0x2E,0x2E,
    0x2E,0x2E,0x2E,0x2E,0x2E,0x2E,0x2E,0x2E,0x2E,0x2E,0x2E,0x2E,0x2E,0x2E,0x2E,0x2E,
    0x2E,0x2E,0x2E,0x2E,0x2E,0x2E,0x2E,0x2E,0x2E,0x2E,0x2E,0x2E,0x2E,0x2E,0x2E,0x2E,
    0x2E,0x2E,0x2E,0x2E,0x2E,0x2E,0x2E,0x2E,0x2E,0x2E,0x2E,0x2E,0x2E,0x2E,0x2E,0x2E,
    0x2E,0x2E,0x2E,0x2E,0x2E,0x2E,0x2E,0x2E,0x2E,0x2E,0x2E,0x2E,0x2E,0x2E,0x2E,0x2E,
    0x2E,0x2E,0x2E,0x2E,0x2E,0x2E,0x2E,0x2E,0x2E,0x2E,0x2E,0x2E,0x2E,0x2E,0x2E,0x2E,
    0x2E,0x2E,0x2E,0x2E,0x2E,0x2E,0x2E,0x2E,0x2E,0x2E,0x2E,0x2E,0x2E,0x2E,0x11,0x11,
    0x11,0x11,0x11,0x2E,0x2E,0x2E,0x2E,0x2E,0x2E,0x2E,0x2E,0x2E,0x2E,0x2E,0x2E,0x2E,
    0x2E,0x2E,0x2E,0x2E,0x2E,0x2E,0x2E,0x2E,0x2E,0x2E,0x2E,0x2E,0x2E,0x2E,0x2E,0x2E,
    0x2E,0x2E,0x2E,0x2E,0x16,0x16,0x16,0x16,0x16,0x2E,0x2E,0x2E,0x2E,0x2E,0x2E,0x2E,
    0x2E,0x2E,0x2E,0x2E,0x2E,0x2E,0x2E,0x2E,0x2E,0x2E,0x2E,0x2E,0x2E,0x2E,0x12,0x12,
    0x12,0x12,0x12,0x12,0x12,0x2E,0x2E,0x2E,0x2E,0x2E,0x2E,0x2E,0x2E,0x2E,0x2E,0x2E,
    0x2E,0x2E,0x2E,0x2E,0x2E,0x2E,0x2E,0x2E,0x2E,0x2E,0x2E,0x2E,0x2E,0x2E,0x2E,0x2E,
    0x2E,0x2E,0x2E,0x2E,0x2E,0x2E,0x2E,0x2E,0x2E,0x2E,0x2E,0x2E,0x2E,0x2E,0x2E,0x2E,
    0x2E,0x2E,0x2E,0x2E,0x2E,0x2E,0x2E,0x2E,0x2E,0x2E,0x2E,0x2E,0x2E,0x2E,0x2E,0x2E,
    0x2E,0x2E,0x2E,0x2E,0x2E,0x2E,0x2E,0x2E,0x2E,0x2E,0x2E,0x2E,0x2E,0x2E,0x2E,0x2E,
    0x2E,0x2E,0x2E,0x2E,0x2E,0x2E,0x2E,0x2E,0x2E,0x2E,0x2E,0x2E,0x2E,0x2E,0x2E,0x2E,
    0x2E,0x2E,0x2E,0x2E,0x2E,0x2E,0x2E,0x2E,0x2E,0x2E,0x2E,0x2E,0x2E,0x2E,0x2E,0x2E,
    0x2E,0x2E,0x2E,0x2E,0x2E,0x2E,0x2E,0x2E,0x2E,0x2E,0x2E,0x2E,0x2E,0x2E,0x2E,0x2E,
    0x2E,0x2E,0x2E,0x2E,0x2E,0x2E,0x2E,0x2E,0x2E,0x2E,0x2E,0x2E,0x2E,0x2E,0x2E,0x2E,
    0x2E,0x2E,0x2E,0x2E,0x2E,0x2E,0x2E,0x2E,0x2E,0x2E,0x2E,0x2E,0x2E,0x2E,0x2E,0x2E,
    0x2E,0x2E,0x2E,0x2E,0x2E,0x2E,0x2E,0x2E,0x2E,0x2E,0x2E,0x2E,0x2E,0x2E,0x2E,0x2E,
    0x2E,0x2E,0x2E,0x2E,0x2E,0x2E,0x11,0x11,0x11,0x11,0x15,0x15,0x15,0x2E,0x2E,0x2E,
    0x2E,0x2E,0x2E,0x2E,0x2E,0x2E,0x2E,0x2E,0x2E,0x2E,0x2E,0x2E,0x2E,0x2E,0x2E,0x2E,
    0x2E,0x2E,0x2E,0x2E,0x2E,0x2E,0x2E,0x2E,0x2E,0x2E,0x2E,0x2E,0x2E,0x2E,0x2E,0x2E,
    0x2E,0x2E,0x2E,0x2E,0x2E,0x2E,0x2E,0x2E,0x2E,0x2E,0x2E,0x2E,0x2E,0x2E,0x2E,0x2E,
    0x2E,0x2E,0x2E,0x2E,0x2E,0x2E,0x2E,0x2E,0x2E,0x2E,0x2E,0x2E,0x2E,0x2E,0x2E,0x2E,
    0x2E,0x2E,0x2E,0x2E,0x2E,0x2E,0x2E,0x2E,0x2E,0x2E,0x2E,0x2E,0x2E,0x2E,0x2E,0x2E,
    0x2E,0x2E,0x2E,0x2E,0x2E,0x2E,0x2E,0x2E,0x2E,0x2E,0x2E,0x2E,0x2E,0x2E,0x2E,0x2E,
    0x2E,0x2E,0x2E,0x2E,0x2E,0x2E,0x2E,0x2E,0x2E,0x2E,0x2E,0x2E,0x2E,0x2E,0x2E,0x2E,
    0x2E,0x2E,0x2E,0x2E,0x2E,0x2E,0x2E,0x2E,0x2E,0x2E,0x2E,0x2E,0x2E,0x2E,0x2E,0x2E,
    0x2E,0x2E,0x2E,0x2E,0x2E,0x2E,0x2E,0x2E,0x2E,0x2E,0x2E,0x2E,0x2E,0x2E,0x2E,0x2E,
    0x2E,0x2E,0x2E,0x2E,0x2E,0x2E,0x2E,0x2E,0x2E,0x2E,0x2E,0x2E,0x2E,0x2E,0x2E,0x2E,
    0x2E,0x2E,0x2E,0x2E,0x2E,0x2E,0x2E,0x2E,0x2E,0x2E,0x2E,0x2E,0x2E,0x2E,0x2E,0x2E,
    0x2E,0x2E,0x2E,0x2E,0x2E,0x2E,0x2E,0x2E,0x2E,0x2E,0x2E,0x2E,0x2E,0x2E,0x2E,0x2E,
    0x2E,0x2E,0x2E,0x2E,0x2E,0x2E,0x2E,0x2E,0x2E,0x2E,0x2E,0x2E,0x2E,0x2E,0x2E,0x2E,
    0x2E,0x2E,0x2E,0x2E,0x2E,0x2E,0x2E,0x2E,0x2E,0x2E,0x2E,0x2E,0x2E,0x2E,0x2E,0x2E,
    0x2E,0x2E,0x2E,0x2E,0x2E,0x2E,0x2E,0x2E,0x2E,0x2E,0x2E,0x2E,0x2E,0x2E,0x2E,0x2E,
    0x2E,0x2E,0x2E,0x2E,0x2E,0x2E,0x2E,0x2E,0x2E,0x2E,0x2E,0x2E,0x2E,0x2E,0x2E,0x2E,
    0x2E,0x2E,0x2E,0x2E,0x2E,0x2E,0x2E,0x2E,0x2E,0x2E,0x2E,0x2E,0x2E,0x2E,0x2E,0x2E,
    0x2E,0x2E,0x2E,0x2E,0x2E,0x2E,0x2E,0x2E,0x2E,0x2E,0x2E,0x2E,0x2E,0x2E,0x2E,0x2E,
    0x2E,0x2E,0x2E,0x2E,0x2E,0x2E,0x2E,0x2E,0x2E,0x2E,0x2E,0x2E,0x2E,0x2E,0x2E,0x2E,
    0x2E,0x2E,0x2E,0x2E,0x2E,0x2E,0x2E,0x2E,0x2E,0x2E,0x2E,0x2E,0x2E,0x2E,0x2E,0x2E,
    0x2E,0x2E,0x2E,0x2E,0x2E,0x2E,0x2E,0x2E,0x2E,0x2E,0x2E,0x2E,0x2E,0x2E,0x2E,0x2E,
    0x2E,0x2E,0x2E,0x2E,0x2E,0x2E,0x2E,0x2E,0x2E,0x2E,0x2E,0x2E,0x2E,0x2E,0x2E,0x2E,
    0x2E,0x2E,0x2E,0x2E,0x2E,0x2E,0x2E,0x2E,0x2E,0x2E,0x2E,0x2E,0x2E,0x2E,0x2E,0x2E,
    0x2E,0x2E,0x2E,0x2E,0x2E,0x2E,0x2E,0x2E,0x2E,0x2E,0x2E,0x2E,0x2E,0x2E,0x2E,0x2E,
    0x2E,0x2E,0x2E,0x2E,0x2E,0x2E,0x2E,0x2E,0x2E,0x2E,0x2E,0x2E,0x2E,0x2E,0x2E,0x2E,
    0x2E,0x2E,0x2E,0x2E,0x2E,0x2E,0x2E,0x2E,0x2E,0x2E,0x2E,0x2E,0x2E,0x2E,0x2E,0x2E,
    0x2E,0x2E,0x2E,0x2E,0x2E,0x2E,0x2E,0x2E,0x2E,0x2E,0x2E,0x2E,0x2E,0x2E,0x2E,0x2E,
    0x2E,0x2E,0x2E,0x2E,0x2E,0x2E,0x2E,0x2E,0x2E,0x2E,0x2E,0x2E,0x2E,0x2E,0x2E,0x2E,
    0x2E,0x2E,0x2E,0x2E,0x2E,0x2E,0x2E,0x2E,0x2E,0x2E,0x2E,0x2E,0x2E,0x2E,0x2E,0x2E,
    0x2E,0x2E,0x2E,0x2E,0x2E,0x2E,0x2E,0x2E,0x2E,0x2E,0x2E,0x2E,0x2E,0x2E,0x2E,0x2E,
    0x2E,0x2E,0x2E,0x2E,0x2E,0x2E,0x2E,0x2E,0x2E,0x2E,0x2E,0x2E,0x2E,0x2E,0x2E,0x2E,
    0x2E,0x2E,0x2E,0x2E,0x2E,0x2E,0x2E,0x2E,0x2E,0x2E,0x2E,0x2E,0x2E,0x2E,0x2E,0x2E,
    0x2E,0x2E,0x2E,0x2E,0x2E,0x2E,0x2E,0x2E,0x2E,0x2E,0x2E,0x2E,0x2E,0x2E,0x2E,0x2E,
    0x2E,0x2E,0x2E,0x2E,0x2E,0x2E,0x2E,0x2E,0x2E,0x2E,0x2E,0x2E,0x2E,0x2E,0x2E,0x2E,
    0x2E,0x2E,0x2E,0x2E,0x2E,0x2E,0x2E,0x2E,0x2E,0x2E,0x2E,0x2E,0x2E,0x2E,0x2E,0x2E,
    0x2E,0x2E,0x2E,0x2E,0x2E,0x2E,0x2E,0x2E,0x2E,0x2E,0x2E,0x2E,0x2E,0x2E,0x2E,0x2E,
    0x2E,0x2E,0x2E,0x2E,0x2E,0x2E,0x2E,0x2E,0x2E,0x2E,0x2E,0x2E,0x2E,0x2E,0x2E,0x2E,
    0x2E,0x2E,0x2E,0x2E,0x2E,0x2E,0x2E,0x2E,0x2E,0x2E,0x2E,0x2E,0x2E,0x2E,0x2E,0x2E,
    0x2E,0x2E,0x2E,0x2E,0x2E,0x2E,0x2E,0x2E,0x2E,0x2E,0x2E,0x2E,0x2E,0x2E,0x2E,0x2E,
    0x2E,0x2E,0x2E,0x2E,0x2E,0x2E,0x2E,0x2E,0x2E,0x2E,0x2E,0x2E,0x2E,0x2E,0x2E,0x2E,
    0x2E,0x2E,0x2E,0x2E,0x2E,0x2E,0x2E,0x2E,0x2E,0x2E,0x2E,0x2E,0x2E,0x2E,0x2E,0x2E,
    0x2E,0x2E,0x2E,0x2E,0x2E,0x2E,0x2E,0x2E,0x2E,0x2E,0x2E,0x2E,0x2E,0x2E,0x2E,0x2E,
    0x2E,0x2E,0x2E,0x2E,0x2E,0x2E,0x2E,0x2E,0x2E,0x2E,0x2E,0x2E,0x2E,0x2E,0x2E,0x2E,
    0x2E,0x2E,0x2E,0x2E,0x2E,0x2E,0x2E,0x2E,0x2E,0x2E,0x2E,0x2E,0x2E,0x2E,0x2E,0x2E,
    0x2E,0x2E,0x2E,0x2E,0x2E,0x2E,0x2E,0x2E,0x2E,0x2E,0x2E,0x2E,0x2E,0x2E,0x2E,0x2E,
    0x2E,0x2E,0x2E,0x2E,0x2E,0x2E,0x2E,0x2E,0x2E,0x2E,0x2E,0x2E,0x2E,0x2E,0x2E,0x2E,
    0x2E,0x2E,0x2E,0x2E,0x2E,0x2E,0x2E,0x2E,0x2E,0x2E,0x2E,0x2E,0x2E,0x2E,0x2E,0x2E,
    0x2E,0x2E,0x2E,0x2E,0x2E,0x2E,0x2E,0x2E,0x2E,0x2E,0x2E,0x2E,0x2E,0x2E,0x2E,0x2E,
    0x0C,0x0C,0x0C,0x0C,0x2E,0x2E,0x2E,0x2E,0x2E,0x2E,0x2E,0x2E,0x2E,0x2E,0x2E,0x2E,
    0x2E,0x2E,0x2E,0x2E,0x2E,0x2E,0x2E,0x2E,0x2E,0x2E,0x2E,0x2E,0x2E,0x2E,0x2E,0x2E,
    0x2E,0x2E,0x2E,0x2E,0x2E,0x2E,0x2E,0x2E,0x2E,0x2E,0x2E,0x2E,0x2E,0x2E,0x2E,0x2E,
    0x2E,0x2E,0x2E,0x2E,0x2E,0x2E,0x2E,0x2E,0x2E,0x2E,0x2E,0x2E,0x2E,0x2E,0x2E,0x2E,
    0x2E,0x2E,0x2E,0x2E,0x2E,0x2E,0x2E,0x2E,0x2E,0x2E,0x2E,0x2E,0x2E,0x2E,0x2E,0x2E,
    0x2E,0x2E,0x2E,0x2E,0x2E,0x2E,0x2E,0x2E,0x2E,0x2E,0x2E,0x2E,0x2E,0x2E,0x2E,0x2E,
    0x2E,0x2E,0x2E,0x2E,0x2E,0x2E,0x2E,0x2E,0x2E,0x2E,0x2E,0x2E,0x2E,0x2E,0x2E,0x2E,
    0x2E,0x2E,0x2E,0x2E,0x2E,0x2E,0x2E,0x2E,0x2E,0x2E,0x2E,0x2E,0x2E,0x2E,0x2E,0x2E,
    0x2E,0x2E,0x2E,0x2E,0x2E,0x2E,0x2E,0x2E,0x2E,0x2E,0x2E,0x2E,0x2E,0x2E,0x16,0x16,
    0x16,0x16,0x2E,0x2E,0x2E,0x2E,0x2E,0x2E,0x2E,0x2E,0x2E,0x2E,0x2E,0x2E,0x2E,0x2E,
    0x2E,0x2E,0x2E,0x2E,0x2E,0x2E,0x2E,0x2E,0x2E,0x2E,0x2E,0x2E,0x2E,0x2E,0x2E,0x2E,
    0x2E,0x2E,0x2E,0x2E,0x2E,0x2E,0x2E,0x2E,0x2E,0x2E,0x2E,0x2E,0x2E,0x2E,0x2E,0x2E,
    0x2E,0x2E,0x2E,0x2E,0x2E,0x2E,0x2E,0x2E,0x2E,0x2E,0x2E,0x2E,0x2E,0x2E,0x2E,0x2E,
    0x2E,0x2E,0x2E,0x2E,0x2E,0x2E,0x2E,0x2E,0x2E,0x2E,0x2E,0x2E,0x2E,0x2E,0x2E,0x2E,
    0x2E,0x2E,0x2E,0x2E,0x2E,0x2E,0x2E,0x2E,0x2E,0x2E,0x2E,0x2E,0x2E,0x2E,0x2E,0x2E,
    0x2E,0x2E,0x2E,0x2E,0x2E,0x2E,0x2E,0x2E,0x2E,0x2E,0x2E,0x2E,0x2E,0x2E,0x2E,0x2E,
    0x2E,0x2E,0x2E,0x2E,0x2E,0x2E,0x2E,0x2E,0x2E,0x2E,0x2E,0x16,0x16,0x16,0x16,0x16,
    0x16,0x16,0x2E,0x2E,0x2E,0x2E,0x2E,0x2E,0x2E,0x2E,0x2E,0x2E,0x0B,0x0B,0x0B,0x0B,
    0x0B,0x0B,0x0B,0x2E,0x2E,0x2E,0x2E,0x2E,0x2E,0x2E,0x2E,0x2E,0x2E,0x2E,0x2E,0x2E,
    0x2E,0x2E,0x2E,0x2E,0x2E,0x2E,0x2E,0x2E,0x2E,0x2E,0x2E,0x2E,0x2E,0x2E,0x2E,0x2E,
    0x2E,0x2E,0x2E,0x2E,0x2E,0x2E,0x2E,0x2E,0x2E,0x2E,0x2E,0x2E,0x2E,0x2E,0x2E,0x2E,
    0x2E,0x2E,0x2E,0x2E,0x2E,0x2E,0x2E,0x2E,0x2E,0x2E,0x2E,0x2E,0x2E,0x2E,0x2E,0x2E,
    0x2E,0x2E,0x2E,0x2E,0x2E,0x2E,0x2E,0x2E,0x2E,0x2E,0x2E,0x2E,0x2E,0x2E,0x2E,0x2E,
    0x2E,0x2E,0x2E,0x2E,0x2E,0x2E,0x2E,0x2E,0x2E,0x2E,0x2E,0x2E,0x2E,0x2E,0x2E,0x2E,
    0x2E,0x2E,0x2E,0x2E,0x2E,0x2E,0x2E,0x2E,0x2E,0x2E,0x2E,0x2E,0x2E,0x2E,0x2E,0x2E,
    0x2E,0x2E,0x2E,0x2E,0x2E,0x2E,0x2E,0x2E,0x2E,0x2E,0x2E,0x2E,0x2E,0x2E,0x2E,0x2E,
    0x2E,0x2E,0x2E,0x2E,0x2E,0x2E,0x2E,0x2E,0x2E,0x2E,0x2E,0x2E,0x2E,0x2E,0x2E,0x2E,
    0x2E,0x2E,0x2E,0x2E,0x2E,0x2E,0x2E,0x2E,0x2E,0x2E,0x2E,0x2E,0x2E,0x2E,0x2E,0x2E,
    0x2E,0x2E,0x2E,0x2E,0x2E,0x2E,0x2E,0x2E,0x2E,0x2E,0x2E,0x2E,0x2E,0x2E,0x2E,0x2E,
    0x2E,0x2E,0x2E,0x2E,0x2E,0x2E,0x2E,0x2E,0x2E,0x2E,0x2E,0x2E,0x2E,0x2E,0x2E,0x2E,
    0x2E,0x2E,0x2E,0x2E,0x2E,0x2E,0x2E,0x2E,0x2E,0x2E,0x2E,0x2E,0x2E,0x2E,0x2E,0x2E,
    0x2E,0x2E,0x2E,0x2E,0x2E,0x2E,0x2E,0x2E,0x2E,0x2E,0x2E,0x2E,0x2E,0x2E,0x2E,0x2E,
    0x2E,0x2E,0x2E,0x2E,0x2E,0x2E,0x2E,0x2E,0x2E,0x2E,0x2E,0x2E,0x2E,0x2E,0x2E,0x2E,
    0x2E,0x2E,0x2E,0x2E,0x2E,0x2E,0x2E,0x2E,0x2E,0x0E,0x0E,0x0E,0x0E,0x0E,0x2E,0x2E,
    0x2E,0x2E,0x2E,0x2E,0x2E,0x2E,0x2E,0x2E,0x2E,0x2E,0x2E,0x2E,0x2E,0x2E,0x2E,0x2E,
    0x2E,0x2E,0x2E,0x2E,0x2E,0x2E,0x2E,0x2E,0x2E,0x2E,0x2E,0x2E,0x2E,0x2E,0x2E,0x2E,
    0x2E,0x2E,0x2E,0x2E,0x2E,0x2E,0x2E,0x2E,0x2E,0x2E,0x2E,0x2E,0x2E,0x2E,0x2E,0x2E,
    0x2E,0x2E,0x2E,0x2E,0x2E,0x2E,0x2E,0x2E,0x2E,0x2E,0x2E,0x2E,0x2E,0x2E,0x2E,0x2E,
    0x2E,0x2E,0x2E,0x2E,0x2E,0x2E,0x2E,0x2E,0x2E,0x2E,0x2E,0x2E,0x2E,0x2E,0x2E,0x2E,
    0x2E,0x2E,0x2E,0x2E,0x2E,0x2E,0x2E,0x2E,0x2E,0x2B,0x2B,0x2E,0x2E,0x2E,0x2E,0x2E,
    0x2E,0x2E,0x2E,0x2E,0x2E,0x2E,0x2E,0x2E,0x2E,0x2E,0x2E,0x2E,0x2E,0x2E,0x2E,0x2E,
    0x2E,0x2E,0x2E,0x2E,0x2E,0x2E,0x2E,0x2E,0x2E,0x2E,0x2E,0x2E,0x2E,0x2E,0x2E,0x2E,
    0x2E,0x2E,0x2E,0x2E,0x2E,0x2E,0x2E,0x2E,0x2E,0x2E,0x2E,0x2E,0x2E,0x2E,0x2E,0x2E,
    0x2E,0x2E,0x2E,0x2E,0x2E,0x2E,0x2E,0x2E,0x2E,0x2E,0x2E,0x2E,0x2E,0x2E,0x2E,0x2E,
    0x2E,0x2E,0x2E,0x2E,0x2E,0x2E,0x2E,0x2E,0x2E,0x2E,0x2E,0x2E,0x2E,0x2E,0x2E,0x2E,
    0x2E,0x2E,0x2E,0x2E,0x2E,0x0E,0x0B,0x0B,0x0B,0x0E,0x0E,0x2E,0x2E,0x2E,0x2E,0x2E,
    0x2E,0x2E,0x2E,0x2E,0x2E,0x2E,0x2E,0x2E,0x2E,0x2E,0x2E,0x2E,0x2E,0x2E,0x2E,0x2E,
    0x2E,0x2E,0x2E,0x2E,0x2E,0x2E,0x2E,0x2E,0x2E,0x2E,0x2E,0x2E,0x2E,0x2E,0x2E,0x2E,
    0x2E,0x2E,0x2E,0x2E,0x2E,0x2E,0x2E,0x2E,0x2E,0x2E,0x2E,0x2E,0x2E,0x2E,0x2E,0x2E,
    0x2E,0x2E,0x2E,0x2E,0x2E,0x2E,0x2E,0x2E,0x2E,0x2E,0x2E,0x2E,0x2E,0x15,0x15,0x15,
    0x15,0x15,0x15,0x15,0x2E,0x2E,0x2E,0x2E,0x2E,0x2E,0x2E,0x2E,0x2E,0x2E,0x2E,0x2E,
    0x2E,0x2E,0x2E,0x2E,0x2E,0x2E,0x0F,0x0F,0x0F,0x2E,0x2E,0x2E,0x2E,0x2E,0x2E,0x2E,
    0x2E,0x2E,0x2E,0x2E,0x2E,0x2E,0x2E,0x2E,0x2E,0x2E,0x2E,0x2E,0x2E,0x2E,0x2E,0x2E,
    0x2E,0x2E,0x2E,0x2E,0x2E,0x2E,0x2E,0x2E,0x2E,0x2E,0x2E,0x2E,0x2E,0x2E,0x2E,0x2E,
    0x2E,0x2E,0x2E,0x2E,0x2E,0x2E,0x13,0x13,0x13,0x13,0x13,0x2E,0x2E,0x2E,0x2E,0x2E,
    0x2E,0x2E,0x2E,0x2E,0x2E,0x2E,0x2E,0x2E,0x2E,0x2E,0x2E,0x2E,0x2E,0x2E,0x2E,0x2E,
    0x2E,0x2E,0x2E,0x2E,0x2E,0x2E,0x2E,0x2E,0x2E,0x2E,0x16,0x16,0x16,0x16,0x2E,0x2E,
    0x2E,0x2E,0x2E,0x2E,0x2E,0x2E,0x2E,0x2E,0x2E,0x2E,0x2E,0x2E,0x2E,0x2E,0x2E,0x2E,
    0x2E,0x2E,0x2E,0x2E,0x2E,0x2E,0x2E,0x2E,0x2E,0x2E,0x2E,0x2E,0x2E,0x2E,0x2E,0x2E,
    0x2E,0x2E,0x2E,0x2E,0x2E,0x2E,0x2E,0x2E,0x2E,0x2E,0x2E,0x2E,0x2E,0x2E,0x2E,0x2E,
    0x2E,0x2E,0x2E,0x2E,0x2E,0x2E,0x2B,0x2B,0x2B,0x2E,0x2E,0x2E,0x2E,0x2E,0x2E,0x2E,
    0x2E,0x2E,0x2E,0x2E,0x2E,0x2E,0x2E,0x2E,0x2E,0x2E,0x2E,0x2E,0x2E,0x2E,0x2E,0x2E,
    0x2E,0x2E,0x2E,0x2E,0x2E,0x2E,0x2E,0x2E,0x2E,0x2E,0x2E,0x2E,0x2E,0x2E,0x2E,0x2E,
    0x2E,0x2E,0x2E,0x2E,0x2E,0x2E,0x2E,0x2E,0x2E,0x2E,0x2E,0x2E,0x2E,0x2E,0x2E,0x2E,
    0x10,0x10,0x10,0x10,0x10,0x10,0x10,0x2E,0x2E,0x2E,0x2E,0x2E,0x2E,0x2E,0x2E,0x2E,
    0x2E,0x2E,0x2E,0x2E,0x14,0x14,0x11,0x11,0x11,0x14,0x14,0x2E,0x2E,0x2E,0x2E,0x2E,
    0x2E,0x2E,0x2E,0x2E,0x0D,0x0D,0x0D,0x0D,0x0D,0x2E,0x2E,0x2E,0x2E,0x2E,0x2E,0x2E,
    0x2E,0x2E,0x2E,0x2E,0x2E,0x2E,0x2E,0x2E,0x2E,0x2E,0x2E,0x2E,0x2E,0x2E,0x2E,0x2E,
    0x2E,0x2E,0x2E,0x2E,0x2E,0x2E,0x2E,0x2E,0x2E,0x2E,0x2E,0x2E,0x2E,0x2E,0x2E,0x2E,
    0x2E,0x2E,0x2E,0x2E,0x2E,0x2E,0x2E,0x2E,0x2E,0x2E,0x2E,0x2E,0x2E,0x2E,0x2E,0x2E,
    0x2E,0x2E,0x2E,0x2B,0x2B,0x2B,0x2E,0x2E,0x2E,0x2E,0x2E,0x2E,0x2E,0x2E,0x2E,0x2E,
    0x2E,0x2E,0x2E,0x2E,0x2E,0x2E,0x0A,0x0A,0x0A,0x2E,0x2E,0x2E,0x2E,0x2E,0x2E,0x2E,
    0x2E,0x2E,0x2E,0x2E,0x2E,0x2E,0x2E,0x2E,0x2E,0x2E,0x2E,0x2E,0x2E,0x2E,0x2E,0x2E,
    0x2E,0x2E,0x2E,0x2E,0x2E,0x2E,0x2E,0x2E,0x2E,0x2E,0x2E,0x2E,0x2E,0x2E,0x2E,0x2E,
    0x2E,0x2E,0x2E,0x2E,0x2E,0x2E,0x2E,0x2E,0x2E,0x2E,0x2E,0x2E,0x2E,0x2E,0x2E,0x2E,
    0x2E,0x2E,0x2E,0x2E,0x2E,0x2E,0x2E,0x2E,0x2E,0x2E,0x2E,0x2E,0x2E,0x2E,0x2E,0x2E,
    0x2E,0x2E,0x2E,0x0B,0x0B,0x0B,0x2E,0x2E,0x2E,0x2E,0x2E,0x2E,0x2E,0x2E,0x2E,0x2E,
    0x2E,0x2E,0x2E,0x2E,0x2E,0x2E,0x2E,0x2E,0x2E,0x2E,0x2E,0x2E,0x2E,0x2E,0x2E,0x2E,
    0x2E,0x2E,0x2E,0x2E,0x2E,0x2E,0x2E,0x2E,0x2E,0x2E,0x2E,0x2E,0x2E,0x2E,0x2E,0x2E,
    0x2E,0x2E,0x2E,0x2E,0x2E,0x2E,0x2E,0x2E,0x2E,0x2E,0x2E,0x2E,0x2E,0x2E,0x2E,0x2E,
    0x2E,0x2E,0x2E,0x11,0x11,0x0E,0x2E,0x2E,0x2E,0x2E,0x2E,0x2E,0x2E,0x2E,0x2E,0x2E,
    0x2E,0x2E,0x2E,0x2E,0x2E,0x2E,0x2E,0x2E,0x2E,0x2E,0x2E,0x2E,0x2E,0x2E,0x2E,0x2E,
    0x2E,0x2E,0x2E,0x2E,0x2E,0x2E,0x2E,0x2E,0x2E,0x2E,0x2E,0x2E,0x2E,0x2E,0x2E,0x2E,
    0x2E,0x2E,0x2E,0x2E,0x2E,0x2E,0x2E,0x2E,0x2E,0x2E,0x2E,0x2E,0x2E,0x2E,0x2E,0x2E,
    0x2E,0x2E,0x2E,0x2E,0x2E,0x2E,0x2E,0x2E,0x2E,0x2E,0x2E,0x2E,0x2E,0x2E,0x2E,0x2E,
    0x2E,0x2E,0x2E,0x2E,0x2E,0x2E,0x2E,0x2E,0x2E,0x2E,0x2E,0x2E,0x2E,0x2E,0x2E,0x2E,
    0x2E,0x2E,0x2E,0x2B,0x2B,0x08,0x08,0x0B,0x0B,0x0B,0x0B,0x2E,0x2E,0x2E,0x2E,0x2E,
    0x2E,0x2E,0x2E,0x2E,0x2E,0x2E,0x2E,0x0E,0x0E,0x0E,0x0E,0x0E,0x0E,0x0E,0x2E,0x2E,
    0x2E,0x2E,0x2E,0x2E,0x2E,0x2E,0x2E,0x2E,0x2E,0x2E,0x2E,0x2E,0x2E,0x2E,0x2E,0x2E,
    0x2E,0x2E,0x2E,0x2E,0x2E,0x2E,0x2E,0x2E,0x2E,0x2E,0x2E,0x2E,0x2E,0x2E,0x2E,0x2E,
    0x2E,0x2E,0x2E,0x2E,0x2E,0x2E,0x2E,0x2E,0x2E,0x2E,0x2E,0x2E,0x2E,0x2E,0x2E,0x2E,
    0x2E,0x2E,0x2E,0x2E,0x2E,0x2E,0x2E,0x2E,0x2E,0x2E,0x2E,0x2E,0x2E,0x2E,0x2E,0x2E,
    0x10,0x10,0x10,0x10,0x10,0x0D,0x0D,0x2B,0x2E,0x2E,0x2E,0x2E,0x2E,0x2E,0x2E,0x2E,
    0x2E,0x2E,0x2E,0x2E,0x2E,0x2E,0x2E,0x14,0x14,0x14,0x14,0x14,0x14,0x14,0x2E,0x2E,
    0x2E,0x2E,0x2E,0x2E,0x2E,0x2E,0x2E,0x2E,0x2E,0x2E,0x2E,0x2E,0x2E,0x2E,0x2E,0x2E,
    0x2E,0x2E,0x2E,0x2E,0x2E,0x2E,0x2E,0x2E,0x0C,0x0C,0x0C,0x2E,0x2E,0x2E,0x2E,0x2E,
    0x2E,0x2E,0x2E,0x2E,0x2E,0x2E,0x2E,0x2E,0x2E,0x2E,0x2E,0x2E,0x2E,0x2E,0x2E,0x2E,
    0x2E,0x2E,0x2E,0x2E,0x2E,0x2E,0x2E,0x2E,0x2E,0x2E,0x2E,0x2E,0x2E,0x2E,0x2E,0x2E,
    0x2E,0x2E,0x2E,0x2E,0x2E,0x08,0x08,0x0B,0x2E,0x2E,0x2E,0x2E,0x2E,0x2E,0x2E,0x2E,
    0x2E,0x2E,0x2E,0x2E,0x2E,0x2E,0x2E,0x2E,0x2E,0x2E,0x2E,0x2E,0x2E,0x2E,0x2E,0x2E,
    0x2E,0x2E,0x2E,0x2E,0x2E,0x2E,0x2E,0x2E,0x2E,0x2E,0x2E,0x2E,0x2E,0x2E,0x2E,0x2E,
    0x2E,0x2E,0x2E,0x2E,0x2E,0x2E,0x2E,0x2E,0x2E,0x2E,0x2E,0x2E,0x2E,0x2E,0x2E,0x2E,
    0x2E,0x2E,0x2E,0x2E,0x2E,0x2E,0x2E,0x2E,0x2E,0x2E,0x2E,0x2E,0x2E,0x2E,0x2E,0x2E,
    0x2E,0x2E,0x2E,0x2E,0x2E,0x2E,0x2E,0x2E,0x2E,0x2E,0x2E,0x2E,0x2E,0x2E,0x2E,0x2E,
    0x2E,0x2E,0x2E,0x2E,0x2E,0x2E,0x2E,0x2E,0x2E,0x2E,0x2E,0x2E,0x2E,0x2E,0x2E,0x2E,
    0x2E,0x2E,0x2E,0x2E,0x2E,0x2E,0x2E,0x2E,0x2E,0x2E,0x2E,0x2E,0x2E,0x2E,0x2E,0x2E,
    0x2E,0x2E,0x2E,0x2E,0x2E,0x2E,0x2E,0x2E,0x2E,0x2E,0x2E,0x2E,0x2E,0x2E,0x2E,0x2E,
    0x2E,0x2E,0x2E,0x2E,0x2E,0x2E,0x2E,0x2E,0x2E,0x2E,0x2E,0x2E,0x2E,0x2E,0x2E,0x2E,
    0x2E,0x2E,0x0B,0x0B,0x0B,0x0B,0x0B,0x2E,0x2E,0x2E,0x2E,0x2E,0x2E,0x2E,0x2E,0x2E,
    0x2E,0x2E,0x2E,0x2E,0x2E,0x2E,0x2E,0x2E,0x2E,0x2E,0x2E,0x2E,0x2E,0x2E,0x2E,0x2E,
    0x2E,0x2E,0x2E,0x2E,0x2E,0x2E,0x2E,0x2E,0x2E,0x2E,0x2E,0x2E,0x2E,0x2E,0x2E,0x2E,
    0x2E,0x2E,0x2E,0x2E,0x2E,0x2E,0x2E,0x2E,0x2E,0x2E,0x2E,0x2E,0x2E,0x2E,0x2E,0x2E,
    0x2E,0x2E,0x2E,0x2E,0x2E,0x2E,0x2E,0x2E,0x2E,0x2E,0x2E,0x2E,0x2E,0x2E,0x2E,0x2E,
    0x2E,0x2E,0x2E,0x2E,0x2E,0x2E,0x2E,0x2E,0x2E,0x2E,0x2E,0x2E,0x2E,0x2E,0x2E,0x2E,
    0x2E,0x2E,0x2E,0x2E,0x2E,0x2E,0x2E,0x2E,0x2E,0x2E,0x2E,0x2E,0x2E,0x2E,0x2E,0x2E,
    0x2E,0x2E,0x2E,0x2E,0x2E,0x2E,0x2E,0x2E,0x2E,0x2E,0x2E,0x2E,0x2E,0x2E,0x2E,0x2E,
    0x2E,0x2E,0x2E,0x2E,0x2E,0x2E,0x2E,0x2E,0x2E,0x2E,0x2E,0x2E,0x2E,0x2E,0x2E,0x2E,
    0x2E,0x2E,0x2E,0x2E,0x2E,0x2E,0x2E,0x2E,0x2E,0x2E,0x2E,0x2E,0x2E,0x2E,0x2E,0x2E,
    0x2E,0x2E,0x2E,0x2E,0x2E,0x2E,0x2E,0x2E,0x2E,0x2E,0x2E,0x2E,0x2E,0x2E,0x2E,0x2E,
    0x2E,0x2E,0x2E,0x2E,0x2E,0x2E,0x2E,0x2E,0x2E,0x2E,0x2E,0x2E,0x2E,0x2E,0x2E,0x2E,
    0x2E,0x2E,0x2E,0x2E,0x2E,0x2E,0x2E,0x2E,0x2E,0x2E,0x2E,0x2E,0x2E,0x2E,0x2E,0x2E,
    0x2E,0x2E,0x2E,0x2E,0x2E,0x2E,0x2E,0x2E,0x2E,0x2E,0x2E,0x2E,0x2E,0x2E,0x2E,0x2E,
    0x2E,0x2E,0x2E,0x2E,0x2E,0x2E,0x2E,0x2E,0x2E,0x2E,0x2E,0x15,0x15,0x15,0x15,0x15,
    0x15,0x2E,0x2E,0x2E,0x2E,0x2E,0x2E,0x2E,0x2E,0x2E,0x2E,0x2E,0x2E,0x2E,0x2E,0x2E,
    0x2E,0x2E,0x2E,0x2E,0x2E,0x2E,0x2E,0x2E,0x2E,0x2E,0x2E,0x2E,0x2E,0x2E,0x2E,0x2E,
    0x2E,0x2E,0x2E,0x2E,0x0E,0x0E,0x0E,0x0E,0x0E,0x2E,0x2E,0x2E,0x2E,0x2E,0x2E,0x2E,
    0x2E,0x2E,0x2E,0x2E,0x2E,0x2E,0x2E,0x16,0x16,0x16,0x2E,0x2E,0x2E,0x2E,0x2E,0x2E,
    0x2E,0x2E,0x2E,0x2E,0x2E,0x2E,0x2E,0x2E,0x2E,0x2E,0x2E,0x2E,0x2E,0x2E,0x2E,0x2E,
    0x2E,0x2E,0x2E,0x2E,0x2E,0x2E,0x2E,0x2E,0x2E,0x2E,0x2E,0x2E,0x2E,0x2E,0x2E,0x2E,
    0x2E,0x2E,0x2E,0x2E,0x2E,0x2E,0x2E,0x2E,0x2E,0x2E,0x2E,0x2E,0x2E,0x2E,0x2E,0x2E,
    0x2E,0x2E,0x2E,0x2E,0x2E,0x2E,0x2E,0x2E,0x2E,0x2E,0x2E,0x2E,0x2E,0x2E,0x2E,0x2E,
    0x2E,0x2E,0x2E,0x2E,0x2E,0x2E,0x2E,0x2E,0x2E,0x2E,0x2E,0x2E,0x2E,0x2E,0x2E,0x2E,
    0x2E,0x2E,0x2E,0x2E,0x2E,0x2E,0x2E,0x2E,0x2E,0x2E,0x2E,0x2E,0x2E,0x2E,0x2E,0x2E,
    0x2E,0x2E,0x2E,0x2E,0x2E,0x2E,0x2E,0x2E,0x2E,0x2E,0x2E,0x2E,0x2E,0x2E,0x2E,0x2E,
    0x2E,0x2E,0x2E,0x2E,0x2E,0x2E,0x2E,0x2E,0x2E,0x2E,0x2E,0x2E,0x2E,0x2E,0x2E,0x2E,
    0x2E,0x2E,0x2E,0x2E,0x2E,0x2E,0x2E,0x2E,0x2E,0x2E,0x2E,0x2E,0x2E,0x2E,0x2E,0x0F,
    0x0F,0x0F,0x2E,0x2E,0x2E,0x2E,0x2E,0x2E,0x2E,0x2E,0x2E,0x2E,0x2E,0x2E,0x2E,0x2E,
    0x2E,0x2E,0x2E,0x2E,0x2E,0x2E,0x2E,0x2E,0x2E,0x2E,0x2E,0x2E,0x0B,0x0B,0x0B,0x2E,
    0x2E,0x2E,0x2E,0x2E,0x2E,0x2E,0x2E,0x2E,0x2E,0x2E,0x2E,0x2E,0x2E,0x2E,0x2E,0x2E,
    0x2E,0x2E,0x2E,0x2E,0x2E,0x2E,0x2E,0x2E,0x2E,0x2E,0x2E,0x2E,0x2E,0x2E,0x2E,0x2E,
    0x2E,0x2E,0x2E,0x2E,0x2E,0x2E,0x2E,0x2E,0x2E,0x2E,0x2E,0x2E,0x2E,0x2E,0x2E,0x2E,
    0x2E,0x2E,0x2E,0x2E,0x2E,0x2E,0x2E,0x2E,0x2E,0x2E,0x2E,0x2E,0x2E,0x2E,0x2E,0x2B,
    0x2B,0x2B,0x2E,0x2E,0x2E,0x2E,0x2E,0x2E,0x2E,0x2E,0x2E,0x2E,0x2E,0x2E,0x2E,0x2E,
    0x2E,0x2E,0x2E,0x2E,0x2E,0x2E,0x2E,0x2E,0x2E,0x2E,0x2E,0x2E,0x2E,0x2E,0x2E,0x2E,
    0x2E,0x2E,0x2E,0x2E,0x2E,0x2E,0x2E,0x2E,0x2E,0x2E,0x2E,0x2E,0x2E,0x2E,0x2E,0x2E,
    0x2E,0x2E,0x2E,0x2E,0x2E,0x2E,0x2E,0x2E,0x2E,0x2E,0x2E,0x2E,0x2E,0x2E,0x2E,0x2E,
    0x2E,0x2E,0x2E,0x2E,0x2E,0x2E,0x2E,0x2E,0x2E,0x2E,0x2E,0x2E,0x2E,0x2E,0x2E,0x2E,
    0x2E,0x2E,0x2E,0x2E,0x2E,0x2E,0x2E,0x2E,0x2E,0x2E,0x2E,0x2E,0x2E,0x2E,0x17,0x17,
    0x17,0x17,0x17,0x2E,0x2E,0x2E,0x2E,0x2E,0x2E,0x2E,0x2E,0x2E,0x2E,0x2E,0x2E,0x2E,
    0x2E,0x2E,0x2E,0x2E,0x2E,0x2E,0x2E,0x2E,0x2E,0x2E,0x2E,0x2E,0x2E,0x2E,0x2E,0x2E,
    0x2E,0x2E,0x2E,0x2E,0x2E,0x2E,0x2E,0x2E,0x2E,0x2E,0x2E,0x2E,0x2E,0x2E,0x2E,0x2E,
    0x2E,0x2E,0x2E,0x2E,0x2E,0x2E,0x2E,0x2E,0x2E,0x2E,0x2E,0x2E,0x2E,0x2E,0x2E,0x2E,
    0x2E,0x2E,0x2E,0x2E,0x2E,0x2E,0x2E,0x2E,0x2E,0x2E,0x2E,0x2E,0x2E,0x2E,0x2E,0x2E,
    0x2E,0x2E,0x2E,0x2E,0x2E,0x2E,0x2E,0x2E,0x2E,0x2E,0x2E,0x2E,0x2E,0x2E,0x2E,0x2E,
    0x2E,0x2E,0x2E,0x2E,0x2E,0x2E,0x2E,0x2E,0x2E,0x2E,0x2E,0x2E,0x2E,0x2E,0x2E,0x2E,
    0x2E,0x2E,0x2E,0x2E,0x2E,0x2E,0x2E,0x2E,0x2E,0x2E,0x2E,0x2E,0x2E,0x2E,0x2E,0x2E,
    0x2E,0x2E,0x2E,0x2E,0x2E,0x2E,0x2E,0x2E,0x2E,0x2E,0x2E,0x2E,0x2E,0x2E,0x2E,0x2E,
    0x2E,0x2E,0x2E,0x2E,0x2E,0x2E,0x2E,0x2E,0x2E,0x2E,0x2E,0x2E,0x2E,0x2E,0x2E,0x2E,
    0x2E,0x2E,0x2E,0x2E,0x2E,0x2E,0x2E,0x2E,0x2E,0x2E,0x2E,0x2E,0x2E,0x2E,0x2E,0x2E,
    0x2E,0x2E,0x2E,0x2E,0x2E,0x2E,0x2E,0x2E,0x2E,0x2E,0x2E,0x2E,0x2E,0x2E,0x2E,0x2E,
    0x2E,0x2E,0x2E,0x2E,0x2E,0x2E,0x2E,0x2E,0x2E,0x2E,0x2E,0x2E,0x2E,0x2E,0x2E,0x2E,
    0x2E,0x2E,0x2E,0x2E,0x2E,0x2E,0x2E,0x2E,0x2E,0x2E,0x2E,0x2E,0x2E,0x2E,0x2E,0x2E,
    0x2E,0x2E,0x2E,0x2E,0x2E,0x2E,0x2E,0x2E,0x2E,0x2E,0x2E,0x2E,0x2E,0x2E,0x2E,0x2E,
    0x2E,0x2E,0x2E,0x2E,0x2E,0x2E,0x2E,0x2E,0x2E,0x2E,0x2E,0x2E,0x2E,0x2E,0x2E,0x2E,
    0x2E,0x2E,0x2E,0x2E,0x2E,0x2E,0x2E,0x2E,0x2E,0x2E,0x2E,0x2E,0x2E,0x2E,0x2E,0x2E,
    0x2E,0x2E,0x2E,0x2E,0x2E,0x2E,0x2E,0x2E,0x2E,0x2E,0x2E,0x2E,0x2E,0x2E,0x2E,0x2E,
    0x2E,0x2E,0x2E,0x2E,0x2E,0x2E,0x2E,0x2E,0x2E,0x2E,0x2E,0x2E,0x2E,0x2E,0x2E,0x2E,
    0x2E,0x2E,0x2E,0x2E,0x2E,0x2E,0x2E,0x16,0x16,0x16,0x16,0x2E,0x2E,0x2E,0x2E,0x2E,
    0x2E,0x2E,0x2E,0x2E,0x2E,0x2E,0x2E,0x2E,0x2E,0x2E,0x2E,0x2E,0x2E,0x2E,0x2E,0x2E,
    0x2E,0x2E,0x2E,0x2E,0x2E,0x2E,0x2E,0x2E,0x2E,0x2E,0x2E,0x2E,0x2E,0x2E,0x2E,0x2E,
    0x2E,0x2E,0x2E,0x2E,0x2E,0x2E,0x2E,0x2E,0x2E,0x2E,0x2E,0x2E,0x2E,0x2E,0x2E,0x2E,
    0x2E,0x2E,0x2E,0x2E,0x2E,0x2E,0x2E,0x2E,0x2E,0x2E,0x2E,0x2E,0x2E,0x2E,0x2E,0x2E,
    0x2E,0x2E,0x2E,0x2E,0x2E,0x2E,0x2E,0x2E,0x2E,0x2E,0x2E,0x2E,0x2E,0x2E,0x2E,0x2E,
    0x2E,0x2E,0x2E,0x2E,0x2E,0x2E,0x2E,0x2E,0x2E,0x2E,0x2E,0x2E,0x2E,0x2E,0x2E,0x2E,
    0x2E,0x2E,0x2E,0x2E,0x2E,0x2E,0x2E,0x2E,0x2E,0x2E,0x2E,0x2E,0x2E,0x2E,0x2E,0x2E,
    0x2E,0x2E,0x2E,0x2E,0x2E,0x2E,0x2E,0x2E,0x2E,0x2E,0x2E,0x2E,0x2E,0x2E,0x2E,0x2E,
    0x2E,0x2E,0x2E,0x2E,0x2E,0x2E,0x2E,0x2E,0x2E,0x2E,0x2E,0x2E,0x2E,0x2E,0x2E,0x2E,
    0x2E,0x2E,0x2E,0x2E,0x2E,0x14,0x14,0x14,0x2E,0x2E,0x2E,0x2E,0x2E,0x2E,0x2E,0x2E,
    0x2E,0x2E,0x2E,0x2E,0x2E,0x2E,0x2E,0x2E,0x2E,0x2E,0x2E,0x2E,0x2E,0x2E,0x2E,0x2E,
    0x2E,0x2E,0x2E,0x2E,0x2E,0x2E,0x2E,0x2E,0x2E,0x2E,0x2E,0x2E,0x2E,0x2E,0x2E,0x2E,
    0x2E,0x2E,0x2E,0x2E,0x2E,0x2E,0x2E,0x2E,0x2E,0x2E,0x2E,0x2E,0x2E,0x2E,0x2E,0x2E,
    0x2E,0x2E,0x2E,0x2E,0x2E,0x2E,0x2E,0x2E,0x2E,0x2E,0x2E,0x2E,0x2E,0x2E,0x2E,0x2E,
    0x2E,0x2E,0x2E,0x2E,0x2E,0x2E,0x2E,0x2E,0x2E,0x2E,0x2E,0x2E,0x2E,0x2E,0x2E,0x2E,
    0x2E,0x2E,0x2E,0x2E,0x2E,0x2E,0x2E,0x2E,0x2E,0x2E,0x2E,0x2E,0x2E,0x2E,0x2E,0x2E,
    0x2E,0x2E,0x2E,0x2E,0x2E,0x2E,0x2E,0x2E,0x2E,0x2E,0x2E,0x2E,0x2E,0x2E,0x2E,0x2E,
    0x2E,0x2E,0x2E,0x2E,0x2E,0x2E,0x2E,0x2E,0x2E,0x2E,0x2E,0x2E,0x2E,0x2E,0x2E,0x2E,
    0x2E,0x2E,0x2E,0x2E,0x2E,0x2E,0x2E,0x2E,0x2E,0x2E,0x2E,0x2E,0x2E,0x2E,0x2E,0x2E,
    0x2E,0x2E,0x2E,0x2E,0x2E,0x2E,0x2E,0x2E,0x2E,0x2E,0x2E,0x2E,0x2E,0x2E,0x2E,0x2E,
    0x2E,0x2E,0x2E,0x2E,0x2E,0x2E,0x2E,0x2E,0x2E,0x2E,0x2E,0x2E,0x2E,0x2E,0x2E,0x2E,
    0x2E,0x2E,0x2E,0x2E,0x2E,0x2E,0x2E,0x2E,0x2E,0x2E,0x2E,0x2E,0x2E,0x2E,0x2E,0x2E,
    0x2E,0x2E,0x2E,0x2E,0x2E,0x2E,0x2E,0x2E,0x2E,0x2E,0x2E,0x2E,0x2E,0x2E,0x2E,0x2E,
    0x2E,0x2E,0x2E,0x2E,0x2E,0x2E,0x2E,0x2E,0x2E,0x2E,0x2E,0x2E,0x2E,0x2E,0x2E,0x2E,
    0x2E,0x2E,0x2E,0x2E,0x2E,0x2E,0x2E,0x2E,0x2E,0x2E,0x2E,0x2E,0x2E,0x2E,0x2E,0x2E,
    0x2E,0x2E,0x2E,0x2E,0x2E,0x2E,0x2E,0x2E,0x2E,0x2E,0x2E,0x2E,0x2E,0x2E,0x2E,0x2E,
    0x2E,0x2E,0x2E,0x2E,0x2E,0x2E,0x2E,0x2E,0x2E,0x2E,0x2E,0x2E,0x2E,0x2E,0x2E,0x2E,
    0x2E,0x2E,0x2E,0x2E,0x2E,0x2E,0x2E,0x2E,0x2E,0x2E,0x2E,0x2E,0x2E,0x2E,0x2E,0x2E,
    0x2E,0x2E,0x2E,0x2E,0x2E,0x2E,0x2E,0x2E,0x2E,0x2E,0x2E,0x2E,0x2E,0x2E,0x2E,0x2E,
    0x2E,0x2E,0x2E,0x2E,0x2E,0x2E,0x2E,0x2E,0x2E,0x2E,0x2E,0x2E,0x2E,0x2E,0x2E,0x2E,
    0x2E,0x2E,0x2E,0x2E,0x2E,0x2E,0x2E,0x2E,0x2E,0x2E,0x2E,0x2E,0x2E,0x2E,0x2E,0x2E,
    0x2E,0x2E,0x2E,0x2E,0x2E,0x2E,0x2E,0x2E,0x2E,0x2E,0x2E,0x2E,0x2E,0x2E,0x2E,0x2E,
    0x2E,0x2E,0x2E,0x2E,0x2E,0x2E,0x2E,0x2E,0x2E,0x2E,0x2E,0x2E,0x2E,0x2E,0x2E,0x2E,
    0x2E,0x2E,0x2E,0x2E,0x2E,0x2E,0x2E,0x2E,0x2E,0x2E,0x2E,0x2E,0x2E,0x2E,0x2E,0x2E,
    0x2E,0x2E,0x2E,0x2E,0x2E,0x2E,0x2E,0x2E,0x2E,0x2E,0x2E,0x2E,0x2E,0x2E,0x2E,0x2E,
    0x2E,0x2E,0x2E,0x2E,0x2E,0x2E,0x2E,0x2E,0x2E,0x2E,0x2E,0x2E,0x2E,0x2E,0x2E,0x2E,
    0x2E,0x2E,0x2E,0x2E,0x2E,0x2E,0x2E,0x2E,0x2E,0x2E,0x2E,0x2E,0x2E,0x2E,0x2E,0x2E,
    0x2E,0x2E,0x2E,0x2E,0x2E,0x2E,0x2E,0x0C,0x0C,0x0C,0x0C,0x2E,0x2E,0x2E,0x2E,0x2E,
    0x2E,0x2E,0x2E,0x2E,0x2E,0x2E,0x2E,0x2E,0x2E,0x2E,0x2E,0x2E,0x2E,0x2E,0x2E,0x2E,
    0x2E,0x2E,0x2E,0x2E,0x2E,0x2E,0x2E,0x2E,0x2E,0x2E,0x2E,0x2E,0x2E,0x2E,0x2E,0x2E,
    0x2E,0x2E,0x2E,0x2E,0x2E,0x2E,0x2E,0x2E,0x2E,0x2E,0x2E,0x2E,0x2E,0x2E,0x2E,0x2E,
    0x2E,0x2E,0x2E,0x2E,0x2E,0x2E,0x2E,0x2E,0x2E,0x2E,0x2E,0x2E,0x2E,0x2E,0x2E,0x2E,
    0x2E,0x2E,0x2E,0x2E,0x2E,0x2E,0x2E,0x2E,0x2E,0x2E,0x2E,0x2E,0x2E,0x2E,0x2E,0x2E,
};

const lv_image_dsc_t ui_img_home_paper_texture = {
    .header.magic = LV_IMAGE_HEADER_MAGIC,
    .header.cf = LV_COLOR_FORMAT_RGB565A8,
    .header.flags = 0,
    .header.w = 96,
    .header.h = 96,
    .header.stride = 192,
    .data_size = sizeof(ui_img_home_paper_texture_data),
    .data = ui_img_home_paper_texture_data,
};
