// Generated from tangtang_environment_ui_pack_v3 sliced assets.
#include "../ui.h"

#ifndef LV_ATTRIBUTE_MEM_ALIGN
#define LV_ATTRIBUTE_MEM_ALIGN
#endif

static const LV_ATTRIBUTE_MEM_ALIGN uint8_t ui_img_environment_v3_topbar_data[] = {
    0xDC,0xFF,0xDC,0xFF,0xDC,0xFF,0xDC,0xFF,0xDD,0xFF,0xDD,0xFF,0xDD,0xFF,0xDD,0xFF,
    0xDD,0xFF,0xDD,0xFF,0xDD,0xFF,0xDD,0xFF,0xDD,0xFF,0xDC,0xFF,0xFD,0xFF,0xDD,0xFF,
    0xDC,0xFF,0xDD,0xFF,0xDD,0xFF,0xDC,0xFF,0xBC,0xFF,0xBC,0xFF,0xBC,0xFF,0xBC,0xFF,
    0xBC,0xFF,0xBC,0xFF,0xDC,0xFF,0xDC,0xFF,0xDC,0xFF,0xDC,0xFF,0xDC,0xFF,0xDC,0xFF,
    0xDD,0xFF,0xDD,0xFF,0xDD,0xFF,0xDD,0xFF,0xDD,0xFF,0xDD,0xFF,0xDD,0xFF,0xDD,0xFF,
    0xDD,0xFF,0xDD,0xFF,0xDD,0xFF,0xDD,0xFF,0xDD,0xFF,0xDD,0xFF,0xDD,0xFF,0xDD,0xFF,
    0xDD,0xFF,0xDD,0xFF,0xDD,0xFF,0xDD,0xFF,0xDD,0xFF,0xDD,0xFF,0xDD,0xFF,0xDD,0xFF,
    0xDD,0xFF,0xDD,0xFF,0xDD,0xFF,0xDD,0xFF,0xDD,0xFF,0xDC,0xFF,0xDC,0xFF,0xDC,0xFF,
    0xDC,0xFF,0xDD,0xFF,0xDD,0xFF,0xDD,0xFF,0xDD,0xFF,0xDD,0xFF,0xDD,0xFF,0xFD,0xFF,
    0xFD,0xFF,0xFD,0xFF,0xFE,0xFF,0xFF,0xFF,0x15,0xCF,0x37,0xDF,0xFE,0xFF,0xDC,0xFF,
    0xDD,0xFF,0xDC,0xFF,0xDC,0xFF,0xDC,0xFF,0xBC,0xFF,0xBC,0xFF,0xBC,0xFF,0xBC,0xFF,
    0xBC,0xFF,0xBC,0xFF,0xBC,0xFF,0xDC,0xFF,0xDC,0xFF,0xDC,0xFF,0xBC,0xFF,0xDD,0xFF,
    0xDD,0xFF,0xDD,0xFF,0xDC,0xFF,0xDD,0xFF,0xDD,0xFF,0xDD,0xFF,0xDD,0xFF,0xDD,0xFF,
    0xDC,0xFF,0xDD,0xFF,0xDD,0xFF,0xDD,0xFF,0xDC,0xFF,0xDD,0xFF,0xDD,0xFF,0xDD,0xFF,
    0xDD,0xFF,0xDD,0xFF,0xDD,0xFF,0xDD,0xFF,0xDD,0xFF,0xDD,0xFF,0xDD,0xFF,0xDD,0xFF,
    0xDD,0xFF,0xDD,0xFF,0xDC,0xFF,0xDC,0xFF,0xDC,0xFF,0xDC,0xFF,0xDD,0xFF,0xDD,0xFF,
    0xDD,0xFF,0xDD,0xFF,0xFE,0xFF,0xFE,0xFF,0xDC,0xFF,0x9A,0xEF,0x9A,0xEF,0x99,0xEF,
    0x57,0xDF,0xD1,0xBE,0xC7,0x7D,0x36,0xDF,0xDD,0xFF,0xDC,0xFF,0xDC,0xFF,0xDC,0xFF,
    0xDD,0xFF,0xDD,0xFF,0xFD,0xFF,0xDD,0xFF,0xFD,0xFF,0xFD,0xFF,0xFD,0xFF,0xFD,0xFF,
    0xFD,0xFF,0xFD,0xFF,0xDD,0xFF,0xDC,0xFF,0xFE,0xFF,0xFD,0xFF,0xDD,0xFF,0xDD,0xFF,
    0xFE,0xFF,0xFD,0xFF,0xDD,0xFF,0xDD,0xFF,0xDD,0xFF,0xDD,0xFF,0xFE,0xFF,0xFE,0xFF,
    0xFE,0xFF,0xFD,0xFF,0xFE,0xFF,0xFD,0xFF,0xFD,0xFF,0xFD,0xFF,0xDD,0xFF,0xDD,0xFF,
    0xDD,0xFF,0xDD,0xFF,0xFD,0xFF,0xFE,0xFF,0xDD,0xFF,0xDD,0xFF,0xDD,0xFF,0xDD,0xFF,
    0xDD,0xFF,0xDD,0xFF,0xDC,0xFF,0xDD,0xFF,0xDD,0xFF,0xDD,0xFF,0xFD,0xFF,0xFE,0xFF,
    0x15,0xD7,0x4D,0xAE,0x0A,0x96,0xE8,0x85,0x08,0x8E,0x28,0x8E,0xE7,0x85,0xA5,0x75,
    0xE8,0x8D,0x38,0xEF,0xBC,0xFF,0xDD,0xFF,0xDD,0xFF,0xDD,0xFF,0xDD,0xFF,0x9C,0xF7,
    0x7B,0xEF,0x5B,0xEF,0x3A,0xEF,0xF9,0xDE,0x1A,0xE7,0x3A,0xE7,0xF9,0xDE,0x7B,0xEF,
    0xDD,0xFF,0xDE,0xFF,0xB3,0xAD,0x1A,0xE7,0xBC,0xF7,0x9C,0xF7,0x8E,0x84,0xB8,0xD6,
    0x9C,0xF7,0x9C,0xF7,0xDD,0xFF,0xFF,0xFF,0x51,0x9D,0x98,0xCE,0x7C,0xEF,0x7B,0xF7,
    0xCF,0x8C,0xF9,0xDE,0x5B,0xEF,0x9C,0xF7,0xDD,0xFF,0xFD,0xFF,0xDE,0xFF,0xDE,0xFF,
    0xD8,0xDE,0x0F,0x95,0xBC,0xFF,0xDD,0xFF,0xFE,0xFF,0xDD,0xFF,0xDD,0xFF,0xDD,0xFF,
    0xDD,0xFF,0xDD,0xFF,0xDD,0xFF,0xFD,0xFF,0xDD,0xFF,0x4E,0xAE,0x45,0x75,0x45,0x75,
    0x45,0x75,0xA6,0x7D,0xC7,0x85,0xE7,0x85,0x07,0x86,0xE7,0x85,0x2A,0x9E,0x58,0xEF,
    0xBC,0xFF,0xDD,0xFF,0xDD,0xFF,0xBC,0xFF,0xFE,0xFF,0xB4,0xAD,0xE7,0x42,0x28,0x4B,
    0xAF,0x8C,0xAA,0x63,0x89,0x53,0xE6,0x42,0x48,0x53,0x73,0xA5,0xFE,0xFF,0xFF,0xFF,
    0xEB,0x63,0xF9,0xDE,0xF4,0xB5,0x27,0x4B,0x69,0x53,0x69,0x53,0xCB,0x63,0xFA,0xDE,
    0xFF,0xFF,0x36,0xBE,0x47,0x4B,0x27,0x4B,0x0C,0x74,0x8E,0x84,0xC7,0x42,0x48,0x53,
    0xEB,0x6B,0x57,0xC6,0xFF,0xFF,0x92,0xA5,0x69,0x53,0x6D,0x74,0x2B,0x6C,0x47,0x4B,
    0x6D,0x74,0x6D,0x7C,0x89,0x5B,0x56,0xC6,0xFE,0xFF,0xDC,0xFF,0xDD,0xFF,0xFD,0xFF,
    0xDD,0xFF,0xFE,0xFF,0x4F,0xAE,0x24,0x6D,0x86,0x7D,0x66,0x75,0x06,0x6D,0x45,0x6D,
    0xA8,0x7D,0xE8,0x85,0xE7,0x85,0x07,0x86,0x2A,0x96,0x59,0xEF,0xBC,0xFF,0xDC,0xFF,
    0xDD,0xFF,0xDC,0xFF,0xBC,0xFF,0xFF,0xFF,0xAF,0x8C,0x52,0x9D,0xFD,0xFF,0xFE,0xFF,
    0xF0,0x8C,0xF0,0x94,0xFE,0xFF,0x7A,0xF7,0xDD,0xFF,0x57,0xC6,0x47,0x4B,0xF0,0x8C,
    0x15,0xBE,0xA5,0x3A,0x52,0x9D,0xCA,0x63,0x4D,0x74,0x99,0xCE,0xFF,0xFF,0x10,0x95,
    0x93,0xA5,0x4D,0x7C,0x6E,0x84,0x48,0x53,0x56,0xBE,0x8E,0x84,0xB3,0xA5,0xBD,0xF7,
    0xFF,0xFF,0xAE,0x84,0xCB,0x63,0x31,0x95,0x51,0x9D,0x72,0xA5,0xF0,0x8C,0x31,0x95,
    0x89,0x5B,0xB3,0xAD,0xFE,0xFF,0xBC,0xFF,0xDD,0xFF,0xDD,0xFF,0xFE,0xFF,0x59,0xE7,
    0x05,0x6D,0x46,0x75,0x86,0x7D,0x66,0x75,0xC3,0x5C,0xCB,0x8D,0x4E,0xA6,0xA7,0x7D,
    0xC7,0x7D,0xE7,0x7D,0xE9,0x8D,0x38,0xEF,0xBC,0xFF,0xDC,0xFF,0xDC,0xFF,0xDC,0xFF,
    0xDD,0xFF,0xF9,0xDE,0xEB,0x63,0x2C,0x74,0x5B,0xEF,0x9C,0xF7,0xA6,0x3A,0x4D,0x74,
    0x5B,0xE7,0xDD,0xFF,0xDD,0xFF,0x15,0xBE,0xC6,0x3A,0x8E,0x84,0x10,0x95,0x0C,0x6C,
    0x2C,0x74,0x8D,0x7C,0x6D,0x7C,0x35,0xBE,0xFF,0xFF,0x0C,0x6C,0x69,0x53,0x8E,0x7C,
    0xEB,0x63,0x2C,0x6C,0x6D,0x74,0x10,0x8D,0x07,0x43,0x93,0xA5,0xFE,0xFF,0x9C,0xF7,
    0x3B,0xE7,0x6D,0x7C,0x02,0x22,0x48,0x53,0x72,0xA5,0xF0,0x94,0xF4,0xB5,0x9C,0xF7,
    0xDD,0xFF,0xDD,0xFF,0xDD,0xFF,0xDC,0xFF,0xFE,0xFF,0x92,0xBE,0x04,0x6D,0x67,0x7D,
    0x86,0x7D,0x65,0x75,0x50,0xAE,0x2F,0xA6,0x05,0x6D,0x05,0x6D,0x25,0x6D,0x45,0x6D,
    0x68,0x7D,0x38,0xEF,0xBC,0xFF,0xDC,0xFF,0xDC,0xFF,0xDC,0xFF,0xFE,0xFF,0x78,0xCE,
    0x68,0x53,0x89,0x5B,0x3B,0xE7,0x6E,0x7C,0x24,0x2A,0xAA,0x63,0xAA,0x63,0xDE,0xFF,
    0xDE,0xFF,0xFE,0xFF,0xAA,0x63,0x3A,0xE7,0x72,0xA5,0x69,0x53,0xCF,0x84,0xAE,0x84,
    0x89,0x53,0x3A,0xE7,0xFD,0xFF,0x56,0xBE,0x2D,0x74,0x0C,0x6C,0x31,0x95,0x10,0x8D,
    0xEF,0x8C,0xAA,0x5B,0x31,0x9D,0xB8,0xD6,0xFE,0xFF,0x1A,0xDF,0xAF,0x84,0xCF,0x8C,
    0xEB,0x6B,0xEB,0x63,0xFA,0xDE,0x0C,0x6C,0xF0,0x8C,0xFE,0xFF,0xDC,0xFF,0xDD,0xFF,
    0xDD,0xFF,0xDC,0xFF,0xFE,0xFF,0x4F,0xAE,0x65,0x7D,0x66,0x7D,0x66,0x75,0x15,0xCF,
    0x70,0xAE,0xC3,0x64,0xE5,0x6C,0x05,0x6D,0x26,0x6D,0xE4,0x64,0x69,0x85,0x7A,0xF7,
    0xBB,0xFF,0xDC,0xFF,0xDC,0xFF,0xDD,0xFF,0xBC,0xFF,0xFF,0xFF,0xF0,0x94,0x15,0xB6,
    0xD5,0xB5,0x89,0x5B,0x2D,0x74,0xD4,0xB5,0xAE,0x84,0x8E,0x7C,0xFF,0xFF,0xFE,0xFF,
    0xCB,0x63,0x57,0xC6,0xCF,0x84,0xA9,0x5B,0x10,0x95,0xCF,0x8C,0xA6,0x3A,0xD8,0xD6,
    0xFD,0xFF,0xFF,0xFF,0xAE,0x7C,0xCA,0x5B,0x31,0x9D,0xAF,0x8C,0xAF,0x84,0xE7,0x42,
    0x3A,0xE7,0xFE,0xFF,0xFD,0xFF,0xD8,0xD6,0xCF,0x8C,0xAE,0x84,0xF0,0x8C,0x89,0x53,
    0x43,0x2A,0xCB,0x63,0xFF,0xFF,0xBC,0xFF,0xDD,0xFF,0xDD,0xFF,0xDD,0xFF,0xDC,0xFF,
    0xFE,0xFF,0x90,0xB6,0x86,0x85,0x46,0x7D,0xF6,0xCE,0x50,0xA6,0x03,0x65,0x66,0x7D,
    0x26,0x75,0x26,0x75,0x26,0x75,0xC4,0x5C,0x0F,0xAE,0x9B,0xFF,0xBC,0xFF,0xDC,0xFF,
    0xDC,0xFF,0xDC,0xFF,0xDC,0xFF,0x39,0xE7,0xAA,0x63,0xC6,0x3A,0x31,0x9D,0x9D,0xF7,
    0x6D,0x7C,0x72,0xA5,0xBC,0xF7,0x56,0xC6,0xFE,0xFF,0x77,0xC6,0xC6,0x3A,0xA9,0x5B,
    0xB3,0xAD,0x89,0x5B,0xEB,0x6B,0x69,0x5B,0xEB,0x63,0x7B,0xF7,0xDD,0xFF,0xFF,0xFF,
    0xCF,0x84,0x69,0x53,0x8F,0x84,0x6D,0x7C,0x4D,0x7C,0x4D,0x74,0x55,0xC6,0xDD,0xFF,
    0xFE,0xFF,0x76,0xCE,0x4D,0x7C,0xF0,0x8C,0x8E,0x84,0x27,0x4B,0xF0,0x8C,0x8A,0x5B,
    0x15,0xBE,0xFF,0xFF,0xDC,0xFF,0xDD,0xFF,0xDD,0xFF,0xDC,0xFF,0xFF,0xFF,0x14,0xCF,
    0xA5,0x85,0x15,0xCF,0x51,0xAE,0x82,0x54,0xE5,0x64,0xE5,0x64,0xE5,0x6C,0xE5,0x6C,
    0xA4,0x5C,0xE6,0x64,0xF6,0xE6,0x7B,0xFF,0xBC,0xFF,0xDC,0xFF,0xDC,0xFF,0xBC,0xFF,
    0xFE,0xFF,0x31,0x9D,0x2C,0x74,0x15,0xBE,0x7B,0xEF,0xFF,0xFF,0x6D,0x7C,0x72,0xA5,
    0xFE,0xFF,0xFD,0xFF,0xFE,0xFF,0x52,0x9D,0x93,0xA5,0x7D,0xEF,0xFA,0xDE,0x07,0x4B,
    0x15,0xBE,0x48,0x53,0xD8,0xCE,0x30,0x95,0xDE,0xFF,0xFF,0xFF,0x8E,0x7C,0xCA,0x63,
    0x52,0x9D,0x31,0x95,0x72,0xA5,0x49,0x53,0x8E,0x84,0xFE,0xFF,0xDD,0xFF,0x77,0xCE,
    0x4D,0x74,0x69,0x53,0x93,0xA5,0xAF,0x84,0xAE,0x84,0xFA,0xDE,0xA6,0x3A,0x16,0xBE,
    0xFE,0xFF,0xDD,0xFF,0xDD,0xFF,0xDD,0xFF,0xFE,0xFF,0x57,0xE7,0xF3,0xCE,0x16,0xCF,
    0x24,0x6D,0x46,0x75,0xE5,0x64,0xC5,0x64,0xC5,0x64,0x84,0x5C,0x63,0x54,0x30,0xBE,
    0x7A,0xF7,0x9B,0xF7,0xDC,0xFF,0xDC,0xFF,0xDC,0xFF,0xDC,0xFF,0xDC,0xFF,0xDD,0xFF,
    0xFE,0xFF,0xFE,0xFF,0xDC,0xFF,0xFE,0xFF,0xAF,0x84,0x93,0xAD,0xFE,0xFF,0xBC,0xFF,
    0xDD,0xFF,0xFE,0xFF,0xFF,0xFF,0x57,0xC6,0x27,0x4B,0xD3,0xB5,0xDD,0xFF,0xEB,0x6B,
    0x27,0x43,0xF0,0x8C,0xFE,0xFF,0xFE,0xFF,0xAF,0x84,0x8A,0x5B,0xF0,0x8C,0xAE,0x84,
    0xD0,0x8C,0x89,0x5B,0x31,0x9D,0xFF,0xFF,0xFE,0xFF,0xB3,0xAD,0xF0,0x8C,0x5B,0xEF,
    0xAF,0x84,0xC6,0x42,0x76,0xC6,0xFF,0xFF,0xD8,0xDE,0xD8,0xD6,0xFE,0xFF,0xDD,0xFF,
    0xDD,0xFF,0xDD,0xFF,0xDD,0xFF,0xFE,0xFF,0x38,0xDF,0x66,0x75,0x65,0x6D,0x25,0x6D,
    0x04,0x65,0x04,0x65,0x04,0x65,0x07,0x6D,0x31,0xBE,0x39,0xF7,0x7A,0xF7,0xBC,0xFF,
    0xDC,0xFF,0xDC,0xFF,0xDC,0xFF,0xDC,0xFF,0xDC,0xFF,0xBC,0xFF,0xBC,0xFF,0xBC,0xFF,
    0xDC,0xFF,0xDD,0xFF,0x7B,0xEF,0x9B,0xF7,0xDD,0xFF,0xDD,0xFF,0xDD,0xFF,0xDD,0xFF,
    0xDD,0xFF,0x9C,0xF7,0x9C,0xF7,0xFE,0xFF,0xDD,0xFF,0xBC,0xFF,0x3A,0xEF,0xDD,0xFF,
    0xDD,0xFF,0xDD,0xFF,0x7B,0xF7,0x9C,0xF7,0xFE,0xFF,0xDD,0xFF,0xFD,0xFF,0x9C,0xF7,
    0x7C,0xF7,0xFD,0xFF,0xDD,0xFF,0xFE,0xFF,0xFF,0xFF,0xFD,0xFF,0x3A,0xE7,0x7B,0xF7,
    0xFE,0xFF,0xDD,0xFF,0xFE,0xFF,0xFE,0xFF,0xDD,0xFF,0xDD,0xFF,0xDD,0xFF,0xDD,0xFF,
    0xDC,0xFF,0x34,0xD7,0xD3,0xCE,0x92,0xC6,0x4F,0xB6,0xED,0xA5,0xED,0xA5,0x2E,0xAE,
    0x92,0xC6,0xF7,0xE6,0x59,0xF7,0x7A,0xF7,0xBB,0xFF,0xDC,0xFF,0xDC,0xFF,0xDC,0xFF,
    0xDC,0xFF,0xDC,0xFF,0xDC,0xFF,0xBC,0xFF,0xDC,0xFF,0xDC,0xFF,0xDC,0xFF,0xDD,0xFF,
    0xFD,0xFF,0xFD,0xFF,0xDD,0xFF,0xDD,0xFF,0xDD,0xFF,0xDD,0xFF,0xDD,0xFF,0xFD,0xFF,
    0xFD,0xFF,0xDD,0xFF,0xDD,0xFF,0xDD,0xFF,0xFD,0xFF,0xDD,0xFF,0xDD,0xFF,0xDD,0xFF,
    0xFD,0xFF,0xDD,0xFF,0xDD,0xFF,0xDD,0xFF,0xDD,0xFF,0xDD,0xFF,0xFD,0xFF,0xDD,0xFF,
    0xDD,0xFF,0xDD,0xFF,0xDD,0xFF,0xDD,0xFF,0xFD,0xFF,0xFD,0xFF,0xDD,0xFF,0xDD,0xFF,
    0xDD,0xFF,0xDD,0xFF,0xDD,0xFF,0xDD,0xFF,0xDD,0xFF,0xDD,0xFF,0xDC,0xFF,0x79,0xEF,
    0x9B,0xFF,0x9B,0xFF,0x7A,0xFF,0x5A,0xF7,0x5A,0xF7,0x5A,0xF7,0x5A,0xF7,0x5A,0xF7,
    0x9A,0xF7,0xBC,0xFF,0xDC,0xFF,0xDC,0xFF,0xDC,0xFF,0xBC,0xFF,0xBC,0xFF,0xBC,0xFF,
    0xBC,0xFF,0xBC,0xFF,0xDC,0xFF,0xDC,0xFF,0xDC,0xFF,0xDC,0xFF,0xDC,0xFF,0xDD,0xFF,
    0xDD,0xFF,0xDD,0xFF,0xDD,0xFF,0xDD,0xFF,0xDD,0xFF,0xDD,0xFF,0xDD,0xFF,0xDD,0xFF,
    0xDD,0xFF,0xDD,0xFF,0xDD,0xFF,0xDD,0xFF,0xDD,0xFF,0xDD,0xFF,0xDD,0xFF,0xDD,0xFF,
    0xDD,0xFF,0xDD,0xFF,0xDD,0xFF,0xDD,0xFF,0xDD,0xFF,0xDD,0xFF,0xDD,0xFF,0xDD,0xFF,
    0xDD,0xFF,0xDD,0xFF,0xDD,0xFF,0xDD,0xFF,0xDD,0xFF,0xDD,0xFF,0xDD,0xFF,0xDD,0xFF,
    0xDD,0xFF,0xDD,0xFF,0xDD,0xFF,0xDD,0xFF,0xDD,0xFF,0xDD,0xFF,0xBB,0xFF,0xBB,0xFF,
    0xBB,0xFF,0xBB,0xFF,0x9B,0xFF,0x9B,0xFF,0x9B,0xFF,0xBC,0xFF,0xDC,0xFF,0xDC,0xFF,
    0xDC,0xFF,0xDC,0xFF,0xDC,0xFF,0xBC,0xFF,0xDC,0xFF,0xBC,0xFF,0xBC,0xFF,0xBC,0xFF,
    0xBC,0xFF,0xDC,0xFF,0xDC,0xFF,0xDC,0xFF,0xDC,0xFF,0xDC,0xFF,0xDC,0xFF,0xDD,0xFF,
    0xDD,0xFF,0xDD,0xFF,0xDD,0xFF,0xDD,0xFF,0xDD,0xFF,0xDD,0xFF,0xDD,0xFF,0xDD,0xFF,
    0xDD,0xFF,0xDD,0xFF,0xDD,0xFF,0xDD,0xFF,0xDD,0xFF,0xDD,0xFF,0xDD,0xFF,0xDD,0xFF,
    0xDD,0xFF,0xDD,0xFF,0xDD,0xFF,0xDD,0xFF,0xDD,0xFF,0xDD,0xFF,0xDD,0xFF,0xDD,0xFF,
    0xDD,0xFF,0xDD,0xFF,0xDD,0xFF,0xDD,0xFF,0xDD,0xFF,0xDD,0xFF,0xDD,0xFF,0xDC,0xFF,
    0xDC,0xFF,0xDD,0xFF,0xDD,0xFF,0xDC,0xFF,0xDC,0xFF,0xDC,0xFF,0xDC,0xFF,0xDC,0xFF,
    0xDC,0xFF,0xDC,0xFF,0xDC,0xFF,0xDC,0xFF,0xDC,0xFF,0xDC,0xFF,0xDC,0xFF,0xDC,0xFF,
    0xBC,0xFF,0xBC,0xFF,0xDC,0xFF,0xBC,0xFF,0xBC,0xFF,0xBC,0xFF,0xBC,0xFF,0xBC,0xFF,
    0xBC,0xFF,0xBC,0xFF,0xBC,0xFF,0xBC,0xFF,0xDC,0xFF,0xDC,0xFF,0xDC,0xFF,0xDC,0xFF,
    0xDC,0xFF,0xDC,0xFF,0xDC,0xFF,0xDD,0xFF,0xDD,0xFF,0xDD,0xFF,0xDD,0xFF,0xDD,0xFF,
    0xDD,0xFF,0xDD,0xFF,0xDD,0xFF,0xDD,0xFF,0xDD,0xFF,0xDC,0xFF,0xDD,0xFF,0xDD,0xFF,
    0xDD,0xFF,0xDD,0xFF,0xDD,0xFF,0xDD,0xFF,0xDD,0xFF,0xDD,0xFF,0xDD,0xFF,0xDD,0xFF,
    0xDD,0xFF,0xDD,0xFF,0xDD,0xFF,0xDD,0xFF,0xDD,0xFF,0xDC,0xFF,0xDC,0xFF,0xDC,0xFF,
    0xDC,0xFF,0xDC,0xFF,0xDC,0xFF,0xDC,0xFF,0xDC,0xFF,0xDC,0xFF,0xDC,0xFF,0xDC,0xFF,
    0xDC,0xFF,0xDC,0xFF,0xDC,0xFF,0xDC,0xFF,0xDC,0xFF,0xBC,0xFF,0xBC,0xFF,0xBC,0xFF,
    0xBC,0xFF,0xBC,0xFF,0xBC,0xFF,0xBC,0xFF,0xBC,0xFF,0xBC,0xFF,0xBC,0xFF,0xBC,0xFF,
    0xBC,0xFF,0xBC,0xFF,0xBC,0xFF,0xDC,0xFF,0xBC,0xFF,0xBC,0xFF,0xBC,0xFF,0xDC,0xFF,
    0xDC,0xFF,0xDC,0xFF,0xDC,0xFF,0xDC,0xFF,0xDC,0xFF,0xDD,0xFF,0xDD,0xFF,0xDD,0xFF,
    0xDD,0xFF,0xDC,0xFF,0xDD,0xFF,0xDC,0xFF,0xDC,0xFF,0xDC,0xFF,0xDD,0xFF,0xDC,0xFF,
    0xDD,0xFF,0xDD,0xFF,0xDD,0xFF,0xDD,0xFF,0xDD,0xFF,0xDD,0xFF,0xDD,0xFF,0xDD,0xFF,
    0xDD,0xFF,0xBC,0xFF,0xBC,0xFF,0xDC,0xFF,
};
const lv_image_dsc_t ui_img_environment_v3_topbar = {
    .header = { .magic = LV_IMAGE_HEADER_MAGIC, .cf = LV_COLOR_FORMAT_RGB565,
                .flags = 0, .w = 62, .h = 18, .stride = 124, .reserved_2 = 0 },
    .data_size = sizeof(ui_img_environment_v3_topbar_data), .data = ui_img_environment_v3_topbar_data, .reserved = NULL,
};

static const LV_ATTRIBUTE_MEM_ALIGN uint8_t ui_img_environment_v3_speech_data[] = {
    0xDD,0xFF,0xBC,0xFF,0xBC,0xFF,0xBC,0xFF,0xBC,0xFF,0xBC,0xFF,0xBC,0xFF,0xBC,0xFF,
    0xBC,0xFF,0xDD,0xFF,0xFF,0xFF,0xBE,0xFF,0x7B,0xF7,0x5B,0xF7,0x9C,0xF7,0xDE,0xFF,
    0xFF,0xFF,0xFF,0xFF,0xFE,0xFF,0xFE,0xFF,0xDE,0xFF,0xDD,0xFF,0xDD,0xFF,0xDD,0xFF,
    0xDD,0xFF,0xDD,0xFF,0xDD,0xFF,0xDD,0xFF,0xDD,0xFF,0xDD,0xFF,0xDE,0xFF,0xDE,0xFF,
    0xFE,0xFF,0xFE,0xFF,0xFE,0xFF,0xFE,0xFF,0xDE,0xFF,0xDD,0xFF,0xBC,0xF7,0x7B,0xF7,
    0x5A,0xEF,0x7B,0xEF,0x9C,0xF7,0xBD,0xFF,0xDE,0xFF,0xDD,0xFF,0xDC,0xFF,0xDC,0xFF,
    0xDC,0xFF,0xDD,0xFF,0xDC,0xFF,0xDC,0xFF,0xDC,0xFF,0xDC,0xFF,0xDC,0xFF,0xDC,0xFF,
    0xDC,0xFF,0xBC,0xFF,0xBC,0xFF,0xBC,0xFF,0xBC,0xFF,0xBC,0xFF,0xBC,0xFF,0xBC,0xFF,
    0xBC,0xFF,0xBC,0xFF,0xBC,0xFF,0xBC,0xFF,0xBC,0xFF,0xBC,0xFF,0xBD,0xFF,0xBD,0xFF,
    0xDD,0xFF,0xDD,0xFF,0xDD,0xFF,0xDD,0xFF,0x9C,0xFF,0xDD,0xFF,0xDD,0xFF,0xBD,0xFF,
    0xBC,0xFF,0xBC,0xFF,0xBC,0xFF,0xBC,0xFF,0xBC,0xFF,0xFE,0xFF,0xDE,0xFF,0x7C,0xF7,
    0x7B,0xF7,0xBD,0xFF,0xFF,0xFF,0xFF,0xFF,0xFE,0xFF,0xDD,0xFF,0xDD,0xFF,0xDD,0xFF,
    0xDD,0xFF,0xDD,0xFF,0xDD,0xFF,0xDD,0xFF,0xDD,0xFF,0xDD,0xFF,0xDD,0xFF,0xDD,0xFF,
    0xDD,0xFF,0xDD,0xFF,0xDD,0xFF,0xDD,0xFF,0xDD,0xFF,0xDD,0xFF,0xDD,0xFF,0xDD,0xFF,
    0xDD,0xFF,0xDD,0xFF,0xDE,0xFF,0xFE,0xFF,0xFE,0xFF,0xDE,0xFF,0xBC,0xFF,0x9B,0xF7,
    0x5A,0xEF,0x5A,0xEF,0x9C,0xF7,0xDE,0xFF,0xDE,0xFF,0xDD,0xFF,0xDC,0xFF,0xDC,0xFF,
    0xDD,0xFF,0xDC,0xFF,0xDC,0xFF,0xBC,0xFF,0xDC,0xFF,0xDC,0xFF,0xDD,0xFF,0xDC,0xFF,
    0xBC,0xFF,0xBC,0xFF,0xBC,0xFF,0xBC,0xFF,0xBC,0xFF,0xBC,0xFF,0xBC,0xFF,0xBC,0xFF,
    0xBC,0xFF,0xBC,0xFF,0xBC,0xFF,0xBD,0xFF,0xBD,0xFF,0xBD,0xFF,0xBD,0xFF,0xDD,0xFF,
    0xBD,0xFF,0x9C,0xFF,0x9B,0xFF,0xDD,0xFF,0xDE,0xFF,0xBC,0xFF,0xBC,0xFF,0xBC,0xFF,
    0xBC,0xFF,0xFF,0xFF,0xBD,0xF7,0x5B,0xF7,0xBD,0xF7,0xFF,0xFF,0xFE,0xFF,0xDD,0xFF,
    0xDD,0xFF,0xDD,0xFF,0xDD,0xFF,0xDD,0xFF,0xDD,0xFF,0xDD,0xFF,0xDD,0xFF,0xDD,0xFF,
    0xDD,0xFF,0xDD,0xFF,0xDD,0xFF,0xDD,0xFF,0xDD,0xFF,0xDD,0xFF,0xDD,0xFF,0xDD,0xFF,
    0xDD,0xFF,0xDD,0xFF,0xDD,0xFF,0xDD,0xFF,0xDD,0xFF,0xDD,0xFF,0xDD,0xFF,0xDD,0xFF,
    0xDD,0xFF,0xDD,0xFF,0xDD,0xFF,0xDD,0xFF,0xDE,0xFF,0xDE,0xFF,0xBC,0xFF,0x7A,0xF7,
    0x5A,0xEF,0x7B,0xF7,0xDD,0xFF,0xDE,0xFF,0xDD,0xFF,0xBC,0xFF,0xDC,0xFF,0xDC,0xFF,
    0xDC,0xFF,0xDC,0xFF,0xDC,0xFF,0xDC,0xFF,0xDC,0xFF,0xBC,0xFF,0xBC,0xFF,0xBC,0xFF,
    0xBC,0xFF,0xBC,0xFF,0xBC,0xFF,0xBC,0xFF,0xBC,0xFF,0xBC,0xFF,0xBC,0xFF,0xBC,0xFF,
    0xBD,0xFF,0xBD,0xFF,0xBD,0xFF,0xBD,0xFF,0xDD,0xFF,0xBD,0xFF,0x9C,0xFF,0x9B,0xF7,
    0xBC,0xFF,0xDD,0xFF,0xDD,0xFF,0xBC,0xFF,0xBC,0xFF,0xFF,0xFF,0x9C,0xF7,0x5B,0xF7,
    0xDE,0xFF,0xFF,0xFF,0xDD,0xFF,0xDD,0xFF,0xDD,0xFF,0xDD,0xFF,0xDD,0xFF,0xDD,0xFF,
    0xDD,0xFF,0xDD,0xFF,0xDD,0xFF,0xDD,0xFF,0xDD,0xFF,0xDD,0xFF,0xDD,0xFF,0xDD,0xFF,
    0xDD,0xFF,0xDD,0xFF,0xDD,0xFF,0xDD,0xFF,0xDD,0xFF,0xDD,0xFF,0xDD,0xFF,0xDD,0xFF,
    0xDD,0xFF,0xDD,0xFF,0xDD,0xFF,0xDD,0xFF,0xDD,0xFF,0xDD,0xFF,0xBD,0xFF,0xBD,0xFF,
    0xDD,0xFF,0xDD,0xFF,0xDD,0xFF,0xDD,0xFF,0xDE,0xFF,0xDD,0xFF,0x7B,0xF7,0x5A,0xEF,
    0x7B,0xF7,0xBD,0xFF,0xDE,0xFF,0xDC,0xFF,0xDC,0xFF,0xDD,0xFF,0xDC,0xFF,0xDD,0xFF,
    0xDD,0xFF,0xDD,0xFF,0xDC,0xFF,0xBC,0xFF,0xBC,0xFF,0xBC,0xFF,0xBC,0xFF,0xBC,0xFF,
    0xBC,0xFF,0xBC,0xFF,0xBC,0xFF,0xBC,0xFF,0xBD,0xFF,0xBD,0xFF,0xDD,0xFF,0xBD,0xFF,
    0xDD,0xFF,0xDD,0xFF,0xBD,0xFF,0x9C,0xFF,0xBC,0xFF,0xBC,0xFF,0xBC,0xFF,0xBC,0xFF,
    0xDD,0xFF,0xFF,0xFF,0x7C,0xF7,0x7C,0xF7,0xFF,0xFF,0xFE,0xFF,0xDD,0xFF,0xDD,0xFF,
    0xDD,0xFF,0xDD,0xFF,0xDD,0xFF,0xDD,0xFF,0xDD,0xFF,0xDD,0xFF,0xDD,0xFF,0xDD,0xFF,
    0xDD,0xFF,0xDD,0xFF,0xDD,0xFF,0xDD,0xFF,0xDD,0xFF,0xDD,0xFF,0xDD,0xFF,0xDD,0xFF,
    0xDD,0xFF,0xDD,0xFF,0xDD,0xFF,0xDD,0xFF,0xDD,0xFF,0xDD,0xFF,0xDD,0xFF,0xDD,0xFF,
    0xDD,0xFF,0xDD,0xFF,0xDD,0xFF,0xDD,0xFF,0xDD,0xFF,0xBD,0xFF,0xDD,0xFF,0xBD,0xFF,
    0xBD,0xFF,0xBD,0xFF,0xDD,0xFF,0xDE,0xFF,0xDD,0xFF,0x9B,0xF7,0x5A,0xEF,0x7B,0xF7,
    0xDE,0xFF,0xDD,0xFF,0xBC,0xFF,0xDC,0xFF,0xDD,0xFF,0xDC,0xFF,0xDD,0xFF,0xDC,0xFF,
    0xBC,0xFF,0xBC,0xFF,0xBC,0xFF,0xBC,0xFF,0xBC,0xFF,0xBC,0xFF,0xBC,0xFF,0xBC,0xFF,
    0xBC,0xFF,0xBD,0xFF,0xBD,0xFF,0xBD,0xFF,0xBD,0xFF,0xDD,0xFF,0xDD,0xFF,0xBD,0xFF,
    0x9C,0xFF,0xBC,0xFF,0xBC,0xFF,0xBC,0xFF,0xBC,0xFF,0xDE,0xFF,0x9D,0xF7,0x9C,0xF7,
    0xFF,0xFF,0xFE,0xFF,0xDD,0xFF,0xDD,0xFF,0xDD,0xFF,0xDD,0xFF,0xDD,0xFF,0xFE,0xFF,
    0xFE,0xFF,0xFE,0xFF,0xDE,0xFF,0xDE,0xFF,0xDD,0xFF,0xDE,0xFF,0xFF,0xFF,0xDD,0xFF,
    0xDD,0xFF,0xDD,0xFF,0xDD,0xFF,0xDD,0xFF,0xDD,0xFF,0xDD,0xFF,0xDD,0xFF,0xDD,0xFF,
    0xDD,0xFF,0xFE,0xFF,0xFE,0xFF,0xDD,0xFF,0xDD,0xFF,0xDD,0xFF,0xDD,0xFF,0xBD,0xFF,
    0xDD,0xFF,0xBD,0xFF,0xBD,0xFF,0xBD,0xFF,0xBD,0xFF,0xBD,0xFF,0xBD,0xFF,0xBD,0xFF,
    0xDD,0xFF,0xDD,0xFF,0xDE,0xFF,0xDD,0xFF,0x7B,0xF7,0x5A,0xEF,0x9C,0xF7,0xDE,0xFF,
    0xBD,0xFF,0xBC,0xFF,0xDD,0xFF,0xDC,0xFF,0xDC,0xFF,0xDC,0xFF,0xBC,0xFF,0xBC,0xFF,
    0xBC,0xFF,0xBC,0xFF,0xBC,0xFF,0xBC,0xFF,0xBC,0xFF,0xBD,0xFF,0xBD,0xFF,0xBD,0xFF,
    0xBD,0xFF,0xBD,0xFF,0xDD,0xFF,0xDD,0xFF,0xBD,0xFF,0x9C,0xFF,0xBC,0xFF,0xBC,0xFF,
    0xBC,0xFF,0xDD,0xFF,0xBD,0xFF,0x39,0xEF,0xFF,0xFF,0xFE,0xFF,0xDE,0xFF,0xDD,0xFF,
    0xDD,0xFF,0xDD,0xFF,0xDD,0xFF,0xBD,0xF7,0x5B,0xEF,0xF9,0xDE,0xF9,0xDE,0xBD,0xFF,
    0xDE,0xFF,0xFE,0xFF,0xDE,0xFF,0xB7,0xCE,0xFF,0xFF,0xDE,0xFF,0xDD,0xFF,0xDD,0xFF,
    0xDD,0xFF,0xDD,0xFF,0xDD,0xFF,0xDD,0xFF,0xBD,0xFF,0x9D,0xF7,0x5B,0xEF,0x19,0xDF,
    0x9D,0xF7,0x9C,0xF7,0xDD,0xFF,0xDD,0xFF,0xBD,0xFF,0xBD,0xFF,0xBD,0xFF,0xBD,0xFF,
    0xBD,0xFF,0xBD,0xFF,0xBD,0xFF,0xBD,0xFF,0xBD,0xFF,0xBD,0xFF,0xBD,0xFF,0xBD,0xFF,
    0xDD,0xFF,0xDE,0xFF,0xBD,0xFF,0x7B,0xF7,0x7B,0xF7,0xDE,0xFF,0xDD,0xFF,0xBC,0xFF,
    0xDD,0xFF,0xDC,0xFF,0xDC,0xFF,0xBC,0xFF,0xBC,0xFF,0xBC,0xFF,0xBC,0xFF,0xBC,0xFF,
    0xBC,0xFF,0xBD,0xFF,0xBD,0xFF,0xBD,0xFF,0xBD,0xFF,0xBD,0xFF,0xBD,0xFF,0xBD,0xFF,
    0xDD,0xFF,0xBD,0xFF,0x9C,0xFF,0xBC,0xFF,0xDC,0xFF,0xBC,0xFF,0xDE,0xFF,0x3A,0xEF,
    0x9D,0xF7,0xFF,0xFF,0xDD,0xFF,0xDE,0xFF,0xDD,0xFF,0xDD,0xFF,0xDD,0xFF,0xDE,0xFF,
    0xF4,0xB5,0x30,0x95,0xF4,0xB5,0x51,0x9D,0x15,0xBE,0xFF,0xFF,0xDE,0xF7,0xD4,0xAD,
    0x50,0x9D,0x56,0xC6,0xFF,0xFF,0xFE,0xFF,0xFE,0xFF,0xFE,0xFF,0xFE,0xFF,0xFE,0xFF,
    0xFF,0xFF,0x3B,0xE7,0xB3,0xAD,0xEE,0x8C,0x8C,0x7C,0x92,0xA5,0x98,0xD6,0xFE,0xFF,
    0xBD,0xFF,0xBD,0xFF,0xBD,0xFF,0xBD,0xFF,0xBD,0xFF,0xBD,0xFF,0xBD,0xFF,0xBD,0xFF,
    0xBD,0xFF,0xBD,0xFF,0xBD,0xFF,0xBD,0xFF,0xBD,0xFF,0xDD,0xFF,0xDD,0xFF,0xDD,0xFF,
    0xDE,0xFF,0xBC,0xFF,0x7B,0xF7,0xBD,0xF7,0xDD,0xFF,0xBC,0xFF,0xDD,0xFF,0xDD,0xFF,
    0xBC,0xFF,0xBC,0xFF,0xBD,0xFF,0xBD,0xFF,0xBD,0xFF,0xBD,0xFF,0xBD,0xFF,0xBD,0xFF,
    0xBD,0xFF,0xBD,0xFF,0xBD,0xFF,0xBD,0xFF,0xBD,0xFF,0xDD,0xFF,0xBD,0xFF,0x9C,0xFF,
    0xBC,0xFF,0xDC,0xFF,0xDD,0xFF,0xBD,0xFF,0x3A,0xEF,0xFF,0xFF,0xDE,0xFF,0xDD,0xFF,
    0xDD,0xFF,0xDD,0xFF,0xDD,0xFF,0xFD,0xFF,0xBC,0xF7,0x92,0xA5,0x0F,0x95,0x91,0xA5,
    0x0F,0x95,0xF4,0xB5,0x3B,0xE7,0x51,0x9D,0x50,0x9D,0x77,0xC6,0x8D,0x84,0x72,0xA5,
    0x7C,0xEF,0x3B,0xE7,0x3B,0xE7,0x3A,0xE7,0x3B,0xE7,0x5C,0xEF,0xFE,0xFF,0x92,0xA5,
    0x2F,0x95,0x72,0xA5,0x10,0x95,0x9D,0xF7,0xDE,0xFF,0xBD,0xFF,0xBD,0xFF,0xBD,0xFF,
    0xBD,0xFF,0xBD,0xFF,0xBD,0xFF,0xBD,0xFF,0xBD,0xFF,0xBD,0xFF,0xBD,0xFF,0xBD,0xFF,
    0xBD,0xFF,0xBD,0xFF,0xBD,0xFF,0xDD,0xFF,0xDD,0xFF,0xDD,0xFF,0xDE,0xFF,0xDD,0xFF,
    0x7B,0xF7,0x9C,0xF7,0xDE,0xFF,0xBC,0xFF,0xBD,0xFF,0xBD,0xFF,0xBD,0xFF,0xBD,0xFF,
    0xBD,0xFF,0xBD,0xFF,0xBD,0xFF,0xBD,0xFF,0xBD,0xFF,0xBD,0xFF,0xBD,0xFF,0xBD,0xFF,
    0xBD,0xFF,0xBD,0xFF,0xBD,0xFF,0xBD,0xFF,0x9C,0xFF,0xDC,0xFF,0xDC,0xFF,0xFE,0xFF,
    0x7B,0xF7,0x9C,0xF7,0xFE,0xFF,0xDD,0xFF,0xDD,0xFF,0xDD,0xFF,0xDD,0xFF,0xDD,0xFF,
    0xDD,0xFF,0xDD,0xFF,0x77,0xCE,0xCE,0x8C,0x35,0xBE,0x50,0x9D,0x15,0xBE,0xBD,0xF7,
    0xF4,0xB5,0xD4,0xB5,0x51,0xA5,0xF4,0xB5,0x35,0xBE,0xF9,0xDE,0x51,0x9D,0x72,0xA5,
    0x72,0xA5,0x50,0x9D,0xD3,0xB5,0xFE,0xFF,0xEF,0x8C,0x30,0x9D,0xB3,0xAD,0xAD,0x84,
    0x5B,0xEF,0xDD,0xFF,0xBD,0xFF,0xDD,0xFF,0xBD,0xFF,0xBD,0xFF,0xBD,0xFF,0xBD,0xFF,
    0xBD,0xFF,0xBD,0xFF,0xBD,0xFF,0xBD,0xFF,0xBD,0xFF,0xBD,0xFF,0xBD,0xFF,0xBD,0xFF,
    0xDD,0xFF,0xDD,0xFF,0xDD,0xFF,0xDD,0xFF,0xDD,0xFF,0xDE,0xFF,0x9C,0xF7,0x9C,0xF7,
    0xDE,0xFF,0xBC,0xFF,0xBD,0xFF,0xBD,0xFF,0xBD,0xFF,0xBD,0xFF,0xBD,0xFF,0xBD,0xFF,
    0xBD,0xFF,0xBD,0xFF,0xBD,0xFF,0xBD,0xFF,0xBD,0xFF,0xDD,0xFF,0xBD,0xFF,0xDD,0xFF,
    0xBD,0xFF,0x9C,0xFF,0xDC,0xFF,0xDC,0xFF,0xDD,0xFF,0x5A,0xEF,0xDD,0xFF,0xDD,0xFF,
    0xDD,0xFF,0xDD,0xFF,0xBD,0xFF,0xBD,0xFF,0xDD,0xFF,0xDD,0xFF,0x9C,0xF7,0xD3,0xAD,
    0x30,0x95,0xFA,0xDE,0x0A,0x6C,0xD9,0xD6,0xBC,0xF7,0xB8,0xCE,0x6D,0x84,0x15,0xBE,
    0x51,0x9D,0xF9,0xDE,0xFE,0xFF,0xFF,0xFF,0xFF,0xFF,0xFF,0xFF,0xFE,0xFF,0xFD,0xFF,
    0xFF,0xFF,0x50,0x9D,0x51,0x9D,0x92,0xA5,0xAD,0x84,0x9B,0xF7,0xDD,0xFF,0xBD,0xFF,
    0xDD,0xFF,0xBD,0xFF,0xBD,0xFF,0xBD,0xFF,0xBD,0xFF,0xBD,0xFF,0xBD,0xFF,0xBD,0xFF,
    0xBD,0xFF,0xBD,0xFF,0xBD,0xFF,0xBD,0xFF,0xBD,0xFF,0xBD,0xFF,0xDD,0xFF,0xDD,0xFF,
    0xDD,0xFF,0xDD,0xFF,0xDD,0xFF,0xFE,0xFF,0x9C,0xF7,0xBC,0xF7,0xDD,0xFF,0xBC,0xFF,
    0xBD,0xFF,0xBD,0xFF,0xDD,0xFF,0xDD,0xFF,0xDD,0xFF,0xDD,0xFF,0xBD,0xFF,0xBD,0xFF,
    0xBD,0xFF,0xDD,0xFF,0xBD,0xFF,0xDD,0xFF,0xDD,0xFF,0xBD,0xFF,0x9C,0xFF,0xDC,0xFF,
    0xDC,0xFF,0xBC,0xFF,0x3A,0xEF,0xDE,0xFF,0xDD,0xFF,0xBD,0xFF,0xBD,0xFF,0xBD,0xFF,
    0xBD,0xFF,0xBD,0xFF,0xBD,0xFF,0xFE,0xFF,0x77,0xC6,0x50,0x9D,0xD3,0xB5,0x71,0xA5,
    0x8D,0x7C,0x7C,0xEF,0xF4,0xB5,0x4C,0x74,0x15,0xB6,0x4C,0x74,0x97,0xCE,0xFE,0xFF,
    0xBD,0xFF,0xDD,0xFF,0xDD,0xFF,0xBD,0xFF,0xDE,0xFF,0x1A,0xDF,0x6C,0x74,0x0F,0x95,
    0x31,0x95,0x0B,0x6C,0x15,0xBE,0xFE,0xFF,0xBD,0xFF,0xBD,0xFF,0xDD,0xFF,0xBD,0xFF,
    0xBD,0xFF,0xBD,0xFF,0xBD,0xFF,0xBD,0xFF,0xBD,0xFF,0xBD,0xFF,0xBD,0xFF,0xBD,0xFF,
    0xBD,0xFF,0xBD,0xFF,0xDD,0xFF,0xBD,0xFF,0xBD,0xFF,0xBD,0xFF,0xDD,0xFF,0xDD,0xFF,
    0xDD,0xFF,0xFF,0xFF,0x9C,0xF7,0xBD,0xFF,0xBC,0xFF,0xBC,0xFF,0xDD,0xFF,0xDD,0xFF,
    0xDD,0xFF,0xDD,0xFF,0xDD,0xFF,0xBD,0xFF,0xBD,0xFF,0xBD,0xFF,0xDD,0xFF,0xBD,0xFF,
    0xBD,0xFF,0xDD,0xFF,0xBD,0xFF,0x9C,0xFF,0xDC,0xFF,0xDD,0xFF,0x9B,0xFF,0x3A,0xEF,
    0xDE,0xFF,0xDD,0xFF,0xBD,0xFF,0xBD,0xFF,0xBD,0xFF,0xBD,0xFF,0xBD,0xFF,0xDD,0xFF,
    0xDD,0xFF,0xF9,0xDE,0x3A,0xE7,0xFD,0xFF,0xDE,0xFF,0xF9,0xDE,0xFE,0xFF,0x3A,0xE7,
    0x19,0xE7,0x3A,0xEF,0x7B,0xEF,0x1A,0xE7,0xFE,0xFF,0xDD,0xFF,0xDD,0xFF,0xDD,0xFF,
    0xDD,0xFF,0xDE,0xFF,0x7B,0xEF,0xF9,0xDE,0xF9,0xDE,0xF8,0xDE,0xF9,0xDE,0x3A,0xE7,
    0xDD,0xFF,0xDD,0xFF,0xDD,0xFF,0xDD,0xFF,0xDD,0xFF,0xBD,0xFF,0xBD,0xFF,0xBD,0xFF,
    0xBD,0xFF,0xDD,0xFF,0xBD,0xFF,0xBD,0xFF,0xDD,0xFF,0xDD,0xFF,0xBD,0xFF,0xBD,0xFF,
    0xDD,0xFF,0xBD,0xFF,0xBD,0xFF,0xBD,0xFF,0xDD,0xFF,0xDD,0xFF,0xDE,0xFF,0xFE,0xFF,
    0x9C,0xF7,0xBD,0xFF,0x9C,0xF7,0xBD,0xFF,0xBD,0xFF,0xBD,0xFF,0xDD,0xFF,0xDD,0xFF,
    0xBD,0xFF,0xBD,0xFF,0xBD,0xFF,0xBD,0xFF,0xBD,0xFF,0xBD,0xFF,0xDD,0xFF,0xBD,0xFF,
    0x9C,0xFF,0xDC,0xFF,0xDD,0xFF,0x9B,0xFF,0x3A,0xEF,0xFE,0xFF,0xDD,0xFF,0xBD,0xFF,
    0xBD,0xFF,0xBC,0xFF,0xBD,0xFF,0xBD,0xFF,0xDD,0xFF,0xDD,0xFF,0xFE,0xFF,0xFD,0xFF,
    0xDD,0xFF,0xDE,0xFF,0xFF,0xFF,0xDE,0xFF,0xFE,0xFF,0xFE,0xFF,0xFD,0xFF,0xFE,0xFF,
    0xFE,0xFF,0xDD,0xFF,0xDE,0xFF,0xDE,0xFF,0xDE,0xFF,0xDD,0xFF,0xDD,0xFF,0xFE,0xFF,
    0xFE,0xFF,0xFE,0xFF,0xFE,0xFF,0xFE,0xFF,0xFE,0xFF,0xDD,0xFF,0xDD,0xFF,0xDD,0xFF,
    0xDD,0xFF,0xDD,0xFF,0xDD,0xFF,0xDD,0xFF,0xDD,0xFF,0xDD,0xFF,0xBD,0xFF,0xDD,0xFF,
    0xDD,0xFF,0xDD,0xFF,0xDD,0xFF,0xDD,0xFF,0xDD,0xFF,0xDD,0xFF,0xDD,0xFF,0xDD,0xFF,
    0xDD,0xFF,0xDD,0xFF,0xDD,0xFF,0xDD,0xFF,0xFE,0xFF,0xDE,0xFF,0xBC,0xF7,0xBD,0xFF,
    0x9C,0xFF,0xBD,0xFF,0xDD,0xFF,0xDD,0xFF,0xBD,0xFF,0xBD,0xFF,0xBD,0xFF,0xBD,0xFF,
    0xBD,0xFF,0xDD,0xFF,0xDD,0xFF,0xDD,0xFF,0xBD,0xFF,0x9C,0xFF,0xDC,0xFF,0xDD,0xFF,
    0x9B,0xFF,0x39,0xEF,0xDE,0xFF,0xDD,0xFF,0xBD,0xFF,0xBD,0xFF,0xBD,0xFF,0xBD,0xFF,
    0xBD,0xFF,0xDD,0xFF,0xDD,0xFF,0xBD,0xFF,0xBD,0xFF,0xDD,0xFF,0xDD,0xFF,0xDD,0xFF,
    0xDE,0xFF,0xDD,0xFF,0xDD,0xFF,0xDD,0xFF,0xDD,0xFF,0xDE,0xFF,0xDD,0xFF,0xDD,0xFF,
    0xDD,0xFF,0xDD,0xFF,0xDD,0xFF,0xDD,0xFF,0xDD,0xFF,0xDD,0xFF,0xDD,0xFF,0xDD,0xFF,
    0xDD,0xFF,0xDD,0xFF,0xDD,0xFF,0xBD,0xFF,0xDD,0xFF,0xBD,0xFF,0xDD,0xFF,0xDD,0xFF,
    0xDD,0xFF,0xDD,0xFF,0xBD,0xFF,0xBD,0xFF,0xDD,0xFF,0xBD,0xFF,0xDD,0xFF,0xDD,0xFF,
    0xDD,0xFF,0xBD,0xFF,0xDD,0xFF,0xDD,0xFF,0xDD,0xFF,0xDD,0xFF,0xDD,0xFF,0xDD,0xFF,
    0xDD,0xFF,0xDD,0xFF,0xFF,0xFF,0xBC,0xFF,0xBD,0xFF,0x9B,0xF7,0xBD,0xFF,0xDD,0xFF,
    0xDD,0xFF,0xBD,0xFF,0xBD,0xFF,0xBD,0xFF,0xBD,0xFF,0xDD,0xFF,0xDD,0xFF,0xDD,0xFF,
    0xDD,0xFF,0xBD,0xFF,0x9C,0xFF,0xDC,0xFF,0xBC,0xFF,0xBC,0xFF,0x39,0xEF,0xDD,0xFF,
    0xDD,0xFF,0xBD,0xFF,0xBD,0xFF,0xBD,0xFF,0xBD,0xFF,0xBD,0xFF,0xDD,0xFF,0xDD,0xFF,
    0xFE,0xFF,0xFE,0xFF,0xFD,0xFF,0xFE,0xFF,0xFE,0xFF,0xDD,0xFF,0xFE,0xFF,0xFF,0xFF,
    0xFF,0xFF,0xFF,0xFF,0xFE,0xFF,0xDD,0xFF,0xFE,0xFF,0xFE,0xFF,0xFE,0xFF,0xFE,0xFF,
    0xFD,0xFF,0xDD,0xFF,0xFE,0xFF,0xFE,0xFF,0xFE,0xFF,0xFE,0xFF,0xDD,0xFF,0xFD,0xFF,
    0xFF,0xFF,0xFF,0xFF,0xFF,0xFF,0xFF,0xFF,0xFE,0xFF,0xDD,0xFF,0xDD,0xFF,0xFD,0xFF,
    0xFE,0xFF,0xFE,0xFF,0xFE,0xFF,0xDD,0xFF,0xFF,0xFF,0xFF,0xFF,0xFF,0xFF,0xFE,0xFF,
    0xFF,0xFF,0xDD,0xFF,0xDD,0xFF,0xDD,0xFF,0xDD,0xFF,0xDD,0xFF,0xDD,0xFF,0xFE,0xFF,
    0xDE,0xFF,0xBD,0xFF,0x9C,0xF7,0xBC,0xFF,0xDD,0xFF,0xDD,0xFF,0xDD,0xFF,0xBD,0xFF,
    0xBD,0xFF,0xBD,0xFF,0xBD,0xFF,0xDD,0xFF,0xDD,0xFF,0xDD,0xFF,0xBD,0xFF,0x9C,0xFF,
    0xBC,0xFF,0xBC,0xFF,0xBC,0xFF,0x5A,0xF7,0xBC,0xFF,0xDE,0xFF,0xDD,0xFF,0xBD,0xFF,
    0xBD,0xFF,0xBD,0xFF,0xBD,0xFF,0xDD,0xFF,0xDD,0xFF,0xB8,0xCE,0x50,0x9D,0x97,0xCE,
    0x92,0xA5,0xB2,0xAD,0xFE,0xFF,0x3B,0xE7,0x77,0xC6,0x35,0xBE,0x5B,0xE7,0x9D,0xF7,
    0xBD,0xFF,0x19,0xDF,0x76,0xC6,0x10,0x9D,0xD8,0xD6,0x19,0xE7,0xFF,0xFF,0x36,0xBE,
    0x7D,0xEF,0x5C,0xE7,0xB2,0xAD,0xDD,0xFF,0x3A,0xE7,0x14,0xBE,0x97,0xCE,0x35,0xBE,
    0xD3,0xAD,0x56,0xC6,0xFE,0xFF,0x76,0xC6,0x5B,0xEF,0x92,0xA5,0x51,0x9D,0xF9,0xDE,
    0xBD,0xF7,0xB8,0xD6,0xF9,0xDE,0x35,0xBE,0xB3,0xAD,0xD9,0xD6,0xFE,0xFF,0xBD,0xFF,
    0xDD,0xFF,0xBD,0xFF,0xDD,0xFF,0xDD,0xFF,0xDE,0xFF,0xFE,0xFF,0xDD,0xFF,0x9C,0xF7,
    0x9B,0xF7,0xDD,0xFF,0xDD,0xFF,0xDD,0xFF,0xBD,0xFF,0xBD,0xFF,0xBD,0xFF,0xDD,0xFF,
    0xDD,0xFF,0xDD,0xFF,0xDD,0xFF,0xBD,0xFF,0x9C,0xFF,0xBC,0xFF,0xBC,0xFF,0xBC,0xFF,
    0x9B,0xF7,0x9B,0xF7,0xFE,0xFF,0xDD,0xFF,0xDD,0xFF,0xBD,0xFF,0xBD,0xFF,0xBD,0xFF,
    0xBD,0xFF,0xDD,0xFF,0xB2,0xAD,0xC8,0x5B,0x92,0xA5,0x51,0x9D,0x51,0x9D,0xFF,0xFF,
    0xF4,0xB5,0x92,0xA5,0x30,0x95,0xD3,0xAD,0xEE,0x8C,0xF9,0xDE,0x10,0x95,0x76,0xC6,
    0xF4,0xB5,0x51,0x9D,0x71,0xA5,0x5C,0xE7,0x6B,0x7C,0xB3,0xAD,0x51,0x9D,0x51,0x9D,
    0x30,0x9D,0x9C,0xEF,0xCE,0x8C,0x1A,0xDF,0x56,0xC6,0x30,0x95,0x7C,0xEF,0x3A,0xE7,
    0xAD,0x84,0xD3,0xB5,0x4C,0x74,0x6C,0x7C,0xD4,0xB5,0x1A,0xDF,0xCE,0x84,0x51,0x9D,
    0xCD,0x84,0xCF,0x8C,0x92,0xA5,0xFE,0xFF,0xFF,0xFF,0xFF,0xFF,0xFE,0xFF,0xDD,0xFF,
    0xDD,0xFF,0xDE,0xFF,0xFF,0xFF,0xDD,0xFF,0x9C,0xF7,0x7B,0xF7,0xBD,0xFF,0xBD,0xFF,
    0xDD,0xFF,0xDD,0xFF,0xBD,0xFF,0xBD,0xFF,0xDD,0xFF,0xDD,0xFF,0xDD,0xFF,0xDD,0xFF,
    0xBD,0xFF,0x9C,0xFF,0xBC,0xFF,0xBC,0xFF,0xBC,0xFF,0x9C,0xFF,0x7B,0xF7,0xDD,0xFF,
    0xDD,0xFF,0xDD,0xFF,0xDD,0xFF,0xBD,0xFF,0xBD,0xFF,0xDD,0xFF,0xBC,0xF7,0x51,0x9D,
    0xAD,0x7C,0x14,0xBE,0x14,0xB6,0xB2,0xA5,0xB7,0xCE,0x2B,0x74,0x14,0xB6,0xB8,0xCE,
    0xD3,0xB5,0xD8,0xD6,0x3A,0xE7,0xD3,0xAD,0xB8,0xCE,0x35,0xBE,0xCE,0x84,0xF4,0xB5,
    0xDE,0xFF,0x71,0x9D,0x71,0x9D,0x50,0x9D,0xF9,0xD6,0x2F,0x95,0x5C,0xEF,0x6C,0x74,
    0x1A,0xDF,0x30,0x95,0x0B,0x6C,0x7C,0xEF,0x7B,0xEF,0xEF,0x94,0xD4,0xB5,0xEE,0x8C,
    0x2F,0x95,0x14,0xB6,0x1A,0xDF,0x92,0xA5,0xB3,0xAD,0xAD,0x84,0x8C,0x7C,0xF3,0xB5,
    0x19,0xDF,0x92,0xA5,0x77,0xCE,0x5B,0xE7,0xDE,0xFF,0xBD,0xFF,0xDD,0xFF,0xFF,0xFF,
    0xDE,0xFF,0x9C,0xF7,0x7A,0xF7,0xBC,0xFF,0xBD,0xFF,0xDD,0xFF,0xDD,0xFF,0xBD,0xFF,
    0xBD,0xFF,0xBD,0xFF,0xDD,0xFF,0xDD,0xFF,0xDD,0xFF,0xBD,0xFF,0x9C,0xFF,0xBC,0xFF,
    0xBC,0xFF,0xBC,0xFF,0x9B,0xFF,0x9C,0xFF,0xBC,0xFF,0xFE,0xFF,0xDD,0xFF,0xDD,0xFF,
    0xBD,0xFF,0xBD,0xFF,0xBD,0xFF,0xDE,0xFF,0x30,0x9D,0xB2,0xA5,0x2F,0x95,0xEF,0x8C,
    0x35,0xBE,0xBC,0xF7,0x71,0xA5,0x56,0xBE,0x92,0xA5,0x70,0x9D,0x92,0xAD,0xDE,0xFF,
    0x35,0xBE,0x50,0x9D,0xD9,0xD6,0xEF,0x8C,0x3A,0xE7,0xF8,0xDE,0x2B,0x74,0xB2,0xAD,
    0x30,0x95,0x56,0xC6,0x77,0xC6,0xFF,0xFF,0x71,0xA5,0x51,0x9D,0x8D,0x84,0x51,0x9D,
    0x71,0xA5,0xDE,0xFF,0xB3,0xAD,0xB3,0xA5,0xCE,0x8C,0xEE,0x8C,0xB2,0xAD,0x3B,0xE7,
    0xAD,0x84,0xCF,0x8C,0xEF,0x94,0x0F,0x95,0xD4,0xB5,0x5C,0xEF,0x98,0xCE,0xD3,0xB5,
    0x3B,0xE7,0xFE,0xFF,0xDD,0xFF,0xDE,0xFF,0xFF,0xFF,0xFE,0xFF,0x9C,0xF7,0x5A,0xF7,
    0xBC,0xFF,0xBD,0xFF,0xBD,0xFF,0xDD,0xFF,0xBD,0xFF,0xBD,0xFF,0xDD,0xFF,0xDD,0xFF,
    0xDD,0xFF,0xDD,0xFF,0xBD,0xFF,0x9C,0xFF,0xBC,0xFF,0xBC,0xFF,0xBC,0xFF,0xBC,0xFF,
    0x9B,0xFF,0xBC,0xFF,0xDD,0xFF,0xDE,0xFF,0xDD,0xFF,0xDD,0xFF,0xDD,0xFF,0xBD,0xFF,
    0xFF,0xFF,0xD3,0xAD,0xD3,0xAD,0x2F,0x95,0xB3,0xA5,0x30,0x95,0xFF,0xFF,0xD3,0xAD,
    0xEF,0x8C,0x56,0xC6,0xF3,0xAD,0xB3,0xAD,0x5B,0xE7,0xFF,0xFF,0x15,0xB6,0x3B,0xE7,
    0x51,0x9D,0xDE,0xFF,0xBC,0xFF,0xB2,0xAD,0x92,0xA5,0x97,0xC6,0xFF,0xFF,0xFF,0xFF,
    0xFA,0xDE,0x8D,0x84,0x36,0xBE,0xB8,0xD6,0xF4,0xB5,0xBE,0xF7,0xB8,0xD6,0x2F,0x95,
    0x56,0xC6,0xCD,0x84,0xEE,0x8C,0x35,0xBE,0xD8,0xD6,0xAD,0x84,0xF4,0xB5,0x30,0x9D,
    0x4C,0x7C,0x92,0xA5,0xDE,0xFF,0xFF,0xFF,0xFF,0xFF,0xFE,0xFF,0xDD,0xFF,0xDD,0xFF,
    0xDE,0xFF,0xFE,0xFF,0xFE,0xFF,0x7B,0xF7,0x5A,0xF7,0x9C,0xFF,0xBD,0xFF,0xBD,0xFF,
    0xBD,0xFF,0xBD,0xFF,0xBD,0xFF,0xBD,0xFF,0xDD,0xFF,0xDD,0xFF,0xDD,0xFF,0xBD,0xFF,
    0x9C,0xFF,0xBC,0xFF,0xBC,0xFF,0xBC,0xFF,0xBC,0xFF,0x9B,0xFF,0x7B,0xF7,0xBC,0xFF,
    0xDD,0xFF,0xDD,0xFF,0xDD,0xFF,0xDD,0xFF,0xDD,0xFF,0xFE,0xFF,0xD8,0xD6,0x5B,0xEF,
    0x35,0xBE,0x77,0xC6,0xB8,0xCE,0xFF,0xFF,0x15,0xBE,0x1A,0xE7,0xB2,0xAD,0x34,0xB6,
    0xFE,0xFF,0xBD,0xF7,0xDE,0xFF,0xFF,0xFF,0xB3,0xAD,0x92,0xA5,0xFE,0xFF,0x5A,0xEF,
    0x10,0x95,0x92,0xA5,0x7C,0xEF,0xDD,0xFF,0xDD,0xFF,0x7B,0xF7,0x9C,0xF7,0xFF,0xFF,
    0xF9,0xDE,0x76,0xC6,0xFF,0xFF,0x9C,0xF7,0xDE,0xFF,0xB3,0xAD,0xD8,0xD6,0x35,0xBE,
    0x30,0x95,0x7B,0xEF,0xFF,0xFF,0x77,0xC6,0x51,0x9D,0xD9,0xD6,0x30,0x95,0xDD,0xFF,
    0xDD,0xFF,0xBD,0xFF,0xDD,0xFF,0xDD,0xFF,0xDD,0xFF,0xFF,0xFF,0xDE,0xFF,0xDE,0xFF,
    0x39,0xEF,0x5A,0xF7,0x9C,0xFF,0xBD,0xFF,0xBD,0xFF,0xBD,0xFF,0xBD,0xFF,0xBD,0xFF,
    0xBD,0xFF,0xDD,0xFF,0xDD,0xFF,0xDD,0xFF,0xBD,0xFF,0x9C,0xFF,0xDE,0xFF,0xBC,0xFF,
    0xBC,0xFF,0xBC,0xFF,0xBC,0xFF,0x9B,0xFF,0x7A,0xF7,0xBC,0xFF,0xDD,0xFF,0xDD,0xFF,
    0xDD,0xFF,0xDD,0xFF,0xDD,0xFF,0xFE,0xFF,0xDD,0xFF,0xBD,0xFF,0xFE,0xFF,0xFE,0xFF,
    0xDD,0xFF,0xDD,0xFF,0xDD,0xFF,0xBC,0xFF,0xDD,0xFF,0xDD,0xFF,0xDD,0xFF,0xDD,0xFF,
    0xDD,0xFF,0xBD,0xFF,0xFE,0xFF,0xDD,0xFF,0xDD,0xFF,0xDD,0xFF,0xFE,0xFF,0xDD,0xFF,
    0xDD,0xFF,0xDD,0xFF,0xDD,0xFF,0xDD,0xFF,0xDD,0xFF,0xDE,0xFF,0xDE,0xFF,0xDD,0xFF,
    0xDD,0xFF,0xBC,0xFF,0xBC,0xF7,0xFE,0xFF,0xDE,0xFF,0xDD,0xFF,0xFE,0xFF,0xDD,0xFF,
    0xBD,0xFF,0xFE,0xFF,0xFF,0xFF,0xFF,0xFF,0xDD,0xFF,0xDD,0xFF,0xDD,0xFF,0xDD,0xFF,
    0xDD,0xFF,0xDE,0xFF,0xFF,0xFF,0xDE,0xFF,0x9C,0xF7,0x18,0xEF,0x7B,0xF7,0x9C,0xFF,
    0xBD,0xFF,0xDD,0xFF,0xBD,0xFF,0xBD,0xFF,0xBD,0xFF,0xBD,0xFF,0xDD,0xFF,0xDD,0xFF,
    0xDD,0xFF,0xDD,0xFF,0x9C,0xFF,0xFE,0xFF,0xDD,0xFF,0xBC,0xFF,0xBC,0xFF,0xBC,0xFF,
    0xBC,0xFF,0x7B,0xF7,0x5A,0xF7,0x9C,0xFF,0xDE,0xFF,0xDD,0xFF,0xDD,0xFF,0xDD,0xFF,
    0xDD,0xFF,0xDD,0xFF,0xDD,0xFF,0xBD,0xFF,0xBD,0xFF,0xDD,0xFF,0xBD,0xFF,0xBD,0xFF,
    0xDD,0xFF,0xBD,0xFF,0xBD,0xFF,0xBD,0xFF,0xBD,0xFF,0xDD,0xFF,0xDD,0xFF,0xBD,0xFF,
    0xBD,0xFF,0xDD,0xFF,0xDD,0xFF,0xBD,0xFF,0xBD,0xFF,0xDD,0xFF,0xDD,0xFF,0xDD,0xFF,
    0xDD,0xFF,0xDD,0xFF,0xDD,0xFF,0xDD,0xFF,0xDD,0xFF,0xBD,0xFF,0xDD,0xFF,0xDD,0xFF,
    0xBD,0xFF,0xDD,0xFF,0xDD,0xFF,0xDD,0xFF,0xDD,0xFF,0xDD,0xFF,0xBD,0xFF,0xBD,0xFF,
    0xBD,0xFF,0xDD,0xFF,0xDD,0xFF,0xDD,0xFF,0xDD,0xFF,0xDE,0xFF,0xFF,0xFF,0xDD,0xFF,
    0xFE,0xFF,0x39,0xEF,0x39,0xEF,0x7B,0xF7,0xBC,0xFF,0xBD,0xFF,0xBD,0xFF,0xBD,0xFF,
    0xBD,0xFF,0xBD,0xFF,0xBD,0xFF,0xDD,0xFF,0xDD,0xFF,0xDD,0xFF,0xDD,0xFF,0x9C,0xFF,
    0xDC,0xFF,0xBC,0xFF,0xBC,0xFF,0xBC,0xFF,0xBC,0xFF,0xBC,0xFF,0xBC,0xFF,0x7B,0xF7,
    0x59,0xF7,0x7B,0xF7,0xDD,0xFF,0xDE,0xFF,0xDD,0xFF,0xDD,0xFF,0xDD,0xFF,0xDD,0xFF,
    0xDD,0xFF,0xDD,0xFF,0xDD,0xFF,0xBD,0xFF,0xDD,0xFF,0xBD,0xFF,0xBD,0xFF,0xBD,0xFF,
    0xDD,0xFF,0xBD,0xFF,0xBD,0xFF,0xBD,0xFF,0xBD,0xFF,0xBD,0xFF,0xBD,0xFF,0xBD,0xFF,
    0xBD,0xFF,0xBD,0xFF,0xBD,0xFF,0xBD,0xFF,0xDD,0xFF,0xDD,0xFF,0xBD,0xFF,0xBD,0xFF,
    0xBD,0xFF,0xBD,0xFF,0xBD,0xFF,0xDD,0xFF,0xDD,0xFF,0xDD,0xFF,0xDD,0xFF,0xDD,0xFF,
    0xDD,0xFF,0xDD,0xFF,0xDD,0xFF,0xBD,0xFF,0xBD,0xFF,0xDD,0xFF,0xDD,0xFF,0xDD,0xFF,
    0xDD,0xFF,0xDE,0xFF,0xFF,0xFF,0xDD,0xFF,0xFE,0xFF,0x5A,0xF7,0xF7,0xEE,0x5A,0xF7,
    0x9B,0xF7,0xBC,0xFF,0xBD,0xFF,0xBD,0xFF,0xBD,0xFF,0xBD,0xFF,0xBD,0xFF,0xBD,0xFF,
    0xDD,0xFF,0xDD,0xFF,0xDD,0xFF,0xBD,0xFF,0x9C,0xFF,0xBC,0xFF,0xBC,0xFF,0xBC,0xFF,
    0xBC,0xFF,0xBC,0xFF,0xBC,0xFF,0xBC,0xFF,0x9C,0xFF,0x9B,0xFF,0x5A,0xF7,0x39,0xF7,
    0x9B,0xF7,0xDD,0xFF,0xDE,0xFF,0xDD,0xFF,0xDD,0xFF,0xDD,0xFF,0xDD,0xFF,0xDD,0xFF,
    0xDD,0xFF,0xDD,0xFF,0xDD,0xFF,0xDD,0xFF,0xBD,0xFF,0xBD,0xFF,0xBD,0xFF,0xBD,0xFF,
    0xBD,0xFF,0xBD,0xFF,0xBD,0xFF,0xBD,0xFF,0xBD,0xFF,0xBD,0xFF,0xBD,0xFF,0xBD,0xFF,
    0xBD,0xFF,0xBD,0xFF,0xBD,0xFF,0xBD,0xFF,0xDD,0xFF,0xBD,0xFF,0xBD,0xFF,0xDD,0xFF,
    0xDD,0xFF,0xDD,0xFF,0xDD,0xFF,0xDD,0xFF,0xDD,0xFF,0xDD,0xFF,0xDD,0xFF,0xDD,0xFF,
    0xBD,0xFF,0xBD,0xFF,0xDD,0xFF,0xDD,0xFF,0xDE,0xFF,0xFE,0xFF,0xFF,0xFF,0xDE,0xFF,
    0xFE,0xFF,0x7B,0xF7,0xF7,0xEE,0x39,0xEF,0x7B,0xF7,0x9C,0xFF,0xBC,0xFF,0xBC,0xFF,
    0xBC,0xFF,0xBC,0xFF,0xBD,0xFF,0xBD,0xFF,0xBD,0xFF,0xBD,0xFF,0xBD,0xFF,0xDD,0xFF,
    0xBD,0xFF,0x9C,0xFF,0xBC,0xFF,0xBC,0xFF,0xBC,0xFF,0xBC,0xFF,0xBC,0xFF,0xBC,0xFF,
    0xBC,0xFF,0xBC,0xFF,0xBC,0xFF,0x9C,0xFF,0x7A,0xF7,0x59,0xF7,0x39,0xEF,0x7B,0xF7,
    0xBD,0xFF,0xDE,0xFF,0xDD,0xFF,0xDD,0xFF,0xDD,0xFF,0xDD,0xFF,0xDD,0xFF,0xDD,0xFF,
    0xDD,0xFF,0xDD,0xFF,0xDD,0xFF,0xDD,0xFF,0xBD,0xFF,0xBD,0xFF,0xBD,0xFF,0xBD,0xFF,
    0xDD,0xFF,0xBD,0xFF,0xDD,0xFF,0xDD,0xFF,0xBD,0xFF,0xDD,0xFF,0xDD,0xFF,0xDD,0xFF,
    0xDD,0xFF,0xDD,0xFF,0xDD,0xFF,0xDD,0xFF,0xDD,0xFF,0xDD,0xFF,0xDD,0xFF,0xDD,0xFF,
    0xDD,0xFF,0xDD,0xFF,0xDD,0xFF,0xDD,0xFF,0xDD,0xFF,0xDD,0xFF,0xDD,0xFF,0xDE,0xFF,
    0xFE,0xFF,0xDE,0xFF,0xDE,0xFF,0xDE,0xFF,0xDE,0xFF,0x5A,0xF7,0xF7,0xEE,0x39,0xEF,
    0x5A,0xF7,0x9B,0xFF,0xBC,0xFF,0xBC,0xFF,0xBC,0xFF,0xBC,0xFF,0xBD,0xFF,0xBD,0xFF,
    0xBD,0xFF,0xBD,0xFF,0xBD,0xFF,0xBD,0xFF,0xDD,0xFF,0xBD,0xFF,0x9C,0xFF,0xBC,0xFF,
    0xBC,0xFF,0xBC,0xFF,0xBC,0xFF,0xBC,0xFF,0xBC,0xFF,0xBC,0xFF,0xBC,0xFF,0xBC,0xFF,
    0xBC,0xFF,0xBC,0xFF,0x9B,0xFF,0x7A,0xF7,0x39,0xEF,0x39,0xEF,0x5A,0xF7,0x9B,0xF7,
    0xBD,0xFF,0xDE,0xFF,0xDE,0xFF,0xDD,0xFF,0xDD,0xFF,0xDD,0xFF,0xDD,0xFF,0xDD,0xFF,
    0xBD,0xFF,0xDD,0xFF,0xDD,0xFF,0xDD,0xFF,0xDD,0xFF,0xDD,0xFF,0xDD,0xFF,0xDD,0xFF,
    0xDD,0xFF,0xDD,0xFF,0xDD,0xFF,0xDD,0xFF,0xDD,0xFF,0xDD,0xFF,0xDD,0xFF,0xDD,0xFF,
    0xDD,0xFF,0xDD,0xFF,0xDD,0xFF,0xDD,0xFF,0xDD,0xFF,0xDD,0xFF,0xDD,0xFF,0xDE,0xFF,
    0xDE,0xFF,0xDD,0xFF,0xDD,0xFF,0xDD,0xFF,0xFE,0xFF,0xDD,0xFF,0xDE,0xFF,0xDE,0xFF,
    0x9C,0xF7,0x18,0xEF,0xF7,0xEE,0x39,0xEF,0x5A,0xF7,0x7B,0xF7,0x9C,0xFF,0xBC,0xFF,
    0xBC,0xFF,0xBC,0xFF,0xBC,0xFF,0xBC,0xFF,0xBD,0xFF,0xBD,0xFF,0xBD,0xFF,0xBD,0xFF,
    0xBD,0xFF,0xDD,0xFF,0xBD,0xFF,0x9C,0xFF,0xBC,0xFF,0xBC,0xFF,0xBC,0xFF,0xBC,0xFF,
    0xBC,0xFF,0xBC,0xFF,0xBC,0xFF,0xBC,0xFF,0xBC,0xFF,0xBC,0xFF,0xBC,0xFF,0xBC,0xFF,
    0x9C,0xFF,0x9B,0xFF,0x7A,0xF7,0x59,0xF7,0x38,0xEF,0x38,0xF7,0x39,0xF7,0x7A,0xF7,
    0x9B,0xF7,0xBD,0xFF,0xDD,0xFF,0xDE,0xFF,0xDE,0xFF,0xDE,0xFF,0xDE,0xFF,0xDE,0xFF,
    0xDE,0xFF,0xDD,0xFF,0xDD,0xFF,0xDD,0xFF,0xDD,0xFF,0xDD,0xFF,0xDE,0xFF,0xDE,0xFF,
    0xDE,0xFF,0xDE,0xFF,0xDE,0xFF,0xDE,0xFF,0xDE,0xFF,0xDE,0xFF,0xDE,0xFF,0xDE,0xFF,
    0xDE,0xFF,0xDE,0xFF,0xDE,0xFF,0xDE,0xFF,0xFF,0xFF,0xFF,0xFF,0xDE,0xFF,0xDD,0xFF,
    0xDD,0xFF,0xDD,0xFF,0xDE,0xFF,0x7B,0xF7,0x18,0xEF,0x17,0xEF,0x38,0xEF,0x39,0xF7,
    0x5A,0xF7,0x7B,0xF7,0x9B,0xFF,0xBC,0xFF,0xBC,0xFF,0xBC,0xFF,0xBC,0xFF,0xBC,0xFF,
    0xBC,0xFF,0xBC,0xFF,0xBD,0xFF,0xBD,0xFF,0xBD,0xFF,0xBD,0xFF,0xDD,0xFF,0xBD,0xFF,
    0x9C,0xFF,0xBC,0xFF,0xBC,0xFF,0xBC,0xFF,0xBC,0xFF,0xBC,0xFF,0xBC,0xFF,0xBC,0xFF,
    0xBC,0xFF,0xBC,0xFF,0xBC,0xFF,0xBC,0xFF,0xBC,0xFF,0xBC,0xFF,0xBC,0xFF,0x9C,0xFF,
    0x9B,0xFF,0x7B,0xF7,0x7A,0xF7,0x59,0xF7,0x38,0xF7,0x38,0xEF,0x38,0xF7,0x38,0xF7,
    0x59,0xF7,0x5A,0xF7,0x7A,0xF7,0x9B,0xF7,0x9B,0xF7,0x9B,0xF7,0x9B,0xFF,0x9C,0xFF,
    0x9C,0xFF,0x9C,0xFF,0x9B,0xF7,0x9B,0xF7,0x9B,0xF7,0x9B,0xF7,0x7B,0xF7,0x7B,0xF7,
    0x7A,0xF7,0x7A,0xF7,0x5A,0xF7,0x59,0xF7,0x59,0xF7,0x59,0xF7,0x59,0xF7,0x39,0xF7,
    0x39,0xEF,0x39,0xF7,0x7C,0xF7,0xFF,0xFF,0xFE,0xFF,0xDD,0xFF,0xDE,0xFF,0xDE,0xFF,
    0x39,0xEF,0xF7,0xEE,0x59,0xF7,0x5A,0xF7,0x7A,0xF7,0x7B,0xF7,0x9B,0xFF,0x9C,0xFF,
    0xBC,0xFF,0xBC,0xFF,0xBC,0xFF,0xBC,0xFF,0xBC,0xFF,0xBC,0xFF,0xBC,0xFF,0xBC,0xFF,
    0xBD,0xFF,0xBD,0xFF,0xDD,0xFF,0xDD,0xFF,0xBD,0xFF,0x9C,0xFF,0xBC,0xFF,0xBC,0xFF,
    0xBC,0xFF,0xBC,0xFF,0xBC,0xFF,0xBC,0xFF,0xBC,0xFF,0xBC,0xFF,0xBC,0xFF,0xBC,0xFF,
    0xBC,0xFF,0xBC,0xFF,0xBC,0xFF,0xBC,0xFF,0xBC,0xFF,0xBC,0xFF,0xBC,0xFF,0x9C,0xFF,
    0x9B,0xFF,0x7B,0xF7,0x7A,0xF7,0x7A,0xF7,0x59,0xF7,0x59,0xF7,0x38,0xF7,0x38,0xF7,
    0x38,0xF7,0x18,0xF7,0x18,0xF7,0x17,0xEF,0x17,0xEF,0x17,0xEF,0x17,0xEF,0x17,0xEF,
    0x17,0xEF,0x18,0xEF,0x18,0xEF,0x38,0xEF,0x38,0xF7,0x38,0xF7,0x38,0xF7,0x38,0xF7,
    0x38,0xF7,0x38,0xF7,0x38,0xF7,0x38,0xF7,0x38,0xEF,0x18,0xEF,0xF7,0xEE,0xD6,0xEE,
    0xF8,0xEE,0xBE,0xFF,0xFE,0xFF,0xDD,0xFF,0xDE,0xFF,0x7B,0xF7,0x18,0xEF,0x7A,0xF7,
    0x7B,0xF7,0x9B,0xFF,0x9B,0xFF,0x9C,0xFF,0x9C,0xFF,0x9C,0xFF,0x9C,0xFF,0xBC,0xFF,
    0xBC,0xFF,0xBC,0xFF,0xBC,0xFF,0xBC,0xFF,0xBC,0xFF,0xBD,0xFF,0xBD,0xFF,0xDD,0xFF,
    0xDD,0xFF,0xBD,0xFF,0x9B,0xFF,0xBC,0xFF,0xBC,0xFF,0xBC,0xFF,0xBC,0xFF,0xBC,0xFF,
    0xBC,0xFF,0xBC,0xFF,0xBC,0xFF,0xBC,0xFF,0xBC,0xFF,0xBC,0xFF,0xBC,0xFF,0xBC,0xFF,
    0xBC,0xFF,0xBC,0xFF,0xBC,0xFF,0xBC,0xFF,0xBC,0xFF,0xBC,0xFF,0x9C,0xFF,0x9B,0xFF,
    0x9B,0xFF,0x7B,0xF7,0x7A,0xF7,0x7A,0xF7,0x5A,0xF7,0x5A,0xF7,0x59,0xF7,0x59,0xF7,
    0x59,0xF7,0x59,0xF7,0x39,0xF7,0x39,0xF7,0x39,0xF7,0x39,0xF7,0x39,0xF7,0x39,0xF7,
    0x39,0xF7,0x59,0xF7,0x39,0xF7,0x59,0xF7,0x39,0xF7,0x39,0xF7,0x39,0xF7,0x39,0xF7,
    0x39,0xF7,0x59,0xF7,0x59,0xF7,0x59,0xF7,0x39,0xF7,0xF7,0xEE,0xF8,0xEE,0xDE,0xFF,
    0xDE,0xFF,0xDE,0xFF,0x5A,0xF7,0x18,0xEF,0x7B,0xF7,0x9B,0xFF,0x9B,0xFF,0x9B,0xFF,
    0x9B,0xFF,0x9B,0xFF,0x9B,0xFF,0x9C,0xFF,0xBC,0xFF,0xBC,0xFF,0xBC,0xFF,0xBC,0xFF,
    0xBC,0xFF,0xBC,0xFF,0xBD,0xFF,0xBD,0xFF,0xBD,0xFF,0xDD,0xFF,0xBD,0xFF,0x9B,0xFF,
    0xBC,0xFF,0xBC,0xFF,0xBC,0xFF,0xBC,0xFF,0xBC,0xFF,0xBC,0xFF,0xBC,0xFF,0xBC,0xFF,
    0xBC,0xFF,0xBC,0xFF,0xBC,0xFF,0xBC,0xFF,0x9C,0xFF,0x9C,0xFF,0xBC,0xFF,0xBC,0xFF,
    0xBC,0xFF,0xBC,0xFF,0x9C,0xFF,0x9B,0xFF,0x9B,0xFF,0x9B,0xFF,0x9B,0xFF,0x9B,0xFF,
    0x9B,0xFF,0x9B,0xFF,0x7B,0xF7,0x7A,0xF7,0x7A,0xF7,0x7A,0xF7,0x7A,0xF7,0x7A,0xF7,
    0x59,0xF7,0x59,0xF7,0x59,0xF7,0x59,0xF7,0x59,0xF7,0x59,0xF7,0x59,0xF7,0x59,0xF7,
    0x59,0xF7,0x5A,0xF7,0x5A,0xF7,0x5A,0xF7,0x5A,0xF7,0x5A,0xF7,0x7A,0xF7,0x7A,0xF7,
    0x7A,0xF7,0x7A,0xF7,0x5A,0xF7,0x18,0xF7,0x7B,0xF7,0xDE,0xFF,0xDE,0xFF,0x39,0xEF,
    0xF7,0xEE,0x7A,0xF7,0x9B,0xFF,0x9B,0xFF,0x9B,0xFF,0x9B,0xFF,0x9B,0xFF,0x9B,0xFF,
    0x9C,0xFF,0x9C,0xFF,0x9C,0xFF,0xBC,0xFF,0xBC,0xFF,0xBC,0xFF,0xBC,0xFF,0xBC,0xFF,
    0xBD,0xFF,0xBD,0xFF,0xBD,0xFF,0xBD,0xFF,0x9B,0xF7,0xBC,0xFF,0xBC,0xFF,0xBC,0xFF,
    0xBC,0xFF,0xBC,0xFF,0xBC,0xFF,0xBC,0xFF,0xBC,0xFF,0xBC,0xFF,0xBC,0xFF,0x9C,0xFF,
    0x9C,0xFF,0x9C,0xFF,0x9C,0xFF,0x9C,0xFF,0x9B,0xFF,0x9B,0xFF,0x9B,0xFF,0x9B,0xFF,
    0x9B,0xFF,0x9B,0xFF,0x9B,0xFF,0x9B,0xFF,0x9B,0xFF,0x9B,0xFF,0x9B,0xFF,0x9B,0xFF,
    0x9B,0xFF,0x7A,0xFF,0x7A,0xFF,0x7A,0xFF,0x7A,0xF7,0x7A,0xF7,0x7A,0xF7,0x7A,0xF7,
    0x7A,0xF7,0x7A,0xF7,0x7A,0xF7,0x7A,0xF7,0x7A,0xF7,0x7A,0xF7,0x7A,0xF7,0x7A,0xFF,
    0x7A,0xF7,0x7A,0xF7,0x7A,0xF7,0x7A,0xF7,0x7A,0xF7,0x7A,0xF7,0x7A,0xF7,0x7A,0xF7,
    0x7A,0xF7,0x7A,0xF7,0xFF,0xFF,0xBD,0xFF,0xF7,0xEE,0x18,0xEF,0x7A,0xF7,0x9B,0xFF,
    0x9B,0xFF,0x9B,0xFF,0x9B,0xFF,0x9B,0xFF,0x9B,0xFF,0x9B,0xFF,0x9B,0xFF,0x9C,0xFF,
    0x9C,0xFF,0xBC,0xFF,0xBC,0xFF,0xBC,0xFF,0xBC,0xFF,0xBD,0xFF,0xBD,0xFF,0xBD,0xFF,
    0xBD,0xFF,0x9B,0xF7,0xBC,0xFF,0xBC,0xFF,0xBC,0xFF,0xBC,0xFF,0xBC,0xFF,0xBC,0xFF,
    0xBC,0xFF,0xBC,0xFF,0xBC,0xFF,0xBC,0xFF,0x9C,0xFF,0x9C,0xFF,0x9B,0xFF,0x9B,0xFF,
    0x9B,0xFF,0x9B,0xFF,0x9B,0xFF,0x9B,0xFF,0x9B,0xFF,0x9B,0xFF,0x9B,0xFF,0x9B,0xFF,
    0x9B,0xFF,0x9B,0xFF,0x9A,0xFF,0x9A,0xFF,0x7A,0xFF,0x9A,0xFF,0x7A,0xFF,0x7A,0xF7,
    0x7A,0xF7,0x7A,0xF7,0x7A,0xF7,0x7A,0xF7,0x7A,0xF7,0x7A,0xF7,0x7A,0xF7,0x7A,0xF7,
    0x7A,0xF7,0x7A,0xF7,0x7A,0xF7,0x7A,0xF7,0x7A,0xF7,0x7A,0xF7,0x7A,0xF7,0x7A,0xF7,
    0x7A,0xF7,0x7A,0xFF,0x7A,0xFF,0x7A,0xFF,0x7A,0xFF,0x7A,0xFF,0x7A,0xF7,0x9C,0xF7,
    0xF7,0xEE,0xF7,0xEE,0x39,0xF7,0x7A,0xF7,0x9B,0xFF,0x9B,0xFF,0x9B,0xFF,0x9B,0xFF,
    0x9B,0xFF,0x9B,0xFF,0x9B,0xFF,0x9B,0xFF,0x9C,0xFF,0x9C,0xFF,0xBC,0xFF,0xBC,0xFF,
    0xBC,0xFF,0xBC,0xFF,0xBC,0xFF,0xBD,0xFF,0xBD,0xFF,0xBD,0xFF,0x9B,0xF7,0xBC,0xFF,
    0xBC,0xFF,0xBC,0xFF,0xBC,0xFF,0xBC,0xFF,0xBC,0xFF,0xBD,0xFF,0xBD,0xFF,0xBC,0xFF,
    0x9C,0xFF,0x9C,0xFF,0x9B,0xFF,0x9B,0xFF,0x9B,0xFF,0x9B,0xFF,0x9B,0xFF,0x9B,0xFF,
    0x9B,0xFF,0x9B,0xFF,0x7B,0xFF,0x7A,0xFF,0x7A,0xFF,0x7A,0xFF,0x7A,0xFF,0x9A,0xFF,
    0x9A,0xFF,0x9A,0xFF,0xBB,0xFF,0x9A,0xFF,0x9A,0xFF,0x7A,0xFF,0x7A,0xFF,0x7A,0xFF,
    0x7A,0xFF,0x7A,0xF7,0x7A,0xF7,0x7A,0xF7,0x7A,0xF7,0x7A,0xF7,0x7A,0xF7,0x7A,0xF7,
    0x7A,0xF7,0x7A,0xF7,0x7A,0xF7,0x7A,0xF7,0x7A,0xF7,0x7A,0xF7,0x7A,0xF7,0x7A,0xFF,
    0x7A,0xFF,0x7A,0xFF,0x7A,0xFF,0x7A,0xFF,0x38,0xF7,0x18,0xEF,0x38,0xEF,0x59,0xF7,
    0x7A,0xF7,0x7A,0xF7,0x7B,0xFF,0x9B,0xFF,0x9B,0xFF,0x9B,0xFF,0x9B,0xFF,0x9B,0xFF,
    0x9B,0xFF,0x9B,0xFF,0x9C,0xFF,0xBC,0xFF,0xBC,0xFF,0xBC,0xFF,0xBC,0xFF,0xBC,0xFF,
    0xBD,0xFF,0xBD,0xFF,0xBD,0xFF,0x9B,0xF7,
};
const lv_image_dsc_t ui_img_environment_v3_speech = {
    .header = { .magic = LV_IMAGE_HEADER_MAGIC, .cf = LV_COLOR_FORMAT_RGB565,
                .flags = 0, .w = 77, .h = 36, .stride = 154, .reserved_2 = 0 },
    .data_size = sizeof(ui_img_environment_v3_speech_data), .data = ui_img_environment_v3_speech_data, .reserved = NULL,
};

static const LV_ATTRIBUTE_MEM_ALIGN uint8_t ui_img_environment_v3_character_data[] = {
    0x9B,0xF7,0x57,0xEF,0x35,0xE7,0x77,0xF7,0x98,0xFF,0x78,0xF7,0xBC,0xFF,0xBC,0xFF,
    0xBC,0xFF,0xBC,0xFF,0xBC,0xFF,0xBC,0xFF,0xBC,0xFF,0xBC,0xFF,0xBC,0xFF,0xBD,0xFF,
    0x9C,0xFF,0x59,0xEF,0x37,0xEF,0x79,0xF7,0xBC,0xFF,0x9B,0xFF,0x9B,0xFF,0x9B,0xFF,
    0x9B,0xFF,0x9B,0xFF,0x9B,0xFF,0x9B,0xFF,0x7A,0xFF,0x7A,0xF7,0x7A,0xFF,0x7A,0xFF,
    0x7A,0xFF,0x7A,0xFF,0x9A,0xFF,0x9A,0xFF,0xBA,0xFF,0xBA,0xFF,0xDB,0xFF,0xDB,0xFF,
    0xBA,0xFF,0xBA,0xFF,0x9A,0xFF,0x9A,0xFF,0x9A,0xFF,0x9A,0xFF,0x9A,0xFF,0x9A,0xFF,
    0x9A,0xFF,0x9A,0xFF,0x7A,0xFF,0x7A,0xFF,0x7A,0xFF,0x7A,0xFF,0x79,0xF7,0x79,0xF7,
    0x7A,0xF7,0x7A,0xF7,0x7A,0xF7,0x7A,0xF7,0x7A,0xF7,0x7A,0xF7,0x7A,0xFF,0x7A,0xFF,
    0x7A,0xF7,0x59,0xF7,0x59,0xF7,0x7A,0xF7,0x7A,0xF7,0x7A,0xF7,0x7A,0xF7,0x7A,0xF7,
    0x7B,0xF7,0x7B,0xF7,0x9B,0xFF,0x9B,0xFF,0x9B,0xFF,0x9B,0xFF,0x9B,0xFF,0x9C,0xFF,
    0xBC,0xFF,0xBC,0xFF,0xBC,0xFF,0xBD,0xFF,0xBD,0xFF,0xBD,0xFF,0xBD,0xFF,0x9B,0xF7,
    0x7A,0xF7,0xFD,0xFF,0x9A,0xF7,0xBC,0xFF,0x9C,0xFF,0x79,0xF7,0x36,0xEF,0x98,0xFF,
    0xBA,0xFF,0xBC,0xFF,0xBC,0xFF,0xBC,0xFF,0xBC,0xFF,0xBC,0xFF,0xBC,0xFF,0xBC,0xFF,
    0xBC,0xFF,0xBC,0xFF,0x15,0xE7,0x6F,0xCE,0x4D,0xC6,0xD3,0xDE,0x7B,0xF7,0x9B,0xFF,
    0x9B,0xFF,0x9B,0xFF,0x9B,0xFF,0x9B,0xFF,0x7B,0xFF,0x9B,0xFF,0x7A,0xFF,0x7A,0xFF,
    0x7A,0xFF,0x7A,0xFF,0x7A,0xFF,0x7A,0xFF,0x9A,0xFF,0x9A,0xFF,0xBA,0xFF,0xDA,0xFF,
    0xFB,0xFF,0xFD,0xFF,0xFD,0xFF,0xFC,0xFF,0xFD,0xFF,0xFE,0xFF,0xDE,0xFF,0xDE,0xFF,
    0xFE,0xFF,0xDE,0xFF,0xDE,0xFF,0xDD,0xFF,0xDD,0xFF,0xDD,0xFF,0xDD,0xFF,0xDD,0xFF,
    0xDD,0xFF,0xDD,0xFF,0xBC,0xFF,0xBB,0xFF,0x9B,0xFF,0x9A,0xFF,0x7A,0xFF,0x79,0xFF,
    0x79,0xF7,0x7A,0xF7,0x7A,0xFF,0x7A,0xF7,0x7A,0xF7,0x7A,0xF7,0x7A,0xF7,0x7A,0xF7,
    0x7A,0xF7,0x7A,0xF7,0x7A,0xF7,0x7A,0xF7,0x7A,0xF7,0x7B,0xF7,0x7B,0xFF,0x9B,0xF7,
    0x9B,0xFF,0x9B,0xFF,0x9C,0xFF,0x9C,0xFF,0xBC,0xFF,0xBC,0xFF,0xBC,0xFF,0xBD,0xFF,
    0xBD,0xFF,0xBC,0xFF,0x9B,0xF7,0x7A,0xF7,0xFE,0xFF,0xBB,0xFF,0xBC,0xFF,0xBC,0xFF,
    0xBC,0xFF,0x9B,0xFF,0x79,0xF7,0xBA,0xFF,0xDD,0xFF,0xBC,0xFF,0xBC,0xFF,0xBC,0xFF,
    0xBC,0xFF,0xBC,0xFF,0xBC,0xFF,0xBD,0xFF,0x56,0xEF,0x8F,0xCE,0x2D,0xC6,0x6E,0xC6,
    0xD4,0xDE,0x7B,0xF7,0x9B,0xFF,0x9B,0xFF,0x9B,0xFF,0x9B,0xFF,0x7A,0xFF,0x7A,0xFF,
    0x7A,0xFF,0x7A,0xFF,0x7A,0xFF,0x7A,0xFF,0x7A,0xFF,0x7A,0xFF,0x9A,0xFF,0x9A,0xFF,
    0xBA,0xFF,0xDC,0xFF,0xFE,0xFF,0xFF,0xFF,0xFF,0xFF,0xFF,0xFF,0xFD,0xFF,0xFD,0xFF,
    0xDC,0xFF,0xBB,0xFF,0x9B,0xFF,0x9A,0xFF,0x9A,0xFF,0x9A,0xFF,0x9A,0xFF,0x7A,0xFF,
    0x9A,0xFF,0x9A,0xFF,0x9A,0xFF,0x9B,0xFF,0xBB,0xFF,0xBC,0xFF,0xDD,0xFF,0xDD,0xFF,
    0xDD,0xFF,0xDD,0xFF,0xBC,0xFF,0xBB,0xFF,0x9A,0xFF,0x9A,0xFF,0x7A,0xFF,0x7A,0xFF,
    0x7A,0xFF,0x7A,0xF7,0x7A,0xF7,0x7A,0xF7,0x7A,0xF7,0x7A,0xF7,0x7A,0xF7,0x7A,0xF7,
    0x7A,0xF7,0x7B,0xF7,0x9B,0xFF,0x9B,0xFF,0x9B,0xFF,0x9B,0xFF,0xBC,0xFF,0xBC,0xFF,
    0xBC,0xFF,0xBC,0xFF,0xBC,0xFF,0xBD,0xFF,0xBC,0xFF,0x9B,0xF7,0x7A,0xF7,0xFD,0xFF,
    0x9B,0xFF,0xBC,0xFF,0xBC,0xFF,0xBC,0xFF,0xBC,0xFF,0x9B,0xFF,0x9A,0xFF,0xBC,0xFF,
    0xBC,0xFF,0xBC,0xFF,0xBC,0xFF,0xBC,0xFF,0xBC,0xFF,0xBC,0xFF,0x78,0xF7,0x13,0xE7,
    0xF2,0xDE,0x6F,0xCE,0x8F,0xCE,0xB3,0xDE,0x5A,0xF7,0x9B,0xFF,0x9B,0xFF,0x9B,0xFF,
    0x7A,0xFF,0x7A,0xFF,0x7A,0xFF,0x7A,0xFF,0x7A,0xFF,0x7A,0xFF,0x7A,0xFF,0x79,0xFF,
    0x9A,0xFF,0xBC,0xFF,0xDD,0xFF,0xFE,0xFF,0xFE,0xFF,0xFD,0xFF,0xFD,0xFF,0xFC,0xFF,
    0xFC,0xFF,0xDA,0xFF,0xBA,0xFF,0xBA,0xFF,0x9A,0xFF,0x9A,0xFF,0x9A,0xFF,0x9A,0xF7,
    0x9A,0xF7,0x7A,0xF7,0x7A,0xF7,0x7A,0xF7,0x7A,0xF7,0x7A,0xF7,0x7A,0xF7,0x79,0xF7,
    0x79,0xF7,0x79,0xF7,0x9A,0xFF,0x9A,0xFF,0xBC,0xFF,0xDD,0xFF,0xDE,0xFF,0xDD,0xFF,
    0xDC,0xFF,0xBA,0xFF,0xDA,0xFF,0xBA,0xFF,0x7A,0xFF,0x7A,0xF7,0x7A,0xF7,0x7A,0xF7,
    0x7A,0xF7,0x7A,0xF7,0x7A,0xF7,0x7A,0xF7,0x7A,0xF7,0x7A,0xF7,0x9B,0xFF,0x9B,0xFF,
    0x9B,0xFF,0x9C,0xFF,0xBC,0xFF,0xBC,0xFF,0xBC,0xFF,0xBC,0xFF,0xBD,0xFF,0xBC,0xFF,
    0x9B,0xF7,0x7A,0xF7,0xFD,0xFF,0x9A,0xF7,0xBC,0xFF,0xBC,0xFF,0xBC,0xFF,0xBC,0xFF,
    0xBC,0xFF,0x9B,0xFF,0xBC,0xFF,0xBC,0xFF,0xBC,0xFF,0xBC,0xFF,0xBC,0xFF,0xBD,0xFF,
    0x58,0xEF,0xB0,0xD6,0x8F,0xCE,0x6F,0xCE,0x8F,0xCE,0x8F,0xCE,0xF6,0xE6,0x5A,0xF7,
    0x7A,0xFF,0x7A,0xFF,0x7A,0xFF,0x7A,0xFF,0x7A,0xFF,0x7A,0xFF,0x7A,0xFF,0x79,0xFF,
    0x79,0xFF,0x9A,0xFF,0xDD,0xFF,0xFE,0xFF,0xDE,0xFF,0xBC,0xFF,0xBB,0xFF,0xBA,0xFF,
    0xBA,0xFF,0xDA,0xFF,0xDB,0xFF,0xDB,0xFF,0xBA,0xFF,0x9A,0xFF,0x9A,0xFF,0xBA,0xFF,
    0x9B,0xFF,0x9A,0xFF,0x9A,0xFF,0x9A,0xFF,0x9A,0xFF,0x9A,0xFF,0x9A,0xF7,0x7A,0xF7,
    0x7A,0xF7,0x7A,0xF7,0x7A,0xF7,0x7A,0xF7,0x7A,0xF7,0x79,0xF7,0x99,0xF7,0x9A,0xFF,
    0x9A,0xFF,0x9A,0xFF,0xBB,0xFF,0xDD,0xFF,0xFE,0xFF,0xFD,0xFF,0xDB,0xFF,0xBA,0xFF,
    0x9A,0xFF,0x7A,0xFF,0x79,0xF7,0x79,0xF7,0x7A,0xF7,0x7A,0xF7,0x7A,0xF7,0x7A,0xF7,
    0x7A,0xF7,0x9B,0xF7,0x9B,0xFF,0x9B,0xFF,0x9C,0xFF,0xBC,0xFF,0xBC,0xFF,0xBC,0xFF,
    0xBC,0xFF,0xBD,0xFF,0xBC,0xFF,0x9B,0xF7,0x7A,0xF7,0xFD,0xFF,0x9A,0xF7,0x9C,0xFF,
    0xBC,0xFF,0xBC,0xFF,0xBC,0xFF,0xBC,0xFF,0xBC,0xFF,0xBC,0xFF,0xBC,0xFF,0xBC,0xFF,
    0xBC,0xFF,0xBC,0xFF,0xBD,0xFF,0xD3,0xD6,0x6F,0xCE,0x4E,0xC6,0x0D,0xBE,0x2C,0xBE,
    0x71,0xCE,0x19,0xEF,0x5A,0xF7,0x7A,0xFF,0x7A,0xFF,0x7A,0xFF,0x7A,0xFF,0x7A,0xFF,
    0x79,0xFF,0x79,0xFF,0x9A,0xFF,0xDD,0xFF,0xDE,0xFF,0xDD,0xFF,0x9B,0xFF,0x9A,0xFF,
    0x9A,0xFF,0x9A,0xFF,0x9B,0xFF,0x9B,0xFF,0xBA,0xFF,0xBA,0xFF,0xBB,0xFF,0xBB,0xFF,
    0xBB,0xFF,0xBB,0xFF,0xBB,0xFF,0xBB,0xFF,0xDB,0xFF,0xBB,0xFF,0xBB,0xFF,0xBB,0xFF,
    0xBB,0xFF,0x9B,0xFF,0x9A,0xFF,0x9A,0xFF,0x9A,0xFF,0x9A,0xF7,0x9A,0xF7,0x9A,0xF7,
    0x9A,0xF7,0x9A,0xF7,0x7A,0xF7,0x9A,0xF7,0x99,0xF7,0x99,0xFF,0x99,0xFF,0xDB,0xFF,
    0xFD,0xFF,0xFF,0xFF,0xFE,0xFF,0xBB,0xFF,0x9A,0xFF,0x9A,0xFF,0x79,0xF7,0x79,0xF7,
    0x7A,0xF7,0x7A,0xF7,0x7A,0xF7,0x7A,0xF7,0x7A,0xF7,0x9B,0xFF,0x9B,0xFF,0x9B,0xFF,
    0xBC,0xFF,0xBC,0xFF,0xBC,0xFF,0xBC,0xFF,0xBD,0xFF,0xBC,0xFF,0x9B,0xF7,0x7A,0xF7,
    0xFD,0xFF,0x9A,0xF7,0x9B,0xFF,0xBC,0xFF,0xBC,0xFF,0xBC,0xFF,0xBC,0xFF,0xBC,0xFF,
    0xBC,0xFF,0xBC,0xFF,0xBC,0xFF,0xBC,0xFF,0xBD,0xFF,0x7B,0xF7,0x90,0xCE,0x6F,0xC6,
    0x0D,0xB6,0xEC,0xB5,0x2E,0xC6,0xD6,0xE6,0x39,0xF7,0x7A,0xFF,0x7A,0xFF,0x7A,0xFF,
    0x59,0xFF,0x59,0xFF,0x79,0xFF,0x9A,0xFF,0xDD,0xFF,0xDE,0xFF,0xBC,0xFF,0x7A,0xFF,
    0x79,0xFF,0x7A,0xFF,0x7A,0xFF,0x7A,0xFF,0x9A,0xFF,0x9B,0xFF,0xBB,0xFF,0xBB,0xFF,
    0xDB,0xFF,0xDC,0xFF,0xDC,0xFF,0xFC,0xFF,0xFC,0xFF,0xBB,0xFF,0x9B,0xFF,0x9B,0xFF,
    0x9B,0xFF,0x9C,0xFF,0xBC,0xFF,0xBC,0xFF,0xDC,0xFF,0xDC,0xFF,0xBB,0xFF,0xBB,0xFF,
    0x9B,0xFF,0x9B,0xFF,0x9A,0xFF,0x9A,0xFF,0x9A,0xF7,0x79,0xF7,0x79,0xF7,0x79,0xF7,
    0x9A,0xF7,0x9A,0xFF,0xBA,0xFF,0xBA,0xFF,0xBA,0xFF,0xDC,0xFF,0xFE,0xFF,0xDD,0xFF,
    0xBB,0xFF,0x9A,0xFF,0x7A,0xF7,0x79,0xF7,0x7A,0xF7,0x7A,0xF7,0x7A,0xF7,0x7A,0xF7,
    0x9B,0xF7,0x9B,0xFF,0x9B,0xFF,0x9C,0xFF,0xBC,0xFF,0xBC,0xFF,0xBC,0xFF,0xBC,0xFF,
    0xBC,0xFF,0x9B,0xF7,0x5A,0xF7,0xFD,0xFF,0xBB,0xFF,0x7B,0xF7,0xBC,0xFF,0xBC,0xFF,
    0xBC,0xFF,0xBC,0xFF,0x9C,0xFF,0xBC,0xFF,0xBC,0xFF,0xBC,0xFF,0xBC,0xFF,0xBD,0xFF,
    0x59,0xF7,0x4E,0xC6,0x0D,0xBE,0x30,0xC6,0x93,0xD6,0xF7,0xEE,0x38,0xF7,0x59,0xFF,
    0x7A,0xFF,0x7A,0xFF,0x7A,0xFF,0x59,0xFF,0x79,0xFF,0xBC,0xFF,0xDE,0xFF,0xBC,0xFF,
    0x79,0xFF,0x59,0xFF,0x7A,0xFF,0x7A,0xFF,0x9A,0xFF,0x9A,0xFF,0x9A,0xFF,0xBB,0xFF,
    0xDC,0xFF,0xFC,0xFF,0xDC,0xFF,0xBC,0xFF,0xBB,0xFF,0xBC,0xFF,0x5B,0xF7,0x1A,0xEF,
    0xF9,0xEE,0x39,0xF7,0x5A,0xF7,0x5A,0xF7,0x5A,0xF7,0x7A,0xF7,0x5A,0xF7,0x3A,0xF7,
    0x7B,0xFF,0xBB,0xFF,0xDC,0xFF,0xDC,0xFF,0xBB,0xFF,0x9B,0xFF,0x9B,0xFF,0x9A,0xFF,
    0x9A,0xF7,0x79,0xF7,0x79,0xF7,0x79,0xF7,0x79,0xF7,0x9A,0xFF,0x79,0xF7,0x79,0xF7,
    0x79,0xF7,0x9A,0xFF,0xDC,0xFF,0xFE,0xFF,0xDC,0xFF,0xBA,0xFF,0x9A,0xF7,0x7A,0xF7,
    0x7A,0xF7,0x7A,0xF7,0x7A,0xF7,0x9A,0xF7,0x9B,0xFF,0x9B,0xFF,0x9B,0xFF,0x9C,0xFF,
    0xBC,0xFF,0xBC,0xFF,0xBC,0xFF,0xBC,0xFF,0x9B,0xF7,0x7A,0xF7,0xFD,0xFF,0xBC,0xFF,
    0x7B,0xF7,0xBC,0xFF,0xBC,0xFF,0xBC,0xFF,0xBC,0xFF,0x9C,0xFF,0x9C,0xFF,0xBC,0xFF,
    0xBC,0xFF,0xBC,0xFF,0xBD,0xFF,0x59,0xEF,0x70,0xCE,0xF7,0xE6,0x39,0xEF,0x5A,0xF7,
    0x59,0xF7,0x59,0xFF,0x79,0xFF,0x79,0xFF,0x79,0xFF,0x79,0xFF,0xBB,0xFF,0xFE,0xFF,
    0xBC,0xFF,0x79,0xFF,0x59,0xFF,0x79,0xFF,0x7A,0xFF,0x7A,0xFF,0x7A,0xFF,0x9A,0xFF,
    0xBB,0xFF,0xDC,0xFF,0xBB,0xFF,0x5A,0xF7,0x1A,0xF7,0x1A,0xF7,0xF9,0xEE,0xD8,0xEE,
    0x76,0xE6,0x96,0xE6,0xD6,0xF6,0x16,0xF7,0xF7,0xF6,0xD2,0xE5,0x93,0xF6,0xD3,0xF6,
    0x72,0xEE,0xF7,0xF6,0x5B,0xFF,0x9D,0xFF,0x9D,0xFF,0x3B,0xF7,0x5A,0xF7,0xBB,0xFF,
    0xDC,0xFF,0xBB,0xFF,0x9B,0xFF,0x9A,0xFF,0x9A,0xF7,0x9A,0xF7,0x79,0xF7,0x79,0xF7,
    0x79,0xF7,0x79,0xF7,0x79,0xF7,0x79,0xF7,0x79,0xF7,0x79,0xF7,0xBB,0xFF,0xFE,0xFF,
    0xFE,0xFF,0xBB,0xFF,0x9A,0xFF,0x7A,0xF7,0x7A,0xF7,0x7A,0xF7,0x7A,0xF7,0x9B,0xFF,
    0x9B,0xFF,0x9B,0xFF,0x9B,0xFF,0x9C,0xFF,0xBC,0xFF,0xBC,0xFF,0xBC,0xFF,0x9B,0xF7,
    0x7A,0xF7,0xFD,0xFF,0x9A,0xF7,0x7A,0xF7,0xBC,0xFF,0xBC,0xFF,0xBC,0xFF,0xBC,0xFF,
    0x9C,0xFF,0x9C,0xFF,0x9C,0xFF,0x9C,0xFF,0x9B,0xFF,0xBC,0xFF,0x17,0xE7,0x38,0xEF,
    0x7B,0xFF,0x7A,0xF7,0x7A,0xF7,0x7A,0xFF,0x7A,0xFF,0x7A,0xFF,0x99,0xFF,0x99,0xFF,
    0xDD,0xFF,0xDE,0xFF,0x9A,0xFF,0x59,0xFF,0x59,0xFF,0x59,0xFF,0x7A,0xFF,0x7A,0xFF,
    0x7A,0xFF,0x9A,0xFF,0xBC,0xFF,0x9B,0xFF,0x19,0xEF,0xF9,0xEE,0x5A,0xF7,0x98,0xFF,
    0x36,0xF7,0x74,0xE6,0x91,0xD5,0xCE,0xBC,0xCE,0xC4,0x2B,0xBC,0x6C,0xC4,0xAA,0xAB,
    0xAA,0xAB,0xEA,0xB3,0xEA,0xB3,0x2B,0xC4,0x8C,0xCC,0x0E,0xD5,0x12,0xEE,0x38,0xFF,
    0xDD,0xFF,0x9D,0xFF,0x3B,0xF7,0x3A,0xF7,0xBB,0xFF,0xDC,0xFF,0xBB,0xFF,0xBB,0xFF,
    0x9A,0xFF,0x9A,0xF7,0x9A,0xF7,0x79,0xF7,0x79,0xF7,0x79,0xF7,0x79,0xF7,0x79,0xF7,
    0x79,0xF7,0x79,0xF7,0x9A,0xFF,0xDC,0xFF,0xFE,0xFF,0xDB,0xFF,0x9A,0xFF,0x9A,0xF7,
    0x7A,0xF7,0x7A,0xF7,0x9B,0xF7,0x9B,0xFF,0x9B,0xFF,0x9B,0xFF,0x9C,0xFF,0xBC,0xFF,
    0xBC,0xFF,0xBC,0xFF,0x9B,0xF7,0x7A,0xF7,0xFD,0xFF,0x9A,0xF7,0x7A,0xF7,0xBC,0xFF,
    0xBC,0xFF,0xBC,0xFF,0xBC,0xFF,0x9C,0xFF,0x9C,0xFF,0x9B,0xFF,0x9B,0xFF,0x9B,0xFF,
    0x9B,0xFF,0x7A,0xF7,0x7B,0xF7,0x9B,0xFF,0x9B,0xFF,0x7A,0xFF,0x7A,0xFF,0x79,0xFF,
    0x99,0xFF,0xDB,0xFF,0xFE,0xFF,0xBD,0xFF,0x79,0xFF,0x59,0xFF,0x59,0xFF,0x59,0xFF,
    0x7A,0xFF,0x7A,0xFF,0x7A,0xFF,0xBB,0xFF,0xBB,0xFF,0xF8,0xEE,0xD9,0xE6,0x7D,0xF7,
    0x7B,0xFF,0x95,0xE6,0x4F,0xCD,0xAD,0xBC,0xAE,0xC4,0x6D,0xBC,0xCB,0xAB,0x6A,0x9B,
    0x4A,0x93,0xC8,0x7A,0x87,0x72,0xC8,0x82,0x09,0x8B,0xEC,0xA3,0x2C,0xAC,0xEC,0xAB,
    0xAB,0xA3,0xEB,0xAB,0xAD,0xCC,0xB1,0xE5,0x39,0xF7,0xFF,0xFF,0xBE,0xFF,0xFA,0xF6,
    0x3A,0xF7,0xDC,0xFF,0xDC,0xFF,0xBB,0xFF,0xBB,0xFF,0x9A,0xF7,0x79,0xF7,0x79,0xF7,
    0x79,0xF7,0x79,0xF7,0x79,0xF7,0x79,0xF7,0x79,0xF7,0x79,0xF7,0x99,0xFF,0xBB,0xFF,
    0xFE,0xFF,0xDC,0xFF,0xBA,0xFF,0x9A,0xF7,0x9A,0xFF,0x9B,0xFF,0x9B,0xFF,0x9B,0xFF,
    0x9B,0xFF,0x9B,0xFF,0x9C,0xFF,0xBC,0xFF,0xBC,0xFF,0x7B,0xF7,0x7A,0xF7,0xFD,0xFF,
    0x9A,0xF7,0x9B,0xFF,0xBC,0xFF,0xBC,0xFF,0xBC,0xFF,0x9C,0xFF,0x9B,0xFF,0x9B,0xFF,
    0x9B,0xFF,0x9B,0xFF,0x9B,0xFF,0x9B,0xFF,0x9B,0xFF,0x9B,0xFF,0x7A,0xFF,0x7A,0xFF,
    0x7A,0xFF,0x7A,0xFF,0x79,0xFF,0xBC,0xFF,0xFF,0xFF,0xDB,0xFF,0x79,0xFF,0x59,0xFF,
    0x59,0xFF,0x59,0xFF,0x7A,0xFF,0x7A,0xFF,0x7A,0xFF,0xBC,0xFF,0x5A,0xF7,0xB8,0xE6,
    0x3C,0xF7,0x19,0xF7,0x91,0xD5,0x6D,0xBC,0x0C,0xAC,0x8B,0x9B,0x6A,0x9B,0x29,0x8B,
    0x8B,0x9B,0x4E,0xAC,0xCB,0x9B,0x6A,0x93,0x29,0x8B,0xC8,0x7A,0x87,0x72,0xE9,0x82,
    0x6B,0x93,0xCB,0xA3,0xCB,0xA3,0xAB,0xA3,0xCB,0xA3,0x0C,0xB4,0x0C,0xB4,0x6C,0xCC,
    0xB0,0xED,0x39,0xFF,0xFF,0xFF,0x7D,0xFF,0x1A,0xF7,0x9B,0xFF,0xDC,0xFF,0xBB,0xFF,
    0x9A,0xFF,0x9A,0xF7,0x79,0xF7,0x79,0xF7,0x79,0xF7,0x59,0xF7,0x79,0xF7,0x79,0xF7,
    0x79,0xF7,0x79,0xF7,0x99,0xF7,0xBA,0xFF,0xFE,0xFF,0xDD,0xFF,0xBB,0xFF,0xBB,0xFF,
    0x9A,0xFF,0x9A,0xF7,0x9B,0xFF,0x9B,0xFF,0x9B,0xFF,0x9B,0xFF,0xBC,0xFF,0xBC,0xFF,
    0x7B,0xF7,0x7A,0xF7,0xFD,0xFF,0x79,0xF7,0xBC,0xFF,0xBC,0xFF,0xBC,0xFF,0x9C,0xFF,
    0x9C,0xFF,0x9B,0xFF,0x9B,0xFF,0x9B,0xFF,0x9B,0xFF,0x9B,0xFF,0x7B,0xFF,0x7A,0xFF,
    0x7A,0xFF,0x7A,0xFF,0x7A,0xFF,0x9A,0xFF,0x79,0xFF,0xDD,0xFF,0xDD,0xFF,0x99,0xFF,
    0xB9,0xFF,0x99,0xFF,0x59,0xFF,0x7A,0xFF,0x7A,0xFF,0x7A,0xFF,0x9B,0xFF,0xDC,0xFF,
    0xF8,0xEE,0xF9,0xEE,0x7C,0xF7,0xF3,0xDD,0xEA,0xAB,0x8B,0x9B,0xAC,0x9B,0xCC,0x9B,
    0xAB,0x9B,0x8B,0x9B,0x8B,0x9B,0x6B,0x93,0x4A,0x93,0x4A,0x8B,0x29,0x8B,0x4A,0x93,
    0x8B,0x9B,0x4A,0x8B,0x4A,0x8B,0x29,0x83,0x46,0x6A,0x26,0x6A,0x66,0x6A,0x09,0x83,
    0x2D,0xB4,0x2D,0xB4,0xCB,0xAB,0xEB,0xB3,0xCD,0xD4,0x75,0xF6,0xBD,0xFF,0xDF,0xFF,
    0x1B,0xF7,0x5A,0xFF,0xFC,0xFF,0xBB,0xFF,0x9A,0xFF,0x9A,0xF7,0x79,0xF7,0x79,0xF7,
    0x79,0xF7,0x79,0xF7,0x78,0xF7,0x79,0xF7,0x79,0xF7,0x79,0xF7,0x99,0xF7,0xBA,0xFF,
    0xFE,0xFF,0xFE,0xFF,0xDB,0xFF,0xBB,0xFF,0x9A,0xFF,0x9A,0xF7,0x9B,0xF7,0x9B,0xFF,
    0x9B,0xFF,0x9C,0xFF,0x9C,0xFF,0x7A,0xF7,0x5A,0xF7,0xFD,0xFF,0x79,0xF7,0x9C,0xFF,
    0x9C,0xFF,0x9C,0xFF,0x9C,0xFF,0x9B,0xFF,0x9B,0xFF,0x9B,0xFF,0x9B,0xFF,0x9B,0xFF,
    0x9B,0xFF,0x7A,0xFF,0x7A,0xFF,0x7A,0xFF,0x7A,0xFF,0x7A,0xFF,0x9A,0xFF,0xDE,0xFF,
    0xBD,0xFF,0x59,0xFF,0x79,0xFF,0x99,0xFF,0x9A,0xFF,0x7A,0xFF,0x7A,0xFF,0x7A,0xFF,
    0x9B,0xFF,0xDC,0xFF,0xB8,0xE6,0xFA,0xEE,0x3A,0xF7,0x10,0xCD,0x2D,0xB4,0x6E,0xB4,
    0x8B,0x9B,0x4A,0x8B,0x2A,0x8B,0x8B,0x93,0x8B,0x9B,0x6B,0x93,0x8B,0x9B,0x6A,0x93,
    0x46,0x6A,0x63,0x49,0x43,0x41,0x06,0x62,0x4A,0x93,0x6A,0x93,0xE5,0x59,0xE4,0x59,
    0x46,0x6A,0xE5,0x59,0x63,0x49,0xE5,0x59,0x8A,0x9B,0xCB,0xAB,0x8B,0xA3,0xAB,0xA3,
    0x6D,0xC4,0xB5,0xF6,0xDD,0xFF,0xFF,0xFF,0x5C,0xF7,0x3A,0xF7,0xDC,0xFF,0xBB,0xFF,
    0x9A,0xFF,0x9A,0xF7,0x79,0xF7,0x79,0xF7,0x79,0xF7,0x78,0xF7,0x78,0xF7,0x59,0xF7,
    0x79,0xF7,0x79,0xF7,0xBA,0xFF,0xDB,0xFF,0xFE,0xFF,0xFE,0xFF,0xDB,0xFF,0xBB,0xFF,
    0x9B,0xFF,0x9B,0xFF,0x9B,0xFF,0x9B,0xFF,0x9C,0xFF,0x9B,0xFF,0x7A,0xF7,0x5A,0xF7,
    0xFD,0xFF,0x79,0xF7,0x9C,0xFF,0x9C,0xFF,0x9C,0xFF,0x9B,0xFF,0x9B,0xFF,0x9B,0xFF,
    0x9B,0xFF,0x7B,0xFF,0x7A,0xFF,0x7A,0xFF,0x7A,0xFF,0x7A,0xFF,0x7A,0xFF,0x7A,0xFF,
    0x9A,0xFF,0xFE,0xFF,0xBC,0xFF,0x59,0xFF,0x59,0xFF,0x59,0xFF,0x59,0xFF,0x9A,0xFF,
    0x9A,0xFF,0x9B,0xFF,0x9B,0xFF,0xDC,0xFF,0x97,0xE6,0x3C,0xEF,0x3A,0xF7,0xCE,0xCC,
    0xEC,0xA3,0xED,0xA3,0xEC,0xA3,0x4A,0x8B,0x09,0x83,0x2A,0x8B,0x29,0x8B,0x4A,0x8B,
    0x8B,0x93,0x6A,0x93,0xC4,0x59,0x43,0x41,0xC4,0x51,0x46,0x6A,0xC8,0x7A,0x29,0x83,
    0x6B,0x93,0x6A,0x93,0x29,0x8B,0x6A,0x93,0x6A,0x93,0x29,0x8B,0x67,0x72,0xE4,0x61,
    0xC8,0x82,0xAB,0xA3,0xCB,0xA3,0x2D,0xBC,0x0F,0xD5,0xF5,0xFE,0xBC,0xFF,0xFF,0xFF,
    0x7D,0xFF,0x1A,0xF7,0xDC,0xFF,0xBB,0xFF,0x9A,0xF7,0x9A,0xF7,0x79,0xF7,0x79,0xF7,
    0x79,0xF7,0x79,0xF7,0x79,0xF7,0x58,0xF7,0x79,0xF7,0x99,0xFF,0xBA,0xFF,0xDB,0xFF,
    0xFE,0xFF,0xFE,0xFF,0xDB,0xFF,0x9B,0xFF,0x9B,0xFF,0x9B,0xFF,0x9B,0xFF,0x9B,0xFF,
    0x9B,0xFF,0x7A,0xF7,0x5A,0xF7,0xFD,0xFF,0x79,0xEF,0x9C,0xFF,0x9C,0xFF,0x9B,0xFF,
    0x9B,0xFF,0x9B,0xFF,0x9B,0xFF,0x7A,0xFF,0x7A,0xFF,0x7A,0xF7,0x7A,0xFF,0x7A,0xFF,
    0x7A,0xFF,0x7A,0xFF,0x9A,0xFF,0xDE,0xFF,0xBC,0xFF,0x59,0xFF,0x59,0xFF,0x59,0xFF,
    0x59,0xFF,0x7A,0xFF,0x7A,0xFF,0x9B,0xFF,0x9B,0xFF,0xDC,0xFF,0xB8,0xE6,0x5C,0xEF,
    0xBB,0xFF,0xD2,0xE5,0xEC,0xA3,0x6B,0x93,0xAB,0x9B,0x6B,0x93,0x2A,0x8B,0x6A,0x93,
    0x09,0x83,0xE9,0x82,0x09,0x83,0x2A,0x8B,0x84,0x49,0xC4,0x51,0x2A,0x8B,0xCC,0xA3,
    0x8B,0x9B,0x6A,0x93,0x2A,0x8B,0x6A,0x93,0x2A,0x8B,0xE9,0x82,0xE9,0x82,0x29,0x8B,
    0x4A,0x93,0x29,0x8B,0x49,0x93,0xA7,0x7A,0xC8,0x7A,0xCC,0xA3,0x4D,0xBC,0x2C,0xB4,
    0xD2,0xE5,0xF6,0xFE,0x99,0xFF,0xFD,0xFF,0x7C,0xFF,0x3A,0xF7,0xDB,0xFF,0xBB,0xFF,
    0x9A,0xF7,0x9A,0xF7,0x79,0xF7,0x79,0xF7,0x79,0xF7,0x58,0xF7,0x58,0xF7,0x79,0xF7,
    0x79,0xF7,0x99,0xF7,0xBA,0xFF,0xDB,0xFF,0xFE,0xFF,0xFD,0xFF,0xBB,0xFF,0x9B,0xFF,
    0x9B,0xFF,0x9B,0xFF,0x9B,0xFF,0x9B,0xFF,0x7A,0xF7,0x5A,0xF7,0xFD,0xFF,0x78,0xEF,
    0x9C,0xFF,0x9B,0xFF,0x9B,0xFF,0x9B,0xFF,0x9B,0xF7,0x7A,0xFF,0x7A,0xF7,0x7A,0xF7,
    0x7A,0xF7,0x5A,0xF7,0x5A,0xFF,0x7A,0xFF,0x9A,0xFF,0xFE,0xFF,0xBC,0xFF,0x59,0xFF,
    0x59,0xFF,0x59,0xFF,0x5A,0xFF,0x7A,0xFF,0x7A,0xFF,0x9B,0xFF,0x9B,0xFF,0xFD,0xFF,
    0xB8,0xE6,0x1A,0xEF,0x18,0xF7,0xD2,0xE5,0x31,0xCD,0x8B,0x9B,0x8B,0x9B,0x6B,0x93,
    0x29,0x8B,0x6A,0x93,0x4A,0x93,0x2A,0x8B,0x09,0x83,0x4A,0x8B,0xA4,0x49,0xA4,0x51,
    0xC8,0x7A,0x8B,0x9B,0x4A,0x8B,0x09,0x83,0xC8,0x7A,0x09,0x8B,0x29,0x8B,0xC8,0x7A,
    0xC8,0x7A,0xE9,0x82,0x29,0x8B,0x09,0x83,0x2A,0x8B,0x8B,0x9B,0xEC,0xAB,0x8A,0x9B,
    0x09,0x8B,0xCB,0xA3,0xCC,0xAB,0xCF,0xC4,0x54,0xF6,0xB5,0xFE,0x78,0xFF,0xFD,0xFF,
    0x7C,0xFF,0x5A,0xFF,0xDB,0xFF,0x9A,0xFF,0x9A,0xF7,0x9A,0xF7,0x79,0xF7,0x79,0xF7,
    0x79,0xF7,0x58,0xF7,0x58,0xF7,0x59,0xF7,0x79,0xF7,0x79,0xF7,0x9A,0xFF,0xBB,0xFF,
    0xFF,0xFF,0xDC,0xFF,0xBB,0xFF,0x9B,0xFF,0x9B,0xF7,0x9B,0xF7,0x9B,0xFF,0x7A,0xF7,
    0x59,0xF7,0xFD,0xFF,0x58,0xEF,0x9B,0xFF,0x9B,0xFF,0x9B,0xFF,0x7B,0xFF,0x7A,0xFF,
    0x7A,0xFF,0x7A,0xF7,0x7A,0xF7,0x59,0xF7,0x59,0xF7,0x79,0xFF,0x79,0xFF,0xDD,0xFF,
    0xDD,0xFF,0x59,0xFF,0x59,0xFF,0x59,0xFF,0x7A,0xFF,0x7A,0xFF,0x7A,0xFF,0x7B,0xFF,
    0x9B,0xFF,0xDC,0xFF,0x1A,0xEF,0xB8,0xDE,0xB6,0xEE,0xEE,0xD4,0x71,0xD5,0x11,0xCD,
    0xCC,0xA3,0x6B,0x93,0x8B,0x93,0x6A,0x93,0x4A,0x93,0x4A,0x93,0x2A,0x8B,0x6B,0x93,
    0x87,0x6A,0xE5,0x51,0x0A,0x8B,0x09,0x83,0xE9,0x7A,0xE8,0x82,0xC8,0x7A,0x87,0x72,
    0xC8,0x7A,0xE8,0x82,0x09,0x83,0xE9,0x82,0x09,0x83,0x6A,0x93,0x8B,0x93,0x29,0x8B,
    0x8B,0x9B,0xCB,0xA3,0xEC,0xAB,0xEC,0xA3,0x8B,0x9B,0xAB,0xA3,0xCF,0xC4,0x34,0xF6,
    0x13,0xF6,0x52,0xF6,0xF5,0xFE,0xFD,0xFF,0x5A,0xF7,0x9B,0xFF,0xDB,0xFF,0x9A,0xFF,
    0x9A,0xF7,0x9A,0xF7,0x99,0xF7,0x79,0xF7,0x58,0xF7,0x58,0xF7,0x58,0xF7,0x58,0xF7,
    0x79,0xF7,0x99,0xF7,0x99,0xFF,0xDC,0xFF,0xFE,0xFF,0xDB,0xFF,0xBB,0xFF,0x7A,0xF7,
    0x9B,0xFF,0x9B,0xFF,0x7A,0xF7,0x59,0xEF,0xDD,0xFF,0x58,0xEF,0x9B,0xFF,0x9B,0xFF,
    0x7A,0xF7,0x7A,0xFF,0x7A,0xFF,0x7A,0xF7,0x5A,0xF7,0x59,0xF7,0x59,0xF7,0x59,0xF7,
    0x79,0xFF,0xDC,0xFF,0xDE,0xFF,0x79,0xFF,0x59,0xFF,0x5A,0xF7,0x7A,0xF7,0x7A,0xF7,
    0x7A,0xFF,0x7A,0xFF,0x9B,0xFF,0x9B,0xFF,0x9B,0xFF,0xD8,0xE6,0x96,0xE6,0x8E,0xC4,
    0x51,0xD5,0x30,0xCD,0x51,0xD5,0xAF,0xBC,0x2D,0xAC,0xCC,0xA3,0x2A,0x8B,0x29,0x8B,
    0x4A,0x93,0x4A,0x93,0x09,0x83,0x26,0x62,0x6B,0x93,0x6B,0x93,0x2A,0x83,0x2A,0x8B,
    0x6A,0x93,0x09,0x83,0xE8,0x7A,0x4A,0x8B,0x29,0x8B,0x6A,0x93,0x29,0x8B,0x6B,0x93,
    0x8B,0x9B,0xAB,0x9B,0x8B,0x9B,0x8B,0x93,0xCB,0xA3,0xCB,0xA3,0xEC,0xA3,0xCB,0xA3,
    0xEC,0xA3,0x72,0xD5,0x14,0xEE,0x34,0xF6,0x91,0xE5,0x90,0xE5,0xF5,0xF6,0xFC,0xFF,
    0x1A,0xF7,0xBB,0xFF,0xBB,0xFF,0xBA,0xFF,0x9A,0xFF,0x79,0xF7,0x79,0xF7,0x58,0xF7,
    0x58,0xF7,0x58,0xF7,0x58,0xF7,0x79,0xF7,0x79,0xF7,0x79,0xF7,0xBA,0xFF,0xDD,0xFF,
    0xFE,0xFF,0xDC,0xFF,0xBB,0xFF,0x9B,0xFF,0x9B,0xF7,0x5A,0xF7,0x59,0xEF,0xDD,0xFF,
    0x58,0xEF,0x9B,0xFF,0x9B,0xFF,0x7A,0xFF,0x7A,0xF7,0x7A,0xF7,0x7A,0xF7,0x59,0xF7,
    0x59,0xF7,0x59,0xF7,0x79,0xFF,0xBB,0xFF,0xFE,0xFF,0x7A,0xFF,0x59,0xFF,0x59,0xFF,
    0x5A,0xF7,0x7A,0xF7,0x7A,0xF7,0x7A,0xFF,0x9B,0xFF,0x9B,0xFF,0xDC,0xFF,0xFA,0xE6,
    0xB7,0xE6,0x4D,0xB4,0xCF,0xC4,0xCC,0xA3,0x0D,0xAC,0x8F,0xBC,0x2E,0xB4,0x0D,0xAC,
    0x6E,0xBC,0xCC,0xA3,0x6A,0x93,0x29,0x8B,0x8A,0x9B,0x67,0x6A,0x09,0x83,0x8B,0x9B,
    0x6B,0x93,0x4A,0x8B,0x6B,0x93,0x8B,0x93,0x4A,0x8B,0x4A,0x8B,0x8B,0x9B,0x8B,0x93,
    0x8B,0x9B,0x8B,0x9B,0xAB,0x9B,0xAB,0x9B,0x8B,0x9B,0xAB,0x9B,0x8B,0x9B,0xAB,0x9B,
    0xAB,0x9B,0x8B,0x9B,0x6A,0x93,0x0C,0xAC,0x50,0xD5,0xB2,0xDD,0x10,0xCD,0xEC,0xB3,
    0xAE,0xCC,0xEE,0xDC,0x37,0xF7,0xDC,0xFF,0x19,0xF7,0xDB,0xFF,0xBA,0xFF,0x9A,0xF7,
    0x79,0xF7,0x79,0xF7,0x79,0xF7,0x58,0xF7,0x58,0xF7,0x58,0xF7,0x79,0xF7,0x79,0xF7,
    0x79,0xF7,0x9A,0xF7,0xDB,0xFF,0xFF,0xFF,0xFE,0xFF,0xDB,0xFF,0x9B,0xFF,0x7B,0xF7,
    0x59,0xF7,0x39,0xEF,0xDC,0xFF,0x58,0xEF,0x9B,0xFF,0x9B,0xFF,0x7A,0xFF,0x7A,0xF7,
    0x7A,0xF7,0x7A,0xF7,0x59,0xF7,0x59,0xF7,0x79,0xFF,0x9A,0xFF,0xFE,0xFF,0x9B,0xFF,
    0x59,0xFF,0x59,0xF7,0x59,0xF7,0x7A,0xF7,0x7A,0xF7,0x7A,0xF7,0x7B,0xFF,0x9B,0xFF,
    0xDC,0xFF,0x9C,0xF7,0x96,0xDE,0x6D,0xB4,0xCC,0xA3,0xEC,0xA3,0x4B,0x8B,0x2A,0x8B,
    0x4D,0x9C,0x4F,0xB5,0x6D,0xAC,0x2D,0xB4,0xAF,0xBC,0xEC,0xA3,0x6A,0x93,0x6A,0x93,
    0xC8,0x7A,0x6A,0x93,0x4A,0x93,0x6A,0x93,0x6A,0x93,0x6B,0x93,0x6B,0x93,0x4A,0x8B,
    0x4A,0x93,0xAB,0x9B,0x8B,0x93,0x8B,0x93,0xAB,0x9B,0xAB,0x9B,0xAB,0x9B,0x8B,0x9B,
    0x8B,0x9B,0x8B,0x9B,0x6A,0x93,0x8A,0x9B,0x4A,0x93,0x8B,0x9B,0xEF,0xCC,0x2C,0xAC,
    0x8E,0xBC,0xCB,0xA3,0xCB,0xAB,0xCB,0xAB,0x6D,0xC4,0xEE,0xD4,0x98,0xFF,0xBA,0xFF,
    0xBB,0xFF,0xBB,0xFF,0xBA,0xFF,0x9A,0xF7,0x79,0xF7,0x79,0xF7,0x79,0xF7,0x58,0xF7,
    0x78,0xF7,0x79,0xF7,0x79,0xF7,0x79,0xF7,0x9A,0xF7,0xDB,0xFF,0xDC,0xFF,0xFE,0xFF,
    0xBB,0xFF,0x9B,0xFF,0x7A,0xF7,0x59,0xF7,0x59,0xEF,0xDC,0xFF,0x58,0xEF,0x9B,0xFF,
    0x7A,0xFF,0x7A,0xFF,0x7A,0xFF,0x7A,0xF7,0x59,0xF7,0x59,0xF7,0x59,0xF7,0x9A,0xFF,
    0xDE,0xFF,0xBC,0xFF,0x79,0xFF,0x59,0xF7,0x59,0xF7,0x59,0xF7,0x7A,0xF7,0x7A,0xF7,
    0x7B,0xF7,0x9B,0xFF,0xBC,0xFF,0xFD,0xFF,0xB8,0xDE,0x8E,0xB4,0x8B,0x93,0x4E,0xA4,
    0x6B,0x93,0x4B,0x93,0x4C,0x9C,0xF0,0xCE,0xEF,0xCE,0x8F,0xC6,0x0C,0x9C,0x6E,0xB4,
    0x6E,0xBC,0x0D,0xAC,0x4A,0x8B,0x8B,0x9B,0x4A,0x93,0x4A,0x93,0x4A,0x8B,0x6A,0x93,
    0x6A,0x93,0x6B,0x93,0x4A,0x8B,0x4A,0x8B,0x8B,0x9B,0x8B,0x93,0x8B,0x93,0x8B,0x9B,
    0x8B,0x9B,0x8B,0x9B,0x8B,0x9B,0x6A,0x9B,0x8B,0x9B,0x6A,0x93,0x8B,0x9B,0x8B,0x9B,
    0xCF,0xC4,0x71,0xDD,0x6D,0xBC,0xAB,0x9B,0xEC,0xAB,0xCC,0xA3,0xCB,0xA3,0x0C,0xAC,
    0x4D,0xBC,0x4F,0xD5,0xD7,0xFF,0x9A,0xFF,0xDC,0xFF,0xBB,0xFF,0x9A,0xFF,0x9A,0xF7,
    0x79,0xF7,0x79,0xF7,0x79,0xF7,0x79,0xF7,0x79,0xF7,0x79,0xF7,0x79,0xF7,0x79,0xF7,
    0x9A,0xF7,0x99,0xFF,0xDC,0xFF,0xDD,0xFF,0x9B,0xFF,0x7B,0xFF,0x59,0xF7,0x59,0xEF,
    0xDC,0xFF,0x57,0xEF,0x9B,0xFF,0x7A,0xFF,0x7A,0xF7,0x7A,0xF7,0x59,0xF7,0x59,0xF7,
    0x59,0xF7,0x79,0xFF,0xBC,0xFF,0xDE,0xFF,0x79,0xFF,0x59,0xFF,0x59,0xF7,0x59,0xF7,
    0x7A,0xF7,0x7A,0xF7,0x7A,0xF7,0x9B,0xFF,0x9C,0xFF,0xDC,0xFF,0xBC,0xF7,0x11,0xBD,
    0x4B,0x9C,0x8E,0xBE,0xD0,0xCE,0x0E,0xAD,0x2A,0x93,0xED,0xB5,0xEF,0xCE,0x8E,0xC6,
    0xAE,0xC6,0x6E,0xC6,0xAD,0xAD,0xEC,0xA3,0x6B,0x93,0x2A,0x8B,0xEC,0xA3,0x29,0x8B,
    0x29,0x8B,0x2A,0x8B,0x4A,0x93,0x4A,0x93,0x6B,0x93,0x4A,0x8B,0x4A,0x8B,0x8B,0x9B,
    0x6A,0x93,0x6A,0x93,0x8B,0x9B,0x8B,0x9B,0x6B,0x93,0x6A,0x93,0x6A,0x93,0xAB,0x9B,
    0x0D,0xAC,0xEC,0xA3,0xF0,0xCC,0x10,0xCD,0x6E,0xB4,0xAB,0x9B,0xAB,0x9B,0x8A,0x9B,
    0xCC,0xA3,0xCB,0xA3,0xAB,0xA3,0xCC,0xA3,0xAA,0xAB,0x53,0xE6,0xD5,0xF6,0x39,0xF7,
    0xBA,0xFF,0xBA,0xFF,0x9A,0xF7,0x99,0xF7,0x79,0xF7,0x79,0xF7,0x79,0xF7,0x79,0xF7,
    0x59,0xF7,0x79,0xF7,0x79,0xF7,0x7A,0xF7,0x9A,0xF7,0x9A,0xFF,0xDD,0xFF,0xBB,0xFF,
    0x9B,0xFF,0x59,0xF7,0x59,0xF7,0xBC,0xF7,0x16,0xE7,0x7B,0xFF,0x7A,0xF7,0x7A,0xF7,
    0x5A,0xF7,0x59,0xF7,0x59,0xF7,0x79,0xFF,0x9A,0xFF,0xFE,0xFF,0x7A,0xFF,0x59,0xFF,
    0x7A,0xF7,0x7A,0xFF,0x7A,0xF7,0x7A,0xF7,0x7A,0xF7,0x7B,0xF7,0x9B,0xFF,0xBC,0xFF,
    0xFD,0xFF,0xD9,0xDE,0x8C,0x9B,0x8D,0xAD,0xED,0xC6,0x8D,0xBE,0xAE,0xC6,0x48,0x7B,
    0x0C,0xB6,0xAE,0xC6,0x8E,0xC6,0x8E,0xC6,0x8E,0xC6,0xEF,0xCE,0xAC,0xA4,0xA8,0x82,
    0xEC,0xA3,0x8E,0xBC,0xAB,0x9B,0x6B,0x93,0x2A,0x8B,0x4A,0x8B,0x4A,0x93,0x6A,0x93,
    0x2A,0x8B,0x09,0x83,0x6B,0x93,0x4A,0x93,0x6A,0x93,0x6B,0x93,0x6A,0x93,0x6A,0x93,
    0x2A,0x8B,0xCC,0xA3,0x2D,0xAC,0xEF,0xCC,0x09,0x83,0x6E,0xBC,0x4D,0xB4,0x6B,0x93,
    0x6A,0x93,0x6A,0x93,0x4A,0x93,0xAB,0x9B,0x8B,0x9B,0x6A,0x9B,0x6A,0x93,0x8B,0x9B,
    0x2C,0xBC,0xD5,0xF6,0x34,0xE6,0x59,0xFF,0x9A,0xFF,0xBB,0xFF,0x9A,0xF7,0x79,0xF7,
    0x79,0xF7,0x79,0xF7,0x79,0xF7,0x79,0xF7,0x79,0xF7,0x79,0xF7,0x7A,0xF7,0x7A,0xF7,
    0x7A,0xF7,0xBC,0xFF,0xDD,0xFF,0x9A,0xFF,0x7A,0xF7,0x59,0xF7,0xDC,0xF7,0x16,0xDF,
    0x7A,0xF7,0x7A,0xF7,0x7A,0xF7,0x59,0xF7,0x59,0xF7,0x79,0xF7,0x9A,0xFF,0xDD,0xFF,
    0xBD,0xFF,0x59,0xFF,0x59,0xF7,0x7A,0xF7,0x7A,0xF7,0x7A,0xF7,0x7A,0xF7,0x7A,0xF7,
    0x9B,0xFF,0xBC,0xFF,0xDC,0xFF,0xFE,0xFF,0x33,0xB5,0x2E,0xB5,0x6E,0xBE,0xAE,0xC6,
    0x6D,0xBE,0xAD,0xC6,0x08,0x74,0xCB,0xAD,0xAE,0xC6,0x8E,0xC6,0x8E,0xC6,0x6E,0xC6,
    0xEE,0xCE,0xA8,0x7B,0x88,0x7A,0x4D,0xB4,0x8F,0xBC,0x2D,0xAC,0x2D,0xAC,0xCC,0xA3,
    0x0A,0x8B,0x6A,0x93,0xAB,0x9B,0x2A,0x8B,0xC8,0x7A,0x6A,0x93,0x2A,0x8B,0x6A,0x93,
    0x6A,0x93,0x2A,0x8B,0x2A,0x8B,0xAB,0x9B,0x6E,0xB4,0x0D,0xAC,0xAE,0xC4,0x29,0x8B,
    0xC8,0x7A,0xAB,0x9B,0x6A,0x93,0x6A,0x93,0x6A,0x93,0x6A,0x93,0x8B,0x9B,0x4A,0x93,
    0x6A,0x93,0x4A,0x93,0x8B,0x93,0xAA,0xA3,0x50,0xCD,0x74,0xEE,0xB8,0xEE,0x39,0xF7,
    0xBB,0xFF,0xBA,0xFF,0x9A,0xF7,0x79,0xF7,0x79,0xF7,0x79,0xF7,0x79,0xF7,0x7A,0xF7,
    0x79,0xF7,0x79,0xF7,0x7A,0xF7,0x7A,0xF7,0x9A,0xF7,0xDD,0xFF,0xBB,0xFF,0x7A,0xF7,
    0x59,0xF7,0xDC,0xFF,0x16,0xDF,0x7A,0xF7,0x7A,0xF7,0x7A,0xF7,0x59,0xF7,0x59,0xF7,
    0x7A,0xFF,0xBB,0xFF,0xFE,0xFF,0x7A,0xFF,0x59,0xF7,0x59,0xF7,0x79,0xF7,0x7A,0xF7,
    0x7A,0xF7,0x7A,0xF7,0x9B,0xFF,0x9B,0xFF,0xBC,0xFF,0xFE,0xFF,0x5D,0xEF,0xCE,0x9C,
    0xEF,0xCE,0x8D,0xC6,0xAE,0xC6,0x4C,0xB6,0x0B,0xAE,0x49,0x9D,0xCB,0xAD,0x2C,0xB6,
    0x2D,0xB6,0x8E,0xC6,0x0E,0xCF,0x8B,0xA5,0x83,0x41,0xC9,0x82,0x4A,0x8B,0x8B,0x93,
    0x8B,0x9B,0x8F,0xBC,0xCF,0xC4,0x4D,0xB4,0x2D,0xAC,0x8F,0xBC,0x8B,0x9B,0x87,0x72,
    0x4E,0xB4,0xCC,0x9B,0x8B,0x9B,0x0C,0xAC,0xAC,0x9B,0x2D,0xB4,0xCF,0xC4,0xAF,0xBC,
    0xEC,0xA3,0x8B,0x93,0x4A,0x93,0x87,0x72,0x8A,0x9B,0x6A,0x93,0x6A,0x93,0x6A,0x93,
    0x6A,0x93,0x4A,0x8B,0x09,0x8B,0x4A,0x8B,0x6A,0x93,0x4A,0x93,0xAB,0x9B,0xCA,0xAB,
    0xB1,0xDD,0x56,0xE6,0x3A,0xF7,0x18,0xF7,0xDB,0xFF,0x9A,0xF7,0x9A,0xF7,0x79,0xF7,
    0x79,0xF7,0x79,0xF7,0x79,0xF7,0x79,0xF7,0x79,0xF7,0x79,0xF7,0x7A,0xF7,0x7A,0xF7,
    0xBB,0xFF,0xDC,0xFF,0x9A,0xFF,0x39,0xEF,0xDC,0xFF,0x78,0xE7,0x7A,0xF7,0x7A,0xF7,
    0x59,0xF7,0x59,0xF7,0x79,0xF7,0x7A,0xFF,0xDE,0xFF,0xBC,0xFF,0x59,0xFF,0x59,0xF7,
    0x59,0xF7,0x79,0xF7,0x7A,0xF7,0x7A,0xF7,0x9B,0xFF,0xBC,0xFF,0xFD,0xFF,0xDD,0xFF,
    0xFF,0xFF,0x39,0xD6,0x8B,0x9C,0xAE,0xC6,0x6D,0xBE,0x6D,0xBE,0x2C,0xB6,0xCA,0xA5,
    0x89,0x9D,0x48,0x95,0xAA,0x9D,0xEB,0xAD,0xCB,0xAD,0x28,0x7C,0x63,0x41,0xC5,0x51,
    0x09,0x83,0x09,0x83,0xE9,0x7A,0x09,0x83,0xCC,0xA3,0x0C,0xA4,0x8E,0xBC,0x2D,0xAC,
    0x8E,0xBC,0x8A,0x93,0x06,0x62,0x6E,0xB4,0xCF,0xC4,0x4E,0xB4,0x6E,0xB4,0x2D,0xAC,
    0xAF,0xBC,0xAF,0xC4,0xAC,0x9B,0x6A,0x93,0x09,0x83,0x6A,0x93,0x47,0x6A,0xC8,0x82,
    0x8B,0x93,0x4A,0x8B,0x6A,0x93,0x4A,0x93,0x29,0x8B,0xE9,0x82,0x29,0x8B,0x6A,0x93,
    0x6A,0x93,0x4A,0x93,0x6A,0x9B,0x2C,0xAC,0xF3,0xDD,0x7C,0xF7,0xF8,0xEE,0x9A,0xF7,
    0xBB,0xFF,0x9A,0xF7,0x99,0xF7,0x79,0xF7,0x79,0xF7,0x79,0xF7,0x79,0xF7,0x79,0xF7,
    0x79,0xF7,0x7A,0xF7,0x7A,0xF7,0x9A,0xF7,0xDC,0xFF,0x9B,0xFF,0x59,0xF7,0x7B,0xF7,
    0xFD,0xFF,0x7A,0xF7,0x59,0xF7,0x59,0xF7,0x59,0xF7,0x79,0xFF,0x9B,0xFF,0xFE,0xFF,
    0x7A,0xFF,0x59,0xF7,0x59,0xF7,0x59,0xF7,0x79,0xF7,0x7A,0xF7,0x9A,0xF7,0xBB,0xFF,
    0xDC,0xFF,0x7B,0xEF,0xD7,0xDE,0xF7,0xDE,0x6F,0xB5,0x26,0x73,0x8B,0xA5,0xAD,0xC6,
    0xAE,0xC6,0x8E,0xC6,0x0C,0xAE,0x2D,0xB6,0x8F,0xC6,0x28,0x8D,0x29,0x95,0x89,0x84,
    0x87,0x6B,0xE7,0x6A,0x06,0x62,0xC9,0x7A,0x09,0x83,0xE9,0x82,0xE9,0x82,0xE9,0x82,
    0xE9,0x82,0x6A,0x93,0xAB,0x9B,0xEC,0xA3,0x29,0x8B,0x84,0x49,0x8A,0x93,0x8B,0x93,
    0xAB,0x9B,0xEC,0xA3,0x0D,0xAC,0x0C,0xAC,0x8B,0x93,0xE9,0x82,0x09,0x83,0x09,0x8B,
    0x4A,0x93,0xA8,0x72,0xE5,0x59,0x4A,0x8B,0x2A,0x8B,0x6A,0x93,0x6A,0x93,0x29,0x8B,
    0xC8,0x7A,0x2A,0x8B,0x6A,0x93,0x6A,0x93,0x29,0x8B,0x6A,0x93,0x29,0x93,0x30,0xCD,
    0x19,0xEF,0x9C,0xF7,0xD6,0xEE,0xDB,0xFF,0x9A,0xF7,0x9A,0xF7,0x79,0xF7,0x79,0xF7,
    0x79,0xF7,0x79,0xF7,0x79,0xF7,0x79,0xF7,0x7A,0xF7,0x7A,0xF7,0x79,0xF7,0xBC,0xFF,
    0xBC,0xFF,0x7A,0xF7,0x59,0xEF,0xFE,0xFF,0x7A,0xF7,0x59,0xF7,0x59,0xF7,0x59,0xF7,
    0x79,0xFF,0xDD,0xFF,0xBC,0xFF,0x59,0xFF,0x59,0xF7,0x59,0xF7,0x79,0xF7,0x79,0xF7,
    0x7A,0xF7,0x9A,0xF7,0xBB,0xFF,0xDD,0xFF,0x72,0xC6,0x56,0xE7,0xB8,0xF7,0xB8,0xEF,
    0x52,0xC6,0x0C,0x9D,0x4C,0x9D,0xEB,0x94,0x8B,0xA5,0x89,0x9D,0x2D,0xB6,0xCF,0xCE,
    0x08,0x8D,0xEB,0xAD,0x8E,0xC6,0xEE,0xC6,0xAD,0xBE,0x6B,0x8C,0xA8,0x7A,0x09,0x83,
    0xE9,0x82,0x09,0x83,0x09,0x83,0x29,0x8B,0x09,0x83,0x29,0x83,0x29,0x8B,0xC8,0x7A,
    0x46,0x6A,0x29,0x8B,0x29,0x8B,0x09,0x8B,0x4A,0x93,0x6A,0x93,0x2A,0x8B,0xE9,0x82,
    0x29,0x8B,0x09,0x83,0xE9,0x82,0x29,0x8B,0x09,0x83,0x08,0x8B,0xC9,0x7A,0x8B,0x93,
    0x4A,0x93,0x6A,0x93,0x4A,0x93,0xA8,0x7A,0x09,0x8B,0x4A,0x8B,0x2A,0x8B,0x09,0x83,
    0x4A,0x8B,0x8B,0x9B,0xCB,0xA3,0x75,0xE6,0xDD,0xFF,0xB6,0xEE,0x99,0xFF,0xBB,0xFF,
    0x9A,0xF7,0x79,0xF7,0x79,0xF7,0x79,0xF7,0x79,0xF7,0x79,0xF7,0x79,0xF7,0x79,0xF7,
    0x7A,0xF7,0x7A,0xF7,0x9A,0xF7,0xDD,0xFF,0x9B,0xFF,0x39,0xF7,0x7A,0xF7,0x5A,0xF7,
    0x7A,0xF7,0x7A,0xF7,0x59,0xF7,0x9A,0xFF,0xDE,0xFF,0x7A,0xFF,0x59,0xF7,0x59,0xF7,
    0x79,0xF7,0x79,0xF7,0x79,0xF7,0x7A,0xF7,0x9A,0xF7,0xDC,0xFF,0x39,0xEF,0x94,0xCE,
    0xFD,0xFF,0xBA,0xF7,0x98,0xF7,0x94,0xD6,0xD2,0xBD,0x90,0xB5,0x0E,0xB6,0x2C,0xB6,
    0xEB,0xAD,0x69,0x9D,0x08,0x8D,0x8A,0x9D,0xAA,0xA5,0x2D,0xB6,0x4D,0xBE,0x6D,0xBE,
    0x6D,0xB6,0x29,0x7B,0xE9,0x82,0xA8,0x7A,0x09,0x83,0x09,0x83,0x09,0x8B,0x09,0x83,
    0x09,0x83,0x29,0x8B,0xA8,0x7A,0x8A,0xA3,0x4A,0x8B,0x2A,0x8B,0x29,0x8B,0xE9,0x82,
    0x09,0x83,0xE9,0x82,0x29,0x8B,0x29,0x8B,0x29,0x8B,0xC8,0x7A,0xE9,0x82,0xA8,0x72,
    0x4D,0xC4,0x4A,0x93,0xAB,0x9B,0x6A,0x93,0x4A,0x93,0x8B,0x9B,0xA7,0x72,0xC8,0x7A,
    0x6A,0x93,0x29,0x83,0x09,0x8B,0x29,0x8B,0xCC,0xA3,0xE8,0x8A,0xAD,0xBC,0xBB,0xF7,
    0x19,0xEF,0xD7,0xEE,0xDB,0xFF,0x9A,0xF7,0x99,0xF7,0x79,0xF7,0x79,0xF7,0x79,0xF7,
    0x79,0xF7,0x79,0xF7,0x7A,0xF7,0x7A,0xF7,0x7A,0xF7,0x7A,0xF7,0xBC,0xFF,0x9B,0xFF,
    0x5A,0xF7,0x38,0xEF,0x59,0xF7,0x7A,0xFF,0x9A,0xFF,0x9A,0xFF,0xDD,0xFF,0xBD,0xFF,
    0x59,0xF7,0x59,0xF7,0x59,0xF7,0x79,0xF7,0x79,0xF7,0x79,0xF7,0x7A,0xF7,0x9A,0xF7,
    0xDC,0xFF,0xD8,0xDE,0x8D,0xAD,0x33,0xDF,0x54,0xE7,0x11,0xDF,0x4B,0xA5,0x0B,0x95,
    0xCE,0xC6,0xAE,0xC6,0x2B,0xAE,0xEB,0xAD,0x2D,0xB6,0x29,0x95,0xEB,0xAD,0x4D,0xBE,
    0x8E,0xC6,0x6E,0xBE,0x8D,0xBE,0x8D,0xBE,0x28,0x7B,0xC9,0x82,0xA8,0x72,0x09,0x83,
    0x09,0x83,0x09,0x83,0xE9,0x7A,0x09,0x83,0x4A,0x8B,0xC8,0x7A,0xAE,0xCC,0x6A,0x93,
    0x09,0x8B,0x2A,0x8B,0xE9,0x82,0xE9,0x82,0x09,0x8B,0x29,0x8B,0x4A,0x8B,0x4A,0x8B,
    0xC8,0x7A,0xC8,0x7A,0xA8,0x7A,0xB4,0xD5,0x10,0xD5,0x2A,0x8B,0x4A,0x8B,0x29,0x8B,
    0x8B,0x93,0xE8,0x82,0x87,0x72,0x6B,0x93,0x2A,0x8B,0x09,0x83,0xE9,0x82,0x8B,0x9B,
    0x09,0x83,0xE8,0x8A,0xD7,0xE6,0x9C,0xF7,0x34,0xDE,0xDB,0xFF,0x9A,0xF7,0x9A,0xF7,
    0x79,0xF7,0x79,0xF7,0x79,0xF7,0x79,0xF7,0x79,0xF7,0x79,0xF7,0x7A,0xF7,0x7A,0xF7,
    0x7A,0xF7,0x9B,0xFF,0xBC,0xFF,0x7A,0xF7,0x5A,0xF7,0x59,0xF7,0x9A,0xFF,0xDD,0xFF,
    0xDB,0xFF,0xFE,0xFF,0x9A,0xFF,0x59,0xF7,0x59,0xF7,0x59,0xF7,0x59,0xF7,0x79,0xF7,
    0x79,0xF7,0x7A,0xF7,0x9A,0xFF,0xDC,0xFF,0x7B,0xEF,0x6C,0xA5,0xF2,0xDE,0x78,0xEF,
    0xBA,0xF7,0x95,0xD6,0xAC,0xA5,0x6C,0xBE,0x6D,0xBE,0x4D,0xBE,0x4C,0xB6,0x6D,0xBE,
    0x89,0x84,0xCC,0xAD,0x8D,0xBE,0x8E,0xC6,0x8E,0xBE,0x0D,0xB6,0xC8,0x73,0x67,0x72,
    0x09,0x83,0xA8,0x7A,0xE9,0x82,0x09,0x83,0x09,0x83,0xC8,0x7A,0x29,0x8B,0x4A,0x8B,
    0x09,0x8B,0xD2,0xED,0xCB,0xA3,0x09,0x83,0x2A,0x8B,0x2A,0x8B,0x09,0x8B,0x29,0x8B,
    0x4A,0x93,0x4A,0x93,0x4A,0x93,0xE9,0x82,0x29,0x8B,0x08,0x8B,0x17,0xCE,0x15,0xE6,
    0x09,0x8B,0x29,0x8B,0x29,0x8B,0x8B,0x9B,0x4A,0x93,0x67,0x72,0x6A,0x93,0x4A,0x8B,
    0xC8,0x7A,0x87,0x72,0x2A,0x8B,0x8B,0x93,0xC8,0x7A,0x10,0xC5,0x9C,0xF7,0xD3,0xCD,
    0xBB,0xFF,0xBA,0xF7,0x9A,0xF7,0x79,0xF7,0x79,0xF7,0x79,0xF7,0x79,0xF7,0x79,0xF7,
    0x79,0xF7,0x7A,0xF7,0x7A,0xF7,0x7A,0xF7,0x9A,0xF7,0xDC,0xFF,0x7B,0xF7,0x7A,0xF7,
    0x59,0xF7,0x9A,0xFF,0xFC,0xFF,0xFD,0xFF,0xFE,0xFF,0x9A,0xFF,0x79,0xF7,0x59,0xF7,
    0x79,0xF7,0x79,0xF7,0x79,0xF7,0x79,0xF7,0x7A,0xF7,0x9A,0xFF,0xBB,0xFF,0xDE,0xFF,
    0x53,0xC6,0x59,0xEF,0xBD,0xFF,0xF6,0xDE,0x6E,0xA5,0xA9,0x8C,0x6C,0xBE,0x6C,0xBE,
    0x6D,0xBE,0x4C,0xB6,0x8C,0xBE,0x26,0x63,0xCA,0x94,0xCE,0xC6,0x0C,0xB6,0xCE,0xC6,
    0x87,0x73,0x43,0x49,0x09,0x83,0xA8,0x72,0xC8,0x7A,0x09,0x83,0x2A,0x8B,0x09,0x83,
    0xA8,0x72,0x4A,0x93,0xE9,0x82,0xCB,0xA3,0x5A,0xFF,0x6D,0xBC,0x29,0x8B,0x4A,0x93,
    0x29,0x8B,0x29,0x8B,0x4A,0x93,0x4A,0x93,0x4A,0x93,0x6A,0x93,0x29,0x8B,0x6A,0x93,
    0x29,0x8B,0x73,0xBD,0x36,0xCE,0xEC,0xA3,0xE9,0x82,0x29,0x8B,0x6A,0x9B,0x6A,0x9B,
    0x46,0x6A,0x29,0x8B,0x2A,0x8B,0xA8,0x7A,0x67,0x6A,0x29,0x8B,0xCC,0xA3,0x6B,0x8B,
    0x49,0x93,0x97,0xE6,0x93,0xCD,0xBB,0xFF,0xBB,0xFF,0x9A,0xF7,0x7A,0xF7,0x79,0xF7,
    0x79,0xF7,0x79,0xF7,0x79,0xF7,0x79,0xF7,0x7A,0xF7,0x7A,0xF7,0x9A,0xF7,0x7A,0xF7,
    0xBC,0xFF,0x9B,0xFF,0x5A,0xF7,0x7A,0xF7,0x7A,0xFF,0x9A,0xFF,0xFE,0xFF,0xDD,0xFF,
    0x9A,0xFF,0x79,0xF7,0x79,0xF7,0x79,0xF7,0x79,0xF7,0x79,0xF7,0x79,0xF7,0x7A,0xF7,
    0x9A,0xF7,0xBB,0xFF,0xFD,0xFF,0x97,0xD6,0x30,0xC6,0xAC,0xAD,0x4A,0x9D,0xA5,0x6B,
    0x05,0x5B,0xCB,0x94,0x6A,0xA5,0x6C,0xBE,0x4C,0xB6,0xAD,0xBE,0x65,0x52,0xE4,0x49,
    0x6C,0xB6,0xCD,0xC6,0x6D,0xBE,0x07,0x73,0x29,0x8B,0x09,0x83,0x46,0x6A,0xA8,0x7A,
    0x29,0x8B,0x4A,0x8B,0x09,0x83,0xA7,0x72,0x4A,0x93,0x67,0x6A,0xCC,0x9B,0x58,0xD6,
    0x31,0xCD,0x6A,0x9B,0x6A,0x9B,0x09,0x8B,0x29,0x93,0x6A,0x93,0x8B,0x9B,0x6A,0x93,
    0x6A,0x93,0xE8,0x82,0x4A,0x93,0x6A,0x93,0xB8,0xEE,0xFD,0xFF,0xD7,0xFE,0xCB,0xA3,
    0x09,0x83,0x09,0x83,0x4A,0x93,0x05,0x62,0xE9,0x82,0x29,0x8B,0xE9,0x82,0x87,0x72,
    0x2A,0x8B,0x4A,0x93,0xEC,0x9B,0x6A,0x8B,0x6D,0xB4,0x10,0xBD,0xDC,0xFF,0xBB,0xFF,
    0x9A,0xF7,0x7A,0xF7,0x79,0xF7,0x79,0xF7,0x79,0xF7,0x79,0xF7,0x79,0xF7,0x7A,0xF7,
    0x7A,0xF7,0x9A,0xF7,0x7A,0xF7,0xBB,0xFF,0xBC,0xFF,0x7A,0xF7,0x59,0xF7,0x79,0xF7,
    0x9A,0xFF,0xFE,0xFF,0x9B,0xFF,0x79,0xF7,0x79,0xF7,0x7A,0xF7,0x79,0xF7,0x79,0xF7,
    0x79,0xF7,0x7A,0xF7,0x7A,0xF7,0x9A,0xF7,0xBB,0xFF,0xFD,0xFF,0xFA,0xDE,0x88,0x84,
    0xCB,0x94,0x27,0x6B,0xA3,0x52,0x2F,0xAD,0x4C,0x94,0x88,0x8C,0x6C,0xBE,0x8D,0xBE,
    0x0A,0x95,0x63,0x49,0xC2,0x30,0xC3,0x41,0xC7,0x7B,0x45,0x52,0x26,0x62,0x8B,0x93,
    0x09,0x83,0x46,0x6A,0xC8,0x7A,0x29,0x8B,0x6A,0x93,0xC8,0x7A,0xA8,0x7A,0x09,0x83,
    0xA7,0x7A,0xB3,0xDD,0x3B,0xEF,0x15,0xE6,0xAB,0xA3,0xAB,0x9B,0xC8,0x7A,0x29,0x8B,
    0x8B,0x9B,0xAB,0x9B,0x8B,0x9B,0xAB,0xA3,0x67,0x72,0x29,0x8B,0xED,0xA3,0x1A,0xEF,
    0x9C,0xFF,0x9C,0xFF,0x31,0xD5,0x09,0x83,0xA8,0x7A,0x29,0x8B,0xA4,0x51,0xC8,0x7A,
    0x4A,0x93,0x4A,0x8B,0xA8,0x7A,0x09,0x83,0xE9,0x82,0x6B,0x93,0xF1,0xAC,0x8A,0x9B,
    0x93,0xCD,0xFD,0xFF,0x9A,0xF7,0x9A,0xF7,0x9A,0xF7,0x7A,0xF7,0x79,0xF7,0x79,0xF7,
    0x79,0xF7,0x79,0xF7,0x7A,0xF7,0x7A,0xF7,0x7A,0xF7,0x7A,0xF7,0x9B,0xF7,0xBC,0xFF,
    0x7B,0xF7,0x59,0xF7,0x79,0xF7,0x9B,0xFF,0xDE,0xFF,0x9A,0xFF,0x7A,0xF7,0x7A,0xF7,
    0x7A,0xF7,0x79,0xF7,0x79,0xF7,0x79,0xF7,0x7A,0xF7,0x9A,0xF7,0x9B,0xFF,0xBB,0xFF,
    0xDC,0xFF,0xFE,0xFF,0x1A,0xE7,0x18,0xCE,0xA4,0x52,0x11,0xBE,0xB3,0xC5,0x8B,0x94,
    0x46,0x63,0x0C,0x9D,0x8C,0xA5,0x44,0x52,0x63,0x49,0x83,0x49,0x84,0x51,0xA5,0x59,
    0x26,0x6A,0x2A,0x8B,0x4A,0x8B,0xC8,0x7A,0x46,0x6A,0xE9,0x82,0x4A,0x8B,0x29,0x8B,
    0x06,0x62,0x29,0x8B,0x4A,0x8B,0x2C,0xB4,0x7A,0xFF,0xBC,0xFF,0x18,0xFF,0xEC,0xAB,
    0x6A,0x93,0xC8,0x82,0x4A,0x93,0xCB,0xA3,0xCB,0xA3,0xEC,0xA3,0x0C,0xAC,0x67,0x72,
    0x8A,0x9B,0x8F,0xB4,0x9D,0xFF,0x9C,0xFF,0xBC,0xFF,0x96,0xF6,0xAB,0x9B,0x49,0x93,
    0x09,0x83,0xC4,0x51,0xA7,0x72,0x6A,0x93,0x4A,0x8B,0xA8,0x72,0x09,0x83,0xE9,0x82,
    0x29,0x8B,0xF1,0xAC,0x6A,0x8B,0x35,0xDE,0xFC,0xFF,0x9A,0xF7,0x9A,0xF7,0x9A,0xF7,
    0x7A,0xF7,0x79,0xF7,0x79,0xF7,0x79,0xF7,0x7A,0xF7,0x7A,0xF7,0x7A,0xF7,0x7A,0xF7,
    0x7A,0xF7,0x9A,0xF7,0xBC,0xFF,0x9B,0xFF,0x79,0xF7,0x79,0xFF,0xBC,0xFF,0xBD,0xFF,
    0x79,0xF7,0x7A,0xF7,0x79,0xF7,0x79,0xF7,0x7A,0xF7,0x7A,0xF7,0x7A,0xF7,0x7A,0xF7,
    0x9A,0xF7,0xBB,0xFF,0xBB,0xFF,0xDC,0xFF,0xDC,0xFF,0xFF,0xFF,0x14,0xBE,0xAE,0xAD,
    0xB8,0xDE,0x77,0xDE,0xCA,0x94,0x6A,0x84,0x2E,0xA5,0x6F,0xAD,0x04,0x42,0x64,0x49,
    0xE5,0x51,0x67,0x6A,0x6A,0x93,0x6A,0x93,0x4A,0x8B,0x4A,0x8B,0xE8,0x7A,0x26,0x62,
    0x09,0x83,0x29,0x8B,0xE9,0x82,0x47,0x6A,0x8B,0x9B,0x4A,0x93,0x55,0xEE,0xBD,0xFF,
    0x7B,0xFF,0x7B,0xFF,0xEF,0xCC,0x29,0x8B,0xE8,0x82,0xAB,0xA3,0x0C,0xAC,0xEC,0xAB,
    0x0C,0xAC,0xCC,0xA3,0xCB,0xA3,0x2D,0xB4,0x73,0xC5,0xBC,0xFF,0x5A,0xFF,0x9C,0xFF,
    0x9B,0xFF,0x2D,0xB4,0xEC,0xAB,0x6A,0x93,0xE5,0x61,0x87,0x72,0x4A,0x8B,0x09,0x83,
    0x67,0x6A,0x09,0x83,0x09,0x83,0x8B,0x93,0x4A,0x8B,0xAB,0x8B,0xF0,0xBC,0xFC,0xFF,
    0xBB,0xFF,0x9A,0xF7,0x9A,0xF7,0x7A,0xF7,0x7A,0xF7,0x79,0xF7,0x7A,0xF7,0x7A,0xF7,
    0x7A,0xF7,0x7A,0xF7,0x7A,0xF7,0x7A,0xF7,0x7A,0xF7,0xDC,0xFF,0xBC,0xFF,0x7A,0xF7,
    0x7A,0xFF,0xDE,0xFF,0xBC,0xFF,0x79,0xF7,0x7A,0xF7,0x79,0xF7,0x79,0xF7,0x79,0xF7,
    0x7A,0xF7,0x7A,0xF7,0x9A,0xF7,0xBB,0xFF,0xBB,0xFF,0xBB,0xFF,0xDB,0xFF,0xFD,0xFF,
    0x96,0xCE,0xED,0xB5,0xBB,0xFF,0xB8,0xE6,0xB6,0xDE,0xA4,0x6B,0x12,0xC6,0x12,0xC6,
    0xF1,0xBD,0xC3,0x39,0x06,0x62,0xE5,0x59,0x06,0x5A,0x09,0x8B,0x29,0x8B,0x4A,0x8B,
    0x6A,0x93,0xE9,0x82,0x05,0x62,0xE9,0x82,0x29,0x8B,0x09,0x83,0x6A,0x93,0x4A,0x8B,
    0x6E,0xB4,0xBC,0xFF,0x9C,0xFF,0x7B,0xFF,0x9C,0xFF,0x76,0xF6,0x8A,0x9B,0xE8,0x82,
    0x0C,0xB4,0x2D,0xB4,0x2D,0xB4,0xEC,0xAB,0xCB,0xA3,0xAE,0xC4,0x6E,0xB4,0x57,0xE6,
    0x39,0xFF,0x19,0xFF,0xF9,0xF6,0x35,0xDE,0x31,0xCD,0x31,0xC5,0xAE,0xC4,0xE5,0x61,
    0x67,0x72,0x09,0x83,0xE9,0x7A,0x46,0x62,0x09,0x83,0x29,0x8B,0x29,0x8B,0x11,0xB5,
    0x1B,0xE7,0xEB,0x9B,0x9B,0xF7,0xDC,0xFF,0x9B,0xF7,0x9A,0xF7,0x7A,0xF7,0x7A,0xF7,
    0x79,0xF7,0x7A,0xF7,0x7A,0xF7,0x7A,0xF7,0x7A,0xF7,0x7A,0xF7,0x7A,0xF7,0x9A,0xF7,
    0xBC,0xFF,0xBC,0xFF,0x7A,0xF7,0x9B,0xFF,0xFE,0xFF,0x9B,0xFF,0x7A,0xF7,0x79,0xF7,
    0x79,0xF7,0x79,0xF7,0x7A,0xF7,0x7A,0xF7,0x9A,0xF7,0x9A,0xF7,0xBB,0xFF,0xBB,0xFF,
    0xDC,0xFF,0xFD,0xFF,0x3A,0xE7,0x2E,0xB6,0xDB,0xF7,0x5A,0xF7,0xDC,0xFF,0x6D,0x9D,
    0xE4,0x52,0xBA,0xF7,0x59,0xEF,0x16,0xDF,0x23,0x4A,0xC9,0x7A,0x46,0x6A,0x06,0x62,
    0xE9,0x82,0x29,0x8B,0x09,0x83,0x4A,0x8B,0xE8,0x82,0x26,0x6A,0x4A,0x93,0x09,0x8B,
    0xCB,0xA3,0xAB,0x9B,0x8A,0x9B,0xD7,0xF6,0x7B,0xFF,0x3A,0xFF,0x9C,0xFF,0xBD,0xFF,
    0x9B,0xFF,0x8E,0xBC,0x09,0x8B,0x6D,0xBC,0x6E,0xBC,0x4D,0xB4,0xCB,0xA3,0x30,0xCD,
    0x10,0xCD,0xAF,0xBC,0x9C,0xFF,0xB4,0xD5,0x2A,0x83,0x64,0x41,0xA1,0x28,0x4B,0x83,
    0x94,0xC5,0x55,0xF6,0xE5,0x61,0x46,0x62,0xE9,0x82,0xA8,0x72,0x46,0x62,0x4A,0x8B,
    0x29,0x8B,0xE8,0x7A,0x32,0xBD,0xDE,0xFF,0xEC,0x9B,0x3A,0xEF,0xDC,0xFF,0x9B,0xF7,
    0x9A,0xF7,0x7A,0xF7,0x7A,0xF7,0x7A,0xF7,0x7A,0xF7,0x7A,0xF7,0x7A,0xF7,0x7A,0xF7,
    0x7A,0xF7,0x7A,0xF7,0x9A,0xF7,0xBB,0xF7,0xBC,0xFF,0x7A,0xF7,0xBC,0xFF,0xFE,0xFF,
    0x9B,0xFF,0x7A,0xF7,0x79,0xF7,0x79,0xF7,0x79,0xF7,0x7A,0xF7,0x7A,0xF7,0x9A,0xF7,
    0x9B,0xF7,0xBB,0xFF,0xBB,0xFF,0xFD,0xFF,0xDE,0xFF,0x51,0xC6,0x98,0xEF,0xFF,0xFF,
    0xBE,0xFF,0x98,0xE7,0x83,0x4A,0x4A,0x84,0xFC,0xFF,0x9C,0xFF,0xF4,0xCE,0x03,0x4A,
    0xE9,0x82,0xA8,0x7A,0xE5,0x59,0xE8,0x82,0x2A,0x8B,0xE8,0x7A,0x09,0x83,0xA8,0x72,
    0x46,0x72,0x8A,0x9B,0x8A,0x9B,0x10,0xCD,0x29,0x8B,0x14,0xE6,0x9B,0xFF,0xF8,0xF6,
    0x19,0xFF,0xD8,0xFE,0x3A,0xFF,0xDD,0xFF,0xD3,0xE5,0xCC,0xA3,0xCF,0xC4,0x6E,0xB4,
    0x6A,0x93,0xCF,0xC4,0x3A,0xF7,0x4D,0xAC,0xD8,0xEE,0xF0,0xC4,0x60,0x30,0x80,0x20,
    0x26,0x5A,0x47,0x62,0x00,0x28,0xC9,0x72,0xB7,0xF6,0x46,0x72,0x05,0x5A,0xE9,0x82,
    0xA8,0x72,0x46,0x6A,0x6A,0x93,0x09,0x83,0x66,0x6A,0x11,0xB5,0xFF,0xFF,0x4E,0x9C,
    0x3A,0xEF,0xDC,0xFF,0x9B,0xF7,0x9A,0xF7,0x9A,0xF7,0x7A,0xF7,0x7A,0xF7,0x7A,0xF7,
    0x7A,0xF7,0x7A,0xF7,0x7A,0xF7,0x9A,0xF7,0x9B,0xF7,0x9A,0xF7,0x9B,0xF7,0xBC,0xFF,
    0x7A,0xF7,0xDD,0xFF,0xFE,0xFF,0xBB,0xF7,0x7A,0xF7,0x7A,0xF7,0x79,0xF7,0x7A,0xF7,
    0x7A,0xF7,0x7A,0xF7,0x9A,0xF7,0x9B,0xF7,0xBB,0xFF,0xDC,0xFF,0xDE,0xFF,0xB4,0xCE,
    0x33,0xDF,0xFF,0xFF,0xFF,0xFF,0xFF,0xFF,0xCD,0xAD,0xC3,0x49,0x51,0xBE,0xFE,0xFF,
    0xFF,0xFF,0x72,0xBE,0xA3,0x41,0xE9,0x82,0xC8,0x7A,0x64,0x49,0xC8,0x7A,0x2A,0x8B,
    0x09,0x83,0xE9,0x82,0xC8,0x7A,0x46,0x6A,0x29,0x93,0x72,0xD5,0xF1,0xBC,0x52,0xC5,
    0xD4,0xCD,0xAD,0x83,0x88,0x5A,0x8C,0x83,0xD5,0xD5,0x7B,0xFF,0xBD,0xFF,0x97,0xEE,
    0x6D,0xBC,0xCF,0xC4,0xEC,0xAB,0x0C,0xAC,0x3A,0xFF,0x37,0xD6,0x16,0xCE,0x5A,0xFF,
    0x82,0x61,0x06,0x42,0x6B,0x73,0xE5,0x49,0x53,0xB5,0x6F,0xA4,0x40,0x38,0xAC,0x9B,
    0x2D,0xAC,0xE5,0x59,0x09,0x83,0xC8,0x7A,0x46,0x6A,0x09,0x83,0x4B,0x8B,0x4A,0x83,
    0x32,0xBD,0xFE,0xFF,0x4F,0x9C,0xBC,0xF7,0xBB,0xFF,0x9B,0xF7,0x9A,0xF7,0x9A,0xF7,
    0x9A,0xF7,0x7A,0xF7,0x7A,0xF7,0x7A,0xF7,0x7A,0xF7,0x7A,0xF7,0x9A,0xF7,0x9B,0xF7,
    0x9B,0xF7,0x9B,0xF7,0xBC,0xFF,0x9A,0xF7,0xFE,0xFF,0xFF,0xFF,0xDC,0xF7,0x9A,0xF7,
    0x7A,0xF7,0x7A,0xF7,0x7A,0xF7,0x7A,0xF7,0x9A,0xF7,0x9A,0xF7,0x9B,0xFF,0xBB,0xFF,
    0xDC,0xFF,0x9C,0xF7,0xAE,0xAD,0x7B,0xEF,0xFF,0xFF,0xDF,0xFF,0x55,0xD7,0xE5,0x62,
    0xA5,0x62,0x77,0xDF,0xFF,0xFF,0xFF,0xFF,0xCF,0xAD,0x22,0x39,0xC8,0x7A,0xC8,0x7A,
    0x23,0x39,0xA8,0x72,0x2A,0x8B,0x2A,0x8B,0x29,0x8B,0x29,0x8B,0xE5,0x61,0xCB,0xAB,
    0xD8,0xF6,0xB1,0xB4,0xE9,0x72,0xC1,0x38,0x20,0x18,0xC0,0x28,0x63,0x49,0x82,0x71,
    0xF4,0xDD,0xFF,0xFF,0xB4,0xCD,0x6D,0xBC,0x52,0xCD,0x11,0xC5,0x1A,0xF7,0x9C,0xFF,
    0x1A,0xEF,0xFE,0xFF,0xF9,0xF6,0x87,0x6A,0xCD,0x8B,0xF6,0xBD,0xC8,0x62,0x06,0x4A,
    0xB8,0xE6,0x2A,0x8B,0x62,0x71,0x0D,0xA4,0x66,0x72,0x4A,0x93,0xC8,0x7A,0x26,0x62,
    0xC8,0x7A,0x4B,0x83,0xED,0x93,0x36,0xD6,0x98,0xD6,0x6F,0x9C,0xFE,0xFF,0x9B,0xF7,
    0x9B,0xF7,0x9A,0xF7,0x9A,0xF7,0x9A,0xF7,0x7A,0xF7,0x7A,0xF7,0x7A,0xF7,0x7A,0xF7,
    0x7A,0xF7,0x9A,0xF7,0x9B,0xF7,0x9B,0xF7,0x9B,0xF7,0x9B,0xFF,0xBB,0xF7,0xFE,0xFF,
    0xFF,0xFF,0xDD,0xFF,0x9A,0xF7,0x7A,0xF7,0x7A,0xF7,0x7A,0xF7,0x9A,0xF7,0x9A,0xF7,
    0x9A,0xF7,0x9B,0xFF,0xBB,0xFF,0xBB,0xFF,0xFD,0xFF,0x7C,0xEF,0x58,0xCE,0x1C,0xE7,
    0xFD,0xFF,0x8B,0x9D,0x44,0x39,0xC7,0x7B,0xD9,0xEF,0xBE,0xFF,0xFD,0xFF,0x4C,0x9D,
    0x02,0x39,0xA8,0x7A,0x87,0x72,0x22,0x39,0x46,0x6A,0x09,0x83,0x4A,0x8B,0x29,0x8B,
    0x29,0x8B,0xE8,0x82,0x14,0xF6,0x53,0xC5,0x06,0x52,0x80,0x28,0x43,0x39,0xC8,0x62,
    0x67,0x5A,0x4B,0x7B,0x73,0xCD,0x52,0xD5,0x9C,0xFF,0x77,0xDE,0x1A,0xEF,0x5B,0xFF,
    0x7B,0xFF,0x9C,0xFF,0x7B,0xFF,0x9C,0xFF,0x9C,0xFF,0x1A,0xE7,0x47,0x4A,0xA4,0x41,
    0xC4,0x31,0xA7,0x3A,0x84,0x29,0xB5,0xC5,0x52,0xCD,0xA2,0x81,0xC8,0x7A,0x87,0x72,
    0x8B,0x9B,0x67,0x6A,0x05,0x5A,0xE9,0x7A,0x47,0x6A,0x6B,0x83,0x98,0xDE,0xED,0x93,
    0xB7,0xDE,0xFC,0xFF,0x9B,0xF7,0x9B,0xF7,0x9A,0xF7,0x9A,0xF7,0x7A,0xF7,0x7A,0xF7,
    0x7A,0xF7,0x7A,0xF7,0x7A,0xF7,0x7A,0xF7,0x9A,0xF7,0x9B,0xF7,0x9B,0xF7,0x9B,0xF7,
    0x9B,0xFF,0x9A,0xF7,0xFE,0xFF,0xDD,0xFF,0xBB,0xF7,0x9A,0xF7,0x7A,0xF7,0x7A,0xF7,
    0x9A,0xF7,0x9A,0xF7,0x9A,0xF7,0x9B,0xF7,0x9B,0xFF,0xBB,0xFF,0xBB,0xFF,0xDC,0xFF,
    0xFD,0xFF,0xFE,0xFF,0x39,0xCE,0x70,0xBE,0xB0,0xAD,0x48,0x62,0xEA,0x94,0xFC,0xFF,
    0xBD,0xFF,0xFC,0xFF,0xCB,0x94,0x43,0x41,0xC8,0x7A,0x26,0x62,0x22,0x39,0x26,0x6A,
    0x09,0x83,0x4A,0x8B,0x2A,0x8B,0xC8,0x7A,0x8E,0xC4,0x9B,0xFF,0x88,0x62,0x20,0x18,
    0x44,0x31,0x63,0x41,0xF6,0xCD,0x37,0xCE,0x66,0x6A,0xB0,0xAC,0x9D,0xFF,0x5A,0xFF,
    0xBC,0xFF,0xBC,0xFF,0x7B,0xFF,0x7B,0xFF,0x7B,0xFF,0x7B,0xFF,0x7B,0xFF,0xBC,0xFF,
    0xDA,0xDE,0x86,0x3A,0x63,0x19,0x05,0x2A,0x8A,0x7C,0x66,0x3A,0x59,0xCE,0xF6,0xDD,
    0x4D,0xC4,0xED,0x93,0x25,0x6A,0x8B,0x9B,0xE5,0x59,0x46,0x6A,0xE8,0x82,0x2A,0x7B,
    0x4A,0x8B,0xD5,0xC5,0x97,0xDE,0xFC,0xFF,0xBB,0xFF,0xBB,0xF7,0xBB,0xF7,0x9B,0xF7,
    0x9A,0xF7,0x7A,0xF7,0x7A,0xF7,0x7A,0xF7,0x7A,0xF7,0x7A,0xF7,0x7A,0xF7,0x7A,0xF7,
    0x9B,0xF7,0x9B,0xF7,0x9B,0xF7,0x7B,0xFF,0x9A,0xF7,0xFE,0xFF,0xBC,0xF7,0x9A,0xF7,
    0x7A,0xF7,0x7A,0xF7,0x9A,0xF7,0x9A,0xF7,0x9A,0xF7,0x9A,0xF7,0x9B,0xF7,0xBB,0xFF,
    0xBB,0xFF,0xBB,0xFF,0xDC,0xFF,0xDC,0xFF,0xFE,0xFF,0x3B,0xEF,0x2B,0x8C,0xFB,0xE6,
    0x69,0x7B,0xD1,0xC6,0xFF,0xFF,0xBE,0xFF,0xFB,0xFF,0x28,0x84,0x23,0x41,0xE9,0x82,
    0x87,0x72,0xE2,0x30,0xC4,0x59,0x09,0x8B,0x2A,0x8B,0x6A,0x93,0xC8,0x7A,0x4E,0xAC,
    0x52,0xC5,0x60,0x38,0xC9,0x6A,0xC6,0x31,0xA4,0x39,0x26,0x42,0x4A,0x5B,0xA7,0x42,
    0xA8,0x4A,0x9D,0xF7,0x7B,0xFF,0x7B,0xFF,0x7B,0xFF,0x7B,0xFF,0x7B,0xFF,0x7B,0xFF,
    0x7B,0xFF,0x7B,0xFF,0x9C,0xFF,0x1B,0xEF,0xAA,0x84,0xC5,0x42,0xE6,0x4A,0x4C,0xB6,
    0x69,0x7C,0xDB,0xDE,0x98,0xEE,0xB7,0xF6,0xC9,0x72,0x87,0x72,0xC8,0x7A,0x43,0x39,
    0xA7,0x7A,0x09,0x83,0x74,0xBD,0xCC,0x93,0xBC,0xFF,0xFD,0xFF,0xBB,0xFF,0xBC,0xFF,
    0xBB,0xF7,0xBB,0xF7,0x9B,0xF7,0x9A,0xF7,0x7A,0xF7,0x9A,0xF7,0x7A,0xF7,0x9A,0xF7,
    0x9B,0xF7,0x9B,0xF7,0x9B,0xF7,0x9B,0xF7,0x9B,0xF7,0x7A,0xF7,0x7B,0xFF,0x9B,0xF7,
    0xFE,0xFF,0xBB,0xF7,0x9A,0xF7,0x7A,0xF7,0x9A,0xF7,0x9A,0xF7,0x9A,0xF7,0x9A,0xF7,
    0x9A,0xF7,0x9A,0xF7,0xBB,0xFF,0xBB,0xFF,0xBB,0xFF,0xDC,0xFF,0xDC,0xFF,0xFE,0xFF,
    0x15,0xD6,0xB5,0xCD,0xBE,0xF7,0xCB,0x8B,0xEA,0x83,0xA9,0x6A,0x89,0x62,0xB0,0xB5,
    0x46,0x63,0x43,0x41,0x09,0x83,0xC8,0x7A,0x02,0x39,0xC5,0x51,0x09,0x8B,0xC8,0x82,
    0x6A,0x93,0x09,0x8B,0xCC,0x9B,0x6A,0x93,0x21,0x59,0xB1,0xA4,0x83,0x21,0x66,0x2A,
    0xA3,0x29,0xA2,0x31,0xA8,0x53,0xC7,0x42,0x9A,0xD6,0xBD,0xFF,0x7B,0xFF,0x7B,0xFF,
    0x7B,0xFF,0x7B,0xFF,0x7B,0xFF,0x7B,0xFF,0x7B,0xFF,0x7B,0xFF,0x7C,0xFF,0xF0,0xAD,
    0x0D,0xBE,0x4F,0xCE,0x0C,0xB6,0x6E,0x9D,0xBE,0xF7,0x3A,0xFF,0xD7,0xF6,0x09,0x8B,
    0xC8,0x7A,0xA4,0x51,0x43,0x39,0x66,0x72,0xB1,0xAC,0x78,0xD6,0xCC,0x93,0x39,0xEF,
    0xFD,0xFF,0xDC,0xFF,0xBC,0xFF,0xBB,0xFF,0xBC,0xFF,0xDD,0xFF,0x9A,0xF7,0x7A,0xF7,
    0x9A,0xF7,0x9B,0xF7,0xBB,0xF7,0xBC,0xF7,0x9B,0xF7,0x9B,0xF7,0x9B,0xF7,0x9B,0xF7,
    0x7A,0xF7,0x7A,0xF7,0xBC,0xF7,0xDD,0xF7,0xBB,0xF7,0x9B,0xF7,0x9A,0xF7,0x9A,0xF7,
    0x9A,0xF7,0x9A,0xF7,0x9A,0xF7,0x9A,0xF7,0x9B,0xF7,0x9B,0xFF,0xBB,0xFF,0xBB,0xFF,
    0xDC,0xFF,0xFD,0xFF,0xBD,0xFF,0xD0,0xB4,0x9D,0xF7,0x5B,0xEF,0x8B,0x8B,0x63,0x49,
    0x43,0x41,0x02,0x39,0xE1,0x30,0x43,0x41,0x06,0x62,0x4A,0x8B,0xA7,0x7A,0x12,0xB5,
    0xD4,0xD5,0xA8,0x7A,0x87,0x72,0xE9,0x82,0x6A,0x93,0x8B,0x93,0x45,0x8A,0xE4,0x81,
    0x79,0xD6,0x46,0x32,0x08,0x54,0x45,0x42,0x02,0x21,0x2B,0x8D,0xAA,0x84,0x9A,0xD6,
    0xDD,0xFF,0x7B,0xFF,0x7B,0xFF,0x7B,0xFF,0x7B,0xFF,0x7B,0xFF,0x7B,0xFF,0x7B,0xFF,
    0x7B,0xFF,0x9C,0xFF,0xF8,0xE6,0x91,0xD6,0x12,0xEF,0x8D,0xAD,0x56,0xCE,0x9C,0xFF,
    0x9B,0xFF,0x15,0xDE,0xA7,0x7A,0x26,0x62,0x43,0x39,0x26,0x62,0xE5,0x59,0x6F,0x9C,
    0x9C,0xF7,0x52,0xBD,0xF9,0xE6,0xFD,0xFF,0xBC,0xFF,0xBB,0xFF,0xBB,0xF7,0xBC,0xFF,
    0xDD,0xFF,0x9A,0xF7,0x7A,0xF7,0x9B,0xF7,0xBC,0xF7,0xDD,0xF7,0xDE,0xF7,0xBC,0xF7,
    0x9B,0xF7,0x9B,0xF7,0x9B,0xF7,0x59,0xEF,0x7A,0xF7,0xFD,0xF7,0xFD,0xF7,0xDC,0xF7,
    0xBB,0xF7,0x9B,0xF7,0x9A,0xF7,0x9A,0xF7,0x9A,0xF7,0x9A,0xF7,0x9A,0xF7,0x9B,0xF7,
    0xBB,0xFF,0xBB,0xFF,0xBC,0xFF,0xDC,0xFF,0xFF,0xFF,0x36,0xD6,0xF5,0xCD,0xFF,0xFF,
    0x3A,0xEF,0xCC,0x93,0xE5,0x59,0x05,0x5A,0x46,0x6A,0x26,0x62,0x05,0x62,0x87,0x72,
    0x6A,0x93,0x4A,0x8B,0x93,0xDD,0x8D,0xDC,0xE8,0x82,0xC8,0x7A,0x87,0x72,0x6A,0x93,
    0x4A,0x93,0x93,0xCD,0x4E,0xBC,0xBA,0xE6,0x4E,0x74,0x4A,0x8D,0x0B,0x8D,0xAA,0x8C,
    0x0D,0xB6,0x6C,0x9D,0x3C,0xE7,0x9C,0xFF,0x7B,0xFF,0x7B,0xFF,0x7B,0xFF,0x7B,0xFF,
    0x7B,0xFF,0x7B,0xFF,0x9C,0xFF,0x9C,0xFF,0x7B,0xFF,0x7C,0xFF,0xF7,0xEE,0x74,0xE6,
    0x34,0xDE,0xD7,0xFE,0xB6,0xFE,0xD8,0xF6,0xD0,0xB4,0xC8,0x82,0xA4,0x51,0xE5,0x61,
    0x05,0x5A,0xC4,0x51,0x93,0xC5,0xFF,0xFF,0x32,0xBD,0x19,0xEF,0xFD,0xFF,0xBB,0xFF,
    0xBB,0xFF,0xBB,0xF7,0x9B,0xF7,0x9B,0xF7,0x9A,0xF7,0x9B,0xF7,0xBC,0xF7,0xDD,0xF7,
    0xFE,0xF7,0xFE,0xFF,0xDE,0xF7,0xDD,0xF7,0xBC,0xF7,0x9B,0xF7,0x59,0xEF,0x7A,0xF7,
    0xFD,0xF7,0xFE,0xF7,0xFD,0xF7,0xDC,0xF7,0xBB,0xF7,0x9B,0xF7,0x9A,0xF7,0x9A,0xF7,
    0x9A,0xF7,0x9B,0xF7,0x9B,0xF7,0xBB,0xFF,0xBB,0xFF,0xDC,0xFF,0xDC,0xFF,0x9C,0xF7,
    0x32,0xBD,0xBD,0xFF,0xFE,0xFF,0x5B,0xF7,0x2D,0xA4,0xA8,0x7A,0x47,0x62,0xA8,0x72,
    0x09,0x83,0x67,0x6A,0xA8,0x72,0x29,0x8B,0x6B,0x8B,0xEF,0xDC,0xCD,0xF4,0x8A,0x9B,
    0x09,0x83,0xA8,0x7A,0xC8,0x7A,0x8A,0x9B,0x52,0xC5,0x7B,0xFF,0xF9,0xF6,0x1A,0xDF,
    0x6C,0x95,0x8E,0xCE,0x52,0xF7,0xB0,0xDE,0xF2,0xB5,0x9D,0xFF,0x7B,0xFF,0x7B,0xFF,
    0x7B,0xFF,0x7B,0xFF,0x7B,0xFF,0x7B,0xFF,0x7B,0xFF,0x5B,0xFF,0x7C,0xFF,0x7B,0xFF,
    0x7B,0xFF,0x5B,0xFF,0x3A,0xFF,0x19,0xFF,0xB6,0xFE,0x95,0xFE,0x55,0xEE,0x92,0xD5,
    0x69,0x9B,0xA4,0x51,0x26,0x6A,0xC5,0x51,0x66,0x72,0x15,0xD6,0xFF,0xFF,0xB0,0xAC,
    0x39,0xEF,0xFC,0xFF,0xBB,0xFF,0xBB,0xF7,0x9B,0xF7,0x9B,0xF7,0x9B,0xF7,0x9A,0xF7,
    0xBB,0xF7,0xDD,0xF7,0xDE,0xFF,0xFE,0xFF,0xDE,0xFF,0xDE,0xFF,0xDE,0xF7,0xBC,0xF7,
    0x9B,0xF7,0x5A,0xF7,0x7A,0xF7,0xFD,0xF7,0xFE,0xF7,0xFD,0xF7,0xDC,0xF7,0xBB,0xF7,
    0x9A,0xF7,0x9A,0xF7,0x9B,0xF7,0x9B,0xF7,0x9B,0xF7,0xBB,0xFF,0xBB,0xFF,0xBC,0xFF,
    0xDC,0xFF,0xFE,0xFF,0xD5,0xCD,0x36,0xD6,0xFF,0xFF,0xFE,0xFF,0x7C,0xF7,0xED,0x9B,
    0x87,0x72,0x67,0x6A,0xC8,0x7A,0xC8,0x7A,0x05,0x5A,0x87,0x72,0xA8,0x7A,0xAC,0x8B,
    0xD3,0xED,0xD2,0xFD,0x8E,0xCC,0xA8,0x7A,0x4A,0x93,0xC8,0x7A,0x49,0x93,0x4D,0xB4,
    0x77,0xE6,0x7A,0xFF,0x3A,0xFF,0x34,0xCE,0xEF,0xC5,0xB3,0xEE,0xD5,0xEE,0xF9,0xEE,
    0x7B,0xFF,0x7B,0xFF,0x7B,0xFF,0x7B,0xFF,0x7B,0xFF,0x9B,0xFF,0x9C,0xFF,0x9C,0xFF,
    0xDD,0xFF,0x9B,0xFF,0x7B,0xFF,0x7B,0xFF,0x7B,0xFF,0x5A,0xFF,0x18,0xFF,0xD7,0xFE,
    0x95,0xFE,0xF7,0xFE,0xF0,0xBC,0x63,0x49,0x26,0x6A,0x09,0x8B,0x26,0x62,0x45,0x6A,
    0x56,0xDE,0x7D,0xEF,0x4E,0xA4,0xDD,0xFF,0xBB,0xFF,0xBB,0xFF,0xBB,0xF7,0x9B,0xF7,
    0x9B,0xF7,0x9B,0xF7,0x9B,0xF7,0xDD,0xF7,0xFE,0xF7,0xFE,0xFF,0xDE,0xFF,0xDE,0xFF,
    0xDE,0xFF,0xDE,0xFF,0xDD,0xF7,0xBC,0xF7,0x7A,0xF7,0x7B,0xFF,0xFD,0xFF,0xFE,0xFF,
    0xDD,0xF7,0xDC,0xF7,0xBB,0xF7,0x9A,0xF7,0x9A,0xF7,0x9B,0xF7,0x9B,0xF7,0x9B,0xF7,
    0xBB,0xFF,0xBC,0xFF,0xDC,0xFF,0xFD,0xFF,0x7B,0xF7,0xD1,0xB4,0xDE,0xFF,0xFD,0xFF,
    0xFE,0xFF,0x1A,0xEF,0x8B,0x8B,0x87,0x72,0xA8,0x7A,0x09,0x83,0xE8,0x82,0xE5,0x59,
    0xA8,0x72,0xC8,0x7A,0xA8,0x6A,0xB8,0xEE,0x55,0xFE,0x2F,0xED,0x09,0x93,0x8B,0x9B,
    0x8A,0x9B,0x66,0x72,0x08,0x8B,0x8E,0xBC,0x19,0xF7,0xD7,0xFE,0x95,0xFE,0x55,0xF6,
    0x96,0xF6,0xD8,0xFE,0x19,0xFF,0x3A,0xFF,0x7B,0xFF,0x7B,0xFF,0x7B,0xFF,0x9C,0xFF,
    0x5B,0xFF,0x3A,0xF7,0xD8,0xF6,0xF5,0xE5,0x3A,0xF7,0x9C,0xFF,0x7B,0xFF,0x7B,0xFF,
    0x5A,0xFF,0x3A,0xFF,0x19,0xFF,0xD7,0xFE,0x7A,0xFF,0xE9,0x6A,0x22,0x39,0xE8,0x82,
    0x6A,0x93,0x66,0x6A,0xC7,0x82,0x51,0xC5,0xB1,0xA4,0x57,0xD6,0xFE,0xFF,0xBB,0xFF,
    0xBB,0xFF,0xBB,0xF7,0x9B,0xF7,0x9B,0xF7,0x9B,0xF7,0x9B,0xF7,0xBC,0xF7,0xDD,0xF7,
    0xFE,0xFF,0xDE,0xFF,0xDF,0xFF,0xDE,0xFF,0xDE,0xFF,0xDD,0xF7,0x9B,0xF7,0x7A,0xF7,
    0x9B,0xFF,0xDD,0xFF,0xFE,0xFF,0xDC,0xF7,0xBB,0xF7,0xBB,0xF7,0x9B,0xF7,0x9A,0xF7,
    0x9B,0xF7,0xBB,0xFF,0xBB,0xFF,0xBB,0xFF,0xDC,0xFF,0xDC,0xFF,0xFE,0xFF,0x73,0xC5,
    0x16,0xD6,0xFE,0xFF,0xDC,0xFF,0xFE,0xFF,0xB8,0xE6,0x6A,0x8B,0xE8,0x82,0xE8,0x82,
    0x29,0x8B,0xC8,0x7A,0xC5,0x51,0xC8,0x7A,0xE8,0x7A,0x05,0x62,0xEE,0x8B,0xFF,0xFF,
    0x96,0xFE,0xEB,0xB3,0x09,0x8B,0xCC,0xA3,0xC8,0x82,0x05,0x62,0xE8,0x82,0x6E,0xBC,
    0xD7,0xFE,0xF7,0xFE,0xD7,0xFE,0xB7,0xFE,0xB7,0xFE,0xD8,0xFE,0x3A,0xFF,0x7B,0xFF,
    0x7B,0xFF,0xBD,0xFF,0x77,0xEE,0xD4,0xED,0x35,0xF6,0x14,0xFE,0x8E,0xD4,0x98,0xE6,
    0xBC,0xFF,0x7B,0xFF,0x7B,0xFF,0x7B,0xFF,0x5A,0xFF,0x5A,0xFF,0xFD,0xFF,0x53,0xBD,
    0xE1,0x30,0x46,0x62,0x2A,0x8B,0xE9,0x82,0x46,0x6A,0x29,0x8B,0x6E,0xB4,0xD9,0xE6,
    0xFD,0xFF,0xBC,0xFF,0xBC,0xFF,0xBB,0xFF,0x9B,0xF7,0x9B,0xF7,0x9B,0xF7,0x9B,0xF7,
    0x9B,0xF7,0x9B,0xF7,0xBC,0xF7,0xDD,0xF7,0xDE,0xFF,0xDE,0xFF,0xDE,0xF7,0xDD,0xF7,
    0xBC,0xF7,0x9B,0xF7,0x9B,0xF7,0x9B,0xFF,0xDC,0xFF,0xFE,0xFF,0xBB,0xF7,0xBB,0xF7,
    0x9B,0xF7,0x9B,0xF7,0xBB,0xFF,0xBB,0xFF,0xBB,0xFF,0xBB,0xFF,0xBC,0xFF,0xDC,0xFF,
    0xFD,0xFF,0x5B,0xEF,0x8F,0xB4,0xBD,0xFF,0xFD,0xFF,0xDC,0xFF,0xFD,0xFF,0x97,0xDE,
    0x6B,0x8B,0x09,0x8B,0xE9,0x82,0x09,0x8B,0xA8,0x7A,0xE5,0x51,0x09,0x83,0xC8,0x7A,
    0xE8,0x82,0x01,0x39,0xEE,0x8B,0x7D,0xEF,0xF9,0xFE,0x29,0x93,0x2A,0x8B,0xAB,0x9B,
    0x29,0x8B,0x26,0x6A,0x6E,0xB4,0xD0,0xBC,0x15,0xDE,0xF9,0xF6,0xF8,0xFE,0xF8,0xFE,
    0x19,0xFF,0x5A,0xFF,0x7B,0xFF,0x7B,0xFF,0xBD,0xFF,0xF9,0xF6,0x14,0xF6,0x55,0xFE,
    0x34,0xFE,0x76,0xF6,0x7B,0xFF,0x7B,0xFF,0x7B,0xFF,0x7B,0xFF,0x5A,0xFF,0x9B,0xFF,
    0xDC,0xFF,0x12,0xBD,0x83,0x51,0x83,0x49,0xC8,0x82,0x09,0x8B,0x46,0x62,0x47,0x6A,
    0x87,0x7A,0x10,0xC5,0xBC,0xFF,0xFD,0xFF,0xDC,0xFF,0xBC,0xFF,0xBB,0xFF,0xBB,0xF7,
    0xBB,0xFF,0x9B,0xF7,0x9B,0xF7,0x9B,0xF7,0x9B,0xF7,0x9B,0xF7,0xBC,0xF7,0xDD,0xF7,
    0xDE,0xF7,0xDD,0xF7,0xBC,0xF7,0x9B,0xF7,0x9B,0xF7,0x9B,0xF7,0x9B,0xFF,0xDC,0xFF,
    0xFE,0xFF,0xBB,0xFF,0xBB,0xFF,0x9B,0xF7,0xBB,0xFF,0xBB,0xFF,0xBB,0xFF,0xBB,0xFF,
    0xBB,0xFF,0xDC,0xFF,0xDC,0xFF,0xFE,0xFF,0x52,0xBD,0x73,0xC5,0xFF,0xFF,0xDC,0xFF,
    0xFD,0xFF,0xFD,0xFF,0xD9,0xDE,0x8B,0x93,0xC8,0x7A,0xE9,0x82,0xE9,0x82,0x87,0x72,
    0x46,0x6A,0x2A,0x8B,0x09,0x83,0x09,0x8B,0x83,0x49,0x01,0x39,0x84,0x41,0x8C,0x83,
    0xC8,0x7A,0xC8,0x82,0xAB,0x9B,0xAC,0xA3,0x09,0x8B,0xEF,0xCC,0xBC,0xFF,0xD9,0xE6,
    0x1A,0xF7,0x39,0xFF,0x3A,0xFF,0x5A,0xFF,0x7B,0xFF,0x7B,0xFF,0x7B,0xFF,0x7B,0xFF,
    0x9C,0xFF,0x3A,0xFF,0xF9,0xFE,0x1A,0xFF,0x7B,0xFF,0x7B,0xFF,0x5B,0xFF,0x7B,0xFF,
    0xBD,0xFF,0xFD,0xFF,0x97,0xE6,0x2A,0x83,0x42,0x49,0xA4,0x51,0x05,0x62,0xE9,0x82,
    0xE8,0x82,0xA4,0x49,0xA8,0x72,0xC8,0x82,0x4D,0xAC,0x3B,0xF7,0xFE,0xFF,0xDC,0xFF,
    0xBC,0xFF,0xBB,0xFF,0x9B,0xF7,0xBB,0xFF,0xBC,0xFF,0x9B,0xF7,0x9B,0xF7,0x9B,0xF7,
    0x9B,0xF7,0xBC,0xF7,0xDD,0xF7,0xDD,0xF7,0xBC,0xF7,0xBC,0xF7,0x9B,0xF7,0x9B,0xF7,
    0xBB,0xF7,0x9B,0xFF,0xBB,0xFF,0xFE,0xFF,0xBC,0xFF,0xBB,0xFF,0xBB,0xFF,0xDC,0xFF,
    0xDC,0xFF,0xBB,0xFF,0xBB,0xFF,0xDC,0xFF,0xDC,0xFF,0xFD,0xFF,0x9C,0xF7,0xEC,0x9B,
    0xF9,0xE6,0xFE,0xFF,0xDD,0xFF,0xFD,0xFF,0xFD,0xFF,0x98,0xDE,0x09,0x83,0xA8,0x7A,
    0xE9,0x82,0x09,0x8B,0xA8,0x72,0xC8,0x7A,0x4A,0x93,0x2A,0x8B,0xC8,0x7A,0x43,0x41,
    0x83,0x41,0x02,0x31,0xC1,0x30,0x22,0x39,0x67,0x6A,0xE9,0x82,0x8B,0x9B,0xCC,0xA3,
    0x09,0x8B,0xCD,0x93,0x5B,0xF7,0xDC,0xFF,0x9B,0xFF,0x7B,0xFF,0x7B,0xFF,0x7B,0xFF,
    0x7B,0xFF,0x7B,0xFF,0x7B,0xFF,0x7B,0xFF,0x7B,0xFF,0x9C,0xFF,0x7C,0xFF,0x7B,0xFF,
    0x7B,0xFF,0xDC,0xFF,0xDC,0xFF,0xB9,0xE6,0x2E,0x9C,0xA4,0x51,0x42,0x41,0xA4,0x49,
    0x84,0x49,0xC5,0x51,0xA8,0x7A,0x67,0x6A,0xA4,0x51,0xA8,0x7A,0x8A,0x9B,0x8A,0x9B,
    0x98,0xE6,0xDD,0xFF,0xDC,0xFF,0xBC,0xFF,0xBC,0xFF,0xBB,0xFF,0xBB,0xFF,0xBB,0xFF,
    0x9B,0xF7,0x9B,0xF7,0x9B,0xF7,0xBC,0xFF,0xBC,0xF7,0xBC,0xF7,0xBC,0xF7,0xBC,0xF7,
    0xBB,0xF7,0x9B,0xF7,0x9B,0xF7,0xBC,0xFF,0x7B,0xFF,0xBA,0xFF,0xFE,0xFF,0xDC,0xFF,
    0xBB,0xFF,0xBB,0xFF,0xDC,0xFF,0xDD,0xFF,0xBB,0xFF,0xBB,0xFF,0xDC,0xFF,0xDC,0xFF,
    0xFE,0xFF,0x15,0xD6,0x4E,0xAC,0xFD,0xFF,0xFC,0xFF,0xFD,0xFF,0xFD,0xFF,0xFF,0xFF,
    0x37,0xD6,0xE8,0x82,0xC8,0x7A,0x09,0x83,0x4A,0x8B,0xA8,0x72,0x09,0x8B,0x29,0x8B,
    0x4A,0x8B,0x87,0x72,0x22,0x39,0x43,0x41,0x63,0x49,0xA4,0x51,0x43,0x41,0xA4,0x49,
    0x06,0x62,0x4A,0x93,0xAB,0xA3,0x6A,0x93,0x22,0x41,0x84,0x49,0xCD,0x93,0xF5,0xD5,
    0x5B,0xF7,0xDD,0xFF,0xFE,0xFF,0xFE,0xFF,0xDD,0xFF,0x9C,0xFF,0x9C,0xFF,0x9C,0xFF,
    0xBC,0xFF,0xFD,0xFF,0xFD,0xFF,0x5B,0xF7,0xD4,0xCD,0x2A,0x83,0x63,0x49,0xE1,0x38,
    0xA4,0x51,0xC4,0x51,0xA4,0x49,0x23,0x39,0x84,0x49,0x88,0x72,0xE5,0x59,0x05,0x5A,
    0xA8,0x7A,0xCB,0xA3,0xAA,0xA3,0x11,0xBD,0x9C,0xFF,0xBC,0xFF,0xDC,0xFF,0xBC,0xFF,
    0xBC,0xFF,0xBB,0xFF,0x9B,0xF7,0x9B,0xF7,0xBC,0xFF,0x7A,0xF7,0x16,0xE7,0x9A,0xF7,
    0x9B,0xF7,0x9B,0xF7,0xBC,0xF7,0x9B,0xF7,0x9B,0xF7,0x9B,0xF7,0xBC,0xFF,0x7A,0xF7,
    0xBA,0xFF,0xFE,0xFF,0xDD,0xFF,0xBB,0xFF,0xBB,0xFF,0xBB,0xFF,0xBB,0xFF,0xBB,0xFF,
    0xBB,0xFF,0xDC,0xFF,0xDC,0xFF,0xFD,0xFF,0xF0,0xBC,0x93,0xC5,0xFE,0xFF,0xDC,0xFF,
    0xFD,0xFF,0xFD,0xFF,0xFE,0xFF,0x73,0xC5,0xA7,0x7A,0xC8,0x7A,0x4A,0x8B,0x29,0x8B,
    0xA8,0x72,0x09,0x83,0x09,0x8B,0x2A,0x8B,0x46,0x6A,0x02,0x39,0x63,0x41,0x84,0x49,
    0xA4,0x49,0x63,0x41,0x84,0x49,0x84,0x49,0xC8,0x82,0x8A,0x9B,0x4A,0x93,0x26,0x5A,
    0x23,0x39,0xE2,0x30,0x22,0x41,0x26,0x62,0x2A,0x83,0x2E,0x9C,0xB0,0xA4,0xB4,0xCD,
    0xB7,0xF6,0xB7,0xF6,0xB7,0xF6,0x15,0xDE,0xD1,0xAC,0x6B,0x83,0x67,0x6A,0x63,0x49,
    0x02,0x39,0x63,0x41,0x83,0x41,0xA4,0x51,0xA4,0x51,0x84,0x49,0x02,0x31,0x06,0x5A,
    0x46,0x6A,0xA4,0x51,0x25,0x62,0x87,0x72,0x49,0x93,0xAA,0xA3,0x6E,0xAC,0x3B,0xEF,
    0x9C,0xFF,0xDD,0xFF,0xBC,0xFF,0xBB,0xFF,0xBC,0xFF,0xBC,0xFF,0xBC,0xFF,0xBC,0xFF,
    0xBB,0xF7,0xB2,0xD6,0xB2,0xD6,0x9B,0xF7,0xBC,0xF7,0xBC,0xF7,0xBC,0xF7,0xBB,0xF7,
    0x9B,0xF7,0xBC,0xFF,0x7A,0xF7,0xBA,0xFF,0xFD,0xFF,0xFE,0xFF,0xDB,0xFF,0xBB,0xFF,
    0xBB,0xFF,0xBB,0xFF,0xBB,0xFF,0xBB,0xFF,0xDC,0xFF,0xFD,0xFF,0x5A,0xEF,0x8E,0xB4,
    0xB8,0xE6,0xFE,0xFF,0xFD,0xFF,0xFD,0xFF,0xFD,0xFF,0x9C,0xF7,0x8F,0xB4,0x2A,0x8B,
    0x29,0x8B,0x6A,0x93,0x09,0x83,0xC8,0x7A,0x29,0x8B,0x4A,0x8B,0x2A,0x8B,0x46,0x6A,
    0x23,0x39,0x63,0x41,0xA4,0x49,0x84,0x49,0x63,0x41,0xA4,0x51,0xE5,0x59,0x64,0x49,
    0xA8,0x7A,0x6A,0x93,0x87,0x6A,0x84,0x49,0xC4,0x51,0x83,0x41,0x84,0x41,0x63,0x41,
    0xC1,0x30,0x47,0x5A,0x8A,0x9B,0x30,0xE5,0x30,0xE5,0xEE,0xE4,0x4C,0xCC,0x2A,0x7B,
    0x26,0x52,0x23,0x39,0xC5,0x51,0x63,0x41,0xA4,0x51,0xA4,0x49,0x83,0x49,0xA4,0x51,
    0x84,0x49,0xA4,0x49,0x87,0x72,0xA4,0x51,0x05,0x62,0xC4,0x51,0x26,0x62,0xC8,0x82,
    0x29,0x8B,0x8D,0xBC,0x1A,0xEF,0x9C,0xFF,0xDC,0xFF,0xDC,0xFF,0xBC,0xFF,0xDC,0xFF,
    0xDD,0xFF,0xBC,0xFF,0x9B,0xF7,0xBB,0xFF,0x16,0xE7,0xB1,0xCE,0x58,0xEF,0xBC,0xFF,
    0x9B,0xF7,0xBC,0xF7,0x9B,0xF7,0xBC,0xF7,0xBB,0xFF,0x5A,0xF7,0xBA,0xFF,0xDD,0xFF,
    0xFF,0xFF,0xDB,0xFF,0xBB,0xFF,0xBB,0xFF,0xBB,0xFF,0xBB,0xFF,0xBB,0xFF,0xDC,0xFF,
    0xFE,0xFF,0xB8,0xDE,0x6D,0xB4,0x1A,0xEF,0xFE,0xFF,0xFD,0xFF,0xFD,0xFF,0xFD,0xFF,
    0x76,0xDE,0xD0,0xB4,0xCC,0x9B,0xEC,0xA3,0x8B,0x93,0x09,0x83,0x09,0x83,0x8B,0x9B,
    0x4A,0x93,0x4A,0x93,0x26,0x62,0x43,0x41,0x84,0x49,0xA4,0x51,0x63,0x41,0x63,0x41,
    0xA4,0x49,0xE5,0x59,0x63,0x41,0x84,0x49,0xE8,0x82,0x6A,0x9B,0xC4,0x51,0x84,0x49,
    0x63,0x41,0x63,0x41,0x64,0x41,0xE6,0x49,0xB3,0xC5,0x15,0xD6,0x72,0xCD,0x30,0xD5,
    0x0F,0xE5,0xEF,0xDC,0x72,0xC5,0x15,0xD6,0x28,0x6B,0xA6,0x5A,0xC9,0x6A,0x67,0x62,
    0x83,0x49,0x63,0x41,0xC4,0x51,0xC4,0x51,0x25,0x62,0x46,0x6A,0xC4,0x51,0xC4,0x51,
    0x84,0x49,0xE5,0x59,0xE9,0x82,0x6A,0x93,0x4D,0xBC,0xF3,0xDD,0x3B,0xF7,0x9B,0xFF,
    0xDD,0xFF,0xDC,0xFF,0xDC,0xFF,0xBC,0xFF,0xBB,0xFF,0x9B,0xF7,0xBB,0xF7,0xBB,0xF7,
    0xF4,0xDE,0x37,0xE7,0xBC,0xFF,0x9B,0xF7,0xBC,0xF7,0x9B,0xF7,0xBC,0xFF,0x9B,0xF7,
    0x5A,0xF7,0xDB,0xFF,0xFC,0xFF,0xFF,0xFF,0xDC,0xFF,0xBB,0xFF,0xBB,0xFF,0xBB,0xFF,
    0xBB,0xFF,0xDC,0xFF,0xDC,0xFF,0xFE,0xFF,0x36,0xD6,0x0C,0xAC,0x1B,0xEF,0xFE,0xFF,
    0xFD,0xFF,0xFD,0xFF,0xDC,0xFF,0x93,0xCD,0x16,0xD6,0x4D,0xAC,0x0C,0xA4,0x4A,0x93,
    0xC8,0x7A,0x6A,0x93,0x8B,0x9B,0x49,0x93,0x4A,0x8B,0xC5,0x51,0x43,0x41,0xA4,0x49,
    0xC4,0x51,0x84,0x49,0x63,0x41,0x84,0x49,0xA4,0x49,0xC4,0x51,0x83,0x41,0xE5,0x59,
    0x29,0x8B,0xC8,0x7A,0x43,0x39,0xE5,0x51,0xA7,0x62,0x25,0x6B,0xCC,0x9C,0x57,0xDE,
    0x15,0xD6,0x56,0xD6,0x36,0xD6,0x52,0xC5,0xAD,0xAC,0xD3,0xC5,0xD9,0xEE,0x14,0xCE,
    0x67,0x84,0x13,0xC6,0xBA,0xE6,0x4F,0x9C,0xE6,0x51,0xA4,0x51,0x05,0x5A,0xE5,0x59,
    0x25,0x62,0xE5,0x59,0xA4,0x49,0xC4,0x51,0x05,0x5A,0x29,0x8B,0xAB,0x9B,0x4D,0xB4,
    0xEB,0xB3,0xF3,0xDD,0x3A,0xF7,0xFE,0xFF,0xDC,0xFF,0xDC,0xFF,0xBC,0xFF,0xBB,0xF7,
    0xBB,0xF7,0x9B,0xF7,0xBC,0xFF,0x79,0xEF,0x7A,0xF7,0xBC,0xF7,0x9B,0xF7,0xBC,0xF7,
    0xBC,0xF7,0xBC,0xFF,0x9B,0xF7,0x5A,0xF7,0xFD,0xFF,0xFC,0xFF,0xFF,0xFF,0xDC,0xFF,
    0xBB,0xFF,0xBB,0xFF,0xBB,0xFF,0xBB,0xFF,0xDC,0xFF,0xDC,0xFF,0xFE,0xFF,0xD5,0xCD,
    0xAA,0xA3,0xD9,0xE6,0xFE,0xFF,0xDD,0xFF,0xFF,0xFF,0xD9,0xE6,0x16,0xD6,0x97,0xE6,
    0x6A,0x9B,0x8B,0x93,0xA8,0x7A,0x09,0x83,0x8B,0x9B,0x4A,0x93,0x8B,0x9B,0x09,0x83,
    0xA4,0x51,0x63,0x41,0xC4,0x51,0xC4,0x51,0x84,0x49,0x63,0x41,0xA4,0x49,0xA4,0x49,
    0xA4,0x49,0xA4,0x49,0x84,0x49,0x05,0x5A,0x87,0x72,0x67,0x6A,0x10,0xB5,0x6E,0xB5,
    0xD0,0xBD,0x09,0x9D,0xB1,0xBD,0x57,0xDE,0x57,0xDE,0x58,0xDE,0x0D,0x9D,0xAC,0xAD,
    0xAA,0x94,0xB3,0xBD,0xD3,0xC5,0x2B,0x9D,0xCF,0xB5,0x11,0xBE,0xF7,0xEE,0x99,0xDE,
    0x46,0x62,0x25,0x62,0xC4,0x51,0xE5,0x59,0xE5,0x59,0xC4,0x51,0xC4,0x59,0x46,0x6A,
    0x09,0x83,0x8A,0x9B,0xEC,0xAB,0x6A,0x9B,0xEB,0xAB,0x35,0xE6,0xBD,0xFF,0xFD,0xFF,
    0xBC,0xFF,0xBB,0xFF,0xBB,0xFF,0x9B,0xF7,0x9B,0xF7,0x9B,0xF7,0x9B,0xF7,0x9B,0xF7,
    0x9B,0xF7,0x9B,0xF7,0xBC,0xF7,0xBC,0xFF,0xDD,0xFF,0x9B,0xF7,0x7A,0xF7,0xFD,0xFF,
    0xFD,0xFF,0xFE,0xFF,0xFD,0xFF,0xDB,0xFF,0xBB,0xFF,0xBB,0xFF,0xBB,0xFF,0xDC,0xFF,
    0xDC,0xFF,0xFE,0xFF,0x56,0xD6,0x28,0x93,0xF5,0xCD,0xFF,0xFF,0xDD,0xFF,0xFF,0xFF,
    0x16,0xCE,0x55,0xDE,0x2C,0xAC,0xE9,0x82,0xC8,0x7A,0x87,0x72,0x8B,0x9B,0xAB,0x9B,
    0xAB,0x9B,0xCC,0xA3,0xA8,0x7A,0x84,0x49,0x84,0x49,0xC5,0x59,0xC4,0x51,0x83,0x49,
    0x83,0x41,0xA4,0x49,0xA4,0x49,0xA4,0x49,0x43,0x39,0x84,0x49,0x63,0x41,0x8C,0x8B,
    0x8B,0x9B,0x0E,0x9C,0xB7,0xDE,0xAF,0xC5,0x90,0xB5,0xEB,0x9C,0x32,0xC6,0x52,0xC6,
    0xF1,0xBD,0x2B,0xA5,0x31,0xC6,0xAE,0xB5,0x69,0x84,0xAB,0xA5,0x8F,0xC6,0x12,0xD7,
    0x2D,0xB6,0x30,0xAD,0xFF,0xFF,0x95,0xBD,0xC4,0x51,0xC5,0x51,0xC4,0x51,0xE5,0x59,
    0xE5,0x59,0xC4,0x59,0x46,0x6A,0xE9,0x82,0x6A,0x93,0xAB,0x9B,0x6A,0x93,0xAF,0xBC,
    0x72,0xD5,0x14,0xDE,0xBC,0xFF,0xDC,0xFF,0xBC,0xFF,0xBB,0xFF,0x9B,0xFF,0x9B,0xF7,
    0x9B,0xF7,0x9B,0xF7,0x9B,0xF7,0x9B,0xF7,0x9B,0xF7,0xBC,0xFF,0xBC,0xFF,0xDD,0xFF,
    0x7B,0xF7,0x7A,0xF7,0xDB,0xFF,0xDD,0xFF,0xFF,0xFF,0xFE,0xFF,0xDB,0xFF,0xBB,0xFF,
    0xBB,0xFF,0xBB,0xFF,0xDC,0xFF,0xDC,0xFF,0xFD,0xFF,0x98,0xDE,0x8A,0x9B,0x6E,0xAC,
    0xDE,0xFF,0xFF,0xFF,0x5C,0xEF,0x10,0xC5,0x0E,0xC5,0x2A,0x8B,0x09,0x83,0x47,0x6A,
    0x09,0x83,0xAB,0xA3,0xAB,0x9B,0xAB,0xA3,0x8B,0x93,0x06,0x62,0x63,0x41,0xA4,0x51,
    0xE5,0x59,0xC4,0x51,0x84,0x49,0x84,0x49,0xA4,0x51,0xA4,0x49,0xA4,0x49,0x43,0x39,
    0x63,0x41,0x06,0x52,0xB8,0xE6,0xD9,0xEE,0xAB,0x93,0x13,0xB5,0xF7,0xE6,0x4C,0xA5,
    0x4D,0xBE,0xD0,0xCE,0xAF,0xCE,0x4D,0xBE,0x0A,0x95,0xEA,0x94,0x54,0xE7,0x4B,0x9D,
    0x67,0x7C,0xED,0xB5,0xAE,0xC6,0x2C,0xB6,0xD3,0xC5,0x7D,0xF7,0xFF,0xFF,0x4B,0x7B,
    0x63,0x49,0xE5,0x51,0x05,0x5A,0x26,0x62,0xC4,0x59,0x46,0x62,0x09,0x83,0x4A,0x93,
    0x6A,0x93,0xAB,0x9B,0xF0,0xC4,0xFA,0xEE,0x51,0xD5,0xD3,0xDD,0xDD,0xFF,0xDD,0xFF,
    0xBC,0xFF,0xBB,0xFF,0x9B,0xF7,0x9B,0xF7,0x9B,0xF7,0x9B,0xF7,0x9B,0xF7,0x9B,0xF7,
    0xBC,0xFF,0xDD,0xFF,0xDD,0xFF,0x7B,0xF7,0x7A,0xF7,0xBB,0xFF,0xDB,0xFF,0xFE,0xFF,
    0xFF,0xFF,0xDC,0xFF,0xDC,0xFF,0xDB,0xFF,0xDC,0xFF,0xDC,0xFF,0xDC,0xFF,0xFD,0xFF,
    0xBC,0xF7,0x16,0xCE,0x6A,0x93,0xF1,0xBC,0x5D,0xEF,0x52,0xBD,0xEB,0xA3,0xAB,0x9B,
    0x2A,0x8B,0x87,0x72,0x26,0x6A,0xAB,0xA3,0x8B,0x9B,0x6A,0x9B,0x8B,0x9B,0xC8,0x7A,
    0xA4,0x49,0x84,0x49,0xE5,0x51,0xE5,0x59,0xC4,0x51,0x84,0x49,0xA4,0x49,0xC4,0x51,
    0xC4,0x51,0xC4,0x51,0x83,0x41,0x43,0x41,0x8B,0x83,0xDE,0xFF,0xFF,0xFF,0xB8,0xE6,
    0xF1,0xB4,0xFF,0xFF,0xF1,0xBD,0xEB,0xAD,0xAF,0xCE,0x6E,0xC6,0xAB,0xAD,0xAB,0xA5,
    0x4A,0x9D,0x29,0x9D,0x68,0x84,0xEC,0xB5,0xAF,0xCE,0xD1,0xCE,0x8F,0xC6,0xF1,0xBD,
    0x7D,0xF7,0xFF,0xFF,0x58,0xD6,0x63,0x41,0x05,0x5A,0x05,0x5A,0x26,0x62,0xC5,0x51,
    0x26,0x62,0xE8,0x7A,0x09,0x8B,0xC8,0x7A,0x8A,0x9B,0xCB,0xAB,0x93,0xD5,0x3A,0xEF,
    0xB3,0xDD,0xF3,0xDD,0xDD,0xFF,0xDC,0xFF,0xBB,0xFF,0x9B,0xF7,0x9B,0xF7,0x9B,0xF7,
    0x9B,0xF7,0x9B,0xF7,0xBB,0xF7,0xBC,0xFF,0xDD,0xFF,0xBC,0xFF,0x7B,0xF7,0x7B,0xF7,
    0xBB,0xFF,0xDC,0xFF,0xDC,0xFF,0xFF,0xFF,0xFE,0xFF,0xDC,0xFF,0xDB,0xFF,0xDC,0xFF,
    0xDC,0xFF,0xDC,0xFF,0xFD,0xFF,0xFD,0xFF,0xFD,0xFF,0x57,0xD6,0xEC,0x9B,0xEC,0x9B,
    0x8B,0x93,0x09,0x8B,0x6A,0x93,0xC8,0x7A,0xC4,0x51,0x6A,0x9B,0xAB,0xA3,0x8A,0x9B,
    0x6A,0x93,0x8A,0x9B,0x26,0x62,0x84,0x49,0xC4,0x51,0xE5,0x59,0xE5,0x59,0xA4,0x51,
    0xA4,0x49,0xC4,0x51,0xC4,0x51,0xC4,0x51,0xA4,0x51,0x84,0x49,0x02,0x31,0xD1,0xA4,
    0xFF,0xFF,0xDD,0xFF,0x9C,0xFF,0xB9,0xE6,0x5C,0xEF,0x1A,0xE7,0xCE,0xB5,0xD0,0xD6,
    0xB0,0xCE,0xAE,0xCE,0xAB,0xAD,0x66,0x63,0xCE,0xA4,0x2A,0x8C,0xE5,0x6B,0xC9,0x8C,
    0xCC,0xAD,0x6E,0xC6,0x8E,0xAD,0x3B,0xEF,0xDE,0xFF,0xFF,0xFF,0xCA,0x6A,0xA4,0x51,
    0x05,0x5A,0x05,0x62,0xC4,0x51,0x05,0x62,0xC8,0x7A,0xE8,0x82,0xA7,0x72,0xC8,0x7A,
    0x6A,0x93,0xCB,0xA3,0xB7,0xEE,0x9D,0xF7,0xD4,0xD5,0xF4,0xD5,0xFD,0xFF,0xBB,0xFF,
    0x9B,0xF7,0x9B,0xF7,0x9B,0xF7,0x9B,0xF7,0xBB,0xF7,0xBB,0xF7,0xBC,0xFF,0xDE,0xFF,
    0xBC,0xFF,0x7B,0xF7,0x7B,0xF7,0xDB,0xFF,0xBB,0xFF,0xDB,0xFF,0xFE,0xFF,0xFE,0xFF,
    0xFD,0xFF,0xDC,0xFF,0xDC,0xFF,0xDC,0xFF,0xDC,0xFF,0xFD,0xFF,0xDD,0xFF,0xFD,0xFF,
    0xFF,0xFF,0x33,0xBD,0x8B,0x93,0x4A,0x8B,0x09,0x83,0x87,0x72,0x43,0x39,0xA7,0x72,
    0x8B,0x9B,0x4A,0x93,0x6A,0x93,0x6A,0x93,0x4A,0x8B,0xA4,0x51,0xE5,0x51,0xC5,0x51,
    0xE5,0x59,0xE5,0x51,0xA4,0x51,0xA4,0x49,0xC5,0x51,0xC4,0x51,0xA4,0x51,0xA4,0x49,
    0x84,0x49,0xE2,0x30,0xF6,0xC5,0xFF,0xFF,0xDD,0xFF,0xDE,0xFF,0x9D,0xF7,0x7C,0xF7,
    0x7C,0xF7,0x10,0xBE,0xCF,0xCE,0xAF,0xCE,0xC9,0x94,0x85,0x63,0xE6,0x6B,0x55,0xD6,
    0x15,0xCE,0xC9,0x8C,0x67,0x7C,0x47,0x7C,0x4D,0xA5,0xF2,0xBD,0x78,0xDE,0xBD,0xFF,
    0xFF,0xFF,0xB6,0xBD,0xE5,0x51,0x26,0x62,0x05,0x5A,0xE5,0x51,0x46,0x62,0x09,0x83,
    0x09,0x83,0x09,0x83,0x66,0x6A,0x29,0x8B,0x4A,0x93,0x92,0xD5,0x5B,0xF7,0xDF,0xFF,
    0x31,0xC5,0x19,0xEF,0xFD,0xFF,0xBB,0xFF,0x9B,0xF7,0x9B,0xF7,0xBB,0xFF,0xBC,0xFF,
    0xBB,0xFF,0xBC,0xFF,0xDE,0xFF,0xBC,0xFF,0x7B,0xF7,0x7B,0xF7,0xBB,0xFF,0xBB,0xFF,
    0xDB,0xFF,0xFD,0xFF,0xFE,0xFF,0xDC,0xFF,0xFD,0xFF,0xFD,0xFF,0xDC,0xFF,0xFD,0xFF,
    0xFD,0xFF,0xFE,0xFF,0xBE,0xF7,0xD0,0xB4,0x4A,0x93,0x8B,0x9B,0x4A,0x8B,0x26,0x62,
    0x43,0x41,0x06,0x5A,0x4A,0x8B,0x2A,0x8B,0x4A,0x93,0x29,0x8B,0x6A,0x93,0x46,0x6A,
    0xA4,0x49,0xE5,0x51,0xE5,0x51,0xE5,0x59,0xE5,0x51,0xA4,0x49,0xC5,0x51,0xE5,0x51,
    0xC4,0x51,0xA4,0x49,0xA4,0x49,0x83,0x49,0x43,0x39,0xDA,0xDE,0xFF,0xFF,0xDE,0xFF,
    0xDE,0xFF,0xFE,0xFF,0x1A,0xEF,0xD8,0xE6,0x34,0xC6,0x29,0x9D,0xCB,0x9C,0x08,0x7C,
    0xE8,0x84,0x8A,0xA5,0x96,0xD6,0x9E,0xF7,0x11,0xC6,0x4D,0xBE,0xCB,0xAD,0x73,0xCE,
    0x7E,0xF7,0x36,0xD6,0xFE,0xFF,0xDE,0xFF,0xDF,0xFF,0x4B,0x7B,0x05,0x62,0x26,0x62,
    0x05,0x5A,0x87,0x6A,0x29,0x8B,0x29,0x83,0x09,0x83,0x87,0x72,0x67,0x6A,0xE8,0x82,
    0x0C,0xAC,0x76,0xE6,0xFD,0xFF,0x19,0xEF,0x51,0xC5,0xFD,0xFF,0xBC,0xFF,0xBB,0xFF,
    0x9B,0xFF,0x9B,0xFF,0xBC,0xFF,0xBC,0xFF,0xDD,0xFF,0xDD,0xFF,0xBC,0xFF,0x9B,0xF7,
    0x7B,0xF7,0xBB,0xFF,0xDB,0xFF,0xDB,0xFF,0xDC,0xFF,0xFF,0xFF,0xDD,0xFF,0xDC,0xFF,
    0xFD,0xFF,0xFE,0xFF,0xFE,0xFF,0xFE,0xFF,0x9C,0xF7,0x8F,0xAC,0x09,0x83,0x6A,0x93,
    0x09,0x8B,0x46,0x6A,0xA4,0x51,0x46,0x62,0x6A,0x93,0x4A,0x8B,0x4A,0x93,0x29,0x8B,
    0x09,0x83,0x09,0x83,0x84,0x49,0x05,0x5A,0xC4,0x51,0x05,0x5A,0x05,0x5A,0xE5,0x59,
    0xC5,0x51,0xE5,0x59,0xE5,0x51,0xA4,0x49,0xA4,0x49,0xA4,0x49,0x63,0x41,0x06,0x5A,
    0x1B,0xEF,0xFE,0xFF,0xDD,0xFF,0xDE,0xFF,0xFE,0xFF,0x3B,0xEF,0xB4,0xC5,0x9D,0xF7,
    0x36,0xCE,0x58,0xD6,0xEE,0xB5,0x4F,0xBE,0x4E,0xBE,0x55,0xCE,0xFF,0xFF,0xB8,0xD6,
    0x2D,0xBE,0xD0,0xCE,0x6D,0xBE,0x14,0xC6,0x79,0xD6,0xFF,0xFF,0x9C,0xFF,0xFF,0xFF,
    0x74,0xB5,0xE4,0x59,0x26,0x62,0x26,0x62,0xA8,0x72,0x2A,0x8B,0x09,0x83,0xE8,0x7A,
    0x87,0x6A,0x67,0x6A,0xA7,0x7A,0x29,0x93,0x10,0xC5,0x5A,0xEF,0xFD,0xFF,0x72,0xC5,
    0xD8,0xE6,0xFD,0xFF,0xBB,0xFF,0xBB,0xFF,0xBB,0xFF,0xBC,0xFF,0xDC,0xFF,0xFE,0xFF,
    0xDD,0xFF,0xBC,0xFF,0x9B,0xF7,0x9B,0xF7,0xBB,0xFF,0xBB,0xFF,0xBB,0xFF,0xDB,0xFF,
    0xFE,0xFF,0xFE,0xFF,0xDC,0xFF,0xFD,0xFF,0xFD,0xFF,0xFF,0xFF,0x9D,0xF7,0x31,0xBD,
    0x4A,0x8B,0xE8,0x82,0xA7,0x72,0xE9,0x7A,0xE5,0x59,0x46,0x6A,0x6A,0x93,0x6B,0x93,
    0x6A,0x93,0x4A,0x93,0xE9,0x7A,0x6A,0x93,0x26,0x5A,0xC5,0x51,0xE5,0x59,0xE5,0x51,
    0x06,0x5A,0x05,0x5A,0xE5,0x59,0xC5,0x51,0xE5,0x51,0xC4,0x51,0x84,0x49,0xC4,0x49,
    0x84,0x49,0xC4,0x51,0x87,0x62,0x5C,0xEF,0xFF,0xFF,0xDE,0xFF,0xDE,0xFF,0xDD,0xFF,
    0xDE,0xFF,0x58,0xD6,0xDF,0xFF,0xFF,0xFF,0xD8,0xD6,0x2E,0xBE,0xD1,0xCE,0x8F,0xC6,
    0x13,0xBE,0x18,0xE7,0xB8,0xDE,0x0E,0xBE,0x8F,0xC6,0xAF,0xC6,0xEC,0xAD,0x36,0xCE,
    0xFF,0xFF,0x5B,0xF7,0xBD,0xFF,0x7D,0xEF,0xA8,0x72,0x46,0x62,0x67,0x6A,0xC8,0x7A,
    0x4A,0x8B,0x29,0x8B,0xE9,0x82,0xC8,0x7A,0x09,0x83,0xC8,0x7A,0x29,0x8B,0x0C,0xAC,
    0xF9,0xE6,0xFE,0xFF,0xD8,0xE6,0x93,0xCD,0xFE,0xFF,0xBB,0xFF,0xBB,0xFF,0xBB,0xFF,
    0xBC,0xFF,0xDD,0xFF,0xFE,0xFF,0xDD,0xFF,0xBD,0xFF,0x9B,0xF7,0x9B,0xF7,0xBB,0xFF,
    0xBB,0xFF,0xBB,0xFF,0xDC,0xFF,0xFD,0xFF,0xFF,0xFF,0xFD,0xFF,0xFD,0xFF,0xFF,0xFF,
    0x7D,0xF7,0x15,0xD6,0xEC,0xA3,0x29,0x8B,0xCC,0x8B,0x38,0xCE,0xED,0x8B,0xC4,0x51,
    0x09,0x83,0x6A,0x93,0x4A,0x93,0x6A,0x93,0xE8,0x7A,0x2A,0x8B,0xE9,0x82,0xA4,0x49,
    0x26,0x62,0xC4,0x51,0x05,0x5A,0x06,0x5A,0x06,0x5A,0x05,0x5A,0xE5,0x51,0xC5,0x51,
    0xA4,0x49,0xA4,0x49,0xA4,0x51,0xA4,0x49,0x05,0x5A,0x87,0x62,0x5C,0xF7,0xFF,0xFF,
    0x9D,0xFF,0xBD,0xFF,0xDE,0xFF,0xFE,0xFF,0x3B,0xEF,0x1B,0xEF,0xFF,0xFF,0x32,0xC6,
    0x4D,0xBE,0x8F,0xC6,0x8E,0xC6,0xB1,0xB5,0x3A,0xE7,0x7B,0xEF,0x32,0xC6,0x6D,0xC6,
    0x8F,0xC6,0x8D,0xBE,0xAF,0xB5,0x9D,0xF7,0x3B,0xF7,0xDE,0xFF,0xFF,0xFF,0x4F,0x9C,
    0x46,0x6A,0x67,0x6A,0x09,0x83,0x4A,0x8B,0x2A,0x8B,0x09,0x83,0xE9,0x7A,0x6A,0x8B,
    0xC8,0x7A,0xE8,0x82,0x6A,0x9B,0x15,0xD6,0xFE,0xFF,0x9B,0xF7,0x11,0xBD,0xDC,0xFF,
    0xDC,0xFF,0xBC,0xFF,0xBB,0xFF,0xBC,0xFF,0xDD,0xFF,0xDD,0xFF,0xDD,0xFF,0xDD,0xFF,
    0x9C,0xFF,0x9B,0xF7,0xBB,0xFF,0xBB,0xFF,0xBC,0xFF,0xDC,0xFF,0xDC,0xFF,0xFF,0xFF,
    0xFE,0xFF,0xFD,0xFF,0xBD,0xF7,0x36,0xDE,0x4D,0xB4,0x4A,0x8B,0xD6,0xC5,0xFF,0xFF,
    0xB9,0xDE,0x05,0x62,0x09,0x83,0x6B,0x93,0x4A,0x8B,0x6A,0x93,0xE9,0x82,0xC8,0x7A,
    0x4A,0x93,0x06,0x5A,0x06,0x5A,0xE5,0x51,0xE5,0x51,0x05,0x5A,0x05,0x5A,0x05,0x5A,
    0xE5,0x59,0xE5,0x59,0xC4,0x51,0x84,0x49,0xE5,0x51,0xC4,0x51,0xE5,0x51,0xE5,0x51,
    0x67,0x62,0x3A,0xEF,0xFF,0xFF,0xBE,0xFF,0x3B,0xF7,0x9D,0xFF,0xFF,0xFF,0x3A,0xEF,
    0xB4,0xC5,0x1A,0xEF,0xAE,0xAD,0xAF,0xCE,0xB0,0xCE,0x8F,0xC6,0x6E,0xAD,0x9F,0xF7,
    0xDE,0xFF,0xF3,0xC5,0x2F,0xBE,0xB0,0xCE,0xAD,0xAD,0x97,0xD6,0x1A,0xEF,0x5C,0xF7,
    0xFF,0xFF,0xFF,0xFF,0x57,0xD6,0x26,0x62,0x46,0x62,0x2A,0x8B,0x4A,0x8B,0x2A,0x83,
    0x4A,0x8B,0xCC,0x93,0x8B,0x93,0xE9,0x7A,0x87,0x6A,0x49,0x93,0x32,0xBD,0xFE,0xFF,
    0xDC,0xFF,0xD0,0xB4,0x5A,0xF7,0xDC,0xFF,0xBB,0xFF,0xBB,0xFF,0xBC,0xFF,0xFE,0xFF,
    0xDD,0xFF,0xDD,0xFF,0xDD,0xFF,0x9C,0xFF,0x9B,0xFF,0xBC,0xFF,0xBC,0xFF,0xBC,0xFF,
    0xDC,0xFF,0xDC,0xFF,0xFE,0xFF,0xFF,0xFF,0xFE,0xFF,0x36,0xD6,0x6D,0xBC,0x0D,0x9C,
    0x1B,0xE7,0xFF,0xFF,0xFF,0xFF,0x2E,0x9C,0xE8,0x82,0xAB,0x9B,0x6A,0x93,0x8B,0x93,
    0x6A,0x93,0xA8,0x72,0x29,0x83,0xA8,0x72,0x06,0x5A,0x05,0x5A,0xE5,0x51,0x06,0x5A,
    0x06,0x5A,0x05,0x5A,0xE5,0x51,0x06,0x5A,0x05,0x5A,0xA4,0x49,0xA4,0x49,0x05,0x5A,
    0x05,0x5A,0x26,0x5A,0xC5,0x51,0x67,0x62,0xF9,0xEE,0xDE,0xFF,0xFF,0xFF,0xDE,0xFF,
    0x5B,0xF7,0x5B,0xF7,0xBD,0xFF,0x36,0xD6,0x72,0xC5,0x4C,0xA5,0xCC,0xAD,0x0E,0xBE,
    0x8F,0xC6,0x4C,0x9D,0xFB,0xE6,0x9D,0xF7,0x56,0xD6,0x4B,0x9D,0xCE,0xB5,0x73,0xBD,
    0x57,0xDE,0x9D,0xF7,0xFF,0xFF,0xDE,0xFF,0xDE,0xFF,0xDE,0xFF,0xEA,0x72,0x46,0x6A,
    0x4A,0x8B,0x6A,0x8B,0x4A,0x8B,0x8B,0x93,0x54,0xBD,0xAB,0x9B,0x4A,0x8B,0x67,0x6A,
    0x08,0x83,0x73,0xC5,0xFE,0xFF,0xFE,0xFF,0xF1,0xB4,0x19,0xEF,0xFC,0xFF,0xBB,0xFF,
    0xBB,0xFF,0xDC,0xFF,0xDD,0xFF,0xDD,0xFF,0xDD,0xFF,0xDD,0xFF,0x9C,0xFF,0x9B,0xF7,
    0xBC,0xFF,0xBC,0xFF,0xBC,0xFF,0xBC,0xFF,0xDD,0xFF,0xFD,0xFF,0xFF,0xFF,0x3C,0xEF,
    0x6D,0xB4,0xAF,0xB4,0x9D,0xF7,0xFF,0xFF,0xFE,0xFF,0xB9,0xDE,0x4A,0x83,0x8B,0x93,
    0x8B,0x93,0x8B,0x93,0xAB,0x9B,0x09,0x83,0xE8,0x7A,0x2A,0x83,0x26,0x62,0x26,0x5A,
    0xE5,0x51,0x05,0x5A,0x46,0x62,0x26,0x62,0xE5,0x51,0x06,0x5A,0x47,0x62,0xE5,0x59,
    0xA4,0x49,0xE5,0x51,0x05,0x5A,0x26,0x5A,0x46,0x62,0xC5,0x51,0xA8,0x6A,0xD9,0xEE,
    0xDE,0xFF,0xDE,0xFF,0xFF,0xFF,0xFF,0xFF,0x9D,0xF7,0x5C,0xF7,0x77,0xDE,0xF1,0xB4,
    0xB3,0xC5,0x93,0xBD,0x30,0xAD,0xCF,0xB5,0x0D,0x9D,0x9E,0xF7,0xDE,0xFF,0x3A,0xEF,
    0x51,0xBD,0xD4,0xCD,0xB0,0xAC,0x7C,0xF7,0xFF,0xFF,0x9C,0xFF,0x9D,0xFF,0xBD,0xFF,
    0xFF,0xFF,0xD1,0xA4,0xA7,0x72,0x6A,0x8B,0x8B,0x93,0x09,0x83,0x4A,0x8B,0x99,0xDE,
    0x0D,0x9C,0x4A,0x93,0x09,0x83,0x09,0x83,0x31,0xC5,0xFD,0xFF,0xDD,0xFF,0x90,0xAC,
    0x5B,0xF7,0xFC,0xFF,0xBC,0xFF,0xBC,0xFF,0xDD,0xFF,0xDC,0xFF,0xDD,0xFF,0xDD,0xFF,
    0xDD,0xFF,0x9C,0xFF,0x9B,0xF7,0xBC,0xFF,0xBC,0xFF,0xBC,0xFF,0xBC,0xFF,0xDD,0xFF,
    0xDD,0xFF,0xFF,0xFF,0x53,0xBD,0x8B,0x93,0x5C,0xEF,0xFE,0xFF,0xFE,0xFF,0xDE,0xFF,
    0x94,0xBD,0x4A,0x8B,0x4A,0x8B,0x8B,0x93,0x4A,0x8B,0x4A,0x8B,0xA8,0x72,0x6A,0x93,
    0x67,0x6A,0x06,0x5A,0x26,0x62,0xC5,0x51,0x26,0x5A,0x46,0x62,0x46,0x62,0x26,0x5A,
    0x47,0x62,0x67,0x6A,0x05,0x5A,0xE5,0x51,0x05,0x5A,0xE5,0x51,0x46,0x62,0x67,0x62,
    0x05,0x52,0xE9,0x72,0xB8,0xE6,0xDE,0xFF,0xDE,0xFF,0xDE,0xFF,0xBD,0xFF,0xBD,0xFF,
    0x9D,0xFF,0xBE,0xFF,0x99,0xDE,0x53,0xBD,0xB9,0xE6,0x77,0xDE,0x72,0xC5,0xB9,0xE6,
    0x5B,0xF7,0xF9,0xEE,0x7C,0xF7,0x7C,0xFF,0x93,0xCD,0x16,0xCE,0xFF,0xFF,0xDE,0xFF,
    0xDE,0xFF,0xBD,0xFF,0xBD,0xFF,0xFE,0xFF,0x99,0xDE,0x4A,0x8B,0xAB,0x93,0xAB,0x9B,
    0xE9,0x7A,0x4A,0x83,0x7C,0xEF,0x2E,0x9C,0x49,0x8B,0xCC,0x93,0x6E,0xAC,0x11,0xC5,
    0xFE,0xFF,0xF9,0xE6,0x4E,0xA4,0xFD,0xFF,0xBC,0xFF,0xBB,0xFF,0xDD,0xFF,0xDD,0xFF,
    0xBC,0xFF,0xBD,0xFF,0xDD,0xFF,0xDD,0xFF,0x9C,0xFF,0x9B,0xF7,0xBC,0xFF,0xBC,0xFF,
    0xBC,0xFF,0xDC,0xFF,0xDD,0xFF,0xFD,0xFF,0x9D,0xF7,0x8B,0x93,0x91,0xA4,0xFF,0xFF,
    0xDE,0xFF,0xFF,0xFF,0x5C,0xEF,0x8F,0xAC,0x09,0x83,0x8B,0x93,0x6A,0x8B,0x6A,0x93,
    0xE9,0x7A,0xC8,0x7A,0x4A,0x8B,0xA5,0x49,0x87,0x6A,0x26,0x62,0xE5,0x51,0x46,0x62,
    0x67,0x62,0x46,0x62,0x67,0x6A,0x87,0x6A,0xA7,0x6A,0x26,0x5A,0x25,0x5A,0x26,0x5A,
    0x05,0x5A,0x47,0x62,0x46,0x5A,0x26,0x5A,0x09,0x73,0xB9,0xE6,0xBD,0xFF,0xDE,0xFF,
    0xDD,0xFF,0x5A,0xF7,0x5B,0xF7,0x7C,0xF7,0xDE,0xFF,0xFF,0xFF,0x58,0xD6,0x5C,0xEF,
    0xBD,0xFF,0xB7,0xE6,0xDD,0xFF,0x3A,0xF7,0xF8,0xEE,0xBD,0xFF,0xFF,0xFF,0x16,0xCE,
    0x7D,0xF7,0xDE,0xFF,0xDE,0xFF,0xDE,0xFF,0xDE,0xFF,0xDD,0xFF,0xFE,0xFF,0x7D,0xEF,
    0xED,0x9B,0xEC,0x9B,0xAB,0x93,0x09,0x83,0x2E,0x9C,0xFE,0xFF,0xED,0x93,0x09,0x83,
    0x4F,0x9C,0x52,0xBD,0x52,0xC5,0xFF,0xFF,0xF1,0xBC,0xF4,0xCD,0xFD,0xFF,0xBB,0xFF,
    0xDC,0xFF,0xFD,0xFF,0xBC,0xFF,0xBC,0xFF,0xBC,0xFF,0xBD,0xFF,0xBD,0xFF,0x9C,0xFF,
    0x9B,0xFF,0xBD,0xFF,0xDD,0xFF,0xDD,0xFF,0xDD,0xFF,0xDD,0xFF,0xFE,0xFF,0xB9,0xDE,
    0x66,0x6A,0xF7,0xC5,0xFF,0xFF,0xDC,0xFF,0xFF,0xFF,0xF6,0xCD,0xE9,0x82,0x09,0x83,
    0x8B,0x93,0x6A,0x8B,0x6B,0x93,0xA8,0x72,0x6A,0x93,0x67,0x6A,0xE5,0x51,0x87,0x6A,
    0x46,0x62,0x26,0x62,0x87,0x6A,0x67,0x6A,0x26,0x5A,0xA8,0x72,0xC8,0x72,0xA8,0x72,
    0x46,0x5A,0x46,0x62,0x46,0x62,0x67,0x62,0x87,0x6A,0x26,0x5A,0x26,0x5A,0xE9,0x6A,
    0xB8,0xE6,0x9C,0xFF,0xDE,0xFF,0xDD,0xFF,0xBD,0xFF,0xDD,0xFF,0xDE,0xFF,0xDE,0xFF,
    0xFE,0xFF,0xDF,0xFF,0x3C,0xEF,0xDA,0xDE,0x5B,0xF7,0xDD,0xFF,0xBC,0xFF,0x7C,0xF7,
    0xFF,0xFF,0x1B,0xEF,0x5D,0xEF,0xFF,0xFF,0xDE,0xFF,0xDE,0xFF,0xDE,0xFF,0xDE,0xFF,
    0xDE,0xFF,0xDD,0xFF,0xFE,0xFF,0x90,0xAC,0x4A,0x8B,0x6B,0x8B,0x4A,0x8B,0x16,0xCE,
    0xFE,0xFF,0x0D,0x9C,0x09,0x8B,0xF6,0xC5,0x93,0xC5,0xF1,0xBC,0xF5,0xD5,0x93,0xCD,
    0xFD,0xFF,0xDB,0xFF,0xBB,0xFF,0xDD,0xFF,0xBC,0xFF,0xBC,0xFF,0xBC,0xFF,0xBC,0xFF,
    0xBD,0xFF,0xDD,0xFF,0x9C,0xFF,0x9B,0xFF,0xDD,0xFF,0xDD,0xFF,0xDD,0xFF,0xDD,0xFF,
    0xDD,0xFF,0xFF,0xFF,0xF6,0xCD,0x25,0x62,0x58,0xD6,0xFF,0xFF,0xDB,0xFF,0xFE,0xFF,
    0x8F,0xAC,0x66,0x6A,0x8B,0x93,0x4A,0x8B,0x6A,0x8B,0x4A,0x8B,0xE9,0x7A,0x8B,0x93,
    0x05,0x5A,0x26,0x62,0x67,0x6A,0x46,0x62,0x67,0x62,0xA7,0x72,0xC8,0x72,0x0A,0x73,
    0xA8,0x72,0xE8,0x72,0xC8,0x72,0x67,0x62,0x46,0x62,0x47,0x62,0xC8,0x72,0xA8,0x6A,
    0x47,0x62,0x46,0x62,0x46,0x5A,0x57,0xD6,0x5B,0xF7,0xDE,0xFF,0xDD,0xFF,0xDE,0xFF,
    0xDE,0xFF,0xDE,0xFF,0xDE,0xFF,0xDE,0xFF,0xDE,0xFF,0xFF,0xFF,0x9D,0xF7,0xB9,0xDE,
    0xDE,0xFF,0xFE,0xFF,0xFF,0xFF,0xBD,0xF7,0xD9,0xDE,0xFF,0xFF,0xDE,0xFF,0xDE,0xFF,
    0xDE,0xFF,0xDE,0xFF,0xDE,0xFF,0xDE,0xFF,0xBE,0xFF,0xFF,0xFF,0xB1,0xAC,0x67,0x6A,
    0x6B,0x8B,0x6A,0x8B,0x9D,0xF7,0x7D,0xF7,0xCB,0x9B,0x6F,0xA4,0xDE,0xFF,0x31,0xBD,
    0x8F,0xAC,0xD8,0xE6,0xFD,0xFF,0xDC,0xFF,0xDC,0xFF,0xDD,0xFF,0xDD,0xFF,0xBC,0xFF,
    0xBC,0xFF,0xBC,0xFF,0xBC,0xFF,0xBD,0xFF,0xDD,0xFF,0xBC,0xFF,0xBB,0xFF,0xDD,0xFF,
    0xDE,0xFF,0xDD,0xFF,0xDD,0xFF,0xDD,0xFF,0xFF,0xFF,0xF6,0xC5,0x46,0x72,0x94,0xC5,
    0xFF,0xFF,0xFE,0xFF,0x1A,0xEF,0xCC,0x93,0x87,0x6A,0xAB,0x93,0x6B,0x8B,0xAB,0x93,
    0x4A,0x8B,0x4A,0x8B,0x2A,0x8B,0x26,0x62,0x47,0x62,0x87,0x6A,0x87,0x6A,0x87,0x6A,
    0x87,0x6A,0x8C,0x83,0xAC,0x83,0xA7,0x6A,0xE9,0x7A,0xE9,0x7A,0x87,0x6A,0x87,0x62,
    0xE9,0x72,0xC8,0x72,0xE8,0x72,0xC8,0x72,0x26,0x5A,0xC8,0x6A,0xF5,0xCD,0xD9,0xEE,
    0xBD,0xFF,0xDE,0xFF,0xDE,0xFF,0xDE,0xFF,0xDE,0xFF,0xDE,0xFF,0xDE,0xFF,0xDE,0xFF,
    0xDD,0xFF,0xFF,0xFF,0x5C,0xEF,0x1B,0xE7,0xFF,0xFF,0xFF,0xFF,0xFA,0xE6,0xD9,0xE6,
    0x7B,0xFF,0x19,0xF7,0xDE,0xFF,0xFE,0xFF,0xFF,0xFF,0xFE,0xFF,0xDE,0xFF,0xDE,0xFF,
    0xFE,0xFF,0x12,0xB5,0x09,0x83,0x09,0x7B,0xED,0x93,0xFF,0xFF,0x32,0xBD,0x4E,0xA4,
    0x5C,0xEF,0xFF,0xFF,0x6F,0xAC,0x97,0xDE,0xFE,0xFF,0xBC,0xFF,0xDC,0xFF,0xDC,0xFF,
    0xFE,0xFF,0xBC,0xFF,0xBC,0xFF,0xBC,0xFF,0xBC,0xFF,0xBC,0xFF,0xBD,0xFF,0xBD,0xFF,
    0xBC,0xFF,0xBB,0xFF,0xDD,0xFF,0xFF,0xFF,0xFE,0xFF,0xDD,0xFF,0xDD,0xFF,0xFF,0xFF,
    0x79,0xD6,0xC8,0x7A,0xAC,0x93,0x7D,0xEF,0xFF,0xFF,0x98,0xDE,0xD1,0xAC,0xA8,0x72,
    0xAC,0x93,0xAB,0x93,0xEC,0x9B,0x6B,0x8B,0xAB,0x93,0xA8,0x72,0x46,0x62,0x67,0x62,
    0xC8,0x72,0xC8,0x72,0xA8,0x6A,0x46,0x62,0xB1,0x9C,0x0E,0x94,0xC8,0x72,0x09,0x7B,
    0x09,0x7B,0xA8,0x72,0x09,0x73,0xAD,0x83,0x87,0x6A,0xE9,0x72,0x87,0x6A,0xAD,0x8B,
    0x50,0xB5,0x91,0xBD,0xB8,0xE6,0xF9,0xEE,0xDE,0xFF,0xDE,0xFF,0xDE,0xFF,0xDE,0xFF,
    0xDE,0xFF,0xDE,0xFF,0xDE,0xFF,0xDD,0xFF,0x3A,0xF7,0x5B,0xF7,0x1B,0xE7,0xFF,0xFF,
    0xFF,0xFF,0x98,0xDE,0x56,0xDE,0x97,0xEE,0xF9,0xEE,0xDE,0xFF,0x7C,0xF7,0x7C,0xF7,
    0xDE,0xFF,0xDE,0xFF,0xFE,0xFF,0x7B,0xF7,0xD1,0xB4,0xAB,0x93,0x0D,0x9C,0x2E,0xA4,
    0x32,0xBD,0x52,0xBD,0xBD,0xF7,0xFF,0xFF,0x9C,0xF7,0x6E,0xAC,0x9B,0xF7,0xDC,0xFF,
    0xDC,0xFF,0xDC,0xFF,0xFD,0xFF,0xDD,0xFF,0xBC,0xFF,0xBC,0xFF,0xBC,0xFF,0xBC,0xFF,
    0xBC,0xFF,0xBC,0xFF,0xBD,0xFF,0xBC,0xFF,0xBB,0xFF,0xBD,0xFF,0xDE,0xFF,0xDE,0xFF,
    0xDD,0xFF,0xFE,0xFF,0xFE,0xFF,0x9D,0xF7,0x8B,0x8B,0x6A,0x93,0x6F,0xA4,0xBA,0xDE,
    0x94,0xC5,0x4F,0xA4,0xE8,0x7A,0xEC,0x9B,0xED,0x9B,0x0D,0xA4,0x6B,0x8B,0x8B,0x93,
    0xA8,0x6A,0x87,0x6A,0xC8,0x72,0x09,0x7B,0x09,0x7B,0xC8,0x72,0x26,0x5A,0xD6,0xC5,
    0xF1,0xB4,0xA8,0x72,0x09,0x7B,0x09,0x7B,0xE9,0x7A,0x6B,0x83,0x90,0x9C,0xA7,0x6A,
    0x67,0x62,0x8A,0x7B,0xD2,0xC5,0x92,0xBD,0x92,0xBD,0xF9,0xEE,0x97,0xE6,0x5B,0xF7,
    0xDE,0xFF,0xDE,0xFF,0xDE,0xFF,0xDE,0xFF,0xBD,0xFF,0x5B,0xF7,0x9C,0xFF,0x1A,0xF7,
    0xB9,0xE6,0x58,0xCE,0x9D,0xF7,0xFE,0xFF,0x36,0xD6,0x51,0xB5,0x53,0xCE,0xD7,0xDE,
    0x3C,0xEF,0xDE,0xFF,0x1A,0xEF,0xBD,0xFF,0xDE,0xFF,0x3A,0xF7,0xF9,0xEE,0xB0,0xAC,
    0xD1,0xAC,0x53,0xBD,0x37,0xD6,0x5B,0xEF,0xFE,0xFF,0xFD,0xFF,0xFF,0xFF,0x94,0xC5,
    0xD5,0xCD,0xFE,0xFF,0xBB,0xFF,0xBC,0xFF,0xDD,0xFF,0xDD,0xFF,0xBC,0xFF,0xBC,0xFF,
    0xBC,0xFF,0xBC,0xFF,0xBC,0xFF,0xBC,0xFF,0xBC,0xFF,0xBC,0xFF,0xBC,0xFF,0x9B,0xFF,
    0xBD,0xFF,0xDD,0xFF,0xDD,0xFF,0xDD,0xFF,0xDE,0xFF,0xDD,0xFF,0xFF,0xFF,0xF7,0xC5,
    0x4A,0x8B,0x6A,0x93,0x4A,0x8B,0x8B,0x93,0x29,0x83,0x4A,0x8B,0xED,0x9B,0x0D,0xA4,
    0x0D,0xA4,0x4A,0x8B,0x0E,0x9C,0x2F,0x94,0xC8,0x7A,0x2A,0x83,0x29,0x83,0x29,0x83,
    0xE9,0x72,0x46,0x62,0xBA,0xDE,0x94,0xC5,0x66,0x6A,0x09,0x7B,0x2A,0x83,0x4A,0x83,
    0x6B,0x83,0x95,0xBD,0xE8,0x72,0x8B,0x83,0x4C,0xA5,0x8E,0xB5,0x16,0xD6,0x94,0xBD,
    0xF9,0xE6,0xB8,0xE6,0xF9,0xEE,0xDD,0xFF,0xDE,0xFF,0xDE,0xFF,0xDE,0xFF,0x3A,0xF7,
    0xD8,0xEE,0x3A,0xF7,0x5C,0xEF,0x5A,0xEF,0x37,0xE7,0xFB,0xE6,0x77,0xD6,0x57,0xCE,
    0x5A,0xE7,0xFC,0xF7,0x78,0xEF,0xF5,0xDE,0x5C,0xEF,0xBE,0xFF,0x9D,0xF7,0xF9,0xEE,
    0x97,0xE6,0x57,0xDE,0x13,0xC6,0x93,0xBD,0xB5,0xC5,0xFF,0xFF,0xFE,0xFF,0xDD,0xFF,
    0xFD,0xFF,0x36,0xD6,0xB0,0xAC,0xDD,0xFF,0xDC,0xFF,0xBB,0xFF,0xDC,0xFF,0xFD,0xFF,
    0xBC,0xFF,0xBC,0xFF,0xBC,0xFF,0xBC,0xFF,0xBC,0xFF,0xBC,0xFF,0xBC,0xFF,0xBC,0xFF,
    0xBC,0xFF,0xBC,0xFF,0x9B,0xFF,0xBD,0xFF,0xBD,0xFF,0xDD,0xFF,0xDD,0xFF,0xDD,0xFF,
    0xFE,0xFF,0xFE,0xFF,0xFF,0xFF,0xBA,0xDE,0xB5,0xC5,0x94,0xC5,0xF6,0xCD,0xF2,0xAC,
    0xC8,0x7A,0xCC,0x9B,0x0D,0xA4,0x0D,0xA4,0x6A,0x8B,0xF2,0xB4,0x17,0xCE,0xA7,0x72,
    0x09,0x7B,0x6A,0x8B,0x2A,0x83,0x4A,0x83,0x67,0x62,0xDA,0xDE,0xB9,0xDE,0x46,0x62,
    0x09,0x7B,0x6B,0x83,0x6B,0x83,0x09,0x7B,0x70,0x9C,0xD1,0xA4,0x36,0xD6,0x35,0xD6,
    0xD4,0xCD,0xD3,0xC5,0x2E,0xAD,0x77,0xDE,0x1A,0xEF,0xD8,0xE6,0x9C,0xFF,0xDD,0xFF,
    0xDD,0xFF,0xDE,0xFF,0x9D,0xFF,0x7C,0xF7,0xD9,0xE6,0xBE,0xF7,0xFE,0xFF,0xFF,0xFF,
    0x98,0xE6,0xCC,0x93,0x8E,0xB4,0xF5,0xE5,0x5D,0xF7,0xFF,0xFF,0xBA,0xF7,0xD4,0xD6,
    0xFA,0xEE,0x1A,0xEF,0x98,0xE6,0xD8,0xE6,0x92,0xBD,0x10,0xC6,0x5B,0xEF,0xDB,0xE6,
    0xDF,0xFF,0xFF,0xFF,0x7C,0xF7,0xF5,0xCD,0x93,0xC5,0xBC,0xFF,0xDC,0xFF,0xBB,0xFF,
    0xDC,0xFF,0xFD,0xFF,0xBC,0xFF,0xBC,0xFF,0x9C,0xFF,0x9C,0xFF,0xBC,0xFF,0x9C,0xFF,
    0x9C,0xFF,0x9C,0xFF,0xBC,0xFF,0xBC,0xFF,0xBC,0xFF,0x9C,0xFF,0xBD,0xFF,0xBD,0xFF,
    0xBD,0xFF,0xDD,0xFF,0xDD,0xFF,0xDD,0xFF,0xFE,0xFF,0xFE,0xFF,0xFF,0xFF,0xFF,0xFF,
    0xFF,0xFF,0xFA,0xEE,0xB1,0xAC,0x66,0x6A,0x8B,0x8B,0x0D,0xA4,0x4E,0xA4,0xCB,0x93,
    0xB5,0xC5,0xDF,0xFF,0x4A,0x83,0xE9,0x7A,0xAB,0x8B,0x8B,0x8B,0xAC,0x93,0x09,0x7B,
    0xD6,0xC5,0xFF,0xFF,0xED,0x93,0xCC,0x8B,0x6B,0x8B,0x8B,0x8B,0x09,0x7B,0x8B,0x83,
    0x57,0xDE,0x78,0xDE,0xB8,0xE6,0xFA,0xEE,0xF1,0xC5,0x8F,0xB5,0xB5,0xC5,0xF9,0xEE,
    0xD8,0xE6,0xF9,0xEE,0x19,0xEF,0xF9,0xEE,0xF9,0xEE,0x1A,0xEF,0x7C,0xF7,0x5B,0xEF,
    0x79,0xEF,0xFF,0xFF,0x98,0xEE,0x14,0xEE,0xFA,0xE6,0xB4,0xD5,0x55,0xF6,0x92,0xED,
    0x98,0xEE,0xFF,0xFF,0x16,0xDF,0xD1,0xBD,0x77,0xE6,0xB8,0xEE,0xF5,0xCD,0x15,0xCE,
    0x5B,0xF7,0xFF,0xFF,0x38,0xE7,0xB8,0xDE,0xFF,0xFF,0xFE,0xFF,0xDD,0xFF,0xFE,0xFF,
    0xFC,0xFF,0xDC,0xFF,0xDC,0xFF,0xFE,0xFF,0xDC,0xFF,0xBC,0xFF,0x9C,0xFF,0x9C,0xFF,
    0x9C,0xFF,0x9C,0xFF,0x9C,0xFF,0x9C,0xFF,0x9C,0xFF,0xBC,0xFF,0xBC,0xFF,0xBC,0xFF,
    0x9C,0xFF,0xBD,0xFF,0xBD,0xFF,0xBD,0xFF,0xDD,0xFF,0xDD,0xFF,0xDD,0xFF,0xDE,0xFF,
    0xFE,0xFF,0xFE,0xFF,0xFE,0xFF,0xDE,0xFF,0x58,0xDE,0xB0,0xAC,0xA8,0x72,0x8B,0x8B,
    0x2D,0xA4,0x4E,0xAC,0xEC,0x9B,0xF6,0xCD,0xFF,0xFF,0xD6,0xC5,0x67,0x6A,0xAB,0x93,
    0xCC,0x93,0xCC,0x93,0xAB,0x93,0x8B,0x8B,0x58,0xD6,0xD5,0xC5,0xD1,0xAC,0xCC,0x93,
    0x4A,0x8B,0x6B,0x83,0xF4,0xCD,0xF0,0xBD,0x96,0xDE,0x9D,0xFF,0xFF,0xFF,0xB7,0xDE,
    0xF4,0xCD,0x93,0xC5,0xD4,0xCD,0xF9,0xEE,0xD8,0xEE,0xB8,0xE6,0xF9,0xEE,0xD8,0xEE,
    0x97,0xE6,0x98,0xDE,0x16,0xDF,0xBA,0xF7,0x3B,0xF7,0x0F,0xDD,0x5A,0xFF,0xDE,0xFF,
    0xDE,0xFF,0xFA,0xEE,0x3A,0xFF,0x92,0xE5,0xFA,0xF6,0x9C,0xF7,0x90,0xBD,0x35,0xD6,
    0x72,0xBD,0xC7,0x6B,0x8D,0xA5,0x9D,0xF7,0xBF,0xFF,0x78,0xEF,0x19,0xE7,0xDA,0xE6,
    0xFE,0xFF,0xFD,0xFF,0xDD,0xFF,0xDC,0xFF,0xDC,0xFF,0xFE,0xFF,0xDD,0xFF,0xBC,0xFF,
    0xBC,0xFF,0x9C,0xFF,0x9C,0xFF,0xBC,0xFF,0x9C,0xFF,0x9C,0xFF,0xBC,0xFF,0xBC,0xFF,
    0xBC,0xFF,0xBC,0xFF,0xBC,0xFF,0x9C,0xFF,0xBD,0xFF,0xBD,0xFF,0xBD,0xFF,0xDD,0xFF,
    0xDD,0xFF,0xDD,0xFF,0xDD,0xFF,0xDE,0xFF,0xFE,0xFF,0xFE,0xFF,0xFF,0xFF,0x99,0xDE,
    0x70,0xAC,0x2E,0x9C,0x0D,0x9C,0x0D,0x9C,0x6E,0xAC,0x6A,0x93,0x13,0xAD,0xFF,0xFF,
    0xFF,0xFF,0x74,0xB5,0x6A,0x8B,0xEC,0x93,0xEC,0x9B,0xAC,0x93,0x6A,0x8B,0xED,0x9B,
    0x53,0xBD,0x70,0xA4,0x74,0xBD,0x4A,0x83,0xD5,0xCD,0x75,0xD6,0xCC,0xAD,0xF7,0xE6,
    0x7C,0xF7,0x9C,0xFF,0xFA,0xEE,0x1A,0xF7,0xF5,0xD5,0xAD,0x9C,0xAD,0x94,0x77,0xDE,
    0x1A,0xEF,0x1A,0xEF,0xD8,0xE6,0x77,0xDE,0x55,0xCE,0xB3,0xCE,0xFF,0xFF,0x93,0xE5,
    0x34,0xF6,0x7B,0xFF,0x3A,0xFF,0x7B,0xFF,0x5B,0xFF,0xFA,0xEE,0xF8,0xFE,0xF0,0xD4,
    0x1A,0xE7,0x11,0xAD,0xD4,0xCD,0xB3,0xC5,0x88,0x7C,0x89,0x9D,0xEF,0xB5,0x73,0xCE,
    0x7C,0xF7,0xFF,0xFF,0x1B,0xE7,0xFA,0xE6,0xFE,0xFF,0xFD,0xFF,0xFD,0xFF,0xFE,0xFF,
    0xDD,0xFF,0xBC,0xFF,0xBC,0xFF,0xBC,0xFF,0xBC,0xFF,0xBC,0xFF,0x9C,0xFF,0x9C,0xFF,
    0x9C,0xFF,0x9C,0xFF,0x9C,0xFF,0xBC,0xFF,0xBC,0xFF,0xBC,0xFF,0x9C,0xFF,0xBD,0xFF,
    0xBD,0xFF,0xBD,0xFF,0xDD,0xFF,0xDD,0xFF,0xDD,0xFF,0xDD,0xFF,0xDE,0xFF,0xFE,0xFF,
    0xFE,0xFF,0xFE,0xFF,0x9E,0xF7,0x2E,0x9C,0x4F,0xA4,0xD6,0xC5,0x4A,0x83,0x0D,0x9C,
    0xCC,0x9B,0x70,0x9C,0xFF,0xFF,0xDE,0xFF,0xFF,0xFF,0xD1,0xB4,0xAB,0x93,0xAB,0x93,
    0xCC,0x93,0xCC,0x93,0x2E,0xA4,0xB9,0xDE,0x1B,0xE7,0x74,0xBD,0xD4,0xC5,0xB8,0xE6,
    0x1A,0xEF,0x5B,0xEF,0x91,0xC6,0x5A,0xEF,0x1A,0xEF,0x96,0xD6,0xB6,0xDE,0x77,0xDE,
    0xC9,0x8C,0x46,0x74,0x07,0x74,0xCD,0x9C,0xD4,0xC5,0xF4,0xCD,0x72,0xBD,0x51,0xB5,
    0xD7,0xDE,0xB9,0xE6,0x92,0xED,0x7B,0xFF,0x5A,0xFF,0x5A,0xFF,0x3A,0xFF,0xB7,0xEE,
    0xD8,0xF6,0x56,0xE6,0xD0,0xAC,0xD4,0xC5,0x31,0xBD,0x99,0xDE,0x74,0xCE,0xCD,0xAD,
    0xED,0xAD,0x4D,0xB6,0x2C,0xB6,0xD7,0xDE,0xBE,0xFF,0xBC,0xFF,0xB7,0xE6,0xD9,0xE6,
    0xBC,0xFF,0xFE,0xFF,0xDE,0xFF,0xDC,0xFF,0xBC,0xFF,0xBC,0xFF,0xBC,0xFF,0xDD,0xFF,
    0xDD,0xFF,0x9C,0xFF,0x9C,0xFF,0x9C,0xFF,0x9C,0xFF,0xBC,0xFF,0xBC,0xFF,0xBC,0xFF,
    0xBC,0xFF,0x9C,0xFF,0xBD,0xFF,0xBD,0xFF,0xDD,0xFF,0xDD,0xFF,0xDD,0xFF,0xDD,0xFF,
    0xDD,0xFF,0xDE,0xFF,0xFE,0xFF,0xFE,0xFF,0xFE,0xFF,0xFF,0xFF,0x79,0xD6,0x2A,0x83,
    0x5C,0xEF,0x12,0xAD,0x2A,0x83,0x0D,0xA4,0x90,0xAC,0xBE,0xF7,0xFF,0xFF,0xFF,0xFF,
    0x1B,0xEF,0x6F,0xAC,0xD1,0xAC,0x8B,0x93,0x4A,0x8B,0x8B,0x8B,0xEC,0x9B,0x6F,0x9C,
    0x31,0xAD,0x57,0xD6,0xB8,0xE6,0xFF,0xFF,0xFE,0xFF,0x9A,0xEF,0xBD,0xFF,0xB9,0xDE,
    0xEE,0xAD,0x0C,0xB6,0xF0,0xBD,0x8B,0xA5,0xAA,0xA5,0x67,0x7C,0x06,0x74,0x73,0xBD,
    0xB3,0xC5,0xF0,0xAC,0x32,0xBD,0x15,0xCE,0xB4,0xC5,0xB0,0xB4,0xD8,0xEE,0x9B,0xFF,
    0x3A,0xFF,0xD7,0xF6,0x96,0xF6,0xB2,0xED,0x32,0xC5,0x73,0xBD,0x92,0xC5,0x56,0xDE,
    0xFB,0xE6,0x30,0xBE,0xEA,0xA5,0x2D,0xB6,0x6F,0xBE,0xB6,0xD6,0xBD,0xF7,0x5C,0xF7,
    0x5A,0xF7,0x99,0xFF,0xFB,0xE6,0xFB,0xE6,0xFF,0xFF,0xDD,0xFF,0xDD,0xFF,0xDC,0xFF,
    0xBC,0xFF,0xBC,0xFF,0xBC,0xFF,0xBC,0xFF,0x9C,0xFF,0xBC,0xFF,0xBC,0xFF,0xBC,0xFF,
    0xBC,0xFF,0xBC,0xFF,0xBC,0xFF,0xBC,0xFF,0xBC,0xFF,0xDD,0xFF,0xDD,0xFF,0xDD,0xFF,
    0xDD,0xFF,0xDD,0xFF,0xDE,0xFF,0xDE,0xFF,0xDE,0xFF,0xFE,0xFF,0xFE,0xFF,0xFE,0xFF,
    0xDE,0xFF,0xFF,0xFF,0x33,0xB5,0x70,0xA4,0xFF,0xFF,0xF7,0xCD,0x4F,0xA4,0xED,0x9B,
    0xB0,0xAC,0x1C,0xE7,0x7C,0xF7,0x9E,0xF7,0x37,0xD6,0x74,0xC5,0x99,0xDE,0x94,0xC5,
    0xED,0x8B,0xA8,0x7B,0x67,0x84,0x66,0x7C,0x15,0xC6,0x7D,0xF7,0x5B,0xF7,0x9C,0xFF,
    0xFF,0xFF,0x7C,0xF7,0x1C,0xE7,0x52,0xC6,0x4D,0xBE,0xAC,0xA5,0xEE,0xB5,0x91,0xCE,
    0x6A,0x9D,0x4C,0xA5,0x14,0xC6,0x77,0xDE,0x16,0xCE,0xD9,0xE6,0x93,0xC5,0x11,0xB5,
    0xF0,0xAC,0x4D,0xB4,0x35,0xE6,0x76,0xEE,0xF3,0xED,0xEF,0xDC,0xAE,0xCC,0xD4,0xCD,
    0x98,0xDE,0x1A,0xE7,0xFE,0xFF,0x1B,0xEF,0xD8,0xDE,0x95,0xCE,0x4F,0xBE,0x2C,0xAE,
    0x3B,0xE7,0xFF,0xFF,0x3B,0xEF,0x9D,0xF7,0x7C,0xF7,0xCE,0xB5,0xB5,0xDE,0x19,0xE7,
    0xBC,0xF7,0xDC,0xFF,0xBC,0xFF,0xBC,0xFF,0xBC,0xFF,0xBC,0xFF,0x9C,0xFF,0x9C,0xFF,
    0xBC,0xFF,0xBC,0xFF,0xBC,0xFF,0xBC,0xFF,0xBC,0xFF,0xBC,0xFF,0xBC,0xFF,0xBC,0xFF,
    0xDD,0xFF,0xDD,0xFF,0xDD,0xFF,0xDD,0xFF,0x18,0xDF,0xBD,0xFF,0xFE,0xFF,0xDD,0xFF,
    0xFE,0xFF,0xFE,0xFF,0xFE,0xFF,0xFE,0xFF,0xDE,0xFF,0xDE,0xFF,0xD2,0xAC,0x54,0xBD,
    0x7D,0xF7,0x5C,0xEF,0x99,0xDE,0xD6,0xC5,0x38,0xD6,0x79,0xDE,0x9D,0xF7,0xFF,0xFF,
    0xFA,0xE6,0x99,0xDE,0x37,0xC6,0xCE,0xAD,0x91,0xCE,0xCC,0xAD,0x8B,0xA5,0xCE,0xAD,
    0x12,0xBE,0xBE,0xFF,0x9C,0xF7,0x5A,0xEF,0x1B,0xEF,0xF9,0xDE,0x4F,0xBE,0x8F,0xC6,
    0xCC,0xAD,0x50,0xBE,0x16,0xDF,0xED,0xAD,0x6E,0xBE,0x0C,0xAE,0x12,0xBE,0x3C,0xEF,
    0xFE,0xFF,0xF9,0xEE,0x56,0xDE,0x15,0xD6,0x11,0xBD,0x10,0xCD,0xB3,0xDD,0xD0,0xBC,
    0xF0,0xC4,0xB3,0xCD,0xD9,0xE6,0xFE,0xFF,0xFF,0xFF,0xFE,0xFF,0x9D,0xF7,0x3C,0xEF,
    0xFF,0xFF,0x39,0xE7,0xD5,0xD6,0x9C,0xF7,0xBD,0xFF,0xBD,0xFF,0xB9,0xDE,0x33,0xC6,
    0x6E,0xC6,0xD0,0xD6,0x13,0xE7,0x94,0xD6,0x5B,0xF7,0xFD,0xFF,0xDC,0xFF,0xBC,0xFF,
    0xBC,0xFF,0xBC,0xFF,0xBC,0xFF,0xBC,0xFF,0xBC,0xFF,0xBC,0xFF,0xBC,0xFF,0xBC,0xFF,
    0xBC,0xFF,0xBD,0xFF,0xBD,0xFF,0xDD,0xFF,0xDD,0xFF,0xDE,0xFF,0xDD,0xFF,0x53,0xBE,
    0xD6,0xD6,0xFE,0xFF,0xFE,0xFF,0xDE,0xFF,0xFE,0xFF,0xFE,0xFF,0xFE,0xFF,0xFE,0xFF,
    0xFE,0xFF,0xFF,0xFF,0xB9,0xDE,0x99,0xDE,0xDD,0xFF,0xFF,0xFF,0xFF,0xFF,0xFF,0xFF,
    0xFF,0xFF,0xFF,0xFF,0xFE,0xFF,0x3B,0xE7,0xB9,0xDE,0x32,0xB5,0x6C,0xA5,0x4F,0xC6,
    0x92,0xD6,0xD3,0xD6,0x8E,0xC6,0xAC,0xAD,0x14,0xBE,0x3B,0xE7,0xF9,0xE6,0xB9,0xDE,
    0xF8,0xDE,0x4E,0xBE,0x6F,0xBE,0x8C,0xA5,0xAC,0xA5,0x0D,0xB6,0x2D,0xB6,0x2D,0xB6,
    0xED,0xAD,0x35,0xC6,0x9D,0xF7,0xDD,0xFF,0xDE,0xFF,0xFE,0xFF,0x7C,0xF7,0xD9,0xE6,
    0x57,0xD6,0x36,0xD6,0xFA,0xE6,0xD9,0xE6,0x1A,0xE7,0xDD,0xFF,0xBD,0xFF,0xDE,0xFF,
    0xDE,0xFF,0xFF,0xFF,0x3C,0xEF,0xBE,0xFF,0xFF,0xFF,0xDD,0xFF,0x38,0xEF,0xBC,0xF7,
    0xDF,0xFF,0xF0,0xBD,0x09,0x9D,0x0E,0xBE,0xB1,0xCE,0x11,0xDF,0x31,0xCE,0xB9,0xDE,
    0xF9,0xE6,0x7B,0xF7,0xDD,0xFF,0xBC,0xFF,0xBC,0xFF,0xBC,0xFF,0xBC,0xFF,0xBC,0xFF,
    0xBC,0xFF,0xBC,0xFF,0xBC,0xFF,0xBD,0xFF,0xBD,0xFF,0xBC,0xFF,0xDD,0xFF,0xDD,0xFF,
    0xDE,0xFF,0x9C,0xF7,0x12,0xB6,0xAF,0xAD,0xB5,0xCE,0xBC,0xF7,0xFE,0xFF,0xDE,0xFF,
    0xFE,0xFF,0xDE,0xFF,0xFE,0xFF,0xDE,0xFF,0xDE,0xFF,0xFF,0xFF,0xFF,0xFF,0xFE,0xFF,
    0xDD,0xFF,0xDD,0xFF,0xFE,0xFF,0xFE,0xFF,0xFE,0xFF,0x9C,0xF7,0x6D,0x94,0x35,0xD6,
    0x98,0xE6,0x72,0xBD,0xCB,0x9C,0x6F,0xC6,0xF3,0xDE,0x91,0xCE,0x2D,0xB6,0xEB,0xAD,
    0x0A,0x95,0x51,0xA5,0xBF,0xFF,0xBE,0xF7,0x5A,0xE7,0xB7,0xD6,0xCE,0xAD,0x4E,0xBE,
    0x0D,0xB6,0x8F,0xC6,0x2C,0xB6,0xCE,0xAD,0xFB,0xE6,0xFF,0xFF,0xFF,0xFF,0xDE,0xFF,
    0xFF,0xFF,0x9C,0xF7,0x9C,0xFF,0xBD,0xFF,0xDE,0xFF,0xDE,0xFF,0xBE,0xFF,0xFE,0xFF,
    0xDE,0xFF,0xDD,0xFF,0xDD,0xFF,0xBD,0xFF,0x7B,0xEF,0x5A,0xEF,0x9D,0xF7,0xBC,0xFF,
    0xDC,0xFF,0x1A,0xE7,0x76,0xCE,0x53,0xC6,0x6E,0xC6,0x4E,0xBE,0x8C,0xA5,0xD3,0xD6,
    0x50,0xC6,0x14,0xCE,0x7C,0xF7,0x51,0xBD,0x97,0xDE,0xFE,0xFF,0xBC,0xFF,0xBC,0xFF,
    0xBC,0xFF,0xBD,0xFF,0xBD,0xFF,0xBC,0xFF,0xBD,0xFF,0xBC,0xFF,0xBD,0xFF,0xBD,0xFF,
    0xBC,0xFF,0xDD,0xFF,0xDD,0xFF,0xDE,0xFF,0x9C,0xF7,0x53,0xBE,0xAF,0xA5,0xCF,0xAD,
    0xB4,0xD6,0x9B,0xF7,0xDE,0xFF,0xDD,0xFF,0xFE,0xFF,0xFE,0xFF,0xDE,0xFF,0xDE,0xFF,
    0xDE,0xFF,0xDE,0xFF,0xFE,0xFF,0xFE,0xFF,0xFE,0xFF,0xFE,0xFF,0xFE,0xFF,0xFE,0xFF,
    0xDE,0xF7,0xCE,0x9C,0x0E,0xAD,0x15,0xCE,0x78,0xD6,0x5D,0xF7,0x33,0xCE,0x2C,0xBE,
    0xB1,0xCE,0x6F,0xC6,0x0C,0xB6,0xE8,0x8C,0xA8,0x84,0xD0,0xB5,0x1B,0xE7,0xFF,0xFF,
    0xBE,0xF7,0x72,0xC6,0xEE,0xAD,0xF2,0xBD,0x4C,0xB6,0x30,0xBE,0x96,0xCE,0xB7,0xDE,
    0x59,0xEF,0x9B,0xF7,0xDE,0xFF,0xFF,0xFF,0x9D,0xFF,0x7C,0xF7,0xFE,0xFF,0xFF,0xFF,
    0xBD,0xF7,0x39,0xEF,0x7B,0xF7,0x9C,0xFF,0xBD,0xFF,0x9C,0xF7,0x9B,0xF7,0xDE,0xFF,
    0x3B,0xE7,0x79,0xD6,0x3B,0xEF,0x1A,0xE7,0xB6,0xD6,0x2E,0xBE,0x6E,0xC6,0x8F,0xC6,
    0xD2,0xCE,0x8F,0xC6,0xAC,0xAD,0xB0,0xB5,0xD4,0xCD,0x35,0xD6,0xAD,0xB4,0x3A,0xEF,
    0xFD,0xFF,0xBC,0xFF,0xBC,0xFF,0xBC,0xFF,0xDD,0xFF,0xFE,0xFF,0xBC,0xFF,0xBD,0xFF,
    0xBD,0xFF,0xBD,0xFF,0xBD,0xFF,0x9C,0xFF,0xDD,0xFF,0xDD,0xFF,0xDD,0xFF,0xFE,0xFF,
    0x39,0xE7,0xF0,0xAD,0xD0,0xAD,0x93,0xCE,0xF5,0xE6,0x9B,0xF7,0xFE,0xFF,0xDE,0xFF,
    0xFE,0xFF,0xDE,0xFF,0xDE,0xFF,0xDE,0xFF,0xDE,0xFF,0xDE,0xFF,0xDE,0xFF,0xDE,0xFF,
    0xFE,0xFF,0xFE,0xFF,0xFE,0xFF,0xFF,0xFF,0xFA,0xDE,0xAD,0x9C,0x4B,0x94,0x10,0xAD,
    0xDE,0xFF,0x7D,0xF7,0xB0,0xBD,0x4E,0xBE,0x91,0xCE,0x6B,0x9D,0x09,0x8D,0x51,0xC6,
    0x6E,0xC6,0x50,0xC6,0xD7,0xD6,0x7C,0xEF,0x32,0xBE,0xB5,0xCE,0xFF,0xFF,0xB6,0xD6,
    0x5B,0xEF,0x9D,0xFF,0x7C,0xF7,0x9B,0xF7,0x9A,0xF7,0x9B,0xF7,0xDE,0xFF,0x7B,0xEF,
    0x7A,0xF7,0xBD,0xFF,0xBC,0xFF,0x9B,0xF7,0x5A,0xEF,0x7B,0xF7,0xBD,0xFF,0x9D,0xF7,
    0x3B,0xEF,0x9D,0xF7,0x1B,0xDF,0x10,0xBE,0x8D,0xAD,0x6A,0x84,0xC9,0x8C,0x4E,0xBE,
    0x6F,0xC6,0x90,0xCE,0xD2,0xD6,0xAF,0xCE,0x29,0x95,0x69,0x8C,0xFA,0xEE,0xFB,0xE6,
    0x8D,0xA4,0xB3,0xC5,0xDE,0xFF,0xDD,0xFF,0xBC,0xFF,0xBC,0xFF,0xBC,0xFF,0xBC,0xFF,
    0xBD,0xFF,0xBD,0xFF,0xBD,0xFF,0xBD,0xFF,0xBD,0xFF,0xBC,0xFF,0x9B,0xF7,0xDD,0xFF,
    0xDD,0xFF,0xDD,0xFF,0xDE,0xFF,0x18,0xDF,0x11,0xBE,0xD0,0xAD,0x93,0xCE,0x16,0xE7,
    0x37,0xE7,0xDD,0xFF,0xFE,0xFF,0xDE,0xFF,0xDE,0xFF,0xDE,0xFF,0xDE,0xFF,0xDE,0xFF,
    0xDE,0xFF,0xDE,0xFF,0xFE,0xFF,0xFE,0xFF,0xFE,0xFF,0xFE,0xFF,0xFE,0xFF,0xBE,0xF7,
    0x4C,0x94,0xC8,0x7B,0x4C,0x94,0xB4,0xC5,0x98,0xDE,0xFB,0xEE,0x6E,0xB5,0x49,0x9D,
    0x08,0x8D,0x0D,0xB6,0x13,0xDF,0xD4,0xD6,0xB1,0xCE,0x4D,0xBE,0xAC,0xA5,0x6B,0x9D,
    0xF3,0xBD,0xBE,0xFF,0x9E,0xFF,0xFF,0xFF,0xD9,0xDE,0xF5,0xBD,0x14,0xBE,0x9E,0xF7,
    0x1A,0xE7,0x3B,0xE7,0xFE,0xFF,0x19,0xE7,0x5B,0xEF,0xDE,0xFF,0xB9,0xD6,0x8B,0x8C,
    0xB8,0xD6,0x7D,0xEF,0xF9,0xDE,0xAD,0xAD,0x0F,0xBE,0x2F,0xBE,0xB0,0xCE,0x33,0xE7,
    0xAD,0xAD,0xC8,0x8C,0xCC,0xB5,0x90,0xCE,0x91,0xCE,0x4D,0xBE,0xAD,0xB5,0x77,0xD6,
    0xD9,0xE6,0x3B,0xEF,0x3B,0xEF,0xAB,0xA4,0x98,0xD6,0xFF,0xFF,0xBC,0xFF,0xBD,0xFF,
    0xBC,0xFF,0xBC,0xFF,0xBC,0xFF,0xBC,0xFF,0xBD,0xFF,0xBD,0xFF,0xBD,0xFF,0xBD,0xFF,
    0x9C,0xFF,0x9C,0xF7,0xBD,0xFF,0xDD,0xFF,0xDD,0xFF,0xDE,0xFF,0x59,0xEF,0x73,0xCE,
    0x52,0xC6,0xB4,0xD6,0x17,0xE7,0xF5,0xDE,0x7A,0xEF,0xFE,0xFF,0xDE,0xFF,0xDE,0xFF,
    0xDD,0xFF,0xDE,0xFF,0xDE,0xFF,0xDE,0xFF,0xDE,0xFF,0xFE,0xFF,0xFE,0xFF,0xFE,0xFF,
    0xFE,0xFF,0xFE,0xFF,0xDE,0xFF,0x93,0xBD,0xE8,0x83,0xCE,0xA4,0x51,0xBD,0x0A,0x94,
    0x36,0xCE,0xB9,0xDE,0x0E,0xAD,0x89,0x8C,0x6A,0x8C,0xAE,0xB5,0x6E,0xC6,0xD2,0xD6,
    0x92,0xCE,0x8C,0xA5,0xE9,0x8C,0x6A,0x9D,0x2F,0xBE,0x52,0xC6,0x19,0xE7,0xF3,0xBD,
    0xCC,0xAD,0x4E,0xC6,0x30,0xBE,0x51,0xC6,0x31,0xC6,0xD2,0xB5,0x89,0x84,0xAF,0xAD,
    0x53,0xC6,0xEE,0xBD,0x69,0xA5,0x6B,0xA5,0x71,0xC6,0x4F,0xC6,0x2C,0xBE,0x4D,0xBE,
    0xB1,0xD6,0xB1,0xCE,0xF5,0xDE,0x14,0xDF,0xAC,0xAD,0xCD,0xAD,0x90,0xC6,0x4D,0xBE,
    0x8E,0xB5,0x57,0xD6,0xFF,0xFF,0x77,0xDE,0x0F,0xB5,0xAC,0xA4,0x2F,0xAD,0x9D,0xF7,
    0xDD,0xFF,0xDD,0xFF,0xBD,0xFF,0xBC,0xFF,0xBC,0xFF,0xBC,0xFF,0xBD,0xFF,0xBD,0xFF,
    0xBD,0xFF,0xBD,0xFF,0xBD,0xFF,0x9C,0xFF,0x9C,0xF7,0xBD,0xFF,0xDD,0xFF,0xDD,0xFF,
    0xDE,0xFF,0xDD,0xFF,0xF7,0xDE,0xB4,0xD6,0xB4,0xD6,0xD4,0xD6,0xB3,0xD6,0xF6,0xDE,
    0xDE,0xFF,0xDE,0xFF,0xDD,0xFF,0xDD,0xFF,0xDD,0xFF,0xDD,0xFF,0xFE,0xFF,0xFF,0xFF,
    0xFE,0xFF,0xDD,0xFF,0xDE,0xFF,0xFE,0xFF,0xFE,0xFF,0xFE,0xFF,0xFF,0xFF,0xF4,0xC5,
    0x6C,0x94,0xAE,0xA4,0x8B,0x9C,0x93,0xBD,0xFF,0xFF,0xFA,0xE6,0x93,0xC5,0xDA,0xDE,
    0x1B,0xEF,0xD2,0xBD,0xEC,0xB5,0xAB,0xAD,0xAD,0xAD,0xCE,0xB5,0xB0,0xCE,0xB0,0xCE,
    0xB0,0xCE,0x4E,0xBE,0x8C,0xA5,0x70,0xC6,0xD2,0xD6,0xF1,0xD6,0xD1,0xD6,0xF1,0xD6,
    0xE8,0x94,0xAB,0xAD,0x8F,0xCE,0x8E,0xCE,0xD0,0xD6,0x2E,0xBE,0x0D,0xB6,0xD2,0xD6,
    0xB0,0xCE,0x70,0xCE,0x70,0xCE,0xF3,0xDE,0xB0,0xCE,0x4E,0xBE,0x4B,0xA5,0xA8,0x8C,
    0x4A,0x9D,0x8E,0xB5,0x0E,0xAD,0xDA,0xE6,0xFF,0xFF,0x98,0xDE,0x2B,0x9C,0x0B,0x84,
    0x57,0xCE,0x9C,0xF7,0xFE,0xFF,0xDD,0xFF,0xBD,0xFF,0xBD,0xFF,0xBD,0xFF,0xBD,0xFF,
    0xBD,0xFF,0xBD,0xFF,0xBD,0xFF,0xBD,0xFF,0xBD,0xFF,0xBD,0xFF,0x9B,0xF7,0x7C,0xF7,
    0xBD,0xFF,0xDD,0xFF,0xDD,0xFF,0xDD,0xFF,0xDE,0xFF,0x9C,0xF7,0xD5,0xDE,0x92,0xCE,
    0x92,0xCE,0x93,0xCE,0xD5,0xD6,0xBD,0xFF,0xDE,0xFF,0xDE,0xFF,0xDE,0xFF,0xDE,0xFF,
    0xDE,0xFF,0xFE,0xFF,0xFF,0xFF,0xDE,0xFF,0xDD,0xFF,0xDD,0xFF,0xDE,0xFF,0xFE,0xFF,
    0xFE,0xFF,0xFE,0xFF,0xFF,0xFF,0x5C,0xEF,0x78,0xCE,0x6B,0x94,0x0E,0xB5,0x57,0xDE,
    0x77,0xDE,0x10,0xB5,0x98,0xDE,0xDF,0xFF,0x9E,0xFF,0xB3,0xC5,0xAB,0x94,0x6C,0xA5,
    0x4E,0xC6,0xB0,0xCE,0xD1,0xD6,0xF3,0xDE,0xB1,0xCE,0x6F,0xC6,0xF1,0xD6,0xF2,0xDE,
    0x14,0xDF,0x14,0xDF,0xD1,0xD6,0x8B,0xA5,0x0D,0xB6,0xD1,0xD6,0xD1,0xD6,0xF2,0xD6,
    0x4F,0xC6,0xCC,0xAD,0x91,0xCE,0xD2,0xD6,0xD1,0xD6,0x8F,0xCE,0x4F,0xC6,0xCF,0xBD,
    0xB1,0xBD,0x36,0xCE,0xAC,0x94,0x91,0xBD,0x5D,0xF7,0xB9,0xDE,0xF4,0xCD,0xFA,0xE6,
    0x0F,0xB5,0x6B,0x9C,0x92,0xBD,0xFF,0xFF,0xDD,0xFF,0xDD,0xFF,0xDD,0xFF,0xBD,0xFF,
    0xBD,0xFF,0xBD,0xFF,0xBD,0xFF,0xBD,0xFF,0xBD,0xFF,0xBD,0xFF,0xBD,0xFF,0xBD,0xFF,
    0xBC,0xFF,0x7B,0xF7,0x7B,0xF7,0xBD,0xFF,0xBD,0xFF,0xDD,0xFF,0xDD,0xFF,0xDD,0xFF,
    0xDE,0xFF,0x9C,0xF7,0x17,0xDF,0x93,0xCE,0x51,0xC6,0xB4,0xD6,0xDD,0xFF,0xDE,0xFF,
    0xDE,0xFF,0xDE,0xFF,0xDE,0xFF,0xDD,0xFF,0xDD,0xFF,0xFE,0xFF,0xDD,0xFF,0xDD,0xFF,
    0xDD,0xFF,0xDE,0xFF,0xDE,0xFF,0xFE,0xFF,0xFE,0xFF,0xDE,0xFF,0xFF,0xFF,0xDF,0xFF,
    0x30,0xAD,0x6B,0x9C,0xCD,0xAC,0x0F,0xB5,0xEF,0xAC,0x2B,0x94,0xCF,0xAC,0xFA,0xE6,
    0x57,0xD6,0x1C,0xEF,0x77,0xD6,0xD2,0xC5,0xAF,0xB5,0x2E,0xBE,0x4E,0xBE,0xEC,0xB5,
    0x29,0x95,0x2A,0x9D,0xED,0xBD,0x2E,0xBE,0x8F,0xCE,0xF0,0xD6,0xEC,0xB5,0x6F,0xC6,
    0x13,0xDF,0xF2,0xD6,0x12,0xDF,0xB0,0xCE,0xCB,0xAD,0x4D,0xBE,0x6D,0xC6,0x0D,0xBE,
    0xF1,0xC5,0x71,0xBD,0x98,0xDE,0xDF,0xFF,0xDF,0xFF,0xF5,0xCD,0xD9,0xE6,0x9D,0xF7,
    0xD4,0xC5,0xAD,0xA4,0x6B,0x9C,0xAC,0xA4,0xF4,0xC5,0xBD,0xF7,0xDD,0xFF,0xDD,0xFF,
    0xDD,0xFF,0xBD,0xFF,0xBD,0xFF,0xBD,0xFF,0xBD,0xFF,0xBD,0xFF,0xBD,0xFF,0xBD,0xFF,
    0xBD,0xFF,0xBD,0xFF,0xBD,0xFF,0xBD,0xFF,0x7B,0xF7,0x7C,0xF7,0xBD,0xFF,0xBD,0xFF,
    0xBD,0xFF,0xDD,0xFF,0xDD,0xFF,0xDD,0xFF,0xDE,0xFF,0xDE,0xFF,0x9C,0xF7,0xF7,0xDE,
    0xB4,0xD6,0xBD,0xFF,0xDE,0xFF,0xDE,0xFF,0xDD,0xFF,0xDD,0xFF,0xDD,0xFF,0xDD,0xFF,
    0xDE,0xFF,0xDD,0xFF,0xDD,0xFF,0xDD,0xFF,0xDD,0xFF,0xDD,0xFF,0xDE,0xFF,0xDE,0xFF,
    0xFE,0xFF,0xDE,0xFF,0xFF,0xFF,0xBE,0xF7,0xF5,0xC5,0xCD,0xA4,0xF0,0xA4,0x8C,0x9C,
    0xAC,0x9C,0x6C,0x9C,0x0B,0x94,0xD0,0xA4,0x9D,0xF7,0xFF,0xFF,0x77,0xDE,0xDA,0xE6,
    0x9D,0xF7,0x34,0xCE,0xAF,0xB5,0xAC,0x94,0x73,0xB5,0xFB,0xEE,0x36,0xD6,0x30,0xB5,
    0xEB,0x9C,0x6A,0xA5,0xAB,0xAD,0x2E,0xC6,0x2E,0xC6,0xED,0xBD,0x8C,0xB5,0x2B,0xA5,
    0x2D,0xAD,0xD2,0xC5,0xFA,0xE6,0xFF,0xFF,0xBA,0xDE,0xFA,0xE6,0x1A,0xE7,0xEF,0xAC,
    0x31,0xB5,0xB3,0xC5,0x8D,0xA4,0xAC,0xA4,0x71,0xB5,0x93,0xBD,0xD8,0xDE,0xFE,0xFF,
    0xDD,0xFF,0xDD,0xFF,0xDD,0xFF,0xBD,0xFF,0xBD,0xFF,0xBD,0xFF,0xBD,0xFF,0xBD,0xFF,
    0xBD,0xFF,0xBD,0xFF,0xBD,0xFF,0xBD,0xFF,0xDD,0xFF,0xBD,0xFF,0xBD,0xFF,0x7B,0xF7,
    0x7C,0xF7,0xBD,0xFF,0xBD,0xFF,0xBD,0xFF,0xDD,0xFF,0xDD,0xFF,0xDD,0xFF,0xDD,0xFF,
    0xDE,0xFF,0xFE,0xFF,0xFE,0xFF,0x5A,0xEF,0x7A,0xEF,0xFE,0xFF,0xDD,0xFF,0xDD,0xFF,
    0xDD,0xFF,0xDD,0xFF,0xDD,0xFF,0xDE,0xFF,0xDD,0xFF,0xDD,0xFF,0xDD,0xFF,0xDD,0xFF,
    0xDD,0xFF,0xDD,0xFF,0xDE,0xFF,0xDE,0xFF,0xFE,0xFF,0xDE,0xFF,0xFE,0xFF,0xFF,0xFF,
    0x7C,0xEF,0xFF,0xFF,0x56,0xCE,0xAD,0x9C,0xAD,0x9C,0x10,0xAD,0xAE,0xA4,0xF5,0xCD,
    0x1A,0xEF,0xB8,0xDE,0xD5,0xC5,0xBA,0xDE,0x7D,0xF7,0xFF,0xFF,0x78,0xDE,0x3B,0xEF,
    0x9E,0xF7,0x7D,0xF7,0x3B,0xEF,0x16,0xCE,0x72,0xBD,0xF4,0xCD,0x1A,0xEF,0xF9,0xEE,
    0xB2,0xCD,0x37,0xD6,0x5C,0xF7,0x3C,0xEF,0x78,0xE6,0x5C,0xF7,0x97,0xDE,0xB3,0xBD,
    0xEF,0xAC,0xAD,0xAC,0x4C,0x9C,0xCF,0xAC,0x72,0xBD,0xF5,0xC5,0xD4,0xBD,0xBE,0xF7,
    0xFF,0xFF,0xFE,0xFF,0xDD,0xFF,0xDD,0xFF,0xDD,0xFF,0xDD,0xFF,0xDD,0xFF,0xDD,0xFF,
    0xDD,0xFF,0xDD,0xFF,0xDD,0xFF,0xDD,0xFF,0xDD,0xFF,0xDD,0xFF,0xDD,0xFF,0xDD,0xFF,
    0xDD,0xFF,0xBD,0xFF,0x9B,0xF7,0x9C,0xF7,0xBD,0xFF,0xBD,0xFF,0xBD,0xFF,0xBD,0xFF,
    0xDD,0xFF,0xDD,0xFF,0xDD,0xFF,0xDE,0xFF,0xDD,0xFF,0xDE,0xFF,0xDD,0xFF,0xBC,0xF7,
    0xDE,0xFF,0xDE,0xFF,0xDD,0xFF,0xDE,0xFF,0xDD,0xFF,0xDD,0xFF,0xDE,0xFF,0xDD,0xFF,
    0xDD,0xFF,0xDD,0xFF,0xDD,0xFF,0xDD,0xFF,0xDD,0xFF,0xDE,0xFF,0xDE,0xFF,0xDE,0xFF,
    0xDE,0xFF,0xDE,0xFF,0xDE,0xFF,0xFE,0xFF,0xFE,0xFF,0xFF,0xFF,0x7C,0xEF,0xFB,0xE6,
    0xBF,0xF7,0xAF,0xA4,0x8E,0xA4,0x52,0xBD,0x52,0xBD,0x6D,0xA4,0x2C,0x9C,0xD4,0xCD,
    0xDA,0xDE,0x37,0xCE,0xF1,0xB4,0x31,0xC5,0xF0,0xBC,0x93,0xCD,0x9D,0xF7,0x98,0xDE,
    0x3B,0xEF,0x7D,0xF7,0xB9,0xEE,0x15,0xD6,0x1B,0xEF,0x7D,0xF7,0xB9,0xDE,0xD5,0xC5,
    0x4C,0xC4,0x0B,0xA4,0x2F,0xB5,0xAE,0xA4,0x2B,0x94,0x10,0xAD,0x3C,0xE7,0xFF,0xFF,
    0xFF,0xFF,0xFF,0xFF,0xFE,0xFF,0xDD,0xFF,0xDD,0xFF,0xDD,0xFF,0xDD,0xFF,0xDD,0xFF,
    0xDD,0xFF,0xDD,0xFF,0xDD,0xFF,0xDD,0xFF,0xDD,0xFF,0xDD,0xFF,0xDD,0xFF,0xDD,0xFF,
    0xDD,0xFF,0xDD,0xFF,0xDD,0xFF,0xDD,0xFF,0xBD,0xFF,0x9B,0xF7,0x9C,0xF7,0xBD,0xFF,
    0xBD,0xFF,0xBD,0xFF,0xBD,0xFF,0xBD,0xFF,0xDD,0xFF,0xDD,0xFF,0xDD,0xFF,0xDD,0xFF,
    0xDD,0xFF,0xDE,0xFF,0xDE,0xFF,0xDE,0xFF,0xDE,0xFF,0xDE,0xFF,0xDD,0xFF,0xDE,0xFF,
    0xDE,0xFF,0xDD,0xFF,0xDD,0xFF,0xDD,0xFF,0xDD,0xFF,0xDD,0xFF,0xDD,0xFF,0xDD,0xFF,
    0xDD,0xFF,0xDD,0xFF,0xDD,0xFF,0xDE,0xFF,0xDE,0xFF,0xDE,0xFF,0xDE,0xFF,0xFE,0xFF,
    0xDE,0xFF,0xFF,0xFF,0xFF,0xFF,0xFF,0xFF,0x9D,0xF7,0x37,0xCE,0x93,0xBD,0x73,0xBD,
    0x10,0xB5,0x0C,0x9C,0x0F,0xCD,0xAE,0xC4,0xEF,0xBC,0x11,0xBD,0x93,0xCD,0x93,0xC5,
    0x31,0xC5,0x8E,0xB4,0x52,0xBD,0xD0,0xAC,0xEB,0xAB,0x6C,0xD4,0x8F,0xAC,0x32,0xBD,
    0x31,0xC5,0xF0,0xCC,0x71,0xDD,0xAE,0xC4,0x4E,0x9C,0xB4,0xC5,0x1B,0xE7,0x78,0xD6,
    0x9D,0xF7,0xFF,0xFF,0xFE,0xFF,0xDE,0xFF,0xDE,0xFF,0xDD,0xFF,0xDD,0xFF,0xDD,0xFF,
    0xDD,0xFF,0xDD,0xFF,0xDD,0xFF,0xDD,0xFF,0xDD,0xFF,0xDD,0xFF,0xDE,0xFF,0xDE,0xFF,
    0xDE,0xFF,0xDE,0xFF,0xDD,0xFF,0xDD,0xFF,0xDD,0xFF,0xDD,0xFF,0xDD,0xFF,0xBD,0xFF,
    0x9B,0xF7,0x9C,0xF7,0xBD,0xFF,0xBD,0xFF,0xBD,0xFF,0xBD,0xFF,0xDD,0xFF,0xDD,0xFF,
    0xDD,0xFF,0xDD,0xFF,0xDD,0xFF,0xDD,0xFF,0xDD,0xFF,0xDE,0xFF,0xDE,0xFF,0xDE,0xFF,
    0x9B,0xF7,0xF6,0xDE,0x38,0xE7,0xBD,0xFF,0xDE,0xFF,0xDD,0xFF,0xDE,0xFF,0xDD,0xFF,
    0xDD,0xFF,0xDD,0xFF,0xDD,0xFF,0xDD,0xFF,0xDD,0xFF,0xDD,0xFF,0xDD,0xFF,0xDD,0xFF,
    0xDE,0xFF,0xDE,0xFF,0xDE,0xFF,0xDE,0xFF,0xFE,0xFF,0xDE,0xFF,0xFE,0xFF,0xFF,0xFF,
    0xFF,0xFF,0xFF,0xFF,0xFF,0xFF,0xBE,0xF7,0x58,0xD6,0x71,0xDD,0xB2,0xF5,0x2F,0xE5,
    0x30,0xDD,0x71,0xDD,0xB3,0xE5,0xF3,0xED,0xCF,0xC4,0x72,0xB5,0x73,0xB5,0x8E,0xBC,
    0x70,0xED,0x50,0xDD,0x71,0xE5,0xB2,0xED,0xB2,0xED,0x13,0xEE,0xB4,0xCD,0x7D,0xEF,
    0xFE,0xFF,0xFF,0xFF,0xFF,0xFF,0xFE,0xFF,0xDE,0xFF,0xFE,0xFF,0xDE,0xFF,0xDE,0xFF,
    0xDD,0xFF,0xDD,0xFF,0xDD,0xFF,0xDD,0xFF,0xDD,0xFF,0xDD,0xFF,0xDD,0xFF,0xFE,0xFF,
    0xDE,0xFF,0xDD,0xFF,0xDD,0xFF,0xDD,0xFF,0x7A,0xEF,0x9B,0xF7,0xDE,0xFF,0xDD,0xFF,
    0xDD,0xFF,0xDD,0xFF,0xBD,0xFF,0x9B,0xF7,0x9C,0xF7,0xBC,0xFF,0xBD,0xFF,0xBD,0xFF,
    0xBD,0xFF,0xDD,0xFF,0xDD,0xFF,0xDD,0xFF,0xDD,0xFF,0xDD,0xFF,0xDD,0xFF,0xDD,0xFF,
    0xDE,0xFF,0xDD,0xFF,0xDE,0xFF,0xBC,0xFF,0x59,0xEF,0x37,0xE7,0x59,0xEF,0xDD,0xFF,
    0xDD,0xFF,0xDD,0xFF,0xDD,0xFF,0xDD,0xFF,0xDE,0xFF,0xDE,0xFF,0xDE,0xFF,0xDE,0xFF,
    0xDD,0xFF,0xDD,0xFF,0xDD,0xFF,0xDD,0xFF,0xDD,0xFF,0xDD,0xFF,0xDE,0xFF,0xDE,0xFF,
    0xFE,0xFF,0xFE,0xFF,0xFE,0xFF,0xFE,0xFF,0xFE,0xFF,0xDE,0xFF,0xFF,0xFF,0xBA,0xDE,
    0x51,0xDD,0xF3,0xED,0xD3,0xED,0xD3,0xED,0x14,0xEE,0x34,0xEE,0xF3,0xED,0x17,0xD6,
    0xFF,0xFF,0x9E,0xEF,0x52,0xD5,0xF3,0xED,0xF3,0xED,0xF4,0xED,0xF4,0xED,0xF4,0xED,
    0xD3,0xE5,0x37,0xDE,0xFF,0xFF,0xFE,0xFF,0xDE,0xFF,0xDE,0xFF,0xFE,0xFF,0xFE,0xFF,
    0xDE,0xFF,0xDE,0xFF,0xDD,0xFF,0xDD,0xFF,0xDD,0xFF,0xDD,0xFF,0xDD,0xFF,0xDD,0xFF,
    0xDE,0xFF,0xDE,0xFF,0x7A,0xEF,0x37,0xE7,0x38,0xE7,0x37,0xE7,0x16,0xE7,0x7A,0xEF,
    0xDD,0xFF,0xDD,0xFF,0xDD,0xFF,0xDD,0xFF,0xDD,0xFF,0xBD,0xFF,0x9B,0xF7,0x9C,0xF7,
    0xBC,0xFF,0xBD,0xFF,0xBD,0xFF,0xDD,0xFF,0xDE,0xFF,0xDD,0xFF,0xDE,0xFF,0xDD,0xFF,
    0xDD,0xFF,0xDD,0xFF,0xDD,0xFF,0xDD,0xFF,0xDD,0xFF,0xDD,0xFF,0xDE,0xFF,0xDE,0xFF,
    0xFE,0xFF,0xBD,0xFF,0xBC,0xFF,0xDE,0xFF,0xDD,0xFF,0xDD,0xFF,0xDD,0xFF,0xDD,0xFF,
    0xDE,0xFF,0xFE,0xFF,0xDE,0xFF,0xDD,0xFF,0xDD,0xFF,0xDD,0xFF,0xDD,0xFF,0xDD,0xFF,
    0xDD,0xFF,0xDD,0xFF,0xDD,0xFF,0xDE,0xFF,0xDE,0xFF,0xFE,0xFF,0xFE,0xFF,0xFE,0xFF,
    0xFF,0xFF,0xFF,0xFF,0xF5,0xD5,0xF3,0xED,0x14,0xEE,0xF3,0xED,0xF4,0xED,0xF3,0xED,
    0xF3,0xED,0x51,0xDD,0x99,0xDE,0xFF,0xFF,0x7D,0xEF,0x52,0xCD,0x14,0xEE,0xD3,0xED,
    0xF3,0xED,0xF3,0xED,0xF3,0xED,0x91,0xE5,0x78,0xE6,0xFF,0xFF,0xFE,0xFF,0xFE,0xFF,
    0xDE,0xFF,0xDE,0xFF,0xDE,0xFF,0xDE,0xFF,0xDD,0xFF,0xDD,0xFF,0xDD,0xFF,0xDE,0xFF,
    0xDE,0xFF,0xDD,0xFF,0xDE,0xFF,0xDD,0xFF,0xF6,0xDE,0xB3,0xD6,0xF5,0xDE,0x16,0xE7,
    0x17,0xE7,0x37,0xE7,0xDE,0xFF,0xDD,0xFF,0xDD,0xFF,0xDD,0xFF,0xDD,0xFF,0xDD,0xFF,
    0xBD,0xFF,0x9B,0xF7,0x9C,0xF7,0xBC,0xFF,0xBD,0xFF,0x9C,0xF7,0x39,0xEF,0x7B,0xF7,
    0x9C,0xF7,0xBC,0xF7,0xDE,0xFF,0xFE,0xFF,0xDD,0xFF,0xDD,0xFF,0xDE,0xFF,0xDE,0xFF,
    0xDE,0xFF,0xDD,0xFF,0xDD,0xFF,0xDD,0xFF,0xDE,0xFF,0xDD,0xFF,0xDD,0xFF,0xDD,0xFF,
    0xDD,0xFF,0xDD,0xFF,0xDE,0xFF,0xFE,0xFF,0xFF,0xFF,0xFF,0xFF,0xDE,0xFF,0xDE,0xFF,
    0xDE,0xFF,0xDE,0xFF,0xDD,0xFF,0xDD,0xFF,0xDD,0xFF,0xDD,0xFF,0xDD,0xFF,0xDE,0xFF,
    0xDE,0xFF,0xFE,0xFF,0xFE,0xFF,0xFF,0xFF,0x7D,0xEF,0x72,0xDD,0x3A,0xFF,0xF8,0xF6,
    0x34,0xF6,0x14,0xEE,0xD2,0xED,0xB2,0xED,0x11,0xCD,0x7D,0xF7,0xFF,0xFF,0x7D,0xEF,
    0x93,0xD5,0x14,0xEE,0xD2,0xED,0xF3,0xED,0xF3,0xED,0x14,0xEE,0x14,0xEE,0x99,0xE6,
    0xFF,0xFF,0xFE,0xFF,0xFE,0xFF,0xDE,0xFF,0xDD,0xFF,0xDD,0xFF,0xDD,0xFF,0xDD,0xFF,
    0xDD,0xFF,0xDD,0xFF,0xDE,0xFF,0xDE,0xFF,0xDE,0xFF,0xDE,0xFF,0xD5,0xD6,0x71,0xC6,
    0xB4,0xD6,0x16,0xE7,0x15,0xE7,0x16,0xE7,0xBC,0xF7,0xDE,0xFF,0xDD,0xFF,0xDD,0xFF,
    0xDD,0xFF,0xDD,0xFF,0xDD,0xFF,0xBD,0xFF,0x9B,0xF7,0x9C,0xF7,0xBD,0xFF,0xBD,0xFF,
    0xDD,0xFF,0x7B,0xEF,0x74,0xCE,0x73,0xCE,0x74,0xCE,0xB6,0xD6,0x7A,0xEF,0xFE,0xFF,
    0xDE,0xFF,0xDD,0xFF,0xDD,0xFF,0xDE,0xFF,0xDE,0xFF,0xDD,0xFF,0xDD,0xFF,0xDD,0xFF,
    0xDD,0xFF,0xDD,0xFF,0xDD,0xFF,0xDD,0xFF,0xDD,0xFF,0xDE,0xFF,0xFE,0xFF,0xFF,0xFF,
    0xFE,0xFF,0xDD,0xFF,0xDD,0xFF,0xDE,0xFF,0xDE,0xFF,0xDD,0xFF,0xDD,0xFF,0xDD,0xFF,
    0xDD,0xFF,0xDD,0xFF,0xDD,0xFF,0xDE,0xFF,0xFE,0xFF,0xFE,0xFF,0xFF,0xFF,0xB9,0xE6,
    0x55,0xEE,0x9C,0xFF,0x9C,0xFF,0xF9,0xFE,0x35,0xEE,0xF3,0xED,0xB2,0xED,0xD5,0xD5,
    0xFF,0xFF,0xFF,0xFF,0x1B,0xEF,0x71,0xDD,0x14,0xF6,0xF3,0xED,0xF3,0xED,0xF3,0xED,
    0xB7,0xF6,0x1A,0xF7,0xDA,0xEE,0xFF,0xFF,0xDE,0xFF,0xFE,0xFF,0xDE,0xFF,0xDD,0xFF,
    0xDD,0xFF,0xDD,0xFF,0xDE,0xFF,0xDE,0xFF,0xDD,0xFF,0xDD,0xFF,0xDD,0xFF,0xFF,0xFF,
    0x17,0xDF,0x92,0xCE,0xF5,0xDE,0xF6,0xE6,0x16,0xE7,0x36,0xE7,0x9B,0xF7,0xDE,0xFF,
    0xDD,0xFF,0xDD,0xFF,0xDD,0xFF,0xDD,0xFF,0xDD,0xFF,0xDD,0xFF,0xBD,0xFF,0x7B,0xF7,
    0x9C,0xF7,0xBC,0xFF,0xBD,0xFF,0xDD,0xFF,0xDE,0xFF,0xF7,0xDE,0x31,0xC6,0x52,0xC6,
    0x32,0xC6,0x94,0xCE,0x38,0xE7,0xDE,0xFF,0xDE,0xFF,0xDD,0xFF,0xDD,0xFF,0xDD,0xFF,
    0xDD,0xFF,0xDD,0xFF,0xDD,0xFF,0xDD,0xFF,0xDE,0xFF,0xDD,0xFF,0xDD,0xFF,0xDD,0xFF,
    0xDD,0xFF,0xDD,0xFF,0xDE,0xFF,0xDD,0xFF,0xDD,0xFF,0xDD,0xFF,0xDD,0xFF,0xDD,0xFF,
    0xDD,0xFF,0xDD,0xFF,0xDD,0xFF,0xDD,0xFF,0xDD,0xFF,0xDE,0xFF,0xDE,0xFF,0xFE,0xFF,
    0xFE,0xFF,0xFF,0xFF,0x37,0xDE,0xD8,0xF6,0x7B,0xFF,0x5B,0xFF,0x7B,0xFF,0x19,0xFF,
    0xD8,0xFE,0xB7,0xF6,0xB9,0xE6,0xFF,0xFF,0xFF,0xFF,0xDA,0xE6,0x91,0xE5,0x34,0xF6,
    0x55,0xF6,0x76,0xF6,0xD8,0xFE,0x7B,0xFF,0x1A,0xF7,0xFB,0xF6,0xFF,0xFF,0xFE,0xFF,
    0xDE,0xFF,0xDD,0xFF,0xDD,0xFF,0xDE,0xFF,0xDD,0xFF,0xDD,0xFF,0xDD,0xFF,0xDE,0xFF,
    0xDD,0xFF,0xDE,0xFF,0x7A,0xEF,0x37,0xE7,0x38,0xEF,0x38,0xE7,0x38,0xEF,0x59,0xEF,
    0xBC,0xF7,0xDE,0xFF,0xDD,0xFF,0xDD,0xFF,0xBD,0xFF,0xBD,0xFF,0xDD,0xFF,0xDD,0xFF,
    0xDD,0xFF,0xBD,0xFF,0x7B,0xF7,0x9C,0xF7,0xBD,0xFF,0xBD,0xFF,0xBD,0xFF,0xDD,0xFF,
    0x9B,0xF7,0x94,0xCE,0x94,0xCE,0x73,0xC6,0x94,0xCE,0xB4,0xD6,0x17,0xDF,0xDE,0xFF,
    0xDD,0xFF,0xDD,0xFF,0xDD,0xFF,0xDE,0xFF,0xDD,0xFF,0xDE,0xFF,0xDD,0xFF,0xDD,0xFF,
    0xDD,0xFF,0xDD,0xFF,0xDD,0xFF,0xDD,0xFF,0xDD,0xFF,0xDD,0xFF,0xDD,0xFF,0xDD,0xFF,
    0xDD,0xFF,0xDD,0xFF,0xDD,0xFF,0xDD,0xFF,0xDD,0xFF,0xDD,0xFF,0xDD,0xFF,0xDD,0xFF,
    0xDE,0xFF,0xFE,0xFF,0xFE,0xFF,0xFE,0xFF,0xFF,0xFF,0x73,0xC5,0x19,0xFF,0x7B,0xFF,
    0x5B,0xFF,0x5B,0xFF,0x7B,0xFF,0x9C,0xFF,0xD9,0xF6,0x1B,0xEF,0xFF,0xFF,0xFF,0xFF,
    0x58,0xD6,0xB2,0xDD,0xD8,0xFE,0x3A,0xFF,0x9C,0xFF,0x9C,0xFF,0x9B,0xFF,0xB8,0xEE,
    0xFB,0xEE,0xFF,0xFF,0xDE,0xFF,0xDE,0xFF,0xDD,0xFF,0xDD,0xFF,0xDD,0xFF,0xDD,0xFF,
    0xDD,0xFF,0xDD,0xFF,0xDE,0xFF,0xDE,0xFF,0xDD,0xFF,0xBC,0xF7,0xDD,0xFF,0xDE,0xFF,
    0xDE,0xFF,0xDE,0xFF,0xDE,0xFF,0xDD,0xFF,0xDD,0xFF,0xDD,0xFF,0xBD,0xFF,0xBD,0xFF,
    0xBD,0xFF,0xBD,0xFF,0xDD,0xFF,0xDD,0xFF,0xBD,0xFF,0x7B,0xF7,0x7C,0xF7,0xBD,0xFF,
    0xBD,0xFF,0xBD,0xFF,0xBD,0xFF,0xDD,0xFF,0x5A,0xEF,0xF7,0xDE,0xF6,0xDE,0xD6,0xDE,
    0x94,0xCE,0x31,0xBE,0x5A,0xEF,0xFE,0xFF,0xDD,0xFF,0xBC,0xF7,0x37,0xE7,0xD3,0xDE,
    0x37,0xE7,0xDD,0xFF,0xDD,0xFF,0xDD,0xFF,0xDD,0xFF,0xDD,0xFF,0xDD,0xFF,0xDD,0xFF,
    0xDD,0xFF,0xDD,0xFF,0xDD,0xFF,0xDD,0xFF,0xDD,0xFF,0xDD,0xFF,0xDD,0xFF,0xDD,0xFF,
    0xDD,0xFF,0xDD,0xFF,0xDD,0xFF,0xDE,0xFF,0xFE,0xFF,0xFE,0xFF,0xFE,0xFF,0xBE,0xF7,
    0xD6,0xC5,0xFA,0xEE,0x7B,0xFF,0x7B,0xFF,0x5B,0xFF,0x7B,0xFF,0xBC,0xFF,0x36,0xDE,
    0x3C,0xEF,0xFF,0xFF,0xFF,0xFF,0x79,0xD6,0xD4,0xD5,0xF9,0xF6,0x5B,0xFF,0x5B,0xFF,
    0x5B,0xFF,0x7C,0xFF,0x57,0xDE,0xDB,0xDE,0xFF,0xFF,0xDD,0xFF,0xDD,0xFF,0xDD,0xFF,
    0xDE,0xFF,0xDD,0xFF,0xDE,0xFF,0xDD,0xFF,0xDD,0xFF,0xDD,0xFF,0xDD,0xFF,0xFE,0xFF,
    0xFE,0xFF,0xDE,0xFF,0xDE,0xFF,0xDD,0xFF,0xDD,0xFF,0xDD,0xFF,0xDD,0xFF,0xDD,0xFF,
    0xBD,0xFF,0xBD,0xFF,0xBD,0xFF,0xBD,0xFF,0xBD,0xFF,0xDD,0xFF,0xDD,0xFF,0xBD,0xFF,
    0x7B,0xF7,0x9C,0xF7,0xBC,0xFF,0xBC,0xFF,0xBD,0xFF,0xDD,0xFF,0xDD,0xFF,0xDD,0xFF,
    0x5A,0xEF,0xF6,0xDE,0xD6,0xDE,0xB5,0xD6,0x32,0xBE,0x73,0xCE,0xDD,0xFF,0xDD,0xFF,
    0xDD,0xFF,0xBC,0xF7,0xF4,0xDE,0x6F,0xCE,0x58,0xEF,0xDE,0xFF,0xDD,0xFF,0xDE,0xFF,
    0xDD,0xFF,0xDD,0xFF,0xDD,0xFF,0xDD,0xFF,0xDE,0xFF,0xDD,0xFF,0xDD,0xFF,0xDD,0xFF,
    0xDD,0xFF,0xDD,0xFF,0xDD,0xFF,0xDD,0xFF,0xDE,0xFF,0xDE,0xFF,0xFE,0xFF,0xFE,0xFF,
    0xFE,0xFF,0xFF,0xFF,0xBE,0xF7,0x57,0xD6,0x7D,0xF7,0x5C,0xEF,0xFA,0xEE,0xF9,0xEE,
    0xFA,0xEE,0x3B,0xEF,0xF6,0xC5,0x7D,0xEF,0xFF,0xFF,0xFF,0xFF,0xDB,0xDE,0x78,0xDE,
    0x7C,0xF7,0x5C,0xEF,0x5B,0xF7,0x5C,0xF7,0xBD,0xFF,0xBA,0xDE,0x7C,0xEF,0xFE,0xFF,
    0xDD,0xFF,0xDD,0xFF,0xDD,0xFF,0xDE,0xFF,0xDD,0xFF,0xDD,0xFF,0xDE,0xFF,0xFE,0xFF,
    0xDD,0xFF,0xDE,0xFF,0xBC,0xF7,0xF5,0xDE,0xD4,0xD6,0x7A,0xEF,0xDE,0xFF,0xDD,0xFF,
    0xDD,0xFF,0xDD,0xFF,0xBD,0xFF,0xBD,0xFF,0xBD,0xFF,0xBD,0xFF,0xBD,0xFF,0xBD,0xFF,
    0xDD,0xFF,0xBD,0xFF,0xBD,0xFF,0x7B,0xF7,0x7C,0xF7,0xBC,0xFF,0xBC,0xFF,0xBD,0xFF,
    0xDD,0xFF,0xDD,0xFF,0xDD,0xFF,0xDD,0xFF,0x7B,0xF7,0x17,0xDF,0xD6,0xD6,0xB5,0xD6,
    0x52,0xC6,0x38,0xE7,0xDD,0xFF,0xDE,0xFF,0xFE,0xFF,0xFE,0xFF,0x9B,0xF7,0x79,0xEF,
    0xDD,0xFF,0xDD,0xFF,0xDD,0xFF,0xDD,0xFF,0xDE,0xFF,0xDD,0xFF,0xDE,0xFF,0xBC,0xF7,
    0xBC,0xF7,0xDE,0xFF,0xDD,0xFF,0xDD,0xFF,0xDD,0xFF,0xDD,0xFF,0xDD,0xFF,0xDD,0xFF,
    0xBD,0xFF,0xBD,0xFF,0xDD,0xFF,0xDD,0xFF,0xDD,0xFF,0x9D,0xF7,0x16,0xCE,0x9C,0xFF,
    0xBD,0xFF,0xDE,0xFF,0xBD,0xF7,0xBE,0xF7,0x7C,0xF7,0x37,0xCE,0xDE,0xFF,0xBD,0xFF,
    0xFE,0xFF,0xB9,0xDE,0x36,0xD6,0xBD,0xFF,0xBD,0xFF,0xDD,0xFF,0xDD,0xFF,0xDD,0xFF,
    0x58,0xCE,0xBD,0xFF,0xFD,0xFF,0xFE,0xFF,0xDE,0xFF,0xDE,0xFF,0xDE,0xFF,0xDE,0xFF,
    0xFE,0xFF,0xBC,0xFF,0x79,0xEF,0xDD,0xFF,0xDD,0xFF,0x15,0xDF,0xD2,0xD6,0x17,0xE7,
    0xBC,0xF7,0xDD,0xFF,0xDD,0xFF,0xDD,0xFF,0xDD,0xFF,0xBD,0xFF,0xBD,0xFF,0xBD,0xFF,
    0xBD,0xFF,0xBD,0xFF,0xBD,0xFF,0xBD,0xFF,0xBD,0xFF,0xBC,0xFF,0x7B,0xF7,0x7C,0xF7,
    0xBC,0xFF,0xBC,0xFF,0xBC,0xFF,0xBC,0xFF,0xBD,0xFF,0xBD,0xFF,0xBD,0xFF,0xDD,0xFF,
    0xBD,0xFF,0xBC,0xF7,0x9C,0xF7,0xBC,0xF7,0x59,0xEF,0x9C,0xF7,0xDE,0xFF,0xDD,0xFF,
    0xDD,0xFF,0xFE,0xFF,0x9C,0xF7,0x79,0xEF,0xDE,0xFF,0xDD,0xFF,0x7A,0xEF,0x9C,0xF7,
    0xDE,0xFF,0x9C,0xF7,0x38,0xE7,0x9C,0xF7,0x9C,0xF7,0x9B,0xF7,0x9B,0xF7,0x7A,0xF7,
    0x5A,0xEF,0x59,0xEF,0x59,0xEF,0x59,0xEF,0x59,0xEF,0x59,0xEF,0x7A,0xEF,0x9A,0xF7,
    0x9C,0xF7,0x37,0xCE,0x7B,0xF7,0xFE,0xFF,0xDE,0xFF,0xDE,0xFF,0xFE,0xFF,0x7C,0xF7,
    0x77,0xD6,0xDD,0xFF,0x9C,0xF7,0xBC,0xFF,0xD9,0xDE,0x16,0xCE,0x9C,0xFF,0xFE,0xFF,
    0xDE,0xFF,0xDE,0xFF,0x9D,0xF7,0x78,0xD6,0xBC,0xFF,0x9C,0xF7,0x9C,0xF7,0xBC,0xFF,
    0xBD,0xFF,0xBD,0xFF,0xDD,0xFF,0x9B,0xF7,0x91,0xCE,0x16,0xDF,0xFE,0xFF,0x7A,0xF7,
    0xBD,0xFF,0xDE,0xFF,0xFE,0xFF,0xDE,0xFF,0xDD,0xFF,0xDD,0xFF,0xDD,0xFF,0xBD,0xFF,
    0xBD,0xFF,0xBD,0xFF,0xBD,0xFF,0xBD,0xFF,0xBD,0xFF,0xBD,0xFF,0xBD,0xFF,0xBD,0xFF,
    0xBD,0xFF,0x7B,0xF7,0x9C,0xF7,0xBC,0xFF,0xBC,0xF7,0xBC,0xFF,0xBC,0xFF,0xBC,0xFF,
    0xBC,0xFF,0xBC,0xFF,0xBC,0xFF,0xBC,0xFF,0xBD,0xFF,0xBD,0xFF,0xDD,0xFF,0xDE,0xFF,
    0xDD,0xFF,0xDD,0xFF,0xDD,0xFF,0xDD,0xFF,0xBD,0xFF,0xBC,0xFF,0x38,0xE7,0x9C,0xF7,
    0x9C,0xF7,0x7A,0xEF,0x16,0xE7,0x7A,0xEF,0x38,0xEF,0x37,0xE7,0x7A,0xF7,0x7A,0xF7,
    0x7A,0xEF,0x7A,0xEF,0x7A,0xEF,0x59,0xEF,0x59,0xEF,0x59,0xEF,0x59,0xEF,0x59,0xEF,
    0x7A,0xF7,0x7A,0xF7,0xDC,0xFF,0x75,0xCE,0x71,0xAD,0xBD,0xFF,0xFE,0xFF,0xDE,0xFF,
    0xDE,0xFF,0xFF,0xFF,0x3B,0xE7,0xB8,0xDE,0x78,0xEF,0x16,0xDF,0xBB,0xF7,0xF4,0xBD,
    0x16,0xCE,0xFF,0xFF,0xFF,0xFF,0xDE,0xFF,0xFF,0xFF,0x9E,0xF7,0x15,0xC6,0xDD,0xFF,
    0x9C,0xF7,0x9B,0xF7,0x9B,0xF7,0x9B,0xF7,0xBC,0xF7,0xBD,0xFF,0xB4,0xD6,0x91,0xCE,
    0x7A,0xF7,0x9B,0xF7,0x9C,0xF7,0xDE,0xFF,0xDD,0xFF,0xDD,0xFF,0xDD,0xFF,0xDD,0xFF,
    0xDD,0xFF,0xDD,0xFF,0xDD,0xFF,0xBD,0xFF,0xBD,0xFF,0xBD,0xFF,0xBD,0xFF,0xBD,0xFF,
    0xBD,0xFF,0xBD,0xFF,0xDD,0xFF,0xBD,0xFF,0x7B,0xF7,0x9C,0xF7,0xBC,0xF7,0x9C,0xF7,
    0x9C,0xF7,0x9C,0xF7,0xBC,0xF7,0xBC,0xF7,0xBC,0xFF,0xBC,0xFF,0xBC,0xFF,0xBD,0xFF,
    0xBD,0xFF,0xBD,0xFF,0xDD,0xFF,0xDD,0xFF,0xBD,0xFF,0xBC,0xFF,0x9C,0xF7,0x9B,0xF7,
    0x7B,0xF7,0x5A,0xEF,0x59,0xEF,0x5A,0xEF,0x5A,0xEF,0x38,0xE7,0x16,0xDF,0x17,0xE7,
    0x58,0xEF,0x7A,0xEF,0x18,0xE7,0x7A,0xF7,0x9B,0xF7,0x9B,0xF7,0x9B,0xF7,0x7A,0xF7,
    0x59,0xEF,0x7A,0xEF,0x7A,0xF7,0x7A,0xF7,0x58,0xEF,0x9A,0xF7,0xD0,0xB5,0x29,0x84,
    0x1B,0xEF,0xDF,0xFF,0xFF,0xFF,0xFF,0xFF,0xFF,0xFF,0xBA,0xDE,0x13,0xC6,0xD4,0xD6,
    0x72,0xCE,0x38,0xE7,0x4C,0xA5,0x6E,0xAD,0xD9,0xDE,0xBD,0xF7,0xDE,0xFF,0x7D,0xEF,
    0x54,0xC6,0xAE,0xB5,0x9C,0xF7,0xBC,0xFF,0xBC,0xF7,0x9B,0xF7,0x7A,0xF7,0x79,0xF7,
    0x9B,0xF7,0x59,0xEF,0x9C,0xF7,0xBC,0xFF,0x7A,0xF7,0xBC,0xF7,0xBC,0xFF,0xBD,0xFF,
    0xBD,0xFF,0xDD,0xFF,0xBD,0xFF,0xDE,0xFF,0xBD,0xFF,0x9C,0xF7,0xBD,0xFF,0xBD,0xFF,
    0xBD,0xFF,0xBD,0xFF,0xBD,0xFF,0xBD,0xFF,0xBD,0xFF,0xBD,0xFF,0xBD,0xFF,0x7B,0xF7,
    0x9C,0xF7,0x9B,0xF7,0x9B,0xF7,0x9B,0xF7,0x9C,0xF7,0xBC,0xF7,0xBC,0xF7,0xBC,0xFF,
    0xBC,0xFF,0xBC,0xFF,0xBD,0xFF,0xBD,0xFF,0xBC,0xFF,0x9C,0xF7,0x9B,0xF7,0x7A,0xF7,
    0x7A,0xF7,0x7A,0xF7,0x7A,0xEF,0x5A,0xEF,0x59,0xEF,0x39,0xEF,0x5A,0xEF,0x59,0xEF,
    0x59,0xEF,0x38,0xE7,0xF5,0xDE,0x59,0xEF,0xB4,0xCE,0xF6,0xDE,0x59,0xEF,0x17,0xE7,
    0xF6,0xDE,0xD6,0xDE,0xB5,0xD6,0x73,0xCE,0xB4,0xD6,0xD5,0xD6,0xD5,0xD6,0x73,0xCE,
    0x93,0xCE,0x2E,0xA5,0x6A,0x84,0xCD,0xB5,0x32,0xC6,0x1A,0xDF,0x5A,0xE7,0xF7,0xDE,
    0x8E,0xA5,0x8E,0xA5,0x72,0xC6,0x31,0xC6,0xB3,0xCE,0x90,0xAD,0xCC,0x94,0x09,0x95,
    0xAB,0xAD,0x4F,0xBE,0xCD,0xAD,0x8B,0xAD,0x8F,0xAD,0x17,0xE7,0x37,0xE7,0x38,0xEF,
    0x38,0xEF,0x37,0xEF,0x16,0xE7,0x37,0xE7,0x58,0xEF,0x58,0xEF,0x59,0xEF,0x7A,0xF7,
    0x9B,0xF7,0x9B,0xFF,0xBC,0xFF,0xDD,0xFF,0xDD,0xFF,0xBD,0xFF,0x9B,0xF7,0x37,0xE7,
    0x5A,0xEF,0xBD,0xFF,0xBD,0xFF,0xBD,0xFF,0xBD,0xFF,0xBD,0xFF,0xBD,0xFF,0xBD,0xFF,
    0xBD,0xFF,0xBC,0xFF,0x7B,0xF7,0x9C,0xF7,0x9B,0xF7,0x9C,0xF7,0x9C,0xF7,0x9C,0xF7,
    0xBC,0xF7,0xBC,0xFF,0xBC,0xFF,0xBC,0xFF,0xBC,0xFF,0xBC,0xFF,0x9B,0xF7,0x7A,0xF7,
    0x59,0xEF,0x7A,0xEF,0x7A,0xEF,0x5A,0xEF,0x7A,0xEF,0x7A,0xEF,0x5A,0xEF,0x7B,0xF7,
    0x7A,0xF7,0x59,0xEF,0x17,0xE7,0xB5,0xD6,0xD6,0xDE,0x73,0xCE,0x73,0xCE,0x10,0xBE,
    0x73,0xCE,0x53,0xC6,0x52,0xC6,0x31,0xBE,0x31,0xBE,0x31,0xC6,0x32,0xC6,0x52,0xC6,
    0x52,0xC6,0x52,0xC6,0x51,0xC6,0x52,0xC6,0xD0,0xB5,0x27,0x7C,0xAD,0xAD,0x8D,0xAD,
    0xCE,0xB5,0xED,0xB5,0xEE,0xB5,0x2E,0xA5,0xB0,0xB5,0x72,0xC6,0x32,0xC6,0xB4,0xCE,
    0x2E,0x9D,0x73,0xB5,0x1A,0xE7,0x18,0xDF,0x18,0xDF,0x7B,0xEF,0xF5,0xC5,0x2F,0xA5,
    0x93,0xCE,0x73,0xCE,0xB4,0xD6,0xB5,0xD6,0xD5,0xDE,0xD5,0xDE,0xD5,0xDE,0xD5,0xDE,
    0xD4,0xDE,0xD5,0xDE,0xD5,0xDE,0xD5,0xDE,0xF6,0xE6,0x59,0xEF,0x9C,0xF7,0xBC,0xF7,
    0x7A,0xF7,0x9B,0xF7,0x9B,0xF7,0xDE,0xFF,0xDD,0xFF,0xBD,0xFF,0xBC,0xFF,0xBC,0xFF,
    0xBC,0xFF,0xBC,0xFF,0xBD,0xFF,0xBD,0xFF,0xBC,0xFF,0x7B,0xF7,0x9C,0xF7,0x9B,0xF7,
    0x9B,0xF7,0x9C,0xF7,0xBC,0xF7,0xBC,0xFF,0xBC,0xFF,0xBC,0xF7,0x9B,0xF7,0x7A,0xF7,
    0x5A,0xEF,0x5A,0xEF,0x5A,0xEF,0x5A,0xEF,0x7A,0xF7,0x7A,0xEF,0x59,0xEF,0x39,0xEF,
    0x38,0xE7,0x17,0xE7,0x39,0xE7,0x18,0xE7,0xD6,0xDE,0x53,0xC6,0xF0,0xB5,0xF0,0xB5,
    0xF0,0xB5,0xD0,0xB5,0xF0,0xB5,0xF0,0xB5,0xF1,0xB5,0x11,0xBE,0x11,0xBE,0x11,0xBE,
    0xF0,0xB5,0xF0,0xB5,0xF0,0xB5,0xF0,0xB5,0xF0,0xB5,0xF0,0xB5,0xF0,0xB5,0x11,0xBE,
    0x67,0x84,0x14,0xC6,0x5D,0xEF,0x9D,0xF7,0x7D,0xEF,0xDF,0xFF,0x1B,0xEF,0x6F,0xA5,
    0x11,0xBE,0xF0,0xB5,0x32,0xBE,0xAB,0x8C,0x4A,0x84,0xFF,0xFF,0xFF,0xFF,0xFF,0xFF,
    0xFF,0xFF,0x97,0xD6,0x8E,0xAD,0x94,0xCE,0x52,0xC6,0x52,0xC6,0x52,0xC6,0x52,0xC6,
    0x52,0xCE,0x93,0xCE,0x94,0xD6,0xB4,0xD6,0xB4,0xD6,0xB5,0xDE,0xD6,0xDE,0xF6,0xE6,
    0x7A,0xF7,0x9C,0xF7,0x7A,0xF7,0x17,0xE7,0x79,0xF7,0x9B,0xF7,0xBC,0xFF,0xDD,0xFF,
    0xDD,0xFF,0xBC,0xFF,0xBC,0xFF,0xBD,0xFF,0xBD,0xFF,0xBD,0xFF,0xBD,0xFF,0xBC,0xFF,
    0x9B,0xF7,0x9C,0xF7,0x9B,0xF7,0xBC,0xF7,0xBC,0xF7,0xBC,0xF7,0x9C,0xF7,0x9B,0xF7,
    0x7A,0xF7,0x7A,0xEF,0x7A,0xEF,0x5A,0xEF,0x5A,0xEF,0x5A,0xEF,0x5A,0xEF,0x7A,0xF7,
    0x39,0xEF,0x17,0xE7,0x18,0xE7,0x39,0xE7,0x18,0xE7,0xD6,0xDE,0xF7,0xDE,0x74,0xCE,
    0x12,0xBE,0x6E,0xA5,0x8E,0xA5,0x8E,0xAD,0x8E,0xA5,0x8E,0xA5,0x8E,0xAD,0xCF,0xAD,
    0xCF,0xB5,0x8E,0xA5,0x6E,0xA5,0x6E,0xA5,0x6E,0xA5,0x8E,0xA5,0x8E,0xA5,0x6E,0xA5,
    0x8E,0xA5,0x8E,0xA5,0xD0,0xAD,0x27,0x74,0xC8,0x8C,0x3B,0xE7,0xFF,0xFF,0xFF,0xFF,
    0xFF,0xFF,0x3B,0xE7,0xAC,0x8C,0xAF,0xA5,0x6E,0xA5,0xCF,0xAD,0xCA,0x6B,0x02,0x4B,
    0x0F,0xAE,0xD8,0xD6,0xF9,0xDE,0xB6,0xCE,0xE8,0x8C,0x2C,0x9D,0x52,0xC6,0x31,0xC6,
    0x52,0xC6,0x52,0xC6,0x52,0xC6,0x52,0xC6,0x32,0xC6,0x73,0xCE,0x73,0xCE,0x73,0xCE,
    0xB4,0xD6,0xD6,0xDE,0xD6,0xDE,0x17,0xE7,0x5A,0xEF,0x17,0xE7,0x7A,0xF7,0x59,0xEF,
    0x7A,0xF7,0x9C,0xF7,0x9C,0xF7,0x9B,0xF7,0x9B,0xFF,0xBD,0xFF,0xBD,0xFF,0xBD,0xFF,
    0xBD,0xFF,0xBD,0xFF,0xBC,0xFF,0x7B,0xF7,0x9C,0xF7,0x9B,0xF7,0x9B,0xF7,0x9B,0xF7,
    0x7A,0xF7,0x7B,0xF7,0x9B,0xF7,0x9B,0xF7,0x7A,0xF7,0x59,0xEF,0x59,0xEF,0x5A,0xEF,
    0x5A,0xEF,0x59,0xEF,0x38,0xE7,0xB5,0xD6,0x94,0xCE,0x94,0xCE,0x94,0xCE,0x32,0xC6,
    0x8E,0xA5,0xAF,0xAD,0x8E,0xA5,0x8E,0xA5,0x8E,0xA5,0x6D,0xA5,0x2C,0x9D,0x2C,0x9D,
    0x4C,0x9D,0x4C,0x9D,0x6D,0xA5,0x8E,0xA5,0x4D,0x9D,0x6E,0xA5,0x8E,0xA5,0x6E,0xA5,
    0x2D,0x9D,0x2D,0x9D,0x4D,0x9D,0x6E,0xA5,0x8E,0xA5,0xCE,0xAD,0x27,0x5B,0x63,0x5B,
    0x6A,0x9D,0x73,0xC6,0xF7,0xD6,0xD6,0xD6,0xCD,0xAD,0x27,0x74,0x6E,0xA5,0x6D,0x9D,
    0x8E,0xA5,0x0A,0x74,0xA1,0x29,0x63,0x74,0x67,0x95,0xAB,0xA5,0xA5,0x84,0x63,0x5B,
    0x0D,0x9D,0xEF,0xB5,0xCF,0xAD,0xCF,0xB5,0x10,0xBE,0x52,0xC6,0x52,0xC6,0x52,0xC6,
    0x52,0xCE,0x93,0xD6,0x31,0xC6,0x10,0xBE,0x73,0xCE,0xB4,0xD6,0xB4,0xD6,0xF6,0xE6,
    0x17,0xE7,0x38,0xEF,0x17,0xE7,0x59,0xEF,0x5A,0xEF,0x38,0xEF,0x39,0xEF,0x59,0xF7,
    0x7B,0xF7,0xBC,0xFF,0xBD,0xFF,0xBC,0xFF,0xBC,0xFF,0xBC,0xFF,0x7B,0xF7,0x9C,0xF7,
    0x9B,0xF7,0x7A,0xF7,0x59,0xEF,0x7A,0xF7,0x9B,0xF7,0xBC,0xF7,0x59,0xEF,0x38,0xE7,
    0x38,0xE7,0x38,0xEF,0x59,0xEF,0x59,0xEF,0xF7,0xE6,0x94,0xD6,0x52,0xC6,0x32,0xC6,
    0x11,0xBE,0x32,0xC6,0x8E,0xAD,0x0B,0x95,0x2C,0x95,0x4C,0x9D,0x4C,0x9D,0x6D,0xA5,
    0x4C,0x9D,0x0B,0x95,0x0A,0x95,0x0B,0x95,0x2B,0x95,0x2B,0x95,0x4C,0x9D,0x4D,0x9D,
    0x6D,0xA5,0x8D,0xA5,0x8D,0xA5,0x6D,0xA5,0x4D,0x9D,0x4D,0x9D,0x4D,0x9D,0x4D,0x9D,
    0x2C,0x95,0x09,0x74,0xA2,0x31,0xA3,0x63,0x06,0x8D,0x8A,0x9D,0x6A,0x9D,0xE4,0x6B,
    0xE8,0x6B,0xAE,0xA5,0x6D,0x9D,0x4D,0x9D,0x4C,0x95,0xC8,0x6B,0x43,0x42,0xC4,0x4A,
    0x65,0x63,0x43,0x42,0xC8,0x6B,0xAD,0xA5,0x8E,0xA5,0xAE,0xAD,0xCF,0xB5,0x10,0xBE,
    0x52,0xC6,0x52,0xC6,0x52,0xC6,0x72,0xCE,0x51,0xC6,0xCF,0xB5,0xAE,0xAD,0x10,0xBE,
    0xB4,0xDE,0xB5,0xDE,0xD5,0xDE,0xB4,0xD6,0x93,0xD6,0xF5,0xDE,0xF6,0xE6,0x59,0xEF,
    0x5A,0xF7,0x39,0xEF,0x59,0xEF,0x59,0xEF,0x7A,0xF7,0xBC,0xFF,0xBC,0xFF,0xBC,0xFF,
    0xBC,0xFF,0x7B,0xF7,0x9C,0xF7,0x7A,0xF7,0x59,0xEF,0x59,0xEF,0x7A,0xF7,0xBC,0xF7,
    0x9B,0xF7,0x17,0xE7,0x17,0xE7,0x17,0xE7,0x38,0xEF,0x59,0xEF,0x59,0xEF,0xD6,0xDE,
    0x52,0xC6,0xF0,0xBD,0xF0,0xBD,0xF0,0xBD,0xB4,0xD6,0x73,0xCE,0x8D,0xA5,0x6C,0xA5,
    0x6C,0x9D,0x6C,0x9D,0x4C,0x9D,0x8C,0xAD,0xAD,0xAD,0xCE,0xAD,0x4C,0x9D,0x2B,0x9D,
    0x2B,0x95,0x2A,0x95,0x2A,0x95,0x4B,0x9D,0x6C,0xA5,0x8D,0xA5,0xAD,0xAD,0xAD,0xAD,
    0xCE,0xB5,0xAD,0xAD,0x8D,0xA5,0x4C,0x9D,0x2B,0x95,0xA9,0x84,0xE5,0x52,0x83,0x4A,
    0xE3,0x52,0xA3,0x4A,0xA5,0x4A,0x0C,0x95,0x8D,0xA5,0x6D,0x9D,0x4C,0x9D,0x2C,0x95,
    0x8D,0xA5,0x8C,0x9D,0x0B,0x95,0x0C,0x95,0x8D,0xA5,0x0E,0xB6,0xCE,0xAD,0xEF,0xB5,
    0x10,0xBE,0x31,0xC6,0x31,0xC6,0x31,0xC6,0x30,0xC6,0x30,0xBE,0x50,0xC6,0x50,0xC6,
    0x71,0xCE,0x71,0xCE,0xB4,0xD6,0xD5,0xDE,0xD5,0xDE,0xD5,0xDE,0xF6,0xDE,0xF6,0xDE,
    0xF5,0xDE,0xF6,0xE6,0x59,0xEF,0x7B,0xF7,0x59,0xEF,0x59,0xEF,0x39,0xEF,0x59,0xEF,
    0x9B,0xF7,0xBC,0xFF,0xBC,0xFF,0x9C,0xFF,0x7B,0xF7,0x9C,0xF7,0x7A,0xF7,0x59,0xEF,
    0x59,0xEF,0x7A,0xF7,0x7A,0xF7,0xBC,0xFF,0x59,0xEF,0x38,0xEF,0x38,0xEF,0x38,0xEF,
    0x39,0xEF,0x59,0xEF,0x38,0xE7,0x94,0xD6,0x31,0xC6,0x11,0xBE,0x10,0xBE,0x31,0xC6,
    0xB4,0xD6,0x31,0xC6,0xAD,0xAD,0x8C,0xA5,0x8C,0xA5,0xAC,0xAD,0xCD,0xB5,0x0E,0xBE,
    0x50,0xC6,0xEE,0xB5,0x8B,0xA5,0x6B,0xA5,0xAD,0xAD,0xAD,0xAD,0x6B,0xA5,0x6B,0x9D,
    0x6C,0xA5,0xAD,0xAD,0xCD,0xAD,0xCD,0xAD,0xCE,0xB5,0xCE,0xB5,0xCE,0xB5,0xCD,0xB5,
    0x0E,0xB6,0x2F,0xBE,0xEE,0xB5,0x8D,0xA5,0x8D,0xAD,0x0F,0xBE,0x0F,0xB6,0xCE,0xAD,
    0x8D,0xAD,0x8D,0xA5,0x8D,0xA5,0xCE,0xAD,0x0F,0xB6,0x30,0xBE,0x50,0xC6,0x50,0xC6,
    0x30,0xBE,0x10,0xBE,0x0F,0xBE,0x30,0xBE,0x50,0xC6,0x71,0xCE,0x92,0xD6,0xB2,0xD6,
    0x91,0xD6,0x91,0xD6,0xB2,0xD6,0x15,0xE7,0x37,0xEF,0x16,0xE7,0xF6,0xE6,0xF5,0xDE,
    0xD5,0xDE,0xF5,0xDE,0xF6,0xE6,0x17,0xE7,0x38,0xEF,0x7A,0xF7,0x59,0xEF,0x39,0xEF,
    0x39,0xEF,0x39,0xEF,0x59,0xEF,0x9B,0xF7,0xBC,0xFF,0xBC,0xFF,0x9C,0xFF,0x7B,0xF7,
    0x9C,0xF7,0x7A,0xF7,0x7A,0xEF,0x59,0xEF,0x59,0xEF,0x59,0xEF,0x7A,0xF7,0xBC,0xFF,
    0x9B,0xF7,0x7A,0xF7,0x79,0xF7,0x59,0xEF,0x59,0xEF,0x59,0xEF,0x58,0xEF,0xF6,0xDE,
    0xB4,0xD6,0x73,0xCE,0x72,0xCE,0x52,0xC6,0x51,0xC6,0x10,0xBE,0xCE,0xAD,0x8D,0xAD,
    0x8C,0xA5,0x4B,0x9D,0x4B,0x9D,0x8C,0xA5,0xAD,0xAD,0x73,0xCE,0x31,0xC6,0x18,0xE7,
    0x5A,0xEF,0x2F,0xBE,0x0E,0xBE,0xED,0xB5,0xEE,0xBD,0xEE,0xB5,0xEE,0xB5,0xCE,0xB5,
    0xCD,0xB5,0xEE,0xB5,0x0E,0xBE,0x2F,0xBE,0x0E,0xBE,0x2F,0xBE,0x4F,0xC6,0x4F,0xC6,
    0x2F,0xBE,0x2F,0xBE,0x0F,0xBE,0xAE,0xAD,0xCE,0xB5,0x0F,0xBE,0xEF,0xB5,0xEF,0xB5,
    0xEF,0xB5,0x30,0xBE,0x50,0xC6,0x50,0xC6,0x51,0xC6,0x71,0xCE,0x91,0xCE,0xB1,0xD6,
    0xD3,0xDE,0xD3,0xDE,0xD3,0xDE,0xD4,0xDE,0xD3,0xDE,0xD3,0xDE,0xF4,0xDE,0xF5,0xE6,
    0xF5,0xE6,0xD4,0xDE,0xD4,0xDE,0xD5,0xDE,0x17,0xE7,0x38,0xEF,0x59,0xEF,0x59,0xEF,
    0x39,0xEF,0x59,0xEF,0x39,0xEF,0x39,0xEF,0x59,0xEF,0x7A,0xF7,0xBC,0xFF,0xBC,0xFF,
    0xBC,0xFF,0xBC,0xFF,0x7B,0xF7,0x9C,0xF7,
};
const lv_image_dsc_t ui_img_environment_v3_character = {
    .header = { .magic = LV_IMAGE_HEADER_MAGIC, .cf = LV_COLOR_FORMAT_RGB565,
                .flags = 0, .w = 91, .h = 124, .stride = 182, .reserved_2 = 0 },
    .data_size = sizeof(ui_img_environment_v3_character_data), .data = ui_img_environment_v3_character_data, .reserved = NULL,
};

static const LV_ATTRIBUTE_MEM_ALIGN uint8_t ui_img_environment_v3_hero_data[] = {
    0xDD,0xFF,0xDD,0xFF,0xBC,0xFF,0x9C,0xF7,0xDD,0xFF,0xFE,0xFF,0xFE,0xFF,0xFD,0xFF,
    0xDD,0xFF,0xDE,0xFF,0xFE,0xFF,0xFE,0xFF,0xFE,0xFF,0xDE,0xFF,0xDE,0xFF,0xDE,0xFF,
    0xDE,0xFF,0xFE,0xFF,0xDE,0xFF,0xDE,0xFF,0xDE,0xFF,0xDE,0xFF,0xDE,0xFF,0xDE,0xFF,
    0xDE,0xFF,0xDD,0xFF,0xDD,0xFF,0xDD,0xFF,0xDD,0xFF,0xDD,0xFF,0xDD,0xFF,0xDD,0xFF,
    0xDD,0xFF,0xDD,0xFF,0xDD,0xFF,0xDD,0xFF,0xDD,0xFF,0xDD,0xFF,0xDD,0xFF,0xDD,0xFF,
    0xDD,0xFF,0xDD,0xFF,0xDD,0xFF,0xBD,0xFF,0xBD,0xFF,0xBD,0xFF,0xBD,0xFF,0xBD,0xFF,
    0xBD,0xFF,0xBD,0xFF,0xBD,0xFF,0xBD,0xFF,0xBD,0xFF,0xBD,0xFF,0xBD,0xFF,0xBD,0xFF,
    0xBD,0xFF,0xBD,0xFF,0xBD,0xFF,0xBD,0xFF,0xBD,0xFF,0xBD,0xFF,0xBD,0xF7,0xBD,0xFF,
    0xBD,0xFF,0xBD,0xFF,0xBD,0xFF,0xBD,0xFF,0xBD,0xFF,0xBD,0xFF,0xBD,0xFF,0xBC,0xFF,
    0xBC,0xF7,0xBD,0xFF,0xBC,0xF7,0xBC,0xF7,0xBC,0xF7,0xBC,0xF7,0xBC,0xFF,0xBC,0xFF,
    0xBC,0xF7,0xBC,0xFF,0xBC,0xF7,0xBC,0xF7,0xBD,0xFF,0xBD,0xFF,0xBD,0xFF,0xBC,0xFF,
    0xBC,0xFF,0xBC,0xFF,0xBD,0xFF,0xBD,0xFF,0xBD,0xFF,0xBD,0xFF,0xBD,0xFF,0xBD,0xFF,
    0xBD,0xFF,0xBD,0xFF,0xBD,0xFF,0xBD,0xFF,0xBD,0xFF,0xBD,0xFF,0xBD,0xFF,0xBD,0xFF,
    0xBD,0xFF,0xBD,0xFF,0xBD,0xFF,0xBD,0xFF,0xBD,0xFF,0xBD,0xFF,0xBD,0xFF,0xBD,0xFF,
    0xBD,0xFF,0xBD,0xFF,0xBD,0xFF,0xBD,0xFF,0xBD,0xFF,0xBD,0xFF,0xBD,0xFF,0xBD,0xFF,
    0xDD,0xFF,0xBD,0xFF,0xBD,0xFF,0xBD,0xFF,0xBD,0xFF,0xBD,0xFF,0xBD,0xFF,0xBD,0xFF,
    0xBD,0xFF,0xBD,0xFF,0xDD,0xFF,0xBD,0xFF,0xBD,0xFF,0xBD,0xFF,0xBD,0xFF,0xBD,0xFF,
    0xBD,0xFF,0xBD,0xFF,0xBD,0xFF,0xBD,0xFF,0xBD,0xFF,0xBD,0xFF,0xBD,0xFF,0xBD,0xFF,
    0xBD,0xFF,0xBD,0xFF,0xBD,0xFF,0xDD,0xFF,0xDD,0xFF,0xBD,0xFF,0xBD,0xFF,0xBD,0xFF,
    0xDD,0xFF,0xDD,0xFF,0xBE,0xFF,0xDD,0xFF,0xDE,0xFF,0xDE,0xFF,0xDE,0xFF,0xDE,0xFF,
    0xDE,0xFF,0xDE,0xFF,0xDE,0xFF,0xDE,0xFF,0xDE,0xFF,0xDE,0xFF,0xDE,0xFF,0xDE,0xFF,
    0xDE,0xFF,0xDE,0xFF,0xDE,0xFF,0xDD,0xFF,0xBD,0xFF,0xDD,0xFF,0xDE,0xFF,0xBD,0xFF,
    0x9B,0xF7,0x9C,0xFF,0x9C,0xFF,0x9C,0xFF,0xBC,0xFF,0xDD,0xFF,0xBC,0xFF,0x9B,0xF7,
    0xFE,0xFF,0xFE,0xFF,0xDD,0xFF,0xDD,0xFF,0xDD,0xFF,0xDD,0xFF,0xDD,0xFF,0xDD,0xFF,
    0xDD,0xFF,0xDD,0xFF,0xDD,0xFF,0xDD,0xFF,0xDD,0xFF,0xDD,0xFF,0xDC,0xFF,0xDC,0xFF,
    0xDC,0xFF,0xDD,0xFF,0xDD,0xFF,0xBD,0xFF,0xBD,0xFF,0xBD,0xFF,0xBD,0xFF,0xBD,0xFF,
    0xBD,0xFF,0xBD,0xFF,0xDD,0xFF,0xBD,0xFF,0xBD,0xFF,0xDD,0xFF,0xDD,0xFF,0xDD,0xFF,
    0xDD,0xFF,0xDD,0xFF,0xDD,0xFF,0xBD,0xFF,0xBD,0xFF,0xBD,0xFF,0xBD,0xFF,0xBD,0xFF,
    0xBD,0xFF,0xBD,0xFF,0xBD,0xFF,0xBC,0xF7,0xBC,0xFF,0xBD,0xFF,0xBC,0xF7,0xBC,0xF7,
    0x9C,0xF7,0xBC,0xF7,0xBC,0xF7,0xBC,0xF7,0xBD,0xF7,0xBC,0xF7,0x9C,0xF7,0xBC,0xF7,
    0xBC,0xF7,0x9C,0xF7,0x9C,0xF7,0x9C,0xF7,0x9C,0xF7,0xBC,0xF7,0xBC,0xF7,0xBC,0xF7,
    0x9C,0xF7,0xBC,0xF7,0x9C,0xF7,0x9C,0xF7,0x9C,0xF7,0x9C,0xF7,0x9C,0xF7,0x9C,0xF7,
    0x9C,0xF7,0x9C,0xF7,0x9C,0xF7,0x9C,0xF7,0x9C,0xF7,0x9C,0xF7,0x9C,0xF7,0x9C,0xF7,
    0x9C,0xF7,0x9C,0xF7,0x9C,0xF7,0x9C,0xF7,0x9C,0xF7,0x9C,0xF7,0x9C,0xF7,0x9C,0xF7,
    0x9C,0xF7,0x9C,0xF7,0x9C,0xF7,0x9C,0xF7,0x9C,0xF7,0x9C,0xF7,0x9C,0xF7,0x9C,0xF7,
    0xBC,0xF7,0xBD,0xF7,0xBD,0xF7,0xBD,0xF7,0xBC,0xF7,0xBD,0xF7,0xBD,0xF7,0xBD,0xF7,
    0xBD,0xF7,0xBD,0xFF,0xBD,0xFF,0xBD,0xFF,0xBD,0xFF,0xBD,0xF7,0xBD,0xF7,0xBD,0xF7,
    0xBD,0xF7,0xBD,0xF7,0xBD,0xF7,0xBD,0xF7,0xBD,0xF7,0xBD,0xFF,0xBD,0xF7,0xBD,0xF7,
    0xBD,0xFF,0xBD,0xF7,0xBD,0xFF,0xBD,0xFF,0xBD,0xFF,0xBD,0xFF,0xBD,0xFF,0xBD,0xFF,
    0xBD,0xFF,0xBD,0xFF,0xBD,0xFF,0xBD,0xFF,0xBD,0xFF,0xBD,0xFF,0xBD,0xFF,0xBD,0xFF,
    0xBD,0xF7,0xBD,0xFF,0xBD,0xF7,0xBD,0xF7,0xBD,0xF7,0xBD,0xF7,0xBD,0xF7,0xBD,0xFF,
    0xBD,0xF7,0xBD,0xF7,0xBD,0xF7,0xBD,0xFF,0xBD,0xFF,0xBD,0xFF,0xBD,0xFF,0xBD,0xFF,
    0xBD,0xFF,0xBD,0xFF,0xBD,0xFF,0xBD,0xFF,0xBD,0xFF,0xBD,0xFF,0xBD,0xFF,0xBD,0xFF,
    0xBD,0xFF,0xBD,0xFF,0xDD,0xFF,0xDD,0xFF,0xDE,0xFF,0xDE,0xFF,0xDE,0xFF,0xDE,0xFF,
    0xDE,0xFF,0xDE,0xFF,0xBD,0xFF,0xBC,0xFF,0xDE,0xFF,0xDE,0xFF,0x9B,0xF7,0x9C,0xFF,
    0x9C,0xFF,0xBC,0xFF,0xBC,0xFF,0x7B,0xF7,0xDE,0xFF,0xFE,0xFF,0xDD,0xFF,0xDD,0xFF,
    0xDD,0xFF,0xDD,0xFF,0xDD,0xFF,0xDD,0xFF,0xDD,0xFF,0xDD,0xFF,0xDD,0xFF,0xDD,0xFF,
    0xDD,0xFF,0xDD,0xFF,0xDD,0xFF,0xDD,0xFF,0xDD,0xFF,0xDD,0xFF,0xDD,0xFF,0xDD,0xFF,
    0xDD,0xFF,0xDD,0xFF,0xDD,0xFF,0xBD,0xFF,0xDD,0xFF,0xBD,0xFF,0xBD,0xFF,0xBD,0xFF,
    0xBD,0xFF,0xDD,0xFF,0xDD,0xFF,0xDD,0xFF,0xDD,0xFF,0xDD,0xFF,0xDD,0xFF,0xDD,0xFF,
    0xBD,0xFF,0xBD,0xFF,0xBD,0xFF,0xBD,0xFF,0xBD,0xFF,0xBD,0xFF,0xBD,0xFF,0xBD,0xFF,
    0xBD,0xFF,0xBD,0xFF,0xBD,0xFF,0xBD,0xF7,0xBD,0xF7,0xBC,0xF7,0xBD,0xF7,0xBD,0xF7,
    0xBD,0xFF,0xBD,0xF7,0xBD,0xF7,0xBD,0xF7,0xBC,0xF7,0xBD,0xF7,0xBD,0xF7,0xBC,0xF7,
    0xBC,0xF7,0xBC,0xF7,0xBC,0xF7,0xBD,0xFF,0xBD,0xF7,0xBD,0xF7,0xBD,0xF7,0xBD,0xF7,
    0xBC,0xF7,0xBC,0xF7,0xBC,0xF7,0xBC,0xF7,0xBC,0xF7,0xBC,0xF7,0x9C,0xF7,0xBC,0xF7,
    0xBC,0xF7,0xBC,0xF7,0x9C,0xF7,0x9C,0xF7,0xBC,0xF7,0xBC,0xF7,0xBC,0xF7,0xBC,0xF7,
    0xBD,0xF7,0xBC,0xF7,0xBC,0xF7,0xBC,0xFF,0xBC,0xF7,0xBC,0xF7,0xBD,0xFF,0xBD,0xFF,
    0xBD,0xFF,0xBD,0xFF,0xBC,0xF7,0xBD,0xF7,0xBD,0xFF,0xBD,0xFF,0xBD,0xFF,0xBD,0xFF,
    0xBD,0xFF,0xBD,0xFF,0xBD,0xFF,0xBD,0xFF,0xBD,0xFF,0xBD,0xFF,0xBD,0xFF,0xDD,0xFF,
    0xBD,0xFF,0xBD,0xFF,0xBD,0xFF,0xBD,0xFF,0xBD,0xFF,0xBD,0xFF,0xBD,0xFF,0xBD,0xFF,
    0xDD,0xFF,0xDD,0xFF,0xBD,0xFF,0xBD,0xFF,0xBD,0xFF,0xDE,0xFF,0xDD,0xFF,0xDD,0xFF,
    0xDE,0xFF,0xDE,0xFF,0xDE,0xFF,0xDE,0xFF,0xDE,0xFF,0xDE,0xFF,0xDE,0xFF,0xDE,0xFF,
    0xDE,0xFF,0xDE,0xFF,0xDE,0xFF,0xDE,0xFF,0xDE,0xFF,0xDE,0xFF,0xDE,0xFF,0xDE,0xFF,
    0xDE,0xFF,0xDE,0xFF,0xDE,0xFF,0xDE,0xFF,0xDE,0xFF,0xDE,0xFF,0xDE,0xFF,0xDE,0xFF,
    0xDE,0xFF,0xDE,0xFF,0xDE,0xFF,0xDE,0xFF,0xDE,0xFF,0xDD,0xFF,0xBD,0xFF,0xDD,0xFF,
    0xDD,0xFF,0xDE,0xFF,0xDE,0xFF,0xDE,0xFF,0xDE,0xFF,0xDE,0xFF,0xDE,0xFF,0xDE,0xFF,
    0xDE,0xFF,0xDE,0xFF,0xDE,0xFF,0xDE,0xFF,0xDE,0xFF,0xDE,0xFF,0xDE,0xFF,0xDE,0xFF,
    0xDE,0xFF,0xBC,0xFF,0xDE,0xFF,0xBE,0xFF,0x9B,0xF7,0x9C,0xFF,0x9C,0xFF,0x9B,0xF7,
    0xBD,0xFF,0xFE,0xFF,0xDD,0xFF,0xDD,0xFF,0xDD,0xFF,0xDD,0xFF,0xDD,0xFF,0xDD,0xFF,
    0xDD,0xFF,0xDD,0xFF,0xDD,0xFF,0xDD,0xFF,0xDD,0xFF,0xDD,0xFF,0xDD,0xFF,0xDD,0xFF,
    0xDD,0xFF,0xDD,0xFF,0xDD,0xFF,0xDE,0xFF,0xDE,0xFF,0xDD,0xFF,0xDD,0xFF,0xDD,0xFF,
    0xDD,0xFF,0xDD,0xFF,0xBD,0xFF,0xBD,0xFF,0xDD,0xFF,0xDD,0xFF,0xDD,0xFF,0xDD,0xFF,
    0xDD,0xFF,0xDD,0xFF,0xDD,0xFF,0xDD,0xFF,0xDD,0xFF,0xDD,0xFF,0xBD,0xFF,0xDD,0xFF,
    0xBD,0xFF,0xBD,0xFF,0xBD,0xFF,0xBD,0xFF,0xBD,0xFF,0xBD,0xFF,0xBD,0xFF,0xBD,0xF7,
    0xBD,0xF7,0xBD,0xF7,0xBD,0xF7,0xBD,0xFF,0xBD,0xFF,0xBD,0xF7,0xBD,0xF7,0xBD,0xF7,
    0xBD,0xF7,0xBD,0xFF,0xBD,0xF7,0xBD,0xF7,0xBD,0xF7,0xBD,0xF7,0xBD,0xFF,0xBD,0xFF,
    0xBD,0xFF,0xBD,0xFF,0xBD,0xFF,0xBD,0xF7,0xBD,0xFF,0xBD,0xF7,0xBD,0xFF,0xBD,0xFF,
    0xBD,0xFF,0xBC,0xF7,0xBC,0xF7,0xBC,0xF7,0xBD,0xF7,0xBD,0xFF,0xBC,0xF7,0xBD,0xF7,
    0xBD,0xFF,0xBD,0xF7,0xBD,0xF7,0xBD,0xFF,0xBD,0xFF,0xBD,0xFF,0xBD,0xFF,0xBD,0xFF,
    0xBD,0xFF,0xBD,0xFF,0xBD,0xFF,0xBD,0xFF,0xBD,0xFF,0xBD,0xFF,0xBD,0xFF,0xBD,0xFF,
    0xBD,0xFF,0xBD,0xFF,0xBD,0xFF,0xBD,0xFF,0xBD,0xFF,0xBD,0xFF,0xBD,0xFF,0xBD,0xFF,
    0xBD,0xFF,0xBD,0xFF,0xBD,0xFF,0xDD,0xFF,0xDD,0xFF,0xDD,0xFF,0xBD,0xFF,0xDD,0xFF,
    0xBD,0xFF,0xDD,0xFF,0xBD,0xFF,0xBD,0xFF,0xBD,0xFF,0xBD,0xFF,0xBD,0xFF,0xDD,0xFF,
    0xDD,0xFF,0xDD,0xFF,0xDE,0xFF,0xDE,0xFF,0xDE,0xFF,0xDE,0xFF,0xDE,0xFF,0xDE,0xFF,
    0xDE,0xFF,0xDE,0xFF,0xDE,0xFF,0xDE,0xFF,0xDE,0xFF,0xDE,0xFF,0xDE,0xFF,0xDE,0xFF,
    0xDE,0xFF,0xDE,0xFF,0xDE,0xFF,0xDE,0xFF,0xDE,0xFF,0xDE,0xFF,0xDE,0xFF,0xDE,0xFF,
    0xDE,0xFF,0xDE,0xFF,0xDE,0xFF,0xDE,0xFF,0xDE,0xFF,0xDE,0xFF,0xDE,0xFF,0xDE,0xFF,
    0xDE,0xFF,0xDE,0xFF,0xDE,0xFF,0xDE,0xFF,0xDE,0xFF,0xDE,0xFF,0xDE,0xFF,0xDE,0xFF,
    0xDE,0xFF,0xDE,0xFF,0xDE,0xFF,0xDE,0xFF,0xDD,0xFF,0xDE,0xFF,0xDE,0xFF,0xDE,0xFF,
    0xDE,0xFF,0xDE,0xFF,0xDE,0xFF,0xDE,0xFF,0xDE,0xFF,0xDE,0xFF,0xDE,0xFF,0xDD,0xFF,
    0xFF,0xFF,0x9C,0xF7,0x9C,0xFF,0x9C,0xFF,0x9B,0xF7,0xFE,0xFF,0xDD,0xFF,0xDD,0xFF,
    0xDD,0xFF,0xDD,0xFF,0xDD,0xFF,0xDD,0xFF,0xDD,0xFF,0xDD,0xFF,0xDD,0xFF,0xFD,0xFF,
    0xDD,0xFF,0xDD,0xFF,0xDD,0xFF,0xDD,0xFF,0xDD,0xFF,0xFE,0xFF,0xDD,0xFF,0xFE,0xFF,
    0xDC,0xFF,0xBA,0xF7,0xDE,0xFF,0xDD,0xFF,0xDD,0xFF,0xDD,0xFF,0xBD,0xFF,0xDD,0xFF,
    0xDD,0xFF,0xDD,0xFF,0xDD,0xFF,0xDD,0xFF,0xDD,0xFF,0xDD,0xFF,0xDD,0xFF,0xDD,0xFF,
    0xDD,0xFF,0xDD,0xFF,0xDD,0xFF,0xDD,0xFF,0xBD,0xFF,0xBD,0xFF,0xBD,0xFF,0xBD,0xFF,
    0xBD,0xFF,0xBD,0xFF,0xBD,0xFF,0xBD,0xF7,0xBD,0xFF,0xBD,0xF7,0xBD,0xF7,0xBD,0xF7,
    0xBD,0xF7,0xBD,0xF7,0xBD,0xF7,0xBD,0xF7,0xBD,0xF7,0xBD,0xF7,0xBD,0xF7,0xBD,0xF7,
    0xBD,0xF7,0xBD,0xF7,0xBD,0xF7,0xBD,0xFF,0xBD,0xFF,0xBD,0xFF,0xBD,0xFF,0xBD,0xFF,
    0xBD,0xF7,0xBD,0xF7,0xBD,0xF7,0xBD,0xFF,0xBD,0xF7,0xBD,0xF7,0xBD,0xFF,0xBD,0xF7,
    0xBD,0xF7,0xBD,0xF7,0xBD,0xF7,0xBD,0xFF,0xBD,0xFF,0xBD,0xFF,0xBD,0xFF,0xBD,0xFF,
    0xBD,0xFF,0xBD,0xFF,0xBD,0xFF,0xBD,0xFF,0xBD,0xFF,0xBD,0xFF,0xBD,0xFF,0xBD,0xFF,
    0xBD,0xFF,0xBD,0xFF,0xBD,0xFF,0xBD,0xFF,0xBD,0xFF,0xBD,0xFF,0xBD,0xFF,0xBD,0xFF,
    0xBD,0xFF,0xBD,0xFF,0xBD,0xFF,0xBD,0xFF,0xBD,0xFF,0xBD,0xFF,0xBD,0xFF,0xDD,0xFF,
    0xBD,0xFF,0xDD,0xFF,0xBD,0xFF,0xBD,0xFF,0xDD,0xFF,0xBD,0xFF,0xDD,0xFF,0xBD,0xFF,
    0xBD,0xFF,0xBD,0xFF,0xBD,0xFF,0xBD,0xFF,0xBD,0xFF,0xDD,0xFF,0xDD,0xFF,0xDD,0xFF,
    0xDE,0xFF,0xDE,0xFF,0xDE,0xFF,0xDE,0xFF,0xDE,0xFF,0xDE,0xFF,0xDE,0xFF,0xDE,0xFF,
    0xDE,0xFF,0xDE,0xFF,0xDE,0xFF,0xDE,0xFF,0xDE,0xFF,0xDE,0xFF,0xDE,0xFF,0xDE,0xFF,
    0xDE,0xFF,0xDE,0xFF,0xDE,0xFF,0xDE,0xFF,0xDE,0xFF,0xDE,0xFF,0xDE,0xFF,0xDE,0xFF,
    0xDE,0xFF,0xDE,0xFF,0xDE,0xFF,0xDE,0xFF,0xDE,0xFF,0xDE,0xFF,0xDE,0xFF,0xDE,0xFF,
    0xDE,0xFF,0xDE,0xFF,0xDE,0xFF,0xDE,0xFF,0xDD,0xFF,0xDE,0xFF,0xDD,0xFF,0xDE,0xFF,
    0xDD,0xFF,0xDD,0xFF,0xDE,0xFF,0xDD,0xFF,0xDD,0xFF,0xDD,0xFF,0xDD,0xFF,0xDE,0xFF,
    0xDE,0xFF,0xDE,0xFF,0xDE,0xFF,0xDE,0xFF,0xDE,0xFF,0xDE,0xFF,0xDE,0xFF,0x7B,0xF7,
    0x9C,0xFF,0xBC,0xFF,0xFE,0xFF,0xDD,0xFF,0xDD,0xFF,0xDD,0xFF,0xDD,0xFF,0xDD,0xFF,
    0xDD,0xFF,0xDD,0xFF,0xFD,0xFF,0xDD,0xFF,0xFE,0xFF,0xFF,0xFF,0xFF,0xFF,0xFE,0xFF,
    0xFD,0xFF,0xFE,0xFF,0xFE,0xFF,0xFE,0xFF,0xFD,0xFF,0x53,0xDF,0x79,0xEF,0xFE,0xFF,
    0xDD,0xFF,0xDD,0xFF,0xDD,0xFF,0xDD,0xFF,0xDD,0xFF,0xDD,0xFF,0xDD,0xFF,0xDD,0xFF,
    0xDD,0xFF,0xDD,0xFF,0xDD,0xFF,0xDD,0xFF,0xDD,0xFF,0xDD,0xFF,0xDD,0xFF,0xDD,0xFF,
    0xDD,0xFF,0xDD,0xFF,0xDD,0xFF,0xBD,0xFF,0xBD,0xFF,0xBD,0xFF,0xBD,0xFF,0xBD,0xFF,
    0xBD,0xF7,0xBD,0xF7,0xBD,0xF7,0xBD,0xF7,0xBD,0xF7,0xBD,0xF7,0xBD,0xF7,0xBD,0xF7,
    0xBD,0xF7,0xBD,0xF7,0xBD,0xF7,0xBD,0xF7,0xBD,0xF7,0xBD,0xF7,0xBD,0xF7,0xBD,0xF7,
    0xBD,0xF7,0xBD,0xF7,0xBD,0xFF,0xBD,0xF7,0xBD,0xF7,0xBD,0xFF,0xBD,0xF7,0xBD,0xF7,
    0xBD,0xF7,0xBD,0xF7,0xBD,0xF7,0xBD,0xF7,0xBD,0xFF,0xBD,0xFF,0xBD,0xF7,0xBD,0xF7,
    0xBD,0xF7,0xBD,0xF7,0xBD,0xF7,0xBD,0xFF,0xBD,0xFF,0xBD,0xFF,0xBD,0xFF,0xBD,0xFF,
    0xBD,0xFF,0xBD,0xFF,0xBD,0xFF,0xBD,0xFF,0xBD,0xFF,0xBD,0xFF,0xBD,0xFF,0xBD,0xFF,
    0xBD,0xFF,0xBD,0xFF,0xBD,0xFF,0xBD,0xFF,0xBD,0xFF,0xBD,0xFF,0xBD,0xFF,0xBD,0xFF,
    0xBD,0xFF,0xBD,0xFF,0xDD,0xFF,0xBD,0xFF,0xBD,0xFF,0xBD,0xFF,0xBD,0xFF,0xBD,0xFF,
    0xBD,0xFF,0xDD,0xFF,0xDD,0xFF,0xDD,0xFF,0xDD,0xFF,0xBD,0xFF,0xBD,0xFF,0xBD,0xFF,
    0xBD,0xFF,0xBD,0xFF,0xDD,0xFF,0xDD,0xFF,0xDE,0xFF,0xDE,0xFF,0xDE,0xFF,0xDE,0xFF,
    0xDE,0xFF,0xDE,0xFF,0xDE,0xFF,0xDE,0xFF,0xDE,0xFF,0xDE,0xFF,0xDE,0xFF,0xDE,0xFF,
    0xDE,0xFF,0xDE,0xFF,0xDE,0xFF,0xDE,0xFF,0xDE,0xFF,0xDE,0xFF,0xDE,0xFF,0xDE,0xFF,
    0xDE,0xFF,0xDE,0xFF,0xDE,0xFF,0xDE,0xFF,0xDE,0xFF,0xDE,0xFF,0xDE,0xFF,0xDE,0xFF,
    0xDE,0xFF,0xDE,0xFF,0xDE,0xFF,0xDE,0xFF,0xDE,0xFF,0xDE,0xFF,0xDE,0xFF,0xDE,0xFF,
    0xDE,0xFF,0xDE,0xFF,0xDE,0xFF,0xDE,0xFF,0xDE,0xFF,0xDE,0xFF,0xDE,0xFF,0xDD,0xFF,
    0xDE,0xFF,0xDE,0xFF,0xDD,0xFF,0xDE,0xFF,0xDE,0xFF,0xDE,0xFF,0xDE,0xFF,0xDE,0xFF,
    0xDE,0xFF,0xFE,0xFF,0xDD,0xFF,0xFE,0xFF,0x7B,0xF7,0x9B,0xF7,0xDD,0xFF,0xFE,0xFF,
    0xDD,0xFF,0xDD,0xFF,0xDD,0xFF,0xDD,0xFF,0xDD,0xFF,0xFD,0xFF,0xFE,0xFF,0xFD,0xFF,
    0xFE,0xFF,0xFC,0xFF,0x98,0xEF,0x54,0xDF,0x10,0xCF,0xCE,0xC6,0x6C,0xB6,0xAD,0xBE,
    0xEF,0xCE,0x30,0xDF,0x56,0xE7,0xDE,0xFF,0xDD,0xFF,0xDD,0xFF,0xDD,0xFF,0xDD,0xFF,
    0xDD,0xFF,0xDD,0xFF,0xDD,0xFF,0xDD,0xFF,0xDD,0xFF,0xDD,0xFF,0xDD,0xFF,0xDD,0xFF,
    0xDD,0xFF,0xDD,0xFF,0xDD,0xFF,0xDD,0xFF,0xDD,0xFF,0xDD,0xFF,0xDD,0xFF,0xDD,0xFF,
    0xBD,0xFF,0xBD,0xFF,0xBD,0xFF,0xBD,0xFF,0xBD,0xF7,0xBD,0xF7,0xBD,0xF7,0xBD,0xF7,
    0xBD,0xF7,0xBD,0xF7,0xBD,0xF7,0xBD,0xF7,0xBD,0xF7,0xBD,0xF7,0xBD,0xF7,0xBD,0xF7,
    0xBD,0xF7,0xBD,0xF7,0xBD,0xF7,0xBD,0xF7,0xBD,0xF7,0xBD,0xF7,0xBD,0xF7,0xBD,0xFF,
    0xBD,0xF7,0xBD,0xFF,0xBD,0xFF,0xBD,0xF7,0xBD,0xF7,0xBD,0xF7,0xBD,0xF7,0xBD,0xF7,
    0xBD,0xF7,0xBD,0xF7,0xBD,0xF7,0xBD,0xF7,0xBD,0xFF,0xBD,0xFF,0xBD,0xFF,0xBD,0xFF,
    0xBD,0xFF,0xBD,0xFF,0xBD,0xFF,0xBD,0xFF,0xBD,0xFF,0xBD,0xFF,0xBD,0xFF,0xBD,0xFF,
    0xBD,0xFF,0xBD,0xFF,0xBD,0xFF,0xBD,0xFF,0xBD,0xFF,0xBD,0xFF,0xBD,0xFF,0xBD,0xFF,
    0xBD,0xFF,0xBD,0xFF,0xBD,0xFF,0xBD,0xFF,0xBD,0xFF,0xBD,0xFF,0xBD,0xFF,0xDD,0xFF,
    0xDD,0xFF,0xBD,0xFF,0xBD,0xFF,0xBD,0xFF,0xBD,0xFF,0xDD,0xFF,0xDD,0xFF,0xDD,0xFF,
    0xDD,0xFF,0xBD,0xFF,0xBD,0xFF,0xDD,0xFF,0xBD,0xFF,0xDD,0xFF,0xBD,0xFF,0xDD,0xFF,
    0xBD,0xFF,0xDD,0xFF,0xDE,0xFF,0xDE,0xFF,0xDE,0xFF,0xDE,0xFF,0xDE,0xFF,0xDE,0xFF,
    0xDE,0xFF,0xDE,0xFF,0xDE,0xFF,0xDE,0xFF,0xDE,0xFF,0xDE,0xFF,0xDE,0xFF,0xDE,0xFF,
    0xDE,0xFF,0xDE,0xFF,0xDE,0xFF,0xDE,0xFF,0xDE,0xFF,0xDE,0xFF,0xDE,0xFF,0xDE,0xFF,
    0xDE,0xFF,0xDE,0xFF,0xDE,0xFF,0xDE,0xFF,0xDE,0xFF,0xDE,0xFF,0xDE,0xFF,0xDE,0xFF,
    0xDE,0xFF,0xDE,0xFF,0xDE,0xFF,0xDE,0xFF,0xDD,0xFF,0xDD,0xFF,0xDD,0xFF,0xDE,0xFF,
    0xDE,0xFF,0xFF,0xFF,0xDE,0xFF,0xDD,0xFF,0xDD,0xFF,0xDE,0xFF,0xDE,0xFF,0xDE,0xFF,
    0xDE,0xFF,0xDE,0xFF,0xDE,0xFF,0xDE,0xFF,0xDE,0xFF,0xDE,0xFF,0xDE,0xFF,0xDD,0xFF,
    0xFF,0xFF,0x7B,0xF7,0x7B,0xF7,0xDE,0xFF,0xFD,0xFF,0xDD,0xFF,0xDD,0xFF,0xDD,0xFF,
    0xDD,0xFF,0xDD,0xFF,0xFD,0xFF,0xFE,0xFF,0xFF,0xFF,0x76,0xE7,0x6B,0xB6,0x08,0xA6,
    0x29,0xA6,0x49,0xAE,0xE8,0x9D,0x07,0x9E,0xC6,0x95,0x8A,0xB6,0x30,0xDF,0x7C,0xF7,
    0xBC,0xFF,0xDD,0xFF,0xDD,0xFF,0xDD,0xFF,0xDD,0xFF,0xBD,0xFF,0xDD,0xFF,0xDD,0xFF,
    0xDD,0xFF,0xDD,0xFF,0xDD,0xFF,0xDD,0xFF,0xDD,0xFF,0xDD,0xFF,0xDD,0xFF,0xDD,0xFF,
    0xDD,0xFF,0xDD,0xFF,0xDD,0xFF,0xDD,0xFF,0xBD,0xFF,0xBD,0xFF,0xBD,0xFF,0xBD,0xFF,
    0xBD,0xFF,0xBD,0xF7,0xBD,0xF7,0xBD,0xF7,0xBD,0xF7,0xBD,0xF7,0xBD,0xF7,0xBD,0xF7,
    0xBD,0xF7,0xBD,0xF7,0xBD,0xF7,0xBD,0xF7,0xBD,0xF7,0xBD,0xF7,0xBD,0xF7,0xBD,0xF7,
    0xBD,0xF7,0xBD,0xF7,0xBD,0xF7,0xBD,0xF7,0xBD,0xFF,0xBD,0xF7,0xBD,0xF7,0xBD,0xF7,
    0xBD,0xFF,0xBD,0xF7,0xBD,0xF7,0xBD,0xF7,0xBD,0xF7,0xBD,0xF7,0xBC,0xF7,0xBD,0xF7,
    0xBD,0xFF,0xBD,0xF7,0xBD,0xFF,0xBD,0xFF,0xBD,0xFF,0xBD,0xFF,0xBD,0xFF,0xBD,0xFF,
    0xBD,0xFF,0xBD,0xFF,0xBD,0xFF,0xBD,0xFF,0xBD,0xFF,0xBD,0xFF,0xBD,0xFF,0xBD,0xFF,
    0xBD,0xFF,0xBD,0xFF,0xBD,0xFF,0xBD,0xFF,0xBD,0xFF,0xBD,0xFF,0xBD,0xFF,0xBD,0xFF,
    0xBD,0xFF,0xBD,0xFF,0xBD,0xFF,0xDD,0xFF,0xDD,0xFF,0xDD,0xFF,0xBD,0xFF,0xBD,0xFF,
    0xBD,0xFF,0xBD,0xFF,0xBD,0xFF,0xBD,0xFF,0xDD,0xFF,0xBD,0xFF,0xBD,0xFF,0xBD,0xFF,
    0xBD,0xFF,0xBD,0xFF,0xDD,0xFF,0xBD,0xFF,0xBD,0xFF,0xDD,0xFF,0xDD,0xFF,0xDE,0xFF,
    0xDE,0xFF,0xDE,0xFF,0xDE,0xFF,0xDE,0xFF,0xDE,0xFF,0xDE,0xFF,0xDE,0xFF,0xDE,0xFF,
    0xDE,0xFF,0xDE,0xFF,0xDE,0xFF,0xDE,0xFF,0xDE,0xFF,0xDE,0xFF,0xDE,0xFF,0xDE,0xFF,
    0xDE,0xFF,0xDE,0xFF,0xDE,0xFF,0xDE,0xFF,0xDE,0xFF,0xDE,0xFF,0xDE,0xFF,0xDE,0xFF,
    0xDE,0xFF,0xDE,0xFF,0xDE,0xFF,0xDE,0xFF,0xDE,0xFF,0xDE,0xFF,0xDE,0xFF,0xDE,0xFF,
    0xDE,0xFF,0xDD,0xFF,0xDD,0xFF,0xDD,0xFF,0xDD,0xFF,0xDE,0xFF,0xDE,0xFF,0xDD,0xFF,
    0xBD,0xFF,0xDD,0xFF,0xDE,0xFF,0xDE,0xFF,0xFE,0xFF,0xDD,0xFF,0xDE,0xFF,0xDD,0xFF,
    0xDD,0xFF,0xDE,0xFF,0xDE,0xFF,0xDE,0xFF,0xDE,0xFF,0xFF,0xFF,0x9C,0xF7,0x5A,0xEF,
    0xFE,0xFF,0xDD,0xFF,0xDD,0xFF,0xDD,0xFF,0xDD,0xFF,0xDD,0xFF,0xFE,0xFF,0xFD,0xFF,
    0xFE,0xFF,0x33,0xD7,0xE7,0x9D,0xA6,0x8D,0xA7,0x95,0x29,0xA6,0x29,0xA6,0xE7,0x95,
    0x09,0xA6,0x8C,0xBE,0x6F,0xE7,0x52,0xDF,0x7B,0xF7,0xBC,0xFF,0xDD,0xFF,0xDD,0xFF,
    0xDD,0xFF,0xDD,0xFF,0xDD,0xFF,0xDD,0xFF,0xDD,0xFF,0xDD,0xFF,0xDD,0xFF,0xDD,0xFF,
    0xDD,0xFF,0xDD,0xFF,0xDD,0xFF,0xDD,0xFF,0xDD,0xFF,0xDD,0xFF,0xDD,0xFF,0xDD,0xFF,
    0xDD,0xFF,0xBD,0xFF,0xBD,0xFF,0xBD,0xFF,0xBD,0xFF,0xBD,0xFF,0xBD,0xFF,0xBD,0xF7,
    0xBD,0xF7,0xBD,0xF7,0xBD,0xF7,0xBD,0xF7,0xBD,0xF7,0xBD,0xF7,0xBD,0xF7,0xBD,0xF7,
    0xBD,0xF7,0xBD,0xF7,0xBD,0xF7,0xBD,0xF7,0xBD,0xF7,0xBD,0xF7,0xBD,0xF7,0xBD,0xF7,
    0xBD,0xF7,0xBD,0xF7,0xBD,0xF7,0xBD,0xFF,0xBD,0xFF,0xBD,0xFF,0xBD,0xFF,0xBD,0xFF,
    0xBD,0xFF,0xBD,0xF7,0xBD,0xF7,0xBD,0xF7,0xBD,0xFF,0xBD,0xFF,0xBD,0xFF,0xBD,0xFF,
    0xBD,0xFF,0xBD,0xFF,0xBD,0xFF,0xBD,0xFF,0xBD,0xFF,0xBD,0xFF,0xBD,0xFF,0xBD,0xFF,
    0xBD,0xFF,0xBD,0xFF,0xBD,0xFF,0xBD,0xFF,0xBD,0xFF,0xBD,0xFF,0xBD,0xFF,0xBD,0xFF,
    0xBD,0xFF,0xBD,0xFF,0xBD,0xFF,0xBD,0xFF,0xBD,0xFF,0xBD,0xFF,0xBD,0xFF,0xDD,0xFF,
    0xBD,0xFF,0xBD,0xFF,0xDD,0xFF,0xBD,0xFF,0xBD,0xFF,0xBD,0xFF,0xBD,0xFF,0xBD,0xFF,
    0xBD,0xFF,0xBD,0xFF,0xBD,0xFF,0xBD,0xFF,0xBD,0xFF,0xBD,0xFF,0xBD,0xFF,0xBD,0xFF,
    0xBD,0xFF,0xBD,0xFF,0xDD,0xFF,0xDD,0xFF,0xDE,0xFF,0xDE,0xFF,0xDE,0xFF,0xDE,0xFF,
    0xDE,0xFF,0xDE,0xFF,0xDE,0xFF,0xDE,0xFF,0xDE,0xFF,0xDE,0xFF,0xDE,0xFF,0xDE,0xFF,
    0xDE,0xFF,0xDE,0xFF,0xDE,0xFF,0xDE,0xFF,0xDE,0xFF,0xDE,0xFF,0xDE,0xFF,0xDE,0xFF,
    0xDE,0xFF,0xDE,0xFF,0xDE,0xFF,0xDE,0xFF,0xDE,0xFF,0xDE,0xFF,0xDE,0xFF,0xDE,0xFF,
    0xDE,0xFF,0xDE,0xFF,0xDE,0xFF,0xDE,0xFF,0xDE,0xFF,0xDE,0xFF,0xDD,0xFF,0xBD,0xFF,
    0xDD,0xFF,0xDD,0xFF,0xDD,0xFF,0xDD,0xFF,0xBD,0xFF,0xDD,0xFF,0xDD,0xFF,0xDE,0xFF,
    0xFE,0xFF,0xFF,0xFF,0xFE,0xFF,0xDD,0xFF,0xDD,0xFF,0xDD,0xFF,0xDE,0xFF,0xDE,0xFF,
    0xDE,0xFF,0xDE,0xFF,0xFF,0xFF,0x9C,0xF7,0x39,0xEF,0xFE,0xFF,0xFD,0xFF,0xDD,0xFF,
    0xDD,0xFF,0xDD,0xFF,0xDE,0xFF,0xFD,0xFF,0xFF,0xFF,0x56,0xE7,0xC7,0x95,0xC7,0x95,
    0xA7,0x8D,0xC7,0x95,0x09,0xA6,0xA7,0x95,0xC7,0x95,0xCD,0xC6,0x30,0xDF,0x71,0xE7,
    0x11,0xD7,0x5B,0xF7,0xDD,0xFF,0xDD,0xFF,0xDD,0xFF,0xDD,0xFF,0xDD,0xFF,0xDD,0xFF,
    0xDD,0xFF,0xDD,0xFF,0xDD,0xFF,0xDD,0xFF,0xDD,0xFF,0xDD,0xFF,0xDD,0xFF,0xDD,0xFF,
    0xDD,0xFF,0xDD,0xFF,0xDD,0xFF,0xDD,0xFF,0xDD,0xFF,0xDD,0xFF,0xDD,0xFF,0xBD,0xFF,
    0xBD,0xFF,0xBD,0xFF,0xBD,0xFF,0xBD,0xFF,0xBD,0xF7,0xBD,0xF7,0xBD,0xF7,0xBD,0xF7,
    0xBD,0xF7,0xBD,0xF7,0xBD,0xF7,0xBD,0xF7,0xBD,0xF7,0xBD,0xF7,0xBD,0xF7,0xBD,0xF7,
    0xBD,0xF7,0xBD,0xF7,0xBD,0xF7,0xBD,0xF7,0xBD,0xF7,0xBD,0xFF,0xBD,0xFF,0xBD,0xFF,
    0xBD,0xFF,0xBD,0xFF,0xBD,0xFF,0xBD,0xFF,0xBD,0xFF,0xBD,0xFF,0xBD,0xFF,0xBD,0xFF,
    0xBD,0xFF,0xBD,0xFF,0xBD,0xFF,0xBD,0xFF,0xBD,0xFF,0xBD,0xFF,0xBD,0xFF,0xBD,0xFF,
    0xBD,0xFF,0xBD,0xFF,0xBD,0xFF,0xBD,0xFF,0xBD,0xFF,0xBD,0xFF,0xBD,0xFF,0xBD,0xFF,
    0xBD,0xFF,0xBD,0xFF,0xBD,0xFF,0xBD,0xFF,0xBD,0xFF,0xBD,0xFF,0xBD,0xFF,0xBD,0xFF,
    0xBD,0xFF,0xBD,0xFF,0xBD,0xFF,0xBD,0xFF,0xDD,0xFF,0xDD,0xFF,0xDD,0xFF,0xBD,0xFF,
    0xBD,0xFF,0xBD,0xFF,0xBD,0xFF,0xBD,0xFF,0xBD,0xFF,0xBD,0xFF,0xBD,0xFF,0xBD,0xFF,
    0xBD,0xF7,0xBD,0xFF,0xBD,0xFF,0xBD,0xFF,0xBD,0xFF,0xBD,0xFF,0xDD,0xFF,0xDD,0xFF,
    0xDD,0xFF,0xDD,0xFF,0xDE,0xFF,0xDE,0xFF,0xDE,0xFF,0xDE,0xFF,0xDE,0xFF,0xDE,0xFF,
    0xDE,0xFF,0xDE,0xFF,0xDE,0xFF,0xDE,0xFF,0xDE,0xFF,0xDE,0xFF,0xDE,0xFF,0xDE,0xFF,
    0xDE,0xFF,0xDE,0xFF,0xDE,0xFF,0xDE,0xFF,0xDE,0xFF,0xDE,0xFF,0xDE,0xFF,0xDE,0xFF,
    0xDE,0xFF,0xDE,0xFF,0xDE,0xFF,0xDE,0xFF,0xDE,0xFF,0xDE,0xFF,0xDE,0xFF,0xDE,0xFF,
    0xDE,0xFF,0xDE,0xFF,0xDD,0xFF,0xDD,0xFF,0xBD,0xFF,0xBD,0xFF,0xDD,0xFF,0xBD,0xFF,
    0xBD,0xFF,0xBD,0xFF,0xBD,0xFF,0xDE,0xFF,0xFE,0xFF,0xFF,0xFF,0xFF,0xFF,0xFF,0xFF,
    0xFE,0xFF,0xDD,0xFF,0xDD,0xFF,0xDD,0xFF,0xDE,0xFF,0xDE,0xFF,0xDD,0xFF,0xFF,0xFF,
    0x9C,0xF7,0x39,0xEF,0xFE,0xFF,0xDD,0xFF,0xDD,0xFF,0xDD,0xFF,0xDD,0xFF,0xDE,0xFF,
    0xFE,0xFF,0xFD,0xFF,0x4B,0xAE,0x87,0x8D,0xA7,0x8D,0x86,0x8D,0xE7,0x95,0x09,0xA6,
    0xE9,0x9D,0x8B,0xBE,0xED,0xCE,0x0F,0xD7,0x4F,0xDF,0xD1,0xCE,0x7C,0xF7,0xDD,0xFF,
    0xDD,0xFF,0xDD,0xFF,0xDD,0xFF,0xBD,0xFF,0xDD,0xFF,0xDD,0xFF,0xDE,0xFF,0xDD,0xFF,
    0xDD,0xFF,0xDD,0xFF,0xDD,0xFF,0xDD,0xFF,0xDD,0xFF,0xDD,0xFF,0xDD,0xFF,0xDD,0xFF,
    0xDD,0xFF,0xDD,0xFF,0xDD,0xFF,0xBD,0xFF,0xBD,0xFF,0xBD,0xFF,0xBD,0xFF,0xBD,0xF7,
    0xBD,0xF7,0xBD,0xF7,0xBD,0xF7,0xBD,0xF7,0xBD,0xF7,0xBD,0xF7,0xBD,0xF7,0xBD,0xF7,
    0xBD,0xF7,0xBD,0xF7,0xBD,0xF7,0xBD,0xF7,0xBD,0xF7,0xBD,0xF7,0xBD,0xF7,0xBD,0xF7,
    0xBD,0xF7,0xBD,0xF7,0xBD,0xF7,0xBD,0xF7,0xBD,0xFF,0xBD,0xFF,0xBD,0xFF,0xBD,0xFF,
    0xBD,0xFF,0xBD,0xFF,0xBD,0xFF,0xBD,0xFF,0xBD,0xFF,0xBD,0xFF,0xBD,0xFF,0xBD,0xFF,
    0xBD,0xFF,0xBD,0xFF,0xBD,0xFF,0xBD,0xFF,0xBD,0xFF,0xBD,0xFF,0xBD,0xFF,0xBD,0xFF,
    0xBD,0xFF,0xBD,0xFF,0xBD,0xFF,0xBD,0xFF,0xBD,0xFF,0xBD,0xFF,0xBD,0xFF,0xBD,0xFF,
    0xBD,0xFF,0xBD,0xFF,0xBD,0xFF,0xBD,0xFF,0xBD,0xFF,0xBD,0xFF,0xBD,0xFF,0xBD,0xFF,
    0xBD,0xFF,0xDD,0xFF,0xDD,0xFF,0xDD,0xFF,0xBD,0xFF,0xBD,0xFF,0xBD,0xFF,0xBD,0xFF,
    0xBD,0xFF,0xBD,0xFF,0xBD,0xFF,0xBD,0xFF,0xBD,0xFF,0xBD,0xFF,0xBD,0xF7,0xBD,0xFF,
    0xBD,0xFF,0xBD,0xFF,0xBD,0xFF,0xBD,0xFF,0xDD,0xFF,0xDD,0xFF,0xDE,0xFF,0xDE,0xFF,
    0xDE,0xFF,0xDE,0xFF,0xDE,0xFF,0xDE,0xFF,0xDE,0xFF,0xDE,0xFF,0xDE,0xFF,0xDE,0xFF,
    0xDE,0xFF,0xDE,0xFF,0xDE,0xFF,0xDE,0xFF,0xDE,0xFF,0xDE,0xFF,0xDE,0xFF,0xDE,0xFF,
    0xDE,0xFF,0xDE,0xFF,0xDE,0xFF,0xDE,0xFF,0xDE,0xFF,0xDE,0xFF,0xDE,0xFF,0xDE,0xFF,
    0xDE,0xFF,0xDE,0xFF,0xDE,0xFF,0xDE,0xFF,0xDE,0xFF,0xDE,0xFF,0xDE,0xFF,0xBD,0xFF,
    0xBD,0xFF,0xBD,0xFF,0xBD,0xFF,0xBD,0xFF,0xBD,0xFF,0xBD,0xFF,0xBD,0xFF,0xDD,0xFF,
    0xDE,0xFF,0xFF,0xFF,0xFF,0xFF,0xFF,0xFF,0xFF,0xFF,0xFE,0xFF,0xDE,0xFF,0xDD,0xFF,
    0xDE,0xFF,0xDE,0xFF,0xDE,0xFF,0xDD,0xFF,0xFF,0xFF,0x9C,0xF7,0x39,0xEF,0xDD,0xFF,
    0xDD,0xFF,0xDD,0xFF,0xDD,0xFF,0xDE,0xFF,0xDD,0xFF,0xFF,0xFF,0x77,0xE7,0xE7,0x95,
    0xC8,0x95,0x67,0x8D,0x25,0x7D,0x09,0x9E,0xAF,0xC6,0xAC,0xBE,0xAB,0xBE,0xAC,0xC6,
    0x0E,0xD7,0x0D,0xCF,0xF3,0xD6,0x9D,0xFF,0xDD,0xFF,0xDD,0xFF,0xDD,0xFF,0xDD,0xFF,
    0xDD,0xFF,0xDD,0xFF,0xDD,0xFF,0xDD,0xFF,0xDD,0xFF,0xDD,0xFF,0xDD,0xFF,0xDD,0xFF,
    0xDD,0xFF,0xDD,0xFF,0xDD,0xFF,0xDD,0xFF,0xDE,0xFF,0xDD,0xFF,0xDD,0xFF,0xDD,0xFF,
    0xDD,0xFF,0xBD,0xFF,0xBD,0xFF,0xBD,0xFF,0xBD,0xFF,0xBD,0xF7,0xBD,0xF7,0xBD,0xF7,
    0xBD,0xF7,0xBD,0xF7,0xBD,0xF7,0xBD,0xF7,0xBD,0xF7,0xBD,0xF7,0xBD,0xF7,0xBD,0xF7,
    0xBD,0xF7,0xBD,0xF7,0xBD,0xF7,0xBD,0xF7,0xBD,0xF7,0xBD,0xFF,0xBD,0xF7,0xBD,0xFF,
    0xBD,0xFF,0xDD,0xFF,0xDD,0xFF,0xDD,0xFF,0xDD,0xFF,0xBD,0xFF,0xBD,0xFF,0xBD,0xFF,
    0xBD,0xFF,0xBD,0xFF,0xBD,0xFF,0xBD,0xFF,0xBD,0xFF,0xBD,0xFF,0xBD,0xFF,0xBD,0xFF,
    0xBD,0xFF,0xBD,0xFF,0xBD,0xFF,0xBD,0xFF,0xBD,0xFF,0xBD,0xFF,0xBD,0xFF,0xBD,0xFF,
    0xBD,0xFF,0xBD,0xFF,0xBD,0xFF,0xBD,0xFF,0xBD,0xFF,0xBD,0xFF,0xBD,0xFF,0xBD,0xFF,
    0xBD,0xFF,0xBD,0xFF,0xBD,0xFF,0xDD,0xFF,0xDD,0xFF,0xDD,0xFF,0xDD,0xFF,0xDD,0xFF,
    0xDD,0xFF,0xDD,0xFF,0xBD,0xFF,0xBD,0xFF,0xBD,0xFF,0xBD,0xFF,0xBD,0xFF,0xBD,0xFF,
    0xBD,0xFF,0xBD,0xFF,0xBD,0xFF,0xBD,0xFF,0xBD,0xFF,0xBD,0xFF,0xBD,0xFF,0xBD,0xFF,
    0xBD,0xFF,0xDD,0xFF,0xDD,0xFF,0xDE,0xFF,0xDE,0xFF,0xDE,0xFF,0xDE,0xFF,0xDE,0xFF,
    0xDE,0xFF,0xDE,0xFF,0xDE,0xFF,0xDE,0xFF,0xDE,0xFF,0xDE,0xFF,0xDE,0xFF,0xDE,0xFF,
    0xDE,0xFF,0xDE,0xFF,0xDE,0xFF,0xDE,0xFF,0xDE,0xFF,0xDE,0xFF,0xDE,0xFF,0xDE,0xFF,
    0xDE,0xFF,0xDE,0xFF,0xDE,0xFF,0xDE,0xFF,0xDE,0xFF,0xDE,0xFF,0xDE,0xFF,0xDE,0xFF,
    0xDE,0xFF,0xDE,0xFF,0xDE,0xFF,0xDE,0xFF,0xDD,0xFF,0xBD,0xFF,0xBD,0xFF,0xBD,0xFF,
    0xBD,0xFF,0xBD,0xFF,0xBD,0xFF,0xBD,0xFF,0xBD,0xFF,0xDD,0xFF,0xFE,0xFF,0xFF,0xFF,
    0xFF,0xFF,0xFE,0xFF,0xDD,0xFF,0xDD,0xFF,0xDD,0xFF,0xBD,0xFF,0xDE,0xFF,0xDE,0xFF,
    0xBD,0xFF,0xFF,0xFF,0x9C,0xF7,0x19,0xEF,0xFE,0xFF,0xDD,0xFF,0xDD,0xFF,0xDD,0xFF,
    0xFE,0xFF,0xFD,0xFF,0xFF,0xFF,0xF2,0xCE,0xC7,0x95,0x09,0x9E,0x86,0x8D,0xAA,0x95,
    0x6D,0xB6,0x8B,0xB6,0xAC,0xC6,0x0D,0xD7,0x2E,0xD7,0x4F,0xDF,0xED,0xCE,0x17,0xDF,
    0xBD,0xFF,0xDD,0xFF,0xDD,0xFF,0xDD,0xFF,0xDD,0xFF,0xDD,0xFF,0xDD,0xFF,0xDD,0xFF,
    0xDD,0xFF,0xDD,0xFF,0xDD,0xFF,0xDD,0xFF,0xDD,0xFF,0xDE,0xFF,0xDE,0xFF,0xDE,0xFF,
    0xDE,0xFF,0xDE,0xFF,0xDE,0xFF,0xDE,0xFF,0xDD,0xFF,0xDD,0xFF,0xDD,0xFF,0xDD,0xFF,
    0xBD,0xFF,0xBD,0xFF,0xBD,0xFF,0xBD,0xF7,0xBD,0xF7,0xBD,0xF7,0xBD,0xF7,0xBD,0xF7,
    0xBD,0xF7,0xBD,0xF7,0x9C,0xF7,0xBD,0xF7,0xBD,0xF7,0xBD,0xF7,0xBD,0xF7,0xBD,0xF7,
    0xBD,0xF7,0xBD,0xF7,0xBD,0xFF,0xBD,0xFF,0xBD,0xFF,0xDD,0xFF,0xDE,0xFF,0xDD,0xFF,
    0xDD,0xFF,0xDD,0xFF,0xDD,0xFF,0xDD,0xFF,0xBD,0xFF,0xBD,0xFF,0xDD,0xFF,0xBD,0xFF,
    0xBD,0xFF,0xDD,0xFF,0xDD,0xFF,0xBD,0xFF,0xBD,0xFF,0xBD,0xFF,0xBD,0xFF,0xBD,0xFF,
    0xBD,0xFF,0xBD,0xFF,0xBD,0xFF,0xBD,0xFF,0xBD,0xFF,0xBD,0xFF,0xBD,0xFF,0xBD,0xFF,
    0xBD,0xFF,0xBD,0xFF,0xBD,0xFF,0xDD,0xFF,0xDD,0xFF,0xDD,0xFF,0xDD,0xFF,0xDD,0xFF,
    0xDD,0xFF,0xDD,0xFF,0xDD,0xFF,0xDD,0xFF,0xDD,0xFF,0xDD,0xFF,0xDD,0xFF,0xDD,0xFF,
    0xDD,0xFF,0xDD,0xFF,0xBD,0xFF,0xBD,0xFF,0xBD,0xFF,0xBD,0xFF,0xBD,0xFF,0xBD,0xFF,
    0xBD,0xFF,0xBD,0xFF,0xBD,0xFF,0xBD,0xFF,0xBD,0xFF,0xDD,0xFF,0xDD,0xFF,0xDD,0xFF,
    0xDE,0xFF,0xDE,0xFF,0xDE,0xFF,0xDE,0xFF,0xDE,0xFF,0xDE,0xFF,0xDE,0xFF,0xDE,0xFF,
    0xDE,0xFF,0xDE,0xFF,0xDE,0xFF,0xDE,0xFF,0xDE,0xFF,0xDE,0xFF,0xDE,0xFF,0xDE,0xFF,
    0xDE,0xFF,0xDE,0xFF,0xDE,0xFF,0xDE,0xFF,0xDE,0xFF,0xDE,0xFF,0xDE,0xFF,0xDE,0xFF,
    0xDE,0xFF,0xDE,0xFF,0xDE,0xFF,0xDE,0xFF,0xDE,0xFF,0xDE,0xFF,0xDE,0xFF,0xDE,0xFF,
    0xDE,0xFF,0xDD,0xFF,0xBD,0xFF,0xDD,0xFF,0xBD,0xFF,0xBD,0xFF,0xBD,0xFF,0xBD,0xFF,
    0xBD,0xFF,0xBD,0xFF,0xBD,0xFF,0xDD,0xFF,0xFE,0xFF,0xFF,0xFF,0xDD,0xFF,0xDD,0xFF,
    0xBD,0xFF,0xBD,0xFF,0xDD,0xFF,0xDE,0xFF,0xDE,0xFF,0xBD,0xFF,0xFF,0xFF,0x9C,0xF7,
    0x18,0xEF,0xFE,0xFF,0xDD,0xFF,0xDD,0xFF,0xDD,0xFF,0xFE,0xFF,0xFD,0xFF,0xFF,0xFF,
    0x8F,0xC6,0xC7,0x95,0xE8,0x9D,0x8F,0xBE,0xAE,0xBE,0x29,0xAE,0x4A,0xAE,0xAC,0xBE,
    0x0E,0xD7,0x2F,0xDF,0x4F,0xE7,0xF1,0xD6,0x5B,0xF7,0xBC,0xFF,0xDD,0xFF,0xDD,0xFF,
    0xDD,0xFF,0xDD,0xFF,0xDD,0xFF,0xDD,0xFF,0xDD,0xFF,0xDD,0xFF,0xDD,0xFF,0xDD,0xFF,
    0xDE,0xFF,0xDD,0xFF,0xDE,0xFF,0xDE,0xFF,0xDE,0xFF,0xDE,0xFF,0xDE,0xFF,0xDE,0xFF,
    0xDE,0xFF,0xDD,0xFF,0xDD,0xFF,0xDE,0xFF,0xDD,0xFF,0xDD,0xFF,0xBD,0xFF,0xBD,0xFF,
    0xBD,0xF7,0xBD,0xF7,0xBD,0xF7,0xBD,0xF7,0xBD,0xF7,0xBD,0xF7,0xBD,0xF7,0x9C,0xF7,
    0xBD,0xF7,0xBD,0xF7,0xBD,0xF7,0xBD,0xF7,0xBD,0xF7,0xBD,0xF7,0xBD,0xFF,0xDD,0xFF,
    0xDD,0xFF,0xDE,0xFF,0xDE,0xFF,0xDE,0xFF,0xDD,0xFF,0xBD,0xFF,0xDD,0xFF,0xDE,0xFF,
    0xDE,0xFF,0xDD,0xFF,0xDD,0xFF,0xDD,0xFF,0xDD,0xFF,0xDD,0xFF,0xBD,0xFF,0xDD,0xFF,
    0xBD,0xFF,0xBD,0xFF,0xBD,0xFF,0xBD,0xFF,0xBD,0xFF,0xBD,0xFF,0xBD,0xFF,0xBD,0xFF,
    0xBD,0xFF,0xBD,0xFF,0xBD,0xFF,0xDD,0xFF,0xDD,0xFF,0xBD,0xFF,0xDD,0xFF,0xDD,0xFF,
    0xDD,0xFF,0xDD,0xFF,0xDD,0xFF,0xDD,0xFF,0xDD,0xFF,0xDD,0xFF,0xDD,0xFF,0xDD,0xFF,
    0xDD,0xFF,0xDD,0xFF,0xDD,0xFF,0xDD,0xFF,0xDD,0xFF,0xDD,0xFF,0xDD,0xFF,0xDD,0xFF,
    0xDD,0xFF,0xBD,0xFF,0xDD,0xFF,0xDD,0xFF,0xDD,0xFF,0xDD,0xFF,0xBD,0xFF,0xDD,0xFF,
    0xDD,0xFF,0xDD,0xFF,0xDD,0xFF,0xDD,0xFF,0xDD,0xFF,0xDE,0xFF,0xDE,0xFF,0xDE,0xFF,
    0xDE,0xFF,0xDE,0xFF,0xDE,0xFF,0xDE,0xFF,0xDE,0xFF,0xDE,0xFF,0xDE,0xFF,0xDE,0xFF,
    0xDE,0xFF,0xDE,0xFF,0xDE,0xFF,0xDE,0xFF,0xDE,0xFF,0xDE,0xFF,0xDE,0xFF,0xDE,0xFF,
    0xDE,0xFF,0xDE,0xFF,0xDE,0xFF,0xDE,0xFF,0xDE,0xFF,0xDE,0xFF,0xDE,0xFF,0xDE,0xFF,
    0xDE,0xFF,0xDE,0xFF,0xDE,0xFF,0xDE,0xFF,0xDE,0xFF,0xDE,0xFF,0xDE,0xFF,0xDE,0xFF,
    0xDE,0xFF,0xBD,0xFF,0xBD,0xFF,0xBD,0xFF,0xBD,0xFF,0xBD,0xFF,0xBD,0xFF,0xBD,0xFF,
    0xDD,0xFF,0xDD,0xFF,0xDE,0xFF,0xBD,0xFF,0xBD,0xFF,0xBD,0xFF,0xBD,0xFF,0xBD,0xFF,
    0xDD,0xFF,0xDE,0xFF,0xBD,0xF7,0xFF,0xFF,0x9C,0xF7,0x18,0xEF,0xFE,0xFF,0xDD,0xFF,
    0xDD,0xFF,0xDD,0xFF,0xDE,0xFF,0xFD,0xFF,0xFF,0xFF,0xB0,0xC6,0xA5,0x8D,0xB1,0xC6,
    0x10,0xCF,0x6A,0xB6,0x8B,0xB6,0x8B,0xBE,0xCC,0xC6,0x70,0xE7,0xD4,0xF7,0x30,0xDF,
    0x39,0xE7,0x9C,0xF7,0xBD,0xFF,0xDD,0xFF,0xDD,0xFF,0xDD,0xFF,0xDD,0xFF,0xDD,0xFF,
    0xDD,0xFF,0xDD,0xFF,0xDD,0xFF,0xDE,0xFF,0xDE,0xFF,0xDE,0xFF,0xDE,0xFF,0xDE,0xFF,
    0xDE,0xFF,0xDE,0xFF,0xDE,0xFF,0xFE,0xFF,0xFE,0xFF,0xFF,0xFF,0xFF,0xFF,0xFF,0xFF,
    0xDE,0xFF,0xDE,0xFF,0xDE,0xFF,0xDD,0xFF,0xBD,0xFF,0xBD,0xFF,0xBD,0xF7,0xBD,0xF7,
    0xBD,0xF7,0xBD,0xF7,0xBD,0xF7,0xBD,0xF7,0xBD,0xF7,0xBD,0xF7,0xBD,0xF7,0xBD,0xF7,
    0xBD,0xF7,0xBD,0xF7,0xBD,0xFF,0xBD,0xFF,0xDD,0xFF,0xDE,0xFF,0xDE,0xFF,0xDE,0xFF,
    0xDE,0xFF,0xFF,0xFF,0xFF,0xFF,0xFF,0xFF,0xDE,0xFF,0xDD,0xFF,0xDE,0xFF,0xDE,0xFF,
    0xDD,0xFF,0xDD,0xFF,0xDD,0xFF,0xDD,0xFF,0xDD,0xFF,0xDD,0xFF,0xDD,0xFF,0xDD,0xFF,
    0xDD,0xFF,0xDD,0xFF,0xDD,0xFF,0xBD,0xFF,0xBD,0xFF,0xBD,0xFF,0xBD,0xFF,0xBD,0xFF,
    0xBD,0xFF,0xDD,0xFF,0xDD,0xFF,0xBD,0xFF,0xDD,0xFF,0xDD,0xFF,0xDD,0xFF,0xDD,0xFF,
    0xDD,0xFF,0xDE,0xFF,0xDE,0xFF,0xFE,0xFF,0xFF,0xFF,0xFF,0xFF,0xFE,0xFF,0xFE,0xFF,
    0xDD,0xFF,0xDD,0xFF,0xDD,0xFF,0xDD,0xFF,0xDD,0xFF,0xDD,0xFF,0xDD,0xFF,0xDD,0xFF,
    0xDD,0xFF,0xDD,0xFF,0xDD,0xFF,0xDD,0xFF,0xDD,0xFF,0xDD,0xFF,0xDD,0xFF,0xDD,0xFF,
    0xDE,0xFF,0xDE,0xFF,0xDE,0xFF,0xDE,0xFF,0xDE,0xFF,0xDE,0xFF,0xDE,0xFF,0xDE,0xFF,
    0xDE,0xFF,0xDE,0xFF,0xDE,0xFF,0xDE,0xFF,0xDE,0xFF,0xDE,0xFF,0xDE,0xFF,0xDE,0xFF,
    0xDE,0xFF,0xDE,0xFF,0xDE,0xFF,0xDE,0xFF,0xDE,0xFF,0xDE,0xFF,0xDE,0xFF,0xDE,0xFF,
    0xDE,0xFF,0xDE,0xFF,0xDE,0xFF,0xDE,0xFF,0xDE,0xFF,0xDE,0xFF,0xDE,0xFF,0xDE,0xFF,
    0xDE,0xFF,0xDE,0xFF,0xBD,0xFF,0xDD,0xFF,0xDE,0xFF,0xDE,0xFF,0xDE,0xFF,0xDD,0xFF,
    0xBD,0xFF,0xBD,0xFF,0xBD,0xFF,0xBD,0xFF,0xBD,0xFF,0xBD,0xF7,0xBD,0xFF,0xBD,0xFF,
    0xBD,0xF7,0xBD,0xFF,0xBD,0xFF,0xBD,0xFF,0xBD,0xFF,0xBD,0xFF,0xDE,0xFF,0xBD,0xF7,
    0xFF,0xFF,0x9C,0xF7,0x18,0xE7,0xFE,0xFF,0xDD,0xFF,0xDD,0xFF,0xDD,0xFF,0xDD,0xFF,
    0xDD,0xFF,0xFF,0xFF,0xF2,0xCE,0xB0,0xC6,0x11,0xD7,0x8A,0xB6,0xCD,0xC6,0xCD,0xC6,
    0xCD,0xC6,0x0E,0xD7,0x91,0xE7,0x32,0xDF,0x17,0xE7,0x7B,0xF7,0x9C,0xFF,0xDD,0xFF,
    0xDD,0xFF,0xDD,0xFF,0xDD,0xFF,0xDD,0xFF,0xDD,0xFF,0xDD,0xFF,0xDD,0xFF,0xDE,0xFF,
    0xDE,0xFF,0xDE,0xFF,0xDE,0xFF,0xDE,0xFF,0xDE,0xFF,0xDE,0xFF,0xFE,0xFF,0xFE,0xFF,
    0xFE,0xFF,0xDD,0xF7,0x7B,0xE7,0xB7,0xC6,0x34,0xB6,0xDD,0xFF,0xFE,0xFF,0xDE,0xFF,
    0xDE,0xFF,0xDD,0xFF,0xBD,0xFF,0xBD,0xFF,0xBD,0xFF,0xBD,0xFF,0xBD,0xFF,0xBD,0xF7,
    0xBD,0xF7,0xBD,0xF7,0xBD,0xF7,0xBD,0xF7,0xBD,0xF7,0xBD,0xF7,0xBD,0xF7,0xBD,0xF7,
    0xBD,0xFF,0xDE,0xFF,0xDE,0xFF,0xDE,0xFF,0xDE,0xFF,0xFE,0xFF,0xB5,0xC6,0x55,0xB6,
    0x3B,0xE7,0xDE,0xFF,0xFF,0xFF,0xDE,0xFF,0xDE,0xFF,0xDE,0xFF,0xDE,0xFF,0xDE,0xFF,
    0xDD,0xFF,0xDD,0xFF,0xDD,0xFF,0xDD,0xFF,0xDD,0xFF,0xDD,0xFF,0xDD,0xFF,0xDD,0xFF,
    0xDD,0xFF,0xDD,0xFF,0xDD,0xFF,0xDD,0xFF,0xDD,0xFF,0xBD,0xFF,0xDD,0xFF,0xBD,0xFF,
    0xBD,0xFF,0xDD,0xFF,0xDD,0xFF,0xDD,0xFF,0xDD,0xFF,0xDE,0xFF,0xDE,0xFF,0xFE,0xFF,
    0xBC,0xF7,0xF1,0xA5,0x75,0xBE,0x3A,0xE7,0x9C,0xF7,0xDD,0xFF,0xDE,0xFF,0xDD,0xFF,
    0xDD,0xFF,0xDD,0xFF,0xDD,0xFF,0xDD,0xFF,0xDD,0xFF,0xDD,0xFF,0xDD,0xFF,0xDD,0xFF,
    0xDD,0xFF,0xDD,0xFF,0xDD,0xFF,0xDD,0xFF,0xDD,0xFF,0xDD,0xFF,0xDD,0xFF,0xDD,0xFF,
    0xDD,0xFF,0xDD,0xFF,0xDD,0xFF,0xDD,0xFF,0xDD,0xFF,0xDD,0xFF,0xDE,0xFF,0xFE,0xFF,
    0xDE,0xFF,0xFF,0xFF,0xFF,0xFF,0xDE,0xFF,0xDE,0xFF,0xFE,0xFF,0xDE,0xFF,0xDE,0xFF,
    0xDE,0xFF,0xDE,0xFF,0xDE,0xFF,0xDE,0xFF,0xDE,0xFF,0xDE,0xFF,0xDE,0xFF,0xDE,0xFF,
    0xDE,0xFF,0xDE,0xFF,0xFE,0xFF,0xFF,0xFF,0xFF,0xFF,0xFF,0xFF,0xFF,0xFF,0xFF,0xFF,
    0xFF,0xFF,0xDE,0xFF,0xDE,0xFF,0xDE,0xFF,0xDE,0xFF,0xBD,0xFF,0xBD,0xF7,0xBD,0xF7,
    0xBD,0xF7,0xBD,0xF7,0xBD,0xF7,0xBD,0xF7,0xBD,0xF7,0xBD,0xF7,0xBD,0xF7,0xBD,0xF7,
    0xBD,0xFF,0xBD,0xFF,0xBD,0xFF,0xDD,0xFF,0xBC,0xF7,0xFF,0xFF,0x9C,0xF7,0x18,0xE7,
    0xFE,0xFF,0xDD,0xFF,0xDD,0xFF,0xDD,0xFF,0xFE,0xFF,0xDD,0xFF,0xFE,0xFF,0x9A,0xEF,
    0x32,0xD7,0x89,0xB6,0xCC,0xBE,0xCC,0xC6,0xEC,0xCE,0x2F,0xD7,0x71,0xE7,0x14,0xDF,
    0x39,0xE7,0x7B,0xF7,0x9C,0xF7,0xBD,0xFF,0xDD,0xFF,0xDD,0xFF,0xDD,0xFF,0xDD,0xFF,
    0xDD,0xFF,0xDD,0xFF,0xDE,0xFF,0xDE,0xFF,0xDE,0xFF,0xDE,0xFF,0xDE,0xFF,0xDE,0xFF,
    0xDE,0xFF,0xDE,0xFF,0xDE,0xFF,0xDE,0xFF,0xFF,0xFF,0x18,0xD7,0x48,0x75,0xE7,0x6C,
    0x04,0x44,0xC1,0x22,0xB7,0xCE,0xFF,0xFF,0xDE,0xFF,0xDE,0xFF,0xDE,0xFF,0xDE,0xFF,
    0xBD,0xFF,0xBD,0xFF,0xBD,0xFF,0xBD,0xFF,0xBD,0xF7,0xBD,0xF7,0xBD,0xF7,0xBD,0xF7,
    0xBD,0xF7,0xBD,0xF7,0xBD,0xF7,0xBD,0xF7,0xBD,0xF7,0xBD,0xF7,0xDE,0xFF,0xDE,0xFF,
    0xDE,0xFF,0xFF,0xFF,0x9C,0xEF,0x06,0x6D,0xC3,0x3B,0x85,0x3B,0xE8,0x53,0x50,0x8D,
    0xDE,0xFF,0xDE,0xFF,0xDE,0xFF,0xDE,0xFF,0xDD,0xFF,0xDD,0xFF,0xDD,0xFF,0xDD,0xFF,
    0xDD,0xFF,0xDD,0xFF,0xDD,0xFF,0xDD,0xFF,0xDD,0xFF,0xDD,0xFF,0xBD,0xFF,0xBD,0xFF,
    0xBD,0xFF,0xDD,0xFF,0xDD,0xFF,0xDD,0xFF,0xDD,0xFF,0xDD,0xFF,0xDD,0xFF,0xDD,0xFF,
    0xDD,0xFF,0xDE,0xFF,0xFE,0xFF,0xDD,0xFF,0xFF,0xFF,0x10,0xA6,0xC2,0x43,0x83,0x3B,
    0x83,0x33,0x0D,0x7D,0xFF,0xFF,0xDD,0xFF,0xDE,0xFF,0xDE,0xFF,0xDD,0xFF,0xFE,0xFF,
    0xFF,0xFF,0xFF,0xFF,0xFF,0xFF,0xFF,0xFF,0xFF,0xFF,0xFF,0xFF,0xFF,0xFF,0xFE,0xFF,
    0xFE,0xFF,0xFE,0xFF,0xFE,0xFF,0xFE,0xFF,0xFF,0xFF,0xDD,0xFF,0xDD,0xFF,0xDD,0xFF,
    0xDD,0xFF,0xDD,0xFF,0xDE,0xFF,0xFE,0xFF,0xFE,0xFF,0xFF,0xFF,0x7A,0xE7,0x32,0xAE,
    0xFF,0xFF,0xFE,0xFF,0xFE,0xFF,0xFE,0xFF,0xDE,0xFF,0xFF,0xFF,0xFF,0xFF,0xFF,0xFF,
    0xFF,0xFF,0xFF,0xFF,0xFF,0xFF,0xFF,0xFF,0xFF,0xFF,0xFF,0xFF,0xFF,0xFF,0xDE,0xF7,
    0x9D,0xEF,0x3A,0xDF,0xB8,0xCE,0x34,0xAE,0x70,0x95,0x70,0x95,0xDE,0xFF,0xDE,0xFF,
    0xDE,0xFF,0xDE,0xFF,0xBD,0xFF,0xBD,0xF7,0xBD,0xF7,0xBD,0xF7,0xBD,0xF7,0xBD,0xF7,
    0xBD,0xF7,0xBD,0xF7,0xBD,0xF7,0xBD,0xF7,0xBD,0xF7,0xBD,0xF7,0xBD,0xF7,0xBD,0xF7,
    0xDE,0xFF,0x9C,0xF7,0xFF,0xFF,0x9C,0xF7,0x18,0xEF,0xFE,0xFF,0xDC,0xFF,0xDD,0xFF,
    0xDD,0xFF,0xFD,0xFF,0xFF,0xFF,0xBA,0xF7,0xD1,0xCE,0xF3,0xD6,0xD3,0xD6,0xD3,0xCE,
    0xD3,0xCE,0xF4,0xD6,0x16,0xE7,0x59,0xEF,0x7B,0xF7,0x7C,0xF7,0x9C,0xF7,0xBD,0xFF,
    0xDD,0xFF,0xDD,0xFF,0xDD,0xFF,0xDD,0xFF,0xDD,0xFF,0xDD,0xFF,0xDD,0xFF,0xDD,0xFF,
    0xDD,0xFF,0xDD,0xFF,0xDD,0xFF,0xDD,0xFF,0xDD,0xFF,0xDD,0xFF,0xDD,0xFF,0xDD,0xFF,
    0xDD,0xFF,0xDD,0xFF,0xDD,0xFF,0xDD,0xFF,0xDD,0xFF,0xDD,0xFF,0xDD,0xFF,0xDD,0xFF,
    0xDD,0xFF,0xDD,0xFF,0xDD,0xFF,0xDD,0xFF,0xDD,0xFF,0xDD,0xFF,0xDD,0xFF,0xDD,0xFF,
    0xDD,0xFF,0xDD,0xFF,0xDD,0xFF,0xDD,0xFF,0xDD,0xFF,0xDD,0xFF,0xDD,0xFF,0xDD,0xFF,
    0xBD,0xFF,0xBD,0xFF,0xBD,0xFF,0xBD,0xFF,0xBD,0xFF,0xBD,0xFF,0xBD,0xFF,0xBD,0xFF,
    0xBD,0xFF,0xBD,0xFF,0xBD,0xFF,0xBD,0xFF,0xBD,0xFF,0xBD,0xFF,0xBD,0xFF,0xBD,0xFF,
    0xBD,0xFF,0xBD,0xFF,0xBD,0xFF,0xBD,0xFF,0xBD,0xFF,0xBD,0xFF,0xBD,0xFF,0xBD,0xFF,
    0xBD,0xFF,0xBD,0xFF,0xBD,0xFF,0xBD,0xFF,0xBD,0xFF,0xBD,0xFF,0xBD,0xFF,0xBD,0xFF,
    0xBD,0xFF,0xBD,0xFF,0xBD,0xFF,0xBD,0xFF,0xBD,0xFF,0xBD,0xFF,0xBD,0xFF,0xBD,0xFF,
    0xBD,0xFF,0xBD,0xFF,0xBD,0xFF,0xBD,0xFF,0xBD,0xFF,0xBD,0xFF,0xBD,0xFF,0xBD,0xFF,
    0xBD,0xFF,0xBD,0xFF,0xBD,0xFF,0xBD,0xFF,0xBD,0xFF,0xBD,0xFF,0xBD,0xFF,0xBD,0xFF,
    0xBD,0xFF,0xBD,0xFF,0xBD,0xF7,0xBD,0xF7,0xBD,0xF7,0xBD,0xF7,0xBD,0xF7,0xBD,0xF7,
    0xBD,0xF7,0xBD,0xF7,0xBD,0xF7,0xBD,0xF7,0xBD,0xF7,0xBD,0xF7,0xBD,0xF7,0xBD,0xF7,
    0xBD,0xF7,0xBD,0xF7,0xBD,0xF7,0xBD,0xF7,0xBD,0xF7,0xBD,0xF7,0xBD,0xF7,0xBD,0xF7,
    0xBD,0xF7,0xBD,0xF7,0xBD,0xF7,0xBD,0xF7,0xBD,0xF7,0xBD,0xF7,0xBD,0xF7,0xBD,0xF7,
    0xBD,0xF7,0xBD,0xF7,0xBD,0xF7,0xBD,0xF7,0xBD,0xF7,0xBD,0xF7,0xBD,0xF7,0xBD,0xF7,
    0xBD,0xF7,0xBD,0xF7,0xBD,0xF7,0xBD,0xF7,0xBD,0xF7,0xBD,0xF7,0xBD,0xF7,0xBD,0xF7,
    0xBD,0xF7,0xBD,0xF7,0xBD,0xF7,0xBD,0xF7,0xBD,0xF7,0xBD,0xF7,0xBD,0xF7,0xBD,0xF7,
    0xBD,0xF7,0xBD,0xF7,0xBD,0xF7,0xBD,0xF7,0xBD,0xF7,0xDD,0xF7,0x9C,0xF7,0xFF,0xFF,
    0x9C,0xF7,0x18,0xE7,0xFE,0xFF,0xDC,0xFF,0xDD,0xFF,0xDD,0xFF,0xDD,0xFF,0xFE,0xFF,
    0xAF,0xBE,0x16,0xDF,0x9D,0xFF,0x7B,0xF7,0x7B,0xF7,0x7C,0xF7,0x7C,0xF7,0x7B,0xF7,
    0x7B,0xF7,0x9C,0xF7,0xBC,0xFF,0xDD,0xFF,0xDD,0xFF,0xDD,0xFF,0xDD,0xFF,0xDD,0xFF,
    0xDD,0xFF,0xDD,0xFF,0xDD,0xFF,0xDD,0xFF,0xDD,0xFF,0xDD,0xFF,0xDD,0xFF,0xDD,0xFF,
    0xDD,0xFF,0xDD,0xFF,0xDD,0xFF,0xDD,0xFF,0xDD,0xFF,0xDD,0xFF,0xDD,0xFF,0xDD,0xFF,
    0xDD,0xFF,0xDD,0xFF,0xDD,0xFF,0xDD,0xFF,0xDD,0xFF,0xDD,0xFF,0xDD,0xFF,0xDD,0xFF,
    0xBD,0xFF,0xBD,0xFF,0xBD,0xFF,0xBD,0xFF,0xBD,0xFF,0xBD,0xFF,0xBD,0xFF,0xBD,0xFF,
    0xBD,0xFF,0xBD,0xFF,0xBD,0xFF,0xBD,0xFF,0xBD,0xFF,0xBD,0xFF,0xBD,0xFF,0xBD,0xFF,
    0xBD,0xFF,0xBD,0xFF,0xBD,0xFF,0xBD,0xFF,0xBD,0xFF,0xBD,0xFF,0xBD,0xFF,0xBD,0xFF,
    0xBD,0xFF,0xBD,0xFF,0xBD,0xFF,0xBD,0xFF,0xBD,0xFF,0xBD,0xFF,0xBD,0xFF,0xBD,0xFF,
    0xBD,0xFF,0xBD,0xFF,0xBD,0xFF,0xBD,0xFF,0xBD,0xFF,0xBD,0xFF,0xBD,0xFF,0xBD,0xFF,
    0xBD,0xFF,0xBD,0xFF,0xBD,0xFF,0xBD,0xFF,0xBD,0xFF,0xBD,0xFF,0xBD,0xFF,0xBD,0xFF,
    0xBD,0xFF,0xBD,0xFF,0xBD,0xFF,0xBD,0xFF,0xBD,0xFF,0xBD,0xFF,0xBD,0xFF,0xBD,0xFF,
    0xBD,0xFF,0xBD,0xFF,0xBD,0xFF,0xBD,0xF7,0xBD,0xF7,0xBD,0xF7,0xBD,0xF7,0xBD,0xF7,
    0xBD,0xF7,0xBD,0xF7,0xBD,0xF7,0xBD,0xF7,0xBD,0xF7,0xBD,0xF7,0xBD,0xF7,0xBD,0xF7,
    0xBD,0xF7,0xBD,0xF7,0xBD,0xF7,0xBD,0xF7,0xBD,0xF7,0xBD,0xF7,0xBD,0xF7,0xBD,0xF7,
    0xBD,0xF7,0xBD,0xF7,0xBD,0xF7,0xBD,0xF7,0xBD,0xF7,0xBD,0xF7,0xBD,0xF7,0xBD,0xF7,
    0xBD,0xF7,0xBD,0xF7,0xBD,0xF7,0xBD,0xF7,0xBD,0xF7,0xBD,0xF7,0xBD,0xF7,0xBD,0xF7,
    0xBD,0xF7,0xBD,0xF7,0xBD,0xF7,0xBD,0xF7,0xBD,0xF7,0xBD,0xF7,0xBD,0xF7,0xBD,0xF7,
    0xBD,0xF7,0xBD,0xF7,0xBD,0xF7,0xBD,0xF7,0xBD,0xF7,0xBD,0xF7,0xBD,0xF7,0xBD,0xF7,
    0xBD,0xF7,0xBD,0xF7,0xBD,0xF7,0xBD,0xF7,0xBD,0xF7,0xBD,0xF7,0xBD,0xF7,0xBD,0xF7,
    0xBD,0xF7,0xBD,0xF7,0xBD,0xF7,0xBD,0xF7,0xBD,0xF7,0xBD,0xF7,0xBD,0xF7,0xBD,0xF7,
    0xBD,0xF7,0xBD,0xF7,0xBD,0xF7,0x9C,0xF7,0xFF,0xFF,0x9C,0xF7,0x19,0xE7,0xFE,0xFF,
    0xDC,0xFF,0xDD,0xFF,0xDD,0xFF,0xDD,0xFF,0xDD,0xFF,0x59,0xE7,0x9C,0xFF,0x9B,0xF7,
    0xBC,0xFF,0xBC,0xFF,0xBC,0xFF,0xBC,0xFF,0xBC,0xFF,0xBD,0xFF,0xDD,0xFF,0xDD,0xFF,
    0xDD,0xFF,0xDD,0xFF,0xDD,0xFF,0xDD,0xFF,0xDD,0xFF,0xDD,0xFF,0xDD,0xFF,0xDD,0xFF,
    0xDD,0xFF,0xDD,0xFF,0xDD,0xFF,0xDD,0xFF,0xDD,0xFF,0xDD,0xFF,0xDD,0xFF,0xDD,0xFF,
    0xDD,0xFF,0xDD,0xFF,0xDD,0xFF,0xDD,0xFF,0xDD,0xFF,0xDD,0xFF,0xDD,0xFF,0xBD,0xFF,
    0xBD,0xFF,0xBD,0xFF,0xBD,0xFF,0xBD,0xFF,0xBD,0xFF,0xBD,0xFF,0xBD,0xFF,0xBD,0xFF,
    0xBD,0xFF,0xBD,0xFF,0xBD,0xFF,0xBD,0xFF,0xBD,0xFF,0xBD,0xFF,0xBD,0xFF,0xBD,0xFF,
    0xBD,0xFF,0xBD,0xFF,0xBD,0xFF,0xBD,0xFF,0xBD,0xFF,0xBD,0xFF,0xBD,0xFF,0xBD,0xFF,
    0xBD,0xFF,0xBD,0xFF,0xBD,0xFF,0xBD,0xFF,0xBD,0xFF,0xBD,0xFF,0xBD,0xFF,0xBD,0xFF,
    0xBD,0xFF,0xBD,0xFF,0xBD,0xFF,0xBD,0xFF,0xBD,0xFF,0xBD,0xFF,0xBD,0xFF,0xBD,0xFF,
    0xBD,0xFF,0xBD,0xFF,0xBD,0xFF,0xBD,0xFF,0xBD,0xFF,0xBD,0xFF,0xBD,0xFF,0xBD,0xFF,
    0xBD,0xFF,0xBD,0xFF,0xBD,0xFF,0xBD,0xFF,0xBD,0xFF,0xBD,0xFF,0xBD,0xFF,0xBD,0xF7,
    0xBD,0xF7,0xBD,0xF7,0xBD,0xF7,0xBD,0xF7,0xBD,0xF7,0xBD,0xF7,0xBD,0xF7,0xBD,0xF7,
    0xBD,0xF7,0xBD,0xF7,0xBD,0xF7,0xBD,0xF7,0xBD,0xF7,0xBD,0xF7,0xBD,0xF7,0xBD,0xF7,
    0xBD,0xF7,0xBD,0xF7,0xBD,0xF7,0xBD,0xF7,0xBD,0xF7,0xBD,0xF7,0xBD,0xF7,0xBD,0xF7,
    0xBD,0xF7,0xBD,0xF7,0xBD,0xF7,0xBD,0xF7,0xBD,0xF7,0xBD,0xF7,0xBD,0xF7,0xBD,0xF7,
    0xBD,0xF7,0xBD,0xF7,0xBD,0xF7,0xBD,0xF7,0xBD,0xF7,0xBD,0xF7,0xBD,0xF7,0xBD,0xF7,
    0xBD,0xF7,0xBD,0xF7,0xBD,0xF7,0xBD,0xF7,0xBD,0xF7,0xBD,0xF7,0xBD,0xF7,0xBD,0xF7,
    0xBD,0xF7,0xBD,0xF7,0xBD,0xF7,0xBD,0xF7,0xBD,0xF7,0xBD,0xF7,0xBD,0xF7,0xBD,0xF7,
    0xBD,0xF7,0xBD,0xF7,0xBD,0xF7,0xBD,0xF7,0xBD,0xF7,0xBD,0xF7,0xBD,0xF7,0xBD,0xF7,
    0xBD,0xF7,0xBD,0xF7,0xBD,0xF7,0xBD,0xF7,0xBD,0xF7,0xBD,0xF7,0xBD,0xF7,0xBD,0xF7,
    0xBD,0xF7,0xBD,0xF7,0xBD,0xF7,0xBD,0xF7,0xBD,0xF7,0xBD,0xF7,0xBD,0xF7,0xBD,0xF7,
    0x9C,0xF7,0xFF,0xFF,0x9C,0xF7,0x19,0xEF,0xFE,0xFF,0xDC,0xFF,0xDD,0xFF,0xDD,0xFF,
    0xDD,0xFF,0xDD,0xFF,0xDE,0xFF,0xBC,0xFF,0xBD,0xFF,0xDD,0xFF,0xDD,0xFF,0xDD,0xFF,
    0xDD,0xFF,0xDD,0xFF,0xDD,0xFF,0xDD,0xFF,0xDD,0xFF,0xDD,0xFF,0xDD,0xFF,0xDD,0xFF,
    0xDD,0xFF,0xBD,0xFF,0xBD,0xFF,0xBD,0xFF,0xBD,0xFF,0xBD,0xFF,0xBD,0xFF,0xBD,0xFF,
    0xBD,0xFF,0xBD,0xFF,0xBD,0xFF,0xBD,0xFF,0xBD,0xFF,0xBD,0xFF,0xBD,0xFF,0xBD,0xFF,
    0xBD,0xFF,0xBD,0xFF,0xBD,0xFF,0xBD,0xFF,0xBD,0xFF,0xBD,0xFF,0xBD,0xFF,0xBD,0xFF,
    0xBD,0xFF,0xBD,0xFF,0xBD,0xFF,0xBD,0xFF,0xBD,0xFF,0xBD,0xFF,0xBD,0xFF,0xBD,0xFF,
    0xBD,0xFF,0xBD,0xFF,0xBD,0xFF,0xBD,0xFF,0xBD,0xFF,0xBD,0xFF,0xBD,0xFF,0xBD,0xFF,
    0xBD,0xFF,0xBD,0xFF,0xBD,0xFF,0xBD,0xFF,0xBD,0xFF,0xBD,0xFF,0xBD,0xFF,0xBD,0xFF,
    0xBD,0xFF,0xBD,0xFF,0xBD,0xFF,0xBD,0xFF,0xBD,0xFF,0xBD,0xFF,0xBD,0xFF,0xBD,0xFF,
    0xBD,0xFF,0xBD,0xFF,0xBD,0xFF,0xBD,0xFF,0xBD,0xFF,0xBD,0xFF,0xBD,0xFF,0xBD,0xFF,
    0xBD,0xFF,0xBD,0xFF,0xBD,0xFF,0xBD,0xF7,0xBD,0xF7,0xBD,0xF7,0xBD,0xF7,0xBD,0xF7,
    0xBD,0xF7,0xBD,0xF7,0xBD,0xF7,0xBD,0xF7,0xBD,0xF7,0xBD,0xF7,0xBD,0xF7,0xBD,0xF7,
    0xBD,0xF7,0xBD,0xF7,0xBD,0xF7,0xBD,0xF7,0xBD,0xF7,0xBD,0xF7,0xBD,0xF7,0xBD,0xF7,
    0xBD,0xF7,0xBD,0xF7,0xBD,0xF7,0xBD,0xF7,0xBD,0xF7,0xBD,0xF7,0xBD,0xF7,0xBD,0xF7,
    0xBD,0xF7,0xBD,0xF7,0xBD,0xF7,0xBD,0xF7,0xBD,0xF7,0xBD,0xF7,0xBD,0xF7,0xBD,0xF7,
    0xBD,0xF7,0xBD,0xF7,0xBD,0xF7,0xBD,0xF7,0xBD,0xF7,0xBD,0xF7,0xBD,0xF7,0xBD,0xF7,
    0xBD,0xF7,0xBD,0xF7,0xBD,0xF7,0xBD,0xF7,0xBD,0xF7,0xBD,0xF7,0xBD,0xF7,0xBD,0xF7,
    0xBD,0xF7,0xBD,0xF7,0xBD,0xF7,0xBD,0xF7,0xBD,0xF7,0xBD,0xF7,0xBD,0xF7,0xBD,0xF7,
    0xBD,0xF7,0xBD,0xF7,0xBD,0xF7,0xBD,0xF7,0xBD,0xF7,0xBD,0xF7,0xBD,0xF7,0xBD,0xF7,
    0xBD,0xF7,0xBD,0xF7,0xBD,0xF7,0xBD,0xF7,0xBD,0xF7,0xBD,0xF7,0xBD,0xF7,0xBD,0xF7,
    0xBD,0xF7,0xBD,0xF7,0xBD,0xF7,0xBD,0xF7,0xBD,0xF7,0xBD,0xF7,0xBD,0xF7,0xBD,0xF7,
    0xBD,0xF7,0xBD,0xF7,0xBD,0xF7,0xBD,0xF7,0xBD,0xF7,0x9C,0xF7,0xFF,0xFF,0x9C,0xF7,
    0x19,0xEF,0xFD,0xFF,0xBC,0xFF,0xBD,0xFF,0xDD,0xFF,0xDD,0xFF,0xDD,0xFF,0xDD,0xFF,
    0xDD,0xFF,0xDD,0xFF,0xDD,0xFF,0xDD,0xFF,0xDD,0xFF,0xDD,0xFF,0xDD,0xFF,0xBD,0xFF,
    0xDD,0xFF,0xDD,0xFF,0xDD,0xFF,0xDD,0xFF,0xDD,0xFF,0xBD,0xFF,0xDD,0xFF,0xDD,0xFF,
    0xDD,0xFF,0xDD,0xFF,0xDD,0xFF,0xDD,0xFF,0xDD,0xFF,0xDD,0xFF,0xDD,0xFF,0xDD,0xFF,
    0xDD,0xFF,0xDD,0xFF,0xDD,0xFF,0xDD,0xFF,0xDD,0xFF,0xBD,0xFF,0xBD,0xFF,0xBD,0xFF,
    0xBD,0xFF,0xBD,0xFF,0xBD,0xFF,0xBD,0xFF,0xBD,0xFF,0xBD,0xFF,0xBD,0xFF,0xBD,0xFF,
    0xBD,0xFF,0xBD,0xFF,0xBD,0xFF,0xBD,0xFF,0xBD,0xFF,0xBD,0xFF,0xBD,0xFF,0xBD,0xFF,
    0xBD,0xFF,0xBD,0xFF,0xBD,0xFF,0xBD,0xFF,0xBD,0xFF,0xBD,0xFF,0xBD,0xFF,0xBD,0xFF,
    0xBD,0xFF,0xBD,0xFF,0xBD,0xFF,0xBD,0xFF,0xBD,0xFF,0xBD,0xFF,0xBD,0xFF,0xBD,0xFF,
    0xBD,0xFF,0xBD,0xFF,0xBD,0xFF,0xBD,0xFF,0xBD,0xFF,0xBD,0xFF,0xBD,0xFF,0xBD,0xFF,
    0xBD,0xFF,0xBD,0xFF,0xBD,0xFF,0xBD,0xFF,0xBD,0xFF,0xBD,0xFF,0xBD,0xFF,0xBD,0xFF,
    0xBD,0xF7,0xBD,0xF7,0xBD,0xF7,0xBD,0xF7,0xBD,0xF7,0xBD,0xF7,0xBD,0xF7,0xBD,0xF7,
    0xBD,0xF7,0xBD,0xF7,0xBD,0xF7,0xBD,0xF7,0xBD,0xF7,0xBD,0xF7,0xBD,0xF7,0xBD,0xF7,
    0xBD,0xF7,0xBD,0xF7,0xBD,0xF7,0xBD,0xF7,0xBD,0xF7,0xBD,0xF7,0xBD,0xF7,0xBD,0xF7,
    0xBD,0xF7,0xBD,0xF7,0xBD,0xF7,0xBD,0xF7,0xBD,0xF7,0xBD,0xF7,0xBD,0xF7,0xBD,0xF7,
    0xBD,0xF7,0xBD,0xF7,0xBD,0xF7,0xBD,0xF7,0xBD,0xF7,0xBD,0xF7,0xBD,0xF7,0xBD,0xF7,
    0xBD,0xF7,0xBD,0xF7,0xBD,0xF7,0xBD,0xF7,0xBD,0xF7,0xBD,0xF7,0xBD,0xF7,0xBD,0xF7,
    0xBD,0xF7,0xBD,0xF7,0xBD,0xF7,0xBD,0xF7,0xBD,0xF7,0xBD,0xF7,0xBD,0xF7,0xBD,0xF7,
    0xBD,0xF7,0xBD,0xF7,0xBD,0xF7,0xBD,0xF7,0xBD,0xF7,0xBD,0xF7,0xBD,0xF7,0xBD,0xF7,
    0xBD,0xF7,0xBD,0xF7,0xBD,0xF7,0xBD,0xF7,0xBD,0xF7,0x9D,0xF7,0x9D,0xF7,0x9D,0xF7,
    0x9D,0xF7,0x9D,0xF7,0x9D,0xF7,0x9D,0xF7,0x9D,0xF7,0x9D,0xF7,0x9D,0xF7,0x9D,0xF7,
    0x9D,0xF7,0x9D,0xF7,0x9D,0xF7,0x9D,0xF7,0xBD,0xF7,0xBD,0xF7,0xBD,0xF7,0xBD,0xF7,
    0xBD,0xF7,0xBD,0xF7,0x9C,0xF7,0xFF,0xFF,0x9C,0xF7,0x39,0xEF,0xFE,0xFF,0xBC,0xFF,
    0xBD,0xFF,0xDD,0xFF,0xDD,0xFF,0xDD,0xFF,0xDD,0xFF,0xDD,0xFF,0xDD,0xFF,0xDD,0xFF,
    0xDD,0xFF,0xDD,0xFF,0xDD,0xFF,0xDD,0xFF,0xDD,0xFF,0xDD,0xFF,0xBD,0xFF,0xBD,0xFF,
    0xBD,0xFF,0xDD,0xFF,0xDD,0xFF,0xDD,0xFF,0xDD,0xFF,0xDD,0xFF,0xDD,0xFF,0xDD,0xFF,
    0xDD,0xFF,0xDD,0xFF,0xDD,0xFF,0xDD,0xFF,0xDD,0xFF,0xDD,0xFF,0xDD,0xFF,0xDD,0xFF,
    0xDD,0xFF,0xDD,0xFF,0xDD,0xFF,0xDD,0xFF,0xDD,0xFF,0xDD,0xFF,0xDD,0xFF,0xDD,0xFF,
    0xDD,0xFF,0xDD,0xFF,0xDD,0xFF,0xDD,0xFF,0xDD,0xFF,0xDD,0xFF,0xDD,0xFF,0xDD,0xFF,
    0xDD,0xFF,0xDD,0xFF,0xDD,0xFF,0xDD,0xFF,0xDD,0xFF,0xDD,0xFF,0xDD,0xFF,0xDD,0xFF,
    0xDD,0xFF,0xBD,0xFF,0xBD,0xFF,0xBD,0xFF,0xBD,0xFF,0xBD,0xFF,0xBD,0xFF,0xBD,0xFF,
    0xBD,0xFF,0xBD,0xFF,0xBD,0xFF,0xBD,0xFF,0xBD,0xFF,0xBD,0xFF,0xBD,0xFF,0xBD,0xFF,
    0xBD,0xFF,0xBD,0xFF,0xBD,0xFF,0xBD,0xFF,0xBD,0xFF,0xBD,0xFF,0xBD,0xFF,0xBD,0xFF,
    0xBD,0xFF,0xBD,0xFF,0xBD,0xFF,0xBD,0xFF,0xBD,0xFF,0xBD,0xFF,0xBD,0xFF,0xBD,0xF7,
    0xBD,0xF7,0xBD,0xF7,0xBD,0xF7,0xBD,0xF7,0xBD,0xF7,0xBD,0xF7,0xBD,0xF7,0xBD,0xF7,
    0xBD,0xF7,0xBD,0xF7,0xBD,0xF7,0xBD,0xF7,0xBD,0xF7,0xBD,0xF7,0xBD,0xF7,0xBD,0xF7,
    0xBD,0xF7,0xBD,0xF7,0xBD,0xF7,0xBD,0xF7,0xBD,0xF7,0xBD,0xF7,0xBD,0xF7,0xBD,0xF7,
    0xBD,0xF7,0xBD,0xF7,0xBD,0xF7,0xBD,0xF7,0xBD,0xF7,0xBD,0xF7,0xBD,0xF7,0xBD,0xF7,
    0xBD,0xF7,0xBD,0xF7,0xBD,0xF7,0xBD,0xF7,0xBD,0xF7,0xBD,0xF7,0xBD,0xF7,0xBD,0xF7,
    0xBD,0xF7,0xBD,0xF7,0xBD,0xF7,0xBD,0xF7,0xBD,0xF7,0xBD,0xF7,0xBD,0xF7,0xBD,0xF7,
    0xBD,0xF7,0xBD,0xF7,0xBD,0xF7,0xBD,0xF7,0xBD,0xF7,0xBD,0xF7,0xBD,0xF7,0xBD,0xF7,
    0xBD,0xF7,0xBD,0xF7,0xBD,0xF7,0xBD,0xF7,0xBD,0xF7,0xBD,0xF7,0xBD,0xF7,0xBD,0xF7,
    0xBD,0xF7,0xBD,0xF7,0xBD,0xF7,0xBD,0xF7,0x9D,0xF7,0x9D,0xF7,0x9D,0xF7,0x9D,0xF7,
    0x9D,0xF7,0x9D,0xF7,0x9D,0xF7,0x9D,0xF7,0x9D,0xF7,0x9D,0xF7,0x9D,0xF7,0x9D,0xF7,
    0x9D,0xF7,0xBD,0xF7,0xBD,0xF7,0xBD,0xF7,0xBD,0xF7,0xBD,0xF7,0xBC,0xF7,0x9B,0xEF,
    0xDF,0xFF,0x9C,0xF7,0x39,0xEF,0xFE,0xFF,0xBC,0xFF,0xBD,0xFF,0xDD,0xFF,0xDD,0xFF,
    0xDD,0xFF,0xDD,0xFF,0xDD,0xFF,0xDD,0xFF,0xDD,0xFF,0xDD,0xFF,0xDD,0xFF,0xDD,0xFF,
    0xBD,0xFF,0xBD,0xFF,0xBD,0xFF,0xBD,0xFF,0xBD,0xFF,0xBD,0xFF,0xBD,0xFF,0xBD,0xFF,
    0xDD,0xFF,0xDD,0xFF,0xDD,0xFF,0xDD,0xFF,0xDD,0xFF,0xDD,0xFF,0xDD,0xFF,0xDD,0xFF,
    0xDD,0xFF,0xDD,0xFF,0xDD,0xFF,0xDD,0xFF,0xDD,0xFF,0xDD,0xFF,0xDD,0xFF,0xDD,0xFF,
    0xDD,0xFF,0xDD,0xFF,0xDD,0xFF,0xDD,0xFF,0xDD,0xFF,0xDD,0xFF,0xDD,0xFF,0xDD,0xFF,
    0xDD,0xFF,0xDD,0xFF,0xDD,0xFF,0xDD,0xFF,0xDD,0xFF,0xDD,0xFF,0xDD,0xFF,0xDD,0xFF,
    0xDD,0xFF,0xDD,0xFF,0xDD,0xFF,0xDD,0xFF,0xDD,0xFF,0xDD,0xFF,0xDD,0xFF,0xDD,0xFF,
    0xDD,0xFF,0xDD,0xFF,0xDD,0xFF,0xDD,0xFF,0xDD,0xFF,0xBD,0xFF,0xBD,0xFF,0xBD,0xFF,
    0xBD,0xFF,0xBD,0xFF,0xBD,0xFF,0xBD,0xFF,0xBD,0xFF,0xBD,0xFF,0xBD,0xFF,0xBD,0xFF,
    0xBD,0xFF,0xBD,0xFF,0xBD,0xFF,0xBD,0xFF,0xBD,0xFF,0xBD,0xFF,0xBD,0xFF,0xBD,0xFF,
    0xBD,0xFF,0xBD,0xFF,0xBD,0xFF,0xBD,0xFF,0xBD,0xF7,0xBD,0xF7,0xBD,0xF7,0xBD,0xF7,
    0xBD,0xF7,0xBD,0xF7,0xBD,0xF7,0xBD,0xF7,0xBD,0xF7,0xBD,0xF7,0xBD,0xF7,0xBD,0xF7,
    0xBD,0xF7,0xBD,0xF7,0xBD,0xF7,0xBD,0xF7,0xBD,0xF7,0xBD,0xF7,0xBD,0xF7,0xBD,0xF7,
    0xBD,0xF7,0xBD,0xF7,0xBD,0xF7,0xBD,0xF7,0xBD,0xF7,0xBD,0xF7,0xBD,0xF7,0xBD,0xF7,
    0xBD,0xF7,0xBD,0xF7,0xBD,0xF7,0xBD,0xF7,0xBD,0xF7,0xBD,0xF7,0xBD,0xF7,0xBD,0xF7,
    0xBD,0xF7,0xBD,0xF7,0xBD,0xF7,0xBD,0xF7,0xBD,0xF7,0xBD,0xF7,0xBD,0xF7,0xBD,0xF7,
    0xBD,0xF7,0xBD,0xF7,0xBD,0xF7,0xBD,0xF7,0xBD,0xF7,0xBD,0xF7,0xBD,0xF7,0xBD,0xF7,
    0xBD,0xF7,0xBD,0xF7,0xBD,0xF7,0xBD,0xF7,0xBD,0xF7,0xBD,0xF7,0xBD,0xF7,0xBD,0xF7,
    0xBD,0xF7,0xBD,0xF7,0xBD,0xF7,0xBD,0xF7,0xBD,0xF7,0xBD,0xF7,0xBD,0xF7,0xBD,0xF7,
    0xBD,0xF7,0xBD,0xF7,0xBD,0xF7,0xBD,0xF7,0xBD,0xF7,0xBD,0xF7,0xBD,0xF7,0xBD,0xF7,
    0xBD,0xF7,0xBD,0xF7,0xBD,0xF7,0xBD,0xF7,0xBD,0xF7,0xBD,0xF7,0xBD,0xF7,0xBD,0xF7,
    0xBD,0xF7,0xBD,0xF7,0x9C,0xF7,0xBD,0xF7,0x9B,0xF7,0xFE,0xFF,0x9C,0xF7,0x19,0xEF,
    0xFE,0xFF,0xBC,0xFF,0xBC,0xFF,0xDD,0xFF,0xDD,0xFF,0xDD,0xFF,0xDD,0xFF,0xDD,0xFF,
    0xDD,0xFF,0xDD,0xFF,0xDD,0xFF,0xDD,0xFF,0xDD,0xFF,0xDD,0xFF,0xBD,0xFF,0xBD,0xFF,
    0xBD,0xFF,0xBD,0xFF,0xBD,0xFF,0xBD,0xFF,0xBD,0xFF,0xDD,0xFF,0xDD,0xFF,0xDD,0xFF,
    0xDD,0xFF,0xDD,0xFF,0xDD,0xFF,0xDD,0xFF,0xDD,0xFF,0xDD,0xFF,0xDD,0xFF,0xDD,0xFF,
    0xDD,0xFF,0xDD,0xFF,0xDD,0xFF,0xDD,0xFF,0xDD,0xFF,0xDD,0xFF,0xDD,0xFF,0xDD,0xFF,
    0xDD,0xFF,0xDD,0xFF,0xDD,0xFF,0xDD,0xFF,0xDD,0xFF,0xDD,0xFF,0xDD,0xFF,0xDD,0xFF,
    0xDD,0xFF,0xDD,0xFF,0xDD,0xFF,0xDD,0xFF,0xDD,0xFF,0xDD,0xFF,0xDD,0xFF,0xDD,0xFF,
    0xDD,0xFF,0xDD,0xFF,0xDD,0xFF,0xBD,0xFF,0xBD,0xFF,0xBD,0xFF,0xBD,0xFF,0xBD,0xFF,
    0xBD,0xFF,0xBD,0xFF,0xBD,0xFF,0xBD,0xFF,0xBD,0xFF,0xBD,0xFF,0xBD,0xFF,0xBD,0xFF,
    0xBD,0xFF,0xBD,0xFF,0xBD,0xFF,0xBD,0xFF,0xBD,0xFF,0xBD,0xFF,0xBD,0xFF,0xBD,0xFF,
    0xBD,0xFF,0xBD,0xFF,0xBD,0xFF,0xBD,0xFF,0xBD,0xFF,0xBD,0xFF,0xBD,0xFF,0xBD,0xFF,
    0xBD,0xFF,0xBD,0xF7,0xBD,0xF7,0xBD,0xF7,0xBD,0xF7,0xBD,0xF7,0xBD,0xF7,0xBD,0xF7,
    0xBD,0xF7,0xBD,0xF7,0xBD,0xF7,0xBD,0xF7,0xBD,0xF7,0xBD,0xF7,0xBD,0xF7,0xBD,0xF7,
    0xBD,0xF7,0xBD,0xF7,0xBD,0xF7,0xBD,0xF7,0xBD,0xF7,0xBD,0xF7,0xBD,0xF7,0xBD,0xF7,
    0xBD,0xF7,0xBD,0xF7,0xBD,0xF7,0xBD,0xF7,0xBD,0xF7,0xBD,0xF7,0xBD,0xF7,0xBD,0xF7,
    0xBD,0xF7,0xBD,0xF7,0xBD,0xF7,0xBD,0xF7,0xBD,0xF7,0xBD,0xF7,0xBD,0xF7,0xBD,0xF7,
    0xBD,0xF7,0xBD,0xF7,0xBD,0xF7,0xBD,0xF7,0xBD,0xF7,0xBD,0xF7,0xBD,0xF7,0xBD,0xF7,
    0xBD,0xF7,0xBD,0xF7,0xBD,0xF7,0xBD,0xF7,0xBD,0xF7,0xBD,0xF7,0xBD,0xF7,0xBD,0xF7,
    0xBD,0xF7,0xBD,0xF7,0xBD,0xF7,0xBD,0xF7,0xBD,0xF7,0xBD,0xF7,0xBD,0xF7,0xBD,0xF7,
    0xBD,0xF7,0xBD,0xF7,0xBD,0xF7,0xBD,0xF7,0xBD,0xF7,0xBD,0xF7,0x9D,0xF7,0x9D,0xF7,
    0x9D,0xF7,0x9D,0xF7,0x9D,0xF7,0x9D,0xF7,0x9D,0xF7,0x9D,0xF7,0x9D,0xF7,0x9D,0xF7,
    0x9D,0xF7,0x9D,0xF7,0x9D,0xF7,0xBD,0xF7,0xBD,0xF7,0xBD,0xF7,0x9C,0xF7,0xBC,0xF7,
    0xBD,0xF7,0x7B,0xF7,0xDE,0xFF,0x9C,0xF7,0x19,0xEF,0xFE,0xFF,0xBC,0xFF,0xBC,0xFF,
    0xDD,0xFF,0xDD,0xFF,0xDD,0xFF,0xDD,0xFF,0xDD,0xFF,0xDD,0xFF,0xDD,0xFF,0xDD,0xFF,
    0xDD,0xFF,0xDD,0xFF,0xDD,0xFF,0xBD,0xFF,0xDD,0xFF,0xBD,0xFF,0xBD,0xFF,0xBD,0xFF,
    0xBD,0xFF,0xBD,0xFF,0xDD,0xFF,0xDD,0xFF,0xDD,0xFF,0xDD,0xFF,0xDD,0xFF,0xDD,0xFF,
    0xDD,0xFF,0xDD,0xFF,0xDD,0xFF,0xDD,0xFF,0xDD,0xFF,0xDD,0xFF,0xDD,0xFF,0xDD,0xFF,
    0xDD,0xFF,0xDD,0xFF,0xDD,0xFF,0xDD,0xFF,0xDD,0xFF,0xDD,0xFF,0xDD,0xFF,0xDD,0xFF,
    0xDD,0xFF,0xDD,0xFF,0xDD,0xFF,0xDD,0xFF,0xDD,0xFF,0xDD,0xFF,0xDD,0xFF,0xDD,0xFF,
    0xDD,0xFF,0xDD,0xFF,0xDD,0xFF,0xDD,0xFF,0xDD,0xFF,0xDD,0xFF,0xDD,0xFF,0xDD,0xFF,
    0xDD,0xFF,0xDD,0xFF,0xDD,0xFF,0xDD,0xFF,0xDD,0xFF,0xDD,0xFF,0xDD,0xFF,0xBD,0xFF,
    0xBD,0xFF,0xBD,0xFF,0xBD,0xFF,0xBD,0xFF,0xBD,0xFF,0xBD,0xFF,0xBD,0xFF,0xBD,0xFF,
    0xBD,0xFF,0xBD,0xFF,0xBD,0xFF,0xBD,0xFF,0xBD,0xFF,0xBD,0xFF,0xBD,0xFF,0xBD,0xFF,
    0xBD,0xFF,0xBD,0xFF,0xBD,0xFF,0xBD,0xFF,0xBD,0xFF,0xBD,0xFF,0xBD,0xF7,0xBD,0xF7,
    0xBD,0xF7,0xBD,0xF7,0xBD,0xF7,0xBD,0xF7,0xBD,0xF7,0xBD,0xF7,0xBD,0xF7,0xBD,0xF7,
    0xBD,0xF7,0xBD,0xF7,0xBD,0xF7,0xBD,0xF7,0xBD,0xF7,0xBD,0xF7,0xBD,0xF7,0xBD,0xF7,
    0xBD,0xF7,0xBD,0xF7,0xBD,0xF7,0xBD,0xF7,0xBD,0xF7,0xBD,0xF7,0xBD,0xF7,0xBD,0xF7,
    0xBD,0xF7,0xBD,0xF7,0xBD,0xF7,0xBD,0xF7,0xBD,0xF7,0xBD,0xF7,0xBD,0xF7,0xBD,0xF7,
    0xBD,0xF7,0xBD,0xF7,0xBD,0xF7,0xBD,0xF7,0xBD,0xF7,0xBD,0xF7,0xBD,0xF7,0xBD,0xF7,
    0xBD,0xF7,0xBD,0xF7,0xBD,0xF7,0xBD,0xF7,0xBD,0xF7,0xBD,0xF7,0xBD,0xF7,0xBD,0xF7,
    0xBD,0xF7,0xBD,0xF7,0xBD,0xF7,0xBD,0xF7,0xBD,0xF7,0xBD,0xF7,0xBD,0xF7,0xBD,0xF7,
    0xBD,0xF7,0xBD,0xF7,0xBD,0xF7,0xBD,0xF7,0xBD,0xF7,0xBD,0xF7,0xBD,0xF7,0xBD,0xF7,
    0xBD,0xF7,0xBD,0xF7,0xBD,0xF7,0xBD,0xF7,0xBD,0xF7,0xBD,0xF7,0xBD,0xF7,0xBD,0xF7,
    0xBD,0xF7,0xBD,0xF7,0xBD,0xF7,0xBD,0xF7,0xBD,0xF7,0xBD,0xF7,0xBD,0xF7,0xBD,0xF7,
    0xBD,0xF7,0x9C,0xF7,0x9C,0xF7,0x9C,0xF7,0x9C,0xF7,0xBC,0xF7,0x7B,0xF7,0xDE,0xFF,
    0x9C,0xF7,0x39,0xE7,0xFE,0xFF,0xBB,0xFF,0xBC,0xFF,0xDD,0xFF,0xDD,0xFF,0xBD,0xFF,
    0xBD,0xFF,0xBD,0xFF,0xDD,0xFF,0xDD,0xFF,0xDD,0xFF,0xDD,0xFF,0xDD,0xFF,0xDD,0xFF,
    0xDD,0xFF,0xDD,0xFF,0xBD,0xFF,0xBD,0xFF,0xBD,0xFF,0xBD,0xFF,0xBD,0xFF,0xDD,0xFF,
    0xDD,0xFF,0xDD,0xFF,0xDD,0xFF,0xDD,0xFF,0xDD,0xFF,0xDD,0xFF,0xDD,0xFF,0xDD,0xFF,
    0xDD,0xFF,0xDD,0xFF,0xDD,0xFF,0xDD,0xFF,0xDD,0xFF,0xDD,0xFF,0xDD,0xFF,0xDD,0xFF,
    0xDD,0xFF,0xDD,0xFF,0xDD,0xFF,0xDD,0xFF,0xDD,0xFF,0xDD,0xFF,0xDD,0xFF,0xDD,0xFF,
    0xDD,0xFF,0xDD,0xFF,0xDD,0xFF,0xDD,0xFF,0xDD,0xFF,0xDD,0xFF,0xDD,0xFF,0xDD,0xFF,
    0xDD,0xFF,0xDD,0xFF,0xDD,0xFF,0xDD,0xFF,0xDD,0xFF,0xDD,0xFF,0xDD,0xFF,0xDD,0xFF,
    0xDD,0xFF,0xDD,0xFF,0xDD,0xFF,0xDD,0xFF,0xDD,0xFF,0xDD,0xFF,0xDD,0xFF,0xDD,0xFF,
    0xDD,0xFF,0xDD,0xFF,0xDD,0xFF,0xDD,0xFF,0xDD,0xFF,0xDD,0xFF,0xDD,0xFF,0xBD,0xFF,
    0xBD,0xFF,0xBD,0xFF,0xBD,0xFF,0xBD,0xFF,0xBD,0xFF,0xBD,0xFF,0xBD,0xFF,0xBD,0xFF,
    0xBD,0xFF,0xBD,0xFF,0xBD,0xFF,0xBD,0xFF,0xBD,0xFF,0xBD,0xFF,0xBD,0xFF,0xBD,0xFF,
    0xBD,0xFF,0xBD,0xFF,0xBD,0xFF,0xBD,0xFF,0xBD,0xFF,0xBD,0xFF,0xBD,0xFF,0xBD,0xFF,
    0xBD,0xFF,0xBD,0xFF,0xBD,0xFF,0xBD,0xF7,0xBD,0xF7,0xBD,0xF7,0xBD,0xF7,0xBD,0xF7,
    0xBD,0xF7,0xBD,0xF7,0xBD,0xF7,0xBD,0xF7,0xBD,0xF7,0xBD,0xF7,0xBD,0xF7,0xBD,0xF7,
    0xBD,0xF7,0xBD,0xF7,0xBD,0xF7,0xBD,0xF7,0xBD,0xF7,0xBD,0xF7,0xBD,0xF7,0xBD,0xF7,
    0xBD,0xF7,0xBD,0xF7,0xBD,0xF7,0xBD,0xF7,0xBD,0xF7,0xBD,0xF7,0xBD,0xF7,0xBD,0xF7,
    0xBD,0xF7,0xBD,0xF7,0xBD,0xF7,0xBD,0xF7,0xBD,0xF7,0xBD,0xF7,0xBD,0xF7,0xBD,0xF7,
    0xBD,0xF7,0xBD,0xF7,0xBD,0xF7,0xBD,0xF7,0xBD,0xF7,0xBD,0xF7,0xBD,0xF7,0xBD,0xF7,
    0xBD,0xF7,0xBD,0xF7,0xBD,0xF7,0xBD,0xF7,0xBD,0xF7,0xBD,0xF7,0xBD,0xF7,0xBD,0xF7,
    0xBD,0xF7,0xBD,0xF7,0xBD,0xF7,0xBD,0xF7,0xBD,0xF7,0xBD,0xF7,0xBD,0xF7,0xBD,0xF7,
    0xBD,0xF7,0xBD,0xF7,0xBD,0xF7,0xBD,0xF7,0xBD,0xF7,0x9C,0xF7,0x9C,0xF7,0x9C,0xF7,
    0x9C,0xF7,0x9C,0xF7,0x9C,0xF7,0x9C,0xF7,0xFF,0xFF,0x9C,0xF7,0x39,0xEF,0xFD,0xFF,
    0xBB,0xFF,0xBC,0xFF,0xDD,0xFF,0xDD,0xFF,0xBD,0xFF,0xBD,0xFF,0xBD,0xFF,0xDD,0xFF,
    0xDD,0xFF,0xDD,0xFF,0xDD,0xFF,0xDD,0xFF,0xDD,0xFF,0xDD,0xFF,0xDD,0xFF,0xBD,0xFF,
    0xBC,0xFF,0xBD,0xFF,0xBD,0xFF,0xBD,0xFF,0xDD,0xFF,0xDD,0xFF,0xDD,0xFF,0xDD,0xFF,
    0xDD,0xFF,0xDD,0xFF,0xDD,0xFF,0xDD,0xFF,0xDD,0xFF,0xDD,0xFF,0xDD,0xFF,0xBD,0xFF,
    0xBD,0xFF,0xBD,0xFF,0xBD,0xFF,0xBD,0xFF,0xBD,0xFF,0xBD,0xFF,0xBD,0xFF,0xBD,0xFF,
    0xBD,0xFF,0xBD,0xFF,0xBD,0xFF,0xBD,0xFF,0xBD,0xFF,0xBD,0xFF,0xBD,0xFF,0xBD,0xFF,
    0xBD,0xFF,0xBD,0xFF,0xBD,0xFF,0xBD,0xFF,0xBD,0xFF,0xBD,0xFF,0xBD,0xFF,0xBD,0xFF,
    0xBD,0xFF,0xBD,0xFF,0xBD,0xFF,0xBD,0xFF,0xBD,0xFF,0xBD,0xFF,0xBD,0xFF,0xBD,0xFF,
    0xBD,0xFF,0xBD,0xFF,0xBD,0xFF,0xBD,0xFF,0xBD,0xFF,0xBD,0xFF,0xBD,0xFF,0xBD,0xFF,
    0xBD,0xFF,0xBD,0xFF,0xBD,0xFF,0xBD,0xFF,0xBD,0xFF,0xBD,0xFF,0xBD,0xFF,0xBD,0xFF,
    0xBD,0xFF,0xBD,0xFF,0xBD,0xFF,0xBD,0xFF,0xBD,0xFF,0xBD,0xFF,0xBD,0xFF,0xBD,0xFF,
    0xBD,0xF7,0xBD,0xF7,0xBD,0xF7,0xBD,0xF7,0xBD,0xF7,0xBD,0xF7,0xBD,0xF7,0xBD,0xF7,
    0xBD,0xF7,0xBD,0xF7,0xBD,0xF7,0xBD,0xF7,0xBD,0xF7,0xBC,0xF7,0xBC,0xF7,0xBC,0xF7,
    0xBC,0xF7,0xBC,0xF7,0xBC,0xF7,0xBC,0xF7,0xBC,0xF7,0xBC,0xF7,0xBC,0xF7,0xBC,0xF7,
    0xBC,0xF7,0xBC,0xF7,0xBC,0xF7,0xBC,0xF7,0x9C,0xF7,0x9C,0xF7,0x9C,0xF7,0x9C,0xF7,
    0x9C,0xF7,0x9C,0xF7,0x9C,0xF7,0x9C,0xF7,0x9C,0xF7,0x9C,0xF7,0x9C,0xF7,0x9C,0xF7,
    0x9C,0xF7,0x9C,0xF7,0x9C,0xF7,0x9C,0xF7,0x9C,0xF7,0x9C,0xF7,0x9C,0xF7,0x9C,0xF7,
    0x9C,0xF7,0x9C,0xF7,0x9C,0xF7,0x9C,0xF7,0x9C,0xF7,0x9C,0xF7,0x9C,0xF7,0x9C,0xF7,
    0x9C,0xF7,0x9C,0xF7,0x9C,0xF7,0x9C,0xF7,0x9C,0xF7,0x9C,0xF7,0x9C,0xF7,0x9C,0xF7,
    0x9C,0xF7,0x9C,0xF7,0x9C,0xF7,0x9C,0xF7,0x9C,0xF7,0x9C,0xF7,0x9C,0xF7,0x9C,0xF7,
    0x9C,0xF7,0x9C,0xF7,0x9C,0xF7,0x9C,0xF7,0x9C,0xF7,0x9C,0xF7,0x9C,0xF7,0x9C,0xF7,
    0x9C,0xF7,0x9C,0xF7,0x9C,0xF7,0x9C,0xF7,0x9C,0xF7,0x9C,0xF7,0xBD,0xF7,0xBD,0xF7,
    0x9B,0xF7,0xDE,0xFF,0x9C,0xF7,0x39,0xEF,0xFD,0xFF,0xBB,0xFF,0xBC,0xFF,0xBD,0xFF,
    0xBD,0xFF,0xBD,0xFF,0xBD,0xFF,0xBD,0xFF,0xBD,0xFF,0xBD,0xFF,0xDD,0xFF,0xDD,0xFF,
    0xDD,0xFF,0xDD,0xFF,0xDD,0xFF,0xDD,0xFF,0xBD,0xFF,0xBD,0xFF,0xBD,0xFF,0xBD,0xFF,
    0xBD,0xFF,0xDD,0xFF,0xDD,0xFF,0xDD,0xFF,0xDD,0xFF,0xDD,0xFF,0xDD,0xFF,0xDD,0xFF,
    0xDD,0xFF,0xDD,0xFF,0xDD,0xFF,0xDD,0xFF,0xDD,0xFF,0xDD,0xFF,0xBD,0xFF,0xBD,0xFF,
    0xBD,0xFF,0xBD,0xFF,0xBD,0xFF,0xBD,0xFF,0xBD,0xFF,0xBD,0xFF,0xBD,0xFF,0xBD,0xFF,
    0xBD,0xFF,0xBD,0xFF,0xBD,0xFF,0xBD,0xFF,0xBD,0xFF,0xBD,0xFF,0xBD,0xFF,0xBD,0xFF,
    0xBD,0xFF,0xBD,0xFF,0xBD,0xFF,0xBD,0xFF,0xBD,0xFF,0xBD,0xFF,0xBD,0xFF,0xBD,0xFF,
    0xBD,0xFF,0xBD,0xFF,0xBD,0xFF,0xBD,0xFF,0xBD,0xFF,0xBD,0xFF,0xBD,0xFF,0xBD,0xFF,
    0xBD,0xFF,0xBD,0xFF,0xBD,0xFF,0xBD,0xFF,0xBD,0xFF,0xBD,0xFF,0xBD,0xFF,0xBD,0xFF,
    0xBD,0xFF,0xBD,0xFF,0xBD,0xFF,0xBD,0xFF,0xBD,0xFF,0xBD,0xFF,0xBD,0xFF,0xBD,0xFF,
    0xBD,0xFF,0xBD,0xFF,0xBD,0xFF,0xBD,0xFF,0xBD,0xFF,0xBD,0xFF,0xBD,0xFF,0xBD,0xFF,
    0xBD,0xFF,0xBD,0xFF,0xBD,0xFF,0xBD,0xFF,0xBD,0xF7,0xBD,0xF7,0xBD,0xF7,0xBD,0xF7,
    0xBD,0xF7,0xBD,0xF7,0xBD,0xF7,0xBD,0xF7,0xBD,0xF7,0xBD,0xF7,0xBD,0xF7,0xBD,0xF7,
    0xBD,0xF7,0xBD,0xF7,0xBD,0xF7,0xBD,0xF7,0xBD,0xF7,0xBD,0xF7,0xBD,0xF7,0xBD,0xF7,
    0xBD,0xF7,0xBD,0xF7,0xBC,0xF7,0xBC,0xF7,0xBC,0xF7,0xBC,0xF7,0xBC,0xF7,0xBC,0xF7,
    0xBC,0xF7,0xBC,0xF7,0xBC,0xF7,0xBC,0xF7,0xBC,0xF7,0xBC,0xF7,0xBC,0xF7,0xBC,0xF7,
    0xBC,0xF7,0x9C,0xF7,0x9C,0xF7,0x9C,0xF7,0x9C,0xF7,0x9C,0xF7,0x9C,0xF7,0x9C,0xF7,
    0x9C,0xF7,0x9C,0xF7,0x9C,0xF7,0x9C,0xF7,0x9C,0xF7,0x9C,0xF7,0x9C,0xF7,0x9C,0xF7,
    0x9C,0xF7,0x9C,0xF7,0x9C,0xF7,0x9C,0xF7,0x9C,0xF7,0x9C,0xF7,0x9C,0xF7,0x9C,0xF7,
    0x9C,0xF7,0x9C,0xF7,0x9C,0xF7,0x9C,0xF7,0x9C,0xF7,0x9C,0xF7,0x9C,0xF7,0x9C,0xF7,
    0x9C,0xF7,0x9C,0xF7,0x9C,0xF7,0x9C,0xF7,0x9C,0xF7,0x9C,0xF7,0x9C,0xF7,0x9C,0xF7,
    0x9C,0xF7,0x9C,0xF7,0xBD,0xF7,0xBD,0xF7,0xBC,0xF7,0x7B,0xEF,0xDE,0xFF,0x9C,0xF7,
    0x39,0xEF,0xFD,0xFF,0xBB,0xFF,0xBC,0xFF,0xDD,0xFF,0xBC,0xFF,0xBD,0xFF,0xBD,0xFF,
    0xBD,0xFF,0xBD,0xFF,0xBD,0xFF,0xBD,0xFF,0xBD,0xFF,0xDD,0xFF,0xDD,0xFF,0xDD,0xFF,
    0xDD,0xFF,0xDD,0xFF,0xDD,0xFF,0xBD,0xFF,0xBD,0xFF,0xBD,0xFF,0xDE,0xFF,0xDE,0xFF,
    0xDE,0xFF,0xDE,0xFF,0xDE,0xFF,0xDE,0xFF,0xDE,0xFF,0xDE,0xFF,0xDE,0xFF,0xDE,0xFF,
    0xDE,0xFF,0xDE,0xFF,0xDE,0xFF,0xDE,0xFF,0xDE,0xFF,0xDE,0xFF,0xDE,0xFF,0xDE,0xFF,
    0xDD,0xFF,0xDD,0xFF,0xDD,0xFF,0xDD,0xFF,0xDD,0xFF,0xDD,0xFF,0xDD,0xFF,0xDD,0xFF,
    0xDD,0xFF,0xDD,0xFF,0xDD,0xFF,0xDD,0xFF,0xDD,0xFF,0xDD,0xFF,0xDD,0xFF,0xDD,0xFF,
    0xDD,0xFF,0xDD,0xFF,0xDD,0xFF,0xDD,0xFF,0xDD,0xFF,0xDD,0xFF,0xDD,0xFF,0xDD,0xFF,
    0xDD,0xFF,0xDD,0xFF,0xDD,0xFF,0xDD,0xFF,0xDD,0xFF,0xBD,0xFF,0xBD,0xFF,0xBD,0xFF,
    0xBD,0xFF,0xBD,0xFF,0xBD,0xFF,0xBD,0xFF,0xBD,0xFF,0xBD,0xFF,0xBD,0xFF,0xBD,0xFF,
    0xBD,0xFF,0xBD,0xFF,0xBD,0xFF,0xBD,0xFF,0xBD,0xFF,0xBD,0xFF,0xBD,0xFF,0xBD,0xFF,
    0xBD,0xFF,0xBD,0xFF,0xBD,0xFF,0xBD,0xFF,0xBD,0xFF,0xBD,0xFF,0xBD,0xFF,0xBD,0xFF,
    0xBD,0xFF,0xBD,0xF7,0xBD,0xF7,0xBD,0xF7,0xBD,0xF7,0xBD,0xF7,0xBD,0xF7,0xBD,0xF7,
    0xBD,0xF7,0xBD,0xF7,0xBD,0xF7,0xBD,0xF7,0xBD,0xF7,0xBD,0xF7,0xBD,0xF7,0xBD,0xF7,
    0xBD,0xF7,0xBD,0xF7,0xBD,0xF7,0xBD,0xF7,0xBD,0xF7,0xBD,0xF7,0xBD,0xF7,0xBD,0xF7,
    0xBD,0xF7,0xBD,0xF7,0xBD,0xF7,0xBD,0xF7,0xBD,0xF7,0xBD,0xF7,0xBD,0xF7,0xBD,0xF7,
    0xBD,0xF7,0xBD,0xF7,0xBD,0xF7,0xBC,0xF7,0xBC,0xF7,0xBC,0xF7,0xBC,0xF7,0xBC,0xF7,
    0xBC,0xF7,0xBC,0xF7,0xBC,0xF7,0xBC,0xF7,0xBC,0xF7,0xBC,0xF7,0xBC,0xF7,0xBC,0xF7,
    0x9C,0xF7,0x9C,0xF7,0x9C,0xF7,0x9C,0xF7,0x9C,0xF7,0x9C,0xF7,0x9C,0xF7,0x9C,0xF7,
    0x9C,0xF7,0x9C,0xF7,0x9C,0xF7,0x9C,0xF7,0x9C,0xF7,0x9C,0xF7,0x9C,0xF7,0x9C,0xF7,
    0x9C,0xF7,0x9C,0xF7,0x9C,0xF7,0x9C,0xF7,0x9C,0xF7,0x9C,0xF7,0x9C,0xF7,0x9C,0xF7,
    0x9C,0xF7,0x9C,0xF7,0x9C,0xF7,0x9C,0xF7,0x9C,0xF7,0x9C,0xF7,0xBD,0xF7,0xBC,0xF7,
    0x9C,0xF7,0xBC,0xF7,0x7B,0xF7,0xDE,0xFF,0x9C,0xF7,0x39,0xEF,0xFD,0xFF,0xBB,0xFF,
    0xBC,0xFF,0xDD,0xFF,0xBD,0xFF,0xBD,0xFF,0xBC,0xFF,0xBD,0xFF,0xBD,0xFF,0xBD,0xFF,
    0xBD,0xFF,0xBD,0xFF,0xBD,0xFF,0xDD,0xFF,0xDD,0xFF,0xDD,0xFF,0xDD,0xFF,0xDD,0xFF,
    0xBD,0xFF,0xBD,0xFF,0xBD,0xFF,0xDE,0xFF,0xDE,0xFF,0xDE,0xFF,0xDE,0xFF,0xDE,0xFF,
    0xDE,0xFF,0xDE,0xFF,0xDE,0xFF,0xDE,0xFF,0xDE,0xFF,0xDE,0xFF,0xDE,0xFF,0xDE,0xFF,
    0xDE,0xFF,0xDE,0xFF,0xDE,0xFF,0xDD,0xFF,0xDD,0xFF,0xDD,0xFF,0xDD,0xFF,0xDD,0xFF,
    0xDD,0xFF,0xDD,0xFF,0xDD,0xFF,0xDD,0xFF,0xDD,0xFF,0xDD,0xFF,0xDD,0xFF,0xDD,0xFF,
    0xDD,0xFF,0xDD,0xFF,0xDD,0xFF,0xDD,0xFF,0xDD,0xFF,0xDD,0xFF,0xDD,0xFF,0xDD,0xFF,
    0xDD,0xFF,0xDD,0xFF,0xDD,0xFF,0xDD,0xFF,0xDD,0xFF,0xBD,0xFF,0xBD,0xFF,0xBD,0xFF,
    0xBD,0xFF,0xBD,0xFF,0xBD,0xFF,0xBD,0xFF,0xBD,0xFF,0xBD,0xFF,0xBD,0xFF,0xBD,0xFF,
    0xBD,0xFF,0xBD,0xFF,0xBD,0xFF,0xBD,0xFF,0xBD,0xFF,0xBD,0xFF,0xBD,0xFF,0xBD,0xFF,
    0xBD,0xFF,0xBD,0xFF,0xBD,0xFF,0xBD,0xFF,0xBD,0xFF,0xBD,0xFF,0xBD,0xFF,0xBD,0xF7,
    0xBD,0xF7,0xBD,0xF7,0xBD,0xF7,0xBD,0xF7,0xBD,0xF7,0xBD,0xF7,0xBD,0xF7,0xBD,0xF7,
    0xBD,0xF7,0xBD,0xF7,0xBD,0xF7,0xBD,0xF7,0xBD,0xF7,0xBD,0xF7,0xBD,0xF7,0xBD,0xF7,
    0xBD,0xF7,0xBD,0xF7,0xBD,0xF7,0xBD,0xF7,0xBD,0xF7,0xBD,0xF7,0xBD,0xF7,0xBD,0xF7,
    0xBD,0xF7,0xBD,0xF7,0xBD,0xF7,0xBD,0xF7,0xBD,0xF7,0xBD,0xF7,0xBD,0xF7,0xBD,0xF7,
    0xBD,0xF7,0xBC,0xF7,0xBC,0xF7,0xBC,0xF7,0xBC,0xF7,0xBC,0xF7,0xBC,0xF7,0x9C,0xF7,
    0x9C,0xF7,0x9C,0xF7,0x9C,0xF7,0x9C,0xF7,0x9C,0xF7,0x9C,0xF7,0x9C,0xF7,0x9C,0xF7,
    0x9C,0xF7,0x9C,0xF7,0x9C,0xF7,0x9C,0xF7,0x9C,0xF7,0x9C,0xF7,0x9C,0xF7,0x9C,0xF7,
    0x9C,0xF7,0x9C,0xF7,0x9C,0xF7,0x9C,0xF7,0x9C,0xF7,0x9C,0xF7,0x9C,0xF7,0x9C,0xF7,
    0x9C,0xF7,0x9C,0xF7,0x9C,0xF7,0x9C,0xF7,0x9C,0xF7,0x9C,0xF7,0x9C,0xF7,0x9C,0xF7,
    0x9C,0xF7,0x9C,0xF7,0x9C,0xF7,0x9C,0xF7,0x9C,0xF7,0x9C,0xF7,0x9C,0xF7,0x9C,0xF7,
    0x9C,0xF7,0xBC,0xF7,0xBC,0xF7,0x9C,0xF7,0x9C,0xF7,0x9C,0xF7,0xBC,0xF7,0x7B,0xEF,
    0xDE,0xFF,0x9C,0xF7,0x39,0xEF,0xFE,0xFF,0xBB,0xFF,0xBC,0xFF,0xBD,0xFF,0xBD,0xFF,
    0xBC,0xFF,0xBC,0xFF,0xBC,0xFF,0xBC,0xFF,0xBC,0xFF,0xBC,0xFF,0xBC,0xFF,0xBC,0xFF,
    0xBD,0xFF,0xDD,0xFF,0xDD,0xFF,0xDD,0xFF,0xDD,0xFF,0xDD,0xFF,0xDD,0xFF,0xBD,0xFF,
    0xDE,0xFF,0xDE,0xFF,0xDE,0xFF,0xDE,0xFF,0xDE,0xFF,0xDE,0xFF,0xDE,0xFF,0xDE,0xFF,
    0xDE,0xFF,0xDE,0xFF,0xDD,0xFF,0xDD,0xFF,0xDD,0xFF,0xDD,0xFF,0xDD,0xFF,0xDD,0xFF,
    0xDD,0xFF,0xDD,0xFF,0xDD,0xFF,0xDD,0xFF,0xDD,0xFF,0xDD,0xFF,0xDD,0xFF,0xDD,0xFF,
    0xDD,0xFF,0xDD,0xFF,0xDD,0xFF,0xDD,0xFF,0xDD,0xFF,0xDD,0xFF,0xDD,0xFF,0xDD,0xFF,
    0xDD,0xFF,0xDD,0xFF,0xDD,0xFF,0xDD,0xFF,0xDD,0xFF,0xDD,0xFF,0xDD,0xFF,0xDD,0xFF,
    0xDD,0xFF,0xDD,0xFF,0xDD,0xFF,0xDD,0xFF,0xDD,0xFF,0xDD,0xFF,0xDD,0xFF,0xDD,0xFF,
    0xDD,0xFF,0xDD,0xFF,0xDD,0xFF,0xDD,0xFF,0xDD,0xFF,0xDD,0xFF,0xBD,0xFF,0xBD,0xFF,
    0xBD,0xFF,0xBD,0xFF,0xBD,0xFF,0xBD,0xFF,0xBD,0xFF,0xBD,0xFF,0xBD,0xFF,0xBD,0xFF,
    0xBD,0xFF,0xBD,0xFF,0xBD,0xFF,0xBD,0xFF,0xBD,0xFF,0xBD,0xFF,0xBD,0xFF,0xBD,0xFF,
    0xBD,0xFF,0xBD,0xFF,0xBD,0xFF,0xBD,0xF7,0xBD,0xF7,0xBD,0xF7,0xBD,0xF7,0xBD,0xF7,
    0xBD,0xF7,0xBD,0xF7,0xBD,0xF7,0xBD,0xF7,0xBD,0xF7,0xBD,0xF7,0xBD,0xF7,0xBD,0xF7,
    0xBD,0xF7,0xBD,0xF7,0xBD,0xF7,0xBD,0xF7,0xBD,0xF7,0xBD,0xF7,0xBD,0xF7,0xBD,0xF7,
    0xBD,0xF7,0xBD,0xF7,0xBD,0xF7,0xBD,0xF7,0xBD,0xF7,0xBD,0xF7,0xBD,0xF7,0xBD,0xF7,
    0xBD,0xF7,0xBD,0xF7,0xBD,0xF7,0xBD,0xF7,0xBD,0xF7,0xBD,0xF7,0xBD,0xF7,0xBD,0xF7,
    0xBD,0xF7,0xBD,0xF7,0xBD,0xF7,0xBD,0xF7,0xBD,0xF7,0xBD,0xF7,0xBD,0xF7,0xBD,0xF7,
    0xBD,0xF7,0xBD,0xF7,0xBD,0xF7,0xBD,0xF7,0xBD,0xF7,0xBD,0xF7,0xBD,0xF7,0xBD,0xF7,
    0xBD,0xF7,0xBD,0xF7,0xBD,0xF7,0xBD,0xF7,0xBD,0xF7,0xBD,0xF7,0xBD,0xF7,0xBD,0xF7,
    0xBD,0xF7,0xBD,0xF7,0xBD,0xF7,0x9D,0xF7,0x9D,0xF7,0x9D,0xF7,0x9D,0xF7,0x9D,0xF7,
    0x9D,0xF7,0x9D,0xF7,0x9D,0xF7,0x9D,0xF7,0x9D,0xF7,0x9D,0xF7,0xBC,0xF7,0x9C,0xF7,
    0x9C,0xF7,0x9C,0xF7,0x9B,0xF7,0x9C,0xF7,0x9B,0xF7,0xFF,0xFF,0x9C,0xF7,0x39,0xEF,
    0xFE,0xFF,0xBB,0xFF,0xBC,0xFF,0xBD,0xFF,0xBC,0xFF,0xBC,0xFF,0xBC,0xFF,0xBC,0xFF,
    0xBC,0xFF,0xBC,0xFF,0xBC,0xFF,0xBC,0xFF,0xBC,0xFF,0xBC,0xFF,0xDD,0xFF,0xDD,0xFF,
    0xDD,0xFF,0xDD,0xFF,0xDD,0xFF,0xDD,0xFF,0xDD,0xFF,0xDD,0xFF,0xDD,0xFF,0xDD,0xFF,
    0xDD,0xFF,0xDD,0xFF,0xDD,0xFF,0xDD,0xFF,0xDD,0xFF,0xDD,0xFF,0xDD,0xFF,0xDD,0xFF,
    0xDD,0xFF,0xDD,0xFF,0xDD,0xFF,0xDD,0xFF,0xDD,0xFF,0xDD,0xFF,0xDD,0xFF,0xDD,0xFF,
    0xDD,0xFF,0xDD,0xFF,0xDD,0xFF,0xDD,0xFF,0xDD,0xFF,0xDD,0xFF,0xDD,0xFF,0xDD,0xFF,
    0xDD,0xFF,0xDD,0xFF,0xDD,0xFF,0xDD,0xFF,0xDD,0xFF,0xDD,0xFF,0xDD,0xFF,0xDD,0xFF,
    0xDD,0xFF,0xDD,0xFF,0xDD,0xFF,0xBD,0xFF,0xBD,0xFF,0xBD,0xFF,0xBD,0xFF,0xBD,0xFF,
    0xBD,0xFF,0xBD,0xFF,0xBD,0xFF,0xBD,0xFF,0xBD,0xFF,0xBD,0xFF,0xBD,0xFF,0xBD,0xFF,
    0xBD,0xFF,0xBD,0xFF,0xBD,0xFF,0xBD,0xFF,0xBD,0xFF,0xBD,0xFF,0xBD,0xFF,0xBD,0xFF,
    0xBD,0xFF,0xBD,0xFF,0xBD,0xFF,0xBD,0xFF,0xBD,0xFF,0xBD,0xFF,0xBD,0xFF,0xBD,0xFF,
    0xBD,0xFF,0xBD,0xF7,0xBD,0xF7,0xBD,0xF7,0xBD,0xF7,0xBD,0xF7,0xBD,0xF7,0xBD,0xF7,
    0xBD,0xF7,0xBD,0xF7,0xBD,0xF7,0xBD,0xF7,0xBD,0xF7,0xBD,0xF7,0xBD,0xF7,0xBD,0xF7,
    0xBD,0xF7,0xBD,0xF7,0xBD,0xF7,0xBD,0xF7,0xBD,0xF7,0xBD,0xF7,0xBD,0xF7,0xBD,0xF7,
    0xBD,0xF7,0xBC,0xF7,0xBC,0xF7,0xBC,0xF7,0xBC,0xF7,0xBC,0xF7,0xBC,0xF7,0xBC,0xF7,
    0xBC,0xF7,0xBC,0xF7,0xBC,0xF7,0xBC,0xF7,0xBC,0xF7,0xBC,0xF7,0xBC,0xF7,0xBC,0xF7,
    0xBC,0xF7,0xBC,0xF7,0xBC,0xF7,0xBC,0xF7,0xBC,0xF7,0xBC,0xF7,0xBC,0xF7,0xBC,0xF7,
    0xBC,0xF7,0xBC,0xF7,0xBC,0xF7,0xBC,0xF7,0xBC,0xF7,0xBC,0xF7,0xBC,0xF7,0xBC,0xF7,
    0xBC,0xF7,0xBC,0xF7,0xBC,0xF7,0xBC,0xF7,0xBC,0xF7,0xBC,0xF7,0xBC,0xF7,0xBC,0xF7,
    0xBC,0xF7,0xBC,0xF7,0xBC,0xF7,0xBC,0xF7,0xBC,0xF7,0xBC,0xF7,0x9C,0xF7,0x9C,0xF7,
    0x9C,0xF7,0x9C,0xF7,0x9C,0xF7,0x9C,0xF7,0x9C,0xF7,0x9C,0xF7,0x9C,0xF7,0x9C,0xF7,
    0x9C,0xF7,0x9C,0xF7,0x9C,0xF7,0x9C,0xF7,0x9C,0xF7,0x9C,0xF7,0x9C,0xF7,0xBC,0xF7,
    0xBD,0xF7,0x9B,0xF7,0xDE,0xFF,0x9C,0xF7,0x39,0xEF,0xFD,0xFF,0xBB,0xFF,0xBC,0xFF,
    0xBC,0xFF,0xBC,0xFF,0xBC,0xFF,0xBC,0xFF,0xBC,0xFF,0xBC,0xFF,0xBC,0xFF,0xBC,0xFF,
    0xBC,0xFF,0xBC,0xFF,0xBC,0xFF,0xBC,0xFF,0xDD,0xFF,0xDD,0xFF,0xDD,0xFF,0xDD,0xFF,
    0xDD,0xFF,0xDD,0xFF,0xDD,0xFF,0xDD,0xFF,0xDD,0xFF,0xDD,0xFF,0xDD,0xFF,0xDD,0xFF,
    0xDD,0xFF,0xDD,0xFF,0xDD,0xFF,0xDD,0xFF,0xDD,0xFF,0xDD,0xFF,0xDD,0xFF,0xDD,0xFF,
    0xDD,0xFF,0xDD,0xFF,0xDD,0xFF,0xDD,0xFF,0xDD,0xFF,0xDD,0xFF,0xDD,0xFF,0xDD,0xFF,
    0xDD,0xFF,0xDD,0xFF,0xDD,0xFF,0xDD,0xFF,0xDD,0xFF,0xDD,0xFF,0xDD,0xFF,0xDD,0xFF,
    0xDD,0xFF,0xDD,0xFF,0xDD,0xFF,0xDD,0xFF,0xDD,0xFF,0xDD,0xFF,0xDD,0xFF,0xDD,0xFF,
    0xDD,0xFF,0xDD,0xFF,0xDD,0xFF,0xDD,0xFF,0xDD,0xFF,0xDD,0xFF,0xDD,0xFF,0xDD,0xFF,
    0xDD,0xFF,0xDD,0xFF,0xDD,0xFF,0xDD,0xFF,0xDD,0xFF,0xDD,0xFF,0xDD,0xFF,0xDD,0xFF,
    0xBD,0xFF,0xBD,0xFF,0xBD,0xFF,0xBD,0xFF,0xBD,0xFF,0xBD,0xFF,0xBD,0xFF,0xBD,0xFF,
    0xBD,0xFF,0xBD,0xFF,0xBD,0xFF,0xBD,0xFF,0xBD,0xFF,0xBD,0xFF,0xBD,0xFF,0xBD,0xF7,
    0xBD,0xF7,0xBD,0xF7,0xBD,0xF7,0xBD,0xF7,0xBD,0xF7,0xBC,0xF7,0xBC,0xF7,0xBC,0xF7,
    0xBC,0xF7,0xBC,0xF7,0xBC,0xF7,0xBC,0xF7,0xBC,0xF7,0xBC,0xF7,0xBC,0xF7,0xBC,0xF7,
    0xBC,0xF7,0xBC,0xF7,0xBC,0xF7,0xBC,0xF7,0xBC,0xF7,0xBC,0xF7,0xBC,0xF7,0xBC,0xF7,
    0xBC,0xF7,0xBC,0xF7,0xBC,0xF7,0xBC,0xF7,0xBC,0xF7,0xBC,0xF7,0xBC,0xF7,0xBC,0xF7,
    0xBC,0xF7,0xBC,0xF7,0xBC,0xF7,0xBC,0xF7,0xBC,0xF7,0xBC,0xF7,0xBC,0xF7,0xBC,0xF7,
    0xBC,0xF7,0xBC,0xF7,0xBC,0xF7,0xBC,0xF7,0xBC,0xF7,0xBC,0xF7,0xBC,0xF7,0xBC,0xF7,
    0xBC,0xF7,0xBC,0xF7,0xBC,0xF7,0xBC,0xF7,0xBC,0xF7,0xBC,0xF7,0xBC,0xF7,0xBC,0xF7,
    0xBC,0xF7,0xBC,0xF7,0xBC,0xF7,0xBC,0xF7,0xBC,0xF7,0xBC,0xF7,0xBC,0xF7,0xBC,0xF7,
    0xBC,0xF7,0xBC,0xF7,0xBC,0xF7,0xBC,0xF7,0xBC,0xF7,0x9C,0xF7,0x9C,0xF7,0x9C,0xF7,
    0x9C,0xF7,0x9C,0xF7,0x9C,0xF7,0x9C,0xF7,0x9C,0xF7,0x9C,0xF7,0x9C,0xF7,0x9C,0xF7,
    0x9C,0xF7,0x9C,0xF7,0x9C,0xF7,0xBD,0xF7,0xBC,0xF7,0x9C,0xF7,0x7A,0xEF,0xDE,0xFF,
    0x9C,0xF7,0x39,0xE7,0xFE,0xFF,0xBB,0xFF,0xBC,0xFF,0xBD,0xFF,0xBC,0xFF,0xBC,0xFF,
    0xBC,0xFF,0xBC,0xFF,0xBC,0xFF,0xBC,0xFF,0xBC,0xFF,0xBC,0xFF,0xBC,0xFF,0xBC,0xFF,
    0xBC,0xFF,0xBC,0xFF,0xDD,0xFF,0xDD,0xFF,0xDD,0xFF,0xFE,0xFF,0xFE,0xFF,0xDD,0xFF,
    0xDD,0xFF,0xDD,0xFF,0xDD,0xFF,0xDD,0xFF,0xDD,0xFF,0xDD,0xFF,0xDD,0xFF,0xDD,0xFF,
    0xDD,0xFF,0xDD,0xFF,0xDD,0xFF,0xDD,0xFF,0xDD,0xFF,0xDD,0xFF,0xDD,0xFF,0xDD,0xFF,
    0xDD,0xFF,0xDD,0xFF,0xDD,0xFF,0xDD,0xFF,0xDD,0xFF,0xDD,0xFF,0xDD,0xFF,0xDD,0xFF,
    0xDD,0xFF,0xDD,0xFF,0xDD,0xFF,0xDD,0xFF,0xDD,0xFF,0xDD,0xFF,0xDD,0xFF,0xDD,0xFF,
    0xDD,0xFF,0xDD,0xFF,0xDD,0xFF,0xDD,0xFF,0xDD,0xFF,0xDD,0xFF,0xDD,0xFF,0xDD,0xFF,
    0xDD,0xFF,0xDD,0xFF,0xDD,0xFF,0xDD,0xFF,0xDD,0xFF,0xDD,0xFF,0xDD,0xFF,0xDD,0xFF,
    0xDD,0xFF,0xDD,0xFF,0xDD,0xFF,0xDD,0xFF,0xBD,0xFF,0xBD,0xFF,0xBD,0xFF,0xBD,0xFF,
    0xBD,0xFF,0xBD,0xFF,0xBD,0xFF,0xBD,0xFF,0xBD,0xFF,0xBD,0xFF,0xBD,0xFF,0xBC,0xFF,
    0xBC,0xFF,0xBC,0xFF,0xBC,0xFF,0xBC,0xFF,0xBC,0xFF,0xBC,0xFF,0xBC,0xFF,0xBC,0xFF,
    0xBC,0xFF,0xBC,0xFF,0xBC,0xF7,0xBC,0xF7,0xBC,0xF7,0xBC,0xF7,0xBC,0xF7,0xBC,0xF7,
    0xBC,0xF7,0xBC,0xF7,0xBC,0xF7,0xBC,0xF7,0xBC,0xF7,0xBC,0xF7,0xBC,0xF7,0xBC,0xF7,
    0xBC,0xF7,0xBC,0xF7,0xBC,0xF7,0xBC,0xF7,0xBC,0xF7,0xBC,0xF7,0xBC,0xF7,0xBC,0xF7,
    0xBC,0xF7,0xBC,0xF7,0xBC,0xF7,0xBC,0xF7,0xBC,0xF7,0xBC,0xF7,0xBC,0xF7,0xBC,0xF7,
    0xBC,0xF7,0xBC,0xF7,0xBC,0xF7,0xBC,0xF7,0xBC,0xF7,0xBC,0xF7,0xBC,0xF7,0x9C,0xF7,
    0x9C,0xF7,0x9C,0xF7,0x9C,0xF7,0x9C,0xF7,0x9C,0xF7,0x9C,0xF7,0x9C,0xF7,0x9C,0xF7,
    0x9C,0xF7,0x9C,0xF7,0x9C,0xF7,0x9C,0xF7,0x9C,0xF7,0x9C,0xF7,0x9C,0xF7,0x9C,0xF7,
    0x9C,0xF7,0x9C,0xF7,0x9C,0xF7,0x9C,0xF7,0x9C,0xF7,0x9C,0xF7,0x9C,0xF7,0x9C,0xF7,
    0x9C,0xF7,0x9C,0xF7,0x9C,0xF7,0x9C,0xF7,0x9C,0xF7,0x9C,0xF7,0x9C,0xF7,0x9C,0xF7,
    0x9C,0xF7,0x9C,0xF7,0x9C,0xF7,0x9C,0xF7,0x9C,0xF7,0x9C,0xF7,0xBC,0xF7,0xBC,0xF7,
    0x9C,0xF7,0x9C,0xF7,0x9C,0xF7,0x7A,0xEF,0xDE,0xFF,0x9C,0xF7,0x39,0xE7,0xFE,0xFF,
    0xBB,0xFF,0xBC,0xFF,0xBC,0xFF,0xBC,0xFF,0xBC,0xFF,0xBC,0xFF,0xBC,0xFF,0xBC,0xFF,
    0xBC,0xFF,0xBC,0xFF,0xBC,0xFF,0xBC,0xFF,0xBC,0xF7,0xBC,0xF7,0xBC,0xF7,0xBC,0xFF,
    0xDD,0xFF,0xDD,0xFF,0xDD,0xFF,0xDD,0xFF,0xDD,0xFF,0xDD,0xFF,0xDD,0xFF,0xDD,0xFF,
    0xDD,0xFF,0xDD,0xFF,0xDD,0xFF,0xDD,0xFF,0xDD,0xFF,0xDD,0xFF,0xDD,0xFF,0xDD,0xFF,
    0xDD,0xFF,0xDD,0xFF,0xDD,0xFF,0xDD,0xFF,0xDD,0xFF,0xDD,0xFF,0xDD,0xFF,0xDD,0xFF,
    0xDD,0xFF,0xDD,0xFF,0xDD,0xFF,0xDD,0xFF,0xDD,0xFF,0xDD,0xFF,0xDD,0xFF,0xDD,0xFF,
    0xDD,0xFF,0xDD,0xFF,0xDD,0xFF,0xDD,0xFF,0xDD,0xFF,0xDD,0xFF,0xDD,0xFF,0xDD,0xFF,
    0xDD,0xFF,0xDD,0xFF,0xDD,0xFF,0xDD,0xFF,0xDD,0xFF,0xDD,0xFF,0xDD,0xFF,0xDD,0xFF,
    0xDD,0xFF,0xDD,0xFF,0xDD,0xFF,0xDD,0xFF,0xDD,0xFF,0xDD,0xFF,0xDD,0xFF,0xDD,0xFF,
    0xDD,0xFF,0xDD,0xFF,0xDD,0xFF,0xDD,0xFF,0xDD,0xFF,0xDD,0xFF,0xBC,0xFF,0xBC,0xFF,
    0xBC,0xFF,0xBC,0xFF,0xBC,0xFF,0xBC,0xFF,0xBC,0xFF,0xBC,0xFF,0xBC,0xFF,0xBC,0xFF,
    0xBC,0xFF,0xBC,0xFF,0xBC,0xFF,0xBC,0xFF,0xBC,0xFF,0xBC,0xFF,0xBC,0xFF,0xBC,0xFF,
    0xBC,0xFF,0xBC,0xFF,0xBC,0xFF,0xBC,0xFF,0xBC,0xFF,0xBC,0xF7,0xBC,0xF7,0xBC,0xF7,
    0xBC,0xF7,0xBC,0xF7,0xBC,0xF7,0xBC,0xF7,0xBC,0xF7,0xBC,0xF7,0xBC,0xF7,0xBC,0xF7,
    0xBC,0xF7,0xBC,0xF7,0xBC,0xF7,0xBC,0xF7,0xBC,0xF7,0xBC,0xF7,0xBC,0xF7,0xBC,0xF7,
    0xBC,0xF7,0xBC,0xF7,0xBC,0xF7,0xBC,0xF7,0xBC,0xF7,0xBC,0xF7,0xBC,0xF7,0xBC,0xF7,
    0xBC,0xF7,0xBC,0xF7,0xBC,0xF7,0xBC,0xF7,0xBC,0xF7,0xBC,0xF7,0xBC,0xF7,0xBC,0xF7,
    0xBC,0xF7,0xBC,0xF7,0xBC,0xF7,0xBC,0xF7,0xBC,0xF7,0xBC,0xF7,0xBC,0xF7,0xBC,0xF7,
    0xBC,0xF7,0x9C,0xF7,0x9C,0xF7,0x9C,0xF7,0x9C,0xF7,0x9C,0xF7,0x9C,0xF7,0x9C,0xF7,
    0x9C,0xF7,0x9C,0xF7,0x9C,0xF7,0x9C,0xF7,0x9C,0xF7,0x9C,0xF7,0x9C,0xF7,0x9C,0xF7,
    0x9C,0xF7,0x9C,0xF7,0x9C,0xF7,0x9C,0xF7,0x9C,0xF7,0x9C,0xF7,0x9C,0xF7,0x9C,0xF7,
    0x9C,0xF7,0x9C,0xF7,0x9C,0xF7,0x9C,0xF7,0x9C,0xF7,0x9C,0xF7,0x9C,0xF7,0x9C,0xF7,
    0x7B,0xEF,0xFF,0xFF,0x9C,0xF7,0x39,0xE7,0xFE,0xFF,0xBB,0xFF,0xBC,0xFF,0xBC,0xFF,
    0xBC,0xFF,0xBC,0xFF,0xBC,0xFF,0xBC,0xFF,0xBC,0xFF,0xBC,0xFF,0xBC,0xFF,0xBC,0xF7,
    0xBC,0xF7,0xBC,0xF7,0xBC,0xF7,0x9C,0xF7,0xBC,0xFF,0xBC,0xFF,0xDD,0xFF,0xDD,0xFF,
    0xDD,0xFF,0xDD,0xFF,0xDD,0xFF,0xDD,0xFF,0xDD,0xFF,0xDD,0xFF,0xDD,0xFF,0xDD,0xFF,
    0xDD,0xFF,0xDD,0xFF,0xDD,0xFF,0xDD,0xFF,0xDD,0xFF,0xDD,0xFF,0xDD,0xFF,0xDD,0xFF,
    0xDD,0xFF,0xDD,0xFF,0xDD,0xFF,0xDD,0xFF,0xDD,0xFF,0xDD,0xFF,0xDD,0xFF,0xDD,0xFF,
    0xDD,0xFF,0xDD,0xFF,0xDD,0xFF,0xDD,0xFF,0xDD,0xFF,0xDD,0xFF,0xDD,0xFF,0xDD,0xFF,
    0xDD,0xFF,0xDD,0xFF,0xDD,0xFF,0xDD,0xFF,0xDD,0xFF,0xDD,0xFF,0xDD,0xFF,0xDD,0xFF,
    0xDD,0xFF,0xDD,0xFF,0xDD,0xFF,0xDD,0xFF,0xDD,0xFF,0xDD,0xFF,0xDD,0xFF,0xDD,0xFF,
    0xBD,0xFF,0xBD,0xFF,0xBD,0xFF,0xBD,0xFF,0xBD,0xFF,0xBD,0xFF,0xBD,0xFF,0xBD,0xFF,
    0xBD,0xFF,0xBD,0xFF,0xBD,0xFF,0xBC,0xFF,0xBC,0xFF,0xBC,0xFF,0xBC,0xFF,0xBC,0xFF,
    0xBC,0xFF,0xBC,0xFF,0xBC,0xFF,0xBC,0xFF,0xBC,0xFF,0xBC,0xFF,0xBC,0xFF,0xBC,0xFF,
    0xBC,0xFF,0xBC,0xFF,0xBC,0xFF,0xBC,0xFF,0xBC,0xF7,0xBC,0xF7,0xBC,0xF7,0xBC,0xF7,
    0xBC,0xF7,0xBC,0xF7,0xBC,0xF7,0xBC,0xF7,0xBC,0xF7,0xBC,0xF7,0xBC,0xF7,0xBC,0xF7,
    0xBC,0xF7,0xBC,0xF7,0xBC,0xF7,0xBC,0xF7,0xBC,0xF7,0xBC,0xF7,0xBC,0xF7,0xBC,0xF7,
    0xBC,0xF7,0xBC,0xF7,0xBC,0xF7,0xBC,0xF7,0xBC,0xF7,0xBC,0xF7,0xBC,0xF7,0xBC,0xF7,
    0xBC,0xF7,0xBC,0xF7,0xBC,0xF7,0xBC,0xF7,0xBC,0xF7,0xBC,0xF7,0xBC,0xF7,0xBC,0xF7,
    0xBC,0xF7,0xBC,0xF7,0xBC,0xF7,0xBC,0xF7,0xBC,0xF7,0xBC,0xF7,0xBC,0xF7,0xBC,0xF7,
    0xBC,0xF7,0xBC,0xF7,0xBC,0xF7,0x9C,0xF7,0x9C,0xF7,0x9C,0xF7,0x9C,0xF7,0x9C,0xF7,
    0x9C,0xF7,0x9C,0xF7,0x9C,0xF7,0x9C,0xF7,0x9C,0xF7,0x9C,0xF7,0x9C,0xF7,0x9C,0xF7,
    0x9C,0xF7,0x9C,0xF7,0x9C,0xF7,0x9C,0xF7,0x9C,0xF7,0x9C,0xF7,0x9C,0xF7,0x9C,0xF7,
    0x9C,0xF7,0x9C,0xF7,0x9C,0xF7,0x9C,0xF7,0x9C,0xF7,0x9C,0xF7,0x9C,0xF7,0x9B,0xF7,
    0x9B,0xF7,0x9C,0xF7,0x9B,0xF7,0x9B,0xF7,0x9C,0xF7,0x9C,0xF7,0xFF,0xFF,0x9C,0xF7,
    0x39,0xE7,0xFE,0xFF,0xBB,0xFF,0xBC,0xF7,0xBC,0xFF,0xBC,0xFF,0xBC,0xFF,0xBC,0xFF,
    0xBC,0xFF,0xBC,0xFF,0xBC,0xFF,0xBC,0xFF,0xBC,0xFF,0xBC,0xFF,0xBC,0xF7,0xBC,0xF7,
    0x9C,0xF7,0xBC,0xFF,0xBC,0xFF,0xBC,0xFF,0xDD,0xFF,0xDD,0xFF,0xDD,0xFF,0xDD,0xFF,
    0xDD,0xFF,0xDD,0xFF,0xDD,0xFF,0xDD,0xFF,0xDD,0xFF,0xDD,0xFF,0xDD,0xFF,0xDD,0xFF,
    0xDD,0xFF,0xDD,0xFF,0xDD,0xFF,0xDD,0xFF,0xDD,0xFF,0xDD,0xFF,0xDD,0xFF,0xDD,0xFF,
    0xDD,0xFF,0xDD,0xFF,0xDD,0xFF,0xDD,0xFF,0xDD,0xFF,0xDD,0xFF,0xDD,0xFF,0xDD,0xFF,
    0xDD,0xFF,0xDD,0xFF,0xDD,0xFF,0xDD,0xFF,0xDD,0xFF,0xDD,0xFF,0xDD,0xFF,0xDD,0xFF,
    0xDD,0xFF,0xDD,0xFF,0xDD,0xFF,0xDD,0xFF,0xDD,0xFF,0xDD,0xFF,0xDD,0xFF,0xDD,0xFF,
    0xBD,0xFF,0xBD,0xFF,0xBC,0xFF,0xBC,0xFF,0xBC,0xFF,0xBC,0xFF,0xBC,0xFF,0xBC,0xFF,
    0xBC,0xFF,0xBC,0xFF,0xBC,0xFF,0xBC,0xFF,0xBC,0xFF,0xBC,0xFF,0xBC,0xFF,0xBC,0xFF,
    0xBC,0xFF,0xBC,0xFF,0xBC,0xFF,0xBC,0xFF,0xBC,0xFF,0xBC,0xFF,0xBC,0xFF,0xBC,0xFF,
    0xBC,0xFF,0xBC,0xFF,0xBC,0xFF,0xBC,0xFF,0xBC,0xF7,0xBC,0xF7,0xBC,0xF7,0xBC,0xF7,
    0xBC,0xF7,0xBC,0xF7,0xBC,0xF7,0xBC,0xF7,0xBC,0xF7,0xBC,0xF7,0xBC,0xF7,0xBC,0xF7,
    0xBC,0xF7,0xBC,0xF7,0xBC,0xF7,0xBC,0xF7,0xBC,0xF7,0xBC,0xF7,0xBC,0xF7,0xBC,0xF7,
    0xBC,0xF7,0xBC,0xF7,0xBC,0xF7,0xBC,0xF7,0xBC,0xF7,0xBC,0xF7,0xBC,0xF7,0xBC,0xF7,
    0xBC,0xF7,0xBC,0xF7,0xBC,0xF7,0xBC,0xF7,0xBC,0xF7,0xBC,0xF7,0xBC,0xF7,0xBC,0xF7,
    0xBC,0xF7,0xBC,0xF7,0x9C,0xF7,0x9C,0xF7,0x9C,0xF7,0x9C,0xF7,0x9C,0xF7,0x9C,0xF7,
    0x9C,0xF7,0x9C,0xF7,0x9C,0xF7,0x9C,0xF7,0x9C,0xF7,0x9C,0xF7,0x9C,0xF7,0x9C,0xF7,
    0x9C,0xF7,0x9C,0xF7,0x9C,0xF7,0x9C,0xF7,0x9C,0xF7,0x9C,0xF7,0x9C,0xF7,0x9C,0xF7,
    0x9C,0xF7,0x9C,0xF7,0x9C,0xF7,0x9C,0xF7,0x9C,0xF7,0x9C,0xF7,0x9C,0xF7,0x9C,0xF7,
    0x9C,0xF7,0x9C,0xF7,0x9C,0xF7,0x9C,0xF7,0x9C,0xF7,0x9B,0xF7,0x9B,0xF7,0x9B,0xF7,
    0x9B,0xF7,0x9B,0xF7,0x9B,0xF7,0x9B,0xF7,0x9B,0xF7,0x9B,0xF7,0x9B,0xF7,0x9C,0xF7,
    0xBC,0xF7,0x9C,0xF7,0x7A,0xEF,0xDE,0xFF,0x9C,0xF7,0x19,0xE7,0xFE,0xFF,0xBB,0xFF,
    0xBC,0xFF,0xBC,0xFF,0xBC,0xFF,0xBC,0xFF,0xBC,0xFF,0xBC,0xFF,0xBC,0xFF,0xBC,0xFF,
    0xBC,0xFF,0xDD,0xFF,0xDD,0xFF,0xBC,0xF7,0xBC,0xF7,0xBC,0xFF,0xBC,0xFF,0xBC,0xFF,
    0xBC,0xFF,0xBC,0xFF,0xDD,0xFF,0xDD,0xFF,0xDD,0xFF,0xDD,0xFF,0xDD,0xFF,0xDD,0xFF,
    0xDD,0xFF,0xDD,0xFF,0xDD,0xFF,0xDD,0xFF,0xDD,0xFF,0xDC,0xFF,0xBC,0xFF,0xBC,0xFF,
    0xBC,0xFF,0xBC,0xFF,0xBC,0xFF,0xBC,0xFF,0xBC,0xFF,0xBC,0xFF,0xBC,0xFF,0xBC,0xFF,
    0xBC,0xFF,0xBC,0xFF,0xBC,0xFF,0xBC,0xFF,0xBC,0xFF,0xBC,0xFF,0xBC,0xFF,0xBC,0xFF,
    0xBC,0xFF,0xBC,0xFF,0xBC,0xFF,0xBC,0xFF,0xBC,0xFF,0xBC,0xFF,0xBC,0xFF,0xBC,0xFF,
    0xBC,0xFF,0xBC,0xFF,0xBC,0xFF,0xBC,0xFF,0xBC,0xFF,0xBC,0xFF,0xBC,0xFF,0xBC,0xFF,
    0xBC,0xFF,0xBC,0xFF,0xBC,0xFF,0xBC,0xFF,0xBC,0xFF,0xBC,0xFF,0xBC,0xFF,0xBC,0xFF,
    0xBC,0xFF,0xBC,0xFF,0xBC,0xFF,0xBC,0xFF,0xBC,0xFF,0xBC,0xFF,0xBC,0xFF,0xBC,0xFF,
    0xBC,0xFF,0xBC,0xFF,0xBC,0xFF,0xBC,0xFF,0xBC,0xFF,0xBC,0xFF,0xBC,0xFF,0xBC,0xFF,
    0xBC,0xF7,0xBC,0xF7,0xBC,0xF7,0xBC,0xF7,0xBC,0xF7,0xBC,0xF7,0xBC,0xF7,0xBC,0xF7,
    0xBC,0xF7,0xBC,0xF7,0xBC,0xF7,0xBC,0xF7,0xBC,0xF7,0xBC,0xF7,0xBC,0xF7,0xBC,0xF7,
    0xBC,0xF7,0xBC,0xF7,0xBC,0xF7,0xBC,0xF7,0xBC,0xF7,0xBC,0xF7,0xBC,0xF7,0xBC,0xF7,
    0xBC,0xF7,0xBC,0xF7,0xBC,0xF7,0x9C,0xF7,0x9C,0xF7,0x9C,0xF7,0x9C,0xF7,0x9C,0xF7,
    0x9C,0xF7,0x9C,0xF7,0x9C,0xF7,0x9C,0xF7,0x9C,0xF7,0x9C,0xF7,0x9C,0xF7,0x9C,0xF7,
    0x9C,0xF7,0x9C,0xF7,0x9C,0xF7,0x9C,0xF7,0x9C,0xF7,0x9C,0xF7,0x9C,0xF7,0x9C,0xF7,
    0x9C,0xF7,0x9C,0xF7,0x9C,0xF7,0x9C,0xF7,0x9C,0xF7,0x9C,0xF7,0x9C,0xF7,0x9C,0xF7,
    0x9C,0xF7,0x9C,0xF7,0x9C,0xF7,0x9C,0xF7,0x9C,0xF7,0x9C,0xF7,0x9C,0xF7,0x9C,0xF7,
    0x9C,0xF7,0x9C,0xF7,0x9C,0xF7,0x9C,0xF7,0x9C,0xF7,0x9C,0xF7,0x9C,0xF7,0x9C,0xF7,
    0x9C,0xF7,0x9C,0xF7,0x9C,0xF7,0x9C,0xF7,0x9C,0xF7,0x9C,0xF7,0x9C,0xF7,0x9C,0xF7,
    0x9C,0xF7,0x9B,0xF7,0x9B,0xF7,0x9C,0xF7,0x9C,0xF7,0x9B,0xF7,0x9B,0xF7,0x7A,0xEF,
    0xDE,0xFF,0x9C,0xF7,0x39,0xE7,0xFE,0xFF,0xBB,0xFF,0xBC,0xF7,0xBC,0xFF,0xBC,0xFF,
    0xBC,0xFF,0xBC,0xFF,0xBC,0xFF,0xBC,0xFF,0xBC,0xFF,0xBC,0xFF,0xDE,0xFF,0xDE,0xFF,
    0xBC,0xFF,0xBC,0xF7,0xBC,0xFF,0xBC,0xFF,0xBC,0xFF,0xBC,0xFF,0xBC,0xFF,0xBC,0xFF,
    0xBC,0xFF,0xBC,0xFF,0xBC,0xFF,0xBC,0xFF,0xBC,0xFF,0xBC,0xFF,0xBC,0xFF,0xBC,0xFF,
    0xBC,0xFF,0xBC,0xFF,0xBC,0xFF,0xBC,0xFF,0xBC,0xFF,0xBC,0xFF,0xBC,0xFF,0xBC,0xFF,
    0xBC,0xFF,0xBC,0xFF,0xBC,0xFF,0xBC,0xFF,0xBC,0xFF,0xBC,0xFF,0xBC,0xFF,0xBC,0xFF,
    0xBC,0xFF,0xBC,0xFF,0xBC,0xFF,0xBC,0xFF,0xBC,0xFF,0xBC,0xFF,0xBC,0xFF,0xBC,0xFF,
    0xBC,0xFF,0xBC,0xFF,0xBC,0xFF,0xBC,0xFF,0xBC,0xFF,0xBC,0xFF,0xBC,0xFF,0xBC,0xFF,
    0xBC,0xFF,0xBC,0xFF,0xBC,0xFF,0xBC,0xFF,0xBC,0xFF,0xBC,0xFF,0xBC,0xFF,0xBC,0xFF,
    0xBC,0xFF,0xBC,0xFF,0xBC,0xFF,0xBC,0xFF,0xBC,0xFF,0xBC,0xFF,0xBC,0xFF,0xBC,0xFF,
    0xBC,0xFF,0xBC,0xFF,0xBC,0xFF,0xBC,0xFF,0xBC,0xFF,0xBC,0xF7,0xBC,0xF7,0xBC,0xF7,
    0xBC,0xF7,0xBC,0xF7,0xBC,0xF7,0xBC,0xF7,0xBC,0xF7,0xBC,0xF7,0xBC,0xF7,0xBC,0xF7,
    0xBC,0xF7,0xBC,0xF7,0xBC,0xF7,0xBC,0xF7,0xBC,0xF7,0xBC,0xF7,0xBC,0xF7,0xBC,0xF7,
    0xBC,0xF7,0xBC,0xF7,0xBC,0xF7,0xBC,0xF7,0xBC,0xF7,0xBC,0xF7,0xBC,0xF7,0x9C,0xF7,
    0x9C,0xF7,0x9C,0xF7,0x9C,0xF7,0x9C,0xF7,0x9C,0xF7,0x9C,0xF7,0x9C,0xF7,0x9C,0xF7,
    0x9C,0xF7,0x9C,0xF7,0x9C,0xF7,0x9C,0xF7,0x9C,0xF7,0x9C,0xF7,0x9C,0xF7,0x9C,0xF7,
    0x9C,0xF7,0x9C,0xF7,0x9C,0xF7,0x9C,0xF7,0x9C,0xF7,0x9C,0xF7,0x9C,0xF7,0x9C,0xF7,
    0x9C,0xF7,0x9C,0xF7,0x9C,0xF7,0x9C,0xF7,0x9C,0xF7,0x9C,0xF7,0x9C,0xF7,0x9C,0xF7,
    0x9C,0xF7,0x9C,0xF7,0x9C,0xF7,0x9C,0xF7,0x9C,0xF7,0x9C,0xF7,0x9C,0xF7,0x9C,0xF7,
    0x9C,0xF7,0x9C,0xF7,0x9C,0xF7,0x9C,0xF7,0x9C,0xF7,0x9C,0xF7,0x9C,0xF7,0x9C,0xF7,
    0x9C,0xF7,0x9C,0xF7,0x9C,0xF7,0x9C,0xF7,0x9B,0xF7,0x9B,0xF7,0x9B,0xF7,0x9B,0xF7,
    0x9B,0xF7,0x9B,0xF7,0x9B,0xF7,0x9B,0xF7,0x9B,0xF7,0x9B,0xF7,0x9C,0xF7,0x9C,0xF7,
    0x9C,0xF7,0x9B,0xF7,0x9B,0xF7,0x9B,0xF7,0x7A,0xEF,0xDE,0xFF,0x9C,0xF7,0x39,0xE7,
    0xFE,0xFF,0xBB,0xFF,0xBC,0xFF,0xBC,0xFF,0xBC,0xFF,0xBC,0xFF,0xBC,0xFF,0xBC,0xFF,
    0xBC,0xFF,0xBC,0xFF,0xBC,0xFF,0xBC,0xFF,0xBC,0xFF,0x9C,0xFF,0xBC,0xF7,0x9C,0xF7,
    0xBC,0xFF,0xBC,0xFF,0xBC,0xFF,0xBC,0xFF,0xBC,0xFF,0xBC,0xFF,0xBC,0xFF,0xBC,0xFF,
    0xBC,0xFF,0xBC,0xFF,0xBC,0xFF,0xBC,0xFF,0xBC,0xFF,0xBC,0xFF,0xBC,0xFF,0xBC,0xFF,
    0xBC,0xFF,0xBC,0xFF,0xBC,0xFF,0xBC,0xFF,0xBC,0xFF,0xBC,0xFF,0xBC,0xFF,0xBC,0xFF,
    0xBC,0xFF,0xBC,0xFF,0xBC,0xFF,0xBC,0xFF,0xBC,0xFF,0xBC,0xFF,0xBC,0xFF,0xBC,0xFF,
    0xBC,0xFF,0xBC,0xFF,0xBC,0xFF,0xBC,0xFF,0xBC,0xFF,0xBC,0xFF,0xBC,0xFF,0xBC,0xFF,
    0xBC,0xFF,0xBC,0xFF,0xBC,0xFF,0xBC,0xFF,0xBC,0xFF,0xBC,0xFF,0xBC,0xFF,0xBC,0xFF,
    0xBC,0xFF,0xBC,0xFF,0xBC,0xFF,0xBC,0xFF,0xBC,0xFF,0xBC,0xFF,0xBC,0xFF,0xBC,0xFF,
    0xBC,0xFF,0xBC,0xFF,0xBC,0xFF,0xBC,0xFF,0xBC,0xFF,0xBC,0xFF,0xBC,0xFF,0xBC,0xFF,
    0xBC,0xFF,0xBC,0xFF,0xBC,0xFF,0xBC,0xFF,0xBC,0xFF,0xBC,0xFF,0xBC,0xFF,0xBC,0xF7,
    0xBC,0xF7,0xBC,0xF7,0xBC,0xF7,0xBC,0xF7,0xBC,0xF7,0xBC,0xF7,0xBC,0xF7,0xBC,0xF7,
    0xBC,0xF7,0xBC,0xF7,0xBC,0xF7,0xBC,0xF7,0xBC,0xF7,0xBC,0xF7,0xBC,0xF7,0xBC,0xF7,
    0xBC,0xF7,0xBC,0xF7,0xBC,0xF7,0xBC,0xF7,0xBC,0xF7,0xBC,0xF7,0xBC,0xF7,0xBC,0xF7,
    0xBC,0xF7,0xBC,0xF7,0xBC,0xF7,0xBC,0xF7,0xBC,0xF7,0xBC,0xF7,0xBC,0xF7,0xBC,0xF7,
    0xBC,0xF7,0xBC,0xF7,0xBC,0xF7,0xBC,0xF7,0xBC,0xF7,0xBC,0xF7,0xBC,0xF7,0xBC,0xF7,
    0xBC,0xF7,0xBC,0xF7,0xBC,0xF7,0xBC,0xF7,0xBC,0xF7,0xBC,0xF7,0xBC,0xF7,0xBC,0xF7,
    0xBC,0xF7,0xBC,0xF7,0xBC,0xF7,0xBC,0xF7,0xBC,0xF7,0xBC,0xF7,0xBC,0xF7,0xBC,0xF7,
    0xBC,0xF7,0xBC,0xF7,0x9C,0xF7,0x9C,0xF7,0x9C,0xF7,0x9C,0xF7,0x9C,0xF7,0x9C,0xF7,
    0x9C,0xF7,0x9C,0xF7,0x9C,0xF7,0x9C,0xF7,0x9C,0xF7,0x9C,0xF7,0x9C,0xF7,0x9C,0xF7,
    0x9C,0xF7,0x9C,0xF7,0x9C,0xF7,0x9C,0xF7,0x9C,0xF7,0x9C,0xF7,0x9C,0xF7,0x9C,0xF7,
    0x9C,0xF7,0x9C,0xF7,0x9C,0xF7,0x9B,0xF7,0x9B,0xF7,0x9B,0xF7,0x9B,0xF7,0x9B,0xF7,
    0x9B,0xF7,0x7B,0xEF,0xDE,0xFF,0x9C,0xF7,0x19,0xE7,0xFE,0xFF,0xBB,0xFF,0xBC,0xFF,
    0xBC,0xFF,0xBC,0xFF,0xBC,0xFF,0xBC,0xFF,0xBC,0xFF,0xBC,0xFF,0xBC,0xFF,0xBC,0xFF,
    0xBC,0xFF,0xBC,0xFF,0x9C,0xFF,0x9C,0xF7,0x9C,0xF7,0xBC,0xF7,0xBC,0xFF,0x9C,0xF7,
    0xBC,0xF7,0xBC,0xFF,0xBC,0xFF,0xBC,0xFF,0xBC,0xFF,0xBC,0xFF,0xBC,0xFF,0xBC,0xFF,
    0xBC,0xFF,0xBC,0xFF,0xBC,0xFF,0xBC,0xFF,0xBC,0xFF,0xBC,0xFF,0xBC,0xFF,0xBC,0xFF,
    0xBC,0xFF,0xBC,0xFF,0xBC,0xFF,0xBC,0xFF,0xBC,0xFF,0xBC,0xFF,0xBC,0xFF,0xBC,0xFF,
    0xBC,0xFF,0xBC,0xFF,0xBC,0xFF,0xBC,0xFF,0xBC,0xFF,0xBC,0xFF,0xBC,0xFF,0xBC,0xFF,
    0xBC,0xFF,0xBC,0xFF,0xBC,0xFF,0xBC,0xFF,0xBC,0xFF,0xBC,0xFF,0xBC,0xFF,0xBC,0xFF,
    0xBC,0xFF,0xBC,0xFF,0xBC,0xFF,0xBC,0xFF,0xBC,0xF7,0xBC,0xF7,0xBC,0xF7,0xBC,0xF7,
    0xBC,0xF7,0xBC,0xF7,0xBC,0xF7,0xBC,0xF7,0xBC,0xF7,0xBC,0xF7,0xBC,0xF7,0xBC,0xF7,
    0xBC,0xF7,0xBC,0xF7,0xBC,0xF7,0xBC,0xF7,0xBC,0xF7,0xBC,0xF7,0xBC,0xF7,0xBC,0xF7,
    0xBC,0xF7,0xBC,0xF7,0xBC,0xF7,0xBC,0xF7,0xBC,0xF7,0xBC,0xF7,0xBC,0xF7,0xBC,0xF7,
    0xBC,0xF7,0xBC,0xF7,0xBC,0xF7,0xBC,0xF7,0xBC,0xF7,0x9C,0xF7,0x9C,0xF7,0x9C,0xF7,
    0x9C,0xF7,0x9C,0xF7,0x9C,0xF7,0x9C,0xF7,0x9C,0xF7,0x9C,0xF7,0x9C,0xF7,0x9C,0xF7,
    0x9C,0xF7,0x9C,0xF7,0x9C,0xF7,0x9C,0xF7,0x9C,0xF7,0x9C,0xF7,0x9C,0xF7,0x9C,0xF7,
    0x9C,0xF7,0x9C,0xF7,0x9C,0xF7,0x9C,0xF7,0x9C,0xF7,0x9C,0xF7,0x9C,0xF7,0x9C,0xF7,
    0x9C,0xF7,0x9C,0xF7,0x9C,0xF7,0x9C,0xF7,0x9C,0xF7,0x9C,0xF7,0x9C,0xF7,0x9C,0xF7,
    0x9C,0xF7,0x9C,0xF7,0x9C,0xF7,0x9C,0xF7,0x9C,0xF7,0x9C,0xF7,0x9C,0xF7,0x9C,0xF7,
    0x9C,0xF7,0x9C,0xF7,0x9C,0xF7,0x9C,0xF7,0x9C,0xF7,0x9C,0xF7,0x9C,0xF7,0x9C,0xF7,
    0x9C,0xF7,0x9C,0xF7,0x9C,0xF7,0x9C,0xF7,0x9C,0xF7,0x9C,0xF7,0x9C,0xF7,0x9C,0xF7,
    0x9C,0xF7,0x9C,0xF7,0x9C,0xF7,0x9C,0xF7,0x9C,0xF7,0x9C,0xF7,0x9B,0xF7,0x9B,0xF7,
    0x9B,0xF7,0x9B,0xF7,0x9B,0xF7,0x9B,0xF7,0x9B,0xF7,0x9B,0xF7,0x9B,0xF7,0x9B,0xF7,
    0x9B,0xF7,0x9B,0xF7,0x9B,0xF7,0x9B,0xF7,0x9B,0xF7,0x9C,0xF7,0x7A,0xEF,0xDE,0xFF,
    0x9C,0xF7,0x19,0xE7,0xFE,0xFF,0x9B,0xFF,0x9B,0xF7,0xBC,0xFF,0xBC,0xFF,0xBC,0xFF,
    0xBC,0xFF,0xBC,0xFF,0xBC,0xFF,0xBC,0xFF,0xBC,0xFF,0xBC,0xFF,0xBC,0xFF,0xBC,0xF7,
    0xBC,0xFF,0xBC,0xF7,0xBC,0xFF,0xBC,0xF7,0x9C,0xF7,0xBC,0xF7,0x9C,0xF7,0xBC,0xFF,
    0xBC,0xFF,0xBC,0xFF,0xBC,0xFF,0xBC,0xFF,0xBC,0xFF,0xBC,0xFF,0xBC,0xFF,0xBC,0xFF,
    0xBC,0xFF,0xBC,0xFF,0xBC,0xFF,0xBC,0xFF,0xBC,0xFF,0xBC,0xFF,0xBC,0xFF,0xBC,0xFF,
    0xBC,0xFF,0xBC,0xFF,0xBC,0xFF,0xBC,0xFF,0xBC,0xFF,0xBC,0xFF,0xBC,0xFF,0xBC,0xFF,
    0xBC,0xFF,0xBC,0xFF,0xBC,0xFF,0xBC,0xF7,0xBC,0xF7,0xBC,0xF7,0xBC,0xF7,0xBC,0xF7,
    0xBC,0xF7,0xBC,0xF7,0xBC,0xF7,0xBC,0xF7,0xBC,0xF7,0xBC,0xF7,0xBC,0xF7,0xBC,0xF7,
    0xBC,0xF7,0xBC,0xF7,0xBC,0xF7,0xBC,0xF7,0xBC,0xF7,0xBC,0xF7,0xBC,0xF7,0xBC,0xF7,
    0xBC,0xF7,0xBC,0xF7,0xBC,0xF7,0xBC,0xF7,0xBC,0xF7,0xBC,0xF7,0xBC,0xF7,0x9C,0xF7,
    0x9C,0xF7,0x9C,0xF7,0x9C,0xF7,0x9C,0xF7,0x9C,0xF7,0x9C,0xF7,0x9C,0xF7,0x9C,0xF7,
    0x9C,0xF7,0x9C,0xF7,0x9C,0xF7,0x9C,0xF7,0x9C,0xF7,0x9C,0xF7,0x9C,0xF7,0x9C,0xF7,
    0x9C,0xF7,0x9C,0xF7,0x9C,0xF7,0x9C,0xF7,0x9C,0xF7,0x9C,0xF7,0x9C,0xF7,0x9C,0xF7,
    0x9C,0xF7,0x9C,0xF7,0x9C,0xF7,0x9C,0xF7,0x9C,0xF7,0x9C,0xF7,0x9C,0xF7,0x9C,0xF7,
    0x9C,0xF7,0x9C,0xF7,0x9C,0xF7,0x9C,0xF7,0x9C,0xF7,0x9C,0xF7,0x9C,0xF7,0x9C,0xF7,
    0x9C,0xF7,0x9C,0xF7,0x9C,0xF7,0x9C,0xF7,0x9C,0xF7,0x9C,0xF7,0x9C,0xF7,0x9C,0xF7,
    0x9C,0xF7,0x9C,0xF7,0x9C,0xF7,0x9C,0xF7,0x9C,0xF7,0x9C,0xF7,0x9C,0xF7,0x9C,0xF7,
    0x9C,0xF7,0x9C,0xF7,0x9C,0xF7,0x9C,0xF7,0x9C,0xF7,0x9C,0xF7,0x9C,0xF7,0x9C,0xF7,
    0x9C,0xF7,0x9B,0xF7,0x9B,0xF7,0x9B,0xF7,0x9B,0xF7,0x9B,0xF7,0x9B,0xF7,0x9B,0xF7,
    0x9B,0xF7,0x9B,0xF7,0x9B,0xF7,0x9B,0xF7,0x9B,0xF7,0x9B,0xF7,0x9B,0xF7,0x9B,0xF7,
    0x9B,0xF7,0x9B,0xF7,0x9B,0xF7,0x9B,0xF7,0x9B,0xF7,0x9B,0xF7,0x9B,0xF7,0x9B,0xF7,
    0x9B,0xF7,0x9B,0xF7,0x9B,0xF7,0x9B,0xF7,0x9B,0xF7,0x9B,0xF7,0x9B,0xF7,0x9C,0xF7,
    0x9C,0xF7,0x9B,0xF7,0x9B,0xF7,0x7A,0xEF,0xDE,0xFF,0x9C,0xF7,0x19,0xE7,0xFD,0xFF,
    0xBB,0xFF,0x9C,0xF7,0xBC,0xFF,0xBC,0xFF,0xBC,0xFF,0xBC,0xFF,0xBC,0xFF,0xBC,0xFF,
    0xBC,0xFF,0xBC,0xFF,0xBC,0xFF,0xBC,0xFF,0xBC,0xFF,0x9C,0xFF,0xBC,0xFF,0xBC,0xF7,
    0x9C,0xF7,0x9C,0xF7,0x9C,0xF7,0xBC,0xFF,0xBC,0xFF,0xBC,0xFF,0xBC,0xFF,0xBC,0xFF,
    0xBC,0xFF,0xBC,0xFF,0xBC,0xFF,0xBC,0xFF,0xBC,0xFF,0xBC,0xFF,0xBC,0xFF,0xBC,0xFF,
    0xBC,0xFF,0xBC,0xFF,0xBC,0xFF,0xBC,0xFF,0xBC,0xFF,0xBC,0xFF,0xBC,0xFF,0xBC,0xFF,
    0xBC,0xFF,0xBC,0xFF,0xBC,0xFF,0xBC,0xFF,0xBC,0xFF,0xBC,0xFF,0xBC,0xFF,0xBC,0xFF,
    0xBC,0xFF,0xBC,0xFF,0xBC,0xFF,0xBC,0xFF,0xBC,0xFF,0xBC,0xFF,0xBC,0xFF,0xBC,0xFF,
    0xBC,0xFF,0xBC,0xFF,0xBC,0xFF,0xBC,0xFF,0xBC,0xFF,0xBC,0xFF,0xBC,0xFF,0xBC,0xFF,
    0xBC,0xFF,0xBC,0xFF,0xBC,0xFF,0xBC,0xF7,0xBC,0xF7,0xBC,0xF7,0xBC,0xF7,0xBC,0xF7,
    0xBC,0xF7,0xBC,0xF7,0xBC,0xF7,0xBC,0xF7,0xBC,0xF7,0xBC,0xF7,0xBC,0xF7,0xBC,0xF7,
    0xBC,0xF7,0xBC,0xF7,0xBC,0xF7,0xBC,0xF7,0xBC,0xF7,0xBC,0xF7,0xBC,0xF7,0xBC,0xF7,
    0xBC,0xF7,0xBC,0xF7,0xBC,0xF7,0xBC,0xF7,0xBC,0xF7,0xBC,0xF7,0xBC,0xF7,0x9C,0xF7,
    0x9C,0xF7,0x9C,0xF7,0x9C,0xF7,0x9C,0xF7,0x9C,0xF7,0x9C,0xF7,0x9C,0xF7,0x9C,0xF7,
    0x9C,0xF7,0x9C,0xF7,0x9C,0xF7,0x9C,0xF7,0x9C,0xF7,0x9C,0xF7,0x9C,0xF7,0x9C,0xF7,
    0x9C,0xF7,0x9C,0xF7,0x9C,0xF7,0x9C,0xF7,0x9C,0xF7,0x9C,0xF7,0x9C,0xF7,0x9C,0xF7,
    0x9C,0xF7,0x9C,0xF7,0x9C,0xF7,0x9C,0xF7,0x9C,0xF7,0x9C,0xF7,0x9C,0xF7,0x9C,0xF7,
    0x9C,0xF7,0x9C,0xF7,0x9C,0xF7,0x9C,0xF7,0x9C,0xF7,0x9C,0xF7,0x9C,0xF7,0x9C,0xF7,
    0x9C,0xF7,0x9C,0xF7,0x9C,0xF7,0x9C,0xF7,0x9C,0xF7,0x9C,0xF7,0x9C,0xF7,0x9C,0xF7,
    0x9C,0xF7,0x9C,0xF7,0x9C,0xF7,0x9C,0xF7,0x9C,0xF7,0x9C,0xF7,0x9C,0xF7,0x9C,0xF7,
    0x9C,0xF7,0x9C,0xF7,0x9C,0xF7,0x9C,0xF7,0x9C,0xF7,0x9B,0xF7,0x9B,0xF7,0x9B,0xF7,
    0x9B,0xF7,0x9B,0xF7,0x9B,0xF7,0x9B,0xF7,0x9B,0xF7,0x9B,0xF7,0x9B,0xF7,0x9B,0xF7,
    0x9B,0xF7,0x9B,0xF7,0x9B,0xF7,0x9C,0xF7,0x9B,0xF7,0x9B,0xF7,0x9B,0xF7,0x9B,0xF7,
    0x7A,0xEF,0xDE,0xFF,0x9C,0xF7,0x18,0xE7,0xFD,0xFF,0x9B,0xFF,0x9B,0xF7,0xBC,0xFF,
    0xBC,0xFF,0xBC,0xFF,0xBC,0xFF,0xBC,0xFF,0xBC,0xFF,0xBC,0xFF,0xBC,0xFF,0xBC,0xFF,
    0xBC,0xFF,0xBC,0xFF,0x9C,0xF7,0x9C,0xFF,0xBC,0xF7,0x9C,0xF7,0x9C,0xF7,0xBC,0xF7,
    0x9C,0xFF,0xBC,0xFF,0xBC,0xFF,0xBC,0xFF,0xBC,0xFF,0xBC,0xFF,0xBC,0xFF,0xBC,0xFF,
    0xBC,0xFF,0xBC,0xFF,0xBC,0xFF,0xBC,0xFF,0xBC,0xFF,0xBC,0xFF,0xBC,0xFF,0xBC,0xFF,
    0xBC,0xF7,0xBC,0xF7,0xBC,0xF7,0xBC,0xF7,0xBC,0xF7,0xBC,0xF7,0xBC,0xF7,0xBC,0xF7,
    0xBC,0xF7,0xBC,0xF7,0xBC,0xF7,0xBC,0xF7,0xBC,0xF7,0xBC,0xF7,0xBC,0xF7,0xBC,0xF7,
    0xBC,0xF7,0xBC,0xF7,0xBC,0xF7,0xBC,0xF7,0xBC,0xF7,0xBC,0xF7,0xBC,0xF7,0xBC,0xF7,
    0xBC,0xF7,0xBC,0xF7,0xBC,0xF7,0xBC,0xF7,0xBC,0xF7,0xBC,0xF7,0xBC,0xF7,0xBC,0xF7,
    0xBC,0xF7,0xBC,0xF7,0xBC,0xF7,0xBC,0xF7,0xBC,0xF7,0xBC,0xF7,0xBC,0xF7,0xBC,0xF7,
    0xBC,0xF7,0xBC,0xF7,0xBC,0xF7,0xBC,0xF7,0xBC,0xF7,0xBC,0xF7,0xBC,0xF7,0xBC,0xF7,
    0xBC,0xF7,0xBC,0xF7,0xBC,0xF7,0xBC,0xF7,0xBC,0xF7,0xBC,0xF7,0xBC,0xF7,0xBC,0xF7,
    0xBC,0xF7,0xBC,0xF7,0xBC,0xF7,0xBC,0xF7,0x9C,0xF7,0x9C,0xF7,0x9C,0xF7,0x9C,0xF7,
    0x9C,0xF7,0x9C,0xF7,0x9C,0xF7,0x9C,0xF7,0x9C,0xF7,0x9C,0xF7,0x9C,0xF7,0x9C,0xF7,
    0x9C,0xF7,0x9C,0xF7,0x9C,0xF7,0x9C,0xF7,0x9C,0xF7,0x9C,0xF7,0x9C,0xF7,0x9C,0xF7,
    0x9C,0xF7,0x9C,0xF7,0x9C,0xF7,0x9C,0xF7,0x9C,0xF7,0x9C,0xF7,0x9C,0xF7,0x9C,0xF7,
    0x9C,0xF7,0x9C,0xF7,0x9C,0xF7,0x9C,0xF7,0x9C,0xF7,0x9C,0xF7,0x9C,0xF7,0x9C,0xF7,
    0x9C,0xF7,0x9C,0xF7,0x9C,0xF7,0x9C,0xF7,0x9C,0xF7,0x9C,0xF7,0x9C,0xF7,0x9C,0xF7,
    0x9C,0xF7,0x9C,0xF7,0x9C,0xF7,0x9C,0xF7,0x9C,0xF7,0x9C,0xF7,0x9C,0xF7,0x9C,0xF7,
    0x9C,0xF7,0x9C,0xF7,0x9C,0xF7,0x9C,0xF7,0x9C,0xF7,0x9C,0xF7,0x9C,0xF7,0x9C,0xF7,
    0x9C,0xF7,0x9C,0xF7,0x9C,0xF7,0x9C,0xF7,0x9C,0xF7,0x9C,0xF7,0x9C,0xF7,0x9C,0xF7,
    0x9C,0xF7,0x9C,0xF7,0x9C,0xF7,0x9C,0xF7,0x9C,0xF7,0x9C,0xF7,0x9C,0xF7,0x9B,0xF7,
    0x9B,0xF7,0x9B,0xF7,0x9B,0xF7,0x7B,0xF7,0x9B,0xF7,0x7B,0xEF,0xFF,0xFF,0x9C,0xF7,
    0x39,0xE7,0xFD,0xFF,0xBB,0xFF,0x9B,0xF7,0x9C,0xFF,0xBC,0xFF,0xBC,0xFF,0xBC,0xFF,
    0xBC,0xFF,0xBC,0xFF,0xBC,0xFF,0xBC,0xFF,0xBC,0xFF,0xBC,0xFF,0xBC,0xFF,0xBC,0xFF,
    0xBC,0xFF,0x9C,0xFF,0x9C,0xF7,0x9C,0xF7,0x9C,0xF7,0xBC,0xF7,0xBC,0xFF,0xBC,0xFF,
    0xBC,0xFF,0xBC,0xFF,0xBC,0xFF,0xBC,0xFF,0xBC,0xFF,0xBC,0xFF,0xBC,0xFF,0xBC,0xFF,
    0xBC,0xFF,0xBC,0xF7,0xBC,0xF7,0xBC,0xF7,0xBC,0xF7,0xBC,0xF7,0xBC,0xF7,0xBC,0xF7,
    0xBC,0xF7,0x9C,0xF7,0x9C,0xF7,0x9C,0xF7,0x9C,0xF7,0x9C,0xF7,0x9C,0xF7,0x9C,0xF7,
    0x9C,0xF7,0x9C,0xF7,0x9C,0xF7,0x9C,0xF7,0x9C,0xF7,0x9C,0xF7,0x9C,0xF7,0x9C,0xF7,
    0x9C,0xF7,0x9C,0xF7,0x9C,0xF7,0x9C,0xF7,0x9C,0xF7,0x9C,0xF7,0x9C,0xF7,0x9C,0xF7,
    0x9C,0xF7,0x9C,0xF7,0x9C,0xF7,0x9C,0xF7,0x9C,0xF7,0x9C,0xF7,0x9C,0xF7,0x9C,0xF7,
    0x9C,0xF7,0x9C,0xF7,0x9C,0xF7,0x9C,0xF7,0x9C,0xF7,0x9C,0xF7,0x9C,0xF7,0x9C,0xF7,
    0x9C,0xF7,0x9C,0xF7,0x9C,0xF7,0x9C,0xF7,0x9C,0xF7,0x9C,0xF7,0x9C,0xF7,0x9C,0xF7,
    0x9C,0xF7,0x9C,0xF7,0x9C,0xF7,0x9C,0xF7,0x9C,0xF7,0x9C,0xF7,0x9C,0xF7,0x9C,0xF7,
    0x9C,0xF7,0x9C,0xF7,0x9C,0xF7,0x9C,0xF7,0x9C,0xF7,0x9C,0xF7,0x9C,0xF7,0x9C,0xF7,
    0x9C,0xF7,0x9C,0xF7,0x9B,0xF7,0x9B,0xF7,0x9B,0xF7,0x9B,0xF7,0x9B,0xF7,0x9B,0xF7,
    0x9B,0xF7,0x9B,0xF7,0x9B,0xF7,0x9B,0xF7,0x9B,0xF7,0x9B,0xF7,0x9B,0xF7,0x9B,0xF7,
    0x9B,0xF7,0x9B,0xF7,0x9B,0xF7,0x9B,0xF7,0x9B,0xF7,0x9B,0xF7,0x9B,0xF7,0x9B,0xF7,
    0x9B,0xF7,0x9B,0xF7,0x9B,0xF7,0x9B,0xF7,0x9B,0xF7,0x9B,0xF7,0x9B,0xF7,0x9B,0xF7,
    0x9B,0xF7,0x9B,0xF7,0x9B,0xF7,0x9B,0xF7,0x9B,0xF7,0x9B,0xF7,0x9B,0xF7,0x9B,0xF7,
    0x9B,0xF7,0x9B,0xF7,0x9B,0xF7,0x9B,0xF7,0x9B,0xF7,0x9B,0xF7,0x9B,0xF7,0x9B,0xF7,
    0x9B,0xF7,0x9B,0xF7,0x9B,0xF7,0x9B,0xF7,0x9B,0xF7,0x9B,0xF7,0x9B,0xF7,0x9B,0xF7,
    0x9B,0xF7,0x9B,0xF7,0x9B,0xF7,0x9B,0xF7,0x9B,0xF7,0x9B,0xF7,0x9B,0xF7,0x9B,0xF7,
    0x9B,0xF7,0x9B,0xF7,0x9B,0xF7,0x9B,0xF7,0x9B,0xF7,0x9B,0xF7,0x9B,0xF7,0x9B,0xF7,
    0x9B,0xF7,0x9B,0xF7,0x7A,0xEF,0xDE,0xFF,0x9C,0xF7,0x39,0xE7,0xFD,0xFF,0xBB,0xFF,
    0x9C,0xF7,0xBC,0xFF,0xBC,0xFF,0x9C,0xFF,0xBC,0xFF,0xBC,0xFF,0xBC,0xFF,0xBC,0xFF,
    0xBC,0xFF,0xBC,0xFF,0xBC,0xFF,0xBC,0xFF,0xBC,0xFF,0xBD,0xFF,0xBC,0xFF,0x9C,0xF7,
    0x9B,0xF7,0x9C,0xF7,0xBC,0xFF,0xBC,0xFF,0xBC,0xFF,0xBC,0xFF,0xBC,0xFF,0xBC,0xFF,
    0xBC,0xFF,0xBC,0xFF,0xBC,0xFF,0xBC,0xFF,0xBC,0xFF,0xBC,0xFF,0xBC,0xF7,0xBC,0xF7,
    0xBC,0xF7,0xBC,0xF7,0xBC,0xF7,0xBC,0xF7,0xBC,0xF7,0xBC,0xF7,0xBC,0xF7,0xBC,0xF7,
    0xBC,0xF7,0xBC,0xF7,0xBC,0xF7,0xBC,0xF7,0x9C,0xF7,0x9C,0xF7,0x9C,0xF7,0x9C,0xF7,
    0x9C,0xF7,0x9C,0xF7,0x9C,0xF7,0x9C,0xF7,0x9C,0xF7,0x9C,0xF7,0x9C,0xF7,0x9C,0xF7,
    0x9C,0xF7,0x9C,0xF7,0x9C,0xF7,0x9C,0xF7,0x9C,0xF7,0x9C,0xF7,0x9C,0xF7,0x9C,0xF7,
    0x9C,0xF7,0x9C,0xF7,0x9C,0xF7,0x9C,0xF7,0x9C,0xF7,0x9C,0xF7,0x9C,0xF7,0x9C,0xF7,
    0x9C,0xF7,0x9C,0xF7,0x9C,0xF7,0x9C,0xF7,0x9C,0xF7,0x9C,0xF7,0x9C,0xF7,0x9C,0xF7,
    0x9C,0xF7,0x9C,0xF7,0x9C,0xF7,0x9C,0xF7,0x9C,0xF7,0x9C,0xF7,0x9C,0xF7,0x9C,0xF7,
    0x9C,0xF7,0x9C,0xF7,0x9C,0xF7,0x9C,0xF7,0x9C,0xF7,0x9C,0xF7,0x9B,0xF7,0x9B,0xF7,
    0x9B,0xF7,0x9B,0xF7,0x9B,0xF7,0x9B,0xF7,0x9B,0xF7,0x9B,0xF7,0x9B,0xF7,0x9B,0xF7,
    0x9B,0xF7,0x9B,0xF7,0x9B,0xF7,0x9B,0xF7,0x9B,0xF7,0x9B,0xF7,0x9B,0xF7,0x9B,0xF7,
    0x9B,0xF7,0x9B,0xF7,0x9B,0xF7,0x9B,0xF7,0x9B,0xF7,0x9B,0xF7,0x9B,0xF7,0x9B,0xF7,
    0x9B,0xF7,0x9B,0xF7,0x9B,0xF7,0x9B,0xF7,0x9B,0xF7,0x9B,0xF7,0x9B,0xF7,0x9B,0xF7,
    0x9B,0xF7,0x9B,0xF7,0x9B,0xF7,0x9B,0xF7,0x9B,0xF7,0x9B,0xF7,0x9B,0xF7,0x9B,0xF7,
    0x9B,0xF7,0x9B,0xF7,0x9B,0xF7,0x9B,0xF7,0x9B,0xF7,0x9B,0xF7,0x9B,0xF7,0x9B,0xF7,
    0x9B,0xF7,0x9B,0xF7,0x9B,0xF7,0x9B,0xF7,0x9B,0xF7,0x9B,0xF7,0x9B,0xF7,0x9B,0xF7,
    0x9B,0xF7,0x9B,0xF7,0x9B,0xF7,0x9B,0xF7,0x9B,0xF7,0x9B,0xF7,0x9B,0xF7,0x9B,0xF7,
    0x9B,0xF7,0x9B,0xF7,0x9B,0xF7,0x9B,0xF7,0x9B,0xF7,0x9B,0xF7,0x9B,0xF7,0x9B,0xF7,
    0x9B,0xF7,0x9B,0xF7,0x9B,0xF7,0x9B,0xF7,0x9B,0xF7,0x9B,0xF7,0x9B,0xF7,0x7A,0xEF,
    0xDE,0xFF,0x9C,0xF7,0x39,0xE7,0xFD,0xFF,0x9A,0xF7,0x9B,0xF7,0xBC,0xFF,0xBC,0xFF,
    0x9C,0xFF,0xBC,0xFF,0x9C,0xFF,0xBC,0xFF,0xBC,0xFF,0xBC,0xFF,0xBC,0xFF,0xBC,0xFF,
    0xBC,0xFF,0xDD,0xFF,0xDE,0xFF,0xBC,0xFF,0xBC,0xF7,0x9C,0xF7,0x9C,0xFF,0xBC,0xFF,
    0xBC,0xFF,0xBC,0xFF,0xBC,0xFF,0xBC,0xFF,0xBC,0xFF,0xBC,0xFF,0xBC,0xFF,0xBC,0xFF,
    0xBC,0xFF,0xBC,0xFF,0xBC,0xFF,0xBC,0xFF,0xBC,0xFF,0xBC,0xF7,0xBC,0xF7,0xBC,0xF7,
    0xBC,0xF7,0xBC,0xF7,0xBC,0xF7,0xBC,0xF7,0xBC,0xF7,0xBC,0xF7,0xBC,0xF7,0xBC,0xF7,
    0xBC,0xF7,0xBC,0xF7,0xBC,0xF7,0xBC,0xF7,0xBC,0xF7,0xBC,0xF7,0xBC,0xF7,0xBC,0xF7,
    0xBC,0xF7,0xBC,0xF7,0xBC,0xF7,0xBC,0xF7,0xBC,0xF7,0xBC,0xF7,0x9C,0xF7,0x9C,0xF7,
    0x9C,0xF7,0x9C,0xF7,0x9C,0xF7,0x9C,0xF7,0x9C,0xF7,0x9C,0xF7,0x9C,0xF7,0x9C,0xF7,
    0x9C,0xF7,0x9C,0xF7,0x9C,0xF7,0x9C,0xF7,0x9C,0xF7,0x9C,0xF7,0x9C,0xF7,0x9C,0xF7,
    0x9C,0xF7,0x9C,0xF7,0x9C,0xF7,0x9C,0xF7,0x9C,0xF7,0x9C,0xF7,0x9C,0xF7,0x9C,0xF7,
    0x9C,0xF7,0x9C,0xF7,0x9C,0xF7,0x9C,0xF7,0x9C,0xF7,0x9C,0xF7,0x9C,0xF7,0x9C,0xF7,
    0x9C,0xF7,0x9C,0xF7,0x9C,0xF7,0x9C,0xF7,0x9C,0xF7,0x9C,0xF7,0x9C,0xF7,0x9C,0xF7,
    0x9C,0xF7,0x9C,0xF7,0x9C,0xF7,0x9C,0xF7,0x9C,0xF7,0x9C,0xF7,0x9C,0xF7,0x9C,0xF7,
    0x9C,0xF7,0x9C,0xF7,0x9C,0xF7,0x9C,0xF7,0x9C,0xF7,0x9C,0xF7,0x9C,0xF7,0x9C,0xF7,
    0x9C,0xF7,0x9C,0xF7,0x9C,0xF7,0x9C,0xF7,0x9C,0xF7,0x9C,0xF7,0x9C,0xF7,0x9C,0xF7,
    0x9C,0xF7,0x9C,0xF7,0x9C,0xF7,0x9C,0xF7,0x9C,0xF7,0x9C,0xF7,0x9C,0xF7,0x9C,0xF7,
    0x9C,0xF7,0x9C,0xF7,0x9C,0xF7,0x9C,0xF7,0x9C,0xF7,0x9C,0xF7,0x9C,0xF7,0x9C,0xF7,
    0x9C,0xF7,0x9C,0xF7,0x9C,0xF7,0x9C,0xF7,0x9C,0xF7,0x9C,0xF7,0x9C,0xF7,0x9C,0xF7,
    0x9C,0xF7,0x9C,0xF7,0x9C,0xF7,0x9B,0xF7,0x9B,0xF7,0x9B,0xF7,0x9B,0xF7,0x9B,0xF7,
    0x9B,0xF7,0x9B,0xF7,0x9B,0xF7,0x9B,0xF7,0x9B,0xF7,0x9B,0xF7,0x9B,0xF7,0x9B,0xF7,
    0x9B,0xF7,0x9B,0xF7,0x9B,0xF7,0x9B,0xF7,0x9B,0xF7,0x9B,0xF7,0x9B,0xF7,0x9B,0xF7,
    0x9B,0xF7,0x7B,0xF7,0x9B,0xF7,0x7B,0xF7,0x7A,0xEF,0xFE,0xFF,0x9C,0xF7,0x39,0xE7,
    0xFD,0xFF,0xBB,0xFF,0x9B,0xF7,0x9C,0xF7,0x9B,0xF7,0x9C,0xF7,0xBC,0xFF,0xBC,0xFF,
    0xBC,0xFF,0x9C,0xF7,0xBC,0xFF,0xBC,0xFF,0xBC,0xFF,0xBD,0xFF,0xDE,0xFF,0xFF,0xFF,
    0xDE,0xFF,0xBC,0xFF,0xBC,0xFF,0xBC,0xFF,0xBC,0xF7,0xBC,0xF7,0xBC,0xF7,0xBC,0xF7,
    0xBC,0xF7,0xBC,0xF7,0xBC,0xF7,0xBC,0xF7,0xBC,0xF7,0xBC,0xF7,0xBC,0xF7,0xBC,0xF7,
    0xBC,0xF7,0xBC,0xF7,0xBC,0xF7,0xBC,0xF7,0xBC,0xF7,0xBC,0xF7,0xBC,0xF7,0xBC,0xF7,
    0xBC,0xF7,0xBC,0xF7,0xBC,0xF7,0xBC,0xF7,0xBC,0xF7,0xBC,0xF7,0xBC,0xF7,0xBC,0xF7,
    0xBC,0xF7,0xBC,0xF7,0xBC,0xF7,0xBC,0xF7,0xBC,0xF7,0xBC,0xF7,0xBC,0xF7,0xBC,0xF7,
    0xBC,0xF7,0xBC,0xF7,0xBC,0xF7,0xBC,0xF7,0xBC,0xF7,0xBC,0xF7,0xBC,0xF7,0xBC,0xF7,
    0xBC,0xF7,0xBC,0xF7,0xBC,0xF7,0xBC,0xF7,0xBC,0xF7,0xBC,0xF7,0xBC,0xF7,0xBC,0xF7,
    0xBC,0xF7,0xBC,0xF7,0xBC,0xF7,0xBC,0xF7,0xBC,0xF7,0xBC,0xF7,0xBC,0xF7,0xBC,0xF7,
    0xBC,0xF7,0xBC,0xF7,0xBC,0xF7,0xBC,0xF7,0xBC,0xF7,0xBC,0xF7,0xBC,0xF7,0xBC,0xF7,
    0xBC,0xF7,0xBC,0xF7,0xBC,0xF7,0xBC,0xF7,0xBC,0xF7,0xBC,0xF7,0xBC,0xF7,0xBC,0xF7,
    0x9C,0xF7,0x9C,0xF7,0x9C,0xF7,0x9C,0xF7,0x9C,0xF7,0x9C,0xF7,0x9C,0xF7,0x9C,0xF7,
    0x9C,0xF7,0x9C,0xF7,0x9C,0xF7,0x9C,0xF7,0x9C,0xF7,0x9C,0xF7,0x9C,0xF7,0x9C,0xF7,
    0x9C,0xF7,0x9C,0xF7,0x9C,0xF7,0x9C,0xF7,0x9C,0xF7,0x9C,0xF7,0x9C,0xF7,0x9C,0xF7,
    0x9C,0xF7,0x9C,0xF7,0x9C,0xF7,0x9C,0xF7,0x9C,0xF7,0x9C,0xF7,0x9C,0xF7,0x9C,0xF7,
    0x9C,0xF7,0x9C,0xF7,0x9C,0xF7,0x9C,0xF7,0x9C,0xF7,0x9C,0xF7,0x9C,0xF7,0x9C,0xF7,
    0x9C,0xF7,0x9C,0xF7,0x9C,0xF7,0x9C,0xF7,0x9C,0xF7,0x9C,0xF7,0x9C,0xF7,0x9C,0xF7,
    0x9C,0xF7,0x9C,0xF7,0x9C,0xF7,0x9C,0xF7,0x9C,0xF7,0x9C,0xF7,0x9C,0xF7,0x9C,0xF7,
    0x9C,0xF7,0x9C,0xF7,0x9C,0xF7,0x9C,0xF7,0x9C,0xF7,0x9C,0xF7,0x9C,0xF7,0x9C,0xF7,
    0x9C,0xF7,0x9C,0xF7,0x9C,0xF7,0x9C,0xF7,0x9C,0xF7,0x9C,0xF7,0x9C,0xF7,0x9C,0xF7,
    0x9C,0xF7,0x9C,0xF7,0x9C,0xF7,0x9B,0xF7,0x9B,0xF7,0x7B,0xF7,0x7B,0xF7,0x9B,0xF7,
    0x9B,0xF7,0x7A,0xEF,0xFE,0xFF,0x9C,0xF7,0x39,0xE7,0xFD,0xFF,0x9A,0xF7,0x9B,0xF7,
    0xBC,0xFF,0xBC,0xFF,0x9C,0xF7,0x9B,0xF7,0xBC,0xF7,0xBC,0xFF,0xBC,0xFF,0xBC,0xFF,
    0xBC,0xFF,0xBC,0xFF,0xDD,0xFF,0xFF,0xFF,0xFF,0xFF,0xFF,0xFF,0xDD,0xFF,0xBC,0xFF,
    0x9C,0xF7,0xBC,0xFF,0xBC,0xFF,0xBC,0xFF,0xBC,0xFF,0xBC,0xFF,0xBC,0xFF,0xBC,0xFF,
    0xBC,0xFF,0xBC,0xFF,0xBC,0xFF,0xBC,0xFF,0xBC,0xFF,0xBC,0xFF,0xBC,0xFF,0xBC,0xF7,
    0xBC,0xF7,0xBC,0xF7,0xBC,0xF7,0xBC,0xF7,0xBC,0xF7,0xBC,0xF7,0xBC,0xF7,0xBC,0xF7,
    0xBC,0xF7,0xBC,0xF7,0xBC,0xF7,0xBC,0xF7,0xBC,0xF7,0xBC,0xF7,0xBC,0xF7,0xBC,0xF7,
    0xBC,0xF7,0xBC,0xF7,0xBC,0xF7,0xBC,0xF7,0xBC,0xF7,0xBC,0xF7,0xBC,0xF7,0xBC,0xF7,
    0xBC,0xF7,0xBC,0xF7,0xBC,0xF7,0xBC,0xF7,0xBC,0xF7,0xBC,0xF7,0xBC,0xF7,0xBC,0xF7,
    0xBC,0xF7,0xBC,0xF7,0xBC,0xF7,0xBC,0xF7,0xBC,0xF7,0xBC,0xF7,0xBC,0xF7,0xBC,0xF7,
    0xBC,0xF7,0xBC,0xF7,0x9C,0xF7,0x9C,0xF7,0x9C,0xF7,0x9C,0xF7,0x9C,0xF7,0x9C,0xF7,
    0x9C,0xF7,0x9C,0xF7,0x9C,0xF7,0x9C,0xF7,0x9C,0xF7,0x9C,0xF7,0x9C,0xF7,0x9C,0xF7,
    0x9C,0xF7,0x9C,0xF7,0x9C,0xF7,0x9C,0xF7,0x9C,0xF7,0x9C,0xF7,0x9C,0xF7,0x9C,0xF7,
    0x9C,0xF7,0x9C,0xF7,0x9C,0xF7,0x9C,0xF7,0x9C,0xF7,0x9C,0xF7,0x9C,0xF7,0x9C,0xF7,
    0x9C,0xF7,0x9C,0xF7,0x9C,0xF7,0x9C,0xF7,0x9C,0xF7,0x9C,0xF7,0x9C,0xF7,0x9C,0xF7,
    0x9C,0xF7,0x9C,0xF7,0x9C,0xF7,0x9C,0xF7,0x9C,0xF7,0x9C,0xF7,0x9C,0xF7,0x9C,0xF7,
    0x9C,0xF7,0x9C,0xF7,0x9C,0xF7,0x9B,0xF7,0x9B,0xF7,0x9B,0xF7,0x9B,0xF7,0x9B,0xF7,
    0x9B,0xF7,0x9B,0xF7,0x9B,0xF7,0x9B,0xF7,0x9B,0xF7,0x9B,0xF7,0x9B,0xF7,0x9B,0xF7,
    0x9B,0xF7,0x9B,0xF7,0x9B,0xF7,0x9B,0xF7,0x9B,0xF7,0x9B,0xF7,0x9B,0xF7,0x9B,0xF7,
    0x9B,0xF7,0x9B,0xF7,0x9B,0xF7,0x9B,0xF7,0x9B,0xF7,0x9B,0xF7,0x9B,0xF7,0x9B,0xF7,
    0x9B,0xF7,0x9B,0xF7,0x9B,0xF7,0x9B,0xF7,0x9B,0xF7,0x9B,0xF7,0x9B,0xF7,0x9B,0xF7,
    0x9B,0xF7,0x9B,0xF7,0x9B,0xF7,0x9B,0xF7,0x9B,0xF7,0x9B,0xF7,0x9B,0xF7,0x9B,0xF7,
    0x9B,0xF7,0x9B,0xF7,0x9B,0xF7,0x9B,0xF7,0x9B,0xF7,0x9B,0xF7,0x7A,0xEF,0xDE,0xFF,
    0x9C,0xF7,0x18,0xE7,0xFE,0xFF,0xBB,0xFF,0x9B,0xF7,0x9B,0xF7,0x9B,0xF7,0x9C,0xF7,
    0xBC,0xFF,0xBC,0xFF,0x9C,0xFF,0xBC,0xFF,0xBC,0xFF,0xBC,0xFF,0xBC,0xFF,0xBC,0xFF,
    0xDD,0xFF,0xFF,0xFF,0xBD,0xFF,0xBC,0xFF,0x9C,0xF7,0x9C,0xF7,0xBC,0xF7,0x9C,0xF7,
    0x9C,0xF7,0x9C,0xF7,0x9C,0xF7,0x9C,0xF7,0x9C,0xF7,0x9C,0xF7,0x9C,0xF7,0x9C,0xF7,
    0x9C,0xF7,0x9C,0xF7,0x9C,0xF7,0x9C,0xF7,0x9C,0xF7,0x9C,0xF7,0x9C,0xF7,0x9C,0xF7,
    0x9C,0xF7,0x9C,0xF7,0x9C,0xF7,0x9C,0xF7,0x9C,0xF7,0x9C,0xF7,0x9C,0xF7,0x9C,0xF7,
    0x9C,0xF7,0x9C,0xF7,0x9C,0xF7,0x9C,0xF7,0x9C,0xF7,0x9C,0xF7,0x9C,0xF7,0x9C,0xF7,
    0x9C,0xF7,0x9C,0xF7,0x9C,0xF7,0x9C,0xF7,0x9C,0xF7,0x9C,0xF7,0x9C,0xF7,0x9C,0xF7,
    0x9C,0xF7,0x9C,0xF7,0x9C,0xF7,0x9C,0xF7,0x9C,0xF7,0x9C,0xF7,0x9C,0xF7,0x9C,0xF7,
    0x9C,0xF7,0x9C,0xF7,0x9C,0xF7,0x9C,0xF7,0x9C,0xF7,0x9C,0xF7,0x9C,0xF7,0x9B,0xF7,
    0x9B,0xF7,0x9B,0xF7,0x9B,0xF7,0x9B,0xF7,0x9B,0xF7,0x9B,0xF7,0x9B,0xF7,0x9B,0xF7,
    0x9B,0xF7,0x9B,0xF7,0x9B,0xF7,0x9B,0xF7,0x9B,0xF7,0x9B,0xF7,0x9B,0xF7,0x9B,0xF7,
    0x9B,0xF7,0x9B,0xF7,0x9B,0xF7,0x9B,0xF7,0x9B,0xF7,0x9B,0xF7,0x9B,0xF7,0x9B,0xF7,
    0x9B,0xF7,0x9B,0xF7,0x9B,0xF7,0x9B,0xF7,0x9B,0xF7,0x9B,0xF7,0x9B,0xF7,0x9B,0xF7,
    0x9B,0xF7,0x9B,0xF7,0x9B,0xF7,0x9B,0xF7,0x9B,0xF7,0x9B,0xF7,0x9B,0xF7,0x9B,0xF7,
    0x9B,0xF7,0x9B,0xF7,0x9B,0xF7,0x9B,0xF7,0x9B,0xF7,0x9B,0xF7,0x9B,0xF7,0x9B,0xF7,
    0x9B,0xF7,0x9B,0xF7,0x9B,0xF7,0x9B,0xF7,0x9B,0xF7,0x9B,0xF7,0x9B,0xF7,0x9B,0xF7,
    0x9B,0xF7,0x9B,0xF7,0x9B,0xF7,0x9B,0xF7,0x9B,0xF7,0x9B,0xF7,0x9B,0xF7,0x9B,0xF7,
    0x9B,0xF7,0x9B,0xF7,0x9B,0xF7,0x9B,0xF7,0x9B,0xF7,0x9B,0xF7,0x9B,0xF7,0x9B,0xF7,
    0x9B,0xF7,0x9B,0xF7,0x9B,0xF7,0x9B,0xF7,0x9B,0xF7,0x9B,0xF7,0x9B,0xF7,0x9B,0xF7,
    0x9B,0xF7,0x9B,0xF7,0x9B,0xF7,0x9B,0xF7,0x9B,0xF7,0x9B,0xF7,0x9B,0xF7,0x9B,0xF7,
    0x9B,0xF7,0x9B,0xF7,0x9B,0xF7,0x9B,0xF7,0x9B,0xF7,0x9B,0xF7,0x9B,0xF7,0x9B,0xF7,
    0x9B,0xF7,0x7B,0xEF,0x7B,0xEF,0x79,0xEF,0xFE,0xFF,0x9C,0xF7,0x38,0xE7,0xFD,0xFF,
    0x9B,0xFF,0x9C,0xF7,0xBC,0xF7,0x9C,0xF7,0x9B,0xF7,0x9B,0xF7,0xBC,0xF7,0xBC,0xFF,
    0xBC,0xFF,0xBC,0xFF,0xBC,0xFF,0xBC,0xFF,0xBC,0xFF,0xBC,0xFF,0xDD,0xFF,0xBC,0xFF,
    0xBC,0xFF,0xBC,0xFF,0x9C,0xF7,0x9C,0xF7,0x9C,0xF7,0x9B,0xF7,0x9B,0xF7,0x9C,0xF7,
    0x9B,0xF7,0x9C,0xF7,0xBC,0xF7,0xBC,0xF7,0xBC,0xFF,0xBC,0xFF,0xBC,0xFF,0xBC,0xFF,
    0xBC,0xFF,0xDD,0xFF,0xDD,0xFF,0xDD,0xFF,0xDD,0xFF,0xDD,0xFF,0xDD,0xFF,0xDD,0xFF,
    0xDD,0xFF,0xDD,0xFF,0xDD,0xFF,0xDD,0xFF,0xDD,0xFF,0xDD,0xFF,0xDD,0xFF,0xDD,0xFF,
    0xDD,0xFF,0xDD,0xFF,0xDD,0xFF,0xDD,0xFF,0xDD,0xFF,0xDD,0xFF,0xDD,0xFF,0xDD,0xFF,
    0xDD,0xFF,0xDD,0xFF,0xDD,0xFF,0xDD,0xFF,0xDD,0xFF,0xDD,0xFF,0xDD,0xFF,0xDD,0xFF,
    0xDD,0xFF,0xDD,0xFF,0xDD,0xFF,0xDD,0xFF,0xDD,0xFF,0xDD,0xFF,0xDD,0xFF,0xDD,0xFF,
    0xDD,0xFF,0xDD,0xFF,0xDD,0xFF,0xDD,0xFF,0xDD,0xFF,0xDD,0xFF,0xDD,0xFF,0xDD,0xFF,
    0xDD,0xFF,0xDD,0xFF,0xDD,0xFF,0xDE,0xFF,0xDE,0xFF,0xDE,0xFF,0xDE,0xFF,0xDE,0xFF,
    0xDD,0xFF,0xDD,0xFF,0xDD,0xFF,0xDE,0xFF,0xDD,0xFF,0xDD,0xFF,0xDE,0xFF,0xDE,0xFF,
    0xDE,0xFF,0xDE,0xFF,0xDE,0xFF,0xDE,0xFF,0xDE,0xFF,0xDD,0xFF,0xDD,0xFF,0xDE,0xFF,
    0xDE,0xFF,0xDE,0xFF,0xDE,0xFF,0xDE,0xFF,0xDE,0xFF,0xDE,0xFF,0xDE,0xFF,0xDE,0xFF,
    0xDE,0xFF,0xDE,0xFF,0xDD,0xFF,0xDD,0xFF,0xDD,0xFF,0xDD,0xFF,0xDD,0xFF,0xDD,0xFF,
    0xDD,0xFF,0xDD,0xFF,0xDD,0xFF,0xDD,0xFF,0xDD,0xFF,0xDD,0xFF,0xDD,0xFF,0xDD,0xFF,
    0xDD,0xFF,0xDD,0xFF,0xDD,0xFF,0xDD,0xFF,0xDD,0xFF,0xDD,0xFF,0xDD,0xFF,0xDD,0xFF,
    0xDD,0xFF,0xBD,0xFF,0xBD,0xFF,0xBD,0xFF,0xBD,0xFF,0xDD,0xFF,0xBD,0xFF,0xBD,0xFF,
    0xBD,0xFF,0xBD,0xFF,0xBD,0xFF,0xBD,0xFF,0xBD,0xFF,0xBD,0xF7,0xBD,0xFF,0xBD,0xF7,
    0xBD,0xF7,0xBD,0xF7,0xBD,0xF7,0xBD,0xF7,0xBD,0xF7,0xBC,0xF7,0xBC,0xF7,0xBC,0xF7,
    0xBC,0xF7,0xBC,0xF7,0xBC,0xF7,0xBC,0xF7,0x9C,0xF7,0x9C,0xF7,0x9B,0xF7,0x9B,0xF7,
    0x9C,0xF7,0x9C,0xF7,0x9C,0xF7,0x9B,0xF7,0x9B,0xF7,0x7B,0xF7,0x7A,0xEF,0x7A,0xEF,
    0x7A,0xEF,0xFE,0xFF,0x9C,0xF7,0x18,0xE7,0xFD,0xFF,0x9A,0xF7,0x7B,0xF7,0x9B,0xF7,
    0xBC,0xF7,0xBC,0xFF,0xBC,0xFF,0xBC,0xFF,0x9C,0xFF,0xBC,0xFF,0xBC,0xFF,0xBC,0xFF,
    0xBC,0xFF,0xBC,0xFF,0xBC,0xFF,0xBC,0xFF,0xBC,0xFF,0xBC,0xFF,0xBC,0xFF,0xBC,0xFF,
    0x9C,0xF7,0x9B,0xF7,0x9B,0xF7,0x9B,0xF7,0x9C,0xF7,0x9C,0xF7,0x9C,0xF7,0xBC,0xF7,
    0xBC,0xFF,0x9C,0xFF,0xBC,0xFF,0xBC,0xFF,0xBC,0xFF,0xBC,0xFF,0xBC,0xFF,0xBD,0xFF,
    0xDD,0xFF,0xDD,0xFF,0xDD,0xFF,0xDD,0xFF,0xDD,0xFF,0xDD,0xFF,0xDD,0xFF,0xDD,0xFF,
    0xDD,0xFF,0xDD,0xFF,0xDD,0xFF,0xDD,0xFF,0xDD,0xFF,0xDD,0xFF,0xDD,0xFF,0xDD,0xFF,
    0xDD,0xFF,0xDD,0xFF,0xDD,0xFF,0xDD,0xFF,0xDD,0xFF,0xDD,0xFF,0xDD,0xFF,0xDD,0xFF,
    0xDD,0xFF,0xDD,0xFF,0xDD,0xFF,0xDD,0xFF,0xDD,0xFF,0xDD,0xFF,0xDD,0xFF,0xDD,0xFF,
    0xDD,0xFF,0xDD,0xFF,0xDD,0xFF,0xDD,0xFF,0xDD,0xFF,0xDD,0xFF,0xDD,0xFF,0xDD,0xFF,
    0xDD,0xFF,0xDD,0xFF,0xDD,0xFF,0xDD,0xFF,0xDD,0xFF,0xDD,0xFF,0xDD,0xFF,0xDD,0xFF,
    0xDD,0xFF,0xDD,0xFF,0xDE,0xFF,0xDE,0xFF,0xDE,0xFF,0xDD,0xFF,0xDE,0xFF,0xDE,0xFF,
    0xDE,0xFF,0xDE,0xFF,0xDE,0xFF,0xDE,0xFF,0xDE,0xFF,0xDE,0xFF,0xDE,0xFF,0xDE,0xFF,
    0xDE,0xFF,0xDE,0xFF,0xDE,0xFF,0xDE,0xFF,0xDE,0xFF,0xDE,0xFF,0xDE,0xFF,0xDE,0xFF,
    0xFE,0xFF,0xFE,0xFF,0xDE,0xFF,0xDE,0xFF,0xDE,0xFF,0xDE,0xFF,0xDE,0xFF,0xDE,0xFF,
    0xDD,0xFF,0xDD,0xFF,0xDD,0xFF,0xDD,0xFF,0xDD,0xFF,0xDD,0xFF,0xDD,0xFF,0xDD,0xFF,
    0xDD,0xFF,0xDD,0xFF,0xDD,0xFF,0xDD,0xFF,0xDD,0xFF,0xDD,0xFF,0xDD,0xFF,0xDD,0xFF,
    0xDE,0xFF,0xDE,0xFF,0xDE,0xFF,0xDD,0xFF,0xDD,0xFF,0xDD,0xFF,0xBD,0xFF,0xBD,0xFF,
    0xBD,0xFF,0xDD,0xFF,0xBD,0xFF,0xBD,0xFF,0xBD,0xFF,0xBD,0xFF,0xBD,0xF7,0xBD,0xFF,
    0xBD,0xFF,0xBD,0xF7,0xBD,0xF7,0xBD,0xF7,0xBD,0xF7,0xBD,0xF7,0xBD,0xF7,0xBD,0xF7,
    0xBC,0xF7,0xBC,0xF7,0xBC,0xF7,0xBC,0xF7,0xBC,0xF7,0xBC,0xF7,0xBC,0xF7,0xBC,0xF7,
    0x9C,0xF7,0x9C,0xF7,0x9C,0xF7,0x9C,0xF7,0x9C,0xF7,0x9C,0xF7,0x9B,0xF7,0x9B,0xF7,
    0x9B,0xF7,0x9B,0xF7,0x9B,0xF7,0x9B,0xF7,0x9B,0xF7,0x7A,0xEF,0xDE,0xFF,0x9C,0xF7,
    0x18,0xE7,0xFD,0xFF,0x9A,0xF7,0x9B,0xF7,0xBC,0xFF,0xBC,0xF7,0xBC,0xF7,0x9C,0xFF,
    0xBC,0xFF,0xBC,0xFF,0xBC,0xFF,0xBC,0xFF,0xBC,0xFF,0xBC,0xFF,0xBC,0xFF,0xBC,0xFF,
    0xBC,0xFF,0xBC,0xFF,0xBC,0xFF,0xBC,0xFF,0xBC,0xFF,0xBD,0xFF,0xBC,0xFF,0x9C,0xF7,
    0x9C,0xF7,0x9C,0xFF,0x9C,0xF7,0x9C,0xF7,0x9C,0xF7,0x9C,0xF7,0xBC,0xFF,0xBC,0xFF,
    0xBC,0xFF,0xBC,0xFF,0xBC,0xFF,0xBC,0xFF,0xBC,0xFF,0xBD,0xFF,0xDD,0xFF,0xDD,0xFF,
    0xDD,0xFF,0xDD,0xFF,0xDD,0xFF,0xDD,0xFF,0xDD,0xFF,0xDD,0xFF,0xDD,0xFF,0xDD,0xFF,
    0xDD,0xFF,0xDD,0xFF,0xDD,0xFF,0xDD,0xFF,0xDD,0xFF,0xDD,0xFF,0xDD,0xFF,0xDD,0xFF,
    0xDD,0xFF,0xDD,0xFF,0xDD,0xFF,0xDD,0xFF,0xDD,0xFF,0xDD,0xFF,0xDD,0xFF,0xDD,0xFF,
    0xDC,0xFF,0xBC,0xFF,0xBC,0xFF,0xBC,0xFF,0xBC,0xFF,0xBC,0xFF,0xBC,0xFF,0xBC,0xFF,
    0xBC,0xFF,0xBC,0xFF,0xBC,0xFF,0xBC,0xFF,0xBC,0xFF,0xBC,0xFF,0xBC,0xFF,0xBC,0xFF,
    0xBC,0xFF,0xBC,0xFF,0xBC,0xFF,0xBC,0xFF,0xBC,0xFF,0xBC,0xFF,0xBC,0xFF,0xBC,0xFF,
    0xBC,0xFF,0xBC,0xFF,0xBC,0xFF,0xBC,0xFF,0xBC,0xFF,0xBC,0xFF,0xBC,0xFF,0xBC,0xFF,
    0xBC,0xFF,0xBC,0xFF,0xBC,0xFF,0xBC,0xF7,0xBC,0xF7,0xBC,0xF7,0xBC,0xF7,0xBC,0xF7,
    0xBC,0xF7,0xBC,0xF7,0xBC,0xF7,0xBC,0xF7,0xBC,0xF7,0xBC,0xF7,0xBC,0xF7,0xBC,0xF7,
    0xBC,0xF7,0xBC,0xF7,0xBC,0xF7,0xBC,0xF7,0xBC,0xF7,0xBC,0xF7,0xBC,0xF7,0xBC,0xF7,
    0xBC,0xF7,0xBC,0xF7,0xBC,0xF7,0xBC,0xF7,0xBC,0xF7,0xBC,0xF7,0xBC,0xF7,0xBC,0xF7,
    0xBC,0xF7,0xBC,0xF7,0xBC,0xF7,0x9C,0xF7,0x9C,0xF7,0x9C,0xF7,0x9C,0xF7,0x9C,0xF7,
    0x9C,0xF7,0x9C,0xF7,0x9C,0xF7,0x9B,0xF7,0x9B,0xF7,0x9B,0xF7,0x9B,0xF7,0x9B,0xF7,
    0x9B,0xF7,0x9B,0xF7,0x9B,0xF7,0x9B,0xF7,0x9B,0xF7,0x9B,0xF7,0x9B,0xF7,0x9B,0xF7,
    0x9B,0xF7,0x9B,0xF7,0x9B,0xF7,0x9B,0xF7,0x9B,0xF7,0x9B,0xF7,0x9B,0xF7,0x9B,0xF7,
    0x9B,0xF7,0x9B,0xF7,0x9B,0xF7,0x9B,0xF7,0x9B,0xF7,0x9B,0xF7,0x9B,0xF7,0x9B,0xF7,
    0x9B,0xF7,0x9B,0xF7,0x9B,0xF7,0x9B,0xF7,0x9B,0xF7,0x9B,0xF7,0x9B,0xF7,0x9B,0xF7,
    0x9B,0xF7,0x9B,0xF7,0x79,0xEF,0xDE,0xFF,0x9C,0xF7,0x18,0xE7,0xFD,0xFF,0x9A,0xF7,
    0x7A,0xF7,0x9C,0xFF,0xBC,0xFF,0xBC,0xFF,0xBC,0xFF,0xBC,0xFF,0xBC,0xFF,0xBC,0xFF,
    0xBC,0xFF,0xBC,0xFF,0xBC,0xFF,0xBC,0xFF,0xBC,0xFF,0xBC,0xFF,0xBC,0xFF,0xBC,0xFF,
    0xBC,0xFF,0xBC,0xFF,0xBD,0xFF,0xBD,0xFF,0xBC,0xFF,0x9C,0xFF,0xBC,0xFF,0xBC,0xFF,
    0x9C,0xF7,0x9C,0xF7,0x9C,0xF7,0xBC,0xFF,0xBC,0xFF,0xBC,0xFF,0xBC,0xFF,0xBC,0xFF,
    0xBC,0xFF,0xBC,0xFF,0xBC,0xFF,0xBC,0xFF,0xBD,0xFF,0xDD,0xFF,0xDD,0xFF,0xDD,0xFF,
    0xDD,0xFF,0xDD,0xFF,0xDD,0xFF,0xDD,0xFF,0xDD,0xFF,0xDD,0xFF,0xDD,0xFF,0xDD,0xFF,
    0xBD,0xFF,0xBD,0xFF,0xBD,0xFF,0xBD,0xFF,0xBD,0xFF,0xBD,0xFF,0xBD,0xFF,0xBD,0xFF,
    0xBD,0xFF,0xBD,0xFF,0xBD,0xFF,0xBD,0xFF,0xBD,0xFF,0xBD,0xFF,0xBD,0xFF,0xBD,0xFF,
    0xBD,0xFF,0xBD,0xFF,0xBD,0xFF,0xBD,0xFF,0xBD,0xFF,0xBD,0xFF,0xBD,0xFF,0xBD,0xFF,
    0xBD,0xFF,0xBD,0xFF,0xBD,0xFF,0xBD,0xFF,0xBD,0xFF,0xBD,0xFF,0xBD,0xFF,0xBC,0xFF,
    0xBC,0xFF,0xBC,0xFF,0xBC,0xFF,0xBC,0xFF,0xBC,0xFF,0xBC,0xFF,0xBC,0xFF,0xBC,0xFF,
    0xBC,0xFF,0xBC,0xFF,0xBC,0xFF,0xBC,0xFF,0xBC,0xFF,0xBC,0xFF,0xBC,0xFF,0xBC,0xFF,
    0xBC,0xFF,0xBC,0xFF,0xBC,0xFF,0xBC,0xFF,0xBC,0xFF,0xBC,0xFF,0xBC,0xFF,0xBC,0xF7,
    0xBC,0xF7,0xBC,0xF7,0xBC,0xF7,0xBC,0xF7,0xBC,0xF7,0xBC,0xF7,0xBC,0xF7,0xBC,0xF7,
    0xBC,0xF7,0xBC,0xF7,0xBC,0xF7,0xBC,0xF7,0xBC,0xF7,0xBC,0xF7,0xBC,0xF7,0xBC,0xF7,
    0xBC,0xF7,0xBC,0xF7,0xBC,0xF7,0xBC,0xF7,0xBC,0xF7,0xBC,0xF7,0xBC,0xF7,0xBC,0xF7,
    0xBC,0xF7,0xBC,0xF7,0xBC,0xF7,0xBC,0xF7,0xBC,0xF7,0xBC,0xF7,0xBC,0xF7,0xBC,0xF7,
    0x9C,0xF7,0x9C,0xF7,0x9C,0xF7,0x9C,0xF7,0x9C,0xF7,0x9C,0xF7,0x9C,0xF7,0x9C,0xF7,
    0x9C,0xF7,0x9C,0xF7,0x9C,0xF7,0x9C,0xF7,0x9C,0xF7,0x9C,0xF7,0x9C,0xF7,0x9C,0xF7,
    0x9C,0xF7,0x9C,0xF7,0x9C,0xF7,0x9C,0xF7,0x9C,0xF7,0x9C,0xF7,0x9C,0xF7,0x9C,0xF7,
    0x9C,0xF7,0x9C,0xF7,0x9C,0xF7,0x9C,0xF7,0x9C,0xF7,0x9C,0xF7,0x9C,0xF7,0x9C,0xF7,
    0x9C,0xF7,0x9C,0xF7,0x9B,0xF7,0x9B,0xF7,0x7B,0xF7,0x7B,0xEF,0x9B,0xF7,0x9B,0xEF,
    0xFF,0xFF,0x9C,0xF7,0x18,0xE7,0xFD,0xFF,0xBB,0xFF,0x9B,0xF7,0x9B,0xF7,0x9B,0xF7,
    0x9B,0xF7,0xBC,0xF7,0xBC,0xFF,0xBC,0xFF,0xBC,0xFF,0xBC,0xFF,0xBC,0xFF,0xBC,0xFF,
    0xBC,0xFF,0xBC,0xFF,0xBC,0xFF,0xBC,0xFF,0xBC,0xFF,0xBC,0xFF,0xBC,0xFF,0xBC,0xFF,
    0xBC,0xFF,0xBD,0xFF,0xBD,0xFF,0xBC,0xFF,0xBC,0xFF,0xBC,0xFF,0x9C,0xFF,0xBC,0xF7,
    0xBC,0xFF,0xBC,0xFF,0xBC,0xFF,0xBC,0xFF,0xBC,0xFF,0xBC,0xFF,0xBC,0xFF,0xBC,0xFF,
    0xBC,0xFF,0xBD,0xFF,0xDD,0xFF,0xDD,0xFF,0xDD,0xFF,0xDD,0xFF,0xDD,0xFF,0xDD,0xFF,
    0xDD,0xFF,0xDD,0xFF,0xDD,0xFF,0xDD,0xFF,0xDD,0xFF,0xBD,0xFF,0xBD,0xFF,0xBD,0xFF,
    0xBD,0xFF,0xBD,0xFF,0xBD,0xFF,0xBD,0xFF,0xBD,0xFF,0xBD,0xFF,0xBD,0xFF,0xBD,0xFF,
    0xBD,0xFF,0xBD,0xFF,0xBD,0xFF,0xBD,0xFF,0xBD,0xFF,0xBD,0xFF,0xBD,0xFF,0xBD,0xFF,
    0xBD,0xFF,0xBD,0xFF,0xBD,0xFF,0xBC,0xFF,0xBC,0xFF,0xBC,0xFF,0xBC,0xFF,0xBC,0xFF,
    0xBC,0xFF,0xBC,0xFF,0xBC,0xFF,0xBC,0xFF,0xBC,0xFF,0xBC,0xFF,0xBC,0xFF,0xBC,0xFF,
    0xBC,0xFF,0xBC,0xFF,0xBC,0xFF,0xBC,0xFF,0xBC,0xFF,0xBC,0xFF,0xBC,0xFF,0xBC,0xFF,
    0xBC,0xFF,0xBC,0xFF,0xBC,0xFF,0xBC,0xFF,0xBC,0xFF,0xBC,0xFF,0xBC,0xFF,0xBC,0xFF,
    0xBC,0xFF,0xBC,0xFF,0xBC,0xFF,0xBC,0xFF,0xBC,0xF7,0xBC,0xF7,0xBC,0xF7,0xBC,0xF7,
    0xBC,0xF7,0xBC,0xF7,0xBC,0xF7,0xBC,0xF7,0xBC,0xF7,0xBC,0xF7,0xBC,0xF7,0xBC,0xF7,
    0xBC,0xF7,0xBC,0xF7,0xBC,0xF7,0xBC,0xF7,0xBC,0xF7,0xBC,0xF7,0xBC,0xF7,0xBC,0xF7,
    0xBC,0xF7,0xBC,0xF7,0xBC,0xF7,0xBC,0xF7,0xBC,0xF7,0xBC,0xF7,0xBC,0xF7,0xBC,0xF7,
    0xBC,0xF7,0xBC,0xF7,0xBC,0xF7,0xBC,0xF7,0xBC,0xF7,0x9C,0xF7,0x9C,0xF7,0x9C,0xF7,
    0x9C,0xF7,0x9C,0xF7,0x9C,0xF7,0x9C,0xF7,0x9C,0xF7,0x9C,0xF7,0x9C,0xF7,0x9C,0xF7,
    0x9C,0xF7,0x9C,0xF7,0x9C,0xF7,0x9C,0xF7,0x9C,0xF7,0x9C,0xF7,0x9C,0xF7,0x9C,0xF7,
    0x9C,0xF7,0x9C,0xF7,0x9C,0xF7,0x9C,0xF7,0x9C,0xF7,0x9C,0xF7,0x9C,0xF7,0x9C,0xF7,
    0x9C,0xF7,0x9C,0xF7,0x9C,0xF7,0x9C,0xF7,0x9C,0xF7,0x9C,0xF7,0x9B,0xF7,0x9B,0xF7,
    0x9B,0xF7,0x9B,0xF7,0x9B,0xF7,0x9B,0xF7,0x7A,0xEF,0xDE,0xFF,0x9C,0xF7,0x38,0xE7,
    0xFD,0xFF,0xBC,0xFF,0xDD,0xFF,0xDE,0xFF,0xBD,0xFF,0xBC,0xFF,0x9B,0xF7,0x9B,0xF7,
    0x9C,0xF7,0xBC,0xFF,0xBC,0xFF,0xBC,0xFF,0xBC,0xFF,0xBC,0xFF,0xBC,0xFF,0xBC,0xFF,
    0xBC,0xFF,0xBC,0xFF,0xBC,0xFF,0xBC,0xFF,0xBC,0xFF,0xBC,0xFF,0xBC,0xFF,0xDD,0xFF,
    0xDD,0xFF,0xBC,0xFF,0xBC,0xFF,0xBC,0xFF,0xBC,0xFF,0xBC,0xFF,0xBC,0xFF,0xBC,0xFF,
    0xBC,0xFF,0xBC,0xFF,0xBC,0xFF,0xBC,0xFF,0xBC,0xFF,0xBC,0xFF,0xBD,0xFF,0xDD,0xFF,
    0xDD,0xFF,0xDD,0xFF,0xDD,0xFF,0xDD,0xFF,0xDD,0xFF,0xDD,0xFF,0xDD,0xFF,0xDD,0xFF,
    0xDD,0xFF,0xBD,0xFF,0xBD,0xFF,0xBD,0xFF,0xBD,0xFF,0xBD,0xFF,0xBD,0xFF,0xBD,0xFF,
    0xBD,0xFF,0xBD,0xFF,0xBD,0xFF,0xBD,0xFF,0xBD,0xFF,0xBD,0xFF,0xBD,0xFF,0xBD,0xFF,
    0xBD,0xFF,0xBC,0xFF,0xBC,0xFF,0xBC,0xFF,0xBC,0xFF,0xBC,0xFF,0xBC,0xFF,0xBC,0xFF,
    0xBC,0xFF,0xBC,0xFF,0xBC,0xFF,0xBC,0xFF,0xBC,0xFF,0xBC,0xFF,0xBC,0xFF,0xBC,0xFF,
    0xBC,0xFF,0xBC,0xFF,0xBC,0xFF,0xBC,0xFF,0xBC,0xFF,0xBC,0xFF,0xBC,0xFF,0xBC,0xFF,
    0xBC,0xFF,0xBC,0xFF,0xBC,0xF7,0xBC,0xF7,0xBC,0xF7,0xBC,0xF7,0xBC,0xF7,0xBC,0xF7,
    0xBC,0xF7,0xBC,0xF7,0xBC,0xF7,0xBC,0xF7,0xBC,0xF7,0xBC,0xF7,0xBC,0xF7,0xBC,0xF7,
    0xBC,0xF7,0xBC,0xF7,0xBC,0xF7,0xBC,0xF7,0xBC,0xF7,0xBC,0xF7,0xBC,0xF7,0xBC,0xF7,
    0xBC,0xF7,0xBC,0xF7,0xBC,0xF7,0xBC,0xF7,0xBC,0xF7,0xBC,0xF7,0xBC,0xF7,0xBC,0xF7,
    0xBC,0xF7,0xBC,0xF7,0xBC,0xF7,0xBC,0xF7,0x9C,0xF7,0x9C,0xF7,0x9C,0xF7,0x9C,0xF7,
    0x9C,0xF7,0x9C,0xF7,0x9C,0xF7,0x9C,0xF7,0x9C,0xF7,0x9C,0xF7,0x9C,0xF7,0x9C,0xF7,
    0x9C,0xF7,0x9C,0xF7,0x9C,0xF7,0x9C,0xF7,0x9C,0xF7,0x9C,0xF7,0x9C,0xF7,0x9C,0xF7,
    0x9C,0xF7,0x9B,0xF7,0x9B,0xF7,0x9B,0xF7,0x9B,0xF7,0x9B,0xF7,0x9B,0xF7,0x9B,0xF7,
    0x9B,0xF7,0x9B,0xF7,0x9B,0xF7,0x9B,0xF7,0x9B,0xF7,0x9B,0xF7,0x9B,0xF7,0x9B,0xF7,
    0x9B,0xF7,0x9B,0xF7,0x9B,0xF7,0x9B,0xF7,0x9B,0xF7,0x9B,0xF7,0x9B,0xF7,0x9B,0xF7,
    0x9B,0xF7,0x9B,0xF7,0x9B,0xF7,0x9B,0xF7,0x9C,0xF7,0x9C,0xF7,0x9C,0xF7,0x9B,0xF7,
    0x9B,0xF7,0x7A,0xEF,0xFE,0xFF,0x9C,0xF7,0x39,0xE7,0xFD,0xFF,0x9A,0xF7,0x9B,0xF7,
    0xBC,0xFF,0xDD,0xFF,0xDE,0xFF,0xDE,0xFF,0xDD,0xFF,0xBC,0xFF,0xBC,0xFF,0x9C,0xFF,
    0xBC,0xFF,0xBC,0xFF,0xBC,0xFF,0xBC,0xFF,0xBC,0xFF,0xBC,0xFF,0xBC,0xFF,0xBC,0xFF,
    0xBC,0xFF,0xBC,0xFF,0xBC,0xFF,0xBC,0xFF,0xBC,0xFF,0xBD,0xFF,0xDD,0xFF,0xBC,0xFF,
    0xBC,0xFF,0xBC,0xFF,0xBC,0xFF,0xBC,0xFF,0xBC,0xFF,0xBC,0xFF,0xBC,0xFF,0xBC,0xFF,
    0xBC,0xFF,0xBC,0xFF,0xBC,0xFF,0xBD,0xFF,0xBD,0xFF,0xBD,0xFF,0xBD,0xFF,0xBD,0xFF,
    0xBD,0xFF,0xBD,0xFF,0xBD,0xFF,0xBD,0xFF,0xBD,0xFF,0xBD,0xFF,0xBD,0xFF,0xBD,0xFF,
    0xBD,0xFF,0xBD,0xFF,0xBD,0xFF,0xBD,0xFF,0xBD,0xFF,0xBD,0xFF,0xBD,0xFF,0xBD,0xFF,
    0xBD,0xFF,0xBD,0xFF,0xBD,0xFF,0xBD,0xFF,0xBD,0xFF,0xBD,0xFF,0xBD,0xFF,0xBD,0xFF,
    0xBD,0xFF,0xBD,0xFF,0xBD,0xFF,0xBD,0xFF,0xBD,0xFF,0xBC,0xFF,0xBC,0xFF,0xBC,0xFF,
    0xBC,0xFF,0xBC,0xFF,0xBC,0xFF,0xBC,0xFF,0xBC,0xFF,0xBC,0xFF,0xBC,0xFF,0xBC,0xFF,
    0xBC,0xFF,0xBC,0xFF,0xBC,0xFF,0xBC,0xFF,0xBC,0xFF,0xBC,0xFF,0xBC,0xFF,0xBC,0xFF,
    0xBC,0xFF,0xBC,0xFF,0xBC,0xFF,0xBC,0xFF,0xBC,0xFF,0xBC,0xFF,0xBC,0xFF,0xBC,0xFF,
    0xBC,0xFF,0xBC,0xFF,0xBC,0xFF,0xBC,0xFF,0xBC,0xFF,0xBC,0xFF,0xBC,0xFF,0xBC,0xFF,
    0xBC,0xFF,0xBC,0xFF,0xBC,0xFF,0xBC,0xFF,0xBC,0xFF,0xBC,0xFF,0xBC,0xFF,0xBC,0xFF,
    0xBC,0xFF,0xBC,0xF7,0xBC,0xF7,0xBC,0xF7,0xBC,0xF7,0xBC,0xF7,0xBC,0xF7,0xBC,0xF7,
    0xBC,0xF7,0xBC,0xF7,0xBC,0xF7,0xBC,0xF7,0xBC,0xF7,0xBC,0xF7,0xBC,0xF7,0xBC,0xF7,
    0xBC,0xF7,0xBC,0xF7,0xBC,0xF7,0xBC,0xF7,0xBC,0xF7,0xBC,0xF7,0xBC,0xF7,0xBC,0xF7,
    0xBC,0xF7,0xBC,0xF7,0xBC,0xF7,0xBC,0xF7,0xBC,0xF7,0xBC,0xF7,0xBC,0xF7,0xBC,0xF7,
    0xBC,0xF7,0xBC,0xF7,0xBC,0xF7,0xBC,0xF7,0xBC,0xF7,0xBC,0xF7,0xBC,0xF7,0xBC,0xF7,
    0xBC,0xF7,0xBC,0xF7,0xBC,0xF7,0xBC,0xF7,0xBC,0xF7,0xBC,0xF7,0xBC,0xF7,0xBC,0xF7,
    0xBC,0xF7,0xBC,0xF7,0xBC,0xF7,0xBC,0xF7,0xBC,0xF7,0xBC,0xF7,0xBC,0xF7,0xBC,0xF7,
    0xBC,0xF7,0x9B,0xF7,0x9B,0xF7,0x9B,0xF7,0x9C,0xF7,0x9C,0xF7,0x7A,0xEF,0xFE,0xFF,
    0x9C,0xF7,0x39,0xE7,0xFD,0xFF,0x9A,0xF7,0x7A,0xF7,0x9B,0xF7,0x9B,0xF7,0x9B,0xFF,
    0xBC,0xFF,0xDD,0xFF,0xDE,0xFF,0xDE,0xFF,0xDD,0xFF,0xBC,0xFF,0xBC,0xFF,0xBC,0xFF,
    0xBC,0xFF,0xBC,0xFF,0xBC,0xFF,0xBC,0xFF,0xBC,0xFF,0xBC,0xFF,0xBC,0xFF,0xBC,0xFF,
    0xBC,0xFF,0xBC,0xFF,0xBC,0xFF,0xBD,0xFF,0xBD,0xFF,0xBD,0xFF,0xBC,0xFF,0xBC,0xFF,
    0xBC,0xFF,0xBC,0xFF,0xBC,0xFF,0xBC,0xFF,0xBC,0xFF,0xBC,0xFF,0xBC,0xFF,0xBC,0xFF,
    0xBD,0xFF,0xDD,0xFF,0xDD,0xFF,0xDD,0xFF,0xDD,0xFF,0xDD,0xFF,0xDD,0xFF,0xDD,0xFF,
    0xDD,0xFF,0xDD,0xFF,0xDD,0xFF,0xDD,0xFF,0xBD,0xFF,0xBD,0xFF,0xBD,0xFF,0xBD,0xFF,
    0xBD,0xFF,0xBD,0xFF,0xBD,0xFF,0xBD,0xFF,0xBD,0xFF,0xBD,0xFF,0xBD,0xFF,0xBD,0xFF,
    0xBD,0xFF,0xBD,0xFF,0xBD,0xFF,0xBD,0xFF,0xBD,0xFF,0xBD,0xFF,0xBD,0xFF,0xBD,0xFF,
    0xBD,0xFF,0xBD,0xFF,0xBD,0xFF,0xBD,0xFF,0xBD,0xFF,0xBC,0xFF,0xBC,0xFF,0xBC,0xFF,
    0xBC,0xFF,0xBC,0xFF,0xBC,0xFF,0xBC,0xFF,0xBC,0xFF,0xBC,0xFF,0xBC,0xFF,0xBC,0xFF,
    0xBC,0xFF,0xBC,0xFF,0xBC,0xFF,0xBC,0xFF,0xBC,0xFF,0xBC,0xFF,0xBC,0xFF,0xBC,0xFF,
    0xBC,0xFF,0xBC,0xFF,0xBC,0xFF,0xBC,0xF7,0xBC,0xF7,0xBC,0xF7,0xBC,0xF7,0xBC,0xF7,
    0xBC,0xF7,0xBC,0xF7,0xBC,0xF7,0xBC,0xF7,0xBC,0xF7,0xBC,0xF7,0xBC,0xF7,0xBC,0xF7,
    0xBC,0xF7,0xBC,0xF7,0xBC,0xF7,0xBC,0xF7,0xBC,0xF7,0xBC,0xF7,0xBC,0xF7,0xBC,0xF7,
    0xBC,0xF7,0xBC,0xF7,0xBC,0xF7,0xBC,0xF7,0xBC,0xF7,0xBC,0xF7,0xBC,0xF7,0xBC,0xF7,
    0xBC,0xF7,0xBC,0xF7,0xBC,0xF7,0xBC,0xF7,0xBC,0xF7,0xBC,0xF7,0xBC,0xF7,0xBC,0xF7,
    0xBC,0xF7,0xBC,0xF7,0xBC,0xF7,0xBC,0xF7,0x9C,0xF7,0x9C,0xF7,0x9C,0xF7,0x9C,0xF7,
    0x9C,0xF7,0x9C,0xF7,0x9C,0xF7,0x9C,0xF7,0x9C,0xF7,0x9C,0xF7,0x9C,0xF7,0x9C,0xF7,
    0x9C,0xF7,0x9C,0xF7,0x9C,0xF7,0x9C,0xF7,0x9C,0xF7,0x9B,0xF7,0x9B,0xF7,0x9B,0xF7,
    0x9B,0xF7,0x9B,0xF7,0x9B,0xF7,0x9B,0xF7,0x9B,0xF7,0x9B,0xF7,0x9B,0xF7,0x9B,0xF7,
    0x9B,0xF7,0x9B,0xF7,0x9B,0xF7,0x9B,0xF7,0x9B,0xF7,0x9B,0xF7,0x9C,0xF7,0x9C,0xF7,
    0x9B,0xF7,0x9B,0xF7,0x9B,0xF7,0x9B,0xEF,0xFE,0xFF,0x9C,0xF7,0x39,0xE7,0xFD,0xFF,
    0x9A,0xF7,0x7A,0xF7,0x9B,0xF7,0x9B,0xF7,0x9B,0xF7,0x9B,0xF7,0x9B,0xF7,0x9B,0xF7,
    0xBC,0xFF,0xDE,0xFF,0xDE,0xFF,0xDE,0xFF,0xBD,0xFF,0xBC,0xFF,0xBC,0xFF,0xBC,0xFF,
    0xBC,0xFF,0xBC,0xFF,0xBC,0xFF,0xBC,0xFF,0xBC,0xFF,0xBC,0xFF,0xBC,0xFF,0xBC,0xFF,
    0xBD,0xFF,0xBD,0xFF,0xDD,0xFF,0xBD,0xFF,0xBD,0xFF,0xBC,0xFF,0xBC,0xFF,0xBC,0xFF,
    0xBC,0xFF,0xBC,0xFF,0xBC,0xFF,0xBC,0xFF,0xBD,0xFF,0xBD,0xFF,0xDD,0xFF,0xDD,0xFF,
    0xDD,0xFF,0xDD,0xFF,0xDD,0xFF,0xDD,0xFF,0xDD,0xFF,0xDD,0xFF,0xDD,0xFF,0xDD,0xFF,
    0xDD,0xFF,0xDD,0xFF,0xDD,0xFF,0xDD,0xFF,0xBD,0xFF,0xBD,0xFF,0xBD,0xFF,0xBD,0xFF,
    0xBD,0xFF,0xBD,0xFF,0xBD,0xFF,0xBD,0xFF,0xBD,0xFF,0xBD,0xFF,0xBD,0xFF,0xBD,0xFF,
    0xBD,0xFF,0xBD,0xFF,0xBD,0xFF,0xBD,0xFF,0xBD,0xFF,0xBD,0xFF,0xBD,0xFF,0xBD,0xFF,
    0xBD,0xFF,0xBD,0xFF,0xBD,0xFF,0xBD,0xFF,0xBD,0xFF,0xBD,0xFF,0xBD,0xFF,0xBD,0xFF,
    0xBD,0xFF,0xBD,0xFF,0xBD,0xFF,0xBD,0xFF,0xBD,0xFF,0xBD,0xFF,0xBD,0xFF,0xBD,0xFF,
    0xBD,0xFF,0xBD,0xFF,0xBD,0xFF,0xBD,0xFF,0xBD,0xFF,0xBD,0xFF,0xBD,0xFF,0xBD,0xFF,
    0xBC,0xFF,0xBC,0xFF,0xBC,0xFF,0xBC,0xFF,0xBC,0xFF,0xBC,0xFF,0xBC,0xFF,0xBC,0xFF,
    0xBC,0xFF,0xBC,0xFF,0xBC,0xFF,0xBC,0xFF,0xBC,0xFF,0xBC,0xFF,0xBC,0xFF,0xBC,0xFF,
    0xBC,0xF7,0xBC,0xF7,0xBC,0xF7,0xBC,0xF7,0xBC,0xF7,0xBC,0xF7,0xBC,0xF7,0xBC,0xF7,
    0xBC,0xF7,0xBC,0xF7,0xBC,0xF7,0xBC,0xF7,0xBC,0xF7,0xBC,0xF7,0xBC,0xF7,0xBC,0xF7,
    0xBC,0xF7,0xBC,0xF7,0xBC,0xF7,0xBC,0xF7,0xBC,0xF7,0xBC,0xF7,0xBC,0xF7,0xBC,0xF7,
    0xBC,0xF7,0xBC,0xF7,0xBC,0xF7,0xBC,0xF7,0xBC,0xF7,0xBC,0xF7,0xBC,0xF7,0xBC,0xF7,
    0xBC,0xF7,0xBC,0xF7,0xBC,0xF7,0xBC,0xF7,0xBC,0xF7,0xBC,0xF7,0xBC,0xF7,0xBC,0xF7,
    0xBC,0xF7,0xBC,0xF7,0xBC,0xF7,0xBC,0xF7,0x9C,0xF7,0x9C,0xF7,0x9C,0xF7,0x9C,0xF7,
    0x9C,0xF7,0x9C,0xF7,0x9C,0xF7,0x9C,0xF7,0x9C,0xF7,0x9C,0xF7,0x9C,0xF7,0x9C,0xF7,
    0x9C,0xF7,0x9C,0xF7,0x9C,0xF7,0x9C,0xF7,0x9B,0xF7,0x9B,0xF7,0x9B,0xF7,0x9C,0xF7,
    0x9B,0xEF,0xFE,0xFF,0x9C,0xF7,0x39,0xE7,0xFD,0xFF,0x79,0xF7,0x7A,0xF7,0x9B,0xF7,
    0x7B,0xF7,0x9B,0xF7,0x9B,0xF7,0x9B,0xF7,0x9B,0xF7,0x9B,0xF7,0x9B,0xF7,0xBC,0xFF,
    0xDD,0xFF,0xDE,0xFF,0xDE,0xFF,0xDD,0xFF,0xBC,0xFF,0xBC,0xFF,0xBC,0xFF,0xBC,0xFF,
    0xBC,0xFF,0xBC,0xFF,0xBC,0xFF,0xBC,0xFF,0xBC,0xFF,0xBC,0xFF,0xBD,0xFF,0xDD,0xFF,
    0xBD,0xFF,0xBD,0xFF,0xBD,0xFF,0xBC,0xFF,0xBC,0xFF,0xBC,0xFF,0xBC,0xFF,0xBD,0xFF,
    0xBD,0xFF,0xBD,0xFF,0xDD,0xFF,0xDD,0xFF,0xDD,0xFF,0xDD,0xFF,0xDD,0xFF,0xDD,0xFF,
    0xDD,0xFF,0xDD,0xFF,0xDD,0xFF,0xDD,0xFF,0xDD,0xFF,0xDD,0xFF,0xBD,0xFF,0xBD,0xFF,
    0xBD,0xFF,0xBD,0xFF,0xBD,0xFF,0xBD,0xFF,0xBD,0xFF,0xBD,0xFF,0xBD,0xFF,0xBD,0xFF,
    0xBD,0xFF,0xBD,0xFF,0xBD,0xFF,0xBD,0xFF,0xBD,0xFF,0xBD,0xFF,0xBD,0xFF,0xBD,0xFF,
    0xBD,0xFF,0xBD,0xFF,0xBD,0xFF,0xBD,0xFF,0xBD,0xFF,0xBD,0xFF,0xBD,0xFF,0xBD,0xFF,
    0xBD,0xFF,0xBD,0xFF,0xBD,0xFF,0xBD,0xFF,0xBD,0xFF,0xBD,0xFF,0xBD,0xFF,0xBD,0xFF,
    0xBD,0xFF,0xBD,0xFF,0xBD,0xFF,0xBD,0xFF,0xBD,0xFF,0xBC,0xFF,0xBC,0xFF,0xBC,0xFF,
    0xBC,0xFF,0xBC,0xFF,0xBC,0xFF,0xBC,0xFF,0xBC,0xFF,0xBC,0xFF,0xBC,0xFF,0xBC,0xFF,
    0xBC,0xFF,0xBC,0xFF,0xBC,0xFF,0xBC,0xFF,0xBC,0xFF,0xBC,0xF7,0xBC,0xF7,0xBC,0xF7,
    0xBC,0xF7,0xBC,0xF7,0xBC,0xF7,0xBC,0xF7,0xBC,0xF7,0xBC,0xF7,0xBC,0xF7,0xBC,0xF7,
    0xBC,0xF7,0xBC,0xF7,0xBC,0xF7,0xBC,0xF7,0xBC,0xF7,0xBC,0xF7,0xBC,0xF7,0xBC,0xF7,
    0xBC,0xF7,0xBC,0xF7,0xBC,0xF7,0xBC,0xF7,0xBC,0xF7,0xBC,0xF7,0xBC,0xF7,0xBC,0xF7,
    0xBC,0xF7,0xBC,0xF7,0xBC,0xF7,0xBC,0xF7,0xBC,0xF7,0xBC,0xF7,0x9C,0xF7,0x9C,0xF7,
    0x9C,0xF7,0x9C,0xF7,0x9C,0xF7,0x9C,0xF7,0x9C,0xF7,0x9C,0xF7,0x9C,0xF7,0x9C,0xF7,
    0x9C,0xF7,0x9C,0xF7,0x9C,0xF7,0x9C,0xF7,0x9C,0xF7,0x9C,0xF7,0x9C,0xF7,0x9C,0xF7,
    0x9C,0xF7,0x9C,0xF7,0x9C,0xF7,0x9C,0xF7,0x9C,0xF7,0x9C,0xF7,0x9C,0xF7,0x9C,0xF7,
    0x9C,0xF7,0x9C,0xF7,0x9C,0xF7,0x9C,0xF7,0x9C,0xF7,0x9C,0xF7,0x9C,0xF7,0x9B,0xF7,
    0x9B,0xF7,0x9C,0xF7,0x9C,0xF7,0x9B,0xF7,0x9B,0xF7,0x7A,0xEF,0xFE,0xFF,0x9C,0xF7,
    0x39,0xE7,0xFD,0xFF,0x79,0xF7,0x5A,0xF7,0x7B,0xF7,0x7A,0xF7,0x7B,0xF7,0x7B,0xF7,
    0x7B,0xF7,0x9B,0xF7,0x9B,0xF7,0x9B,0xF7,0x9B,0xF7,0xBC,0xF7,0xBC,0xFF,0xBD,0xFF,
    0xDE,0xFF,0xFE,0xFF,0xDE,0xFF,0xBD,0xFF,0xBC,0xFF,0xBC,0xFF,0xBC,0xFF,0xBC,0xFF,
    0xBC,0xFF,0xBC,0xFF,0xBC,0xFF,0xBD,0xFF,0xBD,0xFF,0xBC,0xFF,0xBD,0xFF,0xBD,0xFF,
    0xDD,0xFF,0xBD,0xFF,0xBD,0xFF,0xBD,0xFF,0xBD,0xFF,0xBD,0xFF,0xBD,0xFF,0xDD,0xFF,
    0xDD,0xFF,0xDD,0xFF,0xDD,0xFF,0xDD,0xFF,0xDD,0xFF,0xDD,0xFF,0xDD,0xFF,0xDD,0xFF,
    0xDD,0xFF,0xDD,0xFF,0xDD,0xFF,0xDD,0xFF,0xDD,0xFF,0xDD,0xFF,0xDD,0xFF,0xDD,0xFF,
    0xDD,0xFF,0xDD,0xFF,0xDD,0xFF,0xDD,0xFF,0xDD,0xFF,0xDD,0xFF,0xDD,0xFF,0xDD,0xFF,
    0xDD,0xFF,0xDD,0xFF,0xDD,0xFF,0xDD,0xFF,0xDD,0xFF,0xDD,0xFF,0xDD,0xFF,0xDD,0xFF,
    0xDD,0xFF,0xBD,0xFF,0xBD,0xFF,0xBD,0xFF,0xBD,0xFF,0xBD,0xFF,0xBD,0xFF,0xBD,0xFF,
    0xBD,0xFF,0xBD,0xFF,0xBD,0xFF,0xBD,0xFF,0xBD,0xFF,0xBD,0xFF,0xBD,0xFF,0xBD,0xFF,
    0xBD,0xFF,0xBD,0xFF,0xBD,0xFF,0xBD,0xFF,0xBD,0xFF,0xBD,0xFF,0xBD,0xFF,0xBD,0xFF,
    0xBD,0xFF,0xBD,0xFF,0xBD,0xFF,0xBD,0xFF,0xBD,0xFF,0xBD,0xFF,0xBD,0xFF,0xBD,0xFF,
    0xBD,0xFF,0xBD,0xFF,0xBC,0xFF,0xBC,0xFF,0xBC,0xFF,0xBC,0xFF,0xBC,0xFF,0xBC,0xFF,
    0xBC,0xFF,0xBC,0xFF,0xBC,0xF7,0xBC,0xF7,0xBC,0xF7,0xBC,0xF7,0xBC,0xF7,0xBC,0xF7,
    0xBC,0xF7,0xBC,0xF7,0xBC,0xF7,0xBC,0xF7,0xBC,0xF7,0xBC,0xF7,0xBC,0xF7,0xBC,0xF7,
    0xBC,0xF7,0xBC,0xF7,0xBC,0xF7,0xBC,0xF7,0xBC,0xF7,0xBC,0xF7,0xBC,0xF7,0xBC,0xF7,
    0xBC,0xF7,0xBC,0xF7,0xBC,0xF7,0xBC,0xF7,0xBC,0xF7,0xBC,0xF7,0xBC,0xF7,0xBC,0xF7,
    0xBC,0xF7,0xBC,0xF7,0xBC,0xF7,0xBC,0xF7,0xBC,0xF7,0xBC,0xF7,0xBC,0xF7,0xBC,0xF7,
    0xBC,0xF7,0xBC,0xF7,0xBC,0xF7,0xBC,0xF7,0xBC,0xF7,0xBC,0xF7,0xBC,0xF7,0xBC,0xF7,
    0xBC,0xF7,0x9C,0xF7,0x9C,0xF7,0x9C,0xF7,0x9C,0xF7,0x9C,0xF7,0x9C,0xF7,0x9C,0xF7,
    0x9C,0xF7,0x9C,0xF7,0x9C,0xF7,0x9C,0xF7,0x9C,0xF7,0x9C,0xF7,0x9B,0xF7,0x9B,0xF7,
    0x9B,0xF7,0x9B,0xF7,0x9A,0xEF,0xFE,0xFF,0x9C,0xF7,0x39,0xE7,0xFD,0xFF,0x79,0xF7,
    0x59,0xEF,0x7A,0xF7,0x7A,0xF7,0x7A,0xF7,0x7A,0xF7,0x7B,0xF7,0x9B,0xF7,0x9B,0xF7,
    0x9B,0xF7,0x9B,0xF7,0x9B,0xF7,0x9C,0xF7,0x9C,0xF7,0x9C,0xF7,0xBC,0xFF,0xDD,0xFF,
    0xDE,0xFF,0xDE,0xFF,0xBD,0xFF,0xBC,0xFF,0xBC,0xFF,0xBC,0xFF,0xBD,0xFF,0xBC,0xFF,
    0xBC,0xFF,0xBD,0xFF,0xBD,0xFF,0xBD,0xFF,0xBD,0xFF,0xDD,0xFF,0xDD,0xFF,0xDD,0xFF,
    0xBD,0xFF,0xBD,0xFF,0xBD,0xFF,0xBD,0xFF,0xBD,0xFF,0xDD,0xFF,0xDD,0xFF,0xDD,0xFF,
    0xDD,0xFF,0xDD,0xFF,0xDD,0xFF,0xDD,0xFF,0xDD,0xFF,0xDD,0xFF,0xDD,0xFF,0xDD,0xFF,
    0xDD,0xFF,0xDD,0xFF,0xDD,0xFF,0xDD,0xFF,0xDD,0xFF,0xDD,0xFF,0xDD,0xFF,0xDD,0xFF,
    0xDD,0xFF,0xDD,0xFF,0xDD,0xFF,0xDD,0xFF,0xDD,0xFF,0xDD,0xFF,0xDD,0xFF,0xDD,0xFF,
    0xDD,0xFF,0xDD,0xFF,0xDD,0xFF,0xDD,0xFF,0xDD,0xFF,0xDD,0xFF,0xBD,0xFF,0xBD,0xFF,
    0xBD,0xFF,0xBD,0xFF,0xBD,0xFF,0xBD,0xFF,0xBD,0xFF,0xBD,0xFF,0xBD,0xFF,0xBD,0xFF,
    0xBD,0xFF,0xBD,0xFF,0xBD,0xFF,0xBD,0xFF,0xBD,0xFF,0xBD,0xFF,0xBD,0xFF,0xBD,0xFF,
    0xBD,0xFF,0xBD,0xFF,0xBD,0xFF,0xBC,0xFF,0xBC,0xFF,0xBC,0xFF,0xBC,0xFF,0xBC,0xFF,
    0xBC,0xFF,0xBC,0xFF,0xBC,0xFF,0xBC,0xFF,0xBC,0xFF,0xBC,0xFF,0xBC,0xFF,0xBC,0xFF,
    0xBC,0xFF,0xBC,0xFF,0xBC,0xFF,0xBC,0xFF,0xBC,0xFF,0xBC,0xFF,0xBC,0xFF,0xBC,0xF7,
    0xBC,0xF7,0xBC,0xF7,0xBC,0xF7,0xBC,0xF7,0xBC,0xF7,0xBC,0xF7,0xBC,0xF7,0xBC,0xF7,
    0xBC,0xF7,0xBC,0xF7,0xBC,0xF7,0xBC,0xF7,0xBC,0xF7,0xBC,0xF7,0xBC,0xF7,0xBC,0xF7,
    0xBC,0xF7,0xBC,0xF7,0xBC,0xF7,0xBC,0xF7,0xBC,0xF7,0xBC,0xF7,0xBC,0xF7,0xBC,0xF7,
    0xBC,0xF7,0xBC,0xF7,0xBC,0xF7,0xBC,0xF7,0xBC,0xF7,0xBC,0xF7,0xBC,0xF7,0xBC,0xF7,
    0xBC,0xF7,0xBC,0xF7,0xBC,0xF7,0xBC,0xF7,0xBC,0xF7,0xBC,0xF7,0xBC,0xF7,0xBC,0xF7,
    0xBC,0xF7,0xBC,0xF7,0xBC,0xF7,0xBC,0xF7,0xBC,0xF7,0xBC,0xF7,0x9C,0xF7,0x9C,0xF7,
    0x9C,0xF7,0x9C,0xF7,0x9C,0xF7,0x9C,0xF7,0x9C,0xF7,0x9C,0xF7,0x9C,0xF7,0x9C,0xF7,
    0x9C,0xF7,0x9B,0xF7,0x9B,0xF7,0x9B,0xF7,0x9B,0xF7,0xBC,0xF7,0xDD,0xFF,0xBD,0xF7,
    0xFF,0xFF,0x9C,0xF7,0x39,0xE7,0xFD,0xFF,0x79,0xEF,0x59,0xEF,0x7A,0xF7,0x7A,0xF7,
    0x7A,0xF7,0x7A,0xF7,0x7A,0xF7,0x7B,0xF7,0x9B,0xF7,0x9B,0xF7,0x9B,0xF7,0x9B,0xF7,
    0x9B,0xF7,0x9B,0xF7,0x9B,0xF7,0x9C,0xF7,0xBC,0xF7,0xBC,0xFF,0xDD,0xFF,0xDE,0xFF,
    0xDE,0xFF,0xBD,0xFF,0xBC,0xFF,0xBC,0xFF,0xBC,0xFF,0xBD,0xFF,0xBD,0xFF,0xBD,0xFF,
    0xBD,0xFF,0xBD,0xFF,0xDD,0xFF,0xDD,0xFF,0xDD,0xFF,0xDD,0xFF,0xDD,0xFF,0xDD,0xFF,
    0xBD,0xFF,0xBD,0xFF,0xDD,0xFF,0xDD,0xFF,0xDD,0xFF,0xDD,0xFF,0xDD,0xFF,0xDD,0xFF,
    0xDD,0xFF,0xDD,0xFF,0xDD,0xFF,0xDD,0xFF,0xDD,0xFF,0xBD,0xFF,0xBD,0xFF,0xBD,0xFF,
    0xBD,0xFF,0xBD,0xFF,0xBD,0xFF,0xBD,0xFF,0xBD,0xFF,0xBD,0xFF,0xBD,0xFF,0xBD,0xFF,
    0xBD,0xFF,0xBD,0xFF,0xBD,0xFF,0xBD,0xFF,0xBD,0xFF,0xBD,0xFF,0xBD,0xFF,0xBD,0xFF,
    0xBD,0xFF,0xBD,0xFF,0xBD,0xFF,0xBD,0xFF,0xBD,0xFF,0xBD,0xFF,0xBC,0xFF,0xBC,0xFF,
    0xBC,0xFF,0xBC,0xFF,0xBC,0xFF,0xBC,0xFF,0xBC,0xFF,0xBC,0xFF,0xBC,0xFF,0xBC,0xFF,
    0xBC,0xFF,0xBC,0xFF,0xBC,0xFF,0xBC,0xFF,0xBC,0xFF,0xBC,0xFF,0xBC,0xFF,0xBC,0xFF,
    0xBC,0xFF,0xBC,0xFF,0xBC,0xFF,0xBC,0xFF,0xBC,0xF7,0xBC,0xF7,0xBC,0xF7,0xBC,0xF7,
    0xBC,0xF7,0xBC,0xF7,0xBC,0xF7,0xBC,0xF7,0xBC,0xF7,0xBC,0xF7,0xBC,0xF7,0xBC,0xF7,
    0xBC,0xF7,0xBC,0xF7,0xBC,0xF7,0xBC,0xF7,0xBC,0xF7,0xBC,0xF7,0xBC,0xF7,0xBC,0xF7,
    0xBC,0xF7,0xBC,0xF7,0xBC,0xF7,0xBC,0xF7,0xBC,0xF7,0xBC,0xF7,0xBC,0xF7,0xBC,0xF7,
    0xBC,0xF7,0xBC,0xF7,0xBC,0xF7,0xBC,0xF7,0xBC,0xF7,0xBC,0xF7,0xBC,0xF7,0xBC,0xF7,
    0xBC,0xF7,0xBC,0xF7,0xBC,0xF7,0xBC,0xF7,0xBC,0xF7,0x9C,0xF7,0x9C,0xF7,0x9C,0xF7,
    0x9C,0xF7,0x9C,0xF7,0x9C,0xF7,0x9C,0xF7,0x9C,0xF7,0x9C,0xF7,0x9C,0xF7,0x9C,0xF7,
    0x9C,0xF7,0x9C,0xF7,0x9C,0xF7,0x9C,0xF7,0x9C,0xF7,0x9C,0xF7,0x9B,0xF7,0x9B,0xF7,
    0x9B,0xF7,0x9B,0xF7,0x9B,0xF7,0x9B,0xF7,0x9B,0xF7,0x9B,0xF7,0x9B,0xF7,0x9B,0xF7,
    0x9B,0xF7,0x9B,0xF7,0x9B,0xF7,0x9B,0xF7,0x9B,0xF7,0x9B,0xF7,0x9C,0xF7,0xBC,0xF7,
    0xBD,0xFF,0xDD,0xFF,0xBD,0xF7,0xBC,0xF7,0x7A,0xEF,0xDE,0xFF,0x9C,0xF7,0x39,0xEF,
    0xFD,0xFF,0x78,0xEF,0x59,0xEF,0x5A,0xF7,0x5A,0xF7,0x5A,0xF7,0x7A,0xF7,0x7A,0xF7,
    0x7A,0xF7,0x9B,0xF7,0x9B,0xF7,0x9B,0xF7,0x9B,0xF7,0x9B,0xF7,0x9B,0xF7,0x9B,0xF7,
    0x9B,0xF7,0x9C,0xF7,0x9C,0xF7,0xBC,0xFF,0xBC,0xFF,0xBD,0xFF,0xDE,0xFF,0xDE,0xFF,
    0xBD,0xFF,0xBC,0xFF,0xBC,0xFF,0xBC,0xFF,0xBD,0xFF,0xBD,0xFF,0xBD,0xFF,0xDD,0xFF,
    0xDD,0xFF,0xDD,0xFF,0xBD,0xFF,0xDD,0xFF,0xDD,0xFF,0xDD,0xFF,0xDD,0xFF,0xDD,0xFF,
    0xDD,0xFF,0xDD,0xFF,0xDD,0xFF,0xDD,0xFF,0xDD,0xFF,0xDD,0xFF,0xDD,0xFF,0xDD,0xFF,
    0xDD,0xFF,0xDD,0xFF,0xDD,0xFF,0xDD,0xFF,0xDD,0xFF,0xDD,0xFF,0xDD,0xFF,0xDD,0xFF,
    0xDD,0xFF,0xDD,0xFF,0xDD,0xFF,0xDD,0xFF,0xDD,0xFF,0xDD,0xFF,0xDD,0xFF,0xDD,0xFF,
    0xDD,0xFF,0xDD,0xFF,0xDD,0xFF,0xDD,0xFF,0xDD,0xFF,0xDD,0xFF,0xDD,0xFF,0xDD,0xFF,
    0xDD,0xFF,0xDD,0xFF,0xDD,0xFF,0xDD,0xFF,0xDD,0xFF,0xDD,0xFF,0xDD,0xFF,0xDD,0xFF,
    0xDD,0xFF,0xDD,0xFF,0xDD,0xFF,0xDD,0xFF,0xDD,0xFF,0xDD,0xFF,0xDD,0xFF,0xDD,0xFF,
    0xDD,0xFF,0xDD,0xFF,0xDD,0xFF,0xDD,0xFF,0xDD,0xFF,0xDD,0xFF,0xDD,0xFF,0xDD,0xFF,
    0xDD,0xFF,0xDD,0xFF,0xDD,0xFF,0xDD,0xFF,0xDD,0xFF,0xDD,0xFF,0xDD,0xFF,0xDD,0xFF,
    0xDD,0xFF,0xBD,0xFF,0xBD,0xFF,0xBD,0xFF,0xBD,0xFF,0xBD,0xFF,0xBD,0xFF,0xBD,0xFF,
    0xBD,0xFF,0xBD,0xFF,0xBD,0xFF,0xBD,0xFF,0xBD,0xFF,0xBD,0xFF,0xBD,0xFF,0xBD,0xFF,
    0xBD,0xFF,0xBD,0xFF,0xBD,0xFF,0xBD,0xFF,0xBD,0xFF,0xBD,0xFF,0xBD,0xFF,0xBD,0xFF,
    0xBD,0xFF,0xBD,0xFF,0xBD,0xFF,0xBD,0xFF,0xBD,0xFF,0xBD,0xFF,0xBD,0xFF,0xBD,0xFF,
    0xBD,0xFF,0xBD,0xFF,0xBD,0xFF,0xBD,0xFF,0xBD,0xFF,0xBD,0xFF,0xBD,0xFF,0xBD,0xFF,
    0xBD,0xFF,0xBD,0xFF,0xBD,0xFF,0xBD,0xFF,0xBD,0xFF,0xBD,0xFF,0xBD,0xFF,0xBD,0xFF,
    0xBD,0xFF,0xBD,0xFF,0xBD,0xF7,0xBD,0xF7,0xBD,0xF7,0xBD,0xF7,0xBD,0xF7,0xBD,0xF7,
    0xBD,0xF7,0xBD,0xF7,0xBD,0xF7,0xBD,0xF7,0xBD,0xF7,0xBD,0xF7,0xBD,0xF7,0xBD,0xF7,
    0xBD,0xF7,0xBD,0xF7,0xBD,0xF7,0xDD,0xFF,0xDD,0xFF,0xBC,0xF7,0x9C,0xF7,0x9B,0xF7,
    0x9B,0xF7,0x7A,0xEF,0xDE,0xFF,0x9C,0xF7,0x39,0xE7,0xFD,0xFF,0x58,0xEF,0x59,0xEF,
    0x59,0xEF,0x59,0xEF,0x59,0xEF,0x5A,0xF7,0x7A,0xF7,0x7A,0xF7,0x7A,0xF7,0x7A,0xF7,
    0x9B,0xF7,0x9B,0xF7,0x9B,0xF7,0x9B,0xF7,0x9B,0xF7,0x9B,0xF7,0x9B,0xF7,0x9C,0xF7,
    0x9C,0xF7,0x9C,0xF7,0xBC,0xFF,0xBC,0xFF,0xBC,0xFF,0xDD,0xFF,0xDD,0xFF,0xBD,0xFF,
    0xBD,0xFF,0xBC,0xFF,0xBC,0xFF,0xBC,0xFF,0xBD,0xFF,0xBD,0xFF,0xBD,0xFF,0xBD,0xFF,
    0xDD,0xFF,0xDD,0xFF,0xDD,0xFF,0xDD,0xFF,0xDD,0xFF,0xDD,0xFF,0xDD,0xFF,0xDD,0xFF,
    0xDD,0xFF,0xDD,0xFF,0xDD,0xFF,0xDD,0xFF,0xDD,0xFF,0xDD,0xFF,0xDD,0xFF,0xDD,0xFF,
    0xDD,0xFF,0xDD,0xFF,0xDD,0xFF,0xDD,0xFF,0xDD,0xFF,0xDD,0xFF,0xDD,0xFF,0xDD,0xFF,
    0xDD,0xFF,0xDD,0xFF,0xBD,0xFF,0xBD,0xFF,0xBD,0xFF,0xBD,0xFF,0xBD,0xFF,0xBD,0xFF,
    0xBD,0xFF,0xBD,0xFF,0xBD,0xFF,0xBD,0xFF,0xBD,0xFF,0xBD,0xFF,0xBD,0xFF,0xBD,0xFF,
    0xBD,0xFF,0xBD,0xFF,0xBD,0xFF,0xBD,0xFF,0xBD,0xFF,0xBD,0xFF,0xBD,0xFF,0xBD,0xFF,
    0xBD,0xFF,0xBD,0xFF,0xBD,0xFF,0xBD,0xFF,0xBD,0xFF,0xBD,0xFF,0xBD,0xFF,0xBD,0xFF,
    0xBD,0xFF,0xBD,0xFF,0xBD,0xFF,0xBD,0xFF,0xBD,0xFF,0xBD,0xFF,0xBD,0xFF,0xBD,0xFF,
    0xBD,0xFF,0xBD,0xFF,0xBD,0xFF,0xBD,0xFF,0xBD,0xFF,0xBD,0xFF,0xBD,0xFF,0xBD,0xFF,
    0xBD,0xFF,0xBD,0xFF,0xBD,0xFF,0xBD,0xFF,0xBD,0xFF,0xBD,0xFF,0xBD,0xFF,0xBD,0xFF,
    0xBD,0xFF,0xBD,0xF7,0xBD,0xF7,0xBD,0xF7,0xBD,0xF7,0xBD,0xF7,0xBD,0xF7,0xBD,0xF7,
    0xBD,0xF7,0xBD,0xF7,0xBD,0xF7,0xBD,0xF7,0xBD,0xF7,0xBD,0xF7,0xBD,0xF7,0xBD,0xF7,
    0xBD,0xF7,0xBD,0xF7,0xBD,0xF7,0xBD,0xF7,0xBD,0xF7,0xBD,0xF7,0xBD,0xF7,0xBD,0xF7,
    0xBD,0xF7,0xBD,0xF7,0xBD,0xF7,0xBD,0xF7,0xBD,0xF7,0xBD,0xF7,0xBD,0xF7,0xBD,0xF7,
    0xBD,0xF7,0xBD,0xF7,0xBC,0xF7,0xBC,0xF7,0xBC,0xF7,0xBC,0xF7,0xBC,0xF7,0xBC,0xF7,
    0xBC,0xF7,0xBC,0xF7,0xBC,0xF7,0xBC,0xF7,0xBC,0xF7,0xBC,0xF7,0xBC,0xF7,0xBC,0xF7,
    0xBC,0xF7,0xBC,0xF7,0xBC,0xF7,0xBC,0xF7,0xBC,0xF7,0xBC,0xF7,0xBC,0xF7,0xBC,0xF7,
    0x9C,0xF7,0x9B,0xF7,0x9B,0xF7,0x9B,0xF7,0x9B,0xF7,0x9B,0xF7,0x7A,0xEF,0xDE,0xFF,
    0x9C,0xF7,0x39,0xE7,0xDD,0xFF,0x58,0xEF,0x38,0xEF,0x59,0xEF,0x59,0xEF,0x59,0xEF,
    0x59,0xEF,0x5A,0xF7,0x5A,0xF7,0x7A,0xF7,0x7A,0xF7,0x7A,0xF7,0x7A,0xF7,0x7B,0xF7,
    0x9B,0xF7,0x9B,0xF7,0x9B,0xF7,0x9B,0xF7,0x9B,0xF7,0x9B,0xF7,0x9C,0xF7,0x9C,0xF7,
    0x9C,0xF7,0x9C,0xFF,0xBC,0xFF,0xBC,0xFF,0xBD,0xFF,0xBD,0xFF,0xBD,0xFF,0xBD,0xFF,
    0xBC,0xFF,0xBC,0xFF,0xBD,0xFF,0xBD,0xFF,0xBD,0xFF,0xBD,0xFF,0xDD,0xFF,0xDD,0xFF,
    0xDD,0xFF,0xDD,0xFF,0xDD,0xFF,0xDD,0xFF,0xDD,0xFF,0xDD,0xFF,0xDD,0xFF,0xDD,0xFF,
    0xDD,0xFF,0xDD,0xFF,0xDD,0xFF,0xDD,0xFF,0xDD,0xFF,0xDD,0xFF,0xDD,0xFF,0xDD,0xFF,
    0xDD,0xFF,0xDD,0xFF,0xDD,0xFF,0xDD,0xFF,0xDD,0xFF,0xDD,0xFF,0xDD,0xFF,0xDD,0xFF,
    0xDD,0xFF,0xDD,0xFF,0xBD,0xFF,0xBD,0xFF,0xBD,0xFF,0xBD,0xFF,0xBD,0xFF,0xBD,0xFF,
    0xBD,0xFF,0xBD,0xFF,0xBD,0xFF,0xBD,0xFF,0xBD,0xFF,0xBD,0xFF,0xBD,0xFF,0xBD,0xFF,
    0xBD,0xFF,0xBD,0xFF,0xBD,0xFF,0xBD,0xFF,0xBD,0xFF,0xBD,0xFF,0xBD,0xFF,0xBC,0xFF,
    0xBC,0xFF,0xBC,0xFF,0xBC,0xFF,0xBC,0xFF,0xBC,0xFF,0xBC,0xFF,0xBC,0xFF,0xBC,0xFF,
    0xBC,0xFF,0xBC,0xFF,0xBC,0xFF,0xBC,0xF7,0xBC,0xF7,0xBC,0xF7,0xBC,0xF7,0xBC,0xF7,
    0xBC,0xF7,0xBC,0xF7,0xBC,0xF7,0xBC,0xF7,0xBC,0xF7,0xBC,0xF7,0xBC,0xF7,0xBC,0xF7,
    0xBC,0xF7,0xBC,0xF7,0xBC,0xF7,0xBC,0xF7,0xBC,0xF7,0xBC,0xF7,0xBC,0xF7,0xBC,0xF7,
    0xBC,0xF7,0xBC,0xF7,0xBC,0xF7,0xBC,0xF7,0xBC,0xF7,0xBC,0xF7,0xBC,0xF7,0xBC,0xF7,
    0xBC,0xF7,0xBC,0xF7,0xBC,0xF7,0xBC,0xF7,0x9C,0xF7,0x9C,0xF7,0x9C,0xF7,0x9C,0xF7,
    0x9C,0xF7,0x9C,0xF7,0x9C,0xF7,0x9C,0xF7,0x9C,0xF7,0x9C,0xF7,0x9C,0xF7,0x9C,0xF7,
    0x9C,0xF7,0x9C,0xF7,0x9C,0xF7,0x9C,0xF7,0x9C,0xF7,0x9C,0xF7,0x9C,0xF7,0x9C,0xF7,
    0x9B,0xF7,0x9B,0xF7,0x9B,0xF7,0x9B,0xF7,0x9B,0xF7,0x9B,0xF7,0x9B,0xF7,0x9B,0xF7,
    0x9B,0xF7,0x9B,0xF7,0x9B,0xF7,0x9B,0xF7,0x9B,0xF7,0x9B,0xF7,0x9B,0xF7,0x9B,0xF7,
    0x9B,0xF7,0x9B,0xF7,0x9B,0xF7,0x9B,0xF7,0x9B,0xF7,0x9B,0xF7,0x9B,0xF7,0x9B,0xF7,
    0x9B,0xF7,0x9B,0xF7,0x9B,0xF7,0x7A,0xEF,0xFE,0xFF,0x9C,0xF7,0x39,0xE7,0xDD,0xFF,
    0x58,0xEF,0x38,0xEF,0x59,0xEF,0x59,0xEF,0x59,0xEF,0x59,0xEF,0x59,0xEF,0x59,0xEF,
    0x5A,0xEF,0x7A,0xEF,0x7A,0xF7,0x7A,0xF7,0x7A,0xF7,0x7A,0xF7,0x7B,0xF7,0x9B,0xF7,
    0x9B,0xF7,0x9B,0xF7,0x9B,0xF7,0x9C,0xF7,0x9C,0xF7,0x9C,0xF7,0xBC,0xFF,0x9C,0xF7,
    0xBC,0xFF,0xBC,0xFF,0xBC,0xFF,0xBD,0xFF,0xDD,0xFF,0xBD,0xFF,0xBD,0xFF,0xBC,0xFF,
    0xBC,0xFF,0xBC,0xFF,0xBD,0xFF,0xBD,0xFF,0xBD,0xFF,0xBD,0xFF,0xDD,0xFF,0xDD,0xFF,
    0xDD,0xFF,0xDD,0xFF,0xDD,0xFF,0xDD,0xFF,0xDD,0xFF,0xDD,0xFF,0xDD,0xFF,0xDD,0xFF,
    0xBD,0xFF,0xBD,0xFF,0xBD,0xFF,0xBD,0xFF,0xBD,0xFF,0xBD,0xFF,0xBD,0xFF,0xBD,0xFF,
    0xBD,0xFF,0xBD,0xFF,0xBD,0xFF,0xBD,0xFF,0xBD,0xFF,0xBD,0xFF,0xBD,0xFF,0xBD,0xFF,
    0xBD,0xFF,0xBD,0xFF,0xBD,0xFF,0xBD,0xFF,0xBD,0xFF,0xBD,0xFF,0xBD,0xFF,0xBD,0xFF,
    0xBD,0xFF,0xBD,0xFF,0xBD,0xFF,0xBD,0xFF,0xBD,0xFF,0xBD,0xFF,0xBD,0xFF,0xBD,0xFF,
    0xBD,0xFF,0xBD,0xFF,0xBD,0xFF,0xBD,0xFF,0xBD,0xFF,0xBD,0xFF,0xBD,0xFF,0xBC,0xFF,
    0xBC,0xFF,0xBC,0xF7,0xBC,0xF7,0xBC,0xF7,0xBC,0xF7,0xBC,0xF7,0xBC,0xF7,0xBC,0xF7,
    0xBC,0xF7,0xBC,0xF7,0xBC,0xF7,0xBC,0xF7,0xBC,0xF7,0xBC,0xF7,0xBC,0xF7,0xBC,0xF7,
    0xBC,0xF7,0xBC,0xF7,0xBC,0xF7,0xBC,0xF7,0xBC,0xF7,0xBC,0xF7,0xBC,0xF7,0xBC,0xF7,
    0xBC,0xF7,0xBC,0xF7,0xBC,0xF7,0xBC,0xF7,0xBC,0xF7,0xBC,0xF7,0xBC,0xF7,0xBC,0xF7,
    0xBC,0xF7,0xBC,0xF7,0xBC,0xF7,0x9C,0xF7,0x9C,0xF7,0x9C,0xF7,0x9C,0xF7,0x9C,0xF7,
    0x9C,0xF7,0x9C,0xF7,0x9C,0xF7,0x9C,0xF7,0x9C,0xF7,0x9C,0xF7,0x9C,0xF7,0x9C,0xF7,
    0x9C,0xF7,0x9C,0xF7,0x9C,0xF7,0x9C,0xF7,0x9C,0xF7,0x9C,0xF7,0x9C,0xF7,0x9C,0xF7,
    0x9C,0xF7,0x9C,0xF7,0x9C,0xF7,0x9C,0xF7,0x9C,0xF7,0x9C,0xF7,0x9C,0xF7,0x9C,0xF7,
    0x9C,0xF7,0x9C,0xF7,0x9C,0xF7,0x9C,0xF7,0x9B,0xF7,0x9B,0xF7,0x9B,0xF7,0x9B,0xF7,
    0x9B,0xF7,0x9B,0xF7,0x9B,0xF7,0x9B,0xF7,0x9B,0xF7,0x9B,0xF7,0x9B,0xF7,0x9B,0xF7,
    0x9B,0xF7,0x9B,0xF7,0x9B,0xF7,0x9B,0xF7,0x9B,0xF7,0x9B,0xF7,0x7B,0xEF,0x9B,0xF7,
    0x7A,0xEF,0xFE,0xFF,0x9C,0xF7,0x39,0xEF,0xDC,0xFF,0x58,0xEF,0x38,0xEF,0x39,0xEF,
    0x38,0xEF,0x39,0xEF,0x59,0xEF,0x59,0xEF,0x59,0xEF,0x59,0xEF,0x59,0xEF,0x7A,0xEF,
    0x7A,0xF7,0x7A,0xF7,0x7A,0xF7,0x7A,0xF7,0x7B,0xF7,0x9B,0xF7,0x9B,0xF7,0x9B,0xF7,
    0x9B,0xF7,0x9B,0xF7,0x9C,0xF7,0xBC,0xF7,0xBC,0xFF,0xBC,0xFF,0xBC,0xFF,0xBC,0xFF,
    0xBC,0xFF,0xBC,0xFF,0xBD,0xFF,0xDD,0xFF,0xDD,0xFF,0xBD,0xFF,0xBD,0xFF,0xBC,0xFF,
    0xBD,0xFF,0xBD,0xFF,0xBD,0xFF,0xBD,0xFF,0xBD,0xFF,0xBD,0xFF,0xBD,0xFF,0xBD,0xFF,
    0xBD,0xFF,0xBD,0xFF,0xBD,0xFF,0xBD,0xFF,0xBD,0xFF,0xBD,0xFF,0xBD,0xFF,0xBD,0xFF,
    0xBD,0xFF,0xBD,0xFF,0xBD,0xFF,0xBD,0xFF,0xBC,0xFF,0xBC,0xFF,0xBC,0xFF,0xBC,0xFF,
    0xBC,0xFF,0xBC,0xFF,0xBC,0xFF,0xBC,0xFF,0xBC,0xFF,0xBC,0xFF,0xBC,0xFF,0xBC,0xFF,
    0xBC,0xFF,0xBC,0xFF,0xBC,0xFF,0xBC,0xFF,0xBC,0xFF,0xBC,0xFF,0xBC,0xFF,0xBC,0xFF,
    0xBC,0xFF,0xBC,0xFF,0xBC,0xFF,0xBC,0xFF,0xBC,0xFF,0xBC,0xFF,0xBC,0xFF,0xBC,0xFF,
    0xBC,0xFF,0xBC,0xFF,0xBC,0xFF,0xBC,0xFF,0xBC,0xFF,0xBC,0xFF,0xBC,0xF7,0xBC,0xF7,
    0xBC,0xF7,0xBC,0xF7,0xBC,0xF7,0xBC,0xF7,0xBC,0xF7,0xBC,0xF7,0xBC,0xF7,0xBC,0xF7,
    0xBC,0xF7,0xBC,0xF7,0xBC,0xF7,0xBC,0xF7,0xBC,0xF7,0xBC,0xF7,0xBC,0xF7,0xBC,0xF7,
    0xBC,0xF7,0xBC,0xF7,0xBC,0xF7,0xBC,0xF7,0xBC,0xF7,0xBC,0xF7,0xBC,0xF7,0xBC,0xF7,
    0x9C,0xF7,0x9C,0xF7,0x9C,0xF7,0x9C,0xF7,0x9C,0xF7,0x9C,0xF7,0x9C,0xF7,0x9C,0xF7,
    0x9C,0xF7,0x9C,0xF7,0x9C,0xF7,0x9C,0xF7,0x9C,0xF7,0x9C,0xF7,0x9C,0xF7,0x9C,0xF7,
    0x9C,0xF7,0x9C,0xF7,0x9C,0xF7,0x9C,0xF7,0x9C,0xF7,0x9C,0xF7,0x9C,0xF7,0x9C,0xF7,
    0x9C,0xF7,0x9C,0xF7,0x9C,0xF7,0x9B,0xF7,0x9B,0xF7,0x9B,0xF7,0x9B,0xF7,0x9B,0xF7,
    0x9B,0xF7,0x9B,0xF7,0x9B,0xF7,0x9B,0xF7,0x9B,0xF7,0x9B,0xF7,0x9B,0xF7,0x9B,0xF7,
    0x9B,0xF7,0x9B,0xF7,0x9B,0xF7,0x9B,0xF7,0x9B,0xF7,0x9B,0xF7,0x9B,0xF7,0x9B,0xF7,
    0x9B,0xF7,0x9B,0xF7,0x9B,0xF7,0x9B,0xF7,0x9B,0xF7,0x9B,0xF7,0x9B,0xF7,0x9B,0xF7,
    0x9B,0xF7,0x9B,0xF7,0x9B,0xF7,0x7B,0xEF,0x9B,0xF7,0x9B,0xEF,0xFE,0xFF,0x9C,0xF7,
    0x39,0xE7,0xDC,0xFF,0x58,0xEF,0x38,0xEF,0x38,0xEF,0x38,0xEF,0x38,0xEF,0x38,0xEF,
    0x39,0xEF,0x59,0xEF,0x59,0xEF,0x59,0xEF,0x59,0xEF,0x7A,0xEF,0x7A,0xEF,0x7A,0xF7,
    0x7A,0xF7,0x7A,0xF7,0x7A,0xF7,0x9B,0xF7,0x9B,0xF7,0x9B,0xF7,0x9B,0xF7,0x9B,0xF7,
    0xBC,0xF7,0xBC,0xFF,0xBC,0xFF,0xBC,0xFF,0xBC,0xFF,0xBC,0xFF,0xBC,0xFF,0xBC,0xFF,
    0xBD,0xFF,0xDD,0xFF,0xDD,0xFF,0xDD,0xFF,0xDD,0xFF,0xBD,0xFF,0xBD,0xFF,0xBC,0xFF,
    0xBC,0xFF,0xBD,0xFF,0xBD,0xFF,0xBD,0xFF,0xBD,0xFF,0xDD,0xFF,0xDD,0xFF,0xDD,0xFF,
    0xDD,0xFF,0xDD,0xFF,0xDE,0xFF,0xDE,0xFF,0xDE,0xFF,0xDD,0xFF,0xDD,0xFF,0xDD,0xFF,
    0xDD,0xFF,0xDD,0xFF,0xDD,0xFF,0xDD,0xFF,0xDD,0xFF,0xDD,0xFF,0xDD,0xFF,0xDD,0xFF,
    0xDD,0xFF,0xDD,0xFF,0xDD,0xFF,0xDD,0xFF,0xDD,0xFF,0xDD,0xFF,0xDE,0xFF,0xDE,0xFF,
    0xDE,0xFF,0xDE,0xFF,0xDE,0xFF,0xDE,0xFF,0xDE,0xFF,0xDE,0xFF,0xDE,0xFF,0xDE,0xFF,
    0xDE,0xFF,0xDE,0xFF,0xDE,0xFF,0xDE,0xFF,0xFE,0xFF,0xFF,0xFF,0xFE,0xFF,0xDE,0xFF,
    0xFE,0xFF,0xFE,0xFF,0xFE,0xFF,0xFF,0xFF,0xFF,0xFF,0xDD,0xFF,0xDD,0xFF,0xFE,0xFF,
    0xDE,0xFF,0xDE,0xFF,0xDE,0xFF,0xDE,0xFF,0xDE,0xFF,0xDE,0xFF,0xDE,0xFF,0xDE,0xFF,
    0xDE,0xFF,0xDE,0xFF,0xDE,0xFF,0xDE,0xFF,0xDE,0xFF,0xDE,0xFF,0xDE,0xFF,0xDE,0xFF,
    0xDE,0xFF,0xDE,0xFF,0xDE,0xFF,0xDE,0xFF,0xDE,0xFF,0xDE,0xFF,0xDE,0xFF,0xDE,0xFF,
    0xDE,0xFF,0xDE,0xFF,0xDE,0xFF,0xDE,0xFF,0xDE,0xFF,0xDE,0xFF,0xDE,0xFF,0xDE,0xFF,
    0xDE,0xFF,0xDE,0xFF,0xDE,0xFF,0xDE,0xFF,0xDE,0xFF,0xDE,0xFF,0xDD,0xFF,0xDD,0xFF,
    0xDD,0xFF,0xBD,0xFF,0xBD,0xFF,0xBD,0xFF,0xBD,0xFF,0xBD,0xFF,0xBD,0xFF,0xBD,0xFF,
    0xBD,0xFF,0xBD,0xFF,0xBD,0xFF,0xBD,0xFF,0xBD,0xFF,0xBD,0xFF,0xBD,0xFF,0xBD,0xFF,
    0xBD,0xFF,0xBD,0xFF,0xBD,0xFF,0xBD,0xF7,0xBD,0xF7,0xBD,0xF7,0xBC,0xF7,0xBC,0xF7,
    0xBC,0xF7,0xBC,0xF7,0xBC,0xF7,0xBC,0xF7,0xBC,0xF7,0x9C,0xF7,0x9C,0xF7,0x9C,0xF7,
    0x9B,0xF7,0x9B,0xF7,0x9B,0xF7,0x9B,0xF7,0x9B,0xF7,0x9B,0xF7,0x9B,0xF7,0x9B,0xEF,
    0x9B,0xF7,0x9B,0xF7,0x9B,0xEF,0xFE,0xFF,0x9C,0xF7,0x39,0xE7,0xDC,0xFF,0x57,0xEF,
    0x38,0xEF,0x38,0xEF,0x38,0xEF,0x38,0xEF,0x38,0xEF,0x38,0xEF,0x38,0xEF,0x39,0xEF,
    0x59,0xEF,0x59,0xEF,0x59,0xEF,0x59,0xEF,0x5A,0xEF,0x7A,0xF7,0x7A,0xF7,0x7A,0xF7,
    0x7A,0xF7,0x9B,0xF7,0x9B,0xF7,0x9B,0xF7,0x9B,0xF7,0x9B,0xF7,0xBB,0xF7,0xBC,0xF7,
    0xBC,0xFF,0xBC,0xFF,0xBC,0xFF,0xBC,0xFF,0xBC,0xFF,0xBD,0xFF,0xDD,0xFF,0xDD,0xFF,
    0xDD,0xFF,0xDD,0xFF,0xDD,0xFF,0xDD,0xFF,0xBD,0xFF,0xBD,0xFF,0xBD,0xFF,0xBD,0xFF,
    0xBD,0xFF,0xBD,0xFF,0xBD,0xFF,0xBD,0xFF,0xDD,0xFF,0xDD,0xFF,0xDD,0xFF,0xDD,0xFF,
    0xDD,0xFF,0xDD,0xFF,0xDE,0xFF,0xDE,0xFF,0xDE,0xFF,0xDE,0xFF,0xDD,0xFF,0xDD,0xFF,
    0xDD,0xFF,0xDD,0xFF,0xDD,0xFF,0xDD,0xFF,0xDD,0xFF,0xDD,0xFF,0xDD,0xFF,0xDD,0xFF,
    0xDD,0xFF,0xDD,0xFF,0xDE,0xFF,0xDE,0xFF,0xDD,0xFF,0xDD,0xFF,0xDE,0xFF,0xDE,0xFF,
    0xDD,0xFF,0xDD,0xFF,0xDE,0xFF,0xDE,0xFF,0xDE,0xFF,0xDE,0xFF,0xDE,0xFF,0xDE,0xFF,
    0xFE,0xFF,0xDD,0xFF,0x58,0xE7,0xBC,0xF7,0xFF,0xFF,0xFE,0xFF,0xFE,0xFF,0xFF,0xFF,
    0x9A,0xEF,0xF3,0xCE,0x2D,0xAE,0xF6,0xD6,0xFF,0xFF,0xDE,0xFF,0xDE,0xFF,0xDE,0xFF,
    0xDE,0xFF,0xDE,0xFF,0xDE,0xFF,0xDE,0xFF,0xDE,0xFF,0xDE,0xFF,0xDE,0xFF,0xDE,0xFF,
    0xDE,0xFF,0xDE,0xFF,0xDE,0xFF,0xDE,0xFF,0xDE,0xFF,0xDE,0xFF,0xDE,0xFF,0xDE,0xFF,
    0xDE,0xFF,0xDD,0xFF,0xDD,0xFF,0xDE,0xFF,0xDE,0xFF,0xDE,0xFF,0xDE,0xFF,0xDE,0xFF,
    0xDE,0xFF,0xDD,0xFF,0xDD,0xFF,0xDE,0xFF,0xDD,0xFF,0xDD,0xFF,0xDD,0xFF,0xDD,0xFF,
    0xDD,0xFF,0xDD,0xFF,0xDD,0xFF,0xDD,0xFF,0xDD,0xFF,0xBD,0xFF,0xBD,0xFF,0xBD,0xFF,
    0xBD,0xFF,0xBD,0xFF,0xBD,0xFF,0xBD,0xFF,0xBD,0xFF,0xBD,0xFF,0xBD,0xFF,0xBD,0xFF,
    0xBD,0xFF,0xBD,0xF7,0xBD,0xF7,0xBD,0xFF,0xBD,0xFF,0xBD,0xF7,0xBD,0xF7,0xBD,0xF7,
    0xBD,0xF7,0xBC,0xF7,0xBC,0xF7,0xBC,0xF7,0xBC,0xF7,0xBC,0xF7,0xBC,0xF7,0xBC,0xF7,
    0xBC,0xF7,0x9C,0xF7,0x9C,0xF7,0x9C,0xF7,0x9B,0xF7,0x9B,0xF7,0x9B,0xF7,0x9B,0xF7,
    0x9B,0xF7,0x9B,0xF7,0x9B,0xEF,0x7B,0xEF,0x7B,0xEF,0x7B,0xEF,0x9B,0xF7,0x9B,0xF7,
    0xDD,0xFF,0x9C,0xF7,0x39,0xE7,0xBC,0xF7,0x16,0xE7,0x37,0xE7,0x38,0xE7,0x38,0xE7,
    0x38,0xE7,0x38,0xE7,0x38,0xEF,0x38,0xEF,0x38,0xEF,0x59,0xEF,0x59,0xEF,0x59,0xEF,
    0x59,0xEF,0x59,0xEF,0x59,0xEF,0x7A,0xEF,0x7A,0xF7,0x7A,0xF7,0x7A,0xF7,0x7A,0xF7,
    0x9B,0xF7,0x9B,0xF7,0x9B,0xF7,0x9B,0xF7,0x9B,0xF7,0xBC,0xFF,0xBC,0xFF,0xBC,0xFF,
    0xBC,0xFF,0xDD,0xFF,0xDD,0xFF,0xDD,0xFF,0xDD,0xFF,0xDD,0xFF,0xDD,0xFF,0xDD,0xFF,
    0xDD,0xFF,0xDD,0xFF,0xDD,0xFF,0xBD,0xFF,0xBD,0xFF,0xBD,0xFF,0xBD,0xFF,0xBD,0xFF,
    0xBD,0xFF,0xDD,0xFF,0xDD,0xFF,0xDD,0xFF,0xDD,0xFF,0xDD,0xFF,0xDD,0xFF,0xDD,0xFF,
    0xDD,0xFF,0xDD,0xFF,0xDD,0xFF,0xDD,0xFF,0xDE,0xFF,0xDD,0xFF,0xDD,0xFF,0xDE,0xFF,
    0xDE,0xFF,0xDE,0xFF,0xDE,0xFF,0xDE,0xFF,0xDE,0xFF,0xDE,0xFF,0xDE,0xFF,0xDE,0xFF,
    0xDE,0xFF,0xDE,0xFF,0xDD,0xFF,0xDE,0xFF,0xDE,0xFF,0xDE,0xFF,0xDE,0xFF,0xDE,0xFF,
    0xDE,0xFF,0xDE,0xFF,0xDE,0xFF,0xDE,0xFF,0xDE,0xFF,0xFE,0xFF,0xBC,0xF7,0xD3,0xCE,
    0xD3,0xCE,0x37,0xDF,0xDD,0xFF,0xFE,0xFF,0x56,0xDF,0xCF,0xC6,0x4D,0xAE,0x88,0x8D,
    0xD6,0xCE,0xDF,0xFF,0xDD,0xFF,0xDE,0xFF,0xDE,0xFF,0xDE,0xFF,0xDE,0xFF,0xDE,0xFF,
    0xDE,0xFF,0xDE,0xFF,0xDE,0xFF,0xDE,0xFF,0xDE,0xFF,0xDE,0xFF,0xDE,0xFF,0xDE,0xFF,
    0xDE,0xFF,0xDE,0xFF,0xDE,0xFF,0xDE,0xFF,0xDE,0xFF,0xDE,0xFF,0xDE,0xFF,0xDE,0xFF,
    0xDE,0xFF,0xDE,0xFF,0xDE,0xFF,0xDE,0xFF,0xDE,0xFF,0xDE,0xFF,0xDE,0xFF,0xDD,0xFF,
    0xDD,0xFF,0xDD,0xFF,0xDD,0xFF,0xDD,0xFF,0xDD,0xFF,0xDD,0xFF,0xDD,0xFF,0xDD,0xFF,
    0xDD,0xFF,0xDD,0xFF,0xDD,0xFF,0xBD,0xFF,0xBD,0xFF,0xBD,0xFF,0xBD,0xFF,0xBD,0xFF,
    0xBD,0xFF,0xBD,0xFF,0xBD,0xFF,0xBD,0xFF,0xBD,0xFF,0xBD,0xFF,0xBD,0xFF,0xDD,0xFF,
    0xBD,0xFF,0xBD,0xF7,0xBD,0xF7,0xBC,0xF7,0xBC,0xF7,0xBC,0xF7,0xBC,0xF7,0xBC,0xF7,
    0x9C,0xF7,0xBC,0xF7,0xBC,0xF7,0xBC,0xF7,0xBC,0xF7,0xBC,0xF7,0x9C,0xF7,0x9C,0xF7,
    0x9B,0xF7,0x9B,0xF7,0x9B,0xF7,0x9B,0xF7,0x9B,0xEF,0x9B,0xEF,0x9B,0xEF,0x9B,0xEF,
    0x9B,0xEF,0x9B,0xEF,0x7B,0xEF,0x9C,0xF7,0x9B,0xEF,0xBD,0xF7,0x9C,0xF7,0x39,0xEF,
    0xDC,0xF7,0x16,0xDF,0x17,0xE7,0x37,0xE7,0x38,0xE7,0x38,0xE7,0x38,0xE7,0x38,0xE7,
    0x38,0xEF,0x38,0xEF,0x38,0xEF,0x58,0xEF,0x59,0xEF,0x59,0xEF,0x59,0xEF,0x59,0xEF,
    0x59,0xEF,0x59,0xEF,0x7A,0xEF,0x7A,0xF7,0x7A,0xF7,0x7A,0xF7,0x9B,0xF7,0x9B,0xF7,
    0x9B,0xF7,0x9B,0xF7,0xBC,0xFF,0xBC,0xFF,0xBC,0xFF,0xBC,0xFF,0xF6,0xDE,0xBC,0xF7,
    0xBC,0xFF,0xBC,0xFF,0xBC,0xFF,0xBC,0xFF,0xBC,0xFF,0xBC,0xFF,0xBC,0xFF,0xBC,0xFF,
    0xBC,0xFF,0xBC,0xFF,0xBC,0xFF,0xBC,0xFF,0xBC,0xFF,0xBC,0xFF,0xBC,0xFF,0xBC,0xFF,
    0xBC,0xFF,0xBC,0xFF,0xBC,0xFF,0xBC,0xFF,0xBC,0xFF,0xBC,0xFF,0xBC,0xFF,0xBC,0xFF,
    0xBC,0xFF,0xBC,0xFF,0xBC,0xFF,0xBC,0xFF,0xBC,0xFF,0xBD,0xFF,0xBD,0xFF,0xBD,0xFF,
    0xBD,0xFF,0xBD,0xFF,0xBD,0xFF,0xBD,0xFF,0xBD,0xFF,0xBD,0xFF,0xBD,0xFF,0xBD,0xFF,
    0xBD,0xFF,0xBD,0xFF,0xBD,0xFF,0xBD,0xFF,0xDD,0xFF,0xBD,0xFF,0xBD,0xF7,0xDE,0xFF,
    0xDE,0xFF,0xDE,0xFF,0xFE,0xFF,0xDE,0xFF,0xF4,0xD6,0x16,0xDF,0xD2,0xCE,0x79,0xEF,
    0x7A,0xEF,0x8D,0xBE,0xD1,0xC6,0xEC,0xA5,0x89,0x8D,0x18,0xDF,0xDE,0xFF,0xDE,0xFF,
    0xDE,0xFF,0xDE,0xFF,0xDD,0xFF,0xBD,0xFF,0xDD,0xFF,0xBD,0xFF,0xBD,0xFF,0xDD,0xFF,
    0xBD,0xFF,0xDD,0xFF,0xBD,0xFF,0xBD,0xFF,0xBD,0xFF,0xBD,0xFF,0xBD,0xFF,0xBD,0xFF,
    0xBD,0xFF,0xBD,0xFF,0xBD,0xFF,0xBD,0xFF,0xBD,0xFF,0xBD,0xFF,0xBD,0xFF,0xBD,0xFF,
    0xBD,0xFF,0xBD,0xFF,0xBD,0xFF,0xBD,0xF7,0xBC,0xF7,0xBD,0xF7,0xBD,0xFF,0xBD,0xF7,
    0xBD,0xF7,0xBC,0xF7,0xBC,0xF7,0xBC,0xF7,0xBD,0xF7,0xBD,0xF7,0xBC,0xF7,0xBC,0xF7,
    0xBD,0xF7,0xBD,0xF7,0xBC,0xF7,0xBC,0xF7,0xBC,0xF7,0xBC,0xF7,0xBC,0xF7,0xBC,0xF7,
    0x9C,0xF7,0x9C,0xF7,0xBC,0xF7,0x9C,0xF7,0x59,0xE7,0xBD,0xFF,0xBC,0xF7,0xBC,0xF7,
    0xBC,0xF7,0xBC,0xF7,0xBC,0xF7,0xBC,0xF7,0xBC,0xF7,0x9C,0xF7,0xBC,0xF7,0x9C,0xF7,
    0x9C,0xF7,0x9C,0xF7,0x9C,0xF7,0x9C,0xF7,0x9B,0xF7,0x9B,0xF7,0x9B,0xF7,0x9B,0xF7,
    0x9B,0xF7,0x9B,0xEF,0x9B,0xEF,0x9B,0xEF,0x9B,0xEF,0x9B,0xF7,0x9B,0xEF,0x7A,0xEF,
    0xDD,0xFF,0x7A,0xE7,0xDD,0xF7,0x9C,0xF7,0x39,0xEF,0xDC,0xFF,0x16,0xDF,0x17,0xE7,
    0x17,0xDF,0x38,0xE7,0x37,0xE7,0x38,0xE7,0x38,0xE7,0x38,0xE7,0x38,0xE7,0x38,0xEF,
    0x38,0xEF,0x38,0xEF,0x58,0xEF,0x59,0xEF,0x59,0xEF,0x59,0xEF,0x59,0xEF,0x79,0xEF,
    0x7A,0xF7,0x7A,0xF7,0x7A,0xF7,0x9A,0xF7,0x9B,0xF7,0x9B,0xF7,0x9B,0xF7,0xBB,0xF7,
    0xBB,0xFF,0xBC,0xFF,0xBB,0xF7,0x51,0xBE,0x9B,0xF7,0xBC,0xFF,0x9B,0xF7,0x9B,0xF7,
    0x9B,0xF7,0x9B,0xF7,0x9B,0xF7,0x9B,0xF7,0x9B,0xF7,0x9B,0xF7,0x9B,0xF7,0xBC,0xF7,
    0x9B,0xF7,0x9B,0xF7,0x9B,0xF7,0x9C,0xF7,0x9C,0xF7,0x9B,0xF7,0x9C,0xF7,0x9C,0xF7,
    0xBC,0xFF,0x9B,0xF7,0x9C,0xF7,0x9C,0xF7,0x9C,0xF7,0x9B,0xF7,0x9C,0xF7,0x9C,0xF7,
    0x9C,0xF7,0x9C,0xF7,0x9C,0xF7,0x9C,0xF7,0xBC,0xFF,0xBC,0xFF,0xBC,0xF7,0x9C,0xF7,
    0xBC,0xF7,0xBC,0xF7,0xBC,0xF7,0xBC,0xF7,0xBC,0xF7,0xBC,0xF7,0xBC,0xF7,0xBC,0xF7,
    0xBC,0xF7,0xBD,0xFF,0x9C,0xF7,0x9B,0xF7,0xDE,0xFF,0xDE,0xFF,0xDE,0xFF,0xDE,0xFF,
    0xFF,0xFF,0x16,0xDF,0xB2,0xCE,0x16,0xDF,0x37,0xDF,0xF4,0xCE,0x8F,0xBE,0x2E,0xAE,
    0x87,0x8D,0xCC,0x9D,0x5B,0xF7,0xBD,0xFF,0xDE,0xFF,0xDE,0xFF,0xDE,0xFF,0xBD,0xFF,
    0x9B,0xF7,0xBD,0xFF,0x9C,0xF7,0x9C,0xF7,0xBC,0xF7,0xBC,0xF7,0xBC,0xF7,0xBC,0xF7,
    0x9C,0xF7,0x9C,0xF7,0x9C,0xF7,0xBC,0xF7,0x9C,0xF7,0x9C,0xF7,0x9C,0xF7,0x9C,0xF7,
    0x9C,0xF7,0x9C,0xF7,0x9C,0xF7,0x9C,0xF7,0xBC,0xF7,0x9C,0xF7,0x9C,0xF7,0x9C,0xF7,
    0x9C,0xF7,0x9B,0xF7,0x9C,0xF7,0x9C,0xF7,0x9C,0xF7,0x9C,0xF7,0x9C,0xF7,0x9C,0xF7,
    0x9C,0xF7,0x9C,0xF7,0x9C,0xF7,0x9C,0xF7,0x9C,0xF7,0x9C,0xF7,0x9C,0xF7,0x9C,0xF7,
    0x9C,0xF7,0x9C,0xF7,0x9C,0xF7,0x9C,0xF7,0x9B,0xF7,0x9B,0xF7,0x9B,0xF7,0x9C,0xF7,
    0x7B,0xEF,0xD6,0xD6,0xBD,0xFF,0xBC,0xF7,0xBC,0xF7,0xBC,0xF7,0xBC,0xF7,0xBC,0xF7,
    0xBC,0xF7,0xBC,0xF7,0x9C,0xF7,0x9C,0xF7,0x9C,0xF7,0x9C,0xF7,0x9B,0xF7,0x9B,0xF7,
    0x9B,0xF7,0x9B,0xF7,0x9B,0xF7,0x9B,0xF7,0x9B,0xF7,0x9B,0xF7,0x9B,0xEF,0x7B,0xEF,
    0x9B,0xEF,0x9B,0xEF,0x9B,0xF7,0x9B,0xEF,0x9B,0xF7,0xDE,0xFF,0x37,0xD7,0xFF,0xFF,
    0x7A,0xF7,0x5A,0xEF,0xDC,0xFF,0x78,0xE7,0xD5,0xD6,0x37,0xE7,0xF6,0xDE,0x37,0xE7,
    0x37,0xE7,0x37,0xE7,0x37,0xE7,0x38,0xE7,0x38,0xE7,0x38,0xE7,0x38,0xEF,0x38,0xEF,
    0x58,0xEF,0x59,0xEF,0x59,0xEF,0x59,0xEF,0x59,0xEF,0x79,0xF7,0x7A,0xF7,0x7A,0xF7,
    0x7A,0xF7,0x9A,0xF7,0x9B,0xF7,0x9B,0xF7,0xBB,0xF7,0xBB,0xFF,0xBB,0xFF,0xBC,0xFF,
    0xDD,0xFF,0xDC,0xFF,0xDC,0xFF,0xBC,0xFF,0xDC,0xFF,0xBC,0xFF,0xBC,0xFF,0xBC,0xFF,
    0xBC,0xFF,0xBC,0xFF,0xBC,0xFF,0xDD,0xFF,0xBD,0xFF,0xDD,0xFF,0xDD,0xFF,0xDD,0xFF,
    0xBD,0xFF,0xBD,0xFF,0xDD,0xFF,0xDD,0xFF,0xDD,0xFF,0xDD,0xFF,0xDD,0xFF,0xDD,0xFF,
    0xDD,0xFF,0xDD,0xFF,0xDD,0xFF,0xDD,0xFF,0xDD,0xFF,0xDD,0xFF,0xDD,0xFF,0xDD,0xFF,
    0xDD,0xFF,0xDD,0xFF,0xDD,0xFF,0xDD,0xFF,0xDD,0xFF,0xDD,0xFF,0xDE,0xFF,0xDE,0xFF,
    0xDE,0xFF,0xDE,0xFF,0xDE,0xFF,0xDE,0xFF,0xDE,0xFF,0xDE,0xFF,0xDE,0xFF,0xDE,0xFF,
    0xDE,0xFF,0xDE,0xFF,0xDE,0xFF,0xDE,0xFF,0xDE,0xFF,0xDE,0xFF,0xBC,0xF7,0xD4,0xD6,
    0x91,0xC6,0x38,0xE7,0x16,0xD7,0x2D,0xAE,0x88,0x8D,0xEC,0x9D,0x18,0xDF,0x9D,0xF7,
    0xBD,0xFF,0xDE,0xFF,0xDE,0xFF,0xDE,0xFF,0xDE,0xFF,0xDE,0xFF,0xDE,0xFF,0xDE,0xFF,
    0xDE,0xFF,0xDE,0xFF,0xDE,0xFF,0xDE,0xFF,0xDE,0xFF,0xDE,0xFF,0xDE,0xFF,0xDE,0xFF,
    0xDE,0xFF,0xDE,0xFF,0xDE,0xFF,0xDE,0xFF,0xDE,0xFF,0xDE,0xFF,0xDE,0xFF,0xDE,0xFF,
    0xDE,0xFF,0xDE,0xFF,0xDE,0xFF,0xDE,0xFF,0xDD,0xFF,0xDD,0xFF,0xDD,0xFF,0xDD,0xFF,
    0xDD,0xFF,0xDD,0xFF,0xDD,0xFF,0xDD,0xFF,0xDD,0xFF,0xDD,0xFF,0xDD,0xFF,0xDD,0xFF,
    0xDD,0xFF,0xDD,0xFF,0xDD,0xFF,0xBD,0xFF,0xBD,0xFF,0xBD,0xFF,0xBD,0xFF,0xBD,0xFF,
    0xBD,0xFF,0xBD,0xFF,0xBD,0xFF,0xBD,0xFF,0xBC,0xF7,0xBD,0xF7,0xDD,0xFF,0xBC,0xF7,
    0xBC,0xF7,0xBC,0xF7,0xBC,0xF7,0x9C,0xF7,0x9C,0xF7,0xBC,0xF7,0x9C,0xF7,0x9C,0xF7,
    0x9C,0xF7,0x9C,0xF7,0x9B,0xF7,0x9B,0xF7,0x9B,0xF7,0x9B,0xF7,0x9B,0xF7,0x9B,0xF7,
    0x9B,0xF7,0x9B,0xF7,0x7B,0xEF,0x7B,0xEF,0x7B,0xEF,0x9B,0xEF,0x9B,0xEF,0x9B,0xEF,
    0x9A,0xEF,0xFF,0xFF,0x7A,0xE7,0x7A,0xE7,0xFF,0xFF,0x59,0xEF,0x5A,0xEF,0x7B,0xF7,
    0xFD,0xFF,0xD4,0xD6,0xF5,0xDE,0x16,0xDF,0xF6,0xDE,0x17,0xE7,0x37,0xE7,0x37,0xE7,
    0x37,0xE7,0x38,0xE7,0x38,0xE7,0x38,0xE7,0x38,0xEF,0x38,0xEF,0x58,0xEF,0x58,0xEF,
    0x59,0xEF,0x59,0xEF,0x59,0xEF,0x79,0xEF,0x79,0xF7,0x7A,0xF7,0x9A,0xF7,0x9A,0xF7,
    0x9B,0xF7,0x9B,0xF7,0xBB,0xFF,0xBB,0xFF,0xBB,0xFF,0xBB,0xFF,0xBC,0xFF,0xBC,0xFF,
    0xBC,0xFF,0xBC,0xFF,0xBC,0xFF,0xBC,0xFF,0xBC,0xFF,0xBC,0xFF,0xBC,0xFF,0xBC,0xFF,
    0xBC,0xFF,0xBC,0xFF,0xBC,0xFF,0xBC,0xFF,0xBC,0xFF,0xBC,0xFF,0xBC,0xFF,0xBD,0xFF,
    0xDD,0xFF,0xDD,0xFF,0xDD,0xFF,0xDD,0xFF,0xDD,0xFF,0xDD,0xFF,0xDD,0xFF,0xDD,0xFF,
    0xDD,0xFF,0xDD,0xFF,0xDD,0xFF,0xDD,0xFF,0xDD,0xFF,0xDD,0xFF,0xDD,0xFF,0xDD,0xFF,
    0xDD,0xFF,0xDD,0xFF,0xDD,0xFF,0xDD,0xFF,0xDD,0xFF,0xDD,0xFF,0xDD,0xFF,0xDD,0xFF,
    0xDD,0xFF,0xDD,0xFF,0xDE,0xFF,0xDE,0xFF,0xDD,0xFF,0xDD,0xFF,0xDE,0xFF,0xDE,0xFF,
    0xDE,0xFF,0xDE,0xFF,0xDE,0xFF,0xDE,0xFF,0x9C,0xF7,0x3A,0xE7,0xF6,0xD6,0xD4,0xCE,
    0xB5,0xCE,0xB5,0xCE,0x3A,0xEF,0x7C,0xF7,0xBD,0xF7,0xDE,0xFF,0xDE,0xFF,0xDE,0xFF,
    0xDE,0xFF,0xDE,0xFF,0xDE,0xFF,0xDE,0xFF,0xDE,0xFF,0xDD,0xFF,0xDE,0xFF,0xDD,0xFF,
    0xDD,0xFF,0xDD,0xFF,0xDE,0xFF,0xDE,0xFF,0xDD,0xFF,0xDD,0xFF,0xDD,0xFF,0xDD,0xFF,
    0xDD,0xFF,0xDD,0xFF,0xDD,0xFF,0xDD,0xFF,0xDD,0xFF,0xDD,0xFF,0xDD,0xFF,0xDD,0xFF,
    0xDD,0xFF,0xDD,0xFF,0xDD,0xFF,0xBD,0xFF,0xBD,0xFF,0xBD,0xFF,0xBD,0xFF,0xBD,0xFF,
    0xBD,0xFF,0xBD,0xFF,0xBD,0xFF,0xBD,0xFF,0xBD,0xFF,0xBD,0xFF,0xBD,0xFF,0xBD,0xFF,
    0xBD,0xFF,0xBC,0xF7,0xBC,0xF7,0xBC,0xF7,0xBC,0xF7,0xBC,0xF7,0xBC,0xF7,0xBC,0xF7,
    0xBC,0xF7,0xBC,0xF7,0xBC,0xF7,0xBC,0xF7,0xBC,0xF7,0xBC,0xF7,0x9C,0xF7,0xBC,0xF7,
    0x9C,0xF7,0x9C,0xF7,0x9C,0xF7,0x9C,0xF7,0x9B,0xF7,0x9B,0xF7,0x9B,0xF7,0x9B,0xF7,
    0x9B,0xF7,0x9B,0xF7,0x9B,0xF7,0x7B,0xEF,0x9B,0xEF,0x7B,0xEF,0x7B,0xEF,0x7B,0xEF,
    0x7B,0xEF,0x9B,0xEF,0x9B,0xF7,0x9B,0xEF,0x9A,0xEF,0xFE,0xFF,0xBC,0xEF,0x16,0xCF,
    0xFF,0xFF,0xDC,0xFF,0x38,0xE7,0x5A,0xEF,0x59,0xEF,0xFE,0xFF,0xDB,0xF7,0xB2,0xC6,
    0xD5,0xD6,0x37,0xE7,0x17,0xE7,0x17,0xE7,0x17,0xE7,0x17,0xE7,0x17,0xE7,0x37,0xE7,
    0x38,0xE7,0x38,0xE7,0x38,0xE7,0x38,0xEF,0x38,0xEF,0x58,0xEF,0x59,0xEF,0x59,0xEF,
    0x59,0xEF,0x79,0xF7,0x7A,0xF7,0x7A,0xF7,0x9A,0xF7,0x9A,0xF7,0x9B,0xF7,0x9B,0xF7,
    0xBB,0xFF,0xBB,0xFF,0xBB,0xFF,0xBB,0xFF,0xBC,0xFF,0xBC,0xFF,0xBC,0xFF,0xBC,0xFF,
    0xBC,0xFF,0xBC,0xFF,0xBC,0xFF,0xDC,0xFF,0xBC,0xFF,0xBC,0xFF,0xBC,0xFF,0xBC,0xFF,
    0xBC,0xFF,0xBC,0xFF,0xDD,0xFF,0xDD,0xFF,0xDD,0xFF,0xDD,0xFF,0xDD,0xFF,0xDD,0xFF,
    0xDD,0xFF,0xDD,0xFF,0xDD,0xFF,0xDD,0xFF,0xDD,0xFF,0xDD,0xFF,0xDD,0xFF,0xDD,0xFF,
    0xDD,0xFF,0xDD,0xFF,0xDD,0xFF,0xDD,0xFF,0xDD,0xFF,0xDD,0xFF,0xDD,0xFF,0xDD,0xFF,
    0xDD,0xFF,0xDD,0xFF,0xDD,0xFF,0xDD,0xFF,0xDD,0xFF,0xDE,0xFF,0xDD,0xFF,0xDE,0xFF,
    0xDE,0xFF,0xDE,0xFF,0xDE,0xFF,0xDE,0xFF,0xDE,0xFF,0xDE,0xFF,0xDE,0xFF,0xDE,0xFF,
    0xDE,0xFF,0xDD,0xFF,0xDE,0xFF,0x5A,0xEF,0x5A,0xEF,0x9D,0xFF,0x9C,0xF7,0x9C,0xF7,
    0xBD,0xF7,0xDD,0xFF,0xDE,0xFF,0xDE,0xFF,0xDE,0xFF,0xDE,0xFF,0xDE,0xFF,0xDE,0xFF,
    0xDE,0xFF,0xDE,0xFF,0xDE,0xFF,0xDE,0xFF,0xDD,0xFF,0xDD,0xFF,0xDE,0xFF,0xDD,0xFF,
    0xDD,0xFF,0xDE,0xFF,0xDD,0xFF,0xDD,0xFF,0xDD,0xFF,0xDD,0xFF,0xDD,0xFF,0xDD,0xFF,
    0xDD,0xFF,0xDD,0xFF,0xDD,0xFF,0xDD,0xFF,0xDD,0xFF,0xDD,0xFF,0xDD,0xFF,0xDD,0xFF,
    0xBD,0xFF,0xBD,0xFF,0xBD,0xFF,0xBD,0xFF,0xBD,0xFF,0xBD,0xFF,0xBD,0xFF,0xBD,0xFF,
    0xBD,0xFF,0xBD,0xFF,0xBC,0xFF,0xBC,0xF7,0xBC,0xF7,0xBC,0xF7,0xBC,0xF7,0xBC,0xF7,
    0xBC,0xF7,0xBC,0xF7,0xBC,0xF7,0xBC,0xF7,0xBC,0xF7,0xBC,0xF7,0xBC,0xF7,0xBC,0xF7,
    0xBC,0xF7,0xBC,0xF7,0x9C,0xF7,0x9C,0xF7,0x9C,0xF7,0x9C,0xF7,0x9C,0xF7,0x9B,0xF7,
    0x9B,0xF7,0x9B,0xF7,0x9B,0xF7,0x9B,0xF7,0x9B,0xF7,0x9B,0xF7,0x9B,0xF7,0x9B,0xF7,
    0x7B,0xEF,0x7B,0xEF,0x7B,0xEF,0x7B,0xEF,0x7B,0xEF,0x9B,0xF7,0x9B,0xF7,0x9B,0xEF,
    0x9B,0xF7,0xFE,0xFF,0xBC,0xEF,0x15,0xCF,0xDE,0xF7,0xFF,0xFF,0x79,0xEF,0x19,0xE7,
    0x5A,0xEF,0x39,0xF7,0x7A,0xF7,0xFE,0xFF,0xDB,0xF7,0xF4,0xCE,0xD4,0xCE,0x17,0xDF,
    0x38,0xE7,0x58,0xEF,0x38,0xE7,0x17,0xE7,0x17,0xE7,0x37,0xE7,0x37,0xE7,0x38,0xE7,
    0x38,0xEF,0x38,0xEF,0x58,0xEF,0x59,0xEF,0x59,0xEF,0x59,0xEF,0x79,0xEF,0x79,0xF7,
    0x7A,0xF7,0x9A,0xF7,0x9A,0xF7,0x9A,0xF7,0x9A,0xF7,0x9B,0xF7,0xBB,0xFF,0xBB,0xFF,
    0xBB,0xFF,0xBB,0xFF,0xBB,0xFF,0xBB,0xFF,0xBB,0xFF,0xBC,0xFF,0xBC,0xFF,0xBC,0xFF,
    0xBC,0xFF,0xBC,0xFF,0xBC,0xFF,0xBC,0xFF,0xDC,0xFF,0xDC,0xFF,0xDD,0xFF,0xDD,0xFF,
    0xDD,0xFF,0xDD,0xFF,0xDD,0xFF,0xDD,0xFF,0xDD,0xFF,0xDD,0xFF,0xDD,0xFF,0xDD,0xFF,
    0xDD,0xFF,0xDD,0xFF,0xDD,0xFF,0xDD,0xFF,0xDD,0xFF,0xDD,0xFF,0xDD,0xFF,0xDD,0xFF,
    0xDD,0xFF,0xDD,0xFF,0xDD,0xFF,0xDE,0xFF,0xDE,0xFF,0xDD,0xFF,0xDD,0xFF,0xDE,0xFF,
    0xDE,0xFF,0xDD,0xFF,0xDD,0xFF,0xDD,0xFF,0xDE,0xFF,0xDE,0xFF,0xDE,0xFF,0xDE,0xFF,
    0xDE,0xFF,0xDE,0xFF,0xDE,0xFF,0xDE,0xFF,0xDE,0xFF,0xDE,0xFF,0xDE,0xFF,0xDE,0xFF,
    0xFE,0xFF,0xDE,0xFF,0xBD,0xFF,0xBD,0xFF,0xDE,0xFF,0xDE,0xFF,0xDE,0xFF,0xDE,0xFF,
    0xDE,0xFF,0xDE,0xFF,0xDE,0xFF,0xDE,0xFF,0xDE,0xFF,0xDE,0xFF,0xDE,0xFF,0xDE,0xFF,
    0xDE,0xFF,0xDE,0xFF,0xDD,0xFF,0xDE,0xFF,0xDE,0xFF,0xDD,0xFF,0xDE,0xFF,0xDD,0xFF,
    0xDD,0xFF,0xDD,0xFF,0xDD,0xFF,0xDD,0xFF,0xDD,0xFF,0xDD,0xFF,0xDD,0xFF,0xDD,0xFF,
    0xDD,0xFF,0xDD,0xFF,0xDD,0xFF,0xDD,0xFF,0xDD,0xFF,0xBD,0xFF,0xDD,0xFF,0xDD,0xFF,
    0xBD,0xFF,0xBD,0xFF,0xBD,0xFF,0xBC,0xF7,0xBD,0xFF,0xBD,0xF7,0xBC,0xFF,0xBC,0xF7,
    0xBC,0xF7,0xBC,0xF7,0xBC,0xF7,0xBC,0xF7,0xBC,0xF7,0xBC,0xF7,0xBC,0xF7,0xBC,0xF7,
    0xBC,0xF7,0xBC,0xF7,0xBC,0xF7,0x9C,0xF7,0x9C,0xF7,0x9C,0xF7,0x9C,0xF7,0x9C,0xF7,
    0x9C,0xF7,0x9B,0xF7,0x9B,0xF7,0x9B,0xF7,0x9B,0xF7,0x9B,0xF7,0x9B,0xF7,0x9B,0xF7,
    0x9B,0xF7,0x9B,0xF7,0x9B,0xF7,0x9B,0xEF,0x9B,0xEF,0x9B,0xEF,0x9B,0xEF,0x9B,0xEF,
    0x9B,0xEF,0x9B,0xEF,0x9B,0xF7,0x9B,0xF7,0xDD,0xFF,0xFE,0xFF,0x79,0xE7,0x15,0xCF,
    0xDE,0xF7,0xFF,0xFF,0xBB,0xF7,0x18,0xE7,0x3A,0xE7,0x5A,0xEF,0x5A,0xF7,0x38,0xEF,
    0x9B,0xF7,0xFE,0xFF,0xFC,0xFF,0x77,0xE7,0xF4,0xD6,0x15,0xDF,0x37,0xE7,0x59,0xEF,
    0x59,0xEF,0x58,0xEF,0x38,0xE7,0x38,0xE7,0x38,0xE7,0x38,0xE7,0x58,0xEF,0x58,0xEF,
    0x58,0xEF,0x59,0xEF,0x59,0xEF,0x79,0xEF,0x79,0xF7,0x7A,0xF7,0x9A,0xF7,0x9A,0xF7,
    0x9A,0xF7,0x9A,0xF7,0x9B,0xF7,0xBB,0xFF,0xBB,0xFF,0xBB,0xFF,0xBB,0xFF,0xBB,0xFF,
    0xBB,0xFF,0xBB,0xFF,0xBC,0xFF,0xBC,0xFF,0xBC,0xFF,0xDC,0xFF,0xBC,0xFF,0xDC,0xFF,
    0xDC,0xFF,0xDC,0xFF,0xDC,0xFF,0xDD,0xFF,0xDD,0xFF,0xDD,0xFF,0xDD,0xFF,0xDD,0xFF,
    0xDD,0xFF,0xDD,0xFF,0xDD,0xFF,0xDD,0xFF,0xDD,0xFF,0xDD,0xFF,0xDD,0xFF,0xDD,0xFF,
    0xDD,0xFF,0xDD,0xFF,0xDD,0xFF,0xDD,0xFF,0xDD,0xFF,0xDD,0xFF,0xDE,0xFF,0xDE,0xFF,
    0xDE,0xFF,0xDE,0xFF,0xDD,0xFF,0xDE,0xFF,0xDE,0xFF,0xDE,0xFF,0xDE,0xFF,0xDE,0xFF,
    0xDE,0xFF,0xDE,0xFF,0xDE,0xFF,0xDE,0xFF,0xDE,0xFF,0xDE,0xFF,0xDE,0xFF,0xDE,0xFF,
    0xDE,0xFF,0xDE,0xFF,0xDE,0xFF,0xDE,0xFF,0xDE,0xFF,0xDE,0xFF,0xDE,0xFF,0xDE,0xFF,
    0xDE,0xFF,0xDE,0xFF,0xDE,0xFF,0xDE,0xFF,0xDE,0xFF,0xDE,0xFF,0xDE,0xFF,0xDE,0xFF,
    0xDE,0xFF,0xDD,0xFF,0xDD,0xFF,0xDD,0xFF,0xDD,0xFF,0xDD,0xFF,0xDD,0xFF,0xDE,0xFF,
    0xDD,0xFF,0xDD,0xFF,0xDD,0xFF,0xDD,0xFF,0xDD,0xFF,0xDD,0xFF,0xDD,0xFF,0xDD,0xFF,
    0xDD,0xFF,0xDD,0xFF,0xDD,0xFF,0xDD,0xFF,0xDD,0xFF,0xDD,0xFF,0xBD,0xFF,0xBD,0xFF,
    0xBD,0xFF,0xBD,0xFF,0xBD,0xFF,0xBD,0xFF,0xBC,0xF7,0xBC,0xF7,0xBC,0xF7,0xBC,0xF7,
    0xBC,0xF7,0xBC,0xF7,0xBC,0xF7,0xBC,0xF7,0x9C,0xF7,0xBC,0xF7,0xBC,0xF7,0xBC,0xF7,
    0xBC,0xF7,0x9C,0xF7,0x9C,0xF7,0x9C,0xF7,0x9C,0xF7,0x9C,0xF7,0x9C,0xF7,0x9C,0xF7,
    0x9C,0xF7,0x9B,0xF7,0x9B,0xF7,0x9B,0xF7,0x9B,0xF7,0x9B,0xF7,0x9B,0xF7,0x9B,0xF7,
    0x9B,0xF7,0x9B,0xF7,0x9B,0xF7,0x9B,0xF7,0x9B,0xF7,0x9B,0xEF,0x9B,0xEF,0x9B,0xEF,
    0x9B,0xF7,0x9B,0xF7,0x9B,0xF7,0x9B,0xF7,0x9B,0xF7,0x9B,0xF7,0xBC,0xF7,0xDD,0xFF,
    0xDD,0xFF,0xBC,0xF7,0x79,0xE7,0x9A,0xEF,0xFE,0xFF,0xFE,0xFF,0xDB,0xFF,0x38,0xE7,
    0x39,0xE7,0x3A,0xEF,0x7B,0xEF,0x7A,0xF7,0x5A,0xF7,0x38,0xEF,0xBB,0xFF,0xFE,0xFF,
    0xFB,0xFF,0xDA,0xFF,0x98,0xF7,0x77,0xEF,0x77,0xEF,0x78,0xEF,0x99,0xEF,0x99,0xF7,
    0x9A,0xF7,0x9A,0xF7,0xBA,0xF7,0xBA,0xF7,0x9B,0xF7,0xBB,0xF7,0xBB,0xF7,0xBB,0xF7,
    0xBB,0xF7,0xBB,0xF7,0xBC,0xFF,0xBC,0xFF,0xDC,0xFF,0xDC,0xFF,0xDC,0xFF,0xDC,0xFF,
    0xDC,0xFF,0xDC,0xFF,0xDC,0xFF,0xDC,0xFF,0xDC,0xFF,0xDC,0xFF,0xDD,0xFF,0xDD,0xFF,
    0xFD,0xFF,0xFD,0xFF,0xFD,0xFF,0xFD,0xFF,0xFE,0xFF,0xFE,0xFF,0xFE,0xFF,0xFE,0xFF,
    0xFE,0xFF,0xFE,0xFF,0xFE,0xFF,0xFE,0xFF,0xFE,0xFF,0xFE,0xFF,0xFE,0xFF,0xFF,0xFF,
    0xFF,0xFF,0xFF,0xFF,0xFF,0xFF,0xFF,0xFF,0xFF,0xFF,0xFE,0xFF,0xFE,0xFF,0xFE,0xFF,
    0xFE,0xFF,0xFF,0xFF,0xFF,0xFF,0xFF,0xFF,0xFE,0xFF,0xFE,0xFF,0xFE,0xFF,0xFE,0xFF,
    0xFE,0xFF,0xFE,0xFF,0xFE,0xFF,0xFE,0xFF,0xFE,0xFF,0xDE,0xFF,0xFE,0xFF,0xDE,0xFF,
    0xDE,0xFF,0xDE,0xFF,0xDE,0xFF,0xFE,0xFF,0xFE,0xFF,0xDE,0xFF,0xDE,0xFF,0xDE,0xFF,
    0xDE,0xFF,0xDE,0xFF,0xDE,0xFF,0xFE,0xFF,0xDE,0xFF,0xDE,0xFF,0xDE,0xFF,0xDE,0xFF,
    0xDE,0xFF,0xDE,0xFF,0xDE,0xFF,0xDE,0xFF,0xDE,0xFF,0xDE,0xFF,0xDE,0xFF,0xDD,0xFF,
    0xDD,0xFF,0xDD,0xFF,0xDD,0xFF,0xDD,0xFF,0xDD,0xFF,0xDD,0xFF,0xBD,0xFF,0xBD,0xFF,
    0xBD,0xFF,0xBD,0xFF,0xBD,0xFF,0xBD,0xFF,0xBD,0xFF,0xBC,0xF7,0xBC,0xF7,0xBC,0xF7,
    0xBC,0xF7,0xBC,0xF7,0xBC,0xF7,0xBC,0xF7,0xBC,0xF7,0xBC,0xF7,0xBC,0xF7,0xBC,0xF7,
    0xBC,0xF7,0xBC,0xF7,0xBC,0xF7,0xBC,0xF7,0xBC,0xF7,0xBC,0xF7,0x9C,0xF7,0x9C,0xF7,
    0x9C,0xF7,0x9C,0xF7,0x9C,0xF7,0x9B,0xF7,0x9C,0xF7,0x9C,0xF7,0x9C,0xF7,0xBC,0xF7,
    0xBC,0xF7,0xBC,0xF7,0xBC,0xF7,0xBC,0xF7,0xBC,0xF7,0xBC,0xF7,0xBC,0xF7,0xBC,0xF7,
    0xBC,0xF7,0xBC,0xF7,0xBC,0xF7,0xBC,0xF7,0xBC,0xF7,0xBC,0xF7,0xBC,0xF7,0xBC,0xF7,
    0xBC,0xF7,0xBC,0xF7,0xBC,0xF7,0xBC,0xF7,0xBC,0xF7,0xBC,0xF7,0xBC,0xF7,0xBC,0xF7,
    0xBC,0xF7,0xDC,0xF7,0xDC,0xFF,0xDC,0xFF,0xBC,0xF7,0xBB,0xF7,0xBB,0xF7,0xDD,0xFF,
    0xFE,0xFF,0xFD,0xFF,0xDA,0xFF,0x38,0xE7,0x19,0xE7,0x39,0xE7,0x5A,0xEF,0x7B,0xF7,
    0x7B,0xF7,0x7A,0xF7,0x5A,0xF7,0x38,0xEF,0x7A,0xF7,0xDD,0xFF,0xFD,0xFF,0xFB,0xFF,
    0xDA,0xFF,0xB8,0xF7,0x98,0xF7,0x77,0xEF,0x77,0xEF,0x77,0xEF,0x77,0xEF,0x77,0xEF,
    0x77,0xEF,0x77,0xEF,0x77,0xEF,0x77,0xEF,0x78,0xEF,0x78,0xEF,0x78,0xEF,0x78,0xEF,
    0x99,0xF7,0x99,0xF7,0x99,0xF7,0x99,0xF7,0x99,0xF7,0xBA,0xF7,0xBA,0xF7,0xBA,0xFF,
    0xBA,0xFF,0xBA,0xFF,0xBA,0xFF,0xBB,0xFF,0xDB,0xFF,0xDB,0xFF,0xDB,0xFF,0xDB,0xFF,
    0xDB,0xFF,0xDB,0xFF,0xDB,0xFF,0xDB,0xFF,0xDB,0xFF,0xDC,0xFF,0xDC,0xFF,0xFC,0xFF,
    0xDC,0xFF,0xFC,0xFF,0xFC,0xFF,0xFC,0xFF,0xFC,0xFF,0xFC,0xFF,0xFC,0xFF,0xFC,0xFF,
    0xFC,0xFF,0xFC,0xFF,0xFC,0xFF,0xFC,0xFF,0xFC,0xFF,0xFC,0xFF,0xDC,0xFF,0xDC,0xFF,
    0xDC,0xFF,0xDC,0xFF,0xDC,0xFF,0xDC,0xFF,0xDC,0xFF,0xDC,0xFF,0xDC,0xFF,0xDC,0xFF,
    0xDD,0xFF,0xDD,0xFF,0xDD,0xFF,0xDD,0xFF,0xDD,0xFF,0xDD,0xFF,0xDD,0xFF,0xDD,0xFF,
    0xDD,0xFF,0xDD,0xFF,0xDD,0xFF,0xDD,0xFF,0xDD,0xFF,0xDD,0xFF,0xDD,0xFF,0xDD,0xFF,
    0xDD,0xFF,0xDE,0xFF,0xDE,0xFF,0xDD,0xFF,0xDD,0xFF,0xDD,0xFF,0xDD,0xFF,0xDD,0xFF,
    0xDD,0xFF,0xDD,0xFF,0xDD,0xFF,0xDD,0xFF,0xDD,0xFF,0xBD,0xFF,0xDD,0xFF,0xDD,0xFF,
    0xDD,0xFF,0xDD,0xFF,0xBD,0xFF,0xBD,0xFF,0xDD,0xFF,0xBD,0xFF,0xBD,0xFF,0xBD,0xFF,
    0xBD,0xFF,0xBD,0xFF,0xBD,0xFF,0xBC,0xFF,0xBC,0xFF,0xBC,0xF7,0xBC,0xF7,0xBC,0xF7,
    0xBC,0xF7,0xBC,0xF7,0xBC,0xF7,0xBC,0xF7,0xBC,0xF7,0xBC,0xF7,0xBC,0xF7,0xBC,0xF7,
    0xBC,0xF7,0xBC,0xF7,0xBC,0xF7,0xBC,0xF7,0xBC,0xF7,0xBC,0xF7,0xBC,0xF7,0xBC,0xF7,
    0xBC,0xF7,0xBC,0xF7,0xBC,0xF7,0xBB,0xF7,0xBC,0xF7,0xBC,0xF7,0xBC,0xF7,0xBC,0xF7,
    0xBB,0xF7,0xBB,0xF7,0xBB,0xF7,0x9B,0xF7,0xBB,0xF7,0xBB,0xF7,0x9B,0xF7,0x9B,0xF7,
    0x9B,0xF7,0x9B,0xF7,0x9B,0xF7,0x9B,0xF7,0x9B,0xF7,0x9B,0xF7,0x9B,0xF7,0x9B,0xF7,
    0x9B,0xF7,0x9B,0xF7,0x9B,0xF7,0x9B,0xF7,0x9B,0xF7,0x9B,0xF7,0x9B,0xF7,0xBB,0xF7,
    0xBB,0xF7,0xBB,0xF7,0xBC,0xF7,0xDC,0xFF,0xFC,0xFF,0xFC,0xFF,0xBA,0xF7,0x38,0xE7,
    0x19,0xE7,0x39,0xE7,0x5A,0xEF,0x7B,0xEF,0x9C,0xF7,
};
const lv_image_dsc_t ui_img_environment_v3_hero = {
    .header = { .magic = LV_IMAGE_HEADER_MAGIC, .cf = LV_COLOR_FORMAT_RGB565,
                .flags = 0, .w = 181, .h = 81, .stride = 362, .reserved_2 = 0 },
    .data_size = sizeof(ui_img_environment_v3_hero_data), .data = ui_img_environment_v3_hero_data, .reserved = NULL,
};

static const LV_ATTRIBUTE_MEM_ALIGN uint8_t ui_img_environment_v3_temp_card_data[] = {
    0x9B,0xF7,0xBC,0xFF,0x7B,0xF7,0x7A,0xF7,0x9C,0xFF,0x9C,0xFF,0xDE,0xFF,0xDE,0xFF,
    0xDE,0xFF,0xDE,0xFF,0xDE,0xFF,0xDE,0xFF,0xDE,0xFF,0xDE,0xFF,0xDE,0xFF,0xFE,0xFF,
    0xDE,0xFF,0xFE,0xFF,0xDE,0xFF,0xFE,0xFF,0xFE,0xFF,0xFE,0xFF,0xFE,0xFF,0xFE,0xFF,
    0xFE,0xFF,0xDE,0xFF,0xDE,0xFF,0xFE,0xFF,0xFE,0xFF,0xFE,0xFF,0xFE,0xFF,0xFE,0xFF,
    0xFE,0xFF,0xFE,0xFF,0xFE,0xFF,0xFF,0xFF,0xFF,0xFF,0xFF,0xFF,0xFF,0xFF,0xFF,0xFF,
    0xFF,0xFF,0xFE,0xFF,0xFE,0xFF,0xFE,0xFF,0xFE,0xFF,0xFE,0xFF,0xFE,0xFF,0xFE,0xFF,
    0xFE,0xFF,0xFE,0xFF,0xFE,0xFF,0xDE,0xFF,0xFE,0xFF,0xFE,0xFF,0xFE,0xFF,0xFE,0xFF,
    0xFE,0xFF,0xFE,0xFF,0xFE,0xFF,0xFE,0xFF,0xFE,0xFF,0xFE,0xFF,0xFE,0xFF,0xFE,0xFF,
    0xFE,0xFF,0xDE,0xFF,0xDE,0xFF,0xDE,0xFF,0xDE,0xFF,0xDE,0xFF,0xFE,0xFF,0xDE,0xFF,
    0xDE,0xFF,0xDE,0xFF,0xDE,0xFF,0xDE,0xFF,0xFE,0xFF,0xDE,0xFF,0xDE,0xFF,0xDE,0xFF,
    0xDE,0xFF,0xDE,0xFF,0xDE,0xFF,0xDE,0xFF,0xDD,0xFF,0x7B,0xF7,0x7A,0xF7,0x9B,0xF7,
    0x9B,0xF7,0xBC,0xFF,0x5A,0xF7,0x9C,0xFF,0x9C,0xFF,0xDE,0xFF,0xDE,0xFF,0xBD,0xFF,
    0xBD,0xFF,0xBD,0xFF,0xBD,0xFF,0xBD,0xFF,0xBD,0xFF,0xBD,0xFF,0xDD,0xFF,0xDD,0xFF,
    0xDD,0xFF,0xDD,0xFF,0xDD,0xFF,0xDD,0xFF,0xDD,0xFF,0xDD,0xFF,0xDD,0xFF,0xDD,0xFF,
    0xDD,0xFF,0xDD,0xFF,0xDD,0xFF,0xDD,0xFF,0xDD,0xFF,0xDD,0xFF,0xDD,0xFF,0xDD,0xFF,
    0xDD,0xFF,0xDD,0xFF,0xDD,0xFF,0xDD,0xFF,0xDD,0xFF,0xDD,0xFF,0xDD,0xFF,0xDD,0xFF,
    0xDD,0xFF,0xDD,0xFF,0xDD,0xFF,0xDD,0xFF,0xDD,0xFF,0xDD,0xFF,0xDD,0xFF,0xDD,0xFF,
    0xDD,0xFF,0xDD,0xFF,0xDD,0xFF,0xDD,0xFF,0xDD,0xFF,0xDD,0xFF,0xDD,0xFF,0xDD,0xFF,
    0xDD,0xFF,0xDD,0xFF,0xDD,0xFF,0xDD,0xFF,0xDD,0xFF,0xDD,0xFF,0xBD,0xFF,0xBD,0xFF,
    0xDD,0xFF,0xBD,0xFF,0xBD,0xFF,0xBD,0xFF,0xBD,0xFF,0xBD,0xFF,0xDD,0xFF,0xBD,0xFF,
    0xDD,0xFF,0xDD,0xFF,0xDD,0xFF,0xDD,0xFF,0xDD,0xFF,0xDD,0xFF,0xBD,0xFF,0xBD,0xFF,
    0xDD,0xFF,0xDD,0xFF,0xDE,0xFF,0xDD,0xFF,0xDD,0xFF,0xBD,0xFF,0x7A,0xEF,0x9B,0xF7,
    0x9B,0xF7,0x9B,0xFF,0x7A,0xF7,0x9C,0xFF,0xDE,0xFF,0xDE,0xFF,0xBD,0xFF,0xBD,0xFF,
    0xBD,0xFF,0xBD,0xFF,0xBD,0xFF,0xBD,0xFF,0xBD,0xFF,0xBD,0xFF,0xBD,0xFF,0xBD,0xFF,
    0xBD,0xFF,0xBD,0xFF,0xBD,0xFF,0xBD,0xFF,0xBD,0xFF,0xBD,0xFF,0xBD,0xFF,0xBD,0xFF,
    0xBD,0xFF,0xDD,0xFF,0xDD,0xFF,0xBD,0xFF,0xDD,0xFF,0xDD,0xFF,0xDD,0xFF,0xDD,0xFF,
    0xDD,0xFF,0xDD,0xFF,0xDD,0xFF,0xDD,0xFF,0xDD,0xFF,0xDD,0xFF,0xDD,0xFF,0xDD,0xFF,
    0xDD,0xFF,0xDD,0xFF,0xDE,0xFF,0xDE,0xFF,0xDE,0xFF,0xDD,0xFF,0xDD,0xFF,0xDD,0xFF,
    0xDD,0xFF,0xDD,0xFF,0xDD,0xFF,0xDD,0xFF,0xDD,0xFF,0xDD,0xFF,0xBD,0xFF,0xDD,0xFF,
    0xDD,0xFF,0xDD,0xFF,0xDD,0xFF,0xDD,0xFF,0xDD,0xFF,0xDD,0xFF,0xBD,0xFF,0xBD,0xFF,
    0xBD,0xFF,0xBD,0xFF,0xBD,0xFF,0xBD,0xFF,0xBD,0xFF,0xBD,0xFF,0xBD,0xFF,0xDD,0xFF,
    0xBD,0xFF,0xDD,0xFF,0xBD,0xFF,0xBD,0xFF,0xDD,0xFF,0xBD,0xFF,0xBD,0xFF,0xBD,0xFF,
    0xBD,0xFF,0xBD,0xFF,0xBD,0xFF,0xDD,0xFF,0xBD,0xFF,0xDE,0xFF,0xBD,0xF7,0x7A,0xF7,
    0x9B,0xF7,0x9B,0xFF,0x7B,0xFF,0x9C,0xFF,0xDE,0xFF,0xBD,0xFF,0xBD,0xFF,0xBD,0xFF,
    0xBC,0xFF,0xBC,0xFF,0xBC,0xFF,0xBC,0xFF,0xBC,0xFF,0xBC,0xFF,0xBC,0xFF,0xBD,0xFF,
    0xBD,0xFF,0xBD,0xFF,0xBD,0xFF,0xBD,0xFF,0xBD,0xFF,0xBD,0xFF,0xBD,0xFF,0xBD,0xFF,
    0xBD,0xFF,0xBD,0xFF,0xBD,0xFF,0xBD,0xFF,0xBD,0xFF,0xBD,0xFF,0xDD,0xFF,0xDD,0xFF,
    0xDD,0xFF,0xDD,0xFF,0xDD,0xFF,0xDD,0xFF,0xDD,0xFF,0xDD,0xFF,0xDD,0xFF,0xDD,0xFF,
    0xDD,0xFF,0xDD,0xFF,0xDE,0xFF,0xDE,0xFF,0xDE,0xFF,0xDD,0xFF,0xDD,0xFF,0xDD,0xFF,
    0xDD,0xFF,0xDD,0xFF,0xDD,0xFF,0xDD,0xFF,0xDD,0xFF,0xDD,0xFF,0xBD,0xFF,0xDD,0xFF,
    0xDD,0xFF,0xBD,0xFF,0xDD,0xFF,0xDD,0xFF,0xDD,0xFF,0xDD,0xFF,0xDD,0xFF,0xDD,0xFF,
    0xBD,0xFF,0xBD,0xFF,0xBD,0xFF,0xBD,0xFF,0xBD,0xFF,0xBD,0xFF,0xBD,0xFF,0xBD,0xFF,
    0xBD,0xFF,0xBD,0xFF,0xDD,0xFF,0xBD,0xFF,0xDD,0xFF,0xDD,0xFF,0xBD,0xFF,0xBD,0xFF,
    0xBD,0xFF,0xBD,0xFF,0xDD,0xFF,0xDD,0xFF,0xDD,0xFF,0xDE,0xFF,0xDE,0xFF,0x7B,0xF7,
    0x9B,0xF7,0x7B,0xFF,0x9C,0xFF,0xBD,0xFF,0xBD,0xFF,0xBD,0xFF,0xBD,0xFF,0xBC,0xFF,
    0xBC,0xFF,0xBC,0xFF,0xBC,0xFF,0xBC,0xFF,0xBC,0xFF,0xBC,0xFF,0xBC,0xFF,0xBC,0xFF,
    0xBC,0xFF,0xBD,0xFF,0xBC,0xFF,0xBC,0xFF,0xBC,0xFF,0xBC,0xFF,0xBC,0xFF,0xBD,0xFF,
    0xBD,0xFF,0xBD,0xFF,0xBD,0xFF,0xBD,0xFF,0xBD,0xFF,0xBD,0xFF,0xBD,0xFF,0xBD,0xFF,
    0xBD,0xFF,0xDD,0xFF,0xDD,0xFF,0xDD,0xFF,0xDD,0xFF,0xDD,0xFF,0xDD,0xFF,0xDD,0xFF,
    0xDD,0xFF,0xDE,0xFF,0xDE,0xFF,0xDE,0xFF,0xDE,0xFF,0xDE,0xFF,0xDE,0xFF,0xDD,0xFF,
    0xDD,0xFF,0xDD,0xFF,0xDD,0xFF,0xDD,0xFF,0xDD,0xFF,0xDD,0xFF,0xDD,0xFF,0xBD,0xFF,
    0xBD,0xFF,0xDD,0xFF,0xDD,0xFF,0xDD,0xFF,0xDD,0xFF,0xDD,0xFF,0xBD,0xFF,0xDD,0xFF,
    0xBD,0xFF,0xBD,0xFF,0xBD,0xFF,0xBD,0xFF,0xBD,0xFF,0xBD,0xFF,0xBD,0xFF,0xBD,0xFF,
    0xBD,0xFF,0xBD,0xFF,0xBD,0xFF,0xBD,0xFF,0xBD,0xFF,0xBD,0xFF,0xBD,0xFF,0xBD,0xFF,
    0xDD,0xFF,0xDD,0xFF,0xDD,0xFF,0xDD,0xFF,0xDD,0xFF,0xBD,0xFF,0xDE,0xFF,0x7B,0xF7,
    0x7A,0xF7,0x7B,0xFF,0x9C,0xFF,0xBD,0xFF,0xBD,0xFF,0xBC,0xFF,0xBC,0xFF,0xBC,0xFF,
    0xBC,0xFF,0x9C,0xFF,0xBC,0xFF,0xBC,0xFF,0xBC,0xFF,0xBC,0xFF,0xBC,0xFF,0xBC,0xFF,
    0xBC,0xFF,0xBC,0xFF,0xBC,0xFF,0xBD,0xFF,0xBD,0xFF,0xBD,0xFF,0xBD,0xFF,0xBC,0xFF,
    0xBC,0xFF,0xBC,0xFF,0xBD,0xFF,0xBD,0xFF,0xBD,0xFF,0xBD,0xFF,0xBD,0xFF,0xBD,0xFF,
    0xBD,0xFF,0xBD,0xFF,0xBD,0xFF,0xDD,0xFF,0xDD,0xFF,0xDD,0xFF,0xDD,0xFF,0xDD,0xFF,
    0xDE,0xFF,0xDE,0xFF,0xDE,0xFF,0xDD,0xFF,0xDD,0xFF,0xDE,0xFF,0xDE,0xFF,0xDE,0xFF,
    0xDD,0xFF,0xDD,0xFF,0xDD,0xFF,0xDD,0xFF,0xDD,0xFF,0xDD,0xFF,0xDD,0xFF,0xDD,0xFF,
    0xBD,0xFF,0xBD,0xFF,0xBD,0xFF,0xBD,0xFF,0xDD,0xFF,0xDD,0xFF,0xBD,0xFF,0xBD,0xFF,
    0xBD,0xFF,0xDD,0xFF,0xBD,0xFF,0xBD,0xFF,0xBD,0xFF,0xBD,0xFF,0xBD,0xFF,0xBD,0xFF,
    0xBD,0xFF,0xBD,0xFF,0xBD,0xFF,0xBD,0xFF,0xBD,0xFF,0xBD,0xFF,0xDD,0xFF,0xDD,0xFF,
    0xBD,0xFF,0xDD,0xFF,0xDD,0xFF,0xDD,0xFF,0xDD,0xFF,0xBD,0xFF,0xFF,0xFF,0x7B,0xF7,
    0x7A,0xF7,0x7A,0xF7,0x9C,0xFF,0xBD,0xFF,0xBD,0xFF,0xBC,0xFF,0xBC,0xFF,0xBC,0xFF,
    0xBC,0xFF,0xBC,0xFF,0xBC,0xFF,0xBC,0xFF,0xBC,0xFF,0xBC,0xFF,0xBC,0xFF,0xBC,0xFF,
    0xBD,0xFF,0xDE,0xFF,0xDE,0xFF,0xDE,0xFF,0xDD,0xFF,0xDD,0xFF,0xDE,0xFF,0xDD,0xFF,
    0xDD,0xFF,0xBD,0xFF,0xBC,0xFF,0xBC,0xFF,0xBD,0xFF,0xBD,0xFF,0xBD,0xFF,0xBD,0xFF,
    0xBD,0xFF,0xBD,0xFF,0xBD,0xFF,0xBD,0xFF,0xDD,0xFF,0xDD,0xFF,0xDD,0xFF,0xDD,0xFF,
    0xDE,0xFF,0xFF,0xFF,0xFF,0xFF,0xFF,0xFF,0xFF,0xFF,0xFF,0xFF,0xDE,0xFF,0xFE,0xFF,
    0xFF,0xFF,0xFF,0xFF,0xFE,0xFF,0xFE,0xFF,0xFE,0xFF,0xDD,0xFF,0xDD,0xFF,0xDD,0xFF,
    0xDD,0xFF,0xDD,0xFF,0xDD,0xFF,0xDD,0xFF,0xDD,0xFF,0xDD,0xFF,0xBD,0xFF,0xBD,0xFF,
    0xBD,0xFF,0xDD,0xFF,0xDD,0xFF,0xBD,0xFF,0xBD,0xFF,0xBD,0xFF,0xBD,0xFF,0xBD,0xFF,
    0xBD,0xFF,0xBD,0xFF,0xBD,0xFF,0xBD,0xFF,0xBD,0xFF,0xBD,0xFF,0xBD,0xFF,0xBD,0xFF,
    0xBD,0xFF,0xBD,0xFF,0xDD,0xFF,0xDD,0xFF,0xDD,0xFF,0xBD,0xFF,0xFF,0xFF,0x7B,0xF7,
    0x59,0xEF,0x7A,0xF7,0x9B,0xFF,0xBC,0xFF,0xBD,0xFF,0xBC,0xFF,0xBC,0xFF,0xBC,0xFF,
    0xBC,0xFF,0xBC,0xFF,0xBC,0xFF,0xBC,0xFF,0xBC,0xFF,0xBC,0xFF,0xBD,0xFF,0xBC,0xFF,
    0xDD,0xFF,0xBC,0xFF,0x9B,0xFF,0x7A,0xFF,0x7A,0xFF,0x7A,0xFF,0x7A,0xFF,0x9B,0xFF,
    0xBC,0xFF,0xBD,0xFF,0xDE,0xFF,0xBD,0xFF,0xBC,0xFF,0xBD,0xFF,0xBD,0xFF,0xBD,0xFF,
    0xBD,0xFF,0xBD,0xFF,0xBD,0xFF,0xBD,0xFF,0xDD,0xFF,0xDD,0xFF,0xDD,0xFF,0xDD,0xFF,
    0xFE,0xFF,0x58,0xCE,0xBA,0xDE,0x18,0xC6,0xF7,0xBD,0xF7,0xBD,0xDD,0xFF,0x9D,0xF7,
    0x3C,0xE7,0xF7,0xBD,0xD6,0xBD,0x3B,0xE7,0x7D,0xF7,0xDE,0xFF,0xDD,0xFF,0xDD,0xFF,
    0xDD,0xFF,0xBD,0xFF,0xDD,0xFF,0xDD,0xFF,0xDD,0xFF,0xDD,0xFF,0xDD,0xFF,0xBD,0xFF,
    0xBD,0xFF,0xDD,0xFF,0xDD,0xFF,0xBD,0xFF,0xBD,0xFF,0xBD,0xFF,0xBD,0xFF,0xBD,0xFF,
    0xBD,0xFF,0xBD,0xFF,0xBD,0xFF,0xDD,0xFF,0xBD,0xFF,0xBD,0xFF,0xBD,0xFF,0xBD,0xFF,
    0xBD,0xFF,0xDD,0xFF,0xDD,0xFF,0xDD,0xFF,0xDD,0xFF,0xBD,0xFF,0xFF,0xFF,0x7A,0xEF,
    0x59,0xEF,0x7A,0xF7,0x9B,0xFF,0xBC,0xFF,0xBD,0xFF,0xBC,0xFF,0xBC,0xFF,0xBC,0xFF,
    0xBC,0xFF,0xBC,0xFF,0xBC,0xFF,0xBC,0xFF,0xBC,0xFF,0xBC,0xFF,0x9C,0xFF,0x7A,0xFF,
    0x59,0xFF,0x39,0xFF,0x39,0xFF,0x39,0xFF,0x59,0xFF,0x59,0xFF,0x59,0xFF,0x59,0xFF,
    0x5A,0xFF,0x7A,0xFF,0x9B,0xFF,0xDD,0xFF,0xDE,0xFF,0xBC,0xFF,0xBC,0xFF,0xBD,0xFF,
    0xBD,0xFF,0xBD,0xFF,0xBD,0xFF,0xBD,0xFF,0xBD,0xFF,0xDD,0xFF,0xDD,0xFF,0xDD,0xFF,
    0xDE,0xFF,0x58,0xCE,0xB2,0x94,0x6D,0x6B,0x92,0x94,0x0C,0x63,0xFE,0xFF,0xB5,0xB5,
    0x6D,0x6B,0xEF,0x7B,0x30,0x84,0xCF,0x73,0x99,0xD6,0xFE,0xFF,0xBD,0xFF,0xDD,0xFF,
    0xDD,0xFF,0xDD,0xFF,0xDD,0xFF,0xDD,0xFF,0xDD,0xFF,0xBD,0xFF,0xDD,0xFF,0xBD,0xFF,
    0xDD,0xFF,0xDD,0xFF,0xDD,0xFF,0xBD,0xFF,0xBD,0xFF,0xDD,0xFF,0xBD,0xFF,0xBD,0xFF,
    0xBD,0xFF,0xBD,0xFF,0xBD,0xFF,0xBD,0xFF,0xBD,0xFF,0xBD,0xFF,0xBD,0xFF,0xBD,0xFF,
    0xDD,0xFF,0xDD,0xFF,0xDD,0xFF,0xDD,0xFF,0xDE,0xFF,0xBD,0xFF,0xFF,0xFF,0x7A,0xEF,
    0x5A,0xF7,0x7A,0xF7,0x9B,0xFF,0xBC,0xFF,0xBC,0xFF,0xBC,0xFF,0xBC,0xFF,0xBC,0xFF,
    0xBC,0xFF,0xBC,0xFF,0xBC,0xFF,0xBC,0xFF,0x9B,0xFF,0x7A,0xFF,0x38,0xFF,0x38,0xFF,
    0x39,0xFF,0x59,0xFF,0x59,0xFF,0x59,0xFF,0x5A,0xFF,0x59,0xFF,0x59,0xFF,0x5A,0xFF,
    0x59,0xFF,0x59,0xFF,0x7A,0xFF,0x7A,0xFF,0xBC,0xFF,0xDE,0xFF,0xBC,0xFF,0xBD,0xFF,
    0xBD,0xFF,0xBD,0xFF,0xBD,0xFF,0xBD,0xFF,0xBD,0xFF,0xDD,0xFF,0xDD,0xFF,0xDE,0xFF,
    0x9D,0xF7,0x34,0xA5,0x38,0xC6,0xCE,0x7B,0xF3,0x9C,0x10,0x84,0xFF,0xFF,0x95,0xB5,
    0x30,0x84,0xCF,0x7B,0x30,0x84,0x8E,0x73,0x1B,0xE7,0xDD,0xFF,0xDD,0xFF,0xDD,0xFF,
    0xBD,0xFF,0xBD,0xFF,0xBD,0xFF,0xBD,0xFF,0xBD,0xFF,0xBD,0xFF,0xBD,0xFF,0xBD,0xFF,
    0xDD,0xFF,0xDD,0xFF,0xBD,0xFF,0xBD,0xFF,0xBD,0xFF,0xBD,0xFF,0xBD,0xFF,0xBD,0xFF,
    0xBD,0xFF,0xBD,0xFF,0xBD,0xFF,0xBD,0xFF,0xBD,0xFF,0xBD,0xFF,0xBD,0xFF,0xBD,0xFF,
    0xDD,0xFF,0xDD,0xFF,0xDD,0xFF,0xDD,0xFF,0xDD,0xFF,0xBD,0xFF,0xFF,0xFF,0x5A,0xEF,
    0x7A,0xF7,0x7B,0xFF,0x9B,0xFF,0xBC,0xFF,0xBD,0xFF,0xBC,0xFF,0xBC,0xFF,0xBC,0xFF,
    0xBC,0xFF,0xBC,0xFF,0x9C,0xFF,0x9B,0xFF,0x59,0xFF,0x18,0xFF,0x39,0xFF,0x59,0xFF,
    0x59,0xFF,0x59,0xFF,0x7A,0xFF,0x7A,0xFF,0x59,0xFF,0x7A,0xFF,0x9B,0xFF,0x59,0xFF,
    0x5A,0xFF,0x5A,0xFF,0x5A,0xFF,0x5A,0xFF,0x7A,0xFF,0x9C,0xFF,0xDD,0xFF,0xBC,0xFF,
    0xBC,0xFF,0xBD,0xFF,0xBD,0xFF,0xBD,0xFF,0xBD,0xFF,0xDD,0xFF,0xDD,0xFF,0xDD,0xFF,
    0xFE,0xFF,0x1B,0xE7,0xB6,0xB5,0x30,0x84,0x30,0x84,0x92,0x94,0xDE,0xFF,0xB6,0xB5,
    0x75,0xAD,0x71,0x8C,0xAE,0x73,0x74,0xAD,0xFE,0xFF,0xBD,0xFF,0xDD,0xFF,0xDD,0xFF,
    0xDD,0xFF,0xBD,0xFF,0xBD,0xFF,0xBD,0xFF,0xBD,0xFF,0xBD,0xFF,0xDD,0xFF,0xDD,0xFF,
    0xDD,0xFF,0xBD,0xFF,0xDD,0xFF,0xDD,0xFF,0xBD,0xFF,0xBD,0xFF,0xBD,0xFF,0xBD,0xFF,
    0xBD,0xFF,0xBD,0xFF,0xBD,0xFF,0xBD,0xFF,0xDD,0xFF,0xBD,0xFF,0xBD,0xFF,0xBD,0xFF,
    0xDD,0xFF,0xBD,0xFF,0xDD,0xFF,0xDD,0xFF,0xDD,0xFF,0xBD,0xFF,0xFF,0xFF,0x5A,0xEF,
    0x7A,0xF7,0x9B,0xFF,0x9B,0xFF,0xBC,0xFF,0xBD,0xFF,0xBC,0xFF,0xBC,0xFF,0xBC,0xFF,
    0xBC,0xFF,0x9C,0xFF,0x9B,0xFF,0x59,0xFF,0x17,0xFF,0x39,0xFF,0x59,0xFF,0x59,0xFF,
    0x59,0xFF,0x7A,0xFF,0xD3,0xFE,0xEC,0xFD,0xAA,0xFD,0x89,0xFD,0x92,0xFE,0x7A,0xFF,
    0x59,0xFF,0x5A,0xFF,0x7A,0xFF,0x7A,0xFF,0x7A,0xFF,0x7A,0xFF,0x9C,0xFF,0xBD,0xFF,
    0xBC,0xFF,0xBC,0xFF,0xBD,0xFF,0xBD,0xFF,0xBD,0xFF,0xDD,0xFF,0xDD,0xFF,0xDD,0xFF,
    0xFF,0xFF,0xD6,0xBD,0x10,0x84,0x51,0x8C,0x51,0x8C,0xAE,0x73,0x3C,0xEF,0xB6,0xB5,
    0x34,0xA5,0x0F,0x84,0x30,0x84,0xB2,0x94,0xFF,0xFF,0xDD,0xFF,0xDD,0xFF,0xDD,0xFF,
    0xBD,0xFF,0xBD,0xFF,0xBD,0xFF,0xBD,0xFF,0xDD,0xFF,0xDD,0xFF,0xDD,0xFF,0xDD,0xFF,
    0xDD,0xFF,0xBD,0xFF,0xBD,0xFF,0xDD,0xFF,0xBD,0xFF,0xBD,0xFF,0xBD,0xFF,0xBD,0xFF,
    0xBD,0xFF,0xBD,0xFF,0xBD,0xFF,0xBD,0xFF,0xBD,0xFF,0xDD,0xFF,0xDD,0xFF,0xBD,0xFF,
    0xDD,0xFF,0xDD,0xFF,0xDD,0xFF,0xDD,0xFF,0xDE,0xFF,0xBD,0xFF,0xFF,0xFF,0x5A,0xEF,
    0x9B,0xF7,0x9B,0xFF,0x9B,0xFF,0xBC,0xFF,0xBD,0xFF,0xBC,0xFF,0xBC,0xFF,0xBC,0xFF,
    0xBC,0xFF,0x9B,0xFF,0x5A,0xFF,0x17,0xFF,0x38,0xFF,0x39,0xFF,0x59,0xFF,0x59,0xFF,
    0x7A,0xFF,0x92,0xFE,0x2D,0xFE,0x38,0xFF,0x9C,0xFF,0x73,0xFE,0xE5,0xFC,0x71,0xFE,
    0x7A,0xFF,0x59,0xFF,0x59,0xFF,0x7A,0xFF,0x7A,0xFF,0x7A,0xFF,0x7B,0xFF,0x9C,0xFF,
    0xBD,0xFF,0xBC,0xFF,0xBC,0xFF,0xBD,0xFF,0xBD,0xFF,0xBD,0xFF,0xDD,0xFF,0xDD,0xFF,
    0xDE,0xFF,0x92,0x94,0x51,0x8C,0x6D,0x6B,0xAE,0x73,0xEB,0x5A,0xB6,0xB5,0x71,0x8C,
    0xB6,0xB5,0xCF,0x7B,0x0C,0x5B,0xD2,0x9C,0x1B,0xE7,0xDE,0xFF,0xDD,0xFF,0xDD,0xFF,
    0xDD,0xFF,0xBD,0xFF,0xBD,0xFF,0xBD,0xFF,0xDD,0xFF,0xDD,0xFF,0xDD,0xFF,0xDD,0xFF,
    0xBD,0xFF,0xBD,0xFF,0xBD,0xFF,0xBD,0xFF,0xBD,0xFF,0xBD,0xFF,0xBD,0xFF,0xDD,0xFF,
    0xBD,0xFF,0xBD,0xFF,0xBD,0xFF,0xBD,0xFF,0xBD,0xFF,0xBD,0xFF,0xDD,0xFF,0xBD,0xFF,
    0xBD,0xFF,0xDD,0xFF,0xDD,0xFF,0xDD,0xFF,0xDE,0xFF,0xBD,0xF7,0xFF,0xFF,0x5A,0xEF,
    0x9B,0xF7,0x9B,0xFF,0x9B,0xFF,0xBC,0xFF,0xBD,0xFF,0xBC,0xFF,0xBC,0xFF,0xBC,0xFF,
    0x9B,0xFF,0x7A,0xFF,0x17,0xFF,0x39,0xFF,0x59,0xFF,0x59,0xFF,0x59,0xFF,0x7A,0xFF,
    0x16,0xFF,0xAA,0xFD,0xBC,0xFF,0xBD,0xFF,0xD6,0xFE,0xFF,0xFF,0xD6,0xFE,0xE7,0xFC,
    0x59,0xFF,0x7A,0xFF,0x5A,0xFF,0x5A,0xFF,0x7A,0xFF,0x7A,0xFF,0x7A,0xFF,0x7B,0xFF,
    0xBC,0xFF,0xBC,0xFF,0xBC,0xFF,0xBD,0xFF,0xBD,0xFF,0xBD,0xFF,0xDD,0xFF,0xDD,0xFF,
    0xBD,0xFF,0x3C,0xEF,0xDA,0xDE,0x79,0xD6,0x99,0xD6,0x79,0xD6,0xFA,0xDE,0xFA,0xE6,
    0xF7,0xBD,0x1B,0xE7,0xDE,0xFF,0xF7,0xBD,0xDA,0xDE,0xFE,0xFF,0xDD,0xFF,0xDD,0xFF,
    0xDD,0xFF,0xBD,0xFF,0xDD,0xFF,0xDD,0xFF,0xDD,0xFF,0xBD,0xFF,0xDD,0xFF,0xBD,0xFF,
    0xBD,0xFF,0xBD,0xFF,0xBD,0xFF,0xBD,0xFF,0xDD,0xFF,0xDD,0xFF,0xBD,0xFF,0xDD,0xFF,
    0xDD,0xFF,0xBD,0xFF,0xBD,0xFF,0xBD,0xFF,0xDD,0xFF,0xBD,0xFF,0xBD,0xFF,0xBD,0xFF,
    0xDD,0xFF,0xDD,0xFF,0xDD,0xFF,0xDD,0xFF,0xDD,0xFF,0xBD,0xF7,0xFF,0xFF,0x5A,0xEF,
    0xBB,0xF7,0x9B,0xFF,0x9B,0xFF,0xBC,0xFF,0xBC,0xFF,0xBC,0xFF,0xBC,0xFF,0xBC,0xFF,
    0x9B,0xFF,0x38,0xFF,0x18,0xFF,0x59,0xFF,0x59,0xFF,0x59,0xFF,0x59,0xFF,0x9B,0xFF,
    0x71,0xFE,0xCC,0xFD,0xFF,0xFF,0x8A,0xFD,0xA3,0xFC,0x72,0xFE,0xDF,0xFF,0xE7,0xFC,
    0xD5,0xFE,0x9B,0xFF,0x59,0xFF,0x5A,0xFF,0x5A,0xFF,0x7A,0xFF,0x5A,0xFF,0x7A,0xFF,
    0x9B,0xFF,0xBD,0xFF,0xBC,0xFF,0xBD,0xFF,0xBD,0xFF,0xBD,0xFF,0xDD,0xFF,0xDD,0xFF,
    0xDD,0xFF,0xFE,0xFF,0xFE,0xFF,0xFE,0xFF,0xFF,0xFF,0xFF,0xFF,0xFE,0xFF,0xFE,0xFF,
    0xFF,0xFF,0xFE,0xFF,0xDE,0xFF,0xFF,0xFF,0xFE,0xFF,0xDD,0xFF,0xDD,0xFF,0xDD,0xFF,
    0xDD,0xFF,0xDD,0xFF,0xDD,0xFF,0xDD,0xFF,0xDD,0xFF,0xDD,0xFF,0xBD,0xFF,0xDD,0xFF,
    0xDD,0xFF,0xBD,0xFF,0xBD,0xFF,0xBD,0xFF,0xBD,0xFF,0xBD,0xFF,0xDD,0xFF,0xBD,0xFF,
    0xBD,0xFF,0xDD,0xFF,0xBD,0xFF,0xBD,0xFF,0xDD,0xFF,0xBD,0xFF,0xBD,0xFF,0xBD,0xFF,
    0xDD,0xFF,0xBD,0xFF,0xBD,0xFF,0xDD,0xFF,0xDD,0xFF,0xBD,0xF7,0xFF,0xFF,0x5A,0xEF,
    0xBC,0xFF,0x7B,0xFF,0x9B,0xFF,0xBC,0xFF,0xBC,0xFF,0x9C,0xFF,0x9C,0xFF,0x9C,0xFF,
    0x7A,0xFF,0x17,0xFF,0x38,0xFF,0x39,0xFF,0x59,0xFF,0x59,0xFF,0x59,0xFF,0x9B,0xFF,
    0x51,0xFE,0xED,0xFD,0xDE,0xFF,0x69,0xFD,0xE5,0xFC,0xEE,0xFD,0xDE,0xFF,0xE7,0xFC,
    0x94,0xFE,0x7A,0xFF,0x59,0xFF,0x59,0xFF,0x5A,0xFF,0x59,0xFF,0x59,0xFF,0x5A,0xFF,
    0x7A,0xFF,0xBC,0xFF,0xBD,0xFF,0xBD,0xFF,0xBD,0xFF,0xBD,0xFF,0xDD,0xFF,0xDD,0xFF,
    0xDD,0xFF,0xBD,0xFF,0xDD,0xFF,0xDD,0xFF,0xDE,0xFF,0xDD,0xFF,0xDD,0xFF,0xDD,0xFF,
    0xBD,0xFF,0xDD,0xFF,0xDE,0xFF,0xDD,0xFF,0xDD,0xFF,0xDD,0xFF,0xDD,0xFF,0xDD,0xFF,
    0xDD,0xFF,0xDD,0xFF,0xDD,0xFF,0xDD,0xFF,0xDD,0xFF,0xDD,0xFF,0xDD,0xFF,0xDD,0xFF,
    0xBD,0xFF,0xBD,0xFF,0xBD,0xFF,0xBD,0xFF,0xBD,0xFF,0xBD,0xFF,0xBD,0xFF,0xBD,0xFF,
    0xBD,0xFF,0xBD,0xFF,0xBD,0xFF,0xDD,0xFF,0xBD,0xFF,0xBD,0xFF,0xBD,0xFF,0xBD,0xFF,
    0xBD,0xFF,0xBD,0xFF,0xBD,0xFF,0xDD,0xFF,0xDD,0xFF,0xBD,0xF7,0xFF,0xFF,0x5A,0xEF,
    0xBC,0xFF,0x7A,0xF7,0x9B,0xFF,0x9C,0xFF,0xBC,0xFF,0x9C,0xFF,0x9C,0xFF,0x9B,0xFF,
    0x38,0xFF,0x17,0xFF,0x39,0xFF,0x39,0xFF,0x59,0xFF,0x59,0xFF,0x59,0xFF,0x7A,0xFF,
    0x30,0xFE,0xCD,0xFD,0xFF,0xFF,0x6A,0xFD,0xC4,0xFC,0x0F,0xFE,0xDF,0xFF,0xE8,0xFC,
    0x73,0xFE,0x59,0xFF,0x59,0xFF,0x59,0xFF,0x59,0xFF,0x59,0xFF,0x59,0xFF,0x59,0xFF,
    0x5A,0xFF,0x9C,0xFF,0xBD,0xFF,0xBD,0xFF,0xBD,0xFF,0xBD,0xFF,0xBD,0xFF,0xDD,0xFF,
    0xDD,0xFF,0xDD,0xFF,0xDE,0xFF,0xDE,0xFF,0xDE,0xFF,0xDE,0xFF,0xDE,0xFF,0xDE,0xFF,
    0xDE,0xFF,0xDE,0xFF,0xDE,0xFF,0xDE,0xFF,0xDD,0xFF,0xDD,0xFF,0xDD,0xFF,0xDD,0xFF,
    0xDE,0xFF,0xDE,0xFF,0xDE,0xFF,0xDD,0xFF,0xDD,0xFF,0xDD,0xFF,0xDD,0xFF,0xBD,0xFF,
    0xBD,0xFF,0xBD,0xFF,0xBD,0xFF,0xBD,0xFF,0xBD,0xFF,0xBD,0xFF,0xBD,0xFF,0xBD,0xFF,
    0xBD,0xFF,0xDD,0xFF,0xBD,0xFF,0xBD,0xFF,0xBD,0xFF,0xBD,0xFF,0xBD,0xFF,0xBD,0xFF,
    0xBD,0xFF,0xBD,0xFF,0xBD,0xFF,0xDD,0xFF,0xDD,0xFF,0xBD,0xF7,0xFF,0xFF,0x5A,0xEF,
    0xBC,0xFF,0x7A,0xF7,0x9B,0xFF,0xBC,0xFF,0xBC,0xFF,0x9C,0xFF,0x9C,0xFF,0x7A,0xFF,
    0xF7,0xFE,0x18,0xFF,0x39,0xFF,0x39,0xFF,0x39,0xFF,0x59,0xFF,0x59,0xFF,0x7A,0xFF,
    0x0F,0xFE,0xCD,0xFD,0xFF,0xFF,0x49,0xFD,0xA4,0xFC,0xEF,0xFD,0xFF,0xFF,0x08,0xFD,
    0x73,0xFE,0x59,0xFF,0x59,0xFF,0x59,0xFF,0x59,0xFF,0x59,0xFF,0x59,0xFF,0x59,0xFF,
    0x59,0xFF,0x9B,0xFF,0xBD,0xFF,0xBC,0xFF,0xDD,0xFF,0xBD,0xFF,0xDD,0xFF,0xDD,0xFF,
    0xDD,0xFF,0xDE,0xFF,0xDE,0xFF,0xDD,0xFF,0xDD,0xFF,0xDE,0xFF,0xDE,0xFF,0xDD,0xFF,
    0xDE,0xFF,0xDE,0xFF,0xDE,0xFF,0xDE,0xFF,0xDE,0xFF,0xDE,0xFF,0xDE,0xFF,0xDE,0xFF,
    0xDE,0xFF,0xDE,0xFF,0xBD,0xFF,0xBD,0xFF,0xDD,0xFF,0xDD,0xFF,0xDD,0xFF,0xBD,0xFF,
    0xBD,0xFF,0xBD,0xFF,0xBD,0xFF,0xBD,0xFF,0xBD,0xFF,0xBD,0xFF,0xBD,0xFF,0xBD,0xFF,
    0xBD,0xFF,0xBD,0xFF,0xBD,0xFF,0xBD,0xFF,0xBD,0xFF,0xBD,0xFF,0xBD,0xFF,0xBD,0xFF,
    0xBD,0xFF,0xBD,0xFF,0xBD,0xFF,0xDD,0xFF,0xDD,0xFF,0xBD,0xF7,0xFF,0xFF,0x5A,0xEF,
    0xBB,0xFF,0x5A,0xF7,0x9B,0xFF,0xBC,0xFF,0xBC,0xFF,0x9C,0xFF,0x9B,0xFF,0x59,0xFF,
    0xF7,0xFE,0x38,0xFF,0x38,0xFF,0x38,0xFF,0x38,0xFF,0x39,0xFF,0x38,0xFF,0x7A,0xFF,
    0x0F,0xFE,0xAD,0xFD,0xFF,0xFF,0x6A,0xFD,0xA5,0xFC,0x0F,0xFE,0xFF,0xFF,0xE7,0xFC,
    0x73,0xFE,0x59,0xFF,0x59,0xFF,0x59,0xFF,0x59,0xFF,0x59,0xFF,0x59,0xFF,0x59,0xFF,
    0x59,0xFF,0x7A,0xFF,0xBC,0xFF,0xBC,0xFF,0xBD,0xFF,0xBD,0xFF,0xBD,0xFF,0xBD,0xFF,
    0xBD,0xFF,0xBD,0xFF,0xBD,0xFF,0xBD,0xFF,0xBD,0xFF,0xBD,0xFF,0xBD,0xFF,0xBD,0xFF,
    0xBD,0xFF,0xBD,0xFF,0xBD,0xFF,0xBD,0xFF,0xBD,0xFF,0xBD,0xFF,0xBD,0xFF,0xBD,0xFF,
    0xBD,0xFF,0xBD,0xFF,0xBD,0xFF,0xBD,0xFF,0xBD,0xFF,0xBD,0xFF,0xBD,0xFF,0xBD,0xFF,
    0xBD,0xFF,0xBD,0xFF,0xBD,0xFF,0xBD,0xFF,0xBD,0xFF,0xBD,0xFF,0xBD,0xFF,0xBD,0xFF,
    0xBD,0xFF,0xBD,0xFF,0xBD,0xFF,0xBD,0xFF,0xBD,0xFF,0xBD,0xFF,0xBD,0xFF,0xBD,0xFF,
    0xBD,0xFF,0xBD,0xF7,0xBD,0xF7,0xBD,0xF7,0xBD,0xF7,0xBD,0xF7,0xFF,0xFF,0x5A,0xEF,
    0x9B,0xF7,0x5A,0xF7,0x9B,0xFF,0x9C,0xFF,0xBC,0xFF,0x9C,0xFF,0x9B,0xFF,0x38,0xFF,
    0xF7,0xFE,0x38,0xFF,0x18,0xFF,0x18,0xFF,0x38,0xFF,0x38,0xFF,0x38,0xFF,0x7A,0xFF,
    0x10,0xFE,0xCD,0xFD,0xFF,0xFF,0x6B,0xFD,0x84,0xF4,0xCF,0xF5,0xFE,0xFF,0xA6,0xFC,
    0x52,0xFE,0x59,0xFF,0x39,0xFF,0x59,0xFF,0x39,0xFF,0x39,0xFF,0x39,0xFF,0x59,0xFF,
    0x59,0xFF,0x59,0xFF,0xBC,0xFF,0xBC,0xFF,0xBD,0xFF,0xBD,0xFF,0xBD,0xFF,0xBD,0xFF,
    0xBD,0xFF,0xBD,0xFF,0xBD,0xFF,0xBD,0xFF,0xBD,0xFF,0xBD,0xFF,0xBD,0xFF,0xBD,0xFF,
    0xBD,0xFF,0xBD,0xFF,0xBD,0xFF,0xBD,0xFF,0xBD,0xFF,0xBD,0xFF,0xBD,0xFF,0xBD,0xFF,
    0xBD,0xFF,0xBD,0xFF,0xBD,0xFF,0xBD,0xFF,0xBD,0xFF,0xBD,0xFF,0xBD,0xFF,0xBD,0xFF,
    0xBD,0xFF,0xBD,0xFF,0xBD,0xFF,0xBD,0xFF,0xBD,0xFF,0xBD,0xFF,0xBD,0xFF,0xBD,0xFF,
    0xBD,0xFF,0xBD,0xFF,0xBD,0xFF,0xBD,0xFF,0xBD,0xF7,0xBD,0xF7,0xBD,0xF7,0x9D,0xF7,
    0x9D,0xF7,0x9D,0xF7,0x9D,0xF7,0x9D,0xF7,0x9D,0xF7,0x9D,0xF7,0xFF,0xFF,0x7A,0xEF,
    0x9B,0xF7,0x5A,0xF7,0x9B,0xFF,0x9C,0xFF,0xBC,0xFF,0x9C,0xFF,0x9B,0xFF,0x18,0xFF,
    0xF7,0xFE,0x18,0xFF,0x18,0xFF,0x18,0xFF,0x38,0xFF,0x39,0xFF,0x38,0xFF,0x7A,0xFF,
    0x30,0xFE,0xAD,0xFD,0xFF,0xFF,0xE9,0xF4,0x02,0xF4,0x8D,0xF5,0xFE,0xFF,0xC7,0xFC,
    0x73,0xFE,0x59,0xFF,0x39,0xFF,0x39,0xFF,0x38,0xFF,0x38,0xFF,0x38,0xFF,0x39,0xFF,
    0x39,0xFF,0x39,0xFF,0xBC,0xFF,0xBC,0xFF,0xBD,0xFF,0xBD,0xFF,0xBD,0xFF,0xBD,0xFF,
    0xBD,0xFF,0xBD,0xFF,0xBD,0xFF,0xBD,0xFF,0xBD,0xFF,0xBD,0xFF,0xBD,0xFF,0xBD,0xFF,
    0xBD,0xFF,0xBD,0xFF,0xBD,0xFF,0xBD,0xFF,0xBD,0xFF,0xBD,0xFF,0xBD,0xFF,0xBD,0xFF,
    0xBD,0xFF,0xBD,0xFF,0xBD,0xFF,0xBD,0xFF,0xBD,0xFF,0xBD,0xFF,0xBD,0xFF,0xBD,0xFF,
    0xBD,0xFF,0xBD,0xFF,0xBD,0xFF,0xBD,0xFF,0xBD,0xFF,0xBD,0xFF,0xBD,0xFF,0xBD,0xFF,
    0xBD,0xFF,0xBD,0xFF,0xBD,0xFF,0xBD,0xF7,0xBD,0xF7,0x9D,0xF7,0x9D,0xF7,0x9D,0xF7,
    0x9D,0xF7,0x9D,0xF7,0x9D,0xF7,0x9D,0xF7,0x9D,0xF7,0x9D,0xF7,0xFF,0xFF,0x5A,0xF7,
    0x9B,0xF7,0x7A,0xF7,0x9B,0xFF,0x9C,0xFF,0xBC,0xFF,0x9C,0xFF,0x7B,0xFF,0x17,0xFF,
    0xF7,0xFE,0x17,0xFF,0x18,0xFF,0x18,0xFF,0x38,0xFF,0x38,0xFF,0x38,0xFF,0x59,0xFF,
    0x8A,0xFD,0x8C,0xFD,0xFF,0xFF,0xC8,0xF4,0x22,0xF4,0xAE,0xF5,0xFF,0xFF,0xC7,0xFC,
    0xEF,0xFD,0x7A,0xFF,0x38,0xFF,0x38,0xFF,0x38,0xFF,0x38,0xFF,0x38,0xFF,0x38,0xFF,
    0x38,0xFF,0x38,0xFF,0x9C,0xFF,0x9C,0xFF,0xBC,0xFF,0xBC,0xFF,0xBC,0xFF,0xBC,0xFF,
    0xBC,0xFF,0xBC,0xFF,0xBC,0xFF,0xBC,0xFF,0xBC,0xFF,0xBC,0xFF,0xBC,0xFF,0xBC,0xFF,
    0xBC,0xFF,0xBC,0xFF,0xBC,0xFF,0xBC,0xFF,0xBC,0xFF,0xBC,0xFF,0xBC,0xFF,0xBC,0xFF,
    0xBC,0xFF,0xBC,0xFF,0xBC,0xFF,0xBC,0xFF,0xBC,0xFF,0xBD,0xFF,0xBD,0xFF,0xBD,0xFF,
    0xBD,0xFF,0xBD,0xFF,0xBD,0xFF,0xBD,0xFF,0xBD,0xFF,0xBD,0xFF,0xBD,0xFF,0xBD,0xFF,
    0xBD,0xFF,0xBD,0xFF,0xBD,0xFF,0xBD,0xFF,0xBD,0xF7,0xBD,0xF7,0xBD,0xF7,0xBD,0xF7,
    0xBD,0xF7,0xBD,0xF7,0xBD,0xF7,0xBD,0xF7,0xBD,0xF7,0xBD,0xF7,0xFF,0xFF,0x5A,0xEF,
    0x7B,0xF7,0x7A,0xF7,0x9B,0xFF,0x9C,0xFF,0xBC,0xFF,0x9C,0xFF,0x7A,0xFF,0x17,0xFF,
    0xF7,0xFE,0x17,0xFF,0x17,0xFF,0x17,0xFF,0x18,0xFF,0x38,0xFF,0x59,0xFF,0x70,0xFE,
    0x69,0xFD,0x7B,0xFF,0x9C,0xFF,0xE8,0xF4,0x44,0xF4,0x6C,0xF5,0xFF,0xFF,0x19,0xFF,
    0x85,0xFC,0x52,0xFE,0x59,0xFF,0x18,0xFF,0x38,0xFF,0x18,0xFF,0x18,0xFF,0x38,0xFF,
    0x38,0xFF,0x38,0xFF,0x9C,0xFF,0x9C,0xFF,0xBC,0xFF,0xBC,0xFF,0xBC,0xFF,0xBC,0xFF,
    0xBC,0xFF,0xBC,0xFF,0xBC,0xFF,0xBC,0xFF,0xBC,0xFF,0xBC,0xFF,0xBC,0xFF,0xBC,0xFF,
    0xBC,0xFF,0xBC,0xFF,0xBC,0xFF,0xBC,0xFF,0xBC,0xFF,0xBC,0xFF,0xBC,0xFF,0xBC,0xFF,
    0xBC,0xFF,0xBC,0xFF,0xBC,0xFF,0xBC,0xFF,0xBC,0xFF,0xBD,0xFF,0xBD,0xFF,0xBD,0xFF,
    0xBD,0xFF,0xBD,0xFF,0xBD,0xFF,0xBD,0xFF,0xBD,0xFF,0xBD,0xFF,0xBD,0xFF,0xBD,0xFF,
    0xBD,0xFF,0xBD,0xFF,0xBD,0xFF,0xBD,0xF7,0xBD,0xF7,0xBD,0xF7,0xBD,0xF7,0xBD,0xF7,
    0xBD,0xF7,0xBD,0xF7,0xBD,0xF7,0xBD,0xF7,0xBD,0xF7,0xBD,0xF7,0xFF,0xFF,0x7A,0xF7,
    0x7B,0xF7,0x7A,0xF7,0x9B,0xFF,0xBC,0xFF,0xBC,0xFF,0x9C,0xFF,0x7B,0xFF,0x17,0xFF,
    0xF7,0xFE,0x17,0xFF,0xF7,0xFE,0x17,0xFF,0x18,0xFF,0x39,0xFF,0xF6,0xFE,0x89,0xFD,
    0x7B,0xFF,0x9D,0xFF,0x4A,0xFD,0xC6,0xFC,0x65,0xF4,0x44,0xF4,0x0A,0xF5,0xDF,0xFF,
    0x94,0xFE,0xC7,0xFC,0x38,0xFF,0x38,0xFF,0x18,0xFF,0x18,0xFF,0x18,0xFF,0x18,0xFF,
    0x38,0xFF,0x18,0xFF,0x9B,0xFF,0x9C,0xFF,0xBD,0xFF,0xBD,0xFF,0xBD,0xFF,0xBD,0xFF,
    0xBD,0xFF,0xBD,0xFF,0xBD,0xFF,0xBD,0xFF,0xBD,0xFF,0xBD,0xFF,0xBD,0xFF,0xBD,0xFF,
    0xBD,0xFF,0xBD,0xFF,0xBD,0xFF,0xBD,0xFF,0xBD,0xFF,0xBD,0xFF,0xBD,0xFF,0xBD,0xFF,
    0xBD,0xFF,0xBD,0xFF,0xBD,0xFF,0xBD,0xFF,0xBD,0xFF,0xBD,0xFF,0xBD,0xFF,0xBD,0xFF,
    0xBD,0xFF,0xBD,0xFF,0xBD,0xFF,0xBD,0xFF,0xBD,0xFF,0xBD,0xFF,0xBD,0xFF,0xBD,0xFF,
    0xBD,0xFF,0xBD,0xFF,0xBD,0xFF,0xBD,0xF7,0xBD,0xF7,0x9D,0xF7,0x9D,0xF7,0x9D,0xF7,
    0x9D,0xF7,0x9D,0xF7,0x9D,0xF7,0x9D,0xF7,0x9D,0xF7,0x9D,0xF7,0xFF,0xFF,0x5A,0xEF,
    0x7B,0xF7,0x7B,0xF7,0x9B,0xFF,0xBC,0xFF,0xBC,0xFF,0x9C,0xFF,0x9B,0xFF,0x17,0xFF,
    0xF6,0xFE,0x17,0xFF,0xF7,0xFE,0x17,0xFF,0x17,0xFF,0x5A,0xFF,0x0F,0xFE,0xAC,0xFD,
    0xFF,0xFF,0x6C,0xFD,0xA4,0xF4,0x65,0xF4,0x44,0xF4,0x45,0xF4,0x02,0xF4,0xF1,0xF5,
    0xFF,0xFF,0xE8,0xFC,0x73,0xFE,0x59,0xFF,0x17,0xFF,0x17,0xFF,0x18,0xFF,0x18,0xFF,
    0x18,0xFF,0x38,0xFF,0x9B,0xFF,0x9C,0xFF,0xBD,0xFF,0xBD,0xFF,0xBD,0xFF,0xBD,0xFF,
    0xBD,0xFF,0xBD,0xFF,0xBD,0xFF,0xBD,0xFF,0xBD,0xFF,0xBD,0xFF,0xBD,0xFF,0xBD,0xFF,
    0xBD,0xFF,0xBD,0xFF,0xBD,0xFF,0xBD,0xFF,0xBD,0xFF,0xBD,0xFF,0xBD,0xFF,0xBD,0xFF,
    0xBD,0xFF,0xBD,0xFF,0xBD,0xFF,0xBD,0xFF,0xBD,0xFF,0xBD,0xFF,0xBD,0xFF,0xBD,0xFF,
    0xBD,0xFF,0xBD,0xFF,0xBD,0xFF,0xBD,0xFF,0xBD,0xFF,0xBD,0xFF,0xBD,0xFF,0xBD,0xFF,
    0xBD,0xFF,0xBD,0xFF,0xBD,0xFF,0xBD,0xFF,0xBD,0xF7,0xBD,0xF7,0xBD,0xF7,0xBD,0xF7,
    0xBD,0xF7,0xBD,0xF7,0xBD,0xF7,0xBD,0xF7,0xBD,0xF7,0xBD,0xF7,0xFF,0xFF,0x5A,0xEF,
    0x7B,0xF7,0x7B,0xF7,0x9B,0xFF,0xBC,0xFF,0xBC,0xFF,0x9C,0xFF,0x9B,0xFF,0x18,0xFF,
    0xF6,0xFE,0xF7,0xFE,0xF7,0xFE,0xF7,0xFE,0x17,0xFF,0x59,0xFF,0x4A,0xFD,0x10,0xFE,
    0xBD,0xFF,0x65,0xF4,0x45,0xF4,0x44,0xF4,0x44,0xF4,0x45,0xF4,0x44,0xF4,0x0A,0xF5,
    0xFF,0xFF,0x2A,0xFD,0xAD,0xFD,0x39,0xFF,0x17,0xFF,0x17,0xFF,0x17,0xFF,0x18,0xFF,
    0x18,0xFF,0x38,0xFF,0x9C,0xFF,0x9C,0xFF,0xBD,0xFF,0xBD,0xFF,0xBD,0xFF,0xBD,0xFF,
    0xBD,0xFF,0xBD,0xFF,0xBD,0xFF,0xBD,0xFF,0xBD,0xFF,0xBD,0xFF,0xBD,0xFF,0xBD,0xFF,
    0xBD,0xFF,0xBD,0xFF,0xBD,0xFF,0xBD,0xFF,0xBD,0xFF,0xBD,0xFF,0xBD,0xFF,0xBD,0xFF,
    0xBD,0xFF,0xBD,0xFF,0xBD,0xFF,0xBD,0xFF,0xBD,0xFF,0xBD,0xFF,0xBD,0xFF,0xBD,0xFF,
    0xBD,0xFF,0xBD,0xFF,0xBD,0xFF,0xBD,0xFF,0xBD,0xFF,0xBD,0xFF,0xBD,0xFF,0xBD,0xFF,
    0xBD,0xFF,0xBD,0xFF,0xBD,0xFF,0xBD,0xFF,0xBD,0xF7,0xBD,0xF7,0xBD,0xF7,0xBD,0xF7,
    0xBD,0xF7,0xBD,0xF7,0xBD,0xF7,0xBD,0xF7,0xBD,0xF7,0xBD,0xF7,0xFF,0xFF,0x7A,0xF7,
    0x7B,0xF7,0x7B,0xF7,0xBB,0xFF,0xBC,0xFF,0xBC,0xFF,0x9C,0xFF,0x9C,0xFF,0x39,0xFF,
    0xD6,0xFE,0xF7,0xFE,0xF7,0xFE,0xF7,0xFE,0xF7,0xFE,0x39,0xFF,0x28,0xFD,0x10,0xFE,
    0xBD,0xFF,0x86,0xF4,0x86,0xF4,0x65,0xF4,0x44,0xF4,0x44,0xF4,0x23,0xEC,0xC8,0xF4,
    0xFF,0xFF,0x09,0xFD,0x8D,0xFD,0x39,0xFF,0x17,0xFF,0x17,0xFF,0x17,0xFF,0x18,0xFF,
    0x17,0xFF,0x39,0xFF,0x9C,0xFF,0x9C,0xFF,0xBD,0xFF,0xBD,0xFF,0xBD,0xFF,0xBD,0xFF,
    0xBD,0xFF,0xBD,0xFF,0xBD,0xFF,0xBD,0xFF,0xBD,0xFF,0xBD,0xFF,0xBD,0xFF,0xBD,0xFF,
    0xBD,0xFF,0xBD,0xFF,0xBD,0xFF,0xBD,0xFF,0xBD,0xFF,0xBD,0xFF,0xBD,0xFF,0xBD,0xFF,
    0xBD,0xFF,0xBD,0xFF,0xBD,0xFF,0xBD,0xFF,0xBD,0xFF,0xBD,0xFF,0xBD,0xFF,0xBD,0xFF,
    0xBD,0xFF,0xBD,0xFF,0xBD,0xFF,0xBD,0xFF,0xBD,0xFF,0xBD,0xFF,0xBD,0xFF,0xBD,0xFF,
    0xBD,0xFF,0xBD,0xFF,0xBD,0xFF,0xBD,0xFF,0xBD,0xFF,0xBD,0xFF,0xBD,0xFF,0xBD,0xFF,
    0xBD,0xFF,0xBD,0xFF,0xBD,0xF7,0xBD,0xF7,0xBD,0xF7,0xBD,0xF7,0xFF,0xFF,0x7A,0xF7,
    0x9B,0xF7,0x7B,0xF7,0xBB,0xFF,0xBC,0xFF,0xBC,0xFF,0x9C,0xFF,0xBC,0xFF,0x7A,0xFF,
    0xD6,0xFE,0xF7,0xFE,0xF7,0xFE,0xF7,0xFE,0xF7,0xFE,0x59,0xFF,0xCE,0xFD,0x6C,0xFD,
    0xFF,0xFF,0x6C,0xF5,0x64,0xFC,0xA6,0xF4,0x45,0xF4,0x25,0xF4,0xA0,0xEB,0xF1,0xF5,
    0xFF,0xFF,0x65,0xFC,0x32,0xFE,0x38,0xFF,0x17,0xFF,0x17,0xFF,0x17,0xFF,0x17,0xFF,
    0x17,0xFF,0x5A,0xFF,0x9C,0xFF,0x9C,0xFF,0xDD,0xFF,0xDD,0xFF,0xDD,0xFF,0xDD,0xFF,
    0xDD,0xFF,0xDD,0xFF,0xDD,0xFF,0xBD,0xFF,0xBD,0xFF,0xBD,0xFF,0xBD,0xFF,0xBD,0xFF,
    0xBD,0xFF,0xBD,0xFF,0xBD,0xFF,0xBD,0xFF,0xBD,0xFF,0xBD,0xFF,0xBD,0xFF,0xBD,0xFF,
    0xBD,0xFF,0xBD,0xFF,0xBD,0xFF,0xBD,0xFF,0xBD,0xFF,0xBD,0xFF,0xBD,0xFF,0xBD,0xFF,
    0xBD,0xFF,0xBD,0xFF,0xBD,0xFF,0xBD,0xFF,0xBD,0xFF,0xBD,0xFF,0xBD,0xFF,0xBD,0xFF,
    0xBD,0xFF,0xBD,0xFF,0xBD,0xFF,0xBD,0xFF,0xBD,0xF7,0xBD,0xF7,0xBD,0xF7,0xBD,0xF7,
    0xBD,0xF7,0xBD,0xF7,0xBD,0xF7,0xBD,0xF7,0xBD,0xF7,0xBD,0xF7,0xFF,0xFF,0x7A,0xF7,
    0x9B,0xF7,0x9B,0xF7,0xBB,0xFF,0xBC,0xFF,0xBC,0xFF,0x9C,0xFF,0xBC,0xFF,0xBC,0xFF,
    0xF7,0xFE,0xF7,0xFE,0xF7,0xFE,0xF7,0xFE,0x17,0xFF,0x38,0xFF,0xD5,0xFE,0xC7,0xFC,
    0x7B,0xFF,0x9C,0xFF,0xE7,0xFC,0x63,0xFC,0x23,0xF4,0xC1,0xF3,0x0A,0xF5,0xFF,0xFF,
    0x53,0xFE,0x65,0xF4,0xD7,0xFE,0xF7,0xFE,0xF7,0xFE,0x17,0xFF,0x17,0xFF,0x17,0xFF,
    0x18,0xFF,0x9B,0xFF,0x9C,0xFF,0x9C,0xFF,0xBD,0xFF,0xBD,0xFF,0xBD,0xFF,0xBD,0xFF,
    0xBD,0xFF,0xBD,0xFF,0xBD,0xFF,0xBD,0xFF,0xBD,0xFF,0xBD,0xFF,0xBD,0xFF,0xBD,0xFF,
    0xBD,0xFF,0xBD,0xFF,0xBD,0xFF,0xBD,0xFF,0xBD,0xFF,0xBD,0xFF,0xBD,0xFF,0xBD,0xFF,
    0xBD,0xFF,0xBD,0xFF,0xBD,0xFF,0xBD,0xFF,0xBD,0xFF,0xBD,0xFF,0xBD,0xFF,0xBD,0xFF,
    0xBD,0xFF,0xBD,0xFF,0xBD,0xFF,0xBD,0xFF,0xBD,0xFF,0xBD,0xFF,0xBD,0xFF,0xBD,0xFF,
    0xBD,0xF7,0xBD,0xF7,0xBD,0xF7,0xBD,0xF7,0xBD,0xF7,0xBD,0xF7,0xBD,0xF7,0xBD,0xF7,
    0xBD,0xF7,0xBD,0xF7,0xBD,0xF7,0xBD,0xF7,0xBD,0xF7,0xBD,0xF7,0xFF,0xFF,0x7A,0xF7,
    0x9B,0xF7,0x9B,0xF7,0xBC,0xFF,0xBC,0xFF,0xBC,0xFF,0x9C,0xFF,0x9C,0xFF,0xBD,0xFF,
    0x39,0xFF,0xD5,0xFE,0xF7,0xFE,0xF7,0xFE,0x17,0xFF,0x17,0xFF,0x38,0xFF,0xAC,0xFD,
    0xE7,0xFC,0x9C,0xFF,0xFF,0xFF,0xD7,0xFE,0x53,0xFE,0xF8,0xFE,0xFF,0xFF,0xD7,0xFE,
    0x02,0xF4,0xF0,0xFD,0xF7,0xFE,0xF7,0xFE,0xF7,0xFE,0xF7,0xFE,0x17,0xFF,0x18,0xFF,
    0x5A,0xFF,0x9C,0xFF,0x9B,0xFF,0xBC,0xFF,0xDD,0xFF,0xDD,0xFF,0xDD,0xFF,0xDD,0xFF,
    0xDD,0xFF,0xDD,0xFF,0xDD,0xFF,0xBD,0xFF,0xBD,0xFF,0xBD,0xFF,0xBD,0xFF,0xBD,0xFF,
    0xBD,0xFF,0xBD,0xFF,0xBD,0xFF,0xBD,0xFF,0xBD,0xFF,0xBD,0xFF,0xBD,0xFF,0xBD,0xFF,
    0xBD,0xFF,0xBD,0xFF,0xBD,0xFF,0xBD,0xFF,0xBD,0xFF,0xBD,0xFF,0xBD,0xFF,0xBD,0xFF,
    0xBD,0xFF,0xBD,0xFF,0xBD,0xFF,0xBD,0xFF,0xBD,0xFF,0xBD,0xFF,0xBD,0xFF,0xBD,0xFF,
    0xBD,0xFF,0xBD,0xFF,0xBD,0xFF,0xBD,0xFF,0xBD,0xF7,0xBD,0xF7,0xBD,0xF7,0xBD,0xF7,
    0xBD,0xF7,0xBD,0xF7,0xBD,0xF7,0xBD,0xF7,0xBD,0xF7,0xBD,0xF7,0xFF,0xFF,0x7B,0xF7,
    0x9C,0xFF,0x9B,0xF7,0xBB,0xFF,0xBC,0xFF,0xBC,0xFF,0x9C,0xFF,0x9C,0xFF,0xBC,0xFF,
    0x9C,0xFF,0xF6,0xFE,0xF7,0xFE,0xF7,0xFE,0xF7,0xFE,0x17,0xFF,0x17,0xFF,0xF7,0xFE,
    0x49,0xFD,0xE8,0xFC,0xB5,0xFE,0x9C,0xFF,0xBD,0xFF,0x5A,0xFF,0xAF,0xFD,0x03,0xF4,
    0xAE,0xFD,0xF7,0xFE,0xD6,0xFE,0xF7,0xFE,0xF7,0xFE,0xF7,0xFE,0xF7,0xFE,0x18,0xFF,
    0x9C,0xFF,0x9C,0xFF,0x9C,0xFF,0xBC,0xFF,0xBD,0xFF,0xBD,0xFF,0xBD,0xFF,0xBD,0xFF,
    0xBD,0xFF,0xBD,0xFF,0xBD,0xFF,0xBD,0xFF,0xBD,0xFF,0xBD,0xFF,0xBD,0xFF,0xBD,0xFF,
    0xBD,0xFF,0xBD,0xFF,0xBD,0xFF,0xBD,0xFF,0xBD,0xFF,0xBD,0xFF,0xBD,0xFF,0xBD,0xFF,
    0xBD,0xFF,0xBD,0xFF,0xBD,0xFF,0xBD,0xFF,0xBD,0xFF,0xBD,0xFF,0xBD,0xFF,0xBD,0xFF,
    0xBD,0xFF,0xBD,0xFF,0xBD,0xFF,0xBD,0xFF,0xBD,0xFF,0xBD,0xFF,0xBD,0xFF,0xBD,0xFF,
    0xBD,0xF7,0xBD,0xF7,0xBD,0xF7,0xBD,0xF7,0xBD,0xF7,0xBD,0xF7,0xBD,0xF7,0xBD,0xF7,
    0xBD,0xF7,0xBD,0xF7,0xBD,0xF7,0xBD,0xF7,0xBD,0xF7,0xBD,0xF7,0xFF,0xFF,0x7B,0xF7,
    0x9C,0xFF,0x9B,0xFF,0xBB,0xFF,0xBC,0xFF,0xBC,0xFF,0x9C,0xFF,0x9C,0xFF,0x9C,0xFF,
    0xBD,0xFF,0x7B,0xFF,0xF6,0xFE,0xF7,0xFE,0xF7,0xFE,0xF7,0xFE,0xF7,0xFE,0x17,0xFF,
    0xF7,0xFE,0x30,0xFE,0x29,0xFD,0x86,0xFC,0x44,0xF4,0x44,0xF4,0xC8,0xF4,0x52,0xFE,
    0x17,0xFF,0xD6,0xFE,0xF7,0xFE,0xF7,0xFE,0xF6,0xFE,0xF7,0xFE,0xF7,0xFE,0x5A,0xFF,
    0x9C,0xFF,0x7B,0xFF,0x9C,0xFF,0xBD,0xFF,0xBD,0xFF,0xBD,0xFF,0xBD,0xFF,0xBD,0xFF,
    0xBD,0xFF,0xBD,0xFF,0xBD,0xFF,0xBD,0xFF,0xBD,0xFF,0xBD,0xFF,0xBD,0xFF,0xBD,0xFF,
    0xBD,0xFF,0xBD,0xFF,0xBD,0xFF,0xBD,0xFF,0xBD,0xFF,0xBD,0xFF,0xBD,0xFF,0xBD,0xFF,
    0xBD,0xFF,0xBD,0xFF,0xBD,0xFF,0xBD,0xFF,0xBD,0xFF,0xBD,0xFF,0xBD,0xFF,0xBD,0xFF,
    0xBD,0xFF,0xBD,0xFF,0xBD,0xFF,0xBD,0xFF,0xBD,0xFF,0xBD,0xFF,0xBD,0xFF,0xBD,0xFF,
    0xBD,0xFF,0xBD,0xFF,0xBD,0xFF,0xBD,0xF7,0xBD,0xF7,0xBD,0xF7,0xBD,0xF7,0xBD,0xF7,
    0xBD,0xF7,0xBD,0xF7,0xBD,0xF7,0xBD,0xF7,0xBD,0xF7,0xBD,0xF7,0xFF,0xFF,0x7A,0xF7,
    0x9C,0xFF,0x9B,0xF7,0xBB,0xFF,0xBC,0xFF,0xBC,0xFF,0x9C,0xFF,0x9C,0xFF,0x9C,0xFF,
    0x9C,0xFF,0xBD,0xFF,0x5A,0xFF,0xD6,0xFE,0xF6,0xFE,0xF7,0xFE,0xF7,0xFE,0xF7,0xFE,
    0xF7,0xFE,0x18,0xFF,0xF7,0xFE,0x74,0xFE,0x32,0xFE,0x94,0xFE,0xF7,0xFE,0xF7,0xFE,
    0xD6,0xFE,0xD6,0xFE,0xD6,0xFE,0xD6,0xFE,0xD6,0xFE,0xF7,0xFE,0x39,0xFF,0xBC,0xFF,
    0x9B,0xFF,0x9C,0xFF,0xBC,0xFF,0xBD,0xFF,0xDD,0xFF,0xDD,0xFF,0xDD,0xFF,0xDD,0xFF,
    0xDD,0xFF,0xDD,0xFF,0xDD,0xFF,0xDD,0xFF,0xDD,0xFF,0xBD,0xFF,0xBD,0xFF,0xBD,0xFF,
    0xBD,0xFF,0xBD,0xFF,0xBD,0xFF,0xBD,0xFF,0xBD,0xFF,0xBD,0xFF,0xBD,0xFF,0xBD,0xFF,
    0xBD,0xFF,0xBD,0xFF,0xBD,0xFF,0xBD,0xFF,0xBD,0xFF,0xBD,0xFF,0xBD,0xFF,0xBD,0xFF,
    0xBD,0xFF,0xBD,0xFF,0xBD,0xFF,0xBD,0xFF,0xBD,0xFF,0xBD,0xFF,0xBD,0xFF,0xBD,0xFF,
    0xBD,0xFF,0xBD,0xFF,0xBD,0xFF,0xBD,0xFF,0xBD,0xF7,0xBD,0xF7,0xBD,0xF7,0xBD,0xF7,
    0xBD,0xF7,0xBD,0xF7,0xBD,0xF7,0xBD,0xF7,0xBD,0xF7,0xBD,0xF7,0xFF,0xFF,0x7B,0xF7,
    0x9C,0xFF,0x9B,0xF7,0xBB,0xFF,0xBC,0xFF,0xBC,0xFF,0x9C,0xFF,0x9C,0xFF,0x9C,0xFF,
    0x9C,0xFF,0x9C,0xFF,0xBD,0xFF,0x39,0xFF,0xD6,0xFE,0xF7,0xFE,0xD6,0xFE,0xD6,0xFE,
    0xF7,0xFE,0xF7,0xFE,0xF7,0xFE,0xD6,0xFE,0xD6,0xFE,0xD6,0xFE,0xD6,0xFE,0xD6,0xFE,
    0xD6,0xFE,0xD6,0xFE,0xD6,0xFE,0xD6,0xFE,0xF7,0xFE,0x5A,0xFF,0xBC,0xFF,0x9C,0xFF,
    0x9B,0xFF,0x9C,0xFF,0xBC,0xFF,0xBD,0xFF,0xDD,0xFF,0xDD,0xFF,0xDD,0xFF,0xDD,0xFF,
    0xDD,0xFF,0xDD,0xFF,0xDD,0xFF,0xDD,0xFF,0xDD,0xFF,0xBD,0xFF,0xBD,0xFF,0xBD,0xFF,
    0xBD,0xFF,0xBD,0xFF,0xBD,0xFF,0xBD,0xFF,0xBD,0xFF,0xBD,0xFF,0xBD,0xFF,0xBD,0xFF,
    0xBD,0xFF,0xBD,0xFF,0xBD,0xFF,0xBD,0xFF,0xBD,0xFF,0xBD,0xFF,0xBD,0xFF,0xBD,0xFF,
    0xBD,0xFF,0xBD,0xFF,0xBD,0xFF,0xBD,0xFF,0xBD,0xFF,0xBD,0xFF,0xBD,0xFF,0xBD,0xFF,
    0xBD,0xFF,0xBD,0xFF,0xBD,0xFF,0xBD,0xFF,0xBD,0xFF,0xBD,0xFF,0xBD,0xFF,0xBD,0xFF,
    0xBD,0xFF,0xBD,0xFF,0xBD,0xF7,0xBD,0xF7,0xBD,0xF7,0xBD,0xF7,0xFF,0xFF,0x7B,0xF7,
    0x9C,0xFF,0x9B,0xF7,0x9B,0xFF,0xBC,0xFF,0xBC,0xFF,0x9C,0xFF,0x9C,0xFF,0x9C,0xFF,
    0x9C,0xFF,0x9C,0xFF,0x9C,0xFF,0xDD,0xFF,0x7A,0xFF,0xF7,0xFE,0x38,0xFF,0x18,0xFF,
    0xD6,0xFE,0xD6,0xFE,0xD6,0xFE,0xD6,0xFE,0xD6,0xFE,0xD6,0xFE,0xD6,0xFE,0xD6,0xFE,
    0xD6,0xFE,0xD6,0xFE,0xD6,0xFE,0xF7,0xFE,0x5A,0xFF,0xBD,0xFF,0x9C,0xFF,0x9B,0xFF,
    0x9C,0xFF,0xBC,0xFF,0xBC,0xFF,0xBD,0xFF,0xBD,0xFF,0xBD,0xFF,0xBD,0xFF,0xBD,0xFF,
    0xBD,0xFF,0xBD,0xFF,0xBD,0xFF,0xBD,0xFF,0xBD,0xFF,0xBD,0xFF,0xBD,0xFF,0xBD,0xFF,
    0xBD,0xFF,0xBD,0xFF,0xBD,0xFF,0xBD,0xFF,0xBD,0xFF,0xBD,0xFF,0xBD,0xFF,0xBD,0xFF,
    0xBD,0xFF,0xBD,0xFF,0xBD,0xFF,0xBD,0xFF,0xBD,0xFF,0xBD,0xFF,0xBD,0xFF,0xBD,0xFF,
    0xBD,0xFF,0xBD,0xFF,0xBD,0xFF,0xBD,0xFF,0xBD,0xFF,0xBD,0xFF,0xBD,0xFF,0xBD,0xFF,
    0xBD,0xFF,0xBD,0xFF,0xBD,0xFF,0xBD,0xFF,0xBD,0xFF,0xBD,0xFF,0xBD,0xFF,0xBD,0xFF,
    0xBD,0xFF,0xBD,0xF7,0xBD,0xF7,0xBD,0xF7,0xBD,0xF7,0xBD,0xF7,0xFF,0xFF,0x7B,0xF7,
    0x9C,0xFF,0x9B,0xFF,0x9B,0xFF,0x9C,0xFF,0xBC,0xFF,0x9C,0xFF,0x9C,0xFF,0x9C,0xFF,
    0x9C,0xFF,0x9B,0xFF,0x9B,0xFF,0x9C,0xFF,0xBD,0xFF,0x9C,0xFF,0x5A,0xFF,0x59,0xFF,
    0x59,0xFF,0xF7,0xFE,0xD6,0xFE,0xD6,0xFE,0xF7,0xFE,0xF7,0xFE,0xD6,0xFE,0xD6,0xFE,
    0xD6,0xFE,0xF7,0xFE,0x39,0xFF,0x9B,0xFF,0xBD,0xFF,0x9C,0xFF,0x9C,0xFF,0x9C,0xFF,
    0x9C,0xFF,0xBC,0xFF,0xBC,0xFF,0xBD,0xFF,0xBD,0xFF,0xBD,0xFF,0xBD,0xFF,0xBD,0xFF,
    0xBD,0xFF,0xBD,0xFF,0xBD,0xFF,0xBD,0xFF,0xBD,0xFF,0xBD,0xFF,0xBD,0xFF,0xBD,0xFF,
    0xBD,0xFF,0xBD,0xFF,0xBD,0xFF,0xBD,0xFF,0xBD,0xFF,0xBD,0xFF,0xBD,0xFF,0xBD,0xFF,
    0xBD,0xFF,0xBD,0xFF,0xBD,0xFF,0xBD,0xFF,0xBD,0xFF,0xBD,0xFF,0xBD,0xFF,0xBD,0xFF,
    0xBD,0xFF,0xBD,0xFF,0xBD,0xFF,0xBD,0xFF,0xBD,0xFF,0xBD,0xFF,0xBD,0xFF,0xBD,0xFF,
    0xBD,0xFF,0xBD,0xFF,0xBD,0xFF,0xBD,0xFF,0xBD,0xFF,0xBD,0xFF,0xBD,0xFF,0xBD,0xFF,
    0xBD,0xFF,0xBD,0xFF,0xBD,0xFF,0xBD,0xFF,0xBD,0xFF,0xBD,0xFF,0xFF,0xFF,0x7B,0xF7,
    0x9C,0xFF,0x9B,0xFF,0xBB,0xFF,0x9C,0xFF,0xBC,0xFF,0x9C,0xFF,0x9C,0xFF,0x9C,0xFF,
    0x9C,0xFF,0x9C,0xFF,0x9B,0xFF,0x9C,0xFF,0x9C,0xFF,0xBC,0xFF,0xBD,0xFF,0x9C,0xFF,
    0x7B,0xFF,0x59,0xFF,0x17,0xFF,0xF7,0xFE,0xF7,0xFE,0xF7,0xFE,0xF7,0xFE,0xF7,0xFE,
    0x39,0xFF,0x9B,0xFF,0xBD,0xFF,0x9C,0xFF,0x9C,0xFF,0x9C,0xFF,0x9C,0xFF,0xBC,0xFF,
    0xBC,0xFF,0xBC,0xFF,0xBD,0xFF,0xBD,0xFF,0xBD,0xFF,0xBD,0xFF,0xBD,0xFF,0xBD,0xFF,
    0xBD,0xFF,0xBD,0xFF,0xBD,0xFF,0xBD,0xFF,0xBD,0xFF,0xBD,0xFF,0xBD,0xFF,0xBD,0xFF,
    0xBD,0xFF,0xBD,0xFF,0xBD,0xFF,0xBD,0xFF,0xBD,0xFF,0xBD,0xFF,0xBD,0xFF,0xBD,0xFF,
    0xBD,0xFF,0xBD,0xFF,0xBD,0xFF,0xBD,0xFF,0xBD,0xFF,0xBD,0xFF,0xBD,0xFF,0xBD,0xFF,
    0xBD,0xFF,0xBD,0xFF,0xBD,0xFF,0xBD,0xFF,0xBD,0xFF,0xBD,0xFF,0xBD,0xFF,0xBD,0xFF,
    0xBD,0xFF,0xBD,0xFF,0xBD,0xFF,0xBD,0xFF,0xBD,0xFF,0xBD,0xFF,0xBD,0xFF,0xBD,0xFF,
    0xBD,0xFF,0xBD,0xFF,0xBD,0xFF,0xBD,0xFF,0xBD,0xFF,0xBD,0xFF,0xFF,0xFF,0x7B,0xF7,
    0xBC,0xFF,0xBB,0xFF,0xBB,0xFF,0x9C,0xFF,0xBC,0xFF,0x9C,0xFF,0x9C,0xFF,0x9C,0xFF,
    0x9C,0xFF,0x9C,0xFF,0x9C,0xFF,0x9C,0xFF,0x9C,0xFF,0x9C,0xFF,0x9C,0xFF,0xBC,0xFF,
    0xBC,0xFF,0x9C,0xFF,0x9B,0xFF,0x7A,0xFF,0x7A,0xFF,0x7B,0xFF,0x9B,0xFF,0x9C,0xFF,
    0xBC,0xFF,0x9C,0xFF,0x9C,0xFF,0x9C,0xFF,0x9C,0xFF,0x9C,0xFF,0xBC,0xFF,0xBC,0xFF,
    0xBC,0xFF,0xBD,0xFF,0xBD,0xFF,0xBD,0xFF,0xBD,0xFF,0xBD,0xFF,0xBD,0xFF,0xBD,0xFF,
    0xBD,0xFF,0xBD,0xFF,0xBD,0xFF,0xBD,0xFF,0xBD,0xFF,0xBD,0xFF,0xBD,0xFF,0xBD,0xFF,
    0xBD,0xFF,0xDD,0xFF,0xDD,0xFF,0xDD,0xFF,0xDD,0xFF,0xDD,0xFF,0xDD,0xFF,0xDD,0xFF,
    0xDD,0xFF,0xDD,0xFF,0xDD,0xFF,0xDD,0xFF,0xDD,0xFF,0xDD,0xFF,0xDD,0xFF,0xDD,0xFF,
    0xDE,0xFF,0xDE,0xFF,0xDE,0xFF,0xDE,0xFF,0xDE,0xFF,0xDE,0xFF,0xDE,0xFF,0xDE,0xFF,
    0xDE,0xFF,0xDE,0xFF,0xDE,0xFF,0xDE,0xFF,0xDE,0xFF,0xDE,0xFF,0xDE,0xFF,0xDE,0xFF,
    0xDE,0xFF,0xDE,0xFF,0xDE,0xFF,0xDE,0xFF,0xDE,0xFF,0xDE,0xFF,0xFF,0xFF,0x7B,0xF7,
    0xBC,0xFF,0xBB,0xFF,0xBB,0xFF,0x9B,0xFF,0xBC,0xFF,0x9C,0xFF,0x9C,0xFF,0x9C,0xFF,
    0x9C,0xFF,0x9C,0xFF,0x9C,0xFF,0x9C,0xFF,0x9C,0xFF,0x9C,0xFF,0x9C,0xFF,0x9C,0xFF,
    0x9C,0xFF,0x9C,0xFF,0x9C,0xFF,0x9C,0xFF,0x9C,0xFF,0x9C,0xFF,0x9C,0xFF,0x9C,0xFF,
    0x9C,0xFF,0x9B,0xFF,0x9C,0xFF,0x9C,0xFF,0xBC,0xFF,0xBC,0xFF,0xBC,0xFF,0xBD,0xFF,
    0xBD,0xFF,0xBD,0xFF,0xBD,0xFF,0xBD,0xFF,0xDD,0xFF,0xDD,0xFF,0xDD,0xFF,0xDD,0xFF,
    0xDD,0xFF,0xDD,0xFF,0xDD,0xFF,0xDD,0xFF,0xDD,0xFF,0xDD,0xFF,0xDD,0xFF,0xDD,0xFF,
    0xDD,0xFF,0xDD,0xFF,0xDD,0xFF,0xDD,0xFF,0xDD,0xFF,0xDD,0xFF,0xDD,0xFF,0xDD,0xFF,
    0xDD,0xFF,0xDD,0xFF,0xDD,0xFF,0xDD,0xFF,0xDD,0xFF,0xDD,0xFF,0xDD,0xFF,0xDD,0xFF,
    0xDD,0xFF,0xDE,0xFF,0xDE,0xFF,0xDE,0xFF,0xDE,0xFF,0xDE,0xFF,0xDE,0xFF,0xDE,0xFF,
    0xDE,0xFF,0xDE,0xFF,0xDE,0xFF,0xDE,0xFF,0xDE,0xFF,0xDE,0xFF,0xDE,0xFF,0xDE,0xFF,
    0xDE,0xFF,0xDE,0xFF,0xDE,0xFF,0xDE,0xFF,0xDE,0xFF,0xDE,0xFF,0xFF,0xFF,0x7B,0xF7,
    0xBC,0xFF,0xBB,0xFF,0xBC,0xFF,0x7B,0xFF,0xBC,0xFF,0xBC,0xFF,0x9C,0xFF,0x9C,0xFF,
    0x9C,0xFF,0x9C,0xFF,0x9C,0xFF,0x9C,0xFF,0x9C,0xFF,0x9C,0xFF,0x9C,0xFF,0x9C,0xFF,
    0x9C,0xFF,0x9C,0xFF,0x9C,0xFF,0x9C,0xFF,0x9C,0xFF,0x9C,0xFF,0x9C,0xFF,0x9C,0xFF,
    0x9C,0xFF,0x9C,0xFF,0x9C,0xFF,0xBC,0xFF,0xBC,0xFF,0xBD,0xFF,0xBD,0xFF,0xBD,0xFF,
    0xDD,0xFF,0xDD,0xFF,0xBD,0xFF,0xDD,0xFF,0xDD,0xFF,0xDD,0xFF,0xDD,0xFF,0xDD,0xFF,
    0xDD,0xFF,0xDD,0xFF,0xDD,0xFF,0xDD,0xFF,0xDD,0xFF,0xDD,0xFF,0xDD,0xFF,0xDD,0xFF,
    0xDD,0xFF,0xDD,0xFF,0xDD,0xFF,0xDD,0xFF,0xDD,0xFF,0xDD,0xFF,0xDD,0xFF,0xDD,0xFF,
    0xDD,0xFF,0xDD,0xFF,0xDD,0xFF,0xDD,0xFF,0xDD,0xFF,0xDD,0xFF,0xDD,0xFF,0xDD,0xFF,
    0xDD,0xFF,0xDD,0xFF,0xDD,0xFF,0xDD,0xFF,0xDD,0xFF,0xDD,0xFF,0xDD,0xFF,0xDD,0xFF,
    0xDD,0xFF,0xDD,0xFF,0xDD,0xFF,0xDD,0xFF,0xDD,0xFF,0xDD,0xFF,0xDD,0xFF,0xDD,0xFF,
    0xDD,0xFF,0xDD,0xFF,0xDD,0xFF,0xDD,0xFF,0xDD,0xFF,0xDD,0xFF,0xFF,0xFF,0x7A,0xF7,
    0xBC,0xFF,0x9B,0xFF,0xDD,0xFF,0x7B,0xFF,0x9C,0xFF,0xBC,0xFF,0xBC,0xFF,0x9C,0xFF,
    0x9C,0xFF,0x9C,0xFF,0x9C,0xFF,0x9C,0xFF,0x9C,0xFF,0x9C,0xFF,0x9C,0xFF,0x9C,0xFF,
    0xBC,0xFF,0xBC,0xFF,0xBC,0xFF,0xBC,0xFF,0xBC,0xFF,0xBC,0xFF,0xBC,0xFF,0xBC,0xFF,
    0xBC,0xFF,0xBD,0xFF,0xBD,0xFF,0xBD,0xFF,0xBD,0xFF,0xBD,0xFF,0xDD,0xFF,0xDD,0xFF,
    0xDD,0xFF,0xDD,0xFF,0xDD,0xFF,0xDD,0xFF,0xDD,0xFF,0xDD,0xFF,0xDD,0xFF,0xDD,0xFF,
    0xDD,0xFF,0xDD,0xFF,0xDD,0xFF,0xDD,0xFF,0xDD,0xFF,0xDE,0xFF,0xDE,0xFF,0xDE,0xFF,
    0xDE,0xFF,0xDE,0xFF,0xDE,0xFF,0xDE,0xFF,0xDE,0xFF,0xDE,0xFF,0xDE,0xFF,0xDE,0xFF,
    0xDE,0xFF,0xDE,0xFF,0xDE,0xFF,0xDE,0xFF,0xDE,0xFF,0xDE,0xFF,0xDE,0xFF,0xDE,0xFF,
    0xDE,0xFF,0xDE,0xFF,0xDE,0xFF,0xDE,0xFF,0xDE,0xFF,0xDE,0xFF,0xDE,0xFF,0xDE,0xFF,
    0xDE,0xFF,0xDE,0xFF,0xDE,0xFF,0xDE,0xFF,0xDE,0xFF,0xDE,0xFF,0xDE,0xFF,0xDE,0xFF,
    0xDE,0xFF,0xDE,0xFF,0xDE,0xFF,0xDE,0xFF,0xDE,0xFF,0xDE,0xFF,0xDE,0xFF,0x59,0xEF,
    0xBC,0xFF,0x9B,0xFF,0xBC,0xFF,0xDD,0xFF,0x7A,0xFF,0xBC,0xFF,0xBC,0xFF,0xBC,0xFF,
    0xBC,0xFF,0xBC,0xFF,0x9C,0xFF,0xBC,0xFF,0xBC,0xFF,0xBC,0xFF,0xBC,0xFF,0xBC,0xFF,
    0xBC,0xFF,0xBC,0xFF,0xBC,0xFF,0xBD,0xFF,0xBD,0xFF,0xBD,0xFF,0xBD,0xFF,0xBD,0xFF,
    0xDD,0xFF,0xDD,0xFF,0xDD,0xFF,0xDD,0xFF,0xDD,0xFF,0xDD,0xFF,0xDD,0xFF,0xDD,0xFF,
    0xDD,0xFF,0xDD,0xFF,0xDE,0xFF,0xDE,0xFF,0xDE,0xFF,0xDE,0xFF,0xDE,0xFF,0xDE,0xFF,
    0xDE,0xFF,0xDE,0xFF,0xDE,0xFF,0xDE,0xFF,0xDE,0xFF,0xDE,0xFF,0xDE,0xFF,0xDE,0xFF,
    0xDE,0xFF,0xDE,0xFF,0xDE,0xFF,0xFE,0xFF,0xFE,0xFF,0xFE,0xFF,0xFE,0xFF,0xFE,0xFF,
    0xFE,0xFF,0xFE,0xFF,0xFE,0xFF,0xFE,0xFF,0xFE,0xFF,0xFF,0xFF,0xFF,0xFF,0xFF,0xFF,
    0xFF,0xFF,0xFF,0xFF,0xFF,0xFF,0xFF,0xFF,0xFF,0xFF,0xFF,0xFF,0xFF,0xFF,0xFF,0xFF,
    0xFF,0xFF,0xFF,0xFF,0xFF,0xFF,0xFF,0xFF,0xFF,0xFF,0xFF,0xFF,0xFF,0xFF,0xFF,0xFF,
    0xFF,0xFF,0xFF,0xFF,0xFF,0xFF,0xFF,0xFF,0xFF,0xFF,0xFF,0xFF,0x9B,0xF7,0x59,0xEF,
    0xBC,0xFF,0x9C,0xFF,0x9B,0xFF,0xDD,0xFF,0xBD,0xFF,0x7A,0xFF,0x9B,0xFF,0xBC,0xFF,
    0xBC,0xFF,0xBC,0xFF,0x9C,0xFF,0x9C,0xFF,0xBC,0xFF,0xBC,0xFF,0xBC,0xFF,0xBC,0xFF,
    0xBD,0xFF,0xBD,0xFF,0xBD,0xFF,0xBD,0xFF,0xBD,0xFF,0xBD,0xFF,0xDD,0xFF,0xDD,0xFF,
    0xDD,0xFF,0xBD,0xFF,0xDD,0xFF,0xDD,0xFF,0xDD,0xFF,0xDD,0xFF,0xDE,0xFF,0xDE,0xFF,
    0xDE,0xFF,0xDE,0xFF,0xDE,0xFF,0xDE,0xFF,0xDE,0xFF,0xDE,0xFF,0xDE,0xFF,0xDE,0xFF,
    0xDE,0xFF,0xDE,0xFF,0xDE,0xFF,0xDE,0xFF,0xDE,0xFF,0xDE,0xFF,0xDE,0xFF,0xDE,0xFF,
    0xDE,0xFF,0xDE,0xFF,0xDE,0xFF,0xDE,0xFF,0xDE,0xFF,0xDE,0xFF,0xDE,0xFF,0xDE,0xFF,
    0xDE,0xFF,0xDE,0xFF,0xDE,0xFF,0xDE,0xFF,0xDE,0xFF,0xDD,0xFF,0xDD,0xFF,0xDD,0xFF,
    0xDD,0xFF,0xDD,0xFF,0xDD,0xFF,0xDD,0xFF,0xDD,0xFF,0xDD,0xFF,0xDD,0xFF,0xDD,0xFF,
    0xDD,0xFF,0xDD,0xFF,0xDD,0xFF,0xDD,0xFF,0xDD,0xFF,0xDD,0xFF,0xDD,0xFF,0xDD,0xFF,
    0xDD,0xFF,0xDD,0xFF,0xDD,0xFF,0xDD,0xFF,0xDD,0xFF,0xDD,0xFF,0x39,0xEF,0x5A,0xEF,
    0xBC,0xFF,0x9C,0xFF,0x9B,0xF7,0x7A,0xF7,0xDE,0xFF,0xFF,0xFF,0xBC,0xFF,0x9B,0xFF,
    0x9B,0xFF,0x9B,0xFF,0x9B,0xFF,0x9B,0xFF,0x9B,0xFF,0x9B,0xFF,0x9C,0xFF,0x9C,0xFF,
    0x9C,0xFF,0x9C,0xFF,0x9C,0xFF,0x9C,0xFF,0x9C,0xFF,0x9C,0xFF,0x9C,0xFF,0xBC,0xFF,
    0xBC,0xFF,0xBC,0xFF,0xBD,0xFF,0xBD,0xFF,0xBD,0xFF,0xBD,0xFF,0xBD,0xFF,0xBD,0xFF,
    0xBD,0xFF,0xBD,0xFF,0xBD,0xFF,0xBD,0xFF,0xBD,0xFF,0xBD,0xFF,0xBD,0xFF,0xBD,0xFF,
    0xBD,0xFF,0xBD,0xFF,0xDD,0xFF,0xBD,0xFF,0xBD,0xFF,0xBD,0xFF,0xBD,0xFF,0xBD,0xFF,
    0xBD,0xFF,0xBD,0xFF,0xBD,0xFF,0xBD,0xFF,0xBD,0xFF,0xBD,0xFF,0xBD,0xF7,0xBD,0xF7,
    0xBD,0xF7,0xBD,0xF7,0xBD,0xF7,0xBD,0xF7,0xBD,0xF7,0xBD,0xF7,0xBD,0xF7,0xBC,0xF7,
    0xBD,0xF7,0xBD,0xF7,0xBD,0xF7,0xBD,0xF7,0xBD,0xF7,0xBD,0xF7,0xBD,0xF7,0xBD,0xF7,
    0xBD,0xF7,0xBD,0xFF,0xBD,0xFF,0xDE,0xFF,0xDE,0xFF,0xDE,0xFF,0xDE,0xFF,0xBD,0xFF,
    0xDD,0xFF,0xDE,0xFF,0xFF,0xFF,0xFF,0xFF,0xDD,0xFF,0x59,0xEF,0x59,0xEF,0x7A,0xEF,
    0xBC,0xFF,0x9C,0xFF,0x9B,0xFF,0x9B,0xF7,0x7A,0xF7,0x9C,0xFF,0xDE,0xFF,0xFF,0xFF,
    0xFF,0xFF,0xFF,0xFF,0xFF,0xFF,0xFF,0xFF,0xFF,0xFF,0xFF,0xFF,0xFF,0xFF,0xFF,0xFF,
    0xFF,0xFF,0xFF,0xFF,0xFF,0xFF,0xFF,0xFF,0xFF,0xFF,0xFF,0xFF,0xFF,0xFF,0xFF,0xFF,
    0xFF,0xFF,0xFF,0xFF,0xFF,0xFF,0xFF,0xFF,0xFF,0xFF,0xFF,0xFF,0xFF,0xFF,0xFF,0xFF,
    0xFF,0xFF,0xFF,0xFF,0xFF,0xFF,0xFF,0xFF,0xFF,0xFF,0xFF,0xFF,0xFF,0xFF,0xFF,0xFF,
    0xFF,0xFF,0xFF,0xFF,0xFF,0xFF,0xFF,0xFF,0xFF,0xFF,0xFF,0xFF,0xFF,0xFF,0xFF,0xFF,
    0xFF,0xFF,0xFF,0xFF,0xFF,0xFF,0xFF,0xFF,0xFF,0xFF,0xFF,0xFF,0xFF,0xFF,0xFF,0xFF,
    0xFF,0xFF,0xFF,0xFF,0xFF,0xFF,0xFF,0xFF,0xFF,0xFF,0xFF,0xFF,0xFF,0xFF,0xFF,0xFF,
    0xFF,0xFF,0xFF,0xFF,0xFF,0xFF,0xFF,0xFF,0xFF,0xFF,0xFF,0xFF,0xFF,0xFF,0xFF,0xFF,
    0xFF,0xFF,0xFF,0xFF,0xFF,0xFF,0xFF,0xFF,0xFF,0xFF,0xFF,0xFF,0xFF,0xFF,0xFF,0xFF,
    0xFF,0xFF,0xFF,0xFF,0xDE,0xFF,0x9B,0xF7,0x59,0xEF,0x5A,0xEF,0x5A,0xEF,0x7A,0xEF,
    0xBC,0xFF,0x9C,0xFF,0x9C,0xFF,0x9B,0xF7,0x7B,0xF7,0x5A,0xF7,0x39,0xEF,0x59,0xF7,
    0x5A,0xF7,0x5A,0xF7,0x5A,0xF7,0x5A,0xEF,0x39,0xEF,0x39,0xEF,0x3A,0xEF,0x5A,0xEF,
    0x5A,0xEF,0x5A,0xEF,0x3A,0xEF,0x5A,0xEF,0x5A,0xEF,0x5A,0xEF,0x5A,0xEF,0x5A,0xF7,
    0x5A,0xF7,0x5A,0xF7,0x5A,0xF7,0x5A,0xF7,0x5A,0xF7,0x5A,0xF7,0x5A,0xF7,0x5A,0xF7,
    0x5A,0xF7,0x5A,0xF7,0x7A,0xF7,0x7A,0xF7,0x5A,0xF7,0x5A,0xF7,0x59,0xF7,0x59,0xF7,
    0x59,0xF7,0x5A,0xF7,0x7A,0xF7,0x7A,0xF7,0x7A,0xF7,0x7A,0xF7,0x7A,0xF7,0x7A,0xF7,
    0x7A,0xF7,0x5A,0xEF,0x5A,0xEF,0x5A,0xEF,0x5A,0xEF,0x5A,0xEF,0x5A,0xEF,0x5A,0xEF,
    0x5A,0xEF,0x7A,0xEF,0x5A,0xEF,0x5A,0xEF,0x5A,0xEF,0x5A,0xEF,0x5A,0xEF,0x5A,0xEF,
    0x5A,0xEF,0x5A,0xEF,0x5A,0xEF,0x5A,0xEF,0x5A,0xEF,0x5A,0xEF,0x5A,0xEF,0x5A,0xEF,
    0x5A,0xEF,0x5A,0xEF,0x5A,0xEF,0x5A,0xEF,0x5A,0xEF,0x5A,0xEF,0x7A,0xF7,0x5A,0xF7,
    0x7A,0xF7,0x7A,0xEF,0x39,0xEF,0x38,0xEF,0x5A,0xEF,0x5A,0xEF,0x7B,0xEF,0x7B,0xF7,
};
const lv_image_dsc_t ui_img_environment_v3_temp_card = {
    .header = { .magic = LV_IMAGE_HEADER_MAGIC, .cf = LV_COLOR_FORMAT_RGB565,
                .flags = 0, .w = 88, .h = 46, .stride = 176, .reserved_2 = 0 },
    .data_size = sizeof(ui_img_environment_v3_temp_card_data), .data = ui_img_environment_v3_temp_card_data, .reserved = NULL,
};

static const LV_ATTRIBUTE_MEM_ALIGN uint8_t ui_img_environment_v3_humidity_card_data[] = {
    0x9B,0xF7,0x9B,0xF7,0x9B,0xF7,0x7B,0xF7,0x5E,0xE7,0x9F,0xEF,0xDF,0xF7,0xDF,0xF7,
    0xBF,0xF7,0xBF,0xF7,0xBF,0xF7,0xBF,0xF7,0xBF,0xF7,0xBF,0xF7,0xBE,0xF7,0xBE,0xF7,
    0xBE,0xF7,0xBE,0xF7,0xBE,0xFF,0xBE,0xFF,0xDE,0xFF,0xDE,0xFF,0xDE,0xFF,0xBE,0xFF,
    0xBE,0xFF,0xDE,0xFF,0xDE,0xFF,0xDE,0xFF,0xDE,0xFF,0xDE,0xFF,0xDE,0xFF,0xBE,0xFF,
    0xDE,0xFF,0xDE,0xFF,0xDE,0xFF,0xDE,0xFF,0xDE,0xFF,0xDE,0xFF,0xDE,0xFF,0xDE,0xFF,
    0xDE,0xFF,0xDE,0xFF,0xDE,0xFF,0xDE,0xFF,0xDE,0xFF,0xDE,0xFF,0xDE,0xFF,0xDE,0xFF,
    0xDE,0xFF,0xDE,0xFF,0xDE,0xFF,0xDE,0xFF,0xDE,0xFF,0xDE,0xFF,0xDE,0xFF,0xDE,0xFF,
    0xDE,0xFF,0xDE,0xFF,0xDE,0xFF,0xDE,0xFF,0xDE,0xFF,0xDE,0xFF,0xDE,0xFF,0xDE,0xFF,
    0xDE,0xFF,0xDE,0xFF,0xDE,0xFF,0xDE,0xFF,0xDF,0xFF,0xDF,0xFF,0xDF,0xFF,0xDE,0xFF,
    0xDE,0xFF,0xDE,0xFF,0xDE,0xFF,0xDF,0xFF,0xDE,0xFF,0xDE,0xFF,0xDE,0xFF,0xFF,0xFF,
    0xDF,0xFF,0xFE,0xFF,0xDE,0xFF,0xDE,0xFF,0xDE,0xFF,0xBE,0xF7,0x9C,0xF7,0x9C,0xF7,
    0x9C,0xF7,0x9C,0xF7,0x9C,0xF7,0xBC,0xF7,0x9B,0xF7,0x3E,0xDF,0xBF,0xF7,0xDF,0xFF,
    0x9E,0xEF,0x7E,0xEF,0x7E,0xEF,0x7E,0xEF,0x7E,0xEF,0x7E,0xEF,0x7E,0xEF,0x7E,0xEF,
    0x7E,0xEF,0x7E,0xEF,0x7E,0xEF,0x7E,0xEF,0x7D,0xEF,0x7E,0xEF,0x7E,0xEF,0x9E,0xEF,
    0x9D,0xF7,0x9D,0xF7,0x9D,0xF7,0x9D,0xF7,0x9D,0xF7,0x9D,0xF7,0x9D,0xF7,0x9D,0xF7,
    0x9D,0xF7,0x9D,0xF7,0x9D,0xF7,0x9D,0xF7,0x9D,0xF7,0x9D,0xF7,0x9D,0xF7,0x9D,0xF7,
    0x9D,0xF7,0x9D,0xF7,0x9D,0xF7,0x9D,0xF7,0xBD,0xF7,0xBE,0xF7,0xBD,0xF7,0xBD,0xF7,
    0xBE,0xF7,0xBE,0xF7,0xBE,0xF7,0xBE,0xF7,0xBE,0xF7,0xBE,0xF7,0xBE,0xFF,0xBE,0xFF,
    0xBE,0xFF,0xBE,0xFF,0xBE,0xFF,0xBE,0xFF,0xBE,0xFF,0xBE,0xFF,0xBE,0xFF,0xBE,0xFF,
    0xBE,0xFF,0xBE,0xFF,0xBE,0xFF,0xBE,0xFF,0xBE,0xFF,0xBE,0xFF,0xDE,0xFF,0xBE,0xFF,
    0xBE,0xFF,0xBE,0xFF,0xBE,0xFF,0xBE,0xFF,0xBE,0xFF,0xBE,0xFF,0xBE,0xFF,0xBE,0xFF,
    0xBE,0xFF,0xBE,0xFF,0xDE,0xFF,0xDE,0xFF,0xDE,0xFF,0xBE,0xFF,0xBE,0xFF,0xDE,0xFF,
    0xBE,0xF7,0x7C,0xEF,0x9C,0xF7,0x9C,0xF7,0x9C,0xF7,0xBB,0xF7,0x3C,0xE7,0x7F,0xEF,
    0xDF,0xFF,0x7E,0xEF,0x7E,0xEF,0x7E,0xEF,0x7E,0xEF,0x7E,0xEF,0x7E,0xEF,0x7E,0xEF,
    0x7E,0xEF,0x7E,0xEF,0x7E,0xEF,0x7E,0xEF,0x7E,0xEF,0x7E,0xEF,0x9E,0xEF,0x9E,0xF7,
    0x9E,0xF7,0x9E,0xF7,0x9E,0xF7,0x9D,0xF7,0x9D,0xF7,0x9D,0xF7,0x9D,0xF7,0x9D,0xF7,
    0x9D,0xF7,0x9D,0xF7,0x9D,0xF7,0x9D,0xF7,0x9D,0xF7,0x9D,0xF7,0x9D,0xF7,0x9D,0xF7,
    0x9D,0xF7,0x9D,0xF7,0xBD,0xF7,0xBD,0xF7,0xBE,0xF7,0xBE,0xF7,0xBE,0xF7,0xBE,0xF7,
    0xBE,0xF7,0xBE,0xFF,0xBE,0xFF,0xBE,0xFF,0xBE,0xFF,0xBE,0xFF,0xBE,0xFF,0xBE,0xFF,
    0xBE,0xFF,0xBE,0xFF,0xDE,0xFF,0xDE,0xFF,0xDE,0xFF,0xDE,0xFF,0xDE,0xFF,0xDE,0xFF,
    0xDE,0xFF,0xDE,0xFF,0xDE,0xFF,0xDE,0xFF,0xDE,0xFF,0xDE,0xFF,0xDE,0xFF,0xDE,0xFF,
    0xDE,0xFF,0xDE,0xFF,0xDE,0xFF,0xDE,0xFF,0xDE,0xFF,0xDE,0xFF,0xDE,0xFF,0xDE,0xFF,
    0xDE,0xFF,0xBE,0xFF,0xBE,0xFF,0xBE,0xFF,0xDE,0xFF,0xDE,0xFF,0xBE,0xFF,0xBE,0xFF,
    0xBE,0xFF,0xBE,0xFF,0xDE,0xFF,0xBE,0xF7,0x7B,0xEF,0x9C,0xF7,0x9B,0xF7,0x7B,0xF7,
    0x1E,0xDF,0xDF,0xFF,0x7E,0xEF,0x7E,0xEF,0x7E,0xEF,0x7E,0xEF,0x7E,0xEF,0x7E,0xEF,
    0x7E,0xEF,0x7E,0xEF,0x7E,0xEF,0x7E,0xEF,0x7E,0xEF,0x7E,0xEF,0x7E,0xEF,0x7E,0xEF,
    0x9E,0xEF,0x9E,0xF7,0x9E,0xF7,0x9E,0xF7,0x9E,0xF7,0x9D,0xF7,0x9D,0xF7,0x9D,0xF7,
    0x9D,0xF7,0x9D,0xF7,0x9D,0xF7,0x9D,0xF7,0x9D,0xF7,0x9D,0xF7,0x9D,0xF7,0x9D,0xF7,
    0x9D,0xF7,0x9D,0xF7,0x9D,0xF7,0x9D,0xF7,0xBD,0xF7,0xBE,0xF7,0xBE,0xF7,0xBE,0xF7,
    0xBE,0xF7,0xBE,0xFF,0xBE,0xFF,0xBE,0xFF,0xBE,0xFF,0xBE,0xFF,0xBE,0xFF,0xBE,0xFF,
    0xBE,0xFF,0xDE,0xFF,0xBE,0xFF,0xDE,0xFF,0xDE,0xFF,0xDE,0xFF,0xDE,0xFF,0xDE,0xFF,
    0xDE,0xFF,0xDE,0xFF,0xDE,0xFF,0xDE,0xFF,0xDE,0xFF,0xDE,0xFF,0xDE,0xFF,0xDE,0xFF,
    0xDE,0xFF,0xDE,0xFF,0xDE,0xFF,0xDE,0xFF,0xDE,0xFF,0xDE,0xFF,0xDE,0xFF,0xDE,0xFF,
    0xDE,0xFF,0xDE,0xFF,0xDE,0xFF,0xBE,0xFF,0xBE,0xFF,0xBE,0xFF,0xBE,0xFF,0xBE,0xFF,
    0xBE,0xFF,0xBE,0xFF,0xDE,0xFF,0xBE,0xFF,0xBE,0xFF,0xDE,0xFF,0x7C,0xEF,0x7B,0xF7,
    0xBB,0xF7,0x5C,0xEF,0x5F,0xE7,0xBE,0xFF,0x5E,0xEF,0x7E,0xEF,0x7E,0xEF,0x7E,0xEF,
    0x7E,0xEF,0x7E,0xEF,0x7E,0xEF,0x7E,0xEF,0x7E,0xEF,0x7E,0xEF,0x7E,0xEF,0x7E,0xEF,
    0x7E,0xEF,0x9E,0xEF,0x9E,0xEF,0x9E,0xF7,0x9E,0xF7,0x9E,0xF7,0x9E,0xF7,0x9E,0xF7,
    0x9E,0xF7,0x9E,0xF7,0x9D,0xF7,0x9D,0xF7,0x9D,0xF7,0x9D,0xF7,0x9D,0xF7,0x9D,0xF7,
    0x9D,0xF7,0x9D,0xF7,0x9D,0xF7,0x9D,0xF7,0x9D,0xF7,0xBD,0xF7,0xBE,0xF7,0xBE,0xF7,
    0xBE,0xF7,0xBE,0xF7,0xBE,0xFF,0xBE,0xFF,0xBE,0xFF,0xBE,0xFF,0xBE,0xFF,0xDE,0xFF,
    0xDE,0xFF,0xDE,0xFF,0xBE,0xFF,0xDE,0xFF,0xDE,0xFF,0xDE,0xFF,0xDE,0xFF,0xDE,0xFF,
    0xDE,0xFF,0xDE,0xFF,0xDE,0xFF,0xDE,0xFF,0xDE,0xFF,0xDE,0xFF,0xDE,0xFF,0xDE,0xFF,
    0xDE,0xFF,0xDE,0xFF,0xDE,0xFF,0xDE,0xFF,0xDE,0xFF,0xDE,0xFF,0xDE,0xFF,0xDE,0xFF,
    0xDE,0xFF,0xDE,0xFF,0xDE,0xFF,0xDE,0xFF,0xDE,0xFF,0xDE,0xFF,0xDE,0xFF,0xBE,0xFF,
    0xBE,0xFF,0xBE,0xFF,0xBE,0xFF,0xDE,0xFF,0xBE,0xFF,0xDE,0xFF,0xBE,0xFF,0xDE,0xFF,
    0x9D,0xF7,0x5A,0xEF,0x9B,0xF7,0x3C,0xE7,0x7F,0xEF,0x9E,0xF7,0x5E,0xEF,0x7E,0xEF,
    0x7E,0xEF,0x7E,0xEF,0x7E,0xEF,0x7E,0xEF,0x7E,0xEF,0x7E,0xEF,0x7E,0xEF,0x7E,0xEF,
    0x7E,0xEF,0x7E,0xEF,0x9E,0xF7,0x9E,0xF7,0x9E,0xF7,0xBE,0xF7,0xBE,0xF7,0x9E,0xF7,
    0x9E,0xF7,0x9E,0xF7,0x9E,0xF7,0x9E,0xF7,0x9D,0xF7,0x9D,0xF7,0x9D,0xF7,0x9D,0xF7,
    0x9D,0xF7,0x9D,0xF7,0x9D,0xF7,0x9D,0xF7,0x9D,0xF7,0x9D,0xF7,0x9D,0xF7,0xBD,0xF7,
    0xBE,0xF7,0xBD,0xF7,0xBE,0xF7,0xBD,0xF7,0xBE,0xF7,0xBE,0xFF,0xDE,0xFF,0xBE,0xFF,
    0xDE,0xFF,0xBE,0xFF,0xBE,0xFF,0xBE,0xFF,0xDE,0xFF,0xDE,0xFF,0xDE,0xFF,0xDE,0xFF,
    0xDE,0xFF,0xDE,0xFF,0xDE,0xFF,0xDE,0xFF,0xDE,0xFF,0xDE,0xFF,0xDE,0xFF,0xDE,0xFF,
    0xDE,0xFF,0xDE,0xFF,0xDE,0xFF,0xDE,0xFF,0xDE,0xFF,0xDE,0xFF,0xDE,0xFF,0xDE,0xFF,
    0xDE,0xFF,0xDE,0xFF,0xDE,0xFF,0xDE,0xFF,0xDE,0xFF,0xDE,0xFF,0xDE,0xFF,0xDE,0xFF,
    0xDE,0xFF,0xBE,0xFF,0xDE,0xFF,0xBE,0xFF,0xBE,0xFF,0xBE,0xFF,0xBE,0xFF,0xDE,0xFF,
    0xBE,0xFF,0xDE,0xFF,0xBE,0xF7,0x3A,0xEF,0x7A,0xF7,0x3B,0xE7,0x9F,0xEF,0x9E,0xF7,
    0x7E,0xEF,0x7E,0xEF,0x7E,0xEF,0x7E,0xEF,0x7E,0xEF,0x7E,0xEF,0x7E,0xEF,0x7E,0xEF,
    0x7E,0xEF,0x9E,0xEF,0x9E,0xF7,0xBF,0xF7,0xDF,0xFF,0xDF,0xFF,0xDF,0xFF,0xDF,0xF7,
    0xBF,0xF7,0xBF,0xF7,0xBF,0xF7,0xDE,0xF7,0xBE,0xF7,0x9E,0xF7,0x9D,0xF7,0x9D,0xF7,
    0x9D,0xF7,0x9D,0xF7,0x9D,0xF7,0x9D,0xF7,0x9D,0xF7,0x9D,0xF7,0x9D,0xF7,0x9D,0xF7,
    0xBD,0xF7,0xBD,0xF7,0xBE,0xFF,0xFF,0xFF,0xFF,0xFF,0xFF,0xFF,0xFF,0xFF,0xFF,0xFF,
    0xDE,0xFF,0xFF,0xFF,0xFF,0xFF,0xFF,0xFF,0xFF,0xFF,0xFF,0xFF,0xDE,0xFF,0xDE,0xFF,
    0xDE,0xFF,0xDE,0xFF,0xDE,0xFF,0xDE,0xFF,0xDE,0xFF,0xDE,0xFF,0xDE,0xFF,0xDE,0xFF,
    0xDE,0xFF,0xDE,0xFF,0xDE,0xFF,0xDE,0xFF,0xDE,0xFF,0xDE,0xFF,0xDE,0xFF,0xDE,0xFF,
    0xDE,0xFF,0xDE,0xFF,0xDE,0xFF,0xDE,0xFF,0xDE,0xFF,0xDE,0xFF,0xDE,0xFF,0xDE,0xFF,
    0xDE,0xFF,0xDE,0xFF,0xDE,0xFF,0xDE,0xFF,0xDE,0xFF,0xBE,0xFF,0xBE,0xFF,0xBE,0xFF,
    0xBE,0xFF,0xDE,0xFF,0xBE,0xF7,0xBE,0xFF,0xDE,0xFF,0x19,0xE7,0x7A,0xF7,0x3B,0xE7,
    0x9F,0xEF,0xBE,0xF7,0x7E,0xEF,0x7E,0xEF,0x7E,0xEF,0x7E,0xEF,0x7E,0xEF,0x7E,0xEF,
    0x7E,0xEF,0x7E,0xEF,0x9E,0xEF,0xBF,0xF7,0xDF,0xFF,0xDF,0xF7,0xBF,0xF7,0x7F,0xEF,
    0x5E,0xE7,0x5E,0xE7,0x5E,0xE7,0x5E,0xE7,0x7F,0xE7,0x7F,0xEF,0x9F,0xF7,0xDF,0xF7,
    0xBE,0xF7,0x9D,0xF7,0x9D,0xF7,0x9D,0xF7,0x9D,0xF7,0x9D,0xF7,0x9D,0xF7,0x9D,0xF7,
    0x9D,0xF7,0x9D,0xF7,0xBD,0xF7,0xDE,0xFF,0x5C,0xEF,0x18,0xC6,0x9A,0xD6,0xD7,0xBD,
    0xB6,0xB5,0x58,0xCE,0xFF,0xFF,0x5D,0xEF,0x1B,0xE7,0x34,0xA5,0xDB,0xDE,0x1C,0xE7,
    0xDE,0xFF,0xDE,0xFF,0xDE,0xFF,0xDE,0xFF,0xDE,0xFF,0xDE,0xFF,0xDE,0xFF,0xDE,0xFF,
    0xDE,0xFF,0xDE,0xFF,0xDE,0xFF,0xDE,0xFF,0xDE,0xFF,0xDE,0xFF,0xDE,0xFF,0xDE,0xFF,
    0xDE,0xFF,0xDE,0xFF,0xDE,0xFF,0xDE,0xFF,0xDE,0xFF,0xDE,0xFF,0xDE,0xFF,0xDE,0xFF,
    0xDE,0xFF,0xDE,0xFF,0xDE,0xFF,0xDE,0xFF,0xDE,0xFF,0xBE,0xFF,0xBE,0xFF,0xBE,0xFF,
    0xBE,0xFF,0xBE,0xFF,0xBE,0xFF,0xDE,0xFF,0xBD,0xF7,0xBE,0xF7,0xDE,0xFF,0x19,0xE7,
    0x7A,0xF7,0x1B,0xE7,0x9F,0xEF,0xBE,0xF7,0x7E,0xEF,0x7E,0xEF,0x7E,0xEF,0x7E,0xEF,
    0x7E,0xEF,0x7E,0xEF,0x7E,0xEF,0x9E,0xF7,0xDF,0xFF,0xDF,0xF7,0x7F,0xEF,0x3E,0xDF,
    0x1E,0xDF,0x1E,0xDF,0x1E,0xDF,0x1E,0xDF,0x3E,0xE7,0x5E,0xE7,0x5E,0xEF,0x5E,0xEF,
    0x5E,0xE7,0x7F,0xEF,0xBF,0xF7,0xDE,0xFF,0x9E,0xF7,0x9E,0xF7,0x9D,0xF7,0x9D,0xF7,
    0x9D,0xF7,0x9D,0xF7,0x9D,0xF7,0x9D,0xF7,0x9D,0xF7,0xBE,0xF7,0x7D,0xEF,0x96,0xAD,
    0xCF,0x7B,0x51,0x8C,0x31,0x84,0xEF,0x7B,0xFE,0xFF,0xCF,0x7B,0xCF,0x73,0xEF,0x7B,
    0xAE,0x73,0xF3,0x9C,0xDE,0xFF,0xDE,0xFF,0xDE,0xFF,0xDE,0xFF,0xDE,0xFF,0xDE,0xFF,
    0xDE,0xFF,0xDE,0xFF,0xDE,0xFF,0xDE,0xFF,0xDE,0xFF,0xDE,0xFF,0xDE,0xFF,0xDE,0xFF,
    0xDE,0xFF,0xDE,0xFF,0xDE,0xFF,0xDE,0xFF,0xDE,0xFF,0xDE,0xFF,0xDE,0xFF,0xDE,0xFF,
    0xDE,0xFF,0xDE,0xFF,0xDE,0xFF,0xDE,0xFF,0xDE,0xFF,0xDE,0xFF,0xBE,0xFF,0xBE,0xFF,
    0xBE,0xFF,0xBE,0xFF,0xBE,0xFF,0xBE,0xFF,0xBE,0xFF,0xBE,0xFF,0xBD,0xF7,0xBE,0xF7,
    0xDE,0xFF,0x19,0xE7,0x7A,0xF7,0x3C,0xE7,0x9F,0xEF,0xBE,0xF7,0x7E,0xEF,0x7E,0xEF,
    0x7E,0xEF,0x7E,0xEF,0x7E,0xEF,0x7E,0xEF,0x9E,0xF7,0xDF,0xFF,0x9F,0xEF,0x1E,0xDF,
    0xFE,0xDE,0x1E,0xDF,0x1E,0xDF,0x1E,0xDF,0x3E,0xE7,0x3E,0xE7,0x3E,0xE7,0x5E,0xE7,
    0x5E,0xE7,0x5E,0xEF,0x5E,0xEF,0x5E,0xEF,0x5F,0xEF,0x9F,0xEF,0xDF,0xFF,0xBD,0xF7,
    0x9D,0xF7,0xBD,0xF7,0x9D,0xF7,0x9D,0xF7,0x9D,0xF7,0x9D,0xF7,0x9D,0xF7,0xDE,0xFF,
    0x79,0xCE,0xB6,0xB5,0xF3,0x9C,0x30,0x84,0x71,0x8C,0xB2,0x94,0xDE,0xF7,0xEF,0x7B,
    0xAE,0x73,0x51,0x8C,0x4D,0x63,0x96,0xB5,0xFF,0xFF,0xDE,0xFF,0xDE,0xFF,0xDE,0xFF,
    0xDE,0xFF,0xDE,0xFF,0xDE,0xFF,0xDE,0xFF,0xDE,0xFF,0xDE,0xFF,0xDE,0xFF,0xDE,0xFF,
    0xDE,0xFF,0xDE,0xFF,0xDE,0xFF,0xDE,0xFF,0xDE,0xFF,0xDE,0xFF,0xDE,0xFF,0xDE,0xFF,
    0xDE,0xFF,0xDE,0xFF,0xDE,0xFF,0xDE,0xFF,0xDE,0xFF,0xDE,0xFF,0xDE,0xFF,0xBE,0xFF,
    0xBE,0xFF,0xBE,0xFF,0xBE,0xFF,0xBE,0xFF,0xBE,0xFF,0xBE,0xFF,0xBE,0xFF,0xBE,0xFF,
    0xBD,0xF7,0xBE,0xF7,0xDE,0xFF,0x19,0xE7,0x7A,0xF7,0x3C,0xE7,0x9F,0xEF,0xBE,0xF7,
    0x7E,0xEF,0x7E,0xEF,0x7E,0xEF,0x7E,0xEF,0x7E,0xEF,0x9E,0xEF,0xDF,0xFF,0x5E,0xE7,
    0xFE,0xD6,0xFD,0xD6,0xFE,0xDE,0x1E,0xDF,0x1E,0xDF,0x1E,0xDF,0x3E,0xE7,0x5E,0xE7,
    0x5E,0xEF,0x5E,0xE7,0x5E,0xE7,0x5E,0xEF,0x5E,0xEF,0x5E,0xEF,0x7E,0xEF,0x7E,0xEF,
    0x9F,0xEF,0xDF,0xFF,0xBE,0xF7,0xBE,0xF7,0x9D,0xF7,0x9D,0xF7,0x9D,0xF7,0x9D,0xF7,
    0x9D,0xF7,0x9D,0xF7,0xBE,0xF7,0x59,0xCE,0xD7,0xBD,0x71,0x8C,0x30,0x84,0xB6,0xB5,
    0x3C,0xE7,0x92,0x8C,0x55,0xAD,0xEF,0x7B,0xF0,0x7B,0x3C,0xE7,0xDE,0xFF,0xDE,0xFF,
    0xDE,0xFF,0xDE,0xFF,0xDE,0xFF,0xDE,0xFF,0xDE,0xFF,0xDE,0xFF,0xDE,0xFF,0xDE,0xFF,
    0xDE,0xFF,0xDE,0xFF,0xDE,0xFF,0xDE,0xFF,0xDE,0xFF,0xDE,0xFF,0xDE,0xFF,0xDE,0xFF,
    0xDE,0xFF,0xDE,0xFF,0xDE,0xFF,0xDE,0xFF,0xDE,0xFF,0xDE,0xFF,0xDE,0xFF,0xDE,0xFF,
    0xDE,0xFF,0xBE,0xFF,0xBE,0xFF,0xBE,0xFF,0xBE,0xF7,0xBE,0xF7,0xBE,0xFF,0xBE,0xF7,
    0xBD,0xFF,0xBE,0xFF,0xBD,0xF7,0xBE,0xF7,0xDE,0xFF,0x19,0xE7,0x7A,0xF7,0x3C,0xE7,
    0x9F,0xEF,0xBE,0xF7,0x7E,0xEF,0x7E,0xEF,0x7E,0xEF,0x7E,0xEF,0x9E,0xEF,0xDF,0xFF,
    0x5E,0xE7,0xDD,0xD6,0xDD,0xD6,0xFE,0xD6,0xFE,0xDE,0x1E,0xDF,0x1E,0xDF,0x3E,0xE7,
    0x3F,0xE7,0xBF,0x6D,0xFF,0x7D,0x7F,0xEF,0x5E,0xE7,0x5E,0xEF,0x7E,0xEF,0x5E,0xEF,
    0x5E,0xEF,0x7E,0xEF,0x7E,0xEF,0x9F,0xEF,0xDE,0xFF,0xBE,0xF7,0xBE,0xF7,0xBE,0xF7,
    0xBE,0xF7,0x9D,0xF7,0xBD,0xF7,0xBD,0xF7,0x9D,0xF7,0xD3,0x9C,0xF3,0x9C,0x72,0x8C,
    0x51,0x8C,0xD3,0x94,0x3C,0xE7,0xB2,0x94,0xD3,0x9C,0x10,0x7C,0x6D,0x6B,0xBA,0xD6,
    0xFF,0xFF,0xBE,0xFF,0xDE,0xFF,0xDE,0xFF,0xDE,0xFF,0xDE,0xFF,0xDE,0xFF,0xDE,0xFF,
    0xDE,0xFF,0xDE,0xFF,0xDE,0xFF,0xDE,0xFF,0xDE,0xFF,0xDE,0xFF,0xDE,0xFF,0xDE,0xFF,
    0xDE,0xFF,0xDE,0xFF,0xDE,0xFF,0xDE,0xFF,0xDE,0xFF,0xDE,0xFF,0xDE,0xFF,0xDE,0xFF,
    0xDE,0xFF,0xDE,0xFF,0xDE,0xFF,0xBE,0xFF,0xBE,0xFF,0xBD,0xF7,0xBD,0xF7,0xBE,0xF7,
    0xBD,0xFF,0xBD,0xFF,0xBD,0xF7,0xDE,0xFF,0xBD,0xF7,0xBE,0xF7,0xDE,0xFF,0x19,0xE7,
    0x7A,0xF7,0x5C,0xE7,0x9F,0xEF,0xBE,0xF7,0x7E,0xEF,0x7E,0xEF,0x7E,0xEF,0x7E,0xEF,
    0xDF,0xF7,0x7F,0xEF,0xDE,0xD6,0xDE,0xD6,0xFE,0xD6,0xFE,0xD6,0xFE,0xDE,0x1E,0xDF,
    0x1E,0xDF,0x7E,0xEF,0x3F,0x9E,0x3F,0x45,0xFF,0x3C,0x7F,0xAE,0x9F,0xF7,0x5E,0xE7,
    0x5E,0xEF,0x5E,0xEF,0x7E,0xEF,0x7E,0xEF,0x7E,0xEF,0x7E,0xEF,0xBF,0xF7,0xDE,0xFF,
    0xBE,0xF7,0xBE,0xF7,0xBE,0xF7,0xBD,0xF7,0x9D,0xF7,0xFF,0xFF,0x58,0xCE,0x71,0x8C,
    0x14,0xA5,0xEC,0x5A,0x0C,0x5B,0x34,0xA5,0xF7,0xBD,0x92,0x94,0x14,0x9D,0xCB,0x5A,
    0x8E,0x73,0xF7,0xBD,0xBE,0xFF,0xDE,0xFF,0xDE,0xFF,0xDE,0xFF,0xDE,0xFF,0xDE,0xFF,
    0xDE,0xFF,0xDE,0xFF,0xDE,0xFF,0xDE,0xFF,0xDE,0xFF,0xDE,0xFF,0xDE,0xFF,0xDE,0xFF,
    0xDE,0xFF,0xDE,0xFF,0xDE,0xFF,0xDE,0xFF,0xDE,0xFF,0xDE,0xFF,0xDE,0xFF,0xDE,0xFF,
    0xDE,0xFF,0xDE,0xFF,0xDE,0xFF,0xDE,0xFF,0xBE,0xFF,0xBE,0xFF,0xBE,0xFF,0xBD,0xF7,
    0xBD,0xF7,0xBD,0xF7,0xBD,0xFF,0xBD,0xF7,0xBE,0xF7,0xBE,0xFF,0xBD,0xF7,0xBE,0xF7,
    0xDE,0xFF,0x19,0xE7,0x7A,0xF7,0x5C,0xE7,0x9F,0xEF,0xBE,0xF7,0x7E,0xEF,0x7E,0xEF,
    0x7E,0xEF,0x9E,0xF7,0xBF,0xF7,0xDE,0xD6,0xDE,0xD6,0xFE,0xD6,0xFE,0xD6,0xFE,0xDE,
    0x1E,0xDF,0x1E,0xDF,0x3E,0xE7,0xDF,0xC6,0x5F,0x55,0xBF,0x75,0x5F,0x55,0x1F,0x4D,
    0x3F,0xDF,0x7E,0xEF,0x5E,0xE7,0x5E,0xEF,0x5E,0xEF,0x7E,0xEF,0x7E,0xEF,0x7E,0xEF,
    0x7F,0xEF,0xDF,0xF7,0xBE,0xFF,0xBE,0xF7,0xBE,0xF7,0xBE,0xF7,0xBE,0xF7,0xBE,0xFF,
    0x3C,0xEF,0x1B,0xE7,0x79,0xCE,0x9A,0xD6,0x9A,0xD6,0xBA,0xD6,0x1B,0xE7,0x59,0xCE,
    0xF7,0xBD,0xBE,0xF7,0xFB,0xDE,0xF7,0xBD,0xBE,0xFF,0xDE,0xFF,0xBE,0xFF,0xDE,0xFF,
    0xDE,0xFF,0xDE,0xFF,0xDE,0xFF,0xDE,0xFF,0xDE,0xFF,0xDE,0xFF,0xDE,0xFF,0xDE,0xFF,
    0xDE,0xFF,0xDE,0xFF,0xDE,0xFF,0xDE,0xFF,0xDE,0xFF,0xDE,0xFF,0xDE,0xFF,0xDE,0xFF,
    0xDE,0xFF,0xDE,0xFF,0xDE,0xFF,0xDE,0xFF,0xDE,0xFF,0xBE,0xFF,0xBE,0xFF,0xBE,0xF7,
    0xBD,0xF7,0xBD,0xF7,0xBD,0xF7,0xBD,0xF7,0xBD,0xF7,0xBD,0xFF,0xBE,0xF7,0xBE,0xFF,
    0xBD,0xF7,0xBE,0xF7,0xDE,0xFF,0x19,0xE7,0x7A,0xF7,0x5C,0xE7,0x9F,0xEF,0xBE,0xF7,
    0x7E,0xEF,0x7E,0xEF,0x7E,0xEF,0xDF,0xF7,0x3E,0xDF,0xBD,0xCE,0xDE,0xD6,0xFE,0xD6,
    0xFE,0xDE,0x1E,0xDF,0x1E,0xDF,0x1E,0xDF,0x1F,0xDF,0x5F,0x65,0x5F,0x55,0xDF,0x75,
    0xBF,0x6D,0xDF,0x3C,0x9F,0x75,0x7E,0xF7,0x5E,0xE7,0x5E,0xEF,0x5E,0xEF,0x5E,0xEF,
    0x7E,0xEF,0x7E,0xEF,0x7E,0xEF,0x9F,0xEF,0xBE,0xFF,0xBE,0xF7,0xBE,0xF7,0xBE,0xF7,
    0xBE,0xF7,0xBE,0xF7,0xDE,0xFF,0xDE,0xFF,0xFF,0xFF,0xFF,0xFF,0xFF,0xFF,0xFF,0xFF,
    0xDE,0xFF,0xFF,0xFF,0xFF,0xFF,0xBE,0xF7,0xFF,0xFF,0xFF,0xFF,0xDE,0xFF,0xDE,0xFF,
    0xDE,0xFF,0xDE,0xFF,0xDE,0xFF,0xDE,0xFF,0xDE,0xFF,0xDE,0xFF,0xDE,0xFF,0xDE,0xFF,
    0xDE,0xFF,0xDE,0xFF,0xDE,0xFF,0xDE,0xFF,0xDE,0xFF,0xDE,0xFF,0xDE,0xFF,0xDE,0xFF,
    0xDE,0xFF,0xDE,0xFF,0xDE,0xFF,0xDE,0xFF,0xDE,0xFF,0xBE,0xFF,0xBE,0xFF,0xBE,0xFF,
    0xBE,0xF7,0xBD,0xF7,0xBD,0xF7,0xBD,0xF7,0xBD,0xF7,0xBD,0xF7,0xBD,0xF7,0xBD,0xF7,
    0xBD,0xF7,0xBE,0xFF,0xBD,0xF7,0xBE,0xF7,0xDE,0xFF,0x19,0xE7,0x7A,0xF7,0x5C,0xEF,
    0x9F,0xEF,0xBE,0xF7,0x9E,0xEF,0x7E,0xEF,0x9E,0xF7,0xBF,0xF7,0xDE,0xD6,0xDD,0xD6,
    0xFE,0xD6,0xFE,0xD6,0xFE,0xDE,0x1E,0xDF,0x1E,0xDF,0x5F,0xE7,0x1F,0x9E,0xDF,0x3C,
    0x9F,0x65,0x9F,0x6D,0x9F,0x65,0x1F,0x4D,0x3F,0x24,0x9F,0xBE,0x7E,0xEF,0x5E,0xE7,
    0x5E,0xEF,0x5E,0xEF,0x5E,0xEF,0x5E,0xEF,0x7E,0xEF,0x7F,0xEF,0xBE,0xF7,0xBE,0xFF,
    0xBE,0xF7,0xBE,0xFF,0xBE,0xF7,0xBE,0xFF,0xBE,0xF7,0xBE,0xFF,0xBE,0xF7,0xBE,0xF7,
    0xBE,0xF7,0xBE,0xF7,0xDE,0xFF,0xBE,0xF7,0xBE,0xF7,0xBE,0xF7,0xBE,0xF7,0xBE,0xF7,
    0xDE,0xFF,0xDE,0xFF,0xBE,0xFF,0xDE,0xFF,0xDE,0xFF,0xDE,0xFF,0xDE,0xFF,0xDE,0xFF,
    0xDE,0xFF,0xDE,0xFF,0xDE,0xFF,0xDE,0xFF,0xDE,0xFF,0xDE,0xFF,0xDE,0xFF,0xDE,0xFF,
    0xDE,0xFF,0xDE,0xFF,0xDE,0xFF,0xBE,0xFF,0xBE,0xFF,0xBE,0xFF,0xBE,0xFF,0xBE,0xFF,
    0xBE,0xFF,0xBD,0xFF,0xBD,0xF7,0xBD,0xF7,0xBD,0xF7,0xBD,0xF7,0xBD,0xF7,0xBD,0xF7,
    0xBD,0xF7,0xBD,0xF7,0xBD,0xF7,0xBD,0xFF,0xBD,0xF7,0xBD,0xF7,0xDE,0xFF,0x19,0xE7,
    0x7A,0xF7,0x5C,0xEF,0x9F,0xEF,0xBE,0xF7,0x7E,0xEF,0x7E,0xEF,0xBF,0xF7,0x5F,0xE7,
    0xBD,0xCE,0xDE,0xD6,0xFE,0xD6,0xFE,0xD6,0x1E,0xDF,0x1E,0xDF,0x3F,0xDF,0xDF,0xCE,
    0xFF,0x4C,0x3F,0x55,0x7F,0x65,0x5F,0x5D,0x3F,0x55,0x3F,0x4D,0x9F,0x34,0xFF,0x54,
    0x7F,0xEF,0x5E,0xE7,0x5E,0xE7,0x5E,0xE7,0x5E,0xE7,0x5E,0xE7,0x5E,0xEF,0x7E,0xEF,
    0x9F,0xF7,0xBE,0xFF,0xBE,0xF7,0xBE,0xF7,0xBE,0xFF,0xBE,0xFF,0xDE,0xFF,0xDE,0xFF,
    0xDE,0xFF,0xDE,0xFF,0xDE,0xFF,0xDE,0xFF,0xDE,0xFF,0xDE,0xFF,0xDE,0xFF,0xDE,0xFF,
    0xDE,0xFF,0xDE,0xFF,0xDE,0xFF,0xDE,0xFF,0xDE,0xFF,0xDE,0xFF,0xDE,0xFF,0xDE,0xFF,
    0xDE,0xFF,0xDE,0xFF,0xDE,0xFF,0xDE,0xFF,0xDE,0xFF,0xBE,0xFF,0xDE,0xFF,0xDE,0xFF,
    0xDE,0xFF,0xDE,0xFF,0xBE,0xFF,0xBE,0xFF,0xBE,0xFF,0xBE,0xFF,0xBE,0xFF,0xBE,0xFF,
    0xBE,0xFF,0xBE,0xFF,0xBD,0xF7,0xBD,0xF7,0xBD,0xF7,0xBD,0xF7,0xBD,0xF7,0xBD,0xF7,
    0x9D,0xF7,0xBD,0xF7,0xBD,0xF7,0xBD,0xF7,0xBD,0xF7,0xBD,0xF7,0xBD,0xF7,0xBD,0xF7,
    0xDE,0xFF,0x19,0xE7,0x7A,0xF7,0x5C,0xEF,0x9F,0xEF,0xBE,0xF7,0x7E,0xEF,0x7E,0xEF,
    0xBF,0xF7,0x1E,0xD7,0xDD,0xD6,0xFE,0xD6,0xFE,0xD6,0xFE,0xDE,0x1E,0xDF,0x1E,0xD7,
    0x3F,0xDF,0x7F,0x6D,0xDF,0x3C,0x7F,0x65,0x5F,0x5D,0x3F,0x55,0x1F,0x4D,0x1F,0x4D,
    0x1F,0x45,0x5F,0x2C,0x1F,0x9E,0x7E,0xEF,0x3E,0xE7,0x5E,0xE7,0x5E,0xE7,0x5E,0xE7,
    0x7E,0xEF,0x5E,0xEF,0x7F,0xEF,0xBE,0xF7,0xBE,0xF7,0xBE,0xFF,0xDE,0xFF,0xDE,0xFF,
    0xDE,0xFF,0xDE,0xFF,0xBE,0xF7,0xBE,0xFF,0xBE,0xFF,0xBE,0xFF,0xBE,0xFF,0xBE,0xFF,
    0xBE,0xFF,0xBE,0xFF,0xDE,0xFF,0xDE,0xFF,0xDE,0xFF,0xDE,0xFF,0xDE,0xFF,0xBE,0xFF,
    0xDE,0xFF,0xDE,0xFF,0xBE,0xFF,0xBE,0xFF,0xDE,0xFF,0xDE,0xFF,0xDE,0xFF,0xBE,0xFF,
    0xBE,0xFF,0xBE,0xFF,0xBE,0xFF,0xBE,0xFF,0xBE,0xFF,0xBE,0xFF,0xBE,0xFF,0xBE,0xFF,
    0xBE,0xFF,0xBE,0xFF,0xBE,0xF7,0xBE,0xF7,0xBD,0xF7,0xBD,0xF7,0x9D,0xF7,0x9D,0xF7,
    0xBD,0xF7,0xBD,0xF7,0xBD,0xF7,0xBD,0xF7,0xBD,0xF7,0xBD,0xF7,0xBD,0xF7,0xBD,0xF7,
    0x9D,0xF7,0xBD,0xF7,0xDE,0xFF,0x19,0xE7,0x7A,0xF7,0x5C,0xEF,0x9F,0xF7,0xBE,0xF7,
    0x7E,0xEF,0x9E,0xF7,0x9F,0xEF,0xDE,0xD6,0xDD,0xD6,0xFE,0xD6,0xFE,0xD6,0xFE,0xD6,
    0x1E,0xD7,0x3F,0xE7,0x5F,0xAE,0xBF,0x34,0x3F,0x55,0x5F,0x5D,0x5F,0x5D,0x1F,0x55,
    0xFF,0x44,0xFF,0x44,0x1F,0x45,0x9F,0x34,0x7F,0x3C,0x1F,0xD7,0x5E,0xE7,0x3E,0xE7,
    0x5E,0xE7,0x5E,0xE7,0x5E,0xE7,0x5E,0xE7,0x7F,0xEF,0xBE,0xF7,0xBE,0xF7,0xDE,0xFF,
    0xDE,0xFF,0xDE,0xFF,0xDE,0xFF,0xDE,0xFF,0xDE,0xFF,0xDE,0xFF,0xDE,0xFF,0xDE,0xFF,
    0xDE,0xFF,0xDE,0xFF,0xDE,0xFF,0xDE,0xFF,0xDE,0xFF,0xBE,0xFF,0xBE,0xFF,0xBE,0xFF,
    0xBE,0xFF,0xBE,0xFF,0xBE,0xFF,0xBE,0xFF,0xBE,0xFF,0xBE,0xFF,0xBE,0xFF,0xBE,0xFF,
    0xBE,0xFF,0xBE,0xFF,0xBE,0xFF,0xBE,0xFF,0xBE,0xFF,0xBE,0xFF,0xBE,0xFF,0xBE,0xFF,
    0xBE,0xFF,0xBE,0xFF,0xBE,0xFF,0xBE,0xFF,0xBE,0xFF,0xBE,0xF7,0xBE,0xF7,0xBE,0xF7,
    0xBE,0xF7,0xBE,0xF7,0xBE,0xF7,0xBE,0xF7,0xBE,0xF7,0xBD,0xF7,0xBD,0xF7,0xBD,0xF7,
    0xBD,0xF7,0xBD,0xF7,0x9D,0xF7,0xBD,0xF7,0xDE,0xFF,0x19,0xE7,0x7A,0xF7,0x5C,0xEF,
    0x9F,0xF7,0xBE,0xF7,0x7E,0xEF,0x9E,0xF7,0x7E,0xE7,0xBD,0xCE,0xDE,0xD6,0xFE,0xD6,
    0xFE,0xD6,0xFE,0xD6,0x1E,0xD7,0x1F,0xD7,0x1F,0x55,0xFF,0x44,0x5F,0x5D,0x3F,0x5D,
    0x1F,0x55,0xFF,0x4C,0xDF,0x44,0xDF,0x44,0xDF,0x3C,0xDF,0x3C,0xFF,0x1B,0x7F,0x7D,
    0x7E,0xEF,0x3E,0xDF,0x3E,0xE7,0x3E,0xE7,0x3E,0xE7,0x5E,0xE7,0x5E,0xE7,0x9E,0xF7,
    0xBE,0xF7,0xDE,0xFF,0xDE,0xFF,0xDE,0xFF,0xDE,0xFF,0xDE,0xFF,0xDE,0xFF,0xDE,0xFF,
    0xDE,0xFF,0xDE,0xFF,0xDE,0xFF,0xDE,0xFF,0xDE,0xFF,0xDE,0xFF,0xDE,0xFF,0xBE,0xFF,
    0xBE,0xFF,0xBE,0xFF,0xBE,0xFF,0xBE,0xFF,0xBE,0xFF,0xBE,0xFF,0xBE,0xFF,0xBE,0xFF,
    0xBE,0xFF,0xBE,0xFF,0xBE,0xFF,0xBE,0xFF,0xBE,0xFF,0xBE,0xFF,0xBE,0xFF,0xBE,0xFF,
    0xBE,0xFF,0xBE,0xFF,0xBE,0xFF,0xBE,0xFF,0xBE,0xFF,0xBE,0xFF,0xBE,0xFF,0xBE,0xF7,
    0xBE,0xF7,0xBE,0xF7,0xBE,0xF7,0xBE,0xF7,0xBE,0xF7,0xBE,0xF7,0xBE,0xF7,0xBD,0xF7,
    0xBD,0xF7,0xBD,0xF7,0xBD,0xF7,0xBD,0xF7,0x9D,0xF7,0xBD,0xF7,0xDE,0xFF,0x19,0xE7,
    0x7A,0xF7,0x5C,0xEF,0x9F,0xF7,0xBE,0xF7,0x7E,0xEF,0x9E,0xF7,0x5E,0xE7,0xBE,0xCE,
    0xFE,0xD6,0xFE,0xD6,0xFE,0xD6,0xFE,0xD6,0x3F,0xE7,0xFF,0x8D,0x7F,0x2C,0x1F,0x4D,
    0x1F,0x55,0x1F,0x4D,0xFF,0x4C,0xDF,0x44,0xBF,0x3C,0xBF,0x3C,0xBF,0x3C,0xBF,0x3C,
    0x7F,0x2C,0x1F,0x2C,0xDF,0xCE,0x5E,0xE7,0x3E,0xDF,0x3E,0xE7,0x3E,0xE7,0x3E,0xE7,
    0x5E,0xE7,0x9F,0xF7,0xBE,0xF7,0xDE,0xFF,0xDE,0xFF,0xDE,0xFF,0xDE,0xFF,0xDE,0xFF,
    0xDE,0xFF,0xDE,0xFF,0xDE,0xFF,0xDE,0xFF,0xDE,0xFF,0xDE,0xFF,0xDE,0xFF,0xDE,0xFF,
    0xDE,0xFF,0xDE,0xFF,0xDE,0xFF,0xDE,0xFF,0xDE,0xFF,0xDE,0xFF,0xDE,0xFF,0xBE,0xFF,
    0xBE,0xFF,0xBE,0xFF,0xBE,0xFF,0xBE,0xFF,0xBE,0xFF,0xBE,0xFF,0xBE,0xFF,0xBE,0xFF,
    0xBE,0xFF,0xBE,0xFF,0xBE,0xFF,0xBE,0xFF,0xBE,0xFF,0xBE,0xFF,0xBE,0xFF,0xBE,0xFF,
    0xBE,0xFF,0xBE,0xFF,0xBE,0xFF,0xBD,0xFF,0xBD,0xFF,0xBD,0xFF,0xBD,0xFF,0xBD,0xFF,
    0xBD,0xFF,0xBD,0xFF,0xBD,0xFF,0xBD,0xFF,0xBD,0xFF,0xBD,0xFF,0x9D,0xF7,0xBD,0xF7,
    0xDE,0xFF,0x19,0xE7,0x7A,0xF7,0x5C,0xEF,0xBF,0xF7,0xBE,0xF7,0x7E,0xEF,0x9E,0xF7,
    0x5F,0xE7,0xBE,0xCE,0xFE,0xD6,0xFE,0xD6,0xFE,0xD6,0xFE,0xD6,0xFF,0xCE,0xDF,0x44,
    0x7F,0x2C,0xBF,0x75,0x3F,0xCF,0x3F,0x55,0xBF,0x3C,0xBF,0x3C,0xBF,0x3C,0x9F,0x3C,
    0x9F,0x3C,0x9F,0x34,0x9F,0x34,0xFF,0x1B,0x7F,0x7D,0x7E,0xEF,0x1E,0xDF,0x3E,0xDF,
    0x3E,0xE7,0x3E,0xE7,0x5E,0xE7,0x9F,0xF7,0xBE,0xF7,0xDE,0xFF,0xDE,0xFF,0xDE,0xFF,
    0xDE,0xFF,0xDE,0xFF,0xDE,0xFF,0xDE,0xFF,0xDE,0xFF,0xDE,0xFF,0xDE,0xFF,0xDE,0xFF,
    0xDE,0xFF,0xDE,0xFF,0xDE,0xFF,0xDE,0xFF,0xDE,0xFF,0xDE,0xFF,0xDE,0xFF,0xDE,0xFF,
    0xDE,0xFF,0xBE,0xFF,0xBE,0xFF,0xBE,0xFF,0xBE,0xFF,0xBE,0xFF,0xBE,0xFF,0xBE,0xFF,
    0xBE,0xFF,0xBE,0xFF,0xBE,0xFF,0xBE,0xFF,0xBE,0xFF,0xBE,0xFF,0xBE,0xFF,0xBE,0xFF,
    0xBE,0xFF,0xBE,0xFF,0xBE,0xFF,0xBE,0xFF,0xBE,0xFF,0xBD,0xFF,0xBD,0xFF,0xBD,0xF7,
    0xBD,0xF7,0xBD,0xF7,0xBD,0xF7,0xBD,0xF7,0xBD,0xF7,0xBD,0xF7,0xBD,0xF7,0xBD,0xF7,
    0x9D,0xF7,0xBD,0xF7,0xDE,0xFF,0x19,0xE7,0x7A,0xF7,0x5C,0xEF,0xBF,0xF7,0xBE,0xF7,
    0x7E,0xEF,0x9E,0xF7,0x5F,0xDF,0xDE,0xCE,0xFE,0xD6,0xFE,0xD6,0xFE,0xD6,0x1E,0xDF,
    0x3F,0xA6,0x7F,0x2C,0xBF,0x3C,0x3F,0xD7,0xDF,0xF7,0xFF,0x44,0xBF,0x3C,0x9F,0x3C,
    0x9F,0x3C,0x7F,0x34,0x7F,0x34,0x7F,0x34,0x9F,0x34,0x3F,0x2C,0x5F,0x3C,0x1E,0xD7,
    0x3E,0xDF,0x3E,0xDF,0x3E,0xDF,0x3E,0xE7,0x3E,0xE7,0x9E,0xEF,0x9E,0xF7,0xDE,0xFF,
    0xDE,0xFF,0xDE,0xFF,0xDE,0xFF,0xDE,0xFF,0xDE,0xFF,0xDE,0xFF,0xDE,0xFF,0xDE,0xFF,
    0xDE,0xFF,0xDE,0xFF,0xDE,0xFF,0xDE,0xFF,0xDE,0xFF,0xDE,0xFF,0xDE,0xFF,0xDE,0xFF,
    0xDE,0xFF,0xDE,0xFF,0xDE,0xFF,0xDE,0xFF,0xDE,0xFF,0xDE,0xFF,0xDE,0xFF,0xDE,0xFF,
    0xDE,0xFF,0xBE,0xFF,0xBE,0xFF,0xBE,0xFF,0xBE,0xFF,0xBE,0xFF,0xBE,0xFF,0xBE,0xFF,
    0xBE,0xFF,0xBE,0xFF,0xBE,0xFF,0xBE,0xFF,0xBE,0xFF,0xBE,0xFF,0xBE,0xFF,0xBE,0xFF,
    0xBD,0xFF,0xBD,0xF7,0xBD,0xF7,0xBD,0xF7,0xBD,0xF7,0xBD,0xF7,0xBD,0xF7,0xBD,0xF7,
    0xBD,0xF7,0xBD,0xF7,0x9D,0xF7,0xBD,0xF7,0xDE,0xFF,0x19,0xE7,0x7A,0xF7,0x5C,0xEF,
    0xBF,0xF7,0xBE,0xF7,0x7E,0xEF,0x9E,0xF7,0x3F,0xDF,0xDE,0xCE,0xFE,0xD6,0xFE,0xD6,
    0xFE,0xD6,0x3E,0xDF,0x9F,0x7D,0x3F,0x24,0xDF,0x44,0xDF,0xFF,0xDF,0xB6,0x5F,0x2C,
    0x9F,0x34,0x7F,0x34,0x7F,0x34,0x7F,0x34,0x5F,0x34,0x7F,0x34,0x7F,0x34,0x7F,0x34,
    0xDF,0x23,0x9F,0xBE,0x5E,0xE7,0x1E,0xDF,0x3E,0xDF,0x3E,0xDF,0x3E,0xE7,0x9E,0xEF,
    0x9E,0xF7,0xBE,0xFF,0xDE,0xFF,0xDE,0xFF,0xDE,0xFF,0xDE,0xFF,0xDE,0xFF,0xDE,0xFF,
    0xDE,0xFF,0xDE,0xFF,0xDE,0xFF,0xDE,0xFF,0xDE,0xFF,0xDE,0xFF,0xDE,0xFF,0xDE,0xFF,
    0xDE,0xFF,0xDE,0xFF,0xDE,0xFF,0xDE,0xFF,0xDE,0xFF,0xDE,0xFF,0xDE,0xFF,0xDE,0xFF,
    0xDE,0xFF,0xDE,0xFF,0xDE,0xFF,0xBE,0xFF,0xBE,0xFF,0xBE,0xFF,0xBE,0xFF,0xBE,0xFF,
    0xBE,0xFF,0xBE,0xFF,0xBE,0xFF,0xBE,0xFF,0xBE,0xFF,0xBE,0xFF,0xBE,0xFF,0xBE,0xFF,
    0xBE,0xFF,0xBE,0xFF,0xBD,0xFF,0xBD,0xF7,0xBD,0xF7,0xBD,0xF7,0xBD,0xF7,0xBD,0xF7,
    0xBD,0xF7,0xBD,0xF7,0xBD,0xF7,0xBD,0xF7,0x9D,0xF7,0xBD,0xF7,0xDE,0xFF,0x19,0xE7,
    0x9A,0xF7,0x5C,0xEF,0xBF,0xF7,0xBE,0xFF,0x7E,0xEF,0x9E,0xF7,0x3E,0xE7,0xDE,0xCE,
    0xFE,0xD6,0xFE,0xD6,0xFE,0xD6,0x1E,0xDF,0x5F,0x6D,0x1F,0x1C,0xDF,0x44,0xFF,0xFF,
    0xFF,0xC6,0x5F,0x2C,0x9F,0x3C,0x5F,0x34,0x5F,0x34,0x5F,0x34,0x5F,0x34,0x5F,0x34,
    0x7F,0x34,0x7F,0x34,0xBF,0x1B,0x1F,0xA6,0x5E,0xE7,0x1E,0xDF,0x3E,0xDF,0x3E,0xDF,
    0x3E,0xE7,0x9E,0xEF,0x9E,0xF7,0xDE,0xFF,0xDE,0xFF,0xDE,0xFF,0xDE,0xFF,0xDE,0xFF,
    0xDE,0xFF,0xDE,0xFF,0xDE,0xFF,0xDE,0xFF,0xDE,0xFF,0xDE,0xFF,0xDE,0xFF,0xDE,0xFF,
    0xDE,0xFF,0xDE,0xFF,0xDE,0xFF,0xDE,0xFF,0xDE,0xFF,0xDE,0xFF,0xDE,0xFF,0xDE,0xFF,
    0xDE,0xFF,0xDE,0xFF,0xDE,0xFF,0xDE,0xFF,0xDE,0xFF,0xBE,0xFF,0xBE,0xFF,0xBE,0xFF,
    0xBE,0xFF,0xBE,0xFF,0xBE,0xFF,0xBE,0xFF,0xBE,0xFF,0xBE,0xFF,0xBE,0xFF,0xBE,0xFF,
    0xBE,0xFF,0xBE,0xFF,0xBE,0xFF,0xBE,0xFF,0xBD,0xFF,0xBD,0xF7,0xBD,0xF7,0xBD,0xF7,
    0xBD,0xF7,0xBD,0xF7,0xBD,0xF7,0xBD,0xF7,0xBD,0xF7,0xBD,0xF7,0x9D,0xF7,0xBD,0xF7,
    0xDE,0xFF,0x19,0xE7,0x9A,0xF7,0x5C,0xEF,0xBF,0xF7,0xBE,0xFF,0x7E,0xEF,0x9E,0xF7,
    0x5E,0xE7,0xDE,0xCE,0xFE,0xD6,0x1E,0xD7,0x1E,0xD7,0x1E,0xD7,0x5F,0x6D,0x1F,0x1C,
    0x7F,0x34,0x9F,0xEF,0xDF,0xF7,0xFF,0x4C,0x1F,0x1C,0x5F,0x34,0x5F,0x34,0x3F,0x2C,
    0x3F,0x2C,0x3F,0x2C,0x3F,0x2C,0x3F,0x2C,0xBF,0x1B,0x1E,0xA6,0x3E,0xE7,0x1E,0xDF,
    0x1E,0xDF,0x1E,0xDF,0x5E,0xE7,0x9E,0xEF,0x9E,0xF7,0xBE,0xFF,0xDE,0xFF,0xDE,0xFF,
    0xDE,0xFF,0xDE,0xFF,0xDE,0xFF,0xDE,0xFF,0xDE,0xFF,0xDE,0xFF,0xDE,0xFF,0xDE,0xFF,
    0xDE,0xFF,0xDE,0xFF,0xDE,0xFF,0xDE,0xFF,0xDE,0xFF,0xDE,0xFF,0xDE,0xFF,0xDE,0xFF,
    0xDE,0xFF,0xBE,0xFF,0xBE,0xFF,0xBE,0xFF,0xBE,0xFF,0xBE,0xFF,0xBE,0xFF,0xBE,0xFF,
    0xBE,0xFF,0xBE,0xFF,0xBE,0xFF,0xBE,0xFF,0xBE,0xFF,0xBE,0xFF,0xBE,0xFF,0xBE,0xFF,
    0xBE,0xFF,0xBE,0xFF,0xBE,0xFF,0xBE,0xFF,0xBE,0xFF,0xBE,0xFF,0xBD,0xFF,0xBD,0xF7,
    0xBD,0xF7,0xBD,0xF7,0xBD,0xF7,0xBD,0xF7,0xBD,0xF7,0xBD,0xF7,0xBD,0xF7,0xBD,0xF7,
    0x9D,0xF7,0xBD,0xF7,0xDE,0xFF,0x19,0xE7,0x9A,0xF7,0x5C,0xEF,0xBF,0xF7,0xBE,0xFF,
    0x9E,0xF7,0x9E,0xF7,0x7E,0xEF,0xFE,0xD6,0xFE,0xD6,0x1E,0xD7,0xFE,0xD6,0x1E,0xDF,
    0x9F,0x7D,0x3F,0x24,0x3F,0x24,0x3F,0x9E,0xFF,0xFF,0x7F,0xDF,0x7F,0x75,0x5F,0x2C,
    0x1F,0x2C,0x1F,0x2C,0x3F,0x2C,0x3F,0x2C,0x1F,0x2C,0x1F,0x24,0xDF,0x23,0x7E,0xBE,
    0x3E,0xDF,0x1E,0xDF,0x1E,0xDF,0x1E,0xDF,0x5F,0xE7,0x9E,0xF7,0x9E,0xF7,0xBE,0xFF,
    0xDE,0xFF,0xDE,0xFF,0xDE,0xFF,0xDE,0xFF,0xDE,0xFF,0xDE,0xFF,0xDE,0xFF,0xDE,0xFF,
    0xDE,0xFF,0xDE,0xFF,0xDE,0xFF,0xDE,0xFF,0xDE,0xFF,0xDE,0xFF,0xDE,0xFF,0xDE,0xFF,
    0xDE,0xFF,0xDE,0xFF,0xDE,0xFF,0xDE,0xFF,0xDE,0xFF,0xDE,0xFF,0xDE,0xFF,0xDE,0xFF,
    0xDE,0xFF,0xBE,0xFF,0xBE,0xFF,0xBE,0xFF,0xBE,0xFF,0xBE,0xFF,0xBE,0xFF,0xBE,0xFF,
    0xBE,0xFF,0xBE,0xFF,0xBE,0xFF,0xBE,0xFF,0xBE,0xFF,0xBE,0xFF,0xBE,0xFF,0xBE,0xFF,
    0xBE,0xFF,0xBE,0xF7,0xBE,0xF7,0xBE,0xF7,0xBE,0xF7,0xBD,0xF7,0xBD,0xF7,0xBD,0xF7,
    0xBD,0xF7,0xBD,0xF7,0x9D,0xF7,0xBD,0xF7,0xDE,0xFF,0x19,0xE7,0x9B,0xF7,0x5C,0xEF,
    0xBF,0xF7,0xBE,0xFF,0x9E,0xF7,0x9E,0xF7,0x9E,0xF7,0x1E,0xDF,0xFE,0xCE,0x1E,0xD7,
    0x1E,0xD7,0x1E,0xD7,0x5E,0xAE,0x5F,0x34,0x9F,0x3C,0x7F,0x34,0x5F,0xAE,0xFF,0xFF,
    0xFF,0xFF,0x9F,0x44,0xFF,0x1B,0x1F,0x2C,0x1F,0x2C,0x1F,0x2C,0x1F,0x2C,0xBF,0x1B,
    0x7F,0x4C,0xFE,0xD6,0x1E,0xD7,0x1E,0xDF,0x1E,0xDF,0x3E,0xDF,0x7F,0xEF,0x9E,0xF7,
    0x9E,0xF7,0xBE,0xFF,0xDE,0xFF,0xDE,0xFF,0xDE,0xFF,0xDE,0xFF,0xDE,0xFF,0xDE,0xFF,
    0xDE,0xFF,0xDE,0xFF,0xDE,0xFF,0xBE,0xFF,0xBE,0xFF,0xBE,0xFF,0xBE,0xFF,0xBE,0xFF,
    0xBE,0xFF,0xBE,0xFF,0xBE,0xFF,0xBE,0xFF,0xBE,0xFF,0xBE,0xFF,0xBE,0xFF,0xBE,0xFF,
    0xBE,0xFF,0xBE,0xFF,0xBE,0xFF,0xBE,0xFF,0xBE,0xFF,0xBE,0xFF,0xBE,0xFF,0xBE,0xFF,
    0xBE,0xFF,0xBE,0xFF,0xBE,0xFF,0xBE,0xFF,0xBE,0xFF,0xBE,0xFF,0xBE,0xFF,0xBE,0xFF,
    0xBE,0xFF,0xBD,0xFF,0xBD,0xFF,0xBD,0xF7,0xBD,0xF7,0xBD,0xF7,0xBD,0xF7,0xBD,0xF7,
    0xBD,0xF7,0xBD,0xF7,0xBD,0xF7,0xBD,0xF7,0x9D,0xF7,0xBD,0xF7,0xDE,0xFF,0x19,0xE7,
    0x9B,0xF7,0x5C,0xEF,0xBF,0xF7,0xBE,0xFF,0x9E,0xF7,0x9E,0xF7,0xBE,0xF7,0x5E,0xE7,
    0xFE,0xD6,0xFE,0xD6,0x1E,0xD7,0x1E,0xD7,0xFE,0xCE,0x3F,0x5D,0x5F,0x2C,0x3F,0x2C,
    0xBF,0x13,0xBF,0x44,0xDF,0x54,0xFF,0x1B,0xFF,0x23,0xFF,0x23,0x1F,0x24,0x1F,0x24,
    0xFF,0x23,0x7F,0x13,0xBF,0x95,0xFE,0xD6,0xFE,0xD6,0x1E,0xD7,0x1E,0xD7,0x3E,0xDF,
    0x9E,0xEF,0x9E,0xF7,0xBE,0xF7,0xBE,0xFF,0xDE,0xFF,0xDE,0xFF,0xDE,0xFF,0xDE,0xFF,
    0xDE,0xFF,0xDE,0xFF,0xDE,0xFF,0xDE,0xFF,0xDE,0xFF,0xBE,0xFF,0xBE,0xFF,0xBE,0xFF,
    0xBE,0xFF,0xBE,0xFF,0xBE,0xFF,0xBE,0xFF,0xBE,0xFF,0xBE,0xFF,0xBE,0xFF,0xBE,0xFF,
    0xBE,0xFF,0xBE,0xFF,0xBE,0xFF,0xBE,0xFF,0xBE,0xFF,0xBE,0xFF,0xBE,0xFF,0xBE,0xFF,
    0xBE,0xFF,0xBE,0xFF,0xBE,0xFF,0xBE,0xFF,0xBE,0xFF,0xBE,0xFF,0xBE,0xFF,0xBE,0xFF,
    0xBE,0xFF,0xBD,0xF7,0xBD,0xF7,0xBD,0xF7,0xBD,0xF7,0xBD,0xF7,0xBD,0xF7,0xBD,0xF7,
    0xBD,0xF7,0xBD,0xF7,0xBD,0xF7,0xBD,0xF7,0xBD,0xF7,0xBD,0xF7,0x9D,0xF7,0xBD,0xF7,
    0xDE,0xFF,0x19,0xE7,0x9B,0xF7,0x5C,0xEF,0xBF,0xF7,0xBE,0xFF,0x9E,0xF7,0x9E,0xF7,
    0x9E,0xF7,0x9E,0xEF,0xFE,0xD6,0xDE,0xCE,0xFE,0xD6,0xFE,0xD6,0xDE,0xCE,0x5E,0xAE,
    0xDF,0x44,0x1F,0x1C,0xFF,0x23,0xDF,0x1B,0xBF,0x1B,0xDF,0x23,0xDF,0x1B,0xDF,0x23,
    0xDF,0x23,0xDF,0x23,0x7F,0x0B,0xDF,0x5C,0xDE,0xCE,0xFE,0xCE,0x1E,0xD7,0xFE,0xD6,
    0xFE,0xD6,0x5F,0xE7,0x9E,0xEF,0x9E,0xF7,0xBE,0xF7,0xBE,0xF7,0xBE,0xFF,0xBE,0xFF,
    0xBE,0xFF,0xBE,0xFF,0xBE,0xFF,0xBE,0xFF,0xBE,0xFF,0xBE,0xFF,0xBE,0xFF,0xBE,0xFF,
    0xBE,0xFF,0xBE,0xFF,0xBE,0xFF,0xBE,0xFF,0xBE,0xFF,0xBE,0xFF,0xBE,0xFF,0xBE,0xFF,
    0xBE,0xFF,0xBE,0xFF,0xBE,0xFF,0xBE,0xFF,0xBE,0xFF,0xBE,0xFF,0xBE,0xFF,0xBE,0xF7,
    0xBE,0xF7,0xBE,0xF7,0xBE,0xF7,0xBE,0xF7,0xBE,0xF7,0xBE,0xF7,0xBE,0xF7,0xBE,0xF7,
    0xBE,0xF7,0xBD,0xF7,0xBD,0xF7,0xBD,0xF7,0xBD,0xF7,0xBD,0xF7,0xBD,0xF7,0xBD,0xF7,
    0xBD,0xF7,0xBD,0xF7,0xBD,0xF7,0xBD,0xF7,0xBD,0xF7,0xBD,0xF7,0xBD,0xF7,0xBD,0xF7,
    0x9D,0xF7,0xBD,0xF7,0xDE,0xFF,0x19,0xE7,0x9B,0xF7,0x5C,0xEF,0xBF,0xF7,0xDE,0xFF,
    0x9E,0xF7,0x9E,0xF7,0x9E,0xF7,0xBE,0xF7,0x5F,0xE7,0xDE,0xCE,0xFE,0xCE,0xFE,0xD6,
    0xFE,0xD6,0xDE,0xCE,0x5E,0xA6,0x5F,0x5D,0x3F,0x24,0xDF,0x23,0xDF,0x23,0xDF,0x23,
    0xDF,0x23,0xDF,0x1B,0xDF,0x23,0x9F,0x13,0xBF,0x5C,0x9E,0xBE,0xBE,0xC6,0xFE,0xD6,
    0x1E,0xD7,0xFE,0xD6,0x3E,0xDF,0x9E,0xEF,0x7D,0xEF,0x9E,0xF7,0xBE,0xF7,0xBE,0xF7,
    0xDE,0xFF,0xDE,0xFF,0xDE,0xFF,0xDE,0xFF,0xDE,0xFF,0xDE,0xFF,0xDE,0xFF,0xDE,0xFF,
    0xDE,0xFF,0xDE,0xFF,0xDE,0xFF,0xDE,0xFF,0xDE,0xFF,0xBE,0xFF,0xBE,0xFF,0xBE,0xFF,
    0xBE,0xFF,0xBE,0xFF,0xBE,0xFF,0xBE,0xFF,0xBE,0xFF,0xBE,0xFF,0xBE,0xFF,0xBE,0xFF,
    0xBE,0xFF,0xBE,0xFF,0xBE,0xFF,0xBE,0xFF,0xBE,0xFF,0xBE,0xFF,0xBE,0xFF,0xBE,0xFF,
    0xBE,0xFF,0xBE,0xFF,0xBE,0xFF,0xBE,0xFF,0xBE,0xFF,0xBE,0xF7,0xBE,0xF7,0xBE,0xF7,
    0xBE,0xF7,0xBE,0xF7,0xBE,0xF7,0xBE,0xF7,0xBE,0xF7,0xBD,0xF7,0xBD,0xF7,0xBD,0xF7,
    0xBD,0xF7,0xBD,0xF7,0x9D,0xF7,0xBD,0xF7,0xDE,0xFF,0x19,0xE7,0x9A,0xF7,0x5C,0xEF,
    0xBF,0xF7,0xDE,0xFF,0x9E,0xF7,0x9E,0xF7,0x9E,0xF7,0x9E,0xF7,0xBE,0xF7,0xFF,0xD6,
    0xDE,0xCE,0xFE,0xD6,0xFE,0xD6,0xFE,0xCE,0xBE,0xC6,0x7E,0xB6,0x9F,0x75,0xBF,0x3C,
    0x3F,0x2C,0xBF,0x13,0x9F,0x13,0x3F,0x2C,0x1F,0x5D,0xBE,0x8D,0x7E,0xBE,0x9E,0xC6,
    0xDE,0xCE,0xFE,0xD6,0xFE,0xD6,0x1E,0xDF,0x7F,0xEF,0x9E,0xF7,0x7D,0xEF,0xBE,0xF7,
    0xBE,0xF7,0xBE,0xF7,0xBE,0xFF,0xBE,0xFF,0xBE,0xFF,0xBE,0xFF,0xBE,0xFF,0xBE,0xFF,
    0xBE,0xFF,0xBE,0xFF,0xBE,0xFF,0xBE,0xFF,0xBE,0xFF,0xBE,0xFF,0xBE,0xFF,0xBE,0xFF,
    0xBE,0xFF,0xBE,0xFF,0xBE,0xFF,0xBE,0xFF,0xBE,0xFF,0xBE,0xFF,0xBE,0xFF,0xBE,0xFF,
    0xBE,0xFF,0xBE,0xFF,0xBE,0xFF,0xBE,0xFF,0xBE,0xFF,0xBE,0xFF,0xBE,0xFF,0xBE,0xFF,
    0xBE,0xFF,0xBE,0xFF,0xBE,0xFF,0xBE,0xFF,0xBE,0xFF,0xBD,0xFF,0xBD,0xFF,0xBD,0xFF,
    0xBD,0xFF,0xBD,0xFF,0xBD,0xFF,0xBD,0xFF,0xBD,0xFF,0xBD,0xFF,0xBD,0xFF,0xBD,0xFF,
    0xBD,0xFF,0xBD,0xFF,0xBD,0xFF,0xBD,0xFF,0x9D,0xF7,0xBD,0xF7,0xDE,0xFF,0x39,0xE7,
    0x7A,0xF7,0x5C,0xEF,0xBF,0xF7,0xDE,0xFF,0x9E,0xF7,0x9E,0xF7,0x9E,0xF7,0x9E,0xF7,
    0xBE,0xF7,0x9F,0xF7,0xFF,0xCE,0xFE,0xD6,0xFE,0xCE,0xFE,0xCE,0xDE,0xCE,0xBE,0xC6,
    0x9E,0xC6,0x5E,0xB6,0x3E,0xA6,0xDE,0x8D,0xBE,0x8D,0x1E,0xA6,0x7E,0xBE,0xBE,0xC6,
    0xBE,0xC6,0xDE,0xCE,0xDE,0xCE,0xDE,0xCE,0x1E,0xD7,0x7F,0xE7,0x9E,0xF7,0x7D,0xEF,
    0x9D,0xF7,0x9D,0xF7,0xBE,0xF7,0xBE,0xF7,0xBE,0xF7,0xBE,0xF7,0xBE,0xF7,0xBE,0xF7,
    0xBE,0xF7,0xBE,0xF7,0xBE,0xF7,0xBE,0xF7,0xBE,0xF7,0xBE,0xF7,0xBE,0xF7,0xBE,0xF7,
    0xBE,0xF7,0xBE,0xF7,0xBE,0xF7,0xBE,0xF7,0xBE,0xF7,0xBE,0xF7,0xBE,0xF7,0xBE,0xF7,
    0xBE,0xF7,0xBE,0xF7,0xBE,0xF7,0xBE,0xF7,0xBE,0xF7,0xBE,0xF7,0xBE,0xF7,0xBE,0xF7,
    0xBE,0xF7,0xBE,0xF7,0xBE,0xF7,0xBD,0xF7,0xBD,0xF7,0xBD,0xF7,0xBD,0xF7,0xBD,0xF7,
    0xBD,0xF7,0xBD,0xF7,0xBD,0xF7,0xBD,0xF7,0xBD,0xF7,0xBD,0xF7,0xBD,0xF7,0xBD,0xF7,
    0xBD,0xF7,0xBD,0xF7,0xBD,0xF7,0xBD,0xF7,0xBD,0xF7,0xBD,0xF7,0x9D,0xF7,0xBD,0xF7,
    0xDE,0xFF,0x19,0xE7,0x7A,0xF7,0x5C,0xEF,0xBF,0xF7,0xDE,0xFF,0x9E,0xF7,0x9E,0xF7,
    0x9E,0xF7,0x9E,0xF7,0x9E,0xF7,0xBE,0xFF,0x9F,0xEF,0xFF,0xCE,0xFE,0xD6,0xDE,0xCE,
    0xDE,0xCE,0xFE,0xCE,0xDE,0xCE,0xDE,0xCE,0xBE,0xC6,0xBE,0xCE,0xBE,0xC6,0xBE,0xC6,
    0xBE,0xC6,0xDE,0xCE,0xFE,0xCE,0xDE,0xCE,0xDE,0xCE,0x1E,0xDF,0x7F,0xE7,0x9E,0xF7,
    0x7D,0xEF,0x7D,0xEF,0x9D,0xF7,0x9D,0xF7,0xBD,0xF7,0xBE,0xF7,0xBE,0xFF,0xBE,0xFF,
    0xBE,0xFF,0xBE,0xFF,0xBE,0xFF,0xBE,0xFF,0xBE,0xFF,0xBE,0xFF,0xBE,0xFF,0xBE,0xFF,
    0xBE,0xFF,0xBE,0xFF,0xBE,0xFF,0xBE,0xFF,0xBE,0xFF,0xBE,0xFF,0xBE,0xFF,0xBE,0xFF,
    0xBE,0xFF,0xBE,0xFF,0xBE,0xFF,0xBE,0xFF,0xBE,0xFF,0xBE,0xFF,0xBE,0xFF,0xBE,0xF7,
    0xBE,0xF7,0xBE,0xF7,0xBE,0xF7,0xBE,0xF7,0xBE,0xF7,0xBD,0xF7,0xBD,0xF7,0xBD,0xF7,
    0xBD,0xF7,0xBD,0xF7,0xBD,0xF7,0xBD,0xF7,0xBD,0xF7,0xBD,0xF7,0xBD,0xF7,0xBD,0xF7,
    0xBD,0xF7,0xBD,0xF7,0xBD,0xF7,0xBD,0xF7,0xBD,0xF7,0xBD,0xF7,0xBD,0xF7,0xBD,0xF7,
    0x9D,0xF7,0xBD,0xF7,0xDE,0xFF,0x19,0xE7,0x9A,0xF7,0x5C,0xEF,0xBF,0xF7,0xDE,0xFF,
    0x9E,0xF7,0x9E,0xF7,0x9E,0xF7,0x9E,0xF7,0x9E,0xF7,0x9E,0xF7,0xBE,0xFF,0x9E,0xEF,
    0x1F,0xD7,0x3F,0xDF,0x1E,0xD7,0xFE,0xCE,0xFE,0xCE,0xDE,0xCE,0xDE,0xCE,0xDE,0xCE,
    0xDE,0xCE,0xDE,0xCE,0xDE,0xCE,0xDE,0xCE,0xDE,0xCE,0xFE,0xD6,0x5F,0xE7,0xBF,0xF7,
    0x9E,0xF7,0x7D,0xEF,0x7D,0xEF,0x9D,0xF7,0x9D,0xF7,0x9D,0xF7,0xBD,0xF7,0xBE,0xF7,
    0xBE,0xF7,0xBE,0xF7,0xBE,0xF7,0xBE,0xF7,0xBE,0xF7,0xBE,0xF7,0xBE,0xF7,0xBE,0xF7,
    0xBE,0xF7,0xBE,0xF7,0xBE,0xF7,0xBE,0xF7,0xBE,0xF7,0xBE,0xF7,0xBE,0xF7,0xBE,0xF7,
    0xBE,0xF7,0xBE,0xF7,0xBE,0xF7,0xBE,0xF7,0xBE,0xF7,0xBE,0xF7,0xBE,0xF7,0xBE,0xF7,
    0xBE,0xF7,0xBD,0xF7,0xBD,0xF7,0xBD,0xF7,0xBD,0xF7,0xBD,0xF7,0xBD,0xF7,0xBD,0xF7,
    0xBD,0xF7,0xBD,0xF7,0xBD,0xF7,0xBD,0xF7,0xBD,0xF7,0xBD,0xF7,0xBD,0xF7,0xBD,0xF7,
    0xBD,0xF7,0xBD,0xF7,0xBD,0xF7,0xBD,0xF7,0xBD,0xF7,0xBD,0xF7,0xBD,0xF7,0xBD,0xF7,
    0xBD,0xF7,0xBD,0xF7,0x9D,0xF7,0xBD,0xF7,0xDE,0xFF,0x19,0xE7,0x9B,0xF7,0x5C,0xEF,
    0xBF,0xF7,0xDE,0xFF,0x9E,0xF7,0x9E,0xF7,0x9E,0xF7,0x9E,0xF7,0x9E,0xF7,0x9E,0xF7,
    0x9E,0xF7,0xBE,0xF7,0x9E,0xF7,0x7F,0xE7,0x7F,0xE7,0x9F,0xE7,0x5F,0xDF,0xFE,0xD6,
    0xFE,0xCE,0xDE,0xCE,0xDE,0xCE,0xDE,0xCE,0xDE,0xCE,0xFE,0xCE,0x3F,0xDF,0x9F,0xEF,
    0xBF,0xF7,0x9E,0xF7,0x7D,0xEF,0x7D,0xEF,0x9D,0xF7,0x9D,0xF7,0x9D,0xF7,0xBD,0xF7,
    0xBD,0xF7,0x9D,0xF7,0xBD,0xF7,0xBD,0xF7,0xBD,0xF7,0xBD,0xF7,0xBD,0xF7,0xBD,0xF7,
    0xBD,0xF7,0xBD,0xF7,0xBD,0xF7,0xBD,0xF7,0xBD,0xF7,0xBD,0xF7,0xBD,0xF7,0xBD,0xF7,
    0xBD,0xF7,0xBD,0xF7,0xBD,0xF7,0xBD,0xF7,0xBD,0xF7,0xBD,0xF7,0xBD,0xF7,0xBD,0xF7,
    0xBD,0xF7,0xBD,0xF7,0xBD,0xF7,0xBD,0xF7,0xBD,0xF7,0xBD,0xF7,0xBD,0xF7,0xBD,0xF7,
    0xBD,0xF7,0xBD,0xF7,0xBD,0xF7,0xBD,0xF7,0xBD,0xF7,0xBD,0xF7,0xBD,0xF7,0xBD,0xF7,
    0xBD,0xF7,0xBD,0xF7,0xBD,0xF7,0xBD,0xF7,0xBD,0xF7,0xBD,0xF7,0xBD,0xF7,0xBD,0xF7,
    0xBD,0xF7,0xBD,0xF7,0xBD,0xF7,0xBD,0xF7,0x9D,0xF7,0xBD,0xF7,0xDE,0xFF,0x39,0xE7,
    0x9A,0xF7,0x5C,0xEF,0xBF,0xF7,0xDE,0xFF,0x9E,0xF7,0x9E,0xF7,0x9E,0xF7,0x9E,0xEF,
    0x7E,0xEF,0x9E,0xF7,0x9E,0xF7,0x9E,0xF7,0xBE,0xF7,0xBE,0xF7,0x9E,0xF7,0x9F,0xEF,
    0x9F,0xE7,0x5F,0xDF,0x3F,0xD7,0x1F,0xCF,0xFF,0xCE,0x1F,0xD7,0x3F,0xDF,0x7F,0xE7,
    0x9E,0xEF,0x9E,0xF7,0x7E,0xEF,0x7D,0xEF,0x7D,0xEF,0x9D,0xF7,0x9D,0xF7,0x9D,0xF7,
    0x9D,0xF7,0x9D,0xF7,0x9D,0xF7,0xBD,0xF7,0xBD,0xF7,0xBD,0xF7,0xBD,0xF7,0xBD,0xF7,
    0xBD,0xF7,0xBD,0xF7,0xBD,0xF7,0xBD,0xF7,0xBD,0xF7,0xBD,0xF7,0xBD,0xF7,0xBD,0xF7,
    0xBD,0xF7,0xBD,0xF7,0xBD,0xF7,0xBD,0xF7,0xBD,0xF7,0xBD,0xF7,0xBD,0xF7,0xBD,0xF7,
    0xBD,0xF7,0xBD,0xF7,0xBD,0xF7,0xBD,0xF7,0xBD,0xF7,0xBD,0xF7,0xBD,0xF7,0xBD,0xF7,
    0xBD,0xF7,0xBD,0xF7,0xBD,0xF7,0xBD,0xF7,0xBD,0xF7,0xBD,0xF7,0xBD,0xF7,0xBD,0xF7,
    0xBD,0xF7,0xBD,0xF7,0xBD,0xF7,0xBD,0xF7,0xBD,0xF7,0xBD,0xF7,0xBD,0xF7,0xBD,0xF7,
    0xBD,0xF7,0xBD,0xF7,0xBD,0xF7,0xBD,0xF7,0xBD,0xF7,0xBD,0xF7,0x9D,0xF7,0xBD,0xF7,
    0xDE,0xFF,0x39,0xE7,0x7A,0xF7,0x5C,0xEF,0xBF,0xF7,0xDE,0xFF,0x9E,0xF7,0x9E,0xF7,
    0x9E,0xF7,0x9E,0xF7,0x9E,0xEF,0x9E,0xEF,0x9E,0xF7,0x9E,0xF7,0x9E,0xF7,0x9E,0xF7,
    0x9E,0xF7,0x9E,0xF7,0x9E,0xF7,0x9E,0xEF,0x7E,0xEF,0x7E,0xEF,0x7E,0xEF,0x9E,0xEF,
    0x9E,0xF7,0x9E,0xF7,0x7D,0xEF,0x7D,0xEF,0x7D,0xEF,0x9D,0xF7,0x9D,0xF7,0x9D,0xF7,
    0x9D,0xF7,0x9D,0xF7,0x9D,0xF7,0x9D,0xF7,0x9D,0xF7,0x9D,0xF7,0xBD,0xF7,0xBD,0xF7,
    0xBD,0xF7,0xBD,0xF7,0xBD,0xF7,0xBD,0xF7,0xBD,0xF7,0xBD,0xF7,0xBD,0xF7,0xBD,0xF7,
    0xBD,0xF7,0xBD,0xF7,0xBD,0xF7,0xBD,0xF7,0xBD,0xF7,0xBD,0xF7,0xBD,0xF7,0xBD,0xF7,
    0xBD,0xF7,0xBD,0xF7,0xBD,0xF7,0xBD,0xF7,0xBD,0xF7,0xBD,0xF7,0xBD,0xF7,0xBD,0xF7,
    0xBD,0xF7,0xBD,0xF7,0xBD,0xF7,0xBD,0xF7,0xBD,0xF7,0xBD,0xF7,0xBD,0xF7,0xBD,0xF7,
    0xBD,0xF7,0xBD,0xF7,0xBD,0xF7,0xBD,0xF7,0xBD,0xF7,0xBD,0xF7,0xBD,0xF7,0xBD,0xFF,
    0xBD,0xFF,0xBD,0xFF,0xBD,0xFF,0xBD,0xFF,0xBD,0xFF,0xBD,0xFF,0xBD,0xFF,0xBD,0xFF,
    0x9D,0xF7,0xBD,0xF7,0xDE,0xFF,0x39,0xE7,0x9A,0xF7,0x5C,0xEF,0xBF,0xF7,0xDE,0xFF,
    0x9E,0xF7,0x9E,0xF7,0x9E,0xF7,0x9E,0xF7,0x9E,0xEF,0x9E,0xF7,0x9E,0xF7,0x9E,0xF7,
    0x9E,0xF7,0x9E,0xF7,0x9E,0xF7,0x9E,0xF7,0x9E,0xF7,0x9E,0xF7,0x9E,0xEF,0x7E,0xEF,
    0x7E,0xEF,0x7D,0xEF,0x7E,0xEF,0x7D,0xEF,0x7D,0xEF,0x9D,0xF7,0x9D,0xF7,0x9D,0xF7,
    0x9D,0xF7,0x9D,0xF7,0x9D,0xF7,0x9D,0xF7,0x9D,0xF7,0x9D,0xF7,0x9D,0xF7,0x9D,0xF7,
    0x9D,0xF7,0x9D,0xF7,0x9D,0xF7,0x9D,0xF7,0x9D,0xF7,0x9D,0xF7,0x9D,0xF7,0x9D,0xF7,
    0x9D,0xF7,0xBD,0xF7,0xBD,0xF7,0xBD,0xF7,0xBD,0xF7,0xBD,0xF7,0xBD,0xF7,0xBD,0xF7,
    0xBD,0xF7,0xBD,0xF7,0xBD,0xF7,0xBD,0xF7,0xBD,0xF7,0xBD,0xF7,0xBD,0xF7,0xBD,0xF7,
    0xBD,0xF7,0xBD,0xF7,0xBD,0xF7,0xBD,0xF7,0xBD,0xF7,0xBD,0xF7,0xBD,0xF7,0xBD,0xF7,
    0xBD,0xF7,0xBD,0xF7,0xBD,0xF7,0xBD,0xF7,0xBD,0xF7,0xBD,0xF7,0xBD,0xF7,0xBD,0xF7,
    0xBD,0xF7,0xBD,0xF7,0xBD,0xF7,0xBD,0xFF,0xBD,0xFF,0xBD,0xFF,0xBD,0xFF,0xBD,0xFF,
    0xBD,0xFF,0xBD,0xFF,0x9D,0xF7,0xBD,0xF7,0xDD,0xFF,0x39,0xE7,0x9B,0xF7,0x7C,0xEF,
    0xBF,0xF7,0xDE,0xFF,0x9E,0xF7,0x9E,0xF7,0x9E,0xF7,0x9E,0xF7,0x9E,0xF7,0x9E,0xF7,
    0x9E,0xF7,0x9E,0xF7,0x9E,0xF7,0x9E,0xF7,0x9E,0xF7,0x9E,0xF7,0x9D,0xF7,0x9D,0xF7,
    0x9D,0xF7,0x9D,0xF7,0x9D,0xF7,0x9E,0xF7,0x9D,0xF7,0x9D,0xF7,0x9D,0xF7,0x9D,0xF7,
    0x9D,0xF7,0x9D,0xF7,0x9D,0xF7,0x9D,0xF7,0x9D,0xF7,0x9D,0xF7,0x9D,0xF7,0x9D,0xF7,
    0x9D,0xF7,0x9D,0xF7,0x9D,0xF7,0x9D,0xF7,0x9D,0xF7,0x9D,0xF7,0x9D,0xF7,0x9D,0xF7,
    0x9D,0xF7,0x9D,0xF7,0x9D,0xF7,0x9D,0xF7,0x9D,0xF7,0x9D,0xF7,0x9D,0xF7,0x9D,0xF7,
    0x9D,0xF7,0xBD,0xF7,0xBD,0xF7,0xBD,0xF7,0xBD,0xF7,0xBD,0xF7,0xBD,0xF7,0xBD,0xF7,
    0xBD,0xF7,0xBD,0xF7,0xBD,0xF7,0xBD,0xF7,0xBD,0xF7,0xBD,0xF7,0xBD,0xF7,0xBD,0xF7,
    0xBD,0xF7,0xBD,0xF7,0xBD,0xF7,0xBD,0xF7,0xBD,0xF7,0xBD,0xFF,0xBD,0xFF,0xBD,0xFF,
    0xBD,0xFF,0xBD,0xFF,0xBD,0xFF,0xBE,0xFF,0xBE,0xFF,0xBE,0xFF,0xBE,0xFF,0xBE,0xFF,
    0xBE,0xFF,0xBE,0xFF,0xBE,0xFF,0xBE,0xFF,0x9C,0xEF,0xBD,0xF7,0xBC,0xFF,0x39,0xE7,
    0x9B,0xF7,0x9B,0xF7,0x9E,0xF7,0xDE,0xFF,0x9E,0xF7,0x9E,0xF7,0x9E,0xF7,0x9E,0xF7,
    0x9E,0xF7,0x9E,0xF7,0x9E,0xF7,0x9E,0xF7,0x9E,0xF7,0x9E,0xF7,0x9E,0xF7,0x9E,0xF7,
    0x9E,0xF7,0x9E,0xF7,0x9D,0xF7,0x9E,0xF7,0xBE,0xF7,0xBE,0xF7,0xBD,0xF7,0xBD,0xF7,
    0xBD,0xF7,0x9D,0xF7,0xBD,0xF7,0x9D,0xF7,0xBD,0xF7,0x9D,0xF7,0x9D,0xF7,0x9D,0xF7,
    0x9D,0xF7,0x9D,0xF7,0x9D,0xF7,0x9D,0xF7,0x9D,0xF7,0x9D,0xF7,0x9D,0xF7,0x9D,0xF7,
    0x9D,0xF7,0x9D,0xF7,0x9D,0xF7,0x9D,0xF7,0x9D,0xF7,0x9D,0xF7,0x9D,0xF7,0x9D,0xF7,
    0x9D,0xF7,0x9D,0xF7,0x9D,0xF7,0x9D,0xF7,0x9D,0xF7,0x9D,0xF7,0x9D,0xF7,0x9D,0xF7,
    0x9D,0xF7,0x9D,0xF7,0x9D,0xF7,0x9D,0xF7,0x9D,0xF7,0xBD,0xF7,0xBD,0xF7,0xBD,0xF7,
    0xBD,0xF7,0xBD,0xF7,0xBD,0xF7,0xBD,0xF7,0xBD,0xF7,0xBD,0xF7,0xBD,0xF7,0xBD,0xF7,
    0xBD,0xF7,0xBD,0xF7,0xBD,0xF7,0xBD,0xF7,0xBD,0xF7,0xBD,0xF7,0xBD,0xF7,0xBD,0xF7,
    0xBD,0xF7,0xBD,0xF7,0xBD,0xF7,0xBD,0xF7,0xBD,0xF7,0xBD,0xF7,0x7C,0xEF,0xFE,0xFF,
    0x7B,0xF7,0x19,0xE7,0x9B,0xF7,0x9B,0xF7,0x9D,0xF7,0xBF,0xF7,0xDE,0xFF,0x9E,0xF7,
    0x9E,0xF7,0x9E,0xF7,0x9E,0xF7,0x9E,0xF7,0x9E,0xF7,0x9E,0xF7,0x9E,0xF7,0x9E,0xF7,
    0x9E,0xF7,0x9E,0xF7,0x9E,0xF7,0xBE,0xF7,0xBE,0xF7,0xBE,0xF7,0xBE,0xF7,0xBE,0xF7,
    0xBE,0xF7,0xBE,0xF7,0xBE,0xF7,0xBD,0xF7,0x9D,0xF7,0xBD,0xF7,0xBD,0xF7,0x9D,0xF7,
    0x9D,0xF7,0xBD,0xF7,0x9D,0xF7,0x9D,0xF7,0x9D,0xF7,0x9D,0xF7,0x9D,0xF7,0x9D,0xF7,
    0x9D,0xF7,0x9D,0xF7,0x9D,0xF7,0x9D,0xF7,0x9D,0xF7,0x9D,0xF7,0x9D,0xF7,0x9D,0xF7,
    0x9D,0xF7,0x9D,0xF7,0x9D,0xF7,0x9D,0xF7,0x9D,0xF7,0x9D,0xF7,0x9D,0xF7,0x9D,0xF7,
    0x9D,0xF7,0x9D,0xF7,0x9D,0xF7,0x9D,0xF7,0x9D,0xF7,0x9C,0xEF,0x9C,0xEF,0x9C,0xEF,
    0x9C,0xEF,0x9C,0xEF,0x9C,0xEF,0x7C,0xEF,0x7C,0xEF,0x7C,0xEF,0x7C,0xEF,0x7C,0xEF,
    0x7C,0xEF,0x7C,0xEF,0x7C,0xEF,0x7C,0xEF,0x7C,0xEF,0x7C,0xEF,0x7C,0xEF,0x7C,0xEF,
    0x7C,0xEF,0x7C,0xEF,0x7C,0xEF,0x7C,0xEF,0x7C,0xEF,0x7C,0xEF,0x7C,0xEF,0x7C,0xEF,
    0xBD,0xF7,0xDE,0xFF,0x39,0xE7,0x39,0xE7,0x9C,0xF7,0x9B,0xF7,0x7B,0xF7,0xBE,0xF7,
    0xDF,0xFF,0xDE,0xFF,0xBE,0xF7,0xBE,0xF7,0xBE,0xF7,0x9E,0xF7,0xBE,0xF7,0xBE,0xF7,
    0xBE,0xF7,0xBE,0xF7,0xBE,0xF7,0xBE,0xF7,0xBE,0xF7,0xBE,0xF7,0xBE,0xF7,0xBE,0xF7,
    0xBE,0xF7,0xBE,0xF7,0xBE,0xF7,0xBE,0xF7,0xBE,0xF7,0xBE,0xF7,0xBD,0xF7,0xBD,0xF7,
    0xBE,0xF7,0x9D,0xF7,0xBD,0xF7,0x9D,0xF7,0x9D,0xF7,0x9D,0xF7,0x9D,0xF7,0x9D,0xF7,
    0x9D,0xF7,0x9D,0xF7,0x9D,0xF7,0x9D,0xF7,0x9D,0xF7,0x9D,0xF7,0x9D,0xF7,0x9D,0xF7,
    0x9D,0xF7,0xBD,0xF7,0xBD,0xF7,0xBD,0xF7,0xBD,0xF7,0xBD,0xF7,0xBD,0xF7,0xBD,0xF7,
    0xBD,0xF7,0xBD,0xF7,0xBD,0xF7,0xBD,0xF7,0xBD,0xF7,0xBD,0xF7,0xBD,0xF7,0xBD,0xF7,
    0xBD,0xF7,0xBD,0xF7,0xBD,0xF7,0xBD,0xF7,0xBD,0xF7,0xBD,0xF7,0xBD,0xF7,0xBD,0xF7,
    0xBD,0xF7,0xBD,0xF7,0xBD,0xF7,0xBD,0xF7,0xBD,0xF7,0xBD,0xF7,0xBD,0xF7,0xBD,0xF7,
    0xBD,0xF7,0xBD,0xF7,0xBD,0xF7,0xBD,0xF7,0xBD,0xF7,0xBD,0xF7,0xBD,0xF7,0xBD,0xF7,
    0xBD,0xF7,0xBD,0xF7,0xFE,0xFF,0x7A,0xEF,0x19,0xE7,0x3A,0xEF,0x9C,0xF7,0x9C,0xF7,
    0x9B,0xF7,0x7B,0xF7,0xDE,0xFF,0xDF,0xFF,0xDE,0xFF,0xDE,0xFF,0xDE,0xFF,0xDE,0xFF,
    0xDE,0xFF,0xBE,0xFF,0xBE,0xF7,0xBE,0xF7,0xBE,0xF7,0x9E,0xF7,0x9E,0xF7,0x9E,0xF7,
    0x9E,0xF7,0x9E,0xF7,0x9E,0xF7,0x9E,0xF7,0x9E,0xF7,0x9E,0xF7,0x9E,0xF7,0x9E,0xF7,
    0x9E,0xF7,0x9E,0xF7,0x9E,0xF7,0x9E,0xF7,0x9E,0xF7,0x9E,0xF7,0x9D,0xF7,0x9D,0xF7,
    0x9D,0xF7,0x9E,0xF7,0x9D,0xF7,0x9D,0xF7,0x9D,0xF7,0x9E,0xF7,0x9E,0xF7,0x9E,0xF7,
    0x9E,0xF7,0x9D,0xF7,0x9D,0xF7,0x9D,0xF7,0x9D,0xF7,0x9D,0xF7,0x9D,0xF7,0x9D,0xF7,
    0x9D,0xF7,0x9D,0xEF,0x9D,0xF7,0x9D,0xF7,0x9D,0xF7,0x9D,0xF7,0x9D,0xEF,0x7D,0xEF,
    0x7D,0xF7,0x9D,0xF7,0x9D,0xF7,0x9D,0xF7,0x7D,0xEF,0x7D,0xEF,0x7D,0xEF,0x7D,0xEF,
    0x9D,0xEF,0x9D,0xF7,0x9D,0xEF,0x9D,0xEF,0x7D,0xEF,0x9D,0xEF,0x9D,0xEF,0x9C,0xEF,
    0x7C,0xEF,0x7C,0xEF,0x7C,0xEF,0x7C,0xEF,0x9C,0xEF,0x9C,0xEF,0x7C,0xEF,0x9C,0xEF,
    0x9C,0xEF,0xBD,0xF7,0xDE,0xFF,0xFE,0xFF,0x7B,0xEF,0x18,0xE7,0x3A,0xE7,0x5A,0xEF,
    0x9C,0xF7,0x9C,0xF7,0x9C,0xF7,0x9B,0xF7,0x5A,0xEF,0x9C,0xF7,0xDE,0xFF,0xFE,0xFF,
    0xFF,0xFF,0xFF,0xFF,0xFE,0xFF,0xFE,0xFF,0xFF,0xFF,0xFF,0xFF,0xFF,0xFF,0xFF,0xFF,
    0xFF,0xFF,0xFF,0xFF,0xFF,0xFF,0xFF,0xFF,0xFF,0xFF,0xFF,0xFF,0xFF,0xFF,0xFF,0xFF,
    0xFE,0xFF,0xFE,0xFF,0xFE,0xFF,0xFE,0xFF,0xFE,0xFF,0xFE,0xFF,0xFE,0xFF,0xFE,0xFF,
    0xFE,0xFF,0xFE,0xFF,0xFE,0xFF,0xFE,0xFF,0xFE,0xFF,0xFE,0xFF,0xFE,0xFF,0xFE,0xFF,
    0xFE,0xFF,0xFE,0xFF,0xFE,0xFF,0xFE,0xFF,0xFE,0xFF,0xFE,0xFF,0xFE,0xFF,0xFD,0xFF,
    0xDD,0xFF,0xDD,0xFF,0xFD,0xFF,0xDD,0xFF,0xFD,0xFF,0xDD,0xFF,0xDD,0xFF,0xDD,0xFF,
    0xDD,0xFF,0xDD,0xFF,0xFD,0xFF,0xFD,0xFF,0xFD,0xFF,0xFD,0xFF,0xFD,0xFF,0xFD,0xFF,
    0xFD,0xFF,0xFD,0xFF,0xDD,0xFF,0xFD,0xFF,0xFD,0xFF,0xFD,0xFF,0xFD,0xFF,0xFD,0xFF,
    0xFD,0xFF,0xFD,0xFF,0xFD,0xFF,0xFD,0xFF,0xDD,0xFF,0xDD,0xFF,0xFD,0xFF,0xFD,0xFF,
    0xFD,0xFF,0xFD,0xFF,0xFD,0xFF,0xDD,0xFF,0xBC,0xFF,0x5A,0xEF,0x19,0xE7,0x3A,0xE7,
    0x5A,0xEF,0x5B,0xEF,0x9C,0xF7,0x9C,0xF7,0x9C,0xF7,0x9C,0xF7,0x7B,0xEF,0x59,0xEF,
    0x39,0xEF,0x5A,0xEF,0x5A,0xEF,0x5A,0xEF,0x5A,0xEF,0x5A,0xEF,0x5A,0xEF,0x5A,0xEF,
    0x5A,0xEF,0x5A,0xEF,0x5A,0xEF,0x5A,0xEF,0x5A,0xEF,0x5A,0xEF,0x5A,0xEF,0x5A,0xEF,
    0x5A,0xEF,0x5A,0xEF,0x5A,0xEF,0x5A,0xEF,0x5A,0xEF,0x5A,0xEF,0x5A,0xEF,0x5A,0xEF,
    0x5A,0xEF,0x5A,0xEF,0x5A,0xEF,0x5A,0xEF,0x5A,0xEF,0x5A,0xEF,0x5A,0xEF,0x5A,0xEF,
    0x5A,0xEF,0x5A,0xEF,0x5A,0xEF,0x5A,0xEF,0x5A,0xEF,0x5A,0xEF,0x5A,0xEF,0x5A,0xEF,
    0x5A,0xEF,0x5A,0xEF,0x5A,0xEF,0x5A,0xEF,0x59,0xEF,0x5A,0xEF,0x5A,0xEF,0x5A,0xEF,
    0x5A,0xEF,0x5A,0xEF,0x5A,0xEF,0x5A,0xEF,0x5A,0xEF,0x5A,0xEF,0x5A,0xEF,0x5A,0xEF,
    0x5A,0xEF,0x5A,0xEF,0x59,0xEF,0x59,0xEF,0x59,0xEF,0x5A,0xEF,0x5A,0xEF,0x59,0xEF,
    0x59,0xEF,0x5A,0xEF,0x5A,0xEF,0x5A,0xEF,0x5A,0xEF,0x5A,0xEF,0x5A,0xEF,0x5A,0xEF,
    0x5A,0xEF,0x5A,0xEF,0x5A,0xEF,0x5A,0xEF,0x5A,0xEF,0x39,0xE7,0x19,0xE7,0x19,0xE7,
    0x3A,0xE7,0x5A,0xEF,0x5B,0xEF,0x7B,0xEF,
};
const lv_image_dsc_t ui_img_environment_v3_humidity_card = {
    .header = { .magic = LV_IMAGE_HEADER_MAGIC, .cf = LV_COLOR_FORMAT_RGB565,
                .flags = 0, .w = 90, .h = 46, .stride = 180, .reserved_2 = 0 },
    .data_size = sizeof(ui_img_environment_v3_humidity_card_data), .data = ui_img_environment_v3_humidity_card_data, .reserved = NULL,
};

static const LV_ATTRIBUTE_MEM_ALIGN uint8_t ui_img_environment_v3_iaq_card_data[] = {
    0xBD,0xFF,0xBD,0xFF,0xBC,0xFF,0x9C,0xFF,0x9B,0xF7,0x9C,0xFF,0xBD,0xF7,0xBC,0xF7,
    0xBC,0xF7,0xBC,0xF7,0xBC,0xF7,0xBC,0xF7,0xBC,0xF7,0xBC,0xF7,0xBC,0xF7,0xBC,0xF7,
    0xBC,0xF7,0x9C,0xF7,0xBC,0xF7,0x9C,0xF7,0x9C,0xF7,0xBC,0xF7,0x9C,0xF7,0x9C,0xF7,
    0x9C,0xF7,0x9C,0xF7,0xBC,0xF7,0xBC,0xF7,0xBC,0xF7,0xBC,0xF7,0xBC,0xF7,0xBC,0xF7,
    0xBC,0xF7,0xBC,0xF7,0xBC,0xF7,0xBC,0xF7,0xBC,0xF7,0x9C,0xF7,0x9C,0xF7,0x9C,0xF7,
    0x9C,0xF7,0x9C,0xF7,0x9C,0xEF,0x9C,0xEF,0x9C,0xEF,0x9C,0xEF,0x9C,0xF7,0x9C,0xF7,
    0xBC,0xF7,0xBC,0xF7,0xBC,0xF7,0xBC,0xF7,0xBC,0xF7,0xBC,0xF7,0x9C,0xF7,0xBC,0xF7,
    0xBC,0xF7,0x9C,0xF7,0xBC,0xF7,0xBC,0xF7,0xBC,0xF7,0x9C,0xF7,0x9C,0xF7,0x9C,0xF7,
    0xBC,0xF7,0xBC,0xF7,0xBC,0xF7,0xBC,0xF7,0xBC,0xF7,0xBC,0xF7,0xBC,0xF7,0xBC,0xF7,
    0xBC,0xF7,0xBD,0xF7,0xBC,0xF7,0xBC,0xF7,0xBD,0xF7,0xBD,0xF7,0xBD,0xF7,0xBD,0xF7,
    0xBD,0xF7,0xBD,0xF7,0xBD,0xF7,0x9C,0xF7,0x7B,0xF7,0x9B,0xF7,0x9C,0xF7,0x9C,0xF7,
    0xBD,0xFF,0xBC,0xFF,0x9C,0xFF,0x9B,0xF7,0xBD,0xFF,0xDD,0xF7,0xBC,0xF7,0xBC,0xF7,
    0xDD,0xF7,0xDD,0xF7,0xDD,0xF7,0xDD,0xF7,0xDD,0xF7,0xDD,0xF7,0xDE,0xF7,0xDE,0xF7,
    0xDD,0xF7,0xDD,0xF7,0xDD,0xF7,0xDD,0xF7,0xDD,0xF7,0xDD,0xF7,0xDD,0xF7,0xDD,0xF7,
    0xDD,0xF7,0xDD,0xF7,0xDD,0xF7,0xDD,0xF7,0xDD,0xF7,0xDD,0xF7,0xDD,0xF7,0xDD,0xF7,
    0xDE,0xF7,0xDE,0xF7,0xDE,0xF7,0xDE,0xF7,0xDE,0xF7,0xDE,0xF7,0xDE,0xF7,0xDE,0xF7,
    0xDD,0xF7,0xDE,0xF7,0xDD,0xF7,0xDD,0xF7,0xBD,0xF7,0xBD,0xF7,0xBD,0xF7,0xDD,0xF7,
    0xDE,0xF7,0xDE,0xFF,0xDE,0xFF,0xDE,0xFF,0xDE,0xFF,0xDE,0xF7,0xDE,0xF7,0xDE,0xF7,
    0xDD,0xF7,0xDD,0xF7,0xDD,0xF7,0xDD,0xF7,0xDD,0xF7,0xDE,0xF7,0xDE,0xF7,0xDE,0xF7,
    0xDD,0xF7,0xDE,0xF7,0xDE,0xF7,0xDE,0xF7,0xDE,0xF7,0xDE,0xF7,0xDE,0xFF,0xDE,0xFF,
    0xDE,0xFF,0xDE,0xFF,0xDE,0xFF,0xDE,0xFF,0xDE,0xFF,0xDE,0xFF,0xDE,0xFF,0xDE,0xFF,
    0xDE,0xFF,0xDE,0xFF,0xDE,0xFF,0xFF,0xFF,0xBD,0xF7,0x7B,0xF7,0x9B,0xF7,0x9B,0xF7,
    0xBD,0xFF,0xBC,0xFF,0x9B,0xF7,0xDE,0xFF,0xDD,0xF7,0xBC,0xF7,0xBD,0xFF,0xBD,0xFF,
    0xBD,0xF7,0xBD,0xF7,0xBD,0xFF,0xBD,0xFF,0xBD,0xFF,0xBD,0xFF,0xBD,0xFF,0xBD,0xFF,
    0xBD,0xFF,0xBD,0xFF,0xBD,0xFF,0xBD,0xFF,0xBD,0xFF,0xDD,0xFF,0xBD,0xFF,0xBD,0xFF,
    0xDD,0xFF,0xDD,0xFF,0xDD,0xFF,0xDD,0xFF,0xDD,0xFF,0xDD,0xFF,0xDD,0xFF,0xDD,0xFF,
    0xDD,0xFF,0xDE,0xFF,0xDE,0xFF,0xDE,0xFF,0xDE,0xFF,0xDE,0xFF,0xDE,0xFF,0xDE,0xFF,
    0xDE,0xFF,0xDE,0xFF,0xDE,0xFF,0xDE,0xFF,0xDE,0xFF,0xDE,0xFF,0xDD,0xFF,0xDD,0xFF,
    0xDD,0xFF,0xDD,0xFF,0xDD,0xFF,0xDD,0xFF,0xDD,0xFF,0xDD,0xFF,0xDD,0xFF,0xDD,0xFF,
    0xDD,0xFF,0xDD,0xFF,0xDD,0xFF,0xDD,0xFF,0xDE,0xFF,0xDD,0xFF,0xDE,0xFF,0xDE,0xFF,
    0xDE,0xFF,0xDE,0xFF,0xDE,0xFF,0xDE,0xFF,0xDE,0xFF,0xDE,0xFF,0xDE,0xFF,0xDE,0xFF,
    0xDE,0xFF,0xDE,0xFF,0xDE,0xFF,0xDE,0xFF,0xDE,0xFF,0xDE,0xFF,0xDE,0xFF,0xDE,0xFF,
    0xDE,0xFF,0xDE,0xFF,0xFE,0xFF,0xDE,0xFF,0xFF,0xFF,0xBD,0xF7,0x7B,0xF7,0x9B,0xF7,
    0xBD,0xFF,0x9C,0xFF,0xBC,0xFF,0xDE,0xFF,0xBC,0xF7,0xBD,0xF7,0x9C,0xF7,0xBC,0xF7,
    0xBC,0xF7,0xBC,0xF7,0xBC,0xF7,0xBC,0xF7,0xBC,0xF7,0xBC,0xF7,0xBC,0xF7,0xBC,0xF7,
    0xBD,0xF7,0xBD,0xF7,0xBD,0xF7,0xBD,0xF7,0xBD,0xF7,0xBD,0xF7,0xBD,0xF7,0xBD,0xF7,
    0xBD,0xF7,0xBD,0xF7,0xBD,0xFF,0xBD,0xFF,0xBD,0xF7,0xBD,0xF7,0xBD,0xFF,0xBD,0xFF,
    0xBD,0xFF,0xBD,0xFF,0xBD,0xFF,0xDD,0xFF,0xBD,0xFF,0xDD,0xFF,0xDD,0xFF,0xDD,0xFF,
    0xDD,0xFF,0xBD,0xFF,0xBD,0xFF,0xBD,0xFF,0xBD,0xFF,0xBD,0xF7,0xBD,0xFF,0xBD,0xFF,
    0xBD,0xFF,0xBD,0xF7,0xBD,0xF7,0xBD,0xF7,0xBD,0xF7,0xBD,0xF7,0xBD,0xFF,0xBD,0xF7,
    0xBD,0xFF,0xBD,0xFF,0xBD,0xFF,0xBD,0xFF,0xBD,0xFF,0xBD,0xFF,0xBD,0xFF,0xDD,0xFF,
    0xBD,0xFF,0xBD,0xFF,0xBD,0xFF,0xBD,0xFF,0xBD,0xFF,0xDD,0xFF,0xDD,0xFF,0xBD,0xFF,
    0xDD,0xFF,0xDD,0xFF,0xDD,0xFF,0xDD,0xFF,0xDD,0xFF,0xDE,0xFF,0xDE,0xFF,0xDE,0xFF,
    0xDE,0xFF,0xDE,0xFF,0xDE,0xFF,0xDE,0xFF,0xDE,0xFF,0xFF,0xFF,0x9C,0xF7,0x7B,0xF7,
    0xBC,0xFF,0x9B,0xF7,0xDE,0xFF,0xBC,0xF7,0xBC,0xF7,0xBC,0xF7,0x9C,0xF7,0x9C,0xF7,
    0x9C,0xF7,0xBC,0xF7,0xBC,0xF7,0xBC,0xF7,0xBC,0xF7,0xBC,0xF7,0xBC,0xF7,0xBC,0xF7,
    0xBC,0xF7,0xBC,0xF7,0xBC,0xF7,0xBC,0xF7,0xBD,0xF7,0xBD,0xF7,0xBD,0xF7,0xBD,0xF7,
    0xBD,0xF7,0xBD,0xF7,0xBD,0xF7,0xBD,0xF7,0xBD,0xF7,0xBD,0xF7,0xBD,0xF7,0xBD,0xF7,
    0xBD,0xFF,0xBD,0xFF,0xBD,0xFF,0xBD,0xFF,0xBD,0xFF,0xBD,0xFF,0xBD,0xFF,0xBD,0xFF,
    0xBD,0xFF,0xBD,0xFF,0xBD,0xFF,0xBD,0xFF,0xBD,0xFF,0xBD,0xF7,0xBD,0xF7,0xBD,0xF7,
    0xBD,0xF7,0xBD,0xF7,0xBD,0xF7,0xBD,0xF7,0xBD,0xFF,0xBD,0xF7,0xBD,0xF7,0xBD,0xF7,
    0xBD,0xF7,0xBD,0xF7,0xBD,0xFF,0xBD,0xFF,0xBD,0xFF,0xBD,0xFF,0xBD,0xF7,0xBD,0xF7,
    0xBD,0xF7,0xBD,0xFF,0xBD,0xFF,0xBD,0xFF,0xBD,0xFF,0xBD,0xFF,0xBD,0xFF,0xBD,0xFF,
    0xBD,0xFF,0xBD,0xFF,0xDD,0xFF,0xDD,0xFF,0xDD,0xFF,0xDD,0xFF,0xDD,0xFF,0xDE,0xFF,
    0xDE,0xFF,0xDE,0xFF,0xDE,0xFF,0xDE,0xFF,0xDE,0xFF,0xDE,0xFF,0xDE,0xFF,0x7A,0xEF,
    0x9C,0xFF,0x9C,0xF7,0xBD,0xF7,0x9B,0xF7,0xBC,0xF7,0x9C,0xF7,0x9C,0xF7,0x9C,0xF7,
    0x9C,0xF7,0x9C,0xF7,0x9C,0xF7,0x9C,0xF7,0x9C,0xF7,0x9C,0xF7,0x9C,0xF7,0xBC,0xF7,
    0xBC,0xF7,0x9C,0xF7,0xBC,0xF7,0xBC,0xF7,0xBC,0xF7,0xBC,0xF7,0xBC,0xF7,0xBC,0xF7,
    0xBC,0xF7,0xBD,0xF7,0xBD,0xF7,0xBD,0xF7,0xBD,0xF7,0xBD,0xF7,0xBD,0xF7,0xBD,0xFF,
    0xBD,0xFF,0xBD,0xFF,0xBD,0xFF,0xBD,0xFF,0xBD,0xFF,0xBD,0xFF,0xBD,0xFF,0xBD,0xFF,
    0xBD,0xFF,0xBD,0xFF,0xBD,0xFF,0xBD,0xFF,0xBD,0xFF,0xBD,0xFF,0xBD,0xFF,0xBD,0xFF,
    0xBD,0xF7,0xBD,0xFF,0xBD,0xFF,0xBD,0xF7,0xBD,0xFF,0xBD,0xF7,0xBD,0xF7,0xBD,0xFF,
    0xBD,0xF7,0xBD,0xF7,0xBD,0xFF,0xBD,0xFF,0xBD,0xFF,0xBD,0xFF,0xBD,0xF7,0xBD,0xF7,
    0xBD,0xF7,0xBD,0xF7,0xBD,0xF7,0xBD,0xFF,0xBD,0xF7,0xBD,0xF7,0xBD,0xFF,0xBD,0xF7,
    0xBD,0xFF,0xBD,0xF7,0xBD,0xFF,0xBD,0xFF,0xBD,0xFF,0xDD,0xFF,0xDD,0xFF,0xDE,0xFF,
    0xDE,0xFF,0xDE,0xFF,0xDE,0xFF,0xDE,0xFF,0xDE,0xFF,0xDE,0xFF,0xFF,0xFF,0x7B,0xEF,
    0x9C,0xFF,0x9C,0xF7,0xBD,0xF7,0x9B,0xF7,0xBC,0xF7,0x9C,0xF7,0x9C,0xF7,0x9C,0xF7,
    0x9C,0xF7,0x9C,0xF7,0x9C,0xF7,0x9C,0xF7,0x9C,0xF7,0x9C,0xF7,0x9C,0xF7,0x9C,0xF7,
    0x9C,0xF7,0x9C,0xF7,0x9C,0xF7,0x9C,0xF7,0xBC,0xF7,0xBC,0xF7,0xBC,0xF7,0xBC,0xF7,
    0xBC,0xF7,0xBC,0xF7,0xBC,0xF7,0xBC,0xF7,0xBD,0xF7,0xBD,0xF7,0xBD,0xF7,0xBD,0xF7,
    0xBD,0xF7,0xBD,0xFF,0xBD,0xFF,0xBD,0xFF,0xBD,0xF7,0xBD,0xFF,0xDD,0xFF,0xBD,0xFF,
    0xBD,0xFF,0xBD,0xFF,0xBD,0xF7,0xBD,0xFF,0xBD,0xFF,0xBD,0xFF,0xBD,0xFF,0xBD,0xF7,
    0xBD,0xF7,0xBD,0xFF,0xBD,0xF7,0xBD,0xF7,0xBD,0xFF,0xBD,0xF7,0xBD,0xFF,0xBD,0xFF,
    0xBD,0xFF,0xBD,0xFF,0xBD,0xFF,0xBD,0xFF,0xBD,0xFF,0xBD,0xFF,0xBD,0xF7,0xBD,0xF7,
    0xBD,0xF7,0xBD,0xF7,0xBD,0xF7,0xBD,0xF7,0xBD,0xF7,0xBD,0xF7,0xBD,0xF7,0xBD,0xF7,
    0xBD,0xF7,0xBD,0xF7,0xBD,0xF7,0xBD,0xFF,0xBD,0xFF,0xBD,0xFF,0xDD,0xFF,0xDD,0xFF,
    0xDE,0xFF,0xDE,0xFF,0xDE,0xFF,0xDE,0xFF,0xDE,0xFF,0xDE,0xFF,0xFF,0xFF,0x7B,0xEF,
    0x9B,0xF7,0x7C,0xF7,0xBC,0xF7,0x9C,0xF7,0xBC,0xF7,0x9C,0xF7,0x9C,0xF7,0x9C,0xF7,
    0x9C,0xF7,0x9C,0xF7,0x9C,0xF7,0x9C,0xF7,0x9C,0xF7,0x9C,0xF7,0x9C,0xF7,0x9C,0xF7,
    0xBD,0xF7,0xDD,0xFF,0xDE,0xFF,0xDE,0xFF,0xDE,0xFF,0xDE,0xFF,0xDD,0xFF,0xBD,0xFF,
    0xBD,0xF7,0xBC,0xF7,0xBC,0xF7,0xBC,0xF7,0xBC,0xF7,0xBD,0xF7,0xBD,0xF7,0xBD,0xF7,
    0xBD,0xF7,0xBD,0xF7,0xBD,0xF7,0xBD,0xF7,0xBD,0xFF,0xBD,0xFF,0xBD,0xFF,0xDD,0xFF,
    0xBD,0xFF,0xBD,0xFF,0xFE,0xFF,0xFE,0xFF,0xBD,0xFF,0xBD,0xFF,0xBD,0xF7,0xFE,0xFF,
    0xFE,0xFF,0xDD,0xFF,0xDE,0xFF,0xDD,0xFF,0xBD,0xFF,0xBD,0xFF,0xBD,0xF7,0xBD,0xF7,
    0xBD,0xF7,0xBD,0xF7,0xBD,0xF7,0xBD,0xFF,0xBD,0xF7,0xBD,0xF7,0xBD,0xF7,0xBD,0xF7,
    0xBD,0xF7,0xBD,0xF7,0xBD,0xF7,0xBD,0xF7,0xBD,0xF7,0xBD,0xF7,0xBD,0xF7,0xBD,0xF7,
    0xBD,0xFF,0xBD,0xF7,0xBD,0xF7,0xBD,0xFF,0xBD,0xFF,0xBD,0xFF,0xDD,0xFF,0xDD,0xFF,
    0xDD,0xFF,0xDE,0xFF,0xDE,0xFF,0xDE,0xFF,0xDE,0xFF,0xDE,0xFF,0xFF,0xFF,0x7B,0xEF,
    0x7B,0xF7,0x7B,0xF7,0xBC,0xF7,0x9C,0xF7,0xBC,0xF7,0x9C,0xF7,0x9C,0xF7,0x9C,0xF7,
    0x9C,0xF7,0x9C,0xF7,0x9C,0xF7,0x9C,0xF7,0x9C,0xF7,0x9C,0xF7,0xDE,0xFF,0xDE,0xFF,
    0xDD,0xFF,0xBC,0xF7,0xBB,0xF7,0x9B,0xF7,0x9B,0xF7,0x9B,0xF7,0xBC,0xF7,0xBC,0xF7,
    0xDD,0xFF,0xDD,0xFF,0xBD,0xF7,0xBC,0xF7,0xBC,0xF7,0xBC,0xF7,0xBC,0xF7,0xBD,0xF7,
    0xBD,0xF7,0xBD,0xF7,0xBD,0xF7,0xBD,0xFF,0xDD,0xFF,0xBD,0xFF,0xDD,0xFF,0xDD,0xFF,
    0xFE,0xFF,0xDE,0xFF,0x78,0xCE,0x99,0xD6,0xDD,0xFF,0xDE,0xFF,0xDE,0xFF,0x99,0xD6,
    0x99,0xD6,0x7C,0xF7,0x5B,0xEF,0x9C,0xF7,0xDD,0xFF,0xBD,0xFF,0xDE,0xFF,0xDD,0xFF,
    0xBD,0xF7,0xFE,0xFF,0xFE,0xFF,0xDD,0xFF,0xDD,0xFF,0xFE,0xFF,0xBD,0xF7,0xFE,0xFF,
    0xDD,0xFF,0xBD,0xF7,0xBD,0xFF,0xBD,0xF7,0xBD,0xF7,0xBD,0xF7,0xBD,0xF7,0xBD,0xF7,
    0xBD,0xF7,0xBD,0xF7,0xBD,0xFF,0xBD,0xFF,0xBD,0xFF,0xBD,0xFF,0xBD,0xFF,0xDD,0xFF,
    0xDD,0xFF,0xDE,0xFF,0xDE,0xFF,0xDE,0xFF,0xDE,0xFF,0xDE,0xFF,0xFF,0xFF,0x5A,0xEF,
    0x7B,0xF7,0x7C,0xF7,0xBC,0xF7,0x9C,0xF7,0xBC,0xF7,0x9C,0xF7,0x9C,0xF7,0x9C,0xF7,
    0x9C,0xF7,0x9C,0xF7,0x9C,0xF7,0x9C,0xF7,0xBD,0xFF,0xFE,0xFF,0xBD,0xF7,0x9B,0xEF,
    0x7A,0xEF,0x79,0xEF,0x59,0xEF,0x79,0xEF,0x7A,0xEF,0x7A,0xEF,0x7A,0xEF,0x7A,0xEF,
    0x9B,0xF7,0xBC,0xF7,0xDD,0xFF,0xBD,0xFF,0x9C,0xF7,0xBC,0xF7,0xBC,0xF7,0xBC,0xF7,
    0xBD,0xF7,0xBD,0xF7,0xBD,0xF7,0xBD,0xFF,0xBD,0xFF,0xDD,0xFF,0xBD,0xF7,0xFF,0xFF,
    0x34,0xA5,0x92,0x8C,0xEF,0x7B,0xCF,0x7B,0x50,0x8C,0x13,0xA5,0xFF,0xFF,0x6D,0x6B,
    0xEF,0x7B,0x71,0x8C,0xEF,0x7B,0xB5,0xB5,0xDE,0xFF,0xFF,0xFF,0x38,0xC6,0xD6,0xBD,
    0xFF,0xFF,0x33,0xA5,0x54,0xA5,0xFF,0xFF,0xDE,0xFF,0xF3,0x9C,0xAE,0x73,0xB1,0x94,
    0xBD,0xF7,0xDD,0xFF,0xBD,0xF7,0xBD,0xF7,0xBD,0xF7,0xBD,0xF7,0xBD,0xF7,0xBD,0xF7,
    0xBD,0xF7,0xBD,0xF7,0xBD,0xF7,0xBD,0xFF,0xBD,0xFF,0xBD,0xFF,0xDD,0xFF,0xDD,0xFF,
    0xDD,0xFF,0xDE,0xFF,0xDE,0xFF,0xDE,0xFF,0xDE,0xFF,0xDD,0xF7,0xFF,0xFF,0x5A,0xEF,
    0x7B,0xF7,0x7C,0xF7,0xBC,0xF7,0x9C,0xF7,0xBC,0xF7,0x9C,0xF7,0x9C,0xF7,0x9C,0xF7,
    0x9C,0xF7,0x9C,0xF7,0x9C,0xF7,0xDE,0xFF,0xDE,0xFF,0x9A,0xEF,0x59,0xEF,0x59,0xEF,
    0x79,0xEF,0x79,0xEF,0x79,0xEF,0x7A,0xEF,0x7A,0xEF,0x7A,0xEF,0x7A,0xEF,0x7A,0xEF,
    0x9A,0xEF,0x9A,0xEF,0x9B,0xF7,0xBD,0xF7,0xDD,0xFF,0xBC,0xF7,0xBC,0xF7,0xBC,0xF7,
    0xBC,0xF7,0xBD,0xF7,0xBD,0xF7,0xBD,0xFF,0xBD,0xFF,0xDD,0xFF,0xBD,0xFF,0xFE,0xFF,
    0x95,0xB5,0xB2,0x94,0x58,0xCE,0x59,0xCE,0x71,0x8C,0xF7,0xBD,0x95,0xB5,0xEF,0x7B,
    0x34,0xA5,0xD3,0x9C,0xF3,0x9C,0x1B,0xE7,0xDD,0xFF,0xFE,0xFF,0x54,0xAD,0x13,0xA5,
    0xFF,0xFF,0x8E,0x6B,0x4D,0x63,0xFE,0xFF,0xB5,0xB5,0x30,0x84,0x9E,0xF7,0xB2,0x94,
    0x34,0xA5,0xFF,0xFF,0xBD,0xF7,0xBD,0xF7,0xBD,0xF7,0xBD,0xF7,0xBD,0xF7,0xBD,0xF7,
    0xBD,0xF7,0xBD,0xF7,0xBD,0xF7,0xBD,0xFF,0xBD,0xFF,0xDD,0xFF,0xDD,0xFF,0xDD,0xFF,
    0xDD,0xFF,0xDE,0xFF,0xDE,0xFF,0xDE,0xFF,0xDE,0xFF,0xBD,0xF7,0xFF,0xFF,0x5A,0xEF,
    0x9B,0xF7,0x9C,0xF7,0xBC,0xF7,0x9C,0xF7,0xBC,0xF7,0x9C,0xF7,0x9C,0xF7,0x9C,0xF7,
    0x9C,0xF7,0x9C,0xF7,0xDE,0xFF,0xBD,0xF7,0x59,0xEF,0x59,0xE7,0x59,0xE7,0x59,0xEF,
    0x79,0xEF,0x79,0xEF,0x79,0xEF,0x7A,0xEF,0x7A,0xEF,0x7A,0xEF,0x7A,0xEF,0x7A,0xEF,
    0x9A,0xEF,0x7A,0xEF,0x9A,0xEF,0x9B,0xF7,0xBC,0xF7,0xDD,0xFF,0xBC,0xF7,0xBC,0xF7,
    0xBC,0xF7,0xBD,0xF7,0xBD,0xF7,0xBD,0xF7,0xBD,0xFF,0xBD,0xFF,0xBD,0xF7,0xFE,0xFF,
    0x17,0xC6,0x6D,0x6B,0xF7,0xBD,0x38,0xC6,0xCF,0x7B,0x38,0xC6,0x3B,0xE7,0xD2,0x9C,
    0xB2,0x94,0xD3,0x94,0x92,0x8C,0xBD,0xF7,0xBD,0xF7,0xFE,0xFF,0x74,0xAD,0x96,0xB5,
    0xFB,0xDE,0x13,0x9D,0xD3,0x9C,0x78,0xCE,0x91,0x8C,0x38,0xC6,0xFF,0xFF,0x1C,0xE7,
    0x0F,0x84,0xFE,0xFF,0xBD,0xF7,0xBD,0xF7,0xBD,0xF7,0xBD,0xF7,0xBD,0xF7,0xBD,0xF7,
    0xBD,0xF7,0xBD,0xF7,0xBD,0xF7,0xBD,0xFF,0xBD,0xFF,0xBD,0xFF,0xDD,0xFF,0xDD,0xFF,
    0xDD,0xFF,0xDD,0xFF,0xDE,0xFF,0xDE,0xFF,0xDE,0xFF,0xBD,0xF7,0xFF,0xFF,0x5A,0xEF,
    0x9B,0xF7,0x9C,0xF7,0xBC,0xF7,0xBC,0xF7,0x9C,0xF7,0x9C,0xF7,0x9C,0xF7,0x9C,0xF7,
    0x9C,0xF7,0xDE,0xFF,0xBD,0xF7,0x59,0xE7,0x59,0xE7,0x59,0xE7,0x59,0xE7,0x59,0xEF,
    0x79,0xEF,0x7A,0xEF,0x7A,0xEF,0x7A,0xEF,0x7A,0xEF,0x7A,0xEF,0x7A,0xEF,0x7A,0xEF,
    0x9A,0xEF,0xBC,0xFF,0x9B,0xF7,0x9B,0xEF,0x9A,0xF7,0xBC,0xF7,0xBD,0xFF,0xBC,0xF7,
    0xBC,0xF7,0xBC,0xF7,0xBD,0xF7,0xBD,0xF7,0xBD,0xFF,0xBD,0xFF,0xBD,0xFF,0xBD,0xFF,
    0xDE,0xFF,0x99,0xD6,0xCF,0x7B,0x0F,0x84,0x79,0xCE,0xFF,0xFF,0xDE,0xFF,0x9C,0xF7,
    0x7C,0xF7,0xBD,0xF7,0x50,0x8C,0x5C,0xEF,0xBD,0xF7,0xFF,0xFF,0x95,0xB5,0xF6,0xBD,
    0x54,0xA5,0x2C,0x63,0x0C,0x63,0xD3,0x9C,0xD3,0x9C,0xD5,0xB5,0xFF,0xFF,0x75,0xAD,
    0x50,0x8C,0xFE,0xFF,0xBD,0xF7,0xBD,0xF7,0xBD,0xF7,0xBD,0xF7,0xBD,0xF7,0xBD,0xF7,
    0xBD,0xF7,0xBD,0xF7,0xBD,0xF7,0xBD,0xF7,0xBD,0xF7,0xBD,0xFF,0xDD,0xFF,0xDD,0xFF,
    0xDD,0xFF,0xDD,0xFF,0xDD,0xFF,0xDE,0xFF,0xDE,0xFF,0xBD,0xF7,0xFF,0xFF,0x5A,0xEF,
    0x9B,0xF7,0x9C,0xF7,0xBC,0xF7,0x9C,0xF7,0x9C,0xF7,0x9C,0xF7,0x9C,0xF7,0x9C,0xF7,
    0xBD,0xF7,0xDD,0xFF,0x59,0xEF,0x58,0xE7,0x59,0xE7,0x59,0xE7,0x59,0xEF,0x79,0xEF,
    0x7A,0xEF,0x7A,0xEF,0x7A,0xEF,0x7A,0xEF,0x9A,0xEF,0x9B,0xF7,0xBB,0xF7,0xDC,0xFF,
    0xBB,0xF7,0x73,0xB6,0x38,0xDF,0xBB,0xF7,0x9A,0xEF,0xBB,0xF7,0xBD,0xF7,0xBD,0xF7,
    0xBC,0xF7,0xBC,0xF7,0xBD,0xF7,0xBD,0xF7,0xBD,0xFF,0xBD,0xFF,0xBD,0xFF,0xDE,0xFF,
    0xDA,0xDE,0x99,0xCE,0x70,0x8C,0x91,0x94,0x99,0xD6,0xDA,0xDE,0xDE,0xFF,0xDD,0xFF,
    0xBD,0xF7,0xFE,0xFF,0x91,0x8C,0xAE,0x73,0x7C,0xEF,0xFF,0xFF,0x96,0xB5,0x13,0xA5,
    0x30,0x84,0xD9,0xDE,0x1B,0xE7,0xEF,0x7B,0x79,0xCE,0x8D,0x6B,0x13,0x9D,0x86,0x29,
    0xB6,0xB5,0xFE,0xFF,0xBD,0xF7,0xBD,0xF7,0xBD,0xF7,0xBD,0xF7,0xBD,0xF7,0xBD,0xF7,
    0xBD,0xF7,0xBD,0xF7,0xBD,0xF7,0xBD,0xF7,0xBD,0xF7,0xBD,0xFF,0xBD,0xFF,0xDD,0xFF,
    0xDD,0xFF,0xDD,0xFF,0xDD,0xFF,0xDD,0xFF,0xDE,0xFF,0xBD,0xF7,0xFF,0xFF,0x5A,0xEF,
    0x9B,0xF7,0x9C,0xF7,0xBD,0xF7,0xBC,0xF7,0xBC,0xF7,0x9C,0xF7,0x9C,0xF7,0x9C,0xF7,
    0xDE,0xFF,0x7A,0xEF,0x59,0xE7,0x59,0xE7,0x59,0xE7,0x59,0xE7,0x79,0xEF,0x79,0xEF,
    0x79,0xEF,0x9A,0xEF,0xBC,0xF7,0xDD,0xFF,0x9B,0xEF,0x58,0xDF,0x16,0xCF,0x52,0xAE,
    0x2A,0x75,0x23,0x34,0x53,0xB6,0xBC,0xFF,0x9B,0xEF,0x9B,0xF7,0xBC,0xF7,0xBD,0xF7,
    0xBC,0xF7,0xBC,0xF7,0xBD,0xF7,0xBD,0xF7,0xBD,0xFF,0xBD,0xFF,0xBD,0xFF,0xDE,0xFF,
    0x58,0xCE,0x13,0xA5,0x75,0xAD,0x75,0xAD,0x34,0xA5,0x78,0xCE,0xDE,0xFF,0xBD,0xF7,
    0xBD,0xF7,0xFE,0xFF,0x78,0xCE,0xD2,0x94,0xFE,0xFF,0xDE,0xFF,0x5C,0xEF,0xDA,0xDE,
    0xDA,0xDE,0xDD,0xFF,0xFE,0xFF,0xFA,0xDE,0xBD,0xF7,0xD9,0xDE,0x54,0xA5,0xD6,0xB5,
    0x17,0xC6,0xFE,0xFF,0xBD,0xF7,0xBD,0xF7,0xBD,0xF7,0xBD,0xF7,0xBD,0xF7,0xBD,0xF7,
    0xBD,0xF7,0xBD,0xF7,0xBD,0xF7,0xBD,0xF7,0xBD,0xFF,0xBD,0xFF,0xBD,0xF7,0xDD,0xFF,
    0xDD,0xFF,0xDD,0xFF,0xDD,0xFF,0xDD,0xFF,0xDE,0xFF,0xBD,0xF7,0xFF,0xFF,0x5B,0xEF,
    0x9B,0xF7,0x9C,0xF7,0xBD,0xF7,0xBC,0xF7,0xBC,0xF7,0x9C,0xF7,0x9B,0xF7,0xDD,0xFF,
    0xBC,0xF7,0x59,0xE7,0x59,0xE7,0x59,0xE7,0x59,0xE7,0x79,0xEF,0x79,0xEF,0x9A,0xEF,
    0xBB,0xF7,0x79,0xE7,0x16,0xC7,0x50,0x9E,0x6A,0x6D,0x27,0x5D,0xE5,0x4C,0x84,0x44,
    0x44,0x44,0x44,0x44,0xB5,0xC6,0xBC,0xF7,0x9B,0xEF,0x9B,0xF7,0x9B,0xF7,0xBC,0xF7,
    0xBD,0xF7,0xBC,0xF7,0xBD,0xF7,0xBD,0xF7,0xBD,0xFF,0xBD,0xFF,0xBD,0xFF,0xBD,0xFF,
    0xFE,0xFF,0xFF,0xFF,0xFF,0xFF,0xFF,0xFF,0xFF,0xFF,0xFE,0xFF,0xBD,0xF7,0xBD,0xFF,
    0xBD,0xFF,0xBD,0xF7,0xFE,0xFF,0xFF,0xFF,0xBD,0xFF,0xBD,0xF7,0xDD,0xFF,0xDD,0xFF,
    0xDE,0xFF,0xBD,0xF7,0xBD,0xF7,0xFE,0xFF,0xBD,0xF7,0xFD,0xFF,0xFF,0xFF,0xFE,0xFF,
    0xDE,0xFF,0xBD,0xF7,0xBD,0xF7,0xBD,0xF7,0xBD,0xF7,0xBD,0xF7,0xBD,0xF7,0xBD,0xF7,
    0xBD,0xF7,0xBD,0xF7,0xBD,0xF7,0xBD,0xF7,0xBD,0xFF,0xBD,0xFF,0xBD,0xF7,0xBD,0xFF,
    0xBD,0xFF,0xDD,0xFF,0xDD,0xFF,0xDD,0xFF,0xDD,0xFF,0xBD,0xF7,0xFF,0xFF,0x5A,0xEF,
    0x9B,0xF7,0x9C,0xF7,0xBD,0xF7,0xBC,0xF7,0xBC,0xF7,0x9C,0xF7,0x9C,0xF7,0xDD,0xFF,
    0x79,0xEF,0x58,0xE7,0x59,0xE7,0x59,0xEF,0x79,0xEF,0x79,0xE7,0x9B,0xF7,0x59,0xE7,
    0x51,0x9E,0x69,0x65,0x46,0x55,0x06,0x55,0xE6,0x54,0x06,0x55,0x06,0x55,0xC5,0x4C,
    0x85,0x4C,0x44,0x44,0xB5,0xC6,0xBB,0xF7,0x9A,0xEF,0x9B,0xF7,0x9A,0xEF,0xBB,0xF7,
    0xDD,0xFF,0xBC,0xF7,0xBD,0xFF,0xBD,0xF7,0xBD,0xFF,0xBD,0xFF,0xBD,0xFF,0xBD,0xFF,
    0xBD,0xF7,0xBD,0xF7,0xBD,0xF7,0xBD,0xF7,0xBD,0xF7,0xBD,0xF7,0xBD,0xFF,0xBD,0xFF,
    0xBD,0xFF,0xBD,0xFF,0xBD,0xF7,0xBD,0xF7,0xBD,0xFF,0xBD,0xF7,0xBD,0xF7,0xBD,0xF7,
    0xBD,0xF7,0xBD,0xF7,0xBD,0xF7,0xBD,0xF7,0xBD,0xF7,0xBD,0xF7,0xBD,0xF7,0xBD,0xF7,
    0xBD,0xF7,0xBD,0xF7,0xBD,0xF7,0xBD,0xF7,0xBD,0xF7,0xBD,0xF7,0xBD,0xF7,0xBD,0xF7,
    0xBD,0xF7,0xBD,0xF7,0xBD,0xF7,0xBD,0xF7,0xBD,0xFF,0xBD,0xF7,0xBD,0xF7,0xBD,0xF7,
    0xBD,0xFF,0xDD,0xFF,0xDD,0xFF,0xDD,0xFF,0xDE,0xFF,0xBD,0xF7,0xFF,0xFF,0x5A,0xEF,
    0x9B,0xF7,0x9C,0xF7,0xBD,0xF7,0xBC,0xF7,0xBC,0xF7,0x9B,0xF7,0xBD,0xF7,0xBC,0xF7,
    0x58,0xE7,0x59,0xE7,0x59,0xE7,0x79,0xEF,0x7A,0xEF,0x9B,0xF7,0x17,0xD7,0x29,0x65,
    0xA5,0x44,0xC6,0x4C,0x27,0x55,0x07,0x55,0xC6,0x54,0x06,0x55,0xC6,0x4C,0x85,0x4C,
    0xA5,0x4C,0x43,0x3C,0x10,0xA6,0xBB,0xF7,0x7A,0xEF,0x9A,0xF7,0x9B,0xF7,0x9B,0xF7,
    0xDD,0xFF,0xBD,0xF7,0xBD,0xF7,0xBD,0xFF,0xBD,0xFF,0xBD,0xFF,0xBD,0xFF,0xBD,0xFF,
    0xBD,0xFF,0xBD,0xFF,0xDD,0xFF,0xDD,0xFF,0xBD,0xFF,0xBD,0xFF,0xBD,0xFF,0xBD,0xFF,
    0xBD,0xFF,0xBD,0xFF,0xBD,0xFF,0xBD,0xF7,0xBD,0xFF,0xBD,0xF7,0xBD,0xF7,0xBD,0xF7,
    0xBD,0xFF,0xBD,0xF7,0xBD,0xF7,0xBD,0xF7,0xBD,0xF7,0xBD,0xF7,0xBD,0xF7,0xBD,0xF7,
    0xBD,0xF7,0xBD,0xF7,0xBD,0xF7,0xBD,0xF7,0xBD,0xF7,0xBD,0xF7,0xBD,0xF7,0xBD,0xF7,
    0xBD,0xF7,0xBD,0xF7,0xBD,0xF7,0xBD,0xF7,0xBD,0xF7,0xBD,0xF7,0xBD,0xF7,0xBD,0xFF,
    0xBD,0xFF,0xDD,0xFF,0xDD,0xFF,0xDD,0xFF,0xDE,0xFF,0xBD,0xF7,0xFF,0xFF,0x5A,0xEF,
    0x7B,0xF7,0x9C,0xF7,0xBD,0xF7,0xBC,0xF7,0xBC,0xF7,0x9C,0xF7,0xDD,0xFF,0x7A,0xEF,
    0x58,0xE7,0x59,0xE7,0x59,0xEF,0x79,0xE7,0x9A,0xEF,0x38,0xDF,0x08,0x5D,0xA5,0x44,
    0xC6,0x4C,0xC6,0x4C,0xE6,0x4C,0xC6,0x54,0x65,0x44,0xE7,0x5C,0x65,0x4C,0x64,0x44,
    0x65,0x4C,0xE2,0x33,0x2C,0x7D,0xBB,0xF7,0x7A,0xEF,0x9A,0xF7,0x9B,0xF7,0x9A,0xF7,
    0xBC,0xF7,0xBD,0xFF,0xBD,0xF7,0xBD,0xFF,0xBD,0xFF,0xBD,0xFF,0xBD,0xFF,0xBD,0xFF,
    0xBD,0xFF,0xBD,0xF7,0xBD,0xF7,0xBD,0xF7,0xBD,0xF7,0xBD,0xF7,0xBD,0xF7,0xBD,0xF7,
    0xBD,0xF7,0xBD,0xF7,0xBD,0xF7,0xBD,0xF7,0xBD,0xF7,0xBD,0xF7,0xBD,0xF7,0xBD,0xF7,
    0xBD,0xF7,0xBD,0xF7,0xBD,0xF7,0xBD,0xF7,0xBD,0xF7,0xBD,0xF7,0xBD,0xF7,0xBD,0xF7,
    0xBD,0xF7,0xBD,0xF7,0xBD,0xF7,0xBD,0xF7,0xBD,0xF7,0xBD,0xF7,0xBD,0xF7,0xBD,0xF7,
    0xBD,0xF7,0xBD,0xF7,0xBD,0xF7,0xBD,0xF7,0xBD,0xF7,0xBD,0xF7,0xBD,0xF7,0xBD,0xF7,
    0xBD,0xF7,0xBD,0xF7,0xBD,0xF7,0xBD,0xF7,0xBD,0xF7,0xBD,0xF7,0xFF,0xFF,0x5A,0xEF,
    0x7B,0xF7,0x9C,0xF7,0xBD,0xF7,0xBC,0xF7,0xBC,0xF7,0x9C,0xF7,0xDD,0xFF,0x59,0xEF,
    0x58,0xE7,0x59,0xE7,0x79,0xEF,0x7A,0xEF,0xBB,0xF7,0x6C,0x7D,0x64,0x3C,0xA6,0x4C,
    0x85,0x44,0x85,0x44,0xA6,0x4C,0x64,0x3C,0x4B,0x6D,0x6C,0x7D,0x44,0x44,0x44,0x44,
    0x24,0x44,0x82,0x2B,0xAA,0x6C,0x9A,0xF7,0x9A,0xEF,0x9A,0xEF,0x9A,0xF7,0x9A,0xF7,
    0xBC,0xF7,0xBD,0xFF,0xBC,0xF7,0xBD,0xFF,0xBD,0xFF,0xBD,0xFF,0xBD,0xFF,0xBD,0xFF,
    0xBD,0xFF,0xBD,0xFF,0xBD,0xFF,0xBD,0xFF,0xBD,0xFF,0xBD,0xFF,0xBD,0xFF,0xBD,0xFF,
    0xBD,0xFF,0xBD,0xF7,0xBD,0xF7,0xBD,0xF7,0xBD,0xF7,0xBD,0xF7,0xBD,0xF7,0xBD,0xF7,
    0xBD,0xF7,0xBD,0xF7,0xBD,0xF7,0xBD,0xF7,0xBD,0xF7,0xBD,0xF7,0xBD,0xF7,0xBD,0xF7,
    0xBD,0xF7,0xBD,0xF7,0xBD,0xF7,0xBD,0xF7,0xBD,0xF7,0xBD,0xF7,0xBD,0xF7,0xBD,0xF7,
    0xBD,0xF7,0xBD,0xF7,0xBD,0xF7,0xBD,0xF7,0xBD,0xF7,0xBD,0xF7,0xBD,0xF7,0xBD,0xF7,
    0xBD,0xF7,0xBC,0xF7,0xBC,0xF7,0xBC,0xF7,0xBC,0xF7,0xBC,0xF7,0xFF,0xFF,0x5A,0xEF,
    0x7B,0xF7,0x7C,0xF7,0xBD,0xF7,0xBC,0xF7,0xBC,0xF7,0x9C,0xF7,0xBD,0xF7,0x59,0xE7,
    0x59,0xE7,0x59,0xE7,0x59,0xE7,0x9B,0xF7,0xF6,0xC6,0x85,0x44,0x65,0x44,0x45,0x3C,
    0x65,0x44,0x86,0x44,0x23,0x34,0x8D,0x85,0x11,0x9E,0x43,0x44,0x44,0x44,0x24,0x44,
    0xE4,0x3B,0x62,0x33,0x89,0x64,0x7A,0xEF,0x7A,0xEF,0x9A,0xEF,0x9A,0xEF,0x9A,0xEF,
    0xBB,0xF7,0xDD,0xFF,0xBD,0xF7,0xBD,0xFF,0xBD,0xFF,0xBD,0xFF,0xBD,0xFF,0xBD,0xFF,
    0xBD,0xFF,0xBD,0xFF,0xBD,0xFF,0xBD,0xFF,0xBD,0xFF,0xBD,0xFF,0xBD,0xFF,0xBD,0xFF,
    0xBD,0xFF,0xBD,0xF7,0xBD,0xF7,0xBD,0xF7,0xBD,0xF7,0xBD,0xF7,0xBD,0xF7,0xBD,0xF7,
    0xBD,0xF7,0xBD,0xF7,0xBD,0xF7,0xBD,0xF7,0xBD,0xF7,0xBD,0xF7,0xBD,0xF7,0xBD,0xF7,
    0xBD,0xF7,0xBD,0xF7,0xBD,0xF7,0xBD,0xF7,0xBD,0xF7,0xBD,0xF7,0xBD,0xF7,0xBD,0xF7,
    0xBD,0xF7,0xBD,0xF7,0xBD,0xF7,0xBD,0xF7,0xBD,0xF7,0xBD,0xF7,0xBD,0xF7,0xBD,0xF7,
    0xBD,0xF7,0xBD,0xF7,0xBC,0xF7,0xBC,0xF7,0xBC,0xF7,0xBC,0xF7,0xFF,0xFF,0x5A,0xEF,
    0x7B,0xF7,0x9C,0xF7,0xBD,0xF7,0xBC,0xF7,0xBC,0xF7,0xBC,0xF7,0xBC,0xF7,0x59,0xE7,
    0x59,0xE7,0x79,0xEF,0x79,0xE7,0xBB,0xF7,0xCE,0x8D,0x84,0x3C,0x86,0x44,0x24,0x3C,
    0x65,0x44,0x43,0x34,0xAE,0x85,0x95,0xBE,0x04,0x3C,0x04,0x44,0x04,0x3C,0xC4,0x3B,
    0xC4,0x3B,0xA3,0x33,0xCA,0x6C,0x7A,0xEF,0x79,0xEF,0x9A,0xEF,0x9A,0xEF,0x9A,0xEF,
    0x9B,0xF7,0xBD,0xFF,0xBC,0xF7,0xBD,0xFF,0xDD,0xFF,0xDD,0xFF,0xDD,0xFF,0xDD,0xFF,
    0xDD,0xFF,0xDD,0xFF,0xDD,0xFF,0xBD,0xFF,0xBD,0xFF,0xBD,0xFF,0xBD,0xFF,0xBD,0xF7,
    0xBD,0xF7,0xBD,0xF7,0xBD,0xF7,0xBD,0xF7,0xBD,0xF7,0xBD,0xF7,0xBD,0xF7,0xBD,0xF7,
    0xBD,0xF7,0xBD,0xF7,0xBD,0xF7,0xBD,0xF7,0xBD,0xF7,0xBD,0xF7,0xBD,0xF7,0xBD,0xF7,
    0xBD,0xF7,0xBD,0xF7,0xBD,0xF7,0xBD,0xF7,0xBD,0xF7,0xBD,0xF7,0xBD,0xF7,0xBD,0xF7,
    0xBD,0xF7,0xBD,0xF7,0xBD,0xF7,0xBD,0xF7,0xBD,0xF7,0xBD,0xF7,0xBD,0xF7,0xBD,0xF7,
    0xBD,0xF7,0xBD,0xF7,0xBC,0xF7,0xBC,0xF7,0xBC,0xF7,0xBC,0xF7,0xFF,0xFF,0x5A,0xEF,
    0x7B,0xF7,0x7C,0xF7,0xBD,0xF7,0xBC,0xF7,0xBC,0xF7,0xBC,0xF7,0xBC,0xF7,0x58,0xE7,
    0x59,0xE7,0x79,0xEF,0x7A,0xEF,0x9A,0xEF,0x0A,0x65,0x44,0x3C,0x65,0x44,0x25,0x3C,
    0xC3,0x2B,0x0B,0x6D,0x19,0xD7,0xE4,0x43,0xE4,0x3B,0x04,0x3C,0xC3,0x3B,0xA3,0x3B,
    0xA4,0x3B,0x62,0x2B,0x0C,0x7D,0x7A,0xEF,0x79,0xEF,0x9A,0xEF,0x9A,0xEF,0x9A,0xEF,
    0x9A,0xF7,0xDD,0xFF,0xBC,0xF7,0xBD,0xF7,0xDD,0xFF,0xDD,0xFF,0xDD,0xFF,0xDD,0xFF,
    0xDD,0xFF,0xDD,0xFF,0xDD,0xFF,0xBD,0xFF,0xBD,0xFF,0xBD,0xFF,0xBD,0xFF,0xBD,0xF7,
    0xBD,0xF7,0xBD,0xF7,0xBD,0xF7,0xBD,0xF7,0xBD,0xF7,0xBD,0xF7,0xBD,0xF7,0xBD,0xF7,
    0xBD,0xF7,0xBD,0xF7,0xBD,0xF7,0xBD,0xF7,0xBD,0xF7,0xBD,0xF7,0xBD,0xF7,0xBD,0xF7,
    0xBD,0xF7,0xBD,0xF7,0xBD,0xF7,0xBD,0xF7,0xBD,0xF7,0xBD,0xF7,0xBD,0xF7,0xBD,0xF7,
    0xBD,0xF7,0xBD,0xF7,0xBD,0xF7,0xBD,0xF7,0xBD,0xF7,0xBD,0xF7,0xBD,0xF7,0xBD,0xF7,
    0xBD,0xF7,0xBC,0xF7,0xBC,0xF7,0xBC,0xF7,0xBC,0xF7,0xBC,0xF7,0xFF,0xFF,0x5A,0xEF,
    0x7B,0xF7,0x7C,0xF7,0xBD,0xF7,0xBC,0xF7,0xBC,0xF7,0xBC,0xF7,0xBC,0xF7,0x58,0xE7,
    0x59,0xE7,0x79,0xEF,0x7A,0xEF,0x7A,0xE7,0xA8,0x54,0x04,0x34,0x45,0x3C,0xE3,0x33,
    0x06,0x44,0x3A,0xDF,0x68,0x54,0xA2,0x33,0x04,0x44,0x04,0x3C,0xC3,0x3B,0xA3,0x3B,
    0xA4,0x3B,0x22,0x23,0xB0,0x9D,0x9A,0xEF,0x79,0xEF,0x7A,0xEF,0x7A,0xEF,0x9A,0xEF,
    0x9A,0xF7,0xBD,0xF7,0xBC,0xF7,0xBD,0xF7,0xDD,0xFF,0xDD,0xFF,0xDD,0xFF,0xDD,0xFF,
    0xDD,0xFF,0xDD,0xFF,0xDD,0xFF,0xBD,0xFF,0xBD,0xFF,0xBD,0xFF,0xBD,0xFF,0xBD,0xF7,
    0xBD,0xF7,0xBD,0xF7,0xBD,0xF7,0xBD,0xF7,0xBD,0xF7,0xBD,0xF7,0xBD,0xF7,0xBD,0xF7,
    0xBD,0xF7,0xBD,0xF7,0xBD,0xF7,0xBD,0xF7,0xBD,0xF7,0xBD,0xF7,0xBD,0xF7,0xBD,0xF7,
    0xBD,0xF7,0xBD,0xF7,0xBD,0xF7,0xBD,0xF7,0xBD,0xF7,0xBD,0xF7,0xBD,0xF7,0xBD,0xF7,
    0xBD,0xF7,0xBD,0xF7,0xBD,0xF7,0xBD,0xF7,0xBD,0xF7,0xBD,0xF7,0xBD,0xF7,0xBD,0xF7,
    0xBD,0xF7,0xBC,0xF7,0xBC,0xF7,0xBC,0xF7,0xBC,0xF7,0xBC,0xF7,0xFF,0xFF,0x5A,0xEF,
    0x7B,0xF7,0x9C,0xF7,0xBD,0xF7,0xBD,0xF7,0xBC,0xF7,0xBC,0xF7,0xBC,0xF7,0x59,0xE7,
    0x59,0xE7,0x79,0xEF,0x7A,0xEF,0x7A,0xEF,0x09,0x5D,0x65,0x3C,0x86,0x44,0x03,0x34,
    0xD8,0xC6,0xAF,0x8D,0xE2,0x33,0x25,0x44,0x04,0x3C,0xE4,0x3B,0xC4,0x3B,0xA3,0x33,
    0x83,0x33,0xA5,0x3B,0xD6,0xD6,0x59,0xEF,0x79,0xEF,0x7A,0xEF,0x7A,0xEF,0x7A,0xEF,
    0x9A,0xEF,0xBD,0xF7,0x9C,0xF7,0xBD,0xFF,0xDD,0xFF,0xDD,0xFF,0xDD,0xFF,0xDD,0xFF,
    0xDD,0xFF,0xDD,0xF7,0xDD,0xF7,0xBD,0xF7,0xBD,0xF7,0xBD,0xF7,0xBD,0xF7,0xBD,0xF7,
    0xBD,0xF7,0xBD,0xF7,0xBD,0xF7,0xBD,0xF7,0xBD,0xF7,0xBD,0xF7,0xBD,0xF7,0xBD,0xF7,
    0xBD,0xF7,0xBD,0xF7,0xBD,0xF7,0xBD,0xF7,0xBD,0xF7,0xBD,0xF7,0xBD,0xF7,0xBD,0xF7,
    0xBD,0xF7,0xBD,0xF7,0xBD,0xF7,0xBD,0xF7,0xBD,0xF7,0xBD,0xF7,0xBD,0xF7,0xBD,0xF7,
    0xBD,0xF7,0xBD,0xF7,0xBD,0xF7,0xBD,0xF7,0xBD,0xF7,0xBD,0xF7,0xBD,0xF7,0xBD,0xF7,
    0xBD,0xF7,0xBC,0xF7,0xBC,0xF7,0xBC,0xF7,0xBC,0xF7,0xBC,0xF7,0xFF,0xFF,0x5A,0xEF,
    0x7B,0xF7,0x9C,0xF7,0xBD,0xF7,0xBC,0xF7,0xBC,0xF7,0xBC,0xF7,0xBC,0xF7,0x59,0xE7,
    0x59,0xE7,0x79,0xEF,0x79,0xE7,0x9A,0xEF,0x2B,0x75,0xA5,0x44,0x64,0x3C,0xD0,0x8D,
    0x97,0xC6,0x82,0x2B,0xE4,0x43,0xC4,0x3B,0xC4,0x3B,0xA4,0x3B,0x84,0x33,0x84,0x33,
    0x21,0x23,0x6E,0x8D,0x79,0xEF,0x59,0xE7,0x79,0xEF,0x7A,0xEF,0x7A,0xEF,0x79,0xEF,
    0x9A,0xEF,0xBD,0xF7,0xBC,0xF7,0xBD,0xFF,0xDD,0xFF,0xDD,0xFF,0xDD,0xFF,0xDD,0xFF,
    0xDD,0xFF,0xDD,0xFF,0xDD,0xFF,0xBD,0xFF,0xBD,0xFF,0xBD,0xFF,0xBD,0xFF,0xBD,0xF7,
    0xBD,0xF7,0xBD,0xF7,0xBD,0xF7,0xBD,0xF7,0xBD,0xF7,0xBD,0xF7,0xBD,0xF7,0xBD,0xF7,
    0xBD,0xF7,0xBD,0xF7,0xBD,0xF7,0xBD,0xF7,0xBD,0xF7,0xBD,0xF7,0xBD,0xF7,0xBD,0xF7,
    0xBD,0xF7,0xBD,0xF7,0xBD,0xF7,0xBD,0xF7,0xBD,0xF7,0xBD,0xF7,0xBD,0xF7,0xBD,0xF7,
    0xBD,0xF7,0xBD,0xF7,0xBD,0xF7,0xBD,0xF7,0xBC,0xF7,0xBC,0xF7,0xBC,0xF7,0xBC,0xF7,
    0xBC,0xF7,0xBC,0xF7,0xBC,0xF7,0xBC,0xF7,0xBC,0xF7,0xBC,0xF7,0xFF,0xFF,0x5A,0xEF,
    0x7B,0xF7,0x9C,0xF7,0xBD,0xF7,0xBC,0xF7,0xBC,0xF7,0xBC,0xF7,0xBC,0xF7,0x59,0xEF,
    0x58,0xE7,0x79,0xEF,0x79,0xE7,0xBB,0xF7,0x11,0xA6,0x03,0x2C,0xA7,0x4C,0x3B,0xDF,
    0x07,0x4C,0x63,0x2B,0xA4,0x33,0x84,0x33,0x84,0x33,0x84,0x33,0x84,0x3B,0x22,0x23,
    0x68,0x5C,0x38,0xE7,0x38,0xE7,0x79,0xEF,0x79,0xEF,0x79,0xEF,0x79,0xEF,0x79,0xEF,
    0x9B,0xF7,0xBD,0xF7,0xBC,0xF7,0xDD,0xFF,0xDD,0xFF,0xDD,0xFF,0xDD,0xFF,0xDD,0xFF,
    0xDD,0xFF,0xBD,0xFF,0xBD,0xFF,0xBD,0xFF,0xBD,0xFF,0xBD,0xFF,0xBD,0xFF,0xBD,0xF7,
    0xBD,0xF7,0xBD,0xF7,0xBD,0xF7,0xBD,0xF7,0xBD,0xF7,0xBD,0xF7,0xBD,0xF7,0xBD,0xF7,
    0xBD,0xF7,0xBD,0xF7,0xBD,0xF7,0xBD,0xF7,0xBD,0xF7,0xBD,0xF7,0xBD,0xF7,0xBD,0xF7,
    0xBD,0xF7,0xBD,0xF7,0xBD,0xF7,0xBD,0xF7,0xBD,0xF7,0xBD,0xF7,0xBD,0xF7,0xBD,0xF7,
    0xBD,0xF7,0xBD,0xF7,0xBD,0xF7,0xBD,0xF7,0xBC,0xF7,0xBC,0xF7,0xBC,0xF7,0xBC,0xF7,
    0xBC,0xF7,0x9C,0xF7,0x9C,0xF7,0x9C,0xF7,0x9C,0xF7,0x9C,0xF7,0xFF,0xFF,0x5A,0xEF,
    0x7B,0xF7,0x9C,0xF7,0xBD,0xF7,0xBC,0xF7,0xBC,0xF7,0x9C,0xF7,0xBC,0xF7,0x7A,0xEF,
    0x58,0xE7,0x79,0xEF,0x7A,0xEF,0x9A,0xEF,0x79,0xE7,0x45,0x3C,0x53,0xA6,0x33,0xA6,
    0x62,0x2B,0xC4,0x3B,0xA4,0x33,0xA4,0x33,0x84,0x33,0x63,0x33,0x21,0x23,0x28,0x54,
    0xF7,0xD6,0x58,0xE7,0x59,0xE7,0x79,0xEF,0x79,0xEF,0x79,0xEF,0x79,0xEF,0x79,0xEF,
    0xBB,0xF7,0xBD,0xF7,0xBD,0xF7,0xBD,0xFF,0xDD,0xFF,0xDD,0xFF,0xDD,0xFF,0xDD,0xFF,
    0xDD,0xFF,0xDD,0xFF,0xDD,0xFF,0xBD,0xFF,0xBD,0xFF,0xBD,0xFF,0xBD,0xFF,0xBD,0xF7,
    0xBD,0xF7,0xBD,0xF7,0xBD,0xF7,0xBD,0xF7,0xBD,0xF7,0xBD,0xF7,0xBD,0xF7,0xBD,0xF7,
    0xBD,0xF7,0xBD,0xF7,0xBD,0xF7,0xBD,0xF7,0xBD,0xF7,0xBD,0xF7,0xBD,0xF7,0xBD,0xF7,
    0xBD,0xF7,0xBD,0xF7,0xBD,0xF7,0xBD,0xF7,0xBD,0xF7,0xBD,0xF7,0xBD,0xF7,0xBD,0xF7,
    0xBD,0xF7,0xBD,0xF7,0xBD,0xF7,0xBD,0xF7,0xBC,0xF7,0xBC,0xF7,0xBC,0xF7,0xBC,0xF7,
    0xBC,0xF7,0xBC,0xF7,0xBC,0xF7,0xBC,0xF7,0xBC,0xF7,0xBC,0xF7,0xFF,0xFF,0x5A,0xEF,
    0x7B,0xF7,0x9C,0xF7,0xDD,0xF7,0xBC,0xF7,0xBC,0xF7,0x9C,0xF7,0xBC,0xF7,0x9B,0xEF,
    0x59,0xE7,0x79,0xEF,0x7A,0xEF,0x7A,0xEF,0x9A,0xEF,0xD5,0xC6,0x19,0xCF,0x06,0x44,
    0xC3,0x33,0xC4,0x33,0xA3,0x33,0x62,0x2B,0x42,0x2B,0xE5,0x3B,0x4D,0x85,0x38,0xDF,
    0x38,0xE7,0x38,0xE7,0x79,0xEF,0x79,0xEF,0x79,0xEF,0x79,0xEF,0x79,0xEF,0x7A,0xEF,
    0xBC,0xF7,0x9C,0xF7,0xBD,0xF7,0xDD,0xFF,0xDD,0xFF,0xDD,0xFF,0xDD,0xFF,0xDD,0xFF,
    0xDD,0xFF,0xBD,0xFF,0xBD,0xFF,0xBD,0xFF,0xBD,0xFF,0xBD,0xFF,0xBD,0xF7,0xBD,0xF7,
    0xBD,0xF7,0xBD,0xF7,0xBD,0xF7,0xBD,0xF7,0xBD,0xF7,0xBD,0xF7,0xBD,0xF7,0xBD,0xF7,
    0xBD,0xF7,0xBD,0xF7,0xBD,0xF7,0xBD,0xF7,0xBD,0xF7,0xBD,0xF7,0xBD,0xF7,0xBD,0xF7,
    0xBD,0xF7,0xBD,0xF7,0xBD,0xF7,0xBD,0xF7,0xBD,0xF7,0xBD,0xF7,0xBD,0xF7,0xBD,0xF7,
    0xBC,0xF7,0xBC,0xF7,0xBC,0xF7,0xBC,0xF7,0xBC,0xF7,0xBC,0xF7,0xBC,0xF7,0xBC,0xF7,
    0xBC,0xF7,0x9C,0xF7,0x9C,0xF7,0x9C,0xF7,0x9C,0xF7,0x9C,0xF7,0xFF,0xFF,0x5A,0xEF,
    0x9B,0xF7,0x9C,0xF7,0xDD,0xF7,0xBC,0xF7,0xBD,0xF7,0xBC,0xF7,0xBC,0xF7,0xBC,0xF7,
    0x79,0xE7,0x59,0xE7,0x79,0xEF,0x7A,0xEF,0x79,0xE7,0xFD,0xFF,0x8F,0x8D,0x42,0x23,
    0xE6,0x43,0x05,0x44,0x06,0x4C,0x89,0x64,0xB0,0x95,0xF7,0xD6,0x79,0xEF,0x38,0xE7,
    0x58,0xE7,0x79,0xEF,0x79,0xEF,0x79,0xEF,0x79,0xEF,0x79,0xEF,0x79,0xEF,0x9A,0xEF,
    0xBC,0xF7,0xBC,0xF7,0xBD,0xFF,0xDD,0xFF,0xDD,0xFF,0xDD,0xFF,0xDD,0xFF,0xDD,0xFF,
    0xDD,0xFF,0xBD,0xFF,0xBD,0xFF,0xBD,0xFF,0xBD,0xFF,0xBD,0xF7,0xBD,0xF7,0xBD,0xF7,
    0xBD,0xF7,0xBD,0xF7,0xBD,0xF7,0xBD,0xF7,0xBD,0xF7,0xBD,0xF7,0xBD,0xF7,0xBD,0xF7,
    0xBD,0xF7,0xBD,0xF7,0xBD,0xF7,0xBD,0xF7,0xBD,0xF7,0xBD,0xF7,0xBD,0xF7,0xBD,0xF7,
    0xBD,0xF7,0xBD,0xF7,0xBD,0xF7,0xBD,0xF7,0xBC,0xF7,0xBC,0xF7,0xBC,0xF7,0xBC,0xF7,
    0xBC,0xF7,0xBC,0xF7,0xBC,0xF7,0xBC,0xF7,0xBC,0xF7,0xBC,0xF7,0xBC,0xF7,0xBC,0xF7,
    0xBC,0xF7,0x9C,0xF7,0x9C,0xF7,0x9C,0xF7,0x9C,0xF7,0x9C,0xF7,0xFF,0xFF,0x5A,0xEF,
    0x7B,0xF7,0x9C,0xF7,0xBD,0xF7,0xBC,0xF7,0xBD,0xF7,0xBC,0xF7,0x9C,0xF7,0xBD,0xF7,
    0x9B,0xEF,0x59,0xE7,0x79,0xEF,0x7A,0xEF,0x9B,0xF7,0x17,0xD7,0xE5,0x33,0x32,0xAE,
    0x18,0xDF,0xF7,0xD6,0x18,0xDF,0x59,0xE7,0x79,0xEF,0x38,0xE7,0x38,0xDF,0x59,0xE7,
    0x59,0xE7,0x79,0xEF,0x79,0xEF,0x59,0xEF,0x59,0xEF,0x59,0xEF,0x79,0xEF,0x9C,0xF7,
    0x9C,0xF7,0xBD,0xF7,0xDD,0xFF,0xDD,0xFF,0xDD,0xFF,0xDD,0xFF,0xDD,0xFF,0xDD,0xFF,
    0xDD,0xFF,0xDD,0xFF,0xDD,0xFF,0xDD,0xFF,0xDD,0xFF,0xDD,0xFF,0xDD,0xFF,0xBD,0xFF,
    0xBD,0xFF,0xBD,0xF7,0xBD,0xF7,0xBD,0xF7,0xBD,0xF7,0xBD,0xF7,0xBD,0xF7,0xBD,0xF7,
    0xBD,0xF7,0xBD,0xF7,0xBD,0xF7,0xBD,0xF7,0xBD,0xF7,0xBD,0xF7,0xBD,0xF7,0xBD,0xF7,
    0xBD,0xF7,0xBD,0xF7,0xBD,0xF7,0xBC,0xF7,0xBC,0xF7,0xBC,0xF7,0xBC,0xF7,0xBC,0xF7,
    0xBC,0xF7,0xBC,0xF7,0xBC,0xF7,0x9C,0xF7,0x9C,0xF7,0x9C,0xF7,0x9C,0xF7,0x9C,0xF7,
    0x9C,0xF7,0x9C,0xF7,0x9C,0xF7,0x9C,0xF7,0x9C,0xF7,0x9C,0xF7,0xFF,0xFF,0x5A,0xEF,
    0x7B,0xF7,0x9C,0xF7,0xBD,0xF7,0xBC,0xF7,0xBD,0xF7,0xBC,0xF7,0x9C,0xF7,0xBC,0xF7,
    0xBD,0xF7,0x59,0xE7,0x59,0xE7,0x7A,0xEF,0xDC,0xFF,0xAF,0x8D,0xEA,0x64,0x9B,0xEF,
    0x59,0xE7,0x59,0xE7,0x38,0xE7,0x38,0xDF,0x38,0xDF,0x58,0xE7,0x59,0xE7,0x59,0xE7,
    0x59,0xE7,0x59,0xE7,0x59,0xE7,0x59,0xE7,0x58,0xE7,0x79,0xEF,0x7A,0xEF,0xBC,0xF7,
    0x9C,0xF7,0xBD,0xF7,0xBD,0xFF,0xDD,0xFF,0xDD,0xFF,0xDD,0xFF,0xDD,0xFF,0xDD,0xFF,
    0xDD,0xFF,0xDD,0xFF,0xDD,0xFF,0xDD,0xFF,0xDD,0xFF,0xDD,0xFF,0xDD,0xFF,0xDD,0xFF,
    0xDD,0xFF,0xBD,0xF7,0xBD,0xF7,0xBD,0xF7,0xBD,0xF7,0xBD,0xF7,0xBD,0xF7,0xBD,0xF7,
    0xBD,0xF7,0xBD,0xF7,0xBD,0xF7,0xBD,0xF7,0xBD,0xF7,0xBD,0xF7,0xBD,0xF7,0xBD,0xF7,
    0xBD,0xF7,0xBD,0xF7,0xBD,0xF7,0xBC,0xF7,0xBC,0xF7,0xBC,0xF7,0xBC,0xF7,0xBC,0xF7,
    0xBC,0xF7,0xBC,0xF7,0xBC,0xF7,0xBC,0xF7,0xBC,0xF7,0xBC,0xF7,0xBC,0xF7,0xBC,0xF7,
    0xBC,0xF7,0x9C,0xF7,0x9C,0xF7,0x9C,0xF7,0x9C,0xF7,0x9C,0xF7,0xFF,0xFF,0x5A,0xEF,
    0x7B,0xF7,0x9C,0xF7,0xBD,0xF7,0xBC,0xF7,0xBD,0xFF,0xBC,0xF7,0x9C,0xF7,0x9C,0xF7,
    0xBD,0xF7,0xBC,0xF7,0x59,0xE7,0x7A,0xEF,0x9A,0xEF,0x59,0xDF,0x18,0xDF,0x5A,0xE7,
    0x7A,0xEF,0x79,0xE7,0x59,0xE7,0x59,0xE7,0x59,0xE7,0x59,0xE7,0x59,0xE7,0x59,0xE7,
    0x59,0xE7,0x59,0xE7,0x59,0xE7,0x59,0xE7,0x79,0xEF,0x9A,0xEF,0xBC,0xF7,0x9C,0xF7,
    0xBD,0xF7,0xBD,0xF7,0xBD,0xFF,0xDD,0xFF,0xDD,0xFF,0xDD,0xFF,0xDD,0xFF,0xDD,0xFF,
    0xDD,0xFF,0xDD,0xFF,0xDD,0xFF,0xDD,0xFF,0xDD,0xFF,0xDD,0xFF,0xDD,0xFF,0xDD,0xFF,
    0xDD,0xFF,0xBD,0xF7,0xBD,0xF7,0xBD,0xF7,0xBD,0xF7,0xBD,0xF7,0xBD,0xF7,0xBD,0xF7,
    0xBD,0xF7,0xBD,0xF7,0xBD,0xF7,0xBD,0xF7,0xBD,0xF7,0xBD,0xF7,0xBD,0xF7,0xBD,0xF7,
    0xBD,0xF7,0xBD,0xF7,0xBD,0xF7,0xBD,0xF7,0xBD,0xF7,0xBD,0xF7,0xBC,0xF7,0xBC,0xF7,
    0xBC,0xF7,0xBC,0xF7,0xBC,0xF7,0xBC,0xF7,0xBC,0xF7,0xBC,0xF7,0xBC,0xF7,0xBC,0xF7,
    0xBC,0xF7,0x9C,0xF7,0x9C,0xF7,0x9C,0xF7,0x9C,0xF7,0x9C,0xF7,0xFF,0xFF,0x5A,0xEF,
    0x7B,0xF7,0x9C,0xF7,0xBD,0xF7,0xBC,0xF7,0xBD,0xFF,0xBC,0xF7,0x9C,0xF7,0x9C,0xF7,
    0xBC,0xF7,0xDD,0xFF,0x9B,0xF7,0x59,0xE7,0x7A,0xEF,0x7A,0xEF,0x5A,0xE7,0x59,0xE7,
    0x79,0xEF,0x59,0xE7,0x59,0xE7,0x59,0xE7,0x59,0xE7,0x59,0xE7,0x59,0xE7,0x59,0xE7,
    0x59,0xE7,0x59,0xE7,0x58,0xE7,0x79,0xEF,0x9B,0xF7,0xDD,0xF7,0xBD,0xF7,0xBC,0xF7,
    0xBD,0xF7,0xBD,0xF7,0xBD,0xFF,0xDD,0xFF,0xDD,0xFF,0xDD,0xFF,0xDD,0xFF,0xDD,0xFF,
    0xDD,0xFF,0xBD,0xFF,0xBD,0xFF,0xBD,0xFF,0xBD,0xFF,0xBD,0xF7,0xBD,0xF7,0xBD,0xF7,
    0xBD,0xF7,0xBD,0xF7,0xBD,0xF7,0xBD,0xF7,0xBD,0xF7,0xBD,0xF7,0xBD,0xF7,0xBD,0xF7,
    0xBD,0xF7,0xBD,0xF7,0xBD,0xF7,0xBD,0xF7,0xBD,0xF7,0xBD,0xF7,0xBD,0xF7,0xBD,0xF7,
    0xBD,0xF7,0xBD,0xF7,0xBD,0xF7,0xBD,0xF7,0xBC,0xF7,0xBC,0xF7,0xBC,0xF7,0xBC,0xF7,
    0xBC,0xF7,0xBC,0xF7,0xBC,0xF7,0xBC,0xF7,0xBC,0xF7,0xBC,0xF7,0xBC,0xF7,0xBC,0xF7,
    0xBC,0xF7,0x9C,0xF7,0x9C,0xF7,0x9C,0xF7,0x9C,0xF7,0x9C,0xF7,0xFF,0xFF,0x5A,0xEF,
    0x7B,0xF7,0x9C,0xF7,0xBD,0xF7,0xBC,0xF7,0xBD,0xFF,0xBC,0xF7,0x9C,0xF7,0x9C,0xF7,
    0xBC,0xF7,0xBC,0xF7,0xDD,0xFF,0xBC,0xF7,0x79,0xE7,0x7A,0xEF,0x7A,0xEF,0x59,0xE7,
    0x59,0xE7,0x59,0xE7,0x59,0xE7,0x59,0xE7,0x59,0xE7,0x59,0xE7,0x59,0xE7,0x59,0xE7,
    0x58,0xE7,0x59,0xE7,0x7A,0xEF,0xBC,0xF7,0xDD,0xF7,0xBD,0xF7,0xBC,0xF7,0xBD,0xF7,
    0xBD,0xF7,0xBD,0xFF,0xBD,0xFF,0xBD,0xFF,0xDD,0xFF,0xDD,0xFF,0xDD,0xFF,0xDD,0xFF,
    0xDD,0xFF,0xBD,0xFF,0xBD,0xFF,0xBD,0xFF,0xBD,0xFF,0xBD,0xFF,0xBD,0xF7,0xBD,0xF7,
    0xBD,0xF7,0xBD,0xF7,0xBD,0xF7,0xBD,0xF7,0xBD,0xF7,0xBD,0xF7,0xBD,0xF7,0xBD,0xF7,
    0xBD,0xF7,0xBD,0xF7,0xBD,0xF7,0xBD,0xF7,0xBD,0xF7,0xBD,0xF7,0xBD,0xF7,0xBD,0xF7,
    0xBD,0xF7,0xBD,0xF7,0xBD,0xF7,0xBD,0xF7,0xBC,0xF7,0xBC,0xF7,0xBC,0xF7,0xBC,0xF7,
    0xBC,0xF7,0xBC,0xF7,0xBC,0xF7,0xBC,0xF7,0xBC,0xF7,0xBC,0xF7,0xBC,0xF7,0xBC,0xF7,
    0xBC,0xF7,0x9C,0xF7,0x9C,0xF7,0x9C,0xF7,0x9C,0xF7,0x9C,0xF7,0xFE,0xFF,0x7A,0xF7,
    0x7B,0xF7,0x9C,0xF7,0xBD,0xF7,0xBC,0xF7,0xBD,0xFF,0xBC,0xF7,0xBC,0xF7,0x9C,0xF7,
    0x9C,0xF7,0xBC,0xF7,0xBC,0xF7,0xDD,0xFF,0xDD,0xF7,0x9C,0xF7,0xBB,0xF7,0x9B,0xEF,
    0x7A,0xEF,0x59,0xE7,0x59,0xE7,0x59,0xE7,0x59,0xE7,0x58,0xE7,0x59,0xE7,0x59,0xE7,
    0x79,0xEF,0xBB,0xF7,0xDD,0xFF,0xBD,0xF7,0xBC,0xF7,0x9C,0xF7,0xBD,0xF7,0xBD,0xF7,
    0xBD,0xFF,0xBD,0xFF,0xBD,0xFF,0xBD,0xFF,0xDD,0xFF,0xDD,0xFF,0xDD,0xFF,0xDD,0xFF,
    0xDD,0xFF,0xBD,0xFF,0xBD,0xFF,0xBD,0xFF,0xBD,0xFF,0xBD,0xFF,0xBD,0xF7,0xBD,0xF7,
    0xBD,0xF7,0xBD,0xF7,0xBD,0xF7,0xBD,0xF7,0xBD,0xF7,0xBD,0xF7,0xBD,0xF7,0xBD,0xF7,
    0xBD,0xF7,0xBD,0xF7,0xBD,0xF7,0xBD,0xF7,0xBD,0xF7,0xBD,0xF7,0xBD,0xF7,0xBD,0xF7,
    0xBD,0xF7,0xBD,0xF7,0xBC,0xF7,0xBC,0xF7,0xBC,0xF7,0xBC,0xF7,0xBC,0xF7,0xBC,0xF7,
    0xBC,0xF7,0xBC,0xF7,0xBC,0xF7,0xBC,0xF7,0xBC,0xF7,0xBC,0xF7,0xBC,0xF7,0xBC,0xF7,
    0xBC,0xF7,0x9C,0xF7,0x9C,0xF7,0x9C,0xF7,0x9C,0xF7,0x9C,0xF7,0xFE,0xFF,0x7A,0xF7,
    0x7B,0xF7,0x9C,0xF7,0xBD,0xF7,0xBC,0xF7,0xBD,0xFF,0xBC,0xF7,0xBC,0xF7,0x9C,0xF7,
    0x9C,0xF7,0x9C,0xF7,0xBC,0xF7,0xBD,0xF7,0xDD,0xFF,0xDE,0xFF,0xDD,0xF7,0xBD,0xF7,
    0xBC,0xF7,0x9B,0xEF,0x7A,0xEF,0x59,0xE7,0x59,0xE7,0x79,0xE7,0x7A,0xEF,0x9B,0xEF,
    0xBC,0xF7,0xDD,0xFF,0xBD,0xF7,0x9C,0xF7,0xBC,0xF7,0xBD,0xF7,0xBD,0xF7,0xBD,0xF7,
    0xBD,0xFF,0xBD,0xFF,0xBD,0xFF,0xBD,0xFF,0xBD,0xFF,0xBD,0xFF,0xBD,0xFF,0xBD,0xFF,
    0xBD,0xF7,0xBD,0xF7,0xBD,0xF7,0xBD,0xF7,0xBD,0xF7,0xBD,0xF7,0xBD,0xF7,0xBD,0xF7,
    0xBD,0xF7,0xBD,0xF7,0xBD,0xF7,0xBD,0xF7,0xBD,0xF7,0xBD,0xF7,0xBD,0xF7,0xBD,0xF7,
    0xBD,0xF7,0xBD,0xF7,0xBD,0xF7,0xBD,0xF7,0xBD,0xF7,0xBD,0xF7,0xBD,0xF7,0xBD,0xF7,
    0xBD,0xF7,0xBD,0xF7,0xBC,0xF7,0xBC,0xF7,0xBC,0xF7,0xBC,0xF7,0xBC,0xF7,0xBC,0xF7,
    0xBC,0xF7,0xBC,0xF7,0xBC,0xF7,0xBC,0xF7,0xBC,0xF7,0xBC,0xF7,0xBC,0xF7,0x9C,0xF7,
    0x9C,0xF7,0x9C,0xF7,0x9C,0xF7,0x9C,0xF7,0x9C,0xF7,0x9C,0xF7,0xFE,0xFF,0x7A,0xF7,
    0x9B,0xF7,0x9C,0xF7,0xBD,0xF7,0xBC,0xF7,0xBD,0xFF,0xBC,0xF7,0xBC,0xF7,0x9C,0xF7,
    0x9C,0xF7,0x9C,0xF7,0x9C,0xF7,0xBC,0xF7,0xBD,0xF7,0xBD,0xF7,0xDD,0xFF,0xDE,0xFF,
    0xDD,0xFF,0xBD,0xF7,0xBC,0xF7,0xBC,0xF7,0xBC,0xF7,0xBC,0xF7,0xBD,0xF7,0xBD,0xF7,
    0xBD,0xF7,0x9C,0xF7,0x9C,0xF7,0xBC,0xF7,0xBD,0xF7,0xBD,0xF7,0xBD,0xF7,0xBD,0xFF,
    0xBD,0xFF,0xBD,0xFF,0xBD,0xFF,0xBD,0xFF,0xBD,0xFF,0xBD,0xFF,0xBD,0xFF,0xBD,0xFF,
    0xBD,0xFF,0xBD,0xF7,0xBD,0xF7,0xBD,0xF7,0xBD,0xF7,0xBD,0xF7,0xBD,0xF7,0xBD,0xF7,
    0xBD,0xF7,0xBD,0xF7,0xBD,0xF7,0xBD,0xF7,0xBD,0xF7,0xBD,0xF7,0xBD,0xF7,0xBD,0xF7,
    0xBD,0xF7,0xBD,0xF7,0xBD,0xF7,0xBD,0xF7,0xBD,0xF7,0xBD,0xF7,0xBD,0xF7,0xBD,0xF7,
    0xBD,0xF7,0xBD,0xF7,0xBC,0xF7,0xBC,0xF7,0xBC,0xF7,0xBC,0xF7,0xBC,0xF7,0xBC,0xF7,
    0xBC,0xF7,0xBC,0xF7,0xBC,0xF7,0xBC,0xF7,0xBC,0xF7,0xBC,0xF7,0xBC,0xF7,0xBC,0xF7,
    0xBC,0xF7,0xBC,0xF7,0xBC,0xF7,0xBC,0xF7,0xBC,0xF7,0xBC,0xF7,0xFE,0xFF,0x7A,0xF7,
    0x9B,0xF7,0x9C,0xF7,0xBD,0xF7,0xBC,0xF7,0xBD,0xFF,0xBC,0xF7,0xBC,0xF7,0xBC,0xF7,
    0xBC,0xF7,0x9C,0xF7,0x9C,0xF7,0xBC,0xF7,0xBC,0xF7,0xBC,0xF7,0xBC,0xF7,0xBC,0xF7,
    0xBC,0xF7,0xBD,0xF7,0xBD,0xF7,0xBD,0xF7,0xBD,0xF7,0xBD,0xF7,0xBC,0xF7,0x9C,0xF7,
    0x9C,0xF7,0xBC,0xF7,0xBC,0xF7,0xBD,0xF7,0xBD,0xF7,0xBD,0xF7,0xBD,0xFF,0xBD,0xFF,
    0xBD,0xF7,0xBD,0xFF,0xBD,0xFF,0xBD,0xFF,0xBD,0xFF,0xBD,0xFF,0xBD,0xFF,0xBD,0xFF,
    0xBD,0xF7,0xBD,0xF7,0xBD,0xF7,0xBD,0xF7,0xBD,0xF7,0xBD,0xF7,0xBD,0xF7,0xBD,0xF7,
    0xBD,0xF7,0xBD,0xF7,0xBD,0xF7,0xBD,0xF7,0xBD,0xF7,0xBD,0xF7,0xBD,0xF7,0xBD,0xF7,
    0xBD,0xF7,0xBD,0xF7,0xBD,0xF7,0xBD,0xF7,0xBD,0xF7,0xBD,0xF7,0xBD,0xF7,0xBD,0xF7,
    0xBD,0xF7,0xBD,0xF7,0xBD,0xF7,0xBD,0xF7,0xBC,0xF7,0xBC,0xF7,0xBC,0xF7,0xBC,0xF7,
    0xBC,0xF7,0xBC,0xF7,0xBC,0xF7,0xBC,0xF7,0xBC,0xF7,0xBC,0xF7,0xBC,0xF7,0x9C,0xF7,
    0x9C,0xF7,0x9C,0xF7,0x9C,0xF7,0x9C,0xF7,0x9C,0xF7,0x9C,0xF7,0xFE,0xFF,0x7A,0xF7,
    0x7B,0xF7,0x9C,0xF7,0xBD,0xF7,0xBC,0xF7,0xBD,0xFF,0xBD,0xF7,0xBC,0xF7,0xBC,0xF7,
    0x9C,0xF7,0x9C,0xF7,0x9C,0xF7,0x9C,0xF7,0xBC,0xF7,0x9C,0xF7,0xBC,0xF7,0xBC,0xF7,
    0xBC,0xF7,0x9C,0xF7,0x9C,0xF7,0x9C,0xF7,0x9C,0xF7,0x9C,0xF7,0x9C,0xF7,0xBC,0xF7,
    0xBC,0xF7,0xBD,0xF7,0xBD,0xF7,0xBD,0xF7,0xBD,0xF7,0xBD,0xF7,0xBD,0xF7,0xBD,0xF7,
    0xBD,0xF7,0xBD,0xFF,0xBD,0xFF,0xBD,0xFF,0xBD,0xFF,0xBD,0xFF,0xBD,0xFF,0xBD,0xFF,
    0xBD,0xF7,0xBD,0xF7,0xBD,0xF7,0xBD,0xF7,0xBD,0xF7,0xBD,0xF7,0xBD,0xF7,0xBD,0xF7,
    0xBD,0xF7,0xBD,0xF7,0xBD,0xF7,0xBD,0xF7,0xBD,0xF7,0xBD,0xF7,0xBD,0xF7,0xBD,0xF7,
    0xBD,0xF7,0xBD,0xF7,0xBD,0xF7,0xBD,0xF7,0xBD,0xF7,0xBD,0xF7,0xBD,0xF7,0xBD,0xF7,
    0xBD,0xF7,0xBD,0xF7,0xBD,0xF7,0xBD,0xF7,0xBC,0xF7,0xBC,0xF7,0xBC,0xF7,0xBC,0xF7,
    0xBC,0xF7,0xBC,0xF7,0xBC,0xF7,0xBC,0xF7,0xBC,0xF7,0xBC,0xF7,0xBC,0xF7,0xBC,0xF7,
    0xBC,0xF7,0xBC,0xF7,0xBC,0xF7,0xBC,0xF7,0xBC,0xF7,0xBC,0xF7,0xFE,0xFF,0x7A,0xF7,
    0x7B,0xF7,0x9B,0xF7,0xBD,0xF7,0x9B,0xF7,0xBD,0xFF,0xBC,0xF7,0xBC,0xF7,0xBC,0xF7,
    0xBC,0xF7,0x9C,0xF7,0xBC,0xF7,0x9C,0xF7,0x9C,0xF7,0x9C,0xF7,0x9C,0xF7,0x9C,0xF7,
    0x9C,0xF7,0x9C,0xF7,0xBC,0xF7,0xBC,0xF7,0xBC,0xF7,0xBC,0xF7,0xBC,0xF7,0xBD,0xF7,
    0xBD,0xF7,0xBD,0xF7,0xBD,0xF7,0xBD,0xF7,0xBD,0xF7,0xBD,0xF7,0xBD,0xFF,0xBD,0xF7,
    0xBD,0xFF,0xBD,0xFF,0xBD,0xFF,0xBD,0xFF,0xBD,0xFF,0xBD,0xFF,0xBD,0xFF,0xBD,0xFF,
    0xBD,0xFF,0xBD,0xFF,0xBD,0xFF,0xBD,0xF7,0xBD,0xF7,0xBD,0xF7,0xBD,0xF7,0xBD,0xF7,
    0xBD,0xF7,0xBD,0xF7,0xBD,0xF7,0xBD,0xF7,0xBD,0xF7,0xBD,0xF7,0xBD,0xF7,0xBD,0xF7,
    0xBD,0xF7,0xBD,0xF7,0xBD,0xF7,0xBD,0xF7,0xBD,0xF7,0xBD,0xF7,0xBD,0xF7,0xBD,0xF7,
    0xBD,0xF7,0xBD,0xF7,0xBD,0xF7,0xBD,0xF7,0xBD,0xF7,0xBD,0xF7,0xBD,0xF7,0xBD,0xF7,
    0xBD,0xF7,0xBD,0xF7,0xBD,0xF7,0xBD,0xF7,0xBD,0xF7,0xBD,0xF7,0xBD,0xF7,0xBD,0xF7,
    0xBD,0xF7,0xBD,0xF7,0xBD,0xF7,0xBD,0xF7,0xBD,0xF7,0xBD,0xF7,0xFE,0xFF,0x59,0xEF,
    0x9B,0xF7,0x7A,0xF7,0xDD,0xFF,0x9B,0xF7,0xBC,0xF7,0xBD,0xFF,0xBC,0xF7,0xBC,0xF7,
    0xBC,0xF7,0x9C,0xF7,0xBC,0xF7,0xBC,0xF7,0x9C,0xF7,0xBC,0xF7,0xBC,0xF7,0x9C,0xF7,
    0x9C,0xF7,0xBC,0xF7,0xBC,0xF7,0xBC,0xF7,0xBD,0xF7,0xBD,0xF7,0xBD,0xF7,0xBD,0xF7,
    0xBD,0xF7,0xBD,0xF7,0xBD,0xF7,0xBD,0xF7,0xBD,0xF7,0xBD,0xFF,0xBD,0xFF,0xBD,0xFF,
    0xBD,0xFF,0xBD,0xFF,0xBD,0xFF,0xBD,0xFF,0xBD,0xFF,0xBD,0xFF,0xBD,0xFF,0xBD,0xFF,
    0xBD,0xFF,0xDD,0xFF,0xDD,0xFF,0xDD,0xFF,0xDD,0xFF,0xDD,0xFF,0xDD,0xFF,0xDD,0xFF,
    0xDD,0xFF,0xDD,0xFF,0xDD,0xFF,0xDE,0xFF,0xDE,0xFF,0xDE,0xFF,0xDE,0xFF,0xDE,0xFF,
    0xDE,0xFF,0xDE,0xFF,0xDE,0xFF,0xDE,0xFF,0xDE,0xFF,0xDE,0xFF,0xDE,0xFF,0xDE,0xFF,
    0xDE,0xFF,0xDE,0xFF,0xDE,0xFF,0xDE,0xFF,0xDE,0xFF,0xDE,0xFF,0xDE,0xFF,0xDE,0xFF,
    0xDE,0xFF,0xFE,0xFF,0xFE,0xFF,0xFE,0xFF,0xFE,0xFF,0xFE,0xFF,0xFE,0xFF,0xFE,0xFF,
    0xFE,0xFF,0xFE,0xFF,0xFE,0xFF,0xFF,0xFF,0xFF,0xFF,0xFF,0xFF,0xBC,0xFF,0x38,0xEF,
    0x9B,0xF7,0x7B,0xF7,0x9B,0xF7,0xFE,0xFF,0x9B,0xF7,0xBD,0xFF,0xBD,0xFF,0xBC,0xF7,
    0xBC,0xF7,0xBD,0xF7,0xBD,0xF7,0xBD,0xF7,0xBD,0xF7,0xBD,0xF7,0xBD,0xF7,0xBD,0xF7,
    0xBD,0xF7,0xBD,0xF7,0xBD,0xF7,0xBD,0xF7,0xBD,0xF7,0xBD,0xFF,0xBD,0xF7,0xBD,0xFF,
    0xBD,0xFF,0xBD,0xFF,0xDD,0xFF,0xDD,0xFF,0xDD,0xFF,0xDD,0xFF,0xDD,0xFF,0xDD,0xFF,
    0xDD,0xFF,0xDD,0xFF,0xDD,0xFF,0xDD,0xFF,0xDD,0xFF,0xDD,0xFF,0xDD,0xFF,0xDD,0xFF,
    0xDD,0xFF,0xDE,0xFF,0xDE,0xFF,0xDE,0xFF,0xDE,0xFF,0xDE,0xFF,0xDE,0xFF,0xDE,0xFF,
    0xDE,0xFF,0xDE,0xFF,0xDE,0xFF,0xDE,0xFF,0xDE,0xFF,0xDE,0xFF,0xDE,0xFF,0xDE,0xFF,
    0xDE,0xFF,0xFE,0xFF,0xFE,0xFF,0xFE,0xFF,0xFE,0xFF,0xFE,0xFF,0xFE,0xFF,0xFE,0xFF,
    0xFF,0xFF,0xFF,0xFF,0xFF,0xFF,0xFF,0xFF,0xFF,0xFF,0xFF,0xFF,0xFF,0xFF,0xFF,0xFF,
    0xFF,0xFF,0xFF,0xFF,0xFF,0xFF,0xFF,0xFF,0xFF,0xFF,0xFF,0xFF,0xFF,0xFF,0xFF,0xFF,
    0xFF,0xFF,0xFF,0xFF,0xFF,0xFF,0xFF,0xFF,0xFF,0xFF,0xFF,0xFF,0x7A,0xF7,0x59,0xEF,
    0x9B,0xF7,0x7B,0xF7,0x7A,0xF7,0xBC,0xFF,0xFE,0xFF,0xBC,0xF7,0xBC,0xF7,0xBC,0xF7,
    0xBC,0xF7,0x9C,0xF7,0xBC,0xF7,0xBC,0xF7,0xBC,0xF7,0x9C,0xF7,0x9C,0xF7,0x9C,0xF7,
    0xBC,0xF7,0x9C,0xF7,0x9C,0xF7,0x9C,0xF7,0xBC,0xF7,0xBC,0xF7,0xBC,0xF7,0xBC,0xF7,
    0xBC,0xF7,0xBC,0xF7,0xBC,0xF7,0xBC,0xF7,0xBD,0xF7,0xBC,0xF7,0xBD,0xF7,0xBD,0xF7,
    0xBD,0xF7,0xBC,0xF7,0xBC,0xF7,0xBC,0xF7,0xBC,0xF7,0xBC,0xF7,0xBC,0xF7,0xBC,0xF7,
    0xBC,0xF7,0xBC,0xF7,0xBC,0xF7,0xBC,0xF7,0xBC,0xF7,0xBC,0xF7,0xBC,0xF7,0xBC,0xF7,
    0xBC,0xF7,0xBC,0xF7,0x9C,0xF7,0x9C,0xF7,0x9C,0xF7,0x9C,0xF7,0x9C,0xF7,0x9C,0xF7,
    0x9C,0xF7,0x9C,0xF7,0x9C,0xF7,0x9C,0xF7,0x9C,0xF7,0x9C,0xF7,0x9C,0xF7,0x9C,0xF7,
    0x9C,0xF7,0x9C,0xF7,0x9C,0xF7,0x9C,0xF7,0x9C,0xF7,0x9B,0xF7,0x9C,0xF7,0x9C,0xF7,
    0x9C,0xF7,0x9C,0xF7,0x9C,0xF7,0x9C,0xF7,0x9C,0xF7,0x9C,0xF7,0x9C,0xF7,0x9C,0xF7,
    0xBC,0xF7,0xBC,0xF7,0x9C,0xEF,0xDD,0xF7,0xFF,0xFF,0xBB,0xF7,0x59,0xEF,0x7A,0xF7,
    0x9B,0xF7,0x7B,0xF7,0x7B,0xF7,0x5A,0xF7,0xBC,0xFF,0xFE,0xFF,0xDD,0xFF,0xDC,0xFF,
    0xBC,0xF7,0xBC,0xF7,0xBC,0xF7,0xBC,0xF7,0xBC,0xF7,0xBC,0xF7,0xBC,0xF7,0xBC,0xF7,
    0xBC,0xF7,0xBC,0xF7,0xBC,0xF7,0x9C,0xF7,0xBC,0xF7,0xBC,0xF7,0xBC,0xF7,0xBC,0xF7,
    0xBC,0xF7,0xBC,0xF7,0xBC,0xF7,0xBD,0xF7,0xBD,0xF7,0xBD,0xF7,0xBD,0xF7,0xBD,0xF7,
    0xBD,0xF7,0xBD,0xF7,0xBD,0xF7,0xBD,0xF7,0xBD,0xF7,0xBD,0xF7,0xBD,0xF7,0xBD,0xF7,
    0xBD,0xF7,0xBD,0xF7,0xBD,0xF7,0xBD,0xF7,0xBC,0xF7,0xBC,0xF7,0xBC,0xF7,0xBC,0xF7,
    0xBC,0xF7,0xBC,0xF7,0xBC,0xF7,0xBC,0xF7,0xBC,0xF7,0xBC,0xF7,0xBC,0xF7,0xBC,0xF7,
    0xBC,0xF7,0xBC,0xF7,0xBC,0xF7,0xBC,0xF7,0x9C,0xF7,0x9C,0xF7,0x9C,0xF7,0xBC,0xF7,
    0xBC,0xF7,0xBC,0xF7,0xBC,0xF7,0x9C,0xF7,0x9C,0xF7,0x9C,0xF7,0x9C,0xF7,0xBC,0xF7,
    0x9C,0xF7,0xBC,0xF7,0xBC,0xF7,0xBC,0xF7,0xBC,0xF7,0xBC,0xF7,0xBC,0xF7,0xBC,0xF7,
    0xBC,0xF7,0xDD,0xFF,0xFF,0xFF,0xFE,0xFF,0x9A,0xF7,0x38,0xEF,0x5A,0xEF,0x7B,0xF7,
    0x9B,0xF7,0x9B,0xF7,0x7B,0xF7,0x7B,0xF7,0x59,0xEF,0x7A,0xF7,0xBC,0xFF,0xDD,0xFF,
    0xFD,0xFF,0xFD,0xFF,0xFD,0xFF,0xFD,0xFF,0xFD,0xFF,0xFD,0xFF,0xFD,0xFF,0xFD,0xFF,
    0xFD,0xFF,0xFD,0xFF,0xFD,0xFF,0xFD,0xFF,0xFD,0xFF,0xFD,0xFF,0xFD,0xFF,0xFD,0xFF,
    0xFD,0xFF,0xFD,0xFF,0xFD,0xFF,0xFE,0xFF,0xFE,0xFF,0xFE,0xFF,0xFE,0xFF,0xFE,0xFF,
    0xFE,0xFF,0xFD,0xFF,0xFD,0xFF,0xFD,0xFF,0xFD,0xFF,0xFD,0xFF,0xFD,0xFF,0xFD,0xFF,
    0xFD,0xFF,0xFD,0xFF,0xFD,0xFF,0xFD,0xFF,0xFD,0xFF,0xFD,0xFF,0xFD,0xFF,0xFD,0xFF,
    0xFD,0xFF,0xFD,0xFF,0xFD,0xFF,0xFD,0xFF,0xFD,0xFF,0xFD,0xFF,0xFD,0xFF,0xFD,0xFF,
    0xFD,0xFF,0xFD,0xFF,0xFD,0xFF,0xFD,0xFF,0xFD,0xFF,0xFD,0xFF,0xFD,0xFF,0xFD,0xFF,
    0xFD,0xFF,0xFD,0xFF,0xFD,0xFF,0xFD,0xFF,0xFD,0xFF,0xFD,0xFF,0xFD,0xFF,0xFD,0xFF,
    0xFD,0xFF,0xFD,0xFF,0xFD,0xFF,0xFD,0xFF,0xFD,0xFF,0xFD,0xFF,0xFD,0xFF,0xFD,0xFF,
    0xFD,0xFF,0xDD,0xFF,0xBC,0xF7,0x59,0xEF,0x38,0xEF,0x59,0xEF,0x5A,0xF7,0x7B,0xF7,
};
const lv_image_dsc_t ui_img_environment_v3_iaq_card = {
    .header = { .magic = LV_IMAGE_HEADER_MAGIC, .cf = LV_COLOR_FORMAT_RGB565,
                .flags = 0, .w = 88, .h = 46, .stride = 176, .reserved_2 = 0 },
    .data_size = sizeof(ui_img_environment_v3_iaq_card_data), .data = ui_img_environment_v3_iaq_card_data, .reserved = NULL,
};

static const LV_ATTRIBUTE_MEM_ALIGN uint8_t ui_img_environment_v3_pressure_card_data[] = {
    0x9C,0xF7,0x9C,0xF7,0x9C,0xF7,0x9C,0xF7,0x9C,0xF7,0x9C,0xF7,0x9C,0xEF,0x7B,0xE7,
    0x5B,0xE7,0x5B,0xE7,0x5B,0xE7,0x5B,0xE7,0x5B,0xE7,0x5B,0xE7,0x5B,0xDF,0x5B,0xE7,
    0x5B,0xE7,0x5B,0xE7,0x5B,0xE7,0x5B,0xE7,0x5B,0xE7,0x5B,0xE7,0x5B,0xE7,0x5B,0xDF,
    0x5B,0xE7,0x5B,0xE7,0x5B,0xE7,0x5B,0xE7,0x5B,0xE7,0x5B,0xE7,0x5B,0xE7,0x5B,0xE7,
    0x5B,0xE7,0x5B,0xE7,0x5B,0xE7,0x5B,0xE7,0x5B,0xE7,0x5B,0xE7,0x7B,0xE7,0x7B,0xE7,
    0x7B,0xE7,0x5B,0xE7,0x5B,0xE7,0x5B,0xE7,0x5B,0xE7,0x5B,0xE7,0x5B,0xE7,0x5B,0xE7,
    0x5B,0xE7,0x5B,0xE7,0x5B,0xE7,0x5B,0xE7,0x5B,0xE7,0x5B,0xE7,0x5B,0xE7,0x5B,0xE7,
    0x7B,0xE7,0x7B,0xE7,0x7B,0xE7,0x7B,0xE7,0x7B,0xE7,0x7B,0xE7,0x7B,0xE7,0x7B,0xE7,
    0x7B,0xE7,0x5B,0xE7,0x5B,0xE7,0x5B,0xE7,0x5B,0xE7,0x5B,0xE7,0x5B,0xE7,0x5B,0xE7,
    0x7B,0xE7,0x7B,0xE7,0x7B,0xE7,0x5B,0xE7,0x5B,0xE7,0x7B,0xE7,0x7B,0xE7,0x7B,0xE7,
    0x7B,0xE7,0x7B,0xE7,0x7B,0xE7,0x9C,0xEF,0x9C,0xF7,0x9C,0xF7,0x9C,0xF7,0x9C,0xF7,
    0x9C,0xF7,0x9C,0xF7,0x9C,0xF7,0x9C,0xF7,0x9C,0xF7,0x9C,0xF7,0x9C,0xEF,0x5B,0xDF,
    0x7C,0xE7,0x9D,0xEF,0x9D,0xEF,0x9D,0xEF,0x9D,0xEF,0x9D,0xEF,0x9D,0xEF,0x9D,0xEF,
    0x9D,0xEF,0x9D,0xEF,0x9D,0xEF,0x9D,0xEF,0x9C,0xEF,0x9C,0xEF,0x9C,0xEF,0x9C,0xEF,
    0x9C,0xEF,0x9C,0xEF,0x9C,0xEF,0x9C,0xEF,0x9C,0xEF,0x9D,0xEF,0x9D,0xEF,0x9D,0xEF,
    0x9C,0xEF,0x9C,0xEF,0x9D,0xEF,0x9D,0xEF,0x9D,0xEF,0x9C,0xEF,0x9D,0xEF,0x9D,0xEF,
    0x9D,0xEF,0x9C,0xEF,0x9D,0xEF,0x9D,0xEF,0x9D,0xEF,0x9D,0xEF,0x9D,0xEF,0x9D,0xEF,
    0x9D,0xEF,0x9D,0xEF,0x9D,0xEF,0x9D,0xEF,0x9D,0xEF,0x9D,0xEF,0x9D,0xEF,0xBD,0xEF,
    0x9D,0xEF,0x9D,0xEF,0xBD,0xEF,0xBD,0xEF,0xBD,0xEF,0xBD,0xEF,0xBD,0xEF,0xBD,0xEF,
    0xBD,0xEF,0xBD,0xEF,0xBD,0xEF,0x9D,0xEF,0x9D,0xEF,0x9D,0xEF,0x9D,0xEF,0x9D,0xEF,
    0x9D,0xEF,0x9D,0xEF,0xBD,0xEF,0xBD,0xEF,0xBD,0xEF,0x9D,0xEF,0x9D,0xEF,0xBD,0xEF,
    0xBD,0xF7,0xBD,0xEF,0xBD,0xEF,0xBD,0xEF,0xBD,0xEF,0x9D,0xEF,0x7C,0xE7,0x9D,0xEF,
    0x9C,0xF7,0x9C,0xF7,0x9C,0xF7,0x9C,0xF7,0x9C,0xF7,0x9C,0xF7,0x9C,0xF7,0x7C,0xE7,
    0x5B,0xDF,0xDE,0xF7,0xDE,0xFF,0xDE,0xFF,0xDE,0xFF,0xDE,0xFF,0xDE,0xFF,0xDE,0xFF,
    0xDE,0xFF,0xBE,0xFF,0xBE,0xFF,0xBE,0xFF,0xBE,0xFF,0xBE,0xFF,0xBE,0xFF,0xBE,0xFF,
    0xBE,0xFF,0xBE,0xFF,0xBE,0xFF,0xBD,0xFF,0xBD,0xFF,0xBD,0xFF,0xBD,0xFF,0xBD,0xFF,
    0xBD,0xFF,0xBD,0xFF,0xBD,0xFF,0xBD,0xFF,0xDE,0xFF,0xDE,0xFF,0xBD,0xFF,0xDE,0xFF,
    0xDE,0xFF,0xBD,0xFF,0xBE,0xFF,0xDE,0xFF,0xDE,0xFF,0xDE,0xFF,0xDE,0xFF,0xDE,0xFF,
    0xDE,0xFF,0xDE,0xFF,0xDE,0xFF,0xDE,0xFF,0xDE,0xFF,0xDE,0xFF,0xDE,0xFF,0xDE,0xFF,
    0xDE,0xFF,0xDE,0xFF,0xDE,0xFF,0xDE,0xFF,0xDE,0xFF,0xDE,0xFF,0xDE,0xFF,0xDE,0xFF,
    0xBE,0xFF,0xDE,0xFF,0xBE,0xFF,0xBE,0xFF,0xDE,0xFF,0xDE,0xFF,0xDE,0xFF,0xDE,0xFF,
    0xDE,0xFF,0xDE,0xFF,0xDE,0xFF,0xDE,0xFF,0xDE,0xFF,0xDE,0xFF,0xDE,0xFF,0xDE,0xFF,
    0xDE,0xFF,0xDE,0xFF,0xDE,0xFF,0xDE,0xFF,0xDE,0xFF,0xDE,0xFF,0xDE,0xFF,0xDE,0xFF,
    0xDE,0xFF,0x9D,0xEF,0x9D,0xE7,0x9C,0xF7,0x9C,0xF7,0x9C,0xF7,0x9C,0xF7,0x9B,0xF7,
    0x9C,0xF7,0x5B,0xDF,0xDF,0xFF,0xBE,0xF7,0x9D,0xF7,0x9D,0xF7,0x9D,0xF7,0x9D,0xF7,
    0x9D,0xF7,0x9D,0xF7,0x9D,0xF7,0x9D,0xF7,0x9D,0xF7,0x9D,0xF7,0x9D,0xF7,0x9D,0xF7,
    0xBD,0xF7,0x9D,0xF7,0x9D,0xF7,0x9D,0xF7,0x9D,0xF7,0x9D,0xF7,0x9D,0xF7,0x9D,0xF7,
    0x9D,0xF7,0xBD,0xF7,0x9D,0xF7,0x9D,0xF7,0x9D,0xF7,0xBD,0xF7,0xBD,0xF7,0xBD,0xF7,
    0xBD,0xF7,0xBD,0xF7,0x9D,0xF7,0x9D,0xF7,0x9D,0xF7,0xBD,0xF7,0xBD,0xF7,0xBD,0xF7,
    0xBD,0xF7,0xBD,0xF7,0xBD,0xF7,0xBD,0xF7,0x9D,0xF7,0x9D,0xF7,0x9D,0xF7,0x9D,0xF7,
    0x9D,0xF7,0x9D,0xF7,0x9D,0xF7,0x9D,0xF7,0x9D,0xF7,0x9D,0xF7,0x9D,0xF7,0x9D,0xF7,
    0x9D,0xF7,0x9D,0xF7,0x9D,0xF7,0x9D,0xF7,0x9D,0xF7,0x9D,0xF7,0x9D,0xF7,0x9D,0xF7,
    0x9D,0xF7,0x9D,0xF7,0x9D,0xF7,0x9D,0xF7,0x9D,0xF7,0x9D,0xF7,0x9D,0xF7,0x9D,0xF7,
    0x9D,0xF7,0x9D,0xF7,0x9D,0xF7,0xBD,0xF7,0xBD,0xF7,0xBD,0xF7,0xBD,0xF7,0xBD,0xF7,
    0xBD,0xF7,0xBD,0xF7,0xBD,0xF7,0xDE,0xFF,0x9D,0xEF,0x9D,0xEF,0x9C,0xF7,0x9C,0xF7,
    0x9B,0xF7,0x9B,0xF7,0x5B,0xE7,0xBD,0xEF,0xBE,0xFF,0x9D,0xF7,0x9D,0xF7,0x9D,0xF7,
    0x9D,0xF7,0x9D,0xF7,0x9D,0xF7,0x9D,0xF7,0x9D,0xF7,0x9D,0xF7,0x9D,0xF7,0x9D,0xF7,
    0x9D,0xF7,0x9D,0xF7,0x9D,0xF7,0x9D,0xF7,0x9D,0xF7,0x9D,0xF7,0x9D,0xF7,0xBD,0xF7,
    0xBD,0xF7,0x9D,0xF7,0x9D,0xF7,0x9D,0xF7,0x9D,0xF7,0x9D,0xF7,0x9D,0xF7,0x9D,0xF7,
    0x9D,0xF7,0x9D,0xF7,0x9D,0xF7,0x9D,0xF7,0x9D,0xF7,0x9D,0xF7,0x9D,0xF7,0x9D,0xF7,
    0xBD,0xF7,0xBD,0xF7,0xBD,0xF7,0x9D,0xF7,0x9D,0xF7,0x9D,0xF7,0x9D,0xF7,0x9D,0xF7,
    0x9D,0xF7,0x9D,0xF7,0x9D,0xF7,0x9D,0xF7,0x9D,0xF7,0x9D,0xF7,0x9D,0xF7,0x9D,0xF7,
    0x9D,0xF7,0x9D,0xF7,0x9D,0xF7,0x9D,0xF7,0x9D,0xF7,0x9D,0xF7,0x9D,0xF7,0x9D,0xF7,
    0x9D,0xF7,0x9D,0xF7,0x9D,0xF7,0x9D,0xF7,0x9D,0xF7,0x9D,0xF7,0x9D,0xF7,0x9D,0xF7,
    0x9D,0xF7,0x9D,0xF7,0x9D,0xF7,0x9D,0xF7,0x9D,0xF7,0x9D,0xF7,0x9D,0xF7,0xBD,0xF7,
    0xBD,0xF7,0xBD,0xF7,0xBD,0xF7,0xBD,0xF7,0xBD,0xF7,0xBD,0xF7,0xBD,0xF7,0xBE,0xF7,
    0x9C,0xEF,0x9B,0xF7,0x7B,0xF7,0x9C,0xF7,0x5B,0xDF,0xDE,0xFF,0x9D,0xF7,0x9D,0xF7,
    0x9D,0xF7,0x9D,0xF7,0x9D,0xF7,0x9D,0xF7,0x9D,0xF7,0x9D,0xF7,0x9D,0xF7,0x9D,0xF7,
    0x9D,0xF7,0x9D,0xF7,0x9D,0xF7,0x9D,0xF7,0xBD,0xF7,0x9D,0xF7,0x9D,0xF7,0x9D,0xF7,
    0x9D,0xF7,0x9D,0xF7,0x9D,0xF7,0x9D,0xF7,0x9D,0xF7,0x9C,0xF7,0x9C,0xF7,0x9C,0xF7,
    0x9C,0xF7,0x9C,0xF7,0x9C,0xF7,0x9C,0xF7,0x9C,0xF7,0x9C,0xF7,0x9C,0xF7,0x9C,0xF7,
    0x9D,0xF7,0xBD,0xF7,0xBD,0xF7,0xBD,0xF7,0xBD,0xF7,0x9D,0xF7,0xBD,0xF7,0xBD,0xF7,
    0x9D,0xF7,0x9D,0xF7,0x9D,0xF7,0x9D,0xF7,0x9D,0xF7,0x9D,0xF7,0x9D,0xF7,0x9D,0xF7,
    0x9D,0xF7,0x9D,0xF7,0x9D,0xF7,0x9D,0xF7,0x9D,0xF7,0x9D,0xF7,0x9D,0xF7,0x9D,0xF7,
    0x9D,0xF7,0x9D,0xF7,0x9D,0xF7,0x9D,0xF7,0x9D,0xF7,0x9D,0xF7,0x9D,0xF7,0x9D,0xF7,
    0x9D,0xF7,0x9D,0xF7,0x9D,0xF7,0x9D,0xF7,0x9D,0xF7,0x9D,0xF7,0x9D,0xF7,0x9D,0xF7,
    0x9D,0xF7,0xBD,0xF7,0x9D,0xF7,0xBD,0xF7,0xBD,0xF7,0xBD,0xF7,0xBD,0xF7,0xBD,0xFF,
    0xBD,0xF7,0xBE,0xF7,0x9C,0xEF,0x7B,0xEF,0x7A,0xF7,0x7B,0xEF,0x7C,0xE7,0xDE,0xFF,
    0x9D,0xF7,0x9D,0xF7,0x9D,0xF7,0x9D,0xF7,0x9D,0xF7,0x9D,0xF7,0x9D,0xF7,0x9D,0xF7,
    0x9D,0xF7,0x9D,0xF7,0x9D,0xF7,0x9D,0xF7,0x9D,0xF7,0xBD,0xF7,0xBD,0xF7,0xBD,0xF7,
    0xBD,0xF7,0xBD,0xF7,0x9D,0xF7,0x9D,0xF7,0x9D,0xF7,0x9D,0xF7,0x9D,0xF7,0x9C,0xF7,
    0x9C,0xF7,0x9C,0xF7,0x9C,0xF7,0x9C,0xF7,0x9C,0xF7,0x9C,0xF7,0x9C,0xF7,0x9C,0xF7,
    0x9C,0xF7,0x9D,0xF7,0xBD,0xF7,0x9D,0xF7,0x9D,0xF7,0xBD,0xF7,0xBD,0xF7,0xBD,0xF7,
    0xBD,0xF7,0x9D,0xF7,0x9D,0xF7,0x9D,0xF7,0x9D,0xF7,0x9D,0xF7,0x9D,0xF7,0x9D,0xF7,
    0x9D,0xF7,0x9D,0xF7,0x9D,0xF7,0x9D,0xF7,0x9D,0xF7,0x9D,0xF7,0x9D,0xF7,0x9D,0xF7,
    0x9D,0xF7,0x9D,0xF7,0x9D,0xF7,0x9D,0xF7,0x9D,0xF7,0x9D,0xF7,0x9D,0xF7,0x9D,0xF7,
    0x9D,0xF7,0x9D,0xF7,0x9D,0xF7,0x9D,0xF7,0x9D,0xF7,0x9D,0xF7,0x9D,0xF7,0x9D,0xF7,
    0x9D,0xF7,0x9D,0xF7,0x9D,0xF7,0xBD,0xF7,0x9D,0xF7,0x9D,0xF7,0xBD,0xF7,0xBD,0xF7,
    0xBD,0xF7,0xBD,0xFF,0xBD,0xF7,0xBE,0xF7,0xBD,0xF7,0x5A,0xEF,0x7A,0xF7,0x7B,0xEF,
    0x7C,0xE7,0xDE,0xFF,0x9D,0xF7,0x9D,0xF7,0x9D,0xF7,0x9D,0xF7,0x9D,0xF7,0x9D,0xF7,
    0x9D,0xF7,0x9D,0xF7,0x9D,0xF7,0x9D,0xF7,0x9D,0xF7,0xBD,0xF7,0xBE,0xF7,0xDE,0xFF,
    0xDE,0xFF,0xDE,0xF7,0xDE,0xF7,0xDE,0xFF,0xDE,0xF7,0xBD,0xF7,0xBD,0xF7,0xBD,0xF7,
    0x9D,0xF7,0x9D,0xF7,0x9C,0xF7,0x9C,0xF7,0x9C,0xF7,0x9C,0xF7,0x9C,0xF7,0x9C,0xF7,
    0x9C,0xF7,0x9C,0xF7,0x9D,0xF7,0xBD,0xF7,0x9D,0xF7,0xBD,0xFF,0xFE,0xFF,0xDD,0xFF,
    0xDE,0xFF,0xDE,0xFF,0xBD,0xF7,0xDE,0xFF,0xFF,0xFF,0xFE,0xFF,0xFE,0xFF,0xFE,0xFF,
    0xBD,0xFF,0x9D,0xF7,0x9D,0xF7,0x9D,0xF7,0x9D,0xF7,0x9D,0xF7,0x9D,0xF7,0x9D,0xF7,
    0x9D,0xF7,0x9D,0xF7,0x9D,0xF7,0x9D,0xF7,0x9D,0xF7,0x9D,0xF7,0x9D,0xF7,0x9D,0xF7,
    0x9D,0xF7,0x9D,0xF7,0x9D,0xF7,0x9D,0xF7,0x9D,0xF7,0x9D,0xF7,0x9D,0xF7,0x9D,0xF7,
    0x9D,0xF7,0x9D,0xF7,0x9D,0xF7,0x9D,0xF7,0x9D,0xF7,0x9D,0xF7,0x9D,0xF7,0x9D,0xF7,
    0xBD,0xF7,0xBD,0xF7,0xBD,0xF7,0xBD,0xFF,0xBD,0xF7,0xBD,0xF7,0xBD,0xF7,0x39,0xE7,
    0x7A,0xEF,0x7B,0xEF,0x7C,0xE7,0xDE,0xFF,0x9D,0xF7,0x9D,0xF7,0x9D,0xF7,0x9D,0xF7,
    0x9D,0xF7,0x9D,0xF7,0x9D,0xF7,0x9D,0xF7,0x9D,0xF7,0xBE,0xF7,0xDE,0xFF,0xBD,0xF7,
    0x9C,0xF7,0x9B,0xEF,0x7A,0xEF,0x7A,0xE7,0x7A,0xEF,0x9B,0xEF,0x9C,0xEF,0xBD,0xF7,
    0xDE,0xF7,0xBD,0xF7,0xBD,0xF7,0x9D,0xF7,0x9D,0xF7,0x9C,0xF7,0x9C,0xF7,0x9C,0xF7,
    0x9C,0xF7,0x9C,0xF7,0x9C,0xF7,0x9C,0xF7,0x9D,0xF7,0x9D,0xF7,0xDE,0xFF,0xFA,0xDE,
    0xD6,0xB5,0x5C,0xEF,0xFA,0xDE,0x1B,0xE7,0xBD,0xF7,0xFB,0xE6,0xF7,0xBD,0x17,0xC6,
    0x17,0xC6,0xF6,0xBD,0x3B,0xE7,0xBD,0xF7,0x9D,0xF7,0x9D,0xF7,0x9D,0xF7,0x9D,0xF7,
    0x9D,0xF7,0x9D,0xF7,0x9D,0xF7,0x9D,0xF7,0x9D,0xF7,0x9D,0xF7,0x9D,0xF7,0x9D,0xF7,
    0x9D,0xF7,0x9D,0xF7,0x9D,0xF7,0x9D,0xF7,0x9D,0xF7,0x9D,0xF7,0x9D,0xF7,0x9D,0xF7,
    0x9D,0xF7,0x9D,0xF7,0x9D,0xF7,0x9D,0xF7,0x9D,0xF7,0x9D,0xF7,0x9D,0xF7,0x9D,0xF7,
    0x9D,0xF7,0x9D,0xF7,0xBD,0xF7,0xBD,0xF7,0xBD,0xF7,0xBD,0xF7,0xBD,0xF7,0xBD,0xF7,
    0xBD,0xF7,0x18,0xE7,0x7A,0xEF,0x7B,0xEF,0x9C,0xE7,0xDE,0xFF,0x9D,0xF7,0x9D,0xF7,
    0x9D,0xF7,0x9D,0xF7,0x9D,0xF7,0x9D,0xF7,0x9D,0xF7,0xBD,0xF7,0xDE,0xFF,0xBD,0xF7,
    0x7B,0xEF,0x59,0xE7,0x38,0xDF,0x38,0xDF,0x38,0xDF,0x39,0xE7,0x59,0xE7,0x59,0xE7,
    0x7A,0xE7,0x7A,0xEF,0x9B,0xEF,0xBD,0xF7,0xDE,0xF7,0xBD,0xF7,0x9D,0xF7,0x9D,0xF7,
    0x9C,0xF7,0x9C,0xF7,0x9C,0xF7,0x9C,0xF7,0x9C,0xF7,0x9C,0xF7,0x9D,0xF7,0x9D,0xF7,
    0xFF,0xFF,0x50,0x84,0x2D,0x63,0x71,0x8C,0xEF,0x7B,0xB2,0x94,0xFF,0xFF,0x71,0x8C,
    0xF3,0x9C,0x13,0x9D,0x91,0x8C,0xB6,0xB5,0x1B,0xE7,0xDE,0xFF,0x9D,0xF7,0x9D,0xF7,
    0x9D,0xF7,0x9D,0xF7,0x9D,0xF7,0x9D,0xF7,0x9D,0xF7,0x9D,0xF7,0x9D,0xF7,0x9D,0xF7,
    0x9D,0xF7,0x9D,0xF7,0x9D,0xF7,0x9D,0xF7,0x9D,0xF7,0x9D,0xF7,0x9D,0xF7,0x9D,0xF7,
    0x9D,0xF7,0x9D,0xF7,0x9D,0xF7,0x9D,0xF7,0x9D,0xF7,0x9D,0xF7,0x9D,0xF7,0x9D,0xF7,
    0x9D,0xF7,0x9D,0xF7,0x9D,0xF7,0x9D,0xF7,0xBD,0xF7,0xBD,0xF7,0xBD,0xF7,0xBD,0xFF,
    0xBD,0xF7,0xBD,0xF7,0xDE,0xF7,0x18,0xE7,0x7A,0xEF,0x7B,0xEF,0x9C,0xE7,0xDE,0xFF,
    0x9D,0xF7,0x9D,0xF7,0x9D,0xF7,0x9D,0xF7,0x9D,0xF7,0x9D,0xF7,0xBD,0xF7,0xDE,0xFF,
    0x9B,0xF7,0x38,0xDF,0x38,0xDF,0x38,0xDF,0x39,0xE7,0x59,0xE7,0x59,0xE7,0x59,0xE7,
    0x59,0xE7,0x5A,0xE7,0x7A,0xEF,0x7A,0xEF,0x7A,0xEF,0x9B,0xEF,0xBC,0xF7,0xDD,0xF7,
    0xBD,0xF7,0x9D,0xF7,0x9D,0xF7,0x9C,0xF7,0x9C,0xF7,0x9C,0xF7,0x9C,0xF7,0x9C,0xF7,
    0x9C,0xF7,0xDE,0xFF,0x58,0xCE,0xEF,0x7B,0xF3,0x9C,0x92,0x94,0xD2,0x9C,0xBA,0xD6,
    0xFF,0xFF,0x91,0x94,0xDA,0xD6,0xB6,0xB5,0xD2,0x9C,0x9D,0xF7,0x9D,0xF7,0xBD,0xF7,
    0x9D,0xF7,0x9D,0xF7,0x9D,0xF7,0x9D,0xF7,0x9D,0xF7,0x9D,0xF7,0x9D,0xF7,0x9D,0xF7,
    0x9D,0xF7,0x9D,0xF7,0x9D,0xF7,0x9D,0xF7,0x9D,0xF7,0x9D,0xF7,0x9D,0xF7,0x9D,0xF7,
    0x9D,0xF7,0x9D,0xF7,0x9D,0xF7,0x9D,0xF7,0x9D,0xF7,0x9D,0xF7,0x9D,0xF7,0x9D,0xF7,
    0x9D,0xF7,0x9D,0xF7,0x9D,0xF7,0x9D,0xF7,0x9D,0xF7,0x9D,0xF7,0x9D,0xF7,0xBD,0xF7,
    0xBD,0xF7,0xBD,0xFF,0x9D,0xF7,0xBD,0xF7,0xDE,0xFF,0x18,0xE7,0x7A,0xEF,0x7B,0xEF,
    0x9C,0xE7,0xDE,0xFF,0x9D,0xF7,0x9D,0xF7,0x9D,0xF7,0x9D,0xF7,0x9C,0xF7,0xBD,0xF7,
    0xDE,0xFF,0x7B,0xEF,0x37,0xDF,0x38,0xDF,0x59,0xE7,0x59,0xE7,0x59,0xE7,0x59,0xE7,
    0x59,0xE7,0x59,0xE7,0x5A,0xE7,0x7A,0xE7,0x7A,0xEF,0x7A,0xEF,0x7B,0xEF,0x7B,0xEF,
    0x9B,0xEF,0xBC,0xF7,0xBD,0xF7,0xBD,0xF7,0x9D,0xF7,0x9C,0xF7,0x9C,0xF7,0x9C,0xF7,
    0x9C,0xF7,0x9D,0xF7,0x9D,0xF7,0xBD,0xF7,0x7C,0xEF,0x95,0xAD,0x92,0x94,0xD3,0x9C,
    0x10,0x84,0xDA,0xDE,0xFF,0xFF,0x71,0x8C,0x92,0x94,0xCF,0x7B,0x0B,0x63,0xB2,0x94,
    0x7C,0xEF,0xBD,0xF7,0x9D,0xF7,0x9D,0xF7,0x9D,0xF7,0x9D,0xF7,0x9D,0xF7,0x9D,0xF7,
    0x9D,0xF7,0x9D,0xF7,0x9D,0xF7,0x9D,0xF7,0x9D,0xF7,0x9D,0xF7,0x9D,0xF7,0x9D,0xF7,
    0x9D,0xF7,0x9D,0xF7,0x9D,0xF7,0x9D,0xF7,0x9D,0xF7,0x9D,0xF7,0x9D,0xF7,0x9D,0xF7,
    0x9D,0xF7,0x9D,0xF7,0x9D,0xF7,0x9D,0xF7,0x9D,0xF7,0x9D,0xF7,0x9D,0xF7,0x9D,0xF7,
    0x9D,0xF7,0xBD,0xF7,0xBD,0xF7,0xBD,0xFF,0x9D,0xF7,0xBD,0xF7,0xDE,0xFF,0x18,0xE7,
    0x7A,0xEF,0x7B,0xEF,0x9C,0xE7,0xDE,0xFF,0x9D,0xF7,0x9D,0xF7,0x9C,0xF7,0x9C,0xF7,
    0xBD,0xF7,0xDE,0xFF,0x7A,0xEF,0x37,0xDF,0x58,0xE7,0x59,0xE7,0x59,0xE7,0x59,0xE7,
    0x59,0xE7,0x7A,0xEF,0x7B,0xEF,0x9B,0xEF,0x9B,0xF7,0x9B,0xEF,0x7A,0xEF,0x7A,0xEF,
    0x7B,0xEF,0x9B,0xEF,0x7B,0xEF,0x9B,0xEF,0xBC,0xF7,0xBD,0xF7,0xBD,0xF7,0x9D,0xF7,
    0x9C,0xF7,0x9C,0xF7,0x9C,0xF7,0x9C,0xF7,0x9D,0xF7,0xBD,0xF7,0xBD,0xF7,0xBD,0xF7,
    0x9C,0xF7,0xFF,0xFF,0xF3,0x9C,0x38,0xC6,0xFF,0xFF,0x50,0x8C,0xFF,0xFF,0xDA,0xDE,
    0x14,0xA5,0x75,0xAD,0x9D,0xF7,0x9D,0xF7,0x9D,0xF7,0x9D,0xF7,0x9D,0xF7,0x9D,0xF7,
    0x9D,0xF7,0x9D,0xF7,0x9D,0xF7,0x9D,0xF7,0x9D,0xF7,0x9D,0xF7,0x9D,0xF7,0x9D,0xF7,
    0x9D,0xF7,0x9D,0xF7,0x9D,0xF7,0x9D,0xF7,0x9D,0xF7,0x9D,0xF7,0x9D,0xF7,0x9D,0xF7,
    0x9D,0xF7,0x9D,0xF7,0x9D,0xF7,0x9D,0xF7,0x9D,0xF7,0x9D,0xF7,0x9D,0xF7,0x9D,0xF7,
    0x9D,0xF7,0x9D,0xF7,0x9D,0xF7,0xBD,0xF7,0xBD,0xF7,0xBD,0xF7,0x9D,0xF7,0xBD,0xF7,
    0xDE,0xFF,0x18,0xE7,0x7A,0xEF,0x7B,0xEF,0x9C,0xE7,0xDE,0xFF,0x9D,0xF7,0x9D,0xF7,
    0x9C,0xF7,0x9C,0xF7,0xBD,0xF7,0x7B,0xEF,0x17,0xDF,0x58,0xDF,0x59,0xE7,0x59,0xE7,
    0x59,0xE7,0x7A,0xEF,0x7A,0xE7,0x37,0xD7,0x15,0xCF,0xF5,0xC6,0x16,0xCF,0x58,0xDF,
    0x9B,0xF7,0xBC,0xF7,0x7A,0xEF,0x7B,0xEF,0x9B,0xEF,0x7B,0xEF,0x9B,0xEF,0xBC,0xF7,
    0xBD,0xF7,0xBD,0xF7,0x9D,0xF7,0x9C,0xF7,0x9D,0xF7,0x9D,0xF7,0xBD,0xF7,0xBD,0xF7,
    0xBD,0xF7,0xBD,0xF7,0x9D,0xF7,0xFE,0xFF,0x95,0xB5,0x2C,0x63,0x17,0xC6,0xEF,0x7B,
    0xB6,0xB5,0x10,0x7C,0xAE,0x73,0x51,0x8C,0x78,0xCE,0xDE,0xFF,0x9D,0xF7,0x9D,0xF7,
    0x9D,0xF7,0x9D,0xF7,0x9D,0xF7,0x9D,0xF7,0x9D,0xF7,0x9D,0xF7,0x9D,0xF7,0x9D,0xF7,
    0x9D,0xF7,0x9D,0xF7,0x9D,0xF7,0x9D,0xF7,0x9D,0xF7,0x9D,0xF7,0x9D,0xF7,0x9D,0xF7,
    0x9D,0xF7,0x9D,0xF7,0x9D,0xF7,0x9D,0xF7,0x9D,0xF7,0x9D,0xF7,0x9D,0xF7,0x9D,0xF7,
    0x9D,0xF7,0x9D,0xF7,0x9D,0xF7,0x9D,0xF7,0x9D,0xF7,0x9D,0xF7,0xBD,0xF7,0xBD,0xF7,
    0x9D,0xF7,0xBD,0xF7,0xDE,0xFF,0x19,0xE7,0x7A,0xEF,0x7B,0xEF,0x9C,0xE7,0xDE,0xFF,
    0x9D,0xF7,0x9C,0xF7,0x9C,0xF7,0xBD,0xF7,0xBC,0xF7,0x37,0xDF,0x38,0xDF,0x59,0xE7,
    0x59,0xE7,0x7A,0xE7,0x7A,0xEF,0x56,0xD7,0x8E,0xA6,0xE8,0x7D,0xA7,0x75,0xA7,0x6D,
    0x65,0x65,0x46,0x65,0xEB,0x85,0xD5,0xC6,0xBC,0xF7,0x9B,0xEF,0x9B,0xEF,0x9B,0xEF,
    0x7A,0xEF,0x9B,0xEF,0xBC,0xF7,0xBD,0xF7,0xBD,0xF7,0xBD,0xF7,0xBD,0xF7,0xBD,0xF7,
    0xBD,0xF7,0xBD,0xF7,0xBD,0xF7,0xBD,0xF7,0xBD,0xF7,0xBD,0xFF,0x3B,0xE7,0x92,0x94,
    0xDB,0xDE,0x79,0xCE,0x38,0xC6,0xF6,0xBD,0xF6,0xBD,0xD6,0xBD,0x1B,0xE7,0xBE,0xFF,
    0x9D,0xF7,0x9D,0xF7,0x9D,0xF7,0x9D,0xF7,0x9D,0xF7,0x9D,0xF7,0x9D,0xF7,0x9D,0xF7,
    0x9D,0xF7,0x9D,0xF7,0x9D,0xF7,0x9D,0xF7,0x9D,0xF7,0x9D,0xF7,0x9D,0xF7,0x9D,0xF7,
    0x9D,0xF7,0x9D,0xF7,0x9D,0xF7,0x9D,0xF7,0x9D,0xF7,0x9D,0xF7,0x9D,0xF7,0x9D,0xF7,
    0x9D,0xF7,0x9D,0xF7,0x9D,0xF7,0x9D,0xF7,0x9D,0xF7,0x9D,0xF7,0x9D,0xF7,0x9D,0xF7,
    0xBD,0xF7,0xBD,0xF7,0x9D,0xF7,0xBD,0xF7,0xDE,0xFF,0x19,0xE7,0x7A,0xF7,0x7B,0xEF,
    0x9C,0xEF,0xDE,0xFF,0x9C,0xF7,0x9C,0xF7,0x9C,0xF7,0xBD,0xF7,0x59,0xE7,0x37,0xDF,
    0x59,0xE7,0x59,0xE7,0x7A,0xEF,0x58,0xDF,0xB0,0xAE,0x2A,0x86,0x0B,0x8E,0xD3,0xB6,
    0x58,0xD7,0x59,0xDF,0x17,0xCF,0x30,0x9E,0x67,0x6D,0x24,0x5D,0x0E,0x9E,0x9B,0xEF,
    0x9B,0xF7,0x9A,0xEF,0x9B,0xEF,0x7A,0xEF,0xBC,0xF7,0xBD,0xF7,0xBD,0xF7,0xBD,0xF7,
    0xBD,0xF7,0xBD,0xF7,0xBD,0xF7,0xBD,0xF7,0xBD,0xF7,0xBD,0xF7,0xBD,0xF7,0x9D,0xF7,
    0xBD,0xFF,0xFF,0xFF,0xDE,0xFF,0xFE,0xFF,0xFE,0xFF,0xFE,0xFF,0xFE,0xFF,0xFE,0xFF,
    0xDE,0xFF,0x9D,0xF7,0xBD,0xF7,0xBD,0xF7,0x9D,0xF7,0x9D,0xF7,0x9D,0xF7,0x9D,0xF7,
    0x9D,0xF7,0x9D,0xF7,0x9D,0xF7,0x9D,0xF7,0x9D,0xF7,0x9D,0xF7,0x9D,0xF7,0x9D,0xF7,
    0x9D,0xF7,0x9D,0xF7,0x9D,0xF7,0x9D,0xF7,0x9D,0xF7,0x9D,0xF7,0x9D,0xF7,0x9D,0xF7,
    0x9D,0xF7,0x9D,0xF7,0x9D,0xF7,0x9D,0xF7,0x9D,0xF7,0x9D,0xF7,0x9D,0xF7,0x9D,0xF7,
    0x9D,0xF7,0x9D,0xF7,0xBD,0xF7,0xBD,0xF7,0x9D,0xF7,0xBD,0xF7,0xDE,0xFF,0x19,0xE7,
    0x7A,0xF7,0x7B,0xEF,0x9C,0xEF,0xDE,0xFF,0x9C,0xF7,0x9C,0xF7,0xBD,0xF7,0x9C,0xF7,
    0x38,0xDF,0x59,0xE7,0x59,0xE7,0x79,0xE7,0x37,0xDF,0x4D,0x9E,0xE9,0x75,0xD4,0xB6,
    0xDE,0xFF,0xBD,0xEF,0x39,0xCF,0xF6,0xBE,0x38,0xC7,0xDE,0xF7,0xDE,0xF7,0x50,0xA6,
    0xE3,0x54,0xAB,0x85,0x9B,0xEF,0x9B,0xEF,0x9B,0xEF,0x9A,0xEF,0x9A,0xEF,0xBC,0xF7,
    0xBD,0xF7,0xBD,0xF7,0xBD,0xF7,0xBD,0xF7,0xBD,0xF7,0xBD,0xF7,0xBD,0xF7,0xBD,0xF7,
    0xBD,0xF7,0xBD,0xF7,0xBD,0xF7,0x9D,0xF7,0x9D,0xF7,0x9D,0xF7,0x9D,0xF7,0x9D,0xF7,
    0x9D,0xF7,0x9D,0xF7,0x9D,0xF7,0xBD,0xF7,0xBD,0xF7,0xBD,0xF7,0xBD,0xF7,0x9D,0xF7,
    0x9D,0xF7,0xBD,0xF7,0xBD,0xF7,0xBD,0xF7,0xBD,0xF7,0xBD,0xF7,0xBD,0xF7,0xBD,0xF7,
    0x9D,0xF7,0x9D,0xF7,0x9D,0xF7,0x9D,0xF7,0xBD,0xF7,0x9D,0xF7,0x9D,0xF7,0x9D,0xF7,
    0x9D,0xF7,0x9D,0xF7,0x9D,0xF7,0x9D,0xF7,0x9D,0xF7,0x9D,0xF7,0x9D,0xF7,0x9D,0xF7,
    0x9D,0xF7,0x9D,0xF7,0x9D,0xF7,0xBD,0xF7,0xBD,0xF7,0xBD,0xF7,0x9D,0xF7,0xBD,0xF7,
    0xDE,0xFF,0x19,0xE7,0x7A,0xF7,0x7B,0xEF,0x9C,0xEF,0xDE,0xFF,0x9C,0xF7,0x9C,0xF7,
    0xBD,0xF7,0x7A,0xE7,0x38,0xDF,0x59,0xE7,0x79,0xE7,0x79,0xE7,0x4D,0x96,0xA8,0x6D,
    0x17,0xC7,0xFF,0xFF,0x93,0x9E,0xCB,0x6D,0xCC,0x6D,0xAA,0x5D,0xCB,0x6D,0xEC,0x6D,
    0xF6,0xBE,0xFF,0xFF,0x51,0xAE,0x82,0x44,0x0F,0x9E,0xBC,0xF7,0x7A,0xEF,0x7A,0xEF,
    0x7A,0xEF,0xBC,0xF7,0xBD,0xF7,0xBD,0xF7,0xBD,0xF7,0xBD,0xF7,0xBD,0xF7,0xBD,0xF7,
    0xBD,0xF7,0xBD,0xF7,0xBD,0xF7,0xBD,0xF7,0xBD,0xF7,0xBD,0xF7,0xBD,0xF7,0xBD,0xF7,
    0xBD,0xF7,0xBD,0xF7,0xBD,0xF7,0xBD,0xF7,0xBD,0xF7,0xBD,0xF7,0xBD,0xF7,0xBD,0xF7,
    0xBD,0xF7,0xBD,0xF7,0xBD,0xF7,0xBD,0xF7,0xBD,0xF7,0xBD,0xF7,0xBD,0xF7,0xBD,0xF7,
    0xBD,0xF7,0xBD,0xF7,0xBD,0xF7,0xBD,0xF7,0x9D,0xF7,0xBD,0xF7,0xBD,0xF7,0xBD,0xF7,
    0x9D,0xF7,0x9D,0xF7,0x9D,0xF7,0x9D,0xF7,0x9D,0xF7,0x9D,0xF7,0x9D,0xF7,0x9D,0xF7,
    0x9D,0xF7,0x9D,0xF7,0x9D,0xF7,0x9D,0xF7,0x9D,0xF7,0xBD,0xF7,0xBD,0xF7,0xBD,0xF7,
    0x9D,0xF7,0xBD,0xF7,0xDE,0xFF,0x19,0xE7,0x7A,0xF7,0x7B,0xEF,0x9C,0xEF,0xDE,0xFF,
    0x9C,0xF7,0x9C,0xF7,0xBC,0xF7,0x58,0xE7,0x59,0xE7,0x59,0xE7,0x9A,0xEF,0xD3,0xBE,
    0xA8,0x6D,0xB3,0xAE,0xFF,0xFF,0x0F,0x86,0xED,0x6D,0x5A,0xD7,0x9C,0xEF,0xB4,0xAE,
    0xDE,0xF7,0x59,0xD7,0xCB,0x6D,0x50,0x96,0xFF,0xFF,0x0D,0x96,0x04,0x55,0xF6,0xCE,
    0xBB,0xF7,0x7A,0xEF,0x7A,0xEF,0x9B,0xEF,0xBD,0xF7,0xBD,0xF7,0xBD,0xF7,0xBD,0xF7,
    0xBD,0xF7,0xBD,0xF7,0xBD,0xF7,0xBD,0xF7,0xBD,0xF7,0xBD,0xF7,0xBD,0xF7,0xBD,0xF7,
    0xBD,0xF7,0xBD,0xF7,0xBD,0xF7,0xBD,0xF7,0xBD,0xF7,0xBD,0xF7,0xBD,0xF7,0xBD,0xF7,
    0xBD,0xF7,0xBD,0xF7,0xBD,0xF7,0xBD,0xF7,0xBD,0xF7,0xBD,0xF7,0xBD,0xF7,0xBD,0xF7,
    0xBD,0xF7,0xBD,0xF7,0xBD,0xF7,0xBD,0xF7,0xBD,0xF7,0xBD,0xF7,0xBD,0xF7,0xBD,0xF7,
    0xBD,0xF7,0xBD,0xF7,0xBD,0xF7,0xBD,0xF7,0xBD,0xF7,0xBD,0xF7,0xBD,0xF7,0xBD,0xF7,
    0xBD,0xF7,0xBD,0xF7,0xBD,0xF7,0xBD,0xF7,0xBD,0xF7,0xBD,0xF7,0xBD,0xF7,0xBD,0xF7,
    0xBD,0xF7,0xBD,0xF7,0x9D,0xF7,0xBD,0xF7,0xDE,0xFF,0x19,0xE7,0x7A,0xF7,0x7B,0xEF,
    0x9C,0xEF,0xDE,0xFF,0x9C,0xF7,0x9C,0xF7,0x9B,0xEF,0x38,0xDF,0x59,0xE7,0x7A,0xE7,
    0x59,0xE7,0xEB,0x85,0xEB,0x7D,0xDE,0xFF,0x93,0x9E,0xED,0x75,0xB5,0xAE,0xFF,0xFF,
    0xFE,0xFF,0xFE,0xFF,0xFF,0xFF,0x9C,0xE7,0x92,0x9E,0xAA,0x65,0xF7,0xBE,0x9C,0xEF,
    0x04,0x55,0xCD,0x8D,0xBB,0xF7,0x9A,0xEF,0x7A,0xEF,0x9A,0xEF,0xBD,0xF7,0xBD,0xF7,
    0xBD,0xF7,0xBD,0xF7,0xBD,0xF7,0xBD,0xF7,0xBD,0xF7,0xBD,0xF7,0xBD,0xF7,0xBD,0xF7,
    0xBD,0xF7,0xBD,0xF7,0xBD,0xF7,0xBD,0xF7,0xBD,0xF7,0xBD,0xF7,0xBD,0xF7,0xBD,0xF7,
    0xBD,0xF7,0xBD,0xF7,0xBD,0xF7,0xBD,0xF7,0xBD,0xF7,0xBD,0xF7,0xBD,0xF7,0xBD,0xF7,
    0xBD,0xF7,0xBD,0xF7,0xBD,0xF7,0xBD,0xF7,0xBD,0xF7,0xBD,0xF7,0xBD,0xF7,0xBD,0xF7,
    0xBD,0xF7,0xBD,0xF7,0xBD,0xF7,0xBD,0xF7,0xBD,0xF7,0xBD,0xF7,0xBD,0xF7,0xBD,0xF7,
    0xBD,0xF7,0xBD,0xF7,0xBD,0xF7,0xBD,0xF7,0xBD,0xF7,0xBD,0xF7,0xBD,0xF7,0xBD,0xF7,
    0xBD,0xF7,0xBD,0xF7,0xBD,0xF7,0xBD,0xF7,0x9D,0xF7,0xBD,0xF7,0xDE,0xFF,0x19,0xE7,
    0x7A,0xF7,0x7B,0xEF,0x9C,0xEF,0xDE,0xFF,0x9C,0xF7,0x9C,0xF7,0x7B,0xEF,0x38,0xDF,
    0x59,0xE7,0x7A,0xEF,0x15,0xCF,0x87,0x65,0xD4,0xB6,0xBD,0xEF,0xAB,0x65,0x9C,0xE7,
    0xFF,0xFF,0xFE,0xFF,0xFF,0xFF,0xFF,0xFF,0xD5,0xB6,0x17,0xC7,0xFF,0xFF,0x18,0xCF,
    0xCC,0x75,0xDF,0xFF,0xCC,0x85,0x46,0x65,0x59,0xE7,0x9A,0xEF,0x79,0xEF,0x7A,0xEF,
    0xBC,0xF7,0xBD,0xF7,0xBD,0xF7,0xBD,0xFF,0xBD,0xFF,0xBD,0xFF,0xBD,0xFF,0xBD,0xFF,
    0xBD,0xFF,0xBD,0xFF,0xBD,0xFF,0xBD,0xFF,0xBD,0xFF,0xBD,0xFF,0xBD,0xFF,0xBD,0xFF,
    0xBD,0xFF,0xBD,0xFF,0xBD,0xFF,0xBD,0xFF,0xBD,0xFF,0xBD,0xFF,0xBD,0xFF,0xBD,0xFF,
    0xBD,0xFF,0xBD,0xFF,0xBD,0xFF,0xBD,0xFF,0xBD,0xFF,0xBD,0xF7,0xBD,0xF7,0xBD,0xF7,
    0xBD,0xF7,0xBD,0xF7,0xBD,0xF7,0xBD,0xF7,0xBD,0xF7,0xBD,0xF7,0xBD,0xF7,0xBD,0xF7,
    0xBD,0xF7,0xBD,0xF7,0xBD,0xF7,0xBD,0xF7,0xBD,0xF7,0xBD,0xF7,0xBD,0xF7,0xBD,0xF7,
    0xBD,0xF7,0xBD,0xF7,0xBD,0xF7,0xBD,0xF7,0xBD,0xF7,0xBD,0xF7,0x9D,0xF7,0xBD,0xF7,
    0xDE,0xFF,0x19,0xE7,0x7A,0xF7,0x7B,0xEF,0x9C,0xEF,0xDE,0xFF,0x9C,0xF7,0xBC,0xF7,
    0x7A,0xEF,0x38,0xDF,0x59,0xE7,0x9A,0xEF,0xB2,0xB6,0x66,0x5D,0x5A,0xDF,0x38,0xC7,
    0x30,0x86,0xFF,0xFF,0xDE,0xFF,0xFF,0xFF,0x5A,0xDF,0x4F,0x96,0x2F,0x8E,0xDE,0xFF,
    0xFE,0xFF,0xFF,0xFF,0x0D,0x7E,0x9B,0xE7,0xD4,0xBE,0x24,0x55,0xF5,0xCE,0x9A,0xEF,
    0x79,0xEF,0x79,0xEF,0xBC,0xF7,0xBD,0xF7,0xBD,0xF7,0xDD,0xFF,0xDE,0xFF,0xDE,0xFF,
    0xDE,0xFF,0xDE,0xFF,0xDE,0xFF,0xDE,0xFF,0xDE,0xFF,0xDE,0xFF,0xDE,0xFF,0xDE,0xFF,
    0xDE,0xFF,0xDE,0xFF,0xDE,0xFF,0xBE,0xFF,0xBE,0xFF,0xBE,0xFF,0xBE,0xFF,0xBE,0xFF,
    0xBE,0xFF,0xBE,0xFF,0xBE,0xFF,0xBE,0xFF,0xBE,0xFF,0xBE,0xFF,0xBE,0xFF,0xBD,0xFF,
    0xBD,0xFF,0xBD,0xFF,0xBD,0xFF,0xBD,0xFF,0xBD,0xFF,0xBD,0xFF,0xBD,0xFF,0xBD,0xFF,
    0xBD,0xFF,0xBD,0xFF,0xBD,0xFF,0xBD,0xFF,0xBD,0xFF,0xBD,0xFF,0xBD,0xFF,0xBD,0xFF,
    0xBD,0xFF,0xBD,0xFF,0xBD,0xFF,0xBD,0xFF,0xBD,0xFF,0xBD,0xFF,0xBD,0xFF,0xBD,0xFF,
    0x9D,0xF7,0xBD,0xF7,0xDE,0xFF,0x19,0xE7,0x7A,0xF7,0x9B,0xEF,0x9C,0xEF,0xDE,0xFF,
    0x9C,0xF7,0xBD,0xF7,0x7A,0xE7,0x38,0xDF,0x59,0xE7,0x9B,0xEF,0x50,0x9E,0x05,0x55,
    0x7B,0xE7,0xD4,0xAE,0xCB,0x65,0x39,0xCF,0xFF,0xFF,0xBD,0xF7,0xCC,0x7D,0x87,0x5D,
    0xED,0x85,0xBD,0xFF,0xFF,0xFF,0xF7,0xC6,0xCB,0x6D,0x59,0xD7,0xF6,0xC6,0xC3,0x4C,
    0xB4,0xBE,0x9A,0xF7,0x79,0xEF,0x79,0xEF,0xBB,0xF7,0xBD,0xF7,0xBD,0xF7,0xDE,0xFF,
    0xDE,0xFF,0xDE,0xFF,0xDE,0xFF,0xDE,0xFF,0xDE,0xFF,0xDE,0xFF,0xDE,0xFF,0xDE,0xFF,
    0xDE,0xFF,0xDE,0xFF,0xDE,0xFF,0xDE,0xFF,0xDE,0xFF,0xBD,0xFF,0xBD,0xFF,0xBD,0xFF,
    0xBD,0xFF,0xBD,0xFF,0xBD,0xFF,0xBD,0xFF,0xBD,0xFF,0xBD,0xFF,0xBD,0xFF,0xBD,0xFF,
    0xBD,0xFF,0xBD,0xFF,0xBD,0xFF,0xBD,0xFF,0xBD,0xFF,0xBD,0xFF,0xBD,0xFF,0xBD,0xFF,
    0xBD,0xFF,0xBD,0xFF,0xBD,0xFF,0xBD,0xFF,0xBD,0xFF,0xBD,0xF7,0xBD,0xF7,0xBD,0xF7,
    0xBD,0xF7,0xBD,0xF7,0xBD,0xF7,0xBD,0xF7,0xBD,0xF7,0xBD,0xF7,0xBD,0xF7,0xBD,0xF7,
    0xBD,0xF7,0xBD,0xF7,0x9D,0xF7,0xBD,0xF7,0xDE,0xFF,0x18,0xE7,0x7A,0xF7,0x9B,0xEF,
    0x9C,0xEF,0xDE,0xFF,0x9C,0xF7,0xBC,0xF7,0x7A,0xE7,0x38,0xDF,0x58,0xE7,0x9A,0xEF,
    0x2F,0x9E,0xE4,0x4C,0x5A,0xDF,0x5A,0xD7,0x17,0xC7,0xBD,0xF7,0xFF,0xFF,0xBD,0xF7,
    0xCD,0x7D,0x47,0x55,0x30,0x96,0xDF,0xFF,0xFF,0xFF,0xBD,0xEF,0x17,0xC7,0xBD,0xEF,
    0xB4,0xBE,0x62,0x44,0x93,0xBE,0x9A,0xF7,0x79,0xE7,0x79,0xE7,0xBB,0xF7,0xBD,0xF7,
    0xBD,0xF7,0xBD,0xFF,0xDE,0xFF,0xDE,0xFF,0xDE,0xFF,0xDE,0xFF,0xDE,0xFF,0xDE,0xFF,
    0xDE,0xFF,0xDE,0xFF,0xDE,0xFF,0xDE,0xFF,0xDE,0xFF,0xDE,0xFF,0xDE,0xFF,0xDE,0xFF,
    0xDE,0xFF,0xDE,0xFF,0xDE,0xFF,0xDE,0xFF,0xDE,0xFF,0xDE,0xFF,0xDE,0xFF,0xDE,0xFF,
    0xDE,0xFF,0xDE,0xFF,0xDE,0xFF,0xDE,0xFF,0xDE,0xFF,0xDE,0xFF,0xDE,0xFF,0xDE,0xFF,
    0xDE,0xFF,0xDE,0xFF,0xDE,0xFF,0xDE,0xFF,0xDE,0xFF,0xBE,0xFF,0xBE,0xFF,0xBE,0xFF,
    0xBE,0xFF,0xBE,0xFF,0xBD,0xFF,0xBD,0xFF,0xBD,0xFF,0xBD,0xF7,0xBD,0xF7,0xBD,0xF7,
    0xBD,0xF7,0xBD,0xF7,0xBD,0xF7,0xBD,0xF7,0x9D,0xF7,0xBD,0xF7,0xDE,0xFF,0x18,0xE7,
    0x7A,0xF7,0x7B,0xEF,0x9C,0xEF,0xDD,0xFF,0x9C,0xF7,0xBD,0xF7,0x79,0xE7,0x38,0xDF,
    0x58,0xE7,0x79,0xEF,0x50,0xA6,0x24,0x4D,0x38,0xCF,0xFF,0xFF,0xFE,0xFF,0xFF,0xFF,
    0xFF,0xFF,0xFF,0xFF,0xBC,0xEF,0x18,0xC7,0xDE,0xFF,0xFF,0xFF,0xFF,0xFF,0xFF,0xFF,
    0xFF,0xFF,0xFF,0xFF,0x31,0xA6,0x83,0x44,0xB4,0xC6,0x7A,0xEF,0x59,0xE7,0x59,0xE7,
    0x9B,0xF7,0xBD,0xF7,0xBD,0xF7,0xBD,0xF7,0xFF,0xFF,0xFF,0xFF,0xFF,0xFF,0xFF,0xFF,
    0xFF,0xFF,0xFF,0xFF,0xFF,0xFF,0xFF,0xFF,0xFF,0xFF,0xFF,0xFF,0xFF,0xFF,0xFF,0xFF,
    0xFF,0xFF,0xFF,0xFF,0xFF,0xFF,0xFF,0xFF,0xFF,0xFF,0xFF,0xFF,0xFF,0xFF,0xFF,0xFF,
    0xDF,0xFF,0xDF,0xFF,0xDE,0xFF,0xDE,0xFF,0xDE,0xFF,0xDE,0xFF,0xDE,0xFF,0xDE,0xFF,
    0xDE,0xFF,0xDE,0xFF,0xDE,0xFF,0xDE,0xFF,0xDE,0xFF,0xDE,0xFF,0xDE,0xFF,0xDE,0xFF,
    0xDE,0xFF,0xDE,0xFF,0xDE,0xFF,0xDE,0xFF,0xDE,0xFF,0xBE,0xFF,0xBE,0xFF,0xBE,0xFF,
    0xBE,0xFF,0xBD,0xFF,0xBD,0xFF,0xBD,0xFF,0xBD,0xFF,0xBD,0xFF,0x9D,0xF7,0xBD,0xF7,
    0xDE,0xFF,0x19,0xE7,0x7A,0xF7,0x7B,0xEF,0x9C,0xEF,0xDD,0xFF,0x9C,0xF7,0xBD,0xF7,
    0x7A,0xEF,0x37,0xDF,0x58,0xE7,0x79,0xEF,0xB3,0xBE,0x45,0x4D,0x92,0xAE,0xFF,0xFF,
    0xDD,0xF7,0xFE,0xFF,0xFE,0xFF,0xFF,0xFF,0xD5,0xB6,0x0D,0x86,0x38,0xCF,0xFF,0xFF,
    0xFE,0xFF,0xDE,0xFF,0xDD,0xFF,0xDE,0xFF,0x4A,0x75,0xE6,0x5C,0x37,0xDF,0x79,0xEF,
    0x59,0xE7,0x59,0xE7,0xBB,0xF7,0x9C,0xF7,0xBD,0xF7,0xBD,0xFF,0xFF,0xFF,0xFF,0xFF,
    0xFF,0xFF,0xFF,0xFF,0xFF,0xFF,0xFF,0xFF,0xFF,0xFF,0xFE,0xFF,0xFE,0xFF,0xFE,0xFF,
    0xFE,0xFF,0xDE,0xFF,0xDE,0xFF,0xDE,0xFF,0xDE,0xFF,0xDE,0xFF,0xDE,0xFF,0xDE,0xFF,
    0xDE,0xFF,0xDE,0xFF,0xDE,0xFF,0xDE,0xFF,0xDE,0xFF,0xDE,0xFF,0xDE,0xFF,0xDE,0xFF,
    0xDE,0xFF,0xDE,0xFF,0xDE,0xFF,0xDE,0xFF,0xDE,0xFF,0xDE,0xFF,0xDE,0xFF,0xDE,0xFF,
    0xDE,0xFF,0xDE,0xFF,0xDE,0xFF,0xDE,0xFF,0xDE,0xFF,0xBE,0xFF,0xBE,0xFF,0xBE,0xFF,
    0xBE,0xFF,0xBD,0xFF,0xBD,0xFF,0xBD,0xFF,0xBD,0xFF,0xBD,0xFF,0xBD,0xFF,0xBD,0xFF,
    0x9D,0xF7,0xBD,0xF7,0xDE,0xFF,0x19,0xE7,0x7A,0xF7,0x7B,0xEF,0x9C,0xEF,0xDD,0xFF,
    0x9C,0xF7,0xBC,0xF7,0x9A,0xEF,0x37,0xDF,0x58,0xE7,0x79,0xE7,0x37,0xDF,0x48,0x65,
    0x69,0x65,0xBC,0xF7,0xDD,0xFF,0xDE,0xFF,0xFF,0xFF,0x17,0xC7,0xCA,0x6D,0x92,0xA6,
    0x89,0x65,0x9C,0xE7,0xFF,0xFF,0xDD,0xFF,0xFE,0xFF,0x18,0xD7,0x23,0x3C,0x6B,0x7D,
    0x79,0xEF,0x59,0xE7,0x59,0xE7,0x79,0xE7,0x9B,0xF7,0x9C,0xF7,0xBD,0xF7,0xDD,0xFF,
    0xDE,0xFF,0xDE,0xFF,0xDE,0xFF,0xDE,0xFF,0xDE,0xFF,0xDE,0xFF,0xDE,0xFF,0xDE,0xFF,
    0xDE,0xFF,0xDE,0xFF,0xDE,0xFF,0xDE,0xFF,0xDE,0xFF,0xBD,0xFF,0xBD,0xFF,0xBD,0xFF,
    0xBD,0xFF,0xBD,0xFF,0xBD,0xFF,0xBD,0xFF,0xBD,0xFF,0xBD,0xFF,0xBD,0xFF,0xBD,0xFF,
    0xBD,0xFF,0xBD,0xFF,0xBD,0xFF,0xBD,0xFF,0xBD,0xFF,0xBD,0xFF,0xBD,0xFF,0xBD,0xFF,
    0xBD,0xFF,0xBD,0xFF,0xBD,0xFF,0xBD,0xFF,0xBD,0xFF,0xBD,0xFF,0xBD,0xFF,0xBD,0xFF,
    0xBD,0xFF,0xBD,0xFF,0xBD,0xFF,0xBD,0xFF,0xBD,0xFF,0xBD,0xFF,0xBD,0xFF,0xBD,0xFF,
    0xBD,0xFF,0xBD,0xFF,0x9D,0xF7,0xBD,0xF7,0xDE,0xFF,0x19,0xE7,0x7A,0xF7,0x7B,0xEF,
    0x9B,0xEF,0xDD,0xFF,0x9C,0xF7,0x9C,0xF7,0x9B,0xF7,0x37,0xDF,0x38,0xDF,0x58,0xE7,
    0x79,0xE7,0xEE,0x95,0x63,0x3C,0x31,0xA6,0xFF,0xFF,0xDD,0xF7,0xFF,0xFF,0x93,0xA6,
    0xED,0x7D,0xBE,0xF7,0x48,0x5D,0x5A,0xD7,0xFF,0xFF,0xDE,0xFF,0xFE,0xFF,0x6B,0x75,
    0x43,0x3C,0x93,0xBE,0x79,0xEF,0x58,0xE7,0x59,0xE7,0x79,0xEF,0x9C,0xF7,0x9C,0xF7,
    0xBD,0xF7,0xBD,0xF7,0xDE,0xFF,0xDE,0xFF,0xDE,0xFF,0xDE,0xFF,0xDE,0xFF,0xDE,0xFF,
    0xDE,0xFF,0xDE,0xFF,0xDE,0xFF,0xDE,0xFF,0xDE,0xFF,0xDE,0xFF,0xDE,0xFF,0xBD,0xFF,
    0xBD,0xFF,0xBD,0xFF,0xBD,0xFF,0xBD,0xFF,0xBD,0xFF,0xBD,0xFF,0xBD,0xFF,0xBD,0xFF,
    0xBD,0xFF,0xBD,0xFF,0xBD,0xFF,0xBD,0xFF,0xBD,0xFF,0xBD,0xFF,0xBD,0xFF,0xBD,0xFF,
    0xBD,0xFF,0xBD,0xFF,0xBD,0xFF,0xBD,0xFF,0xBD,0xFF,0xBD,0xFF,0xBD,0xFF,0xBD,0xFF,
    0xBD,0xFF,0xBD,0xFF,0xBD,0xFF,0xBD,0xFF,0xBD,0xFF,0xBD,0xFF,0xBD,0xFF,0xBD,0xFF,
    0xBD,0xFF,0xBD,0xFF,0xBD,0xFF,0xBD,0xFF,0x9D,0xF7,0xBD,0xF7,0xDE,0xFF,0x19,0xE7,
    0x7A,0xF7,0x7B,0xEF,0x9C,0xEF,0xDD,0xFF,0x9C,0xF7,0x9C,0xF7,0xBC,0xF7,0x58,0xE7,
    0x37,0xDF,0x58,0xE7,0x58,0xE7,0xF6,0xD6,0x28,0x65,0x26,0x55,0x17,0xC7,0xFF,0xFF,
    0xFE,0xFF,0x9B,0xEF,0x8B,0x75,0xE6,0x4C,0xCE,0x85,0xDD,0xF7,0xFF,0xFF,0xFF,0xFF,
    0x30,0x9E,0x82,0x3C,0x8C,0x85,0x59,0xE7,0x58,0xE7,0x58,0xE7,0x58,0xE7,0x9A,0xEF,
    0x9C,0xF7,0x9C,0xF7,0xBD,0xF7,0xBD,0xF7,0xBD,0xFF,0xBD,0xFF,0xBD,0xFF,0xBD,0xFF,
    0xBD,0xFF,0xBD,0xFF,0xBD,0xFF,0xBD,0xFF,0xBD,0xFF,0xBD,0xFF,0xBD,0xFF,0xBD,0xFF,
    0xBD,0xFF,0xBD,0xFF,0xBD,0xFF,0xBD,0xFF,0xBD,0xFF,0xBD,0xFF,0xBD,0xFF,0xBD,0xFF,
    0xBD,0xFF,0xBD,0xFF,0xBD,0xFF,0xBD,0xFF,0xBD,0xFF,0xBD,0xFF,0xBD,0xFF,0xBD,0xFF,
    0xBD,0xFF,0xBD,0xFF,0xBD,0xFF,0xBD,0xFF,0xBD,0xFF,0xBD,0xFF,0xBD,0xFF,0xBD,0xFF,
    0xBD,0xFF,0xBD,0xFF,0xBD,0xFF,0xBD,0xFF,0xBD,0xFF,0xBD,0xFF,0xBD,0xFF,0xBD,0xFF,
    0xBD,0xFF,0xBD,0xFF,0xBD,0xFF,0xBD,0xFF,0xBD,0xFF,0xBD,0xFF,0x9D,0xF7,0xBD,0xF7,
    0xDE,0xFF,0x19,0xE7,0x7A,0xF7,0x7B,0xEF,0x9C,0xEF,0xDD,0xFF,0x9C,0xF7,0x9B,0xF7,
    0xBC,0xF7,0x7A,0xEF,0x37,0xDF,0x58,0xE7,0x58,0xE7,0x58,0xE7,0x93,0xBE,0x67,0x65,
    0x87,0x5D,0xB3,0xAE,0xBC,0xF7,0xFF,0xFF,0xFF,0xFF,0xBC,0xEF,0xFF,0xFF,0xFF,0xFF,
    0x7B,0xE7,0xAD,0x85,0x83,0x3C,0x29,0x6D,0x37,0xDF,0x58,0xE7,0x58,0xE7,0x58,0xE7,
    0x59,0xE7,0x9B,0xEF,0x9B,0xEF,0x9C,0xF7,0xBD,0xF7,0xBD,0xF7,0xBD,0xF7,0xBD,0xF7,
    0xBD,0xF7,0xBD,0xF7,0xBD,0xF7,0xBD,0xF7,0xBD,0xF7,0xBD,0xF7,0xBD,0xF7,0xBD,0xF7,
    0xBD,0xF7,0xBD,0xF7,0xBD,0xF7,0xBD,0xF7,0xBD,0xF7,0xBD,0xF7,0xBD,0xF7,0xBD,0xF7,
    0xBD,0xF7,0xBD,0xF7,0xBD,0xF7,0xBD,0xF7,0xBD,0xF7,0xBD,0xF7,0xBD,0xF7,0xBD,0xFF,
    0xBD,0xFF,0xBD,0xFF,0xBD,0xFF,0xBD,0xFF,0xBD,0xFF,0xBD,0xFF,0xBD,0xFF,0xBD,0xFF,
    0xBD,0xFF,0xBD,0xFF,0xBD,0xFF,0xBD,0xFF,0xBD,0xFF,0xBD,0xFF,0xBD,0xFF,0xBD,0xFF,
    0xBD,0xFF,0xBD,0xFF,0xBD,0xFF,0xBD,0xFF,0xBD,0xFF,0xBD,0xFF,0xBD,0xFF,0xBD,0xFF,
    0x9D,0xF7,0x9D,0xF7,0xDE,0xFF,0x19,0xE7,0x7A,0xF7,0x7B,0xEF,0x9C,0xEF,0xDD,0xFF,
    0x9C,0xF7,0x9B,0xF7,0x9C,0xF7,0xBC,0xF7,0x38,0xE7,0x38,0xDF,0x58,0xE7,0x37,0xDF,
    0x37,0xDF,0xB3,0xBE,0x69,0x6D,0xC4,0x44,0x47,0x65,0x51,0xA6,0xF6,0xC6,0xF7,0xCE,
    0x93,0xB6,0xED,0x8D,0x05,0x55,0x82,0x3C,0x4A,0x75,0xF6,0xD6,0x58,0xE7,0x58,0xE7,
    0x58,0xE7,0x58,0xE7,0x9A,0xEF,0xBC,0xF7,0x7B,0xEF,0x9C,0xF7,0x9C,0xF7,0xBD,0xF7,
    0xBD,0xF7,0xBD,0xF7,0xBD,0xF7,0xBD,0xF7,0xBD,0xF7,0xBD,0xF7,0xBD,0xF7,0xBD,0xF7,
    0xBD,0xF7,0xBD,0xF7,0xBD,0xF7,0xBD,0xF7,0xBD,0xF7,0xBD,0xF7,0xBD,0xF7,0xBD,0xF7,
    0xBD,0xF7,0xBD,0xF7,0xBD,0xF7,0xBD,0xF7,0xBD,0xF7,0xBD,0xF7,0xBD,0xF7,0xBD,0xF7,
    0xBD,0xF7,0xBD,0xFF,0xBD,0xFF,0xBD,0xFF,0xBD,0xFF,0xBD,0xFF,0xBD,0xFF,0xBD,0xFF,
    0xBD,0xFF,0xBD,0xFF,0xBD,0xFF,0xBD,0xFF,0xBD,0xFF,0xBD,0xFF,0xBD,0xFF,0xBD,0xFF,
    0xBD,0xFF,0xBD,0xFF,0xBD,0xFF,0xBD,0xFF,0xBD,0xFF,0xBD,0xFF,0xBD,0xFF,0xBD,0xFF,
    0xBD,0xFF,0xBD,0xFF,0x9D,0xF7,0x9D,0xF7,0xDE,0xFF,0x19,0xE7,0x7A,0xF7,0x7B,0xEF,
    0x9C,0xEF,0xDD,0xFF,0x9C,0xF7,0x9C,0xF7,0x9B,0xF7,0xBC,0xF7,0x9A,0xEF,0x17,0xDF,
    0x37,0xDF,0x38,0xDF,0x38,0xDF,0x58,0xE7,0xF6,0xCE,0xED,0x95,0x26,0x5D,0x04,0x4D,
    0xC3,0x44,0x63,0x3C,0x42,0x3C,0xA3,0x44,0x48,0x65,0x30,0xA6,0x38,0xDF,0x58,0xE7,
    0x38,0xDF,0x58,0xE7,0x58,0xE7,0x79,0xEF,0xBC,0xF7,0x9C,0xF7,0x7B,0xEF,0x9C,0xF7,
    0x9C,0xF7,0xBD,0xF7,0xBD,0xF7,0xBD,0xF7,0xBD,0xF7,0xBD,0xF7,0xBD,0xF7,0xBD,0xF7,
    0xBD,0xF7,0xBD,0xF7,0xBD,0xF7,0xBD,0xF7,0xBD,0xF7,0xBD,0xF7,0xBD,0xF7,0xBD,0xF7,
    0xBD,0xF7,0xBD,0xF7,0xBD,0xF7,0xBD,0xF7,0xBD,0xF7,0xBD,0xF7,0xBD,0xF7,0xBD,0xF7,
    0xBD,0xF7,0xBD,0xF7,0xBD,0xF7,0xBD,0xF7,0xBD,0xF7,0xBD,0xF7,0xBD,0xF7,0xBD,0xF7,
    0xBD,0xF7,0xBD,0xF7,0xBD,0xF7,0xBD,0xF7,0xBD,0xF7,0xBD,0xF7,0xBD,0xF7,0xBD,0xF7,
    0xBD,0xF7,0xBD,0xF7,0xBD,0xF7,0xBD,0xF7,0xBD,0xF7,0xBD,0xF7,0xBD,0xF7,0xBD,0xF7,
    0xBD,0xF7,0xBD,0xF7,0xBD,0xF7,0xBD,0xF7,0x9D,0xF7,0x9D,0xF7,0xDE,0xFF,0x19,0xE7,
    0x7A,0xF7,0x7B,0xEF,0x9C,0xEF,0xDD,0xFF,0x9C,0xF7,0x9C,0xF7,0x9C,0xF7,0x9B,0xF7,
    0xBC,0xF7,0x59,0xE7,0x37,0xDF,0x38,0xE7,0x58,0xE7,0x38,0xDF,0x38,0xDF,0x38,0xE7,
    0x16,0xD7,0x93,0xB6,0x30,0xA6,0xCE,0x95,0x10,0xA6,0xB3,0xBE,0x38,0xDF,0x59,0xEF,
    0x38,0xDF,0x38,0xE7,0x58,0xE7,0x38,0xE7,0x79,0xE7,0xBC,0xF7,0xBC,0xF7,0x7B,0xEF,
    0x9C,0xF7,0x9C,0xF7,0x9C,0xF7,0x9D,0xF7,0xBD,0xF7,0xBD,0xF7,0xBD,0xF7,0xBD,0xF7,
    0xBD,0xF7,0xBD,0xF7,0xBD,0xF7,0xBD,0xF7,0xBD,0xF7,0xBD,0xF7,0xBD,0xF7,0xBD,0xF7,
    0xBD,0xF7,0xBD,0xF7,0xBD,0xF7,0xBD,0xF7,0xBD,0xF7,0xBD,0xF7,0xBD,0xF7,0xBD,0xF7,
    0xBD,0xF7,0xBD,0xF7,0xBD,0xF7,0xBD,0xF7,0xBD,0xF7,0xBD,0xF7,0xBD,0xF7,0xBD,0xF7,
    0xBD,0xF7,0xBD,0xF7,0xBD,0xF7,0xBD,0xF7,0xBD,0xF7,0xBD,0xF7,0xBD,0xF7,0xBD,0xF7,
    0xBD,0xF7,0xBD,0xFF,0xBD,0xFF,0xBD,0xFF,0xBD,0xFF,0xBD,0xFF,0xBD,0xFF,0xBD,0xFF,
    0xBD,0xFF,0xBD,0xFF,0xBD,0xFF,0xBD,0xFF,0xBD,0xFF,0xBD,0xFF,0x9D,0xF7,0xBD,0xF7,
    0xDE,0xFF,0x19,0xE7,0x7A,0xF7,0x7B,0xEF,0x9C,0xEF,0xDD,0xFF,0x9C,0xF7,0x9C,0xF7,
    0x9B,0xF7,0x9B,0xF7,0x9C,0xF7,0xBC,0xF7,0x59,0xE7,0x58,0xE7,0x58,0xE7,0x38,0xDF,
    0x38,0xDF,0x37,0xDF,0x38,0xDF,0x58,0xE7,0x58,0xE7,0x58,0xE7,0x58,0xE7,0x58,0xE7,
    0x38,0xDF,0x37,0xDF,0x38,0xE7,0x58,0xE7,0x38,0xE7,0x79,0xE7,0xBC,0xF7,0xBD,0xF7,
    0x7B,0xEF,0x7B,0xEF,0x9C,0xF7,0x9C,0xF7,0x9C,0xF7,0x9C,0xF7,0xBD,0xF7,0xBD,0xF7,
    0xBD,0xF7,0xBD,0xF7,0xBD,0xF7,0xBD,0xF7,0xBD,0xF7,0xBD,0xF7,0xBD,0xF7,0xBD,0xF7,
    0xBD,0xF7,0xBD,0xF7,0xBD,0xF7,0xBD,0xF7,0xBD,0xF7,0xBD,0xF7,0xBD,0xF7,0xBD,0xF7,
    0xBD,0xF7,0xBD,0xF7,0xBD,0xF7,0xBD,0xF7,0xBD,0xF7,0xBD,0xF7,0xBD,0xF7,0xBD,0xF7,
    0xBD,0xF7,0xBD,0xF7,0xBD,0xF7,0xBD,0xF7,0xBD,0xF7,0xBD,0xF7,0xBD,0xF7,0xBD,0xF7,
    0xBD,0xF7,0xBD,0xF7,0xBD,0xF7,0xBD,0xF7,0xBD,0xF7,0xBD,0xF7,0xBD,0xF7,0xBD,0xFF,
    0xBD,0xFF,0xBD,0xFF,0xBD,0xFF,0xBD,0xFF,0xBD,0xFF,0xBD,0xFF,0xBD,0xFF,0xBD,0xFF,
    0x9D,0xF7,0xBD,0xF7,0xDE,0xFF,0x18,0xE7,0x7A,0xF7,0x7B,0xEF,0x9C,0xEF,0xDD,0xFF,
    0x9C,0xF7,0x9C,0xF7,0x9B,0xF7,0x9B,0xF7,0x9B,0xF7,0xBC,0xF7,0xBC,0xF7,0x79,0xE7,
    0x58,0xE7,0x58,0xE7,0x37,0xDF,0x37,0xDF,0x38,0xDF,0x38,0xDF,0x37,0xDF,0x37,0xDF,
    0x38,0xDF,0x38,0xDF,0x38,0xDF,0x37,0xDF,0x37,0xDF,0x58,0xE7,0x9A,0xEF,0xDC,0xFF,
    0xBD,0xF7,0x7B,0xEF,0x7B,0xEF,0x9C,0xEF,0x9C,0xF7,0x9C,0xF7,0x9C,0xF7,0x9C,0xF7,
    0xBD,0xF7,0xBD,0xF7,0xBD,0xF7,0xBD,0xF7,0xBD,0xF7,0xBD,0xF7,0xBD,0xF7,0xBD,0xF7,
    0xBD,0xF7,0xBD,0xF7,0xBD,0xF7,0xBD,0xF7,0xBD,0xF7,0xBD,0xF7,0xBD,0xF7,0xBD,0xF7,
    0xBD,0xF7,0xBD,0xF7,0xBD,0xF7,0xBD,0xF7,0xBD,0xF7,0xBD,0xF7,0xBD,0xF7,0xBD,0xF7,
    0xBD,0xF7,0xBD,0xF7,0xBD,0xF7,0xBD,0xF7,0xBD,0xF7,0xBD,0xF7,0xBD,0xF7,0xBD,0xF7,
    0xBD,0xF7,0xBD,0xF7,0xBD,0xF7,0xBD,0xF7,0xBD,0xF7,0xBD,0xF7,0xBD,0xF7,0xBD,0xF7,
    0xBD,0xF7,0xBD,0xFF,0xBD,0xFF,0xBD,0xFF,0xBD,0xFF,0xBD,0xFF,0xBD,0xFF,0xBD,0xFF,
    0xBD,0xFF,0xBD,0xFF,0x9D,0xF7,0xBD,0xF7,0xDE,0xFF,0x18,0xE7,0x7A,0xF7,0x7B,0xEF,
    0x9C,0xEF,0xBD,0xFF,0x9C,0xF7,0x9C,0xF7,0x9C,0xF7,0x9B,0xF7,0x9C,0xF7,0x9C,0xF7,
    0xBC,0xF7,0xBC,0xF7,0x9B,0xEF,0x7A,0xEF,0x79,0xEF,0x59,0xE7,0x58,0xE7,0x38,0xDF,
    0x37,0xDF,0x38,0xDF,0x38,0xDF,0x38,0xDF,0x37,0xDF,0x38,0xDF,0x79,0xE7,0xBB,0xF7,
    0xDD,0xFF,0xBC,0xF7,0x9B,0xEF,0x9B,0xEF,0x9C,0xEF,0x9C,0xF7,0x9C,0xF7,0x9C,0xF7,
    0x9C,0xF7,0x9D,0xF7,0xBD,0xF7,0xBD,0xF7,0xBD,0xF7,0xBD,0xF7,0xBD,0xF7,0xBD,0xF7,
    0xBD,0xF7,0xBD,0xF7,0xBD,0xF7,0xBD,0xF7,0xBD,0xF7,0xBD,0xF7,0xBD,0xF7,0xBD,0xF7,
    0xBD,0xF7,0xBD,0xF7,0xBD,0xF7,0xBD,0xF7,0xBD,0xF7,0xBD,0xF7,0xBD,0xF7,0xBD,0xF7,
    0xBD,0xF7,0xBD,0xF7,0xBD,0xF7,0xBD,0xF7,0xBD,0xF7,0xBD,0xF7,0xBD,0xF7,0xBD,0xF7,
    0xBD,0xF7,0xBD,0xF7,0xBD,0xF7,0xBD,0xF7,0xBD,0xF7,0xBD,0xF7,0xBD,0xF7,0xBD,0xF7,
    0xBD,0xF7,0xBD,0xF7,0xBD,0xF7,0xBD,0xF7,0xBD,0xF7,0xBD,0xFF,0xBD,0xFF,0xBD,0xFF,
    0xBD,0xFF,0xBD,0xFF,0xBD,0xFF,0xBD,0xFF,0x9D,0xF7,0xBD,0xF7,0xDE,0xFF,0x18,0xE7,
    0x7A,0xF7,0x7B,0xEF,0x9C,0xEF,0xBD,0xFF,0x9C,0xF7,0x9C,0xF7,0x9C,0xF7,0x9B,0xF7,
    0x9B,0xF7,0x9B,0xF7,0x9C,0xF7,0x9C,0xF7,0xBC,0xF7,0xBC,0xF7,0xBC,0xF7,0xBB,0xF7,
    0x9A,0xEF,0x79,0xE7,0x58,0xE7,0x38,0xDF,0x38,0xDF,0x58,0xDF,0x59,0xE7,0x9B,0xEF,
    0xDD,0xF7,0xBD,0xF7,0x9C,0xF7,0x7B,0xEF,0x9C,0xEF,0x9C,0xEF,0x9C,0xF7,0x9C,0xF7,
    0x9C,0xF7,0x9C,0xF7,0x9C,0xF7,0x9C,0xF7,0xBD,0xF7,0xBD,0xF7,0xBD,0xF7,0xBD,0xF7,
    0xBD,0xF7,0xBD,0xF7,0xBD,0xF7,0xBD,0xF7,0xBD,0xF7,0xBD,0xF7,0xBD,0xF7,0xBD,0xF7,
    0xBD,0xF7,0xBD,0xF7,0xBD,0xF7,0xBD,0xF7,0xBD,0xF7,0xBD,0xF7,0xBD,0xF7,0xBD,0xF7,
    0xBD,0xF7,0xBD,0xF7,0xBD,0xF7,0xBD,0xF7,0xBD,0xF7,0xBD,0xF7,0xBD,0xF7,0xBD,0xF7,
    0xBD,0xF7,0xBD,0xF7,0xBD,0xF7,0xBD,0xF7,0xBD,0xF7,0xBD,0xF7,0xBD,0xF7,0xBD,0xF7,
    0xBD,0xF7,0xBD,0xFF,0xBD,0xFF,0xBD,0xFF,0xBD,0xFF,0xBD,0xFF,0xBD,0xFF,0xDD,0xFF,
    0xDD,0xFF,0xDD,0xFF,0xDE,0xFF,0xDE,0xFF,0xDE,0xFF,0xDE,0xFF,0xBD,0xF7,0xBD,0xF7,
    0xDE,0xFF,0x18,0xE7,0x7A,0xF7,0x7B,0xEF,0x9C,0xEF,0xBD,0xF7,0x9C,0xF7,0x9C,0xF7,
    0x9C,0xF7,0x9C,0xF7,0x9B,0xEF,0x9B,0xF7,0x9C,0xF7,0x9C,0xF7,0x9C,0xF7,0xBC,0xF7,
    0xBC,0xF7,0xBD,0xF7,0xBD,0xF7,0xBC,0xF7,0x9B,0xEF,0x9B,0xEF,0x9B,0xEF,0xBC,0xF7,
    0xBC,0xF7,0xBC,0xF7,0x9C,0xF7,0x9B,0xEF,0x9B,0xEF,0x9B,0xEF,0x9C,0xF7,0x9C,0xF7,
    0x9C,0xF7,0x9C,0xF7,0x9C,0xF7,0x9C,0xF7,0x9C,0xF7,0x9C,0xF7,0xBD,0xF7,0xBD,0xF7,
    0xBD,0xF7,0xBD,0xF7,0xBD,0xF7,0xBD,0xF7,0xBD,0xF7,0xBD,0xF7,0xBD,0xF7,0xBD,0xF7,
    0xBD,0xF7,0xBD,0xF7,0xBD,0xF7,0xBD,0xF7,0xBD,0xF7,0xBD,0xF7,0xBD,0xF7,0xBD,0xF7,
    0xBD,0xF7,0xBD,0xF7,0xBD,0xF7,0xBD,0xF7,0xBD,0xF7,0xBD,0xF7,0xBD,0xF7,0xBD,0xF7,
    0xBD,0xF7,0xBD,0xF7,0xBD,0xF7,0xBD,0xF7,0xBD,0xF7,0xBD,0xF7,0xBD,0xF7,0xBD,0xF7,
    0xBD,0xF7,0xBD,0xF7,0xBD,0xF7,0xBD,0xFF,0xBD,0xFF,0xBD,0xFF,0xBD,0xFF,0xBD,0xFF,
    0xBD,0xFF,0xDD,0xFF,0xDD,0xFF,0xDD,0xFF,0xDE,0xFF,0xDE,0xFF,0xDE,0xFF,0xDE,0xFF,
    0xBD,0xF7,0xBD,0xF7,0xDE,0xFF,0x19,0xE7,0x7A,0xF7,0x7B,0xEF,0x9C,0xEF,0xBD,0xF7,
    0x9C,0xF7,0x9C,0xF7,0x9C,0xF7,0x9C,0xF7,0x9C,0xEF,0x9C,0xEF,0x9B,0xF7,0x9C,0xF7,
    0x9C,0xF7,0x9C,0xF7,0x9C,0xF7,0x9C,0xF7,0x9C,0xF7,0x9C,0xF7,0x9C,0xF7,0x9C,0xF7,
    0x9C,0xF7,0x9C,0xF7,0x9B,0xEF,0x9B,0xEF,0x9B,0xF7,0x9C,0xF7,0x9C,0xF7,0x9C,0xF7,
    0x9C,0xF7,0x9C,0xF7,0x9C,0xF7,0x9C,0xF7,0x9C,0xF7,0x9C,0xF7,0x9C,0xF7,0x9C,0xF7,
    0x9D,0xF7,0x9D,0xF7,0x9D,0xF7,0x9D,0xF7,0x9D,0xF7,0xBD,0xF7,0xBD,0xF7,0xBD,0xF7,
    0xBD,0xF7,0xBD,0xF7,0xBD,0xF7,0xBD,0xF7,0xBD,0xF7,0xBD,0xF7,0xBD,0xF7,0xBD,0xF7,
    0xBD,0xF7,0xBD,0xF7,0xBD,0xF7,0xBD,0xF7,0xBD,0xF7,0xBD,0xF7,0xBD,0xF7,0xBD,0xF7,
    0xBD,0xF7,0xBD,0xF7,0xBD,0xF7,0xBD,0xF7,0xBD,0xF7,0xBD,0xF7,0xBD,0xF7,0xBD,0xF7,
    0xBD,0xF7,0xBD,0xF7,0xBD,0xF7,0xBD,0xF7,0xBD,0xF7,0xBD,0xFF,0xBD,0xFF,0xBD,0xFF,
    0xBD,0xFF,0xBD,0xFF,0xBD,0xFF,0xBD,0xFF,0xBD,0xFF,0xDD,0xFF,0xDE,0xFF,0xDE,0xFF,
    0xDE,0xFF,0xDE,0xFF,0xBD,0xF7,0xBD,0xF7,0xDE,0xFF,0x39,0xE7,0x7A,0xF7,0x7B,0xF7,
    0x9B,0xEF,0xBD,0xF7,0x9C,0xF7,0x9C,0xF7,0x9C,0xF7,0x9C,0xF7,0x9C,0xF7,0x9C,0xF7,
    0x9C,0xF7,0x9C,0xF7,0x9B,0xF7,0x9C,0xF7,0x9C,0xF7,0x9C,0xF7,0x9C,0xF7,0x9C,0xF7,
    0x9B,0xF7,0x9B,0xF7,0x9B,0xEF,0x9B,0xEF,0x9B,0xEF,0x9C,0xF7,0x9C,0xF7,0x9C,0xF7,
    0x9C,0xF7,0x9C,0xF7,0x9C,0xF7,0x9C,0xF7,0x9C,0xF7,0x9C,0xF7,0x9C,0xF7,0x9C,0xF7,
    0x9C,0xF7,0x9D,0xF7,0x9D,0xF7,0x9D,0xF7,0x9D,0xF7,0x9D,0xF7,0x9D,0xF7,0xBD,0xF7,
    0xBD,0xF7,0xBD,0xF7,0xBD,0xF7,0xBD,0xF7,0xBD,0xF7,0xBD,0xF7,0xBD,0xF7,0xBD,0xF7,
    0xBD,0xF7,0xBD,0xF7,0xBD,0xF7,0xBD,0xF7,0xBD,0xF7,0xBD,0xF7,0xBD,0xF7,0xBD,0xF7,
    0xBD,0xF7,0xBD,0xF7,0xBD,0xF7,0xBD,0xF7,0xBD,0xF7,0xBD,0xF7,0xBD,0xF7,0xBD,0xFF,
    0xBD,0xFF,0xBD,0xFF,0xBD,0xFF,0xBD,0xFF,0xBD,0xFF,0xBD,0xFF,0xBD,0xFF,0xBD,0xFF,
    0xBD,0xFF,0xBD,0xFF,0xBD,0xFF,0xBE,0xFF,0xBE,0xFF,0xBE,0xFF,0xBE,0xFF,0xDE,0xFF,
    0xDE,0xFF,0xDE,0xFF,0xDE,0xFF,0xDE,0xFF,0xBD,0xF7,0xBD,0xF7,0xDD,0xFF,0x39,0xE7,
    0x7B,0xF7,0x9B,0xF7,0x9B,0xEF,0xBC,0xF7,0xBC,0xF7,0xBC,0xF7,0x9C,0xF7,0x9C,0xF7,
    0x9C,0xF7,0x9C,0xF7,0x9C,0xF7,0x9C,0xF7,0x9C,0xF7,0x9C,0xF7,0x9C,0xF7,0x9C,0xF7,
    0x9C,0xF7,0x9C,0xF7,0x9C,0xF7,0x9C,0xF7,0x9C,0xF7,0x9C,0xF7,0x9C,0xF7,0x9C,0xF7,
    0x9C,0xF7,0x9C,0xF7,0x9C,0xF7,0x9C,0xF7,0x9C,0xF7,0x9C,0xF7,0x9C,0xF7,0x9C,0xF7,
    0x9C,0xF7,0x9C,0xF7,0xBC,0xF7,0xBD,0xF7,0xBD,0xF7,0xBD,0xF7,0xBD,0xF7,0xBD,0xF7,
    0xBD,0xF7,0xBD,0xF7,0xBD,0xF7,0xBD,0xF7,0xBD,0xF7,0xBD,0xF7,0xBD,0xF7,0xBD,0xF7,
    0xBD,0xF7,0xBD,0xF7,0xBD,0xF7,0xBD,0xF7,0xBD,0xF7,0xBD,0xF7,0xBD,0xF7,0xBD,0xF7,
    0xBD,0xF7,0xBD,0xFF,0xBD,0xFF,0xBD,0xFF,0xBD,0xFF,0xBD,0xFF,0xBD,0xFF,0xBD,0xFF,
    0xBD,0xFF,0xDD,0xFF,0xDD,0xFF,0xDD,0xFF,0xDD,0xFF,0xDD,0xFF,0xDD,0xFF,0xDD,0xFF,
    0xDE,0xFF,0xDE,0xFF,0xDE,0xFF,0xDE,0xFF,0xDE,0xFF,0xDE,0xFF,0xDE,0xFF,0xDE,0xFF,
    0xDE,0xFF,0xDE,0xFF,0xDE,0xFF,0xDE,0xFF,0xDE,0xFF,0xDE,0xFF,0x9C,0xEF,0xDE,0xFF,
    0xBC,0xF7,0x18,0xE7,0x9B,0xF7,0x9B,0xF7,0xBC,0xF7,0x9B,0xEF,0xBC,0xF7,0x9C,0xF7,
    0x9C,0xF7,0x9C,0xF7,0x9C,0xF7,0x9C,0xF7,0x9C,0xF7,0x9C,0xF7,0x9C,0xF7,0x9C,0xF7,
    0x9C,0xF7,0x9C,0xF7,0x9C,0xF7,0x9C,0xF7,0x9C,0xF7,0xBC,0xF7,0xBC,0xF7,0xBC,0xF7,
    0xBC,0xF7,0x9C,0xF7,0xBC,0xF7,0x9C,0xF7,0x9C,0xF7,0x9C,0xF7,0x9C,0xF7,0xBC,0xF7,
    0xBD,0xF7,0xBD,0xF7,0x9D,0xF7,0xBD,0xF7,0xBD,0xF7,0xBD,0xF7,0xBD,0xF7,0xBD,0xF7,
    0xBD,0xF7,0xBD,0xF7,0xBD,0xF7,0xBD,0xF7,0xBD,0xF7,0xBD,0xF7,0xBD,0xF7,0xBD,0xF7,
    0xBD,0xF7,0xBD,0xF7,0xBD,0xF7,0xBD,0xF7,0xBD,0xF7,0xBD,0xF7,0xBD,0xF7,0xBD,0xF7,
    0xBD,0xF7,0xBD,0xF7,0xBD,0xF7,0xBD,0xF7,0xBD,0xF7,0xBD,0xF7,0xBD,0xF7,0xBD,0xF7,
    0xBD,0xF7,0xBD,0xF7,0xBD,0xF7,0xBD,0xF7,0xBD,0xF7,0xBD,0xF7,0xBD,0xF7,0xBD,0xF7,
    0xBD,0xF7,0xBD,0xF7,0xBD,0xF7,0xBD,0xF7,0xBD,0xF7,0xBD,0xF7,0xBD,0xF7,0xBD,0xF7,
    0xBD,0xF7,0xBD,0xF7,0xBD,0xF7,0xBD,0xF7,0xBD,0xF7,0xBD,0xF7,0xBD,0xF7,0xBD,0xF7,
    0x9C,0xEF,0xFF,0xFF,0x5A,0xEF,0x19,0xE7,0x9B,0xF7,0x9B,0xF7,0xBC,0xF7,0xBD,0xF7,
    0x9B,0xF7,0xBC,0xF7,0x9C,0xF7,0xBC,0xF7,0xBC,0xF7,0xBC,0xF7,0x9C,0xF7,0xBC,0xF7,
    0xBC,0xF7,0xBC,0xF7,0x9C,0xF7,0xBC,0xF7,0x9C,0xF7,0xBC,0xF7,0xBD,0xF7,0xBD,0xF7,
    0xBD,0xF7,0xBD,0xF7,0xBD,0xF7,0xBD,0xF7,0xBD,0xF7,0xBD,0xF7,0xBD,0xF7,0xBD,0xF7,
    0xBD,0xF7,0xBD,0xF7,0xBD,0xF7,0xBD,0xF7,0xBD,0xF7,0xBD,0xF7,0xBD,0xF7,0xBD,0xF7,
    0xBD,0xF7,0xBD,0xF7,0xBD,0xF7,0xBD,0xF7,0xBD,0xF7,0xBD,0xF7,0xBD,0xF7,0xBD,0xF7,
    0xBD,0xF7,0xBD,0xF7,0xBD,0xF7,0xBD,0xF7,0xBD,0xF7,0xBD,0xF7,0xBD,0xF7,0xBD,0xF7,
    0xBD,0xF7,0xBD,0xF7,0xBD,0xF7,0xBD,0xF7,0x9D,0xF7,0x9C,0xF7,0x9C,0xF7,0x9C,0xF7,
    0x9C,0xF7,0x9C,0xF7,0x9C,0xF7,0x9C,0xEF,0x9C,0xEF,0x9C,0xEF,0x9C,0xEF,0x9C,0xEF,
    0x9C,0xEF,0x9C,0xEF,0x9C,0xEF,0x9C,0xEF,0x9C,0xEF,0x9C,0xEF,0x9C,0xEF,0x9C,0xEF,
    0x9C,0xEF,0x7C,0xEF,0x7C,0xEF,0x7C,0xEF,0x7C,0xEF,0x7C,0xEF,0x7C,0xEF,0x7C,0xEF,
    0x7C,0xEF,0x7C,0xEF,0xDE,0xFF,0xDD,0xFF,0x18,0xE7,0x3A,0xE7,0x9B,0xF7,0x9B,0xF7,
    0x7A,0xF7,0xDD,0xFF,0xBD,0xF7,0x9B,0xEF,0x9B,0xF7,0x9B,0xF7,0x9B,0xF7,0x9B,0xEF,
    0x9B,0xEF,0x9B,0xEF,0x9B,0xEF,0x9B,0xEF,0x9B,0xEF,0x9B,0xEF,0x9B,0xEF,0x9B,0xEF,
    0x9C,0xF7,0x9C,0xF7,0x9C,0xF7,0x9C,0xF7,0x9C,0xF7,0x9C,0xF7,0x9C,0xF7,0x9C,0xF7,
    0x9C,0xF7,0x9C,0xF7,0x9C,0xF7,0x9C,0xF7,0x9C,0xF7,0xBC,0xF7,0xBC,0xF7,0xBD,0xF7,
    0xBD,0xF7,0xBD,0xF7,0xBD,0xF7,0xBD,0xF7,0xBD,0xF7,0xBD,0xF7,0xBD,0xF7,0xBD,0xF7,
    0xBD,0xF7,0xBD,0xF7,0xBD,0xF7,0xBD,0xF7,0xBD,0xF7,0xBD,0xF7,0xBD,0xF7,0xBD,0xF7,
    0xBD,0xF7,0xBD,0xF7,0xBD,0xF7,0xBD,0xF7,0xBD,0xF7,0xBD,0xF7,0xBD,0xF7,0xBD,0xF7,
    0xBE,0xF7,0xBE,0xF7,0xBE,0xFF,0xBE,0xF7,0xBD,0xF7,0xBD,0xF7,0xBD,0xF7,0xBD,0xF7,
    0xBD,0xF7,0xBD,0xF7,0xBD,0xF7,0xBD,0xF7,0xBD,0xF7,0xBD,0xF7,0xBD,0xF7,0xBD,0xF7,
    0xBD,0xF7,0xBD,0xF7,0xBD,0xF7,0xBD,0xF7,0xBD,0xF7,0xBD,0xF7,0x9D,0xF7,0x9D,0xF7,
    0x9D,0xF7,0x9C,0xEF,0x9C,0xEF,0xDE,0xFF,0xFE,0xFF,0x39,0xE7,0x19,0xE7,0x3A,0xEF,
    0x9B,0xF7,0x9B,0xF7,0x7B,0xF7,0x79,0xF7,0xDC,0xFF,0xDD,0xFF,0xDD,0xF7,0xBC,0xF7,
    0xBC,0xF7,0x9C,0xF7,0x9C,0xF7,0x9C,0xF7,0x9C,0xF7,0xBC,0xF7,0x9C,0xF7,0x9C,0xF7,
    0x9C,0xF7,0x9C,0xF7,0x9C,0xEF,0x9C,0xF7,0x9C,0xF7,0x9C,0xF7,0x9C,0xF7,0x9C,0xF7,
    0x9C,0xF7,0xBC,0xF7,0xBC,0xF7,0xBC,0xF7,0x9C,0xF7,0x9C,0xF7,0xBC,0xF7,0xBC,0xF7,
    0xBD,0xF7,0xBD,0xF7,0xBD,0xF7,0xBD,0xF7,0xBD,0xF7,0xBD,0xF7,0xBD,0xF7,0xBD,0xF7,
    0xBD,0xF7,0xBD,0xF7,0xBD,0xF7,0xDD,0xF7,0xDD,0xF7,0xDE,0xF7,0xDE,0xF7,0xDE,0xF7,
    0xDE,0xF7,0xDE,0xF7,0xDE,0xF7,0xDE,0xFF,0xDE,0xFF,0xDE,0xFF,0xDE,0xFF,0xDE,0xFF,
    0xDE,0xFF,0xDE,0xFF,0xDE,0xFF,0xDE,0xFF,0xDE,0xFF,0xDE,0xFF,0xDE,0xFF,0xDE,0xFF,
    0xDE,0xFF,0xDE,0xF7,0xDE,0xF7,0xDE,0xF7,0xDE,0xF7,0xBE,0xF7,0xBD,0xF7,0xBD,0xF7,
    0xBD,0xF7,0xBD,0xF7,0xBD,0xF7,0xBD,0xF7,0xBD,0xF7,0xBD,0xF7,0xBD,0xF7,0xBD,0xF7,
    0xBD,0xF7,0xBD,0xF7,0xBD,0xF7,0xDE,0xFF,0xFE,0xFF,0xDD,0xFF,0x39,0xE7,0x18,0xDF,
    0x3A,0xE7,0x5A,0xEF,0x9C,0xF7,0x9B,0xF7,0x7B,0xF7,0x7A,0xF7,0x59,0xEF,0x7A,0xF7,
    0xBC,0xFF,0xDD,0xFF,0xFD,0xFF,0xFD,0xFF,0xFD,0xFF,0xFD,0xFF,0xFD,0xFF,0xFD,0xFF,
    0xFD,0xFF,0xFD,0xFF,0xFD,0xFF,0xFD,0xFF,0xFD,0xFF,0xFD,0xFF,0xFD,0xFF,0xFD,0xFF,
    0xFD,0xFF,0xFD,0xFF,0xFD,0xFF,0xFD,0xFF,0xFD,0xFF,0xFD,0xFF,0xFD,0xFF,0xFD,0xFF,
    0xFD,0xFF,0xFD,0xFF,0xFD,0xFF,0xFD,0xFF,0xFD,0xFF,0xFD,0xFF,0xFD,0xFF,0xFE,0xFF,
    0xFE,0xFF,0xFE,0xFF,0xFE,0xFF,0xFE,0xFF,0xFE,0xFF,0xFE,0xFF,0xFE,0xFF,0xFE,0xFF,
    0xFE,0xFF,0xFE,0xFF,0xFE,0xFF,0xFE,0xFF,0xFE,0xFF,0xFE,0xFF,0xFE,0xFF,0xFE,0xFF,
    0xFE,0xFF,0xFE,0xFF,0xFE,0xFF,0xFE,0xFF,0xFE,0xFF,0xFE,0xFF,0xFE,0xFF,0xFE,0xFF,
    0xFE,0xFF,0xFE,0xFF,0xFE,0xFF,0xFE,0xFF,0xFE,0xFF,0xFE,0xFF,0xFE,0xFF,0xFE,0xFF,
    0xFE,0xFF,0xFE,0xFF,0xFE,0xFF,0xFD,0xFF,0xFD,0xFF,0xFD,0xFF,0xFD,0xFF,0xFD,0xFF,
    0xFD,0xFF,0xFD,0xFF,0xFD,0xFF,0xFD,0xFF,0xDD,0xFF,0xDC,0xFF,0x7A,0xEF,0x18,0xE7,
    0x18,0xDF,0x39,0xE7,0x5A,0xEF,0x7B,0xEF,
};
const lv_image_dsc_t ui_img_environment_v3_pressure_card = {
    .header = { .magic = LV_IMAGE_HEADER_MAGIC, .cf = LV_COLOR_FORMAT_RGB565,
                .flags = 0, .w = 90, .h = 46, .stride = 180, .reserved_2 = 0 },
    .data_size = sizeof(ui_img_environment_v3_pressure_card_data), .data = ui_img_environment_v3_pressure_card_data, .reserved = NULL,
};
