// Generated from ui_img_focus_paper_texture.png; 96x96; LVGL 9 RGB565A8.
#include "../ui.h"

#ifndef LV_ATTRIBUTE_MEM_ALIGN
#define LV_ATTRIBUTE_MEM_ALIGN
#endif

const LV_ATTRIBUTE_MEM_ALIGN uint8_t ui_img_focus_paper_texture_data[] = {
    0xDC,0xFF,0xDC,0xFF,0xBC,0xFF,0xBC,0xFF,0xBC,0xFF,0xBC,0xFF,0xDC,0xFF,0xDC,0xFF,
    0xBC,0xFF,0xBC,0xFF,0xDC,0xFF,0xDC,0xFF,0xDC,0xFF,0xBC,0xFF,0xBC,0xFF,0xDC,0xFF,
    0xBB,0xFF,0xBC,0xFF,0x9B,0xFF,0xBB,0xFF,0x9B,0xFF,0xBC,0xFF,0xBB,0xFF,0xDC,0xFF,
    0xDC,0xFF,0xBC,0xFF,0x9B,0xFF,0xBC,0xFF,0xBC,0xFF,0xDC,0xFF,0xBB,0xFF,0xBC,0xFF,
    0xBC,0xFF,0xBC,0xFF,0xDC,0xFF,0xBC,0xFF,0xBC,0xFF,0xDC,0xFF,0xBC,0xFF,0xBC,0xFF,
    0xDC,0xFF,0xDC,0xFF,0xBB,0xFF,0xDC,0xFF,0xDC,0xFF,0x9B,0xFF,0xDC,0xFF,0xDC,0xFF,
    0xBC,0xFF,0xFD,0xFF,0xDC,0xFF,0xBB,0xFF,0xDC,0xFF,0xDC,0xFF,0xBC,0xFF,0xDC,0xFF,
    0xBC,0xFF,0xDC,0xFF,0xDC,0xFF,0xBC,0xFF,0xDC,0xFF,0xBC,0xFF,0xDC,0xFF,0xBB,0xFF,
    0xBC,0xFF,0xBC,0xFF,0xDC,0xFF,0xDC,0xFF,0xBB,0xFF,0xBC,0xFF,0xDC,0xFF,0x9B,0xFF,
    0xBC,0xFF,0xBC,0xFF,0xDC,0xFF,0xDC,0xFF,0xBC,0xFF,0xBC,0xFF,0xBC,0xFF,0xDC,0xFF,
    0xBC,0xFF,0xBC,0xFF,0xDC,0xFF,0xBC,0xFF,0xBC,0xFF,0xBC,0xFF,0xBC,0xFF,0xBC,0xFF,
    0xDC,0xFF,0xDC,0xFF,0xBC,0xFF,0xDC,0xFF,0xBC,0xFF,0xBB,0xFF,0x9B,0xFF,0x9B,0xFF,
    0xBB,0xFF,0xDC,0xFF,0x9B,0xFF,0x9B,0xFF,0xBC,0xFF,0xBC,0xFF,0xDC,0xFF,0xFD,0xFF,
    0xBC,0xFF,0xBC,0xFF,0xDC,0xFF,0xDC,0xFF,0xBC,0xFF,0xBC,0xFF,0xDC,0xFF,0xDC,0xFF,
    0xBC,0xFF,0xBC,0xFF,0xDC,0xFF,0xBC,0xFF,0xDC,0xFF,0xBC,0xFF,0xDC,0xFF,0xDC,0xFF,
    0xDC,0xFF,0xBC,0xFF,0xBC,0xFF,0x9B,0xFF,0xBC,0xFF,0xDC,0xFF,0x9B,0xFF,0xDC,0xFF,
    0x9B,0xFF,0xDC,0xFF,0xBC,0xFF,0xDC,0xFF,0xDC,0xFF,0xBB,0xFF,0xDC,0xFF,0xDC,0xFF,
    0xBC,0xFF,0xBC,0xFF,0xBC,0xFF,0xBC,0xFF,0xDC,0xFF,0xBC,0xFF,0xBC,0xFF,0xBC,0xFF,
    0xBC,0xFF,0xBB,0xFF,0xDC,0xFF,0xBC,0xFF,0xDC,0xFF,0xDC,0xFF,0xBC,0xFF,0xBC,0xFF,
    0xBC,0xFF,0xDC,0xFF,0xBC,0xFF,0xBC,0xFF,0xBB,0xFF,0xBC,0xFF,0xFC,0xFF,0xBC,0xFF,
    0xBC,0xFF,0xDC,0xFF,0xDC,0xFF,0xBB,0xFF,0xBC,0xFF,0xBC,0xFF,0x9B,0xFF,0xDC,0xFF,
    0xBC,0xFF,0xDC,0xFF,0xBC,0xFF,0xDC,0xFF,0xBC,0xFF,0xBC,0xFF,0xBC,0xFF,0xBB,0xFF,
    0xDC,0xFF,0xBC,0xFF,0xDC,0xFF,0xBC,0xFF,0xBC,0xFF,0xBC,0xFF,0xDC,0xFF,0xBC,0xFF,
    0xBC,0xFF,0xDC,0xFF,0xDC,0xFF,0xDC,0xFF,0x9B,0xFF,0xAB,0x8B,0x8A,0x83,0x8A,0x83,
    0xDC,0xFF,0xBC,0xFF,0xDC,0xFF,0xDC,0xFF,0xDC,0xFF,0xDC,0xFF,0xBC,0xFF,0xDC,0xFF,
    0xBB,0xFF,0xDC,0xFF,0xDC,0xFF,0xDC,0xFF,0xFC,0xFF,0xDC,0xFF,0xBC,0xFF,0x9B,0xFF,
    0xDC,0xFF,0xBC,0xFF,0xBC,0xFF,0xDC,0xFF,0x9B,0xFF,0x9B,0xFF,0xDC,0xFF,0xDC,0xFF,
    0xBC,0xFF,0xDC,0xFF,0xBC,0xFF,0x7B,0xF7,0x9B,0xFF,0x7B,0xF7,0x7B,0xF7,0x9B,0xFF,
    0xBC,0xFF,0xDC,0xFF,0xBC,0xFF,0xBC,0xFF,0xBC,0xFF,0xBC,0xFF,0xDC,0xFF,0xBC,0xFF,
    0xDC,0xFF,0xDC,0xFF,0xFD,0xFF,0xBB,0xFF,0xDC,0xFF,0xBC,0xFF,0xBC,0xFF,0xBB,0xFF,
    0xBC,0xFF,0xDC,0xFF,0xBC,0xFF,0xDC,0xFF,0xBC,0xFF,0xDC,0xFF,0xBC,0xFF,0x9B,0xFF,
    0xBC,0xFF,0x9B,0xFF,0x7B,0xF7,0xBC,0xFF,0xDC,0xFF,0xDC,0xFF,0xBB,0xFF,0xBC,0xFF,
    0xDC,0xFF,0xDC,0xFF,0xDC,0xFF,0xBC,0xFF,0xDC,0xFF,0xDC,0xFF,0xDC,0xFF,0xDC,0xFF,
    0xBC,0xFF,0xDC,0xFF,0xBC,0xFF,0xDC,0xFF,0xBB,0xFF,0xBC,0xFF,0xBC,0xFF,0xBB,0xFF,
    0xFC,0xFF,0xDC,0xFF,0xBC,0xFF,0xDC,0xFF,0xDC,0xFF,0x9B,0xFF,0xDC,0xFF,0xBC,0xFF,
    0xDC,0xFF,0xBC,0xFF,0xBC,0xFF,0xBC,0xFF,0xDC,0xFF,0x9B,0xFF,0x9B,0xFF,0xBC,0xFF,
    0xBC,0xFF,0xBC,0xFF,0x9B,0xFF,0xFC,0xFF,0xDC,0xFF,0xDC,0xFF,0xDC,0xFF,0xDC,0xFF,
    0xDC,0xFF,0xBC,0xFF,0xBC,0xFF,0xDC,0xFF,0xDC,0xFF,0xDC,0xFF,0xBC,0xFF,0xBC,0xFF,
    0xBC,0xFF,0xFC,0xFF,0xDC,0xFF,0xDC,0xFF,0xBC,0xFF,0xBC,0xFF,0xBC,0xFF,0xDC,0xFF,
    0xBC,0xFF,0xBC,0xFF,0x9B,0xFF,0xAB,0x8B,0x8A,0x83,0x8A,0x83,0x8A,0x83,0xAB,0x8B,
    0x7B,0xF7,0xDC,0xFF,0xDC,0xFF,0xBC,0xFF,0xBC,0xFF,0xDC,0xFF,0xBC,0xFF,0xBC,0xFF,
    0xDC,0xFF,0xFD,0xFF,0xBC,0xFF,0xBC,0xFF,0xBC,0xFF,0xDC,0xFF,0xBB,0xFF,0xBC,0xFF,
    0xDC,0xFF,0xBC,0xFF,0xDC,0xFF,0xDC,0xFF,0xDC,0xFF,0xDC,0xFF,0xFD,0xFF,0xBC,0xFF,
    0xBC,0xFF,0xBB,0xFF,0xDC,0xFF,0xDC,0xFF,0xDC,0xFF,0xBC,0xFF,0xBC,0xFF,0xBC,0xFF,
    0xDC,0xFF,0xBC,0xFF,0xDC,0xFF,0xDC,0xFF,0xBC,0xFF,0xBC,0xFF,0xDC,0xFF,0xBC,0xFF,
    0xDC,0xFF,0xFC,0xFF,0xDC,0xFF,0xDC,0xFF,0x9B,0xFF,0xDC,0xFF,0x9B,0xFF,0xBB,0xFF,
    0xDC,0xFF,0xDC,0xFF,0xBC,0xFF,0x9B,0xFF,0xBC,0xFF,0xBC,0xFF,0xDC,0xFF,0xFD,0xFF,
    0xDC,0xFF,0xBC,0xFF,0xBB,0xFF,0xBC,0xFF,0xBC,0xFF,0xBC,0xFF,0xDC,0xFF,0xBC,0xFF,
    0xDC,0xFF,0xDC,0xFF,0xDC,0xFF,0xBC,0xFF,0xDC,0xFF,0xBC,0xFF,0xBC,0xFF,0xBC,0xFF,
    0xBB,0xFF,0xBB,0xFF,0xDC,0xFF,0xBC,0xFF,0xDC,0xFF,0xDC,0xFF,0x9B,0xFF,0xBC,0xFF,
    0xDC,0xFF,0xDC,0xFF,0xBC,0xFF,0xDC,0xFF,0xDC,0xFF,0xBB,0xFF,0xBC,0xFF,0xDC,0xFF,
    0xDC,0xFF,0x9B,0xFF,0xDC,0xFF,0x9B,0xFF,0xBC,0xFF,0x9B,0xFF,0x9B,0xFF,0x7B,0xF7,
    0xFD,0xFF,0xBC,0xFF,0xFC,0xFF,0xBC,0xFF,0xDC,0xFF,0x9B,0xFF,0xBC,0xFF,0xDC,0xFF,
    0xBB,0xFF,0xDC,0xFF,0xDC,0xFF,0xBC,0xFF,0xBC,0xFF,0xBC,0xFF,0xBC,0xFF,0xBC,0xFF,
    0xBC,0xFF,0xBC,0xFF,0xBC,0xFF,0xBB,0xFF,0x9B,0xFF,0xBB,0xFF,0x7B,0xF7,0x9B,0xFF,
    0x9B,0xF7,0x7B,0xF7,0xBB,0xFF,0xBC,0xFF,0xDC,0xFF,0xBC,0xFF,0xDC,0xFF,0xBC,0xFF,
    0xBC,0xFF,0xDC,0xFF,0xBC,0xFF,0xDC,0xFF,0xBC,0xFF,0xBC,0xFF,0xBC,0xFF,0xDC,0xFF,
    0xDC,0xFF,0xBC,0xFF,0xBC,0xFF,0x9B,0xFF,0x9B,0xFF,0x7B,0xF7,0x7B,0xF7,0xBC,0xFF,
    0xDC,0xFF,0xBB,0xFF,0xBC,0xFF,0xBC,0xFF,0xBC,0xFF,0x9B,0xFF,0x7B,0xF7,0x9B,0xF7,
    0x9B,0xFF,0x9B,0xF7,0x9B,0xFF,0xBC,0xFF,0xBB,0xFF,0x9B,0xFF,0xFC,0xFF,0xBC,0xFF,
    0xDC,0xFF,0xBC,0xFF,0xDC,0xFF,0xDC,0xFF,0xFC,0xFF,0xBC,0xFF,0x9B,0xFF,0xBC,0xFF,
    0xBB,0xFF,0xDC,0xFF,0xDC,0xFF,0xBC,0xFF,0xBB,0xFF,0xBC,0xFF,0xDC,0xFF,0x9B,0xF7,
    0xDC,0xFF,0xBC,0xFF,0xDC,0xFF,0xBC,0xFF,0xBC,0xFF,0xBB,0xFF,0xBC,0xFF,0xDC,0xFF,
    0xDC,0xFF,0xBC,0xFF,0xBC,0xFF,0x9B,0xFF,0xBC,0xFF,0xBC,0xFF,0xBC,0xFF,0xBC,0xFF,
    0xBC,0xFF,0xBC,0xFF,0xBC,0xFF,0xDC,0xFF,0xFC,0xFF,0xBC,0xFF,0xBC,0xFF,0xBC,0xFF,
    0xBC,0xFF,0xBC,0xFF,0xBC,0xFF,0xBC,0xFF,0xDC,0xFF,0xBC,0xFF,0xDC,0xFF,0xBC,0xFF,
    0xBC,0xFF,0xBC,0xFF,0xBC,0xFF,0x9B,0xF7,0xAB,0x8B,0x8A,0x83,0x8A,0x83,0x8A,0x83,
    0x8A,0x83,0x8A,0x83,0xAB,0x8B,0x7A,0xF7,0xDC,0xFF,0xDC,0xFF,0xBC,0xFF,0xBC,0xFF,
    0xBC,0xFF,0xBC,0xFF,0xBC,0xFF,0xBC,0xFF,0xDC,0xFF,0xBB,0xFF,0xDC,0xFF,0xDC,0xFF,
    0xBC,0xFF,0xBC,0xFF,0xDC,0xFF,0x7B,0xF7,0xAB,0x8B,0x8A,0x83,0xAB,0x8B,0x9B,0xFF,
    0xBC,0xFF,0xBC,0xFF,0xDC,0xFF,0xDC,0xFF,0x9B,0xFF,0xAB,0x8B,0x8A,0x83,0x8A,0x83,
    0x8A,0x83,0x8A,0x83,0xAB,0x8B,0xBB,0xFF,0xBC,0xFF,0x9B,0xFF,0xDC,0xFF,0xBB,0xFF,
    0xBB,0xFF,0xBC,0xFF,0xDC,0xFF,0xBC,0xFF,0xDC,0xFF,0xFC,0xFF,0xFC,0xFF,0xBC,0xFF,
    0xBC,0xFF,0xBB,0xFF,0xBC,0xFF,0xDC,0xFF,0xDC,0xFF,0xDC,0xFF,0xDC,0xFF,0xBC,0xFF,
    0xBC,0xFF,0xDC,0xFF,0xDC,0xFF,0xDC,0xFF,0xDC,0xFF,0xBC,0xFF,0xDC,0xFF,0xBC,0xFF,
    0x9B,0xFF,0xDC,0xFF,0xBC,0xFF,0xDC,0xFF,0x9B,0xFF,0xBC,0xFF,0xBC,0xFF,0xBC,0xFF,
    0x9B,0xFF,0xBC,0xFF,0xDC,0xFF,0xDC,0xFF,0xBC,0xFF,0xBC,0xFF,0xDC,0xFF,0x9B,0xF7,
    0xBC,0xFF,0xDC,0xFF,0xDC,0xFF,0xFC,0xFF,0xDC,0xFF,0xDC,0xFF,0xDC,0xFF,0xDC,0xFF,
    0xBC,0xFF,0xBC,0xFF,0xDC,0xFF,0xFD,0xFF,0x9B,0xFF,0x9B,0xFF,0x9B,0xFF,0xBC,0xFF,
    0x9B,0xFF,0xBC,0xFF,0x7B,0xF7,0xBC,0xFF,0xBC,0xFF,0xDC,0xFF,0xDC,0xFF,0xBB,0xFF,
    0xBC,0xFF,0xDC,0xFF,0xBC,0xFF,0xBB,0xFF,0xDC,0xFF,0xDC,0xFF,0xDC,0xFF,0xBC,0xFF,
    0xDC,0xFF,0xBC,0xFF,0xDC,0xFF,0xBC,0xFF,0x7B,0xF7,0x9B,0xFF,0x9B,0xF7,0xDC,0xFF,
    0xDC,0xFF,0xBC,0xFF,0xDC,0xFF,0xBC,0xFF,0xDC,0xFF,0x9B,0xF7,0x9B,0xF7,0xBC,0xFF,
    0xBC,0xFF,0xBC,0xFF,0x9B,0xFF,0xDC,0xFF,0xDC,0xFF,0xBC,0xFF,0xBC,0xFF,0xDC,0xFF,
    0xDC,0xFF,0xBC,0xFF,0x9B,0xFF,0xBB,0xFF,0xDC,0xFF,0xBC,0xFF,0xBC,0xFF,0xDC,0xFF,
    0xDC,0xFF,0xBC,0xFF,0xDC,0xFF,0xBC,0xFF,0xBC,0xFF,0xBC,0xFF,0xDC,0xFF,0xBC,0xFF,
    0xBC,0xFF,0xBC,0xFF,0xBC,0xFF,0xDC,0xFF,0x9B,0xFF,0xBC,0xFF,0xBC,0xFF,0xFD,0xFF,
    0xDC,0xFF,0xBC,0xFF,0xDC,0xFF,0xFD,0xFF,0xBC,0xFF,0xBC,0xFF,0xDC,0xFF,0xDC,0xFF,
    0xDC,0xFF,0xBC,0xFF,0xFD,0xFF,0xFC,0xFF,0xDC,0xFF,0xDC,0xFF,0x9B,0xFF,0x9B,0xFF,
    0x9B,0xFF,0x9B,0xFF,0x9B,0xFF,0xBC,0xFF,0x9B,0xFF,0xDC,0xFF,0xBC,0xFF,0xBC,0xFF,
    0xBC,0xFF,0xBC,0xFF,0x9B,0xFF,0xDC,0xFF,0xDC,0xFF,0xBB,0xFF,0xBC,0xFF,0x9B,0xFF,
    0x7B,0xF7,0x7B,0xF7,0x7B,0xF7,0x9B,0xF7,0xDC,0xFF,0x9B,0xFF,0xDC,0xFF,0xBB,0xFF,
    0xDC,0xFF,0xBC,0xFF,0xBC,0xFF,0xBC,0xFF,0xBC,0xFF,0xBC,0xFF,0x9B,0xFF,0xBC,0xFF,
    0xFC,0xFF,0xFD,0xFF,0xDC,0xFF,0xDC,0xFF,0xBC,0xFF,0xDC,0xFF,0xBC,0xFF,0xBC,0xFF,
    0xBC,0xFF,0xDC,0xFF,0xBC,0xFF,0xBC,0xFF,0xBC,0xFF,0xBC,0xFF,0xFD,0xFF,0xBC,0xFF,
    0xBC,0xFF,0xDC,0xFF,0xDC,0xFF,0xBC,0xFF,0xBC,0xFF,0xDC,0xFF,0xDC,0xFF,0xDC,0xFF,
    0xFC,0xFF,0xBC,0xFF,0xDC,0xFF,0xBC,0xFF,0xDC,0xFF,0x9B,0xFF,0xBC,0xFF,0xBC,0xFF,
    0xDC,0xFF,0xDC,0xFF,0xDC,0xFF,0x9B,0xFF,0xDC,0xFF,0xBC,0xFF,0xBC,0xFF,0xDC,0xFF,
    0xBC,0xFF,0x9B,0xFF,0xBC,0xFF,0xBB,0xFF,0xBC,0xFF,0xDC,0xFF,0xDC,0xFF,0xFC,0xFF,
    0xBC,0xFF,0xBB,0xFF,0xBC,0xFF,0xBC,0xFF,0xBB,0xFF,0xDC,0xFF,0xBC,0xFF,0x9B,0xFF,
    0xDC,0xFF,0xBC,0xFF,0xDC,0xFF,0xDC,0xFF,0xDC,0xFF,0xDC,0xFF,0xBC,0xFF,0xAB,0x8B,
    0x8A,0x83,0x8A,0x83,0xAB,0x8B,0x9B,0xFF,0xBC,0xFF,0xDC,0xFF,0xBB,0xFF,0xFC,0xFF,
    0xDC,0xFF,0xBB,0xFF,0x9B,0xFF,0xBC,0xFF,0x9B,0xFF,0xAB,0x8B,0x8A,0x83,0x8A,0x83,
    0x8A,0x83,0x8A,0x83,0x8A,0x83,0xAB,0x8B,0xDC,0xFF,0xBC,0xFF,0xBC,0xFF,0xBC,0xFF,
    0xDC,0xFF,0xBC,0xFF,0xBC,0xFF,0xBC,0xFF,0xBC,0xFF,0xBC,0xFF,0xBC,0xFF,0x9B,0xFF,
    0xBB,0xFF,0xBC,0xFF,0xDC,0xFF,0xBC,0xFF,0x9B,0xFF,0xBC,0xFF,0xDC,0xFF,0xDC,0xFF,
    0xBC,0xFF,0xBC,0xFF,0xDC,0xFF,0xBC,0xFF,0xBB,0xFF,0xBC,0xFF,0xDC,0xFF,0xDC,0xFF,
    0xDC,0xFF,0xBC,0xFF,0xDC,0xFF,0xBC,0xFF,0xBC,0xFF,0xFD,0xFF,0xDC,0xFF,0xBC,0xFF,
    0xBC,0xFF,0xDC,0xFF,0xDC,0xFF,0xBC,0xFF,0x9B,0xFF,0xBC,0xFF,0xDC,0xFF,0xDC,0xFF,
    0xDC,0xFF,0xDC,0xFF,0xDC,0xFF,0xBC,0xFF,0xDC,0xFF,0xFD,0xFF,0xDC,0xFF,0xDC,0xFF,
    0xDC,0xFF,0xFC,0xFF,0xBC,0xFF,0xBC,0xFF,0xDC,0xFF,0xDC,0xFF,0xBC,0xFF,0xDC,0xFF,
    0xBC,0xFF,0xDC,0xFF,0xBC,0xFF,0xBC,0xFF,0xBC,0xFF,0xDC,0xFF,0xBC,0xFF,0xBC,0xFF,
    0xDC,0xFF,0xBC,0xFF,0xDC,0xFF,0xBC,0xFF,0xDC,0xFF,0xFD,0xFF,0xFD,0xFF,0x9B,0xFF,
    0x9B,0xFF,0x9B,0xFF,0x9B,0xFF,0xFC,0xFF,0xBB,0xFF,0xDC,0xFF,0xBC,0xFF,0xDC,0xFF,
    0xDC,0xFF,0xBC,0xFF,0xDC,0xFF,0xDC,0xFF,0xDC,0xFF,0x9B,0xFF,0x9B,0xF7,0x7A,0xF7,
    0xBB,0xFF,0x9B,0xFF,0x9B,0xFF,0x9B,0xFF,0xDC,0xFF,0xBC,0xFF,0xBC,0xFF,0xBC,0xFF,
    0xDC,0xFF,0xBB,0xFF,0xDC,0xFF,0xBC,0xFF,0xBC,0xFF,0xDC,0xFF,0xBC,0xFF,0xBB,0xFF,
    0xBC,0xFF,0xDC,0xFF,0xDC,0xFF,0xBC,0xFF,0xDC,0xFF,0xDC,0xFF,0xBC,0xFF,0xDC,0xFF,
    0xBC,0xFF,0xBC,0xFF,0xBC,0xFF,0x9B,0xFF,0x9B,0xFF,0x9B,0xF7,0x9B,0xF7,0xBB,0xFF,
    0xDC,0xFF,0xDC,0xFF,0xDC,0xFF,0xDC,0xFF,0xFD,0xFF,0xBC,0xFF,0xDC,0xFF,0xBC,0xFF,
    0xFC,0xFF,0xFC,0xFF,0x9B,0xFF,0xBC,0xFF,0xDC,0xFF,0xDC,0xFF,0xDC,0xFF,0xBC,0xFF,
    0xDC,0xFF,0xDC,0xFF,0xBC,0xFF,0xDC,0xFF,0x9B,0xFF,0xDC,0xFF,0xBC,0xFF,0xDC,0xFF,
    0xBC,0xFF,0xBC,0xFF,0xDC,0xFF,0xBC,0xFF,0xBC,0xFF,0x9B,0xFF,0xBC,0xFF,0xDC,0xFF,
    0xDC,0xFF,0xBC,0xFF,0xDC,0xFF,0xDC,0xFF,0xBC,0xFF,0xDC,0xFF,0xDC,0xFF,0xBC,0xFF,
    0xBC,0xFF,0xBC,0xFF,0xDC,0xFF,0xBC,0xFF,0xDC,0xFF,0xBC,0xFF,0xDC,0xFF,0xBC,0xFF,
    0xDC,0xFF,0xDC,0xFF,0xBC,0xFF,0xFD,0xFF,0xDC,0xFF,0xFC,0xFF,0xDC,0xFF,0xBC,0xFF,
    0xBC,0xFF,0xDC,0xFF,0xDC,0xFF,0xDC,0xFF,0xBC,0xFF,0x9B,0xFF,0xBC,0xFF,0x9B,0xFF,
    0xDC,0xFF,0xBC,0xFF,0xBC,0xFF,0xBC,0xFF,0xDC,0xFF,0xBB,0xFF,0x9B,0xFF,0xBC,0xFF,
    0x9B,0xFF,0xBC,0xFF,0xFC,0xFF,0xBC,0xFF,0xDC,0xFF,0xBB,0xFF,0xDC,0xFF,0xBC,0xFF,
    0xBC,0xFF,0xDC,0xFF,0xFC,0xFF,0xDC,0xFF,0xDC,0xFF,0xBC,0xFF,0xDC,0xFF,0xBC,0xFF,
    0xDC,0xFF,0xBC,0xFF,0xBC,0xFF,0xAB,0x8B,0x8A,0x83,0x8A,0x83,0x8A,0x83,0xAB,0x8B,
    0x9B,0xFF,0xBB,0xFF,0xDC,0xFF,0xFD,0xFF,0xDC,0xFF,0xBC,0xFF,0xBC,0xFF,0xBC,0xFF,
    0xDC,0xFF,0xBC,0xFF,0xBC,0xFF,0xDC,0xFF,0xDC,0xFF,0xBC,0xFF,0xBC,0xFF,0x9B,0xFF,
    0xBC,0xFF,0x9B,0xFF,0xDC,0xFF,0xBC,0xFF,0xDC,0xFF,0xFC,0xFF,0xDC,0xFF,0xBC,0xFF,
    0xDC,0xFF,0xDC,0xFF,0xBC,0xFF,0xBC,0xFF,0xBC,0xFF,0x9B,0xFF,0xDC,0xFF,0x9B,0xFF,
    0xBC,0xFF,0xBC,0xFF,0xBC,0xFF,0xDC,0xFF,0xDC,0xFF,0xBC,0xFF,0xDC,0xFF,0x9B,0xFF,
    0xBC,0xFF,0xBC,0xFF,0xDC,0xFF,0xDC,0xFF,0xBC,0xFF,0xBC,0xFF,0xDC,0xFF,0xDC,0xFF,
    0xBC,0xFF,0xFD,0xFF,0xFD,0xFF,0xBB,0xFF,0xDC,0xFF,0xFD,0xFF,0xDC,0xFF,0xDC,0xFF,
    0xBC,0xFF,0xBC,0xFF,0xBC,0xFF,0xBC,0xFF,0xDC,0xFF,0xBC,0xFF,0xBC,0xFF,0xBB,0xFF,
    0xBC,0xFF,0xBC,0xFF,0xBC,0xFF,0xDC,0xFF,0xDC,0xFF,0xDC,0xFF,0xDC,0xFF,0xDC,0xFF,
    0xBC,0xFF,0xBC,0xFF,0xDC,0xFF,0xBC,0xFF,0xDC,0xFF,0xDC,0xFF,0xBC,0xFF,0xBC,0xFF,
    0xBC,0xFF,0xDC,0xFF,0xBC,0xFF,0xDC,0xFF,0xBC,0xFF,0x9B,0xFF,0xBC,0xFF,0x9B,0xFF,
    0xBC,0xFF,0xDC,0xFF,0xDC,0xFF,0x7B,0xF7,0x9B,0xF7,0xBC,0xFF,0x9B,0xFF,0x9B,0xFF,
    0xDC,0xFF,0xFD,0xFF,0xDC,0xFF,0xDC,0xFF,0xDC,0xFF,0xDC,0xFF,0xBC,0xFF,0xBC,0xFF,
    0xDC,0xFF,0xBC,0xFF,0xBC,0xFF,0xDC,0xFF,0xFD,0xFF,0xBC,0xFF,0xBC,0xFF,0xBC,0xFF,
    0xDC,0xFF,0xDC,0xFF,0xBC,0xFF,0xBC,0xFF,0x9B,0xFF,0xBC,0xFF,0xDC,0xFF,0xDC,0xFF,
    0xBC,0xFF,0xBC,0xFF,0xDC,0xFF,0xDC,0xFF,0xBC,0xFF,0xBC,0xFF,0x9B,0xFF,0xBC,0xFF,
    0xFC,0xFF,0x9B,0xFF,0x9B,0xFF,0x9B,0xFF,0x9B,0xFF,0x7B,0xF7,0x9B,0xFF,0x9B,0xFF,
    0x9B,0xFF,0x9B,0xFF,0xBC,0xFF,0xBC,0xFF,0xBC,0xFF,0xDC,0xFF,0xDC,0xFF,0xDC,0xFF,
    0xBC,0xFF,0xDC,0xFF,0xDC,0xFF,0xDC,0xFF,0xDC,0xFF,0xBC,0xFF,0xBC,0xFF,0xDC,0xFF,
    0xBB,0xFF,0xDC,0xFF,0xBC,0xFF,0xBC,0xFF,0x9B,0xFF,0xBC,0xFF,0xBC,0xFF,0xDC,0xFF,
    0xDC,0xFF,0xBC,0xFF,0xBC,0xFF,0xBC,0xFF,0xDC,0xFF,0xBC,0xFF,0xDC,0xFF,0xFC,0xFF,
    0xBC,0xFF,0xBB,0xFF,0xBC,0xFF,0xBB,0xFF,0xBB,0xFF,0xDC,0xFF,0xDC,0xFF,0xBB,0xFF,
    0xDC,0xFF,0xDC,0xFF,0xBC,0xFF,0xBC,0xFF,0xBC,0xFF,0xDC,0xFF,0xDC,0xFF,0xDC,0xFF,
    0xDC,0xFF,0xDC,0xFF,0xDC,0xFF,0xDC,0xFF,0xBB,0xFF,0xBC,0xFF,0xDC,0xFF,0xBC,0xFF,
    0xDC,0xFF,0xBC,0xFF,0xBC,0xFF,0xDC,0xFF,0xDC,0xFF,0xDC,0xFF,0xDC,0xFF,0xDC,0xFF,
    0xDC,0xFF,0x9B,0xFF,0xBC,0xFF,0xBC,0xFF,0xBC,0xFF,0xDC,0xFF,0xDC,0xFF,0xBC,0xFF,
    0xBC,0xFF,0xFD,0xFF,0xBC,0xFF,0xBB,0xFF,0xDC,0xFF,0xDC,0xFF,0xBC,0xFF,0xDC,0xFF,
    0xBC,0xFF,0xBC,0xFF,0xDC,0xFF,0xDC,0xFF,0xBC,0xFF,0xDC,0xFF,0xBC,0xFF,0xFD,0xFF,
    0xBC,0xFF,0xBC,0xFF,0xAB,0x8B,0x8A,0x83,0x8A,0x83,0x8A,0x83,0x8A,0x83,0x8A,0x83,
    0xAB,0x8B,0x9B,0xF7,0xDC,0xFF,0xDC,0xFF,0xDC,0xFF,0xDC,0xFF,0xDC,0xFF,0xDC,0xFF,
    0xDC,0xFF,0xBB,0xFF,0xBB,0xFF,0xBB,0xFF,0xFC,0xFF,0xBC,0xFF,0xDC,0xFF,0xDC,0xFF,
    0xFC,0xFF,0xDC,0xFF,0xBC,0xFF,0xBC,0xFF,0xDC,0xFF,0xDC,0xFF,0xBC,0xFF,0xBC,0xFF,
    0xFC,0xFF,0x9B,0xFF,0xDC,0xFF,0xBC,0xFF,0xDC,0xFF,0xDC,0xFF,0xBC,0xFF,0xDC,0xFF,
    0x9B,0xFF,0xDC,0xFF,0xBC,0xFF,0xDC,0xFF,0xDC,0xFF,0x9B,0xFF,0xBC,0xFF,0xDC,0xFF,
    0xFC,0xFF,0xDC,0xFF,0xDC,0xFF,0xBB,0xFF,0xDC,0xFF,0xFC,0xFF,0xDC,0xFF,0xBC,0xFF,
    0x9B,0xFF,0xDC,0xFF,0xFD,0xFF,0xDC,0xFF,0xDC,0xFF,0xDC,0xFF,0xBC,0xFF,0xDC,0xFF,
    0xBB,0xFF,0xBC,0xFF,0xDC,0xFF,0xDC,0xFF,0xDC,0xFF,0xDC,0xFF,0xBC,0xFF,0xBB,0xFF,
    0xDC,0xFF,0xBC,0xFF,0xBB,0xFF,0xBB,0xFF,0xBC,0xFF,0x9B,0xFF,0xBB,0xFF,0x9B,0xFF,
    0xDC,0xFF,0xDC,0xFF,0xFD,0xFF,0xBB,0xFF,0xBC,0xFF,0xDC,0xFF,0xBC,0xFF,0xBC,0xFF,
    0xFC,0xFF,0xBC,0xFF,0x7B,0xF7,0x7B,0xF7,0x9B,0xFF,0x9B,0xFF,0x7B,0xF7,0xBC,0xFF,
    0xDC,0xFF,0xDC,0xFF,0x9B,0xF7,0x9B,0xFF,0x9B,0xFF,0x7B,0xF7,0x9B,0xFF,0x9B,0xFF,
    0x9B,0xF7,0x9B,0xFF,0xBC,0xFF,0xDC,0xFF,0xFC,0xFF,0x9B,0xFF,0xFD,0xFF,0xBC,0xFF,
    0xDC,0xFF,0xDC,0xFF,0xDC,0xFF,0xDC,0xFF,0xBB,0xFF,0xDC,0xFF,0xBC,0xFF,0x9B,0xFF,
    0xFD,0xFF,0xDC,0xFF,0xFC,0xFF,0xBC,0xFF,0xDC,0xFF,0xFC,0xFF,0xFC,0xFF,0xBC,0xFF,
    0xBB,0xFF,0xBC,0xFF,0x9B,0xFF,0x9B,0xFF,0xDC,0xFF,0xBC,0xFF,0xBC,0xFF,0xBC,0xFF,
    0xFD,0xFF,0xDC,0xFF,0xBC,0xFF,0xDC,0xFF,0xBC,0xFF,0xBC,0xFF,0xDC,0xFF,0xBB,0xFF,
    0xBC,0xFF,0xBB,0xFF,0xDC,0xFF,0xFC,0xFF,0xBC,0xFF,0xDC,0xFF,0xBC,0xFF,0xBC,0xFF,
    0xBB,0xFF,0xDC,0xFF,0xFD,0xFF,0xDC,0xFF,0xBC,0xFF,0xDC,0xFF,0xBC,0xFF,0xDC,0xFF,
    0xDC,0xFF,0xDC,0xFF,0xDC,0xFF,0xBC,0xFF,0xBC,0xFF,0x9B,0xFF,0xBC,0xFF,0xBB,0xFF,
    0xBC,0xFF,0xBC,0xFF,0xDC,0xFF,0xDC,0xFF,0xBB,0xFF,0xBC,0xFF,0xBC,0xFF,0xDC,0xFF,
    0xFC,0xFF,0xDC,0xFF,0xBC,0xFF,0xDC,0xFF,0xBB,0xFF,0xDC,0xFF,0xBC,0xFF,0x9B,0xF7,
    0xFD,0xFF,0xBC,0xFF,0xAB,0x8B,0x8A,0x83,0x8A,0x83,0x8A,0x83,0xAB,0x8B,0x9B,0xF7,
    0xDC,0xFF,0xDC,0xFF,0xDC,0xFF,0xDC,0xFF,0xFD,0xFF,0xBC,0xFF,0xDC,0xFF,0x9B,0xFF,
    0xBB,0xFF,0xDC,0xFF,0xBC,0xFF,0xDC,0xFF,0xBC,0xFF,0xBC,0xFF,0xBC,0xFF,0xBC,0xFF,
    0xBC,0xFF,0xDC,0xFF,0xDC,0xFF,0xBC,0xFF,0xBC,0xFF,0xDC,0xFF,0xBC,0xFF,0xDC,0xFF,
    0xFD,0xFF,0xDC,0xFF,0xBC,0xFF,0xBC,0xFF,0xBC,0xFF,0xBC,0xFF,0xBC,0xFF,0xBC,0xFF,
    0xBC,0xFF,0xDC,0xFF,0xBC,0xFF,0xBC,0xFF,0xBB,0xFF,0xFC,0xFF,0xDC,0xFF,0xFC,0xFF,
    0xDC,0xFF,0xDC,0xFF,0xBC,0xFF,0xDC,0xFF,0xFD,0xFF,0xBB,0xFF,0xDC,0xFF,0xFC,0xFF,
    0xDC,0xFF,0xDC,0xFF,0xDC,0xFF,0xBC,0xFF,0xDC,0xFF,0xBC,0xFF,0xBC,0xFF,0xBC,0xFF,
    0xBC,0xFF,0xDC,0xFF,0xDC,0xFF,0xBB,0xFF,0xFD,0xFF,0xDC,0xFF,0xDC,0xFF,0xBC,0xFF,
    0xBC,0xFF,0xDC,0xFF,0xDC,0xFF,0x9B,0xFF,0xDC,0xFF,0xFD,0xFF,0x9B,0xFF,0xDC,0xFF,
    0xDC,0xFF,0xBC,0xFF,0xDC,0xFF,0xBB,0xFF,0xDC,0xFF,0xDC,0xFF,0xBC,0xFF,0xBC,0xFF,
    0xDC,0xFF,0xBC,0xFF,0xFC,0xFF,0xBC,0xFF,0xDC,0xFF,0xBB,0xFF,0xDC,0xFF,0xBC,0xFF,
    0x9B,0xFF,0x9B,0xFF,0x5A,0xF7,0x5A,0xF7,0x9B,0xF7,0x7B,0xF7,0x7B,0xF7,0xDC,0xFF,
    0xDC,0xFF,0xFC,0xFF,0xDC,0xFF,0xBC,0xFF,0xBC,0xFF,0xDC,0xFF,0xDC,0xFF,0xDC,0xFF,
    0xDC,0xFF,0xBC,0xFF,0xBC,0xFF,0xFD,0xFF,0xDC,0xFF,0xBB,0xFF,0xBC,0xFF,0xDC,0xFF,
    0xDC,0xFF,0xBC,0xFF,0xBC,0xFF,0xDC,0xFF,0x9B,0xFF,0xBB,0xFF,0xDC,0xFF,0xBC,0xFF,
    0xDC,0xFF,0xDC,0xFF,0xDC,0xFF,0xDC,0xFF,0xFD,0xFF,0xDC,0xFF,0xBC,0xFF,0xDC,0xFF,
    0xDC,0xFF,0xBC,0xFF,0xDC,0xFF,0xBC,0xFF,0x9B,0xFF,0xBC,0xFF,0xBC,0xFF,0xBC,0xFF,
    0x9B,0xFF,0xBC,0xFF,0xBC,0xFF,0xDC,0xFF,0xBB,0xFF,0xDC,0xFF,0xBB,0xFF,0xBC,0xFF,
    0xDC,0xFF,0xBC,0xFF,0xBC,0xFF,0xDC,0xFF,0xBC,0xFF,0xBC,0xFF,0xDC,0xFF,0xDC,0xFF,
    0x9B,0xFF,0xBC,0xFF,0xBC,0xFF,0xBC,0xFF,0xBC,0xFF,0xBC,0xFF,0xDC,0xFF,0xBC,0xFF,
    0xDC,0xFF,0xDC,0xFF,0xBC,0xFF,0xDC,0xFF,0xFC,0xFF,0xDC,0xFF,0xBC,0xFF,0xBC,0xFF,
    0xBC,0xFF,0xDC,0xFF,0xDC,0xFF,0xBC,0xFF,0xBC,0xFF,0xDC,0xFF,0xBC,0xFF,0xDC,0xFF,
    0xBC,0xFF,0xBC,0xFF,0xBC,0xFF,0xFD,0xFF,0xBC,0xFF,0xBC,0xFF,0xBC,0xFF,0xBC,0xFF,
    0x9B,0xFF,0xAB,0x8B,0x8A,0x83,0x8A,0x83,0x8A,0x83,0x7A,0xF7,0x9B,0xFF,0x7B,0xF7,
    0x9B,0xFF,0xBC,0xFF,0xBC,0xFF,0x9B,0xFF,0xDC,0xFF,0xBC,0xFF,0xBC,0xFF,0xBC,0xFF,
    0xBC,0xFF,0xDC,0xFF,0xBB,0xFF,0xBC,0xFF,0xDC,0xFF,0xDC,0xFF,0xBC,0xFF,0xBC,0xFF,
    0xBC,0xFF,0xBC,0xFF,0xDC,0xFF,0xBC,0xFF,0xDC,0xFF,0xDC,0xFF,0xBC,0xFF,0xDC,0xFF,
    0x7B,0xF7,0x7B,0xF7,0x7B,0xF7,0x9B,0xF7,0x9B,0xFF,0xBC,0xFF,0xDC,0xFF,0x9B,0xFF,
    0xDC,0xFF,0xBB,0xFF,0xBC,0xFF,0xBC,0xFF,0xBB,0xFF,0xBB,0xFF,0xBC,0xFF,0xBC,0xFF,
    0xDC,0xFF,0xDC,0xFF,0xBC,0xFF,0xBC,0xFF,0xBC,0xFF,0xDC,0xFF,0x9B,0xFF,0xDC,0xFF,
    0xBC,0xFF,0xBC,0xFF,0xDC,0xFF,0xDC,0xFF,0xDC,0xFF,0xDC,0xFF,0xDC,0xFF,0xDC,0xFF,
    0xBC,0xFF,0x9B,0xFF,0xBC,0xFF,0x9B,0xFF,0xDC,0xFF,0xBC,0xFF,0xBC,0xFF,0xDC,0xFF,
    0xBB,0xFF,0xDC,0xFF,0xDC,0xFF,0xDC,0xFF,0x9B,0xFF,0xBC,0xFF,0x9B,0xFF,0x9B,0xF7,
    0xDC,0xFF,0x9B,0xFF,0xDC,0xFF,0xBC,0xFF,0xDC,0xFF,0x9B,0xFF,0xDC,0xFF,0xBC,0xFF,
    0xDC,0xFF,0xBC,0xFF,0xBC,0xFF,0xFD,0xFF,0xBC,0xFF,0xBC,0xFF,0xBC,0xFF,0xBC,0xFF,
    0xDC,0xFF,0xBC,0xFF,0x9B,0xF7,0x3A,0xEF,0x8A,0x83,0x8A,0x83,0x8A,0x83,0x8A,0x83,
    0xAB,0x8B,0x9B,0xFF,0xBB,0xFF,0xBB,0xFF,0xDC,0xFF,0xBC,0xFF,0xFD,0xFF,0xDC,0xFF,
    0xBC,0xFF,0xDC,0xFF,0xFC,0xFF,0xDC,0xFF,0xBB,0xFF,0xDC,0xFF,0xDC,0xFF,0xBC,0xFF,
    0xBC,0xFF,0xDC,0xFF,0xDC,0xFF,0xBC,0xFF,0xBC,0xFF,0xBC,0xFF,0xDC,0xFF,0x9B,0xFF,
    0xAB,0x8B,0x8A,0x83,0x8A,0x83,0x8A,0x83,0xAB,0x8B,0x9B,0xFF,0xDC,0xFF,0xBC,0xFF,
    0xBC,0xFF,0xDC,0xFF,0xBC,0xFF,0x9B,0xFF,0xDC,0xFF,0xBC,0xFF,0xBC,0xFF,0xBB,0xFF,
    0xBB,0xFF,0xBB,0xFF,0xBC,0xFF,0xDC,0xFF,0x9B,0xFF,0xDC,0xFF,0xBB,0xFF,0xBC,0xFF,
    0xDC,0xFF,0xBC,0xFF,0xBB,0xFF,0xFC,0xFF,0xBC,0xFF,0xDC,0xFF,0xDC,0xFF,0xBC,0xFF,
    0xAB,0x8B,0x8A,0x83,0x8A,0x83,0xAB,0x8B,0x9B,0xF7,0xBC,0xFF,0xFC,0xFF,0xDC,0xFF,
    0xDC,0xFF,0xFD,0xFF,0xDC,0xFF,0xBC,0xFF,0xDC,0xFF,0x7B,0xF7,0xAB,0x8B,0x8A,0x83,
    0xBC,0xFF,0xBC,0xFF,0xDC,0xFF,0xDC,0xFF,0xBC,0xFF,0xDC,0xFF,0x9B,0xFF,0xBC,0xFF,
    0xBC,0xFF,0xBC,0xFF,0xDC,0xFF,0xBB,0xFF,0xDC,0xFF,0xBC,0xFF,0xBC,0xFF,0xBB,0xFF,
    0xBB,0xFF,0xDC,0xFF,0xBC,0xFF,0xDC,0xFF,0xBB,0xFF,0xBB,0xFF,0xBC,0xFF,0x9B,0xFF,
    0x7B,0xF7,0xDC,0xFF,0xDC,0xFF,0xDC,0xFF,0xDC,0xFF,0xDC,0xFF,0xDC,0xFF,0xDC,0xFF,
    0xDC,0xFF,0xDC,0xFF,0xDC,0xFF,0xDC,0xFF,0xDC,0xFF,0xBC,0xFF,0xFC,0xFF,0xBC,0xFF,
    0xDC,0xFF,0xBC,0xFF,0xBC,0xFF,0xFD,0xFF,0xBC,0xFF,0xBB,0xFF,0xBC,0xFF,0xBC,0xFF,
    0xBC,0xFF,0x9B,0xFF,0xBB,0xFF,0x7B,0xF7,0x9B,0xFF,0xDC,0xFF,0xFC,0xFF,0xBC,0xFF,
    0xDC,0xFF,0xDC,0xFF,0xBC,0xFF,0xBC,0xFF,0xBC,0xFF,0x9B,0xFF,0xDC,0xFF,0xDC,0xFF,
    0xBC,0xFF,0xBB,0xFF,0xDC,0xFF,0xDC,0xFF,0xDC,0xFF,0xDC,0xFF,0xBC,0xFF,0xDC,0xFF,
    0xBC,0xFF,0xBC,0xFF,0xBC,0xFF,0xBC,0xFF,0xDC,0xFF,0xDC,0xFF,0xBC,0xFF,0xBC,0xFF,
    0x9B,0xFF,0x7B,0xF7,0x9B,0xF7,0x9B,0xFF,0xBC,0xFF,0xBC,0xFF,0xBC,0xFF,0xFD,0xFF,
    0xDC,0xFF,0xDC,0xFF,0xBC,0xFF,0xFD,0xFF,0xDC,0xFF,0xBC,0xFF,0x9B,0xFF,0x9B,0xFF,
    0xDC,0xFF,0xBC,0xFF,0xFD,0xFF,0xBC,0xFF,0xDC,0xFF,0xBC,0xFF,0xFC,0xFF,0xBC,0xFF,
    0xBC,0xFF,0xDC,0xFF,0xDC,0xFF,0xBC,0xFF,0xBC,0xFF,0xBB,0xFF,0xDC,0xFF,0xBC,0xFF,
    0xBC,0xFF,0xBC,0xFF,0xBC,0xFF,0xBC,0xFF,0xDC,0xFF,0xDC,0xFF,0x9B,0xFF,0xBC,0xFF,
    0xBC,0xFF,0xDC,0xFF,0xBC,0xFF,0xBC,0xFF,0xBC,0xFF,0xDC,0xFF,0xDC,0xFF,0xBC,0xFF,
    0xDC,0xFF,0xBC,0xFF,0x9B,0xFF,0xDC,0xFF,0xDC,0xFF,0xBC,0xFF,0xDC,0xFF,0xDC,0xFF,
    0xBC,0xFF,0xBC,0xFF,0xFC,0xFF,0xDC,0xFF,0xBC,0xFF,0xBB,0xFF,0xBC,0xFF,0xBC,0xFF,
    0x9B,0xFF,0xDC,0xFF,0xBB,0xFF,0xBB,0xFF,0xDC,0xFF,0xBC,0xFF,0xBC,0xFF,0xDC,0xFF,
    0xDC,0xFF,0xBC,0xFF,0xDC,0xFF,0xBC,0xFF,0xFC,0xFF,0xDC,0xFF,0xBC,0xFF,0xDC,0xFF,
    0xDC,0xFF,0xDC,0xFF,0xFC,0xFF,0xDC,0xFF,0xBC,0xFF,0xBC,0xFF,0xBB,0xFF,0xDC,0xFF,
    0xDC,0xFF,0xFD,0xFF,0xDC,0xFF,0x9B,0xFF,0xBC,0xFF,0xDC,0xFF,0xBB,0xFF,0xBC,0xFF,
    0xBC,0xFF,0xDC,0xFF,0xBC,0xFF,0xBC,0xFF,0xDC,0xFF,0xBC,0xFF,0xBC,0xFF,0xBB,0xFF,
    0xBC,0xFF,0xDC,0xFF,0x9B,0xFF,0xBC,0xFF,0xDC,0xFF,0xBC,0xFF,0xDC,0xFF,0xBC,0xFF,
    0xDC,0xFF,0xDC,0xFF,0xDC,0xFF,0x9B,0xFF,0xBC,0xFF,0xDC,0xFF,0xFC,0xFF,0xDC,0xFF,
    0xDC,0xFF,0xBC,0xFF,0xBC,0xFF,0xDC,0xFF,0xDC,0xFF,0xBB,0xFF,0xDC,0xFF,0xDC,0xFF,
    0xBC,0xFF,0xBB,0xFF,0xDC,0xFF,0xBC,0xFF,0x9B,0xFF,0xDC,0xFF,0xDC,0xFF,0xBC,0xFF,
    0xFD,0xFF,0xDC,0xFF,0xBC,0xFF,0xDC,0xFF,0x7B,0xF7,0x9B,0xF7,0x9B,0xFF,0x9B,0xF7,
    0x9B,0xF7,0xBC,0xFF,0xDC,0xFF,0xDC,0xFF,0xDC,0xFF,0xDC,0xFF,0xDC,0xFF,0xBC,0xFF,
    0xFC,0xFF,0xBC,0xFF,0xBC,0xFF,0xBB,0xFF,0xBC,0xFF,0xDC,0xFF,0xDC,0xFF,0xBC,0xFF,
    0xDC,0xFF,0xBC,0xFF,0xBC,0xFF,0xBB,0xFF,0xDC,0xFF,0x9B,0xFF,0xDC,0xFF,0xDC,0xFF,
    0xBC,0xFF,0xBC,0xFF,0xBB,0xFF,0xFC,0xFF,0xBB,0xFF,0xFC,0xFF,0xDC,0xFF,0x9B,0xFF,
    0x7B,0xF7,0xBB,0xFF,0xBC,0xFF,0x7B,0xF7,0x9B,0xFF,0xDC,0xFF,0xDC,0xFF,0xFD,0xFF,
    0xBC,0xFF,0xDC,0xFF,0xBB,0xFF,0xFD,0xFF,0xBC,0xFF,0x9B,0xFF,0xBC,0xFF,0xBC,0xFF,
    0xFC,0xFF,0xBC,0xFF,0xBC,0xFF,0xDC,0xFF,0xFC,0xFF,0xBC,0xFF,0xDC,0xFF,0xDC,0xFF,
    0xBC,0xFF,0xDC,0xFF,0xDC,0xFF,0xBC,0xFF,0xDC,0xFF,0xBB,0xFF,0xDC,0xFF,0xDC,0xFF,
    0xBC,0xFF,0xBC,0xFF,0xBC,0xFF,0xDC,0xFF,0xDC,0xFF,0xDC,0xFF,0xDC,0xFF,0xBC,0xFF,
    0xDC,0xFF,0x9B,0xFF,0xDC,0xFF,0xDC,0xFF,0xBC,0xFF,0xDC,0xFF,0xDC,0xFF,0x9B,0xF7,
    0xDC,0xFF,0xBB,0xFF,0xDC,0xFF,0xFD,0xFF,0xBC,0xFF,0xDC,0xFF,0xBC,0xFF,0xDC,0xFF,
    0xDC,0xFF,0xDC,0xFF,0xBC,0xFF,0xBC,0xFF,0xAB,0x8B,0x8A,0x83,0x8A,0x83,0x8A,0x83,
    0x8A,0x83,0xAB,0x8B,0x9B,0xF7,0xBC,0xFF,0xDC,0xFF,0xBB,0xFF,0xDC,0xFF,0xDC,0xFF,
    0xDC,0xFF,0xDC,0xFF,0xDC,0xFF,0xDC,0xFF,0xDC,0xFF,0xDC,0xFF,0xFC,0xFF,0x9B,0xFF,
    0xDC,0xFF,0xBC,0xFF,0xBC,0xFF,0xBC,0xFF,0x9B,0xFF,0xBC,0xFF,0xBC,0xFF,0xDC,0xFF,
    0xBB,0xFF,0xDC,0xFF,0xDC,0xFF,0xBC,0xFF,0xBC,0xFF,0xBC,0xFF,0x7B,0xF7,0xAB,0x8B,
    0x8A,0x83,0x8A,0x83,0x8A,0x83,0x8A,0x83,0xAB,0x8B,0x9B,0xFF,0xFC,0xFF,0xDC,0xFF,
    0xBC,0xFF,0x9B,0xFF,0xBB,0xFF,0x9B,0xFF,0xDC,0xFF,0xBC,0xFF,0xDC,0xFF,0xBC,0xFF,
    0xDC,0xFF,0xDC,0xFF,0xBC,0xFF,0xBC,0xFF,0xBC,0xFF,0xDC,0xFF,0xBC,0xFF,0xBC,0xFF,
    0xBB,0xFF,0xBB,0xFF,0xDC,0xFF,0xFD,0xFF,0xBC,0xFF,0xDC,0xFF,0xDC,0xFF,0xBC,0xFF,
    0xBC,0xFF,0xBC,0xFF,0xBC,0xFF,0xFD,0xFF,0x9B,0xFF,0xDC,0xFF,0xDC,0xFF,0xBC,0xFF,
    0xDC,0xFF,0xDC,0xFF,0xDC,0xFF,0xDC,0xFF,0xDC,0xFF,0x9B,0xFF,0xDC,0xFF,0xFD,0xFF,
    0xDC,0xFF,0xDC,0xFF,0xBB,0xFF,0xBC,0xFF,0xBC,0xFF,0xBC,0xFF,0xDC,0xFF,0xBC,0xFF,
    0xBC,0xFF,0x9B,0xFF,0xBC,0xFF,0xDC,0xFF,0x9B,0xF7,0x9B,0xF7,0xBC,0xFF,0x7B,0xF7,
    0x7B,0xF7,0x7B,0xF7,0xDC,0xFF,0xFD,0xFF,0xDC,0xFF,0xBC,0xFF,0xBC,0xFF,0xDC,0xFF,
    0xBC,0xFF,0xDC,0xFF,0xDC,0xFF,0xDC,0xFF,0xDC,0xFF,0xDC,0xFF,0xFC,0xFF,0xBC,0xFF,
    0xDC,0xFF,0xBC,0xFF,0xBC,0xFF,0x9B,0xFF,0x9B,0xFF,0x7B,0xF7,0x7B,0xF7,0x7B,0xF7,
    0xBB,0xFF,0xBC,0xFF,0xDC,0xFF,0xDC,0xFF,0xBC,0xFF,0xBC,0xFF,0xDC,0xFF,0x7B,0xF7,
    0x7B,0xF7,0x9B,0xFF,0x9B,0xFF,0x7B,0xF7,0x9B,0xFF,0xBC,0xFF,0xDC,0xFF,0xBC,0xFF,
    0xBC,0xFF,0xDC,0xFF,0xBC,0xFF,0xBC,0xFF,0xBC,0xFF,0xDC,0xFF,0xDC,0xFF,0xDC,0xFF,
    0x9B,0xFF,0xBC,0xFF,0xBC,0xFF,0xDC,0xFF,0xBC,0xFF,0xBC,0xFF,0xDC,0xFF,0xDC,0xFF,
    0xBB,0xFF,0xDC,0xFF,0xDC,0xFF,0xBC,0xFF,0xDC,0xFF,0xBC,0xFF,0xDC,0xFF,0xBC,0xFF,
    0xBC,0xFF,0xBC,0xFF,0xBC,0xFF,0xDC,0xFF,0xDC,0xFF,0xDC,0xFF,0xBC,0xFF,0x7B,0xF7,
    0xDC,0xFF,0x9B,0xFF,0xDC,0xFF,0xDC,0xFF,0xDC,0xFF,0xBC,0xFF,0xBC,0xFF,0xBC,0xFF,
    0xBC,0xFF,0xBC,0xFF,0xBC,0xFF,0xDC,0xFF,0xBC,0xFF,0xDC,0xFF,0xBC,0xFF,0xDC,0xFF,
    0xBC,0xFF,0xDC,0xFF,0xDC,0xFF,0x9B,0xFF,0x9B,0xF7,0x7B,0xF7,0xBC,0xFF,0xBC,0xFF,
    0xBC,0xFF,0xDC,0xFF,0xDC,0xFF,0xDC,0xFF,0x9B,0xF7,0xDC,0xFF,0x9B,0xFF,0x9B,0xFF,
    0x9B,0xFF,0xBB,0xFF,0xBB,0xFF,0xDC,0xFF,0xDC,0xFF,0xBC,0xFF,0xBB,0xFF,0xBB,0xFF,
    0xBC,0xFF,0xBB,0xFF,0xBB,0xFF,0xAB,0x8B,0x8A,0x83,0x8A,0x83,0x8A,0x83,0x8A,0x83,
    0x8A,0x83,0xAB,0x8B,0x9B,0xFF,0xDC,0xFF,0xDC,0xFF,0xDC,0xFF,0xDC,0xFF,0xDC,0xFF,
    0xDC,0xFF,0xBC,0xFF,0xBC,0xFF,0xBB,0xFF,0xFC,0xFF,0xDC,0xFF,0xDC,0xFF,0xBB,0xFF,
    0xDC,0xFF,0xBC,0xFF,0xDC,0xFF,0xBC,0xFF,0xDC,0xFF,0xBC,0xFF,0xDC,0xFF,0xDC,0xFF,
    0xBC,0xFF,0xBC,0xFF,0xBC,0xFF,0xDC,0xFF,0x9B,0xFF,0x9B,0xFF,0x9B,0xF7,0x7B,0xF7,
    0xDC,0xFF,0xBC,0xFF,0xDC,0xFF,0xDC,0xFF,0x9B,0xFF,0xBC,0xFF,0xBC,0xFF,0xBC,0xFF,
    0xBB,0xFF,0xDC,0xFF,0xBC,0xFF,0xDC,0xFF,0xBC,0xFF,0xDC,0xFF,0xBC,0xFF,0xBC,0xFF,
    0xDC,0xFF,0xDC,0xFF,0xBC,0xFF,0xBC,0xFF,0xDC,0xFF,0xDC,0xFF,0xBC,0xFF,0xBC,0xFF,
    0xDC,0xFF,0xFD,0xFF,0xBC,0xFF,0xDC,0xFF,0xDC,0xFF,0x9B,0xFF,0xDC,0xFF,0xBC,0xFF,
    0xDC,0xFF,0xBC,0xFF,0x7B,0xF7,0xAB,0x8B,0x8A,0x83,0x8A,0x83,0xAB,0x8B,0x7B,0xF7,
    0xBC,0xFF,0xDC,0xFF,0xFD,0xFF,0x9B,0xFF,0xAB,0x8B,0x8A,0x83,0x8A,0x83,0x8A,0x83,
    0xAB,0x8B,0x9B,0xFF,0xDC,0xFF,0xDC,0xFF,0xDC,0xFF,0xDC,0xFF,0xBC,0xFF,0x9B,0xFF,
    0xBC,0xFF,0x9B,0xFF,0xDC,0xFF,0x9B,0xFF,0x7B,0xF7,0x9B,0xFF,0xBB,0xFF,0x9B,0xFF,
    0xBC,0xFF,0xBC,0xFF,0xBB,0xFF,0xDC,0xFF,0xDC,0xFF,0xDC,0xFF,0xDC,0xFF,0xBC,0xFF,
    0x9B,0xF7,0x7B,0xF7,0x9B,0xF7,0x9B,0xFF,0x7B,0xF7,0x7B,0xF7,0xDC,0xFF,0xBC,0xFF,
    0xDC,0xFF,0x9B,0xFF,0xBC,0xFF,0xBC,0xFF,0xDC,0xFF,0xBC,0xFF,0xDC,0xFF,0xBC,0xFF,
    0xDC,0xFF,0xDC,0xFF,0xDC,0xFF,0x9B,0xF7,0xAB,0x8B,0x8A,0x83,0x8A,0x83,0xAB,0x8B,
    0x9B,0xFF,0xDC,0xFF,0xDC,0xFF,0xDC,0xFF,0xDC,0xFF,0xDC,0xFF,0xDC,0xFF,0xBC,0xFF,
    0x9B,0xFF,0xDC,0xFF,0xDC,0xFF,0xBB,0xFF,0xBC,0xFF,0xBC,0xFF,0xFD,0xFF,0xDC,0xFF,
    0x9B,0xFF,0xDC,0xFF,0xBC,0xFF,0xFC,0xFF,0xBC,0xFF,0x9B,0xFF,0xDC,0xFF,0xBC,0xFF,
    0xBC,0xFF,0x9B,0xFF,0xDC,0xFF,0xFC,0xFF,0x7B,0xF7,0xBB,0xFF,0x9B,0xF7,0xDC,0xFF,
    0xDC,0xFF,0xBC,0xFF,0xDC,0xFF,0x9B,0xFF,0x9B,0xF7,0x9B,0xFF,0x9B,0xF7,0x9B,0xFF,
    0xFD,0xFF,0xBC,0xFF,0xBC,0xFF,0xDC,0xFF,0x7B,0xF7,0x7B,0xF7,0x9B,0xF7,0x9B,0xF7,
    0x9B,0xFF,0xDC,0xFF,0xBC,0xFF,0xDC,0xFF,0xDC,0xFF,0xBC,0xFF,0xDC,0xFF,0xBC,0xFF,
    0xDC,0xFF,0xDC,0xFF,0xDC,0xFF,0xBB,0xFF,0xDC,0xFF,0xBC,0xFF,0xDC,0xFF,0xBC,0xFF,
    0xBC,0xFF,0xDC,0xFF,0xDC,0xFF,0xBC,0xFF,0xDC,0xFF,0xBC,0xFF,0xBC,0xFF,0x9B,0xFF,
    0xAB,0x8B,0x8A,0x83,0x8A,0x83,0x8A,0x83,0x8A,0x83,0xAB,0x8B,0xBC,0xFF,0xBC,0xFF,
    0xDC,0xFF,0xDC,0xFF,0xDC,0xFF,0xFD,0xFF,0xDC,0xFF,0xBB,0xFF,0xDC,0xFF,0xBC,0xFF,
    0xBC,0xFF,0x9B,0xF7,0xDC,0xFF,0xDC,0xFF,0xBB,0xFF,0xBB,0xFF,0xBC,0xFF,0x9B,0xFF,
    0xDC,0xFF,0xBC,0xFF,0xBC,0xFF,0xDC,0xFF,0xDC,0xFF,0xBB,0xFF,0xDC,0xFF,0xBC,0xFF,
    0xBC,0xFF,0xDC,0xFF,0xBC,0xFF,0x9B,0xFF,0xBC,0xFF,0xFC,0xFF,0xBB,0xFF,0xDC,0xFF,
    0xDC,0xFF,0xDC,0xFF,0xBB,0xFF,0xBC,0xFF,0xDC,0xFF,0xDC,0xFF,0xBC,0xFF,0xBB,0xFF,
    0xDC,0xFF,0xDC,0xFF,0xDC,0xFF,0x9B,0xF7,0xAB,0x8B,0x8A,0x83,0x8A,0x83,0xAB,0x8B,
    0x9B,0xFF,0xBC,0xFF,0xBC,0xFF,0xDC,0xFF,0xDC,0xFF,0xBC,0xFF,0xDC,0xFF,0xBB,0xFF,
    0xBC,0xFF,0xDC,0xFF,0xDC,0xFF,0xDC,0xFF,0xBB,0xFF,0xBB,0xFF,0xDC,0xFF,0xDC,0xFF,
    0xFD,0xFF,0xDC,0xFF,0xBC,0xFF,0xDC,0xFF,0xBC,0xFF,0xBB,0xFF,0xFD,0xFF,0xDC,0xFF,
    0xDC,0xFF,0xDC,0xFF,0xFC,0xFF,0xDC,0xFF,0xDC,0xFF,0xBC,0xFF,0xBB,0xFF,0xDC,0xFF,
    0xDC,0xFF,0xDC,0xFF,0xDC,0xFF,0xDC,0xFF,0xBC,0xFF,0xFC,0xFF,0xDC,0xFF,0xDC,0xFF,
    0x9B,0xFF,0xBB,0xFF,0x9B,0xFF,0x9B,0xFF,0x7B,0xF7,0x9B,0xFF,0xFD,0xFF,0xBC,0xFF,
    0xBC,0xFF,0xDC,0xFF,0xDC,0xFF,0xDC,0xFF,0x9B,0xFF,0xDC,0xFF,0xBB,0xFF,0xBC,0xFF,
    0xDC,0xFF,0xBC,0xFF,0xDC,0xFF,0xFD,0xFF,0xDC,0xFF,0xDC,0xFF,0xBC,0xFF,0xBC,0xFF,
    0xBC,0xFF,0xBC,0xFF,0xBC,0xFF,0xBC,0xFF,0xBC,0xFF,0xBC,0xFF,0xBB,0xFF,0xBB,0xFF,
    0xDC,0xFF,0xDC,0xFF,0xDC,0xFF,0xDC,0xFF,0x9B,0xFF,0x9B,0xFF,0x7B,0xF7,0xBC,0xFF,
    0xBC,0xFF,0x9B,0xFF,0xBB,0xFF,0xDC,0xFF,0x9B,0xFF,0xBC,0xFF,0xDC,0xFF,0xDC,0xFF,
    0xBC,0xFF,0xDC,0xFF,0xBC,0xFF,0xDC,0xFF,0x9B,0xF7,0x7B,0xF7,0x9B,0xFF,0x7B,0xF7,
    0xFC,0xFF,0xBC,0xFF,0xFD,0xFF,0xBC,0xFF,0xDC,0xFF,0xBB,0xFF,0xBB,0xFF,0xDC,0xFF,
    0xDC,0xFF,0xBB,0xFF,0xDC,0xFF,0xBC,0xFF,0xDC,0xFF,0xDC,0xFF,0xDC,0xFF,0x7B,0xF7,
    0xBC,0xFF,0x9B,0xFF,0x9B,0xF7,0x7B,0xF7,0x7B,0xF7,0xBB,0xFF,0xDC,0xFF,0xBC,0xFF,
    0xBC,0xFF,0xBC,0xFF,0xFC,0xFF,0xBC,0xFF,0xBC,0xFF,0xDC,0xFF,0xDC,0xFF,0xDC,0xFF,
    0xBC,0xFF,0x9B,0xFF,0xBB,0xFF,0xBC,0xFF,0xBC,0xFF,0xDC,0xFF,0xDC,0xFF,0xDC,0xFF,
    0xDC,0xFF,0xBC,0xFF,0x9B,0xFF,0xBC,0xFF,0xBC,0xFF,0xBC,0xFF,0xBC,0xFF,0xBB,0xFF,
    0xBC,0xFF,0xBC,0xFF,0xDC,0xFF,0xBC,0xFF,0xDC,0xFF,0xBC,0xFF,0xBC,0xFF,0xDC,0xFF,
    0xFC,0xFF,0xBC,0xFF,0xDC,0xFF,0xDC,0xFF,0xDC,0xFF,0xBC,0xFF,0xFD,0xFF,0xDC,0xFF,
    0xBC,0xFF,0xBC,0xFF,0xDC,0xFF,0xDC,0xFF,0xBC,0xFF,0xDC,0xFF,0xBC,0xFF,0xBC,0xFF,
    0xDC,0xFF,0xDC,0xFF,0xDC,0xFF,0x7B,0xF7,0xAB,0x8B,0x8A,0x83,0x8A,0x83,0x8A,0x83,
    0x8A,0x83,0xAB,0x8B,0x7B,0xF7,0xBC,0xFF,0xDC,0xFF,0xBC,0xFF,0xBC,0xFF,0xDC,0xFF,
    0xDC,0xFF,0xDC,0xFF,0xBC,0xFF,0xBC,0xFF,0xDC,0xFF,0xBC,0xFF,0xBC,0xFF,0xBB,0xFF,
    0xBC,0xFF,0x7B,0xF7,0x5A,0xF7,0x7B,0xF7,0x7B,0xF7,0x9B,0xFF,0xDC,0xFF,0xBC,0xFF,
    0xBC,0xFF,0xDC,0xFF,0xBC,0xFF,0xBC,0xFF,0xBC,0xFF,0xFD,0xFF,0xBB,0xFF,0xAB,0x8B,
    0x8A,0x83,0x8A,0x83,0x8A,0x83,0x8A,0x83,0xAB,0x8B,0xBB,0xFF,0xBC,0xFF,0xBC,0xFF,
    0xBB,0xFF,0xBB,0xFF,0xBC,0xFF,0xBC,0xFF,0xDC,0xFF,0xBC,0xFF,0xDC,0xFF,0xDC,0xFF,
    0xBC,0xFF,0x9B,0xFF,0xBB,0xFF,0xDC,0xFF,0xDC,0xFF,0xDC,0xFF,0xDC,0xFF,0xBC,0xFF,
    0xBC,0xFF,0xBC,0xFF,0xDC,0xFF,0xDC,0xFF,0xBC,0xFF,0xBC,0xFF,0xDC,0xFF,0xDC,0xFF,
    0xBC,0xFF,0xFC,0xFF,0xDC,0xFF,0xDC,0xFF,0xDC,0xFF,0xDC,0xFF,0xBC,0xFF,0xDC,0xFF,
    0xBC,0xFF,0xBC,0xFF,0x9B,0xFF,0xDC,0xFF,0x9B,0xFF,0xDC,0xFF,0xBC,0xFF,0xBC,0xFF,
    0xBC,0xFF,0xDC,0xFF,0xDC,0xFF,0xFC,0xFF,0xDC,0xFF,0xDC,0xFF,0xBC,0xFF,0xDC,0xFF,
    0xDC,0xFF,0xBC,0xFF,0xBC,0xFF,0xBC,0xFF,0x9B,0xFF,0x9B,0xFF,0x9B,0xF7,0x9B,0xF7,
    0x9B,0xFF,0x7B,0xF7,0xBC,0xFF,0xFC,0xFF,0x9B,0xF7,0xBC,0xFF,0xDC,0xFF,0x9B,0xFF,
    0xFD,0xFF,0x9B,0xFF,0xDC,0xFF,0xFC,0xFF,0xDC,0xFF,0xBC,0xFF,0x9B,0xFF,0xAB,0x8B,
    0x8A,0x83,0x8A,0x83,0x8A,0x83,0x8A,0x83,0x8A,0x83,0xAB,0x8B,0x9B,0xFF,0xBB,0xFF,
    0xDC,0xFF,0xDC,0xFF,0xBB,0xFF,0xBC,0xFF,0xBC,0xFF,0xBC,0xFF,0xDC,0xFF,0x9B,0xF7,
    0xBB,0xFF,0x9B,0xF7,0xBB,0xFF,0x9B,0xFF,0xBB,0xFF,0xBC,0xFF,0xBC,0xFF,0xBC,0xFF,
    0xDC,0xFF,0xDC,0xFF,0xFD,0xFF,0xDC,0xFF,0xDC,0xFF,0xBC,0xFF,0xDC,0xFF,0xBC,0xFF,
    0xDC,0xFF,0xDC,0xFF,0xBC,0xFF,0xBC,0xFF,0xDC,0xFF,0xDC,0xFF,0xBC,0xFF,0xDC,0xFF,
    0xBC,0xFF,0xBC,0xFF,0xBC,0xFF,0x9B,0xFF,0xDC,0xFF,0xBB,0xFF,0xBC,0xFF,0xBC,0xFF,
    0xDC,0xFF,0xBC,0xFF,0xDC,0xFF,0x9B,0xFF,0xBC,0xFF,0xBB,0xFF,0xDC,0xFF,0xDC,0xFF,
    0xBC,0xFF,0xFD,0xFF,0xDC,0xFF,0xDC,0xFF,0xDC,0xFF,0xBC,0xFF,0xDC,0xFF,0xDC,0xFF,
    0xBB,0xFF,0xDC,0xFF,0xDC,0xFF,0xDC,0xFF,0xDC,0xFF,0xBB,0xFF,0xBB,0xFF,0xFC,0xFF,
    0xDC,0xFF,0xBB,0xFF,0xDC,0xFF,0xBC,0xFF,0x9B,0xFF,0x9B,0xFF,0x9B,0xFF,0xDC,0xFF,
    0xBC,0xFF,0xBC,0xFF,0xDC,0xFF,0xDC,0xFF,0x9B,0xFF,0xBC,0xFF,0xBC,0xFF,0xBB,0xFF,
    0xBC,0xFF,0xBC,0xFF,0xBC,0xFF,0xBB,0xFF,0xBC,0xFF,0xFD,0xFF,0xBC,0xFF,0x7B,0xF7,
    0x9B,0xFF,0x9B,0xFF,0x9B,0xFF,0x7B,0xF7,0xBB,0xFF,0x7B,0xF7,0xBC,0xFF,0xBC,0xFF,
    0xBC,0xFF,0xDC,0xFF,0xDC,0xFF,0xBC,0xFF,0xDC,0xFF,0xDC,0xFF,0xDC,0xFF,0xBB,0xFF,
    0x9B,0xFF,0xDC,0xFF,0xBB,0xFF,0xBC,0xFF,0xBC,0xFF,0xBC,0xFF,0xBC,0xFF,0xDC,0xFF,
    0x9B,0xFF,0xDC,0xFF,0xFD,0xFF,0xDC,0xFF,0xBC,0xFF,0xDC,0xFF,0xFC,0xFF,0xBB,0xFF,
    0xDC,0xFF,0xBC,0xFF,0xDC,0xFF,0xDC,0xFF,0xDC,0xFF,0xBC,0xFF,0xDC,0xFF,0xBC,0xFF,
    0xBC,0xFF,0xBC,0xFF,0xBC,0xFF,0xBB,0xFF,0xFC,0xFF,0xBC,0xFF,0xBB,0xFF,0xDC,0xFF,
    0xBC,0xFF,0xDC,0xFF,0xBC,0xFF,0xDC,0xFF,0xDC,0xFF,0xBC,0xFF,0xDC,0xFF,0xFD,0xFF,
    0x9B,0xFF,0xDC,0xFF,0xDC,0xFF,0xBC,0xFF,0xBB,0xFF,0xFD,0xFF,0xBC,0xFF,0xFD,0xFF,
    0xDC,0xFF,0xDC,0xFF,0xDC,0xFF,0xDC,0xFF,0xDC,0xFF,0xDC,0xFF,0xDC,0xFF,0xDC,0xFF,
    0xDC,0xFF,0xDC,0xFF,0xBC,0xFF,0xBC,0xFF,0xDC,0xFF,0xBC,0xFF,0xBC,0xFF,0xBC,0xFF,
    0xBC,0xFF,0xDC,0xFF,0xDC,0xFF,0xDC,0xFF,0xFD,0xFF,0xBC,0xFF,0xFD,0xFF,0xDC,0xFF,
    0xDC,0xFF,0xBC,0xFF,0x9B,0xF7,0xBC,0xFF,0xDC,0xFF,0xFC,0xFF,0xBB,0xFF,0xFC,0xFF,
    0xBC,0xFF,0xDC,0xFF,0x9B,0xFF,0xDC,0xFF,0xBC,0xFF,0xDC,0xFF,0xDC,0xFF,0xBC,0xFF,
    0xDC,0xFF,0xDC,0xFF,0xDC,0xFF,0xDC,0xFF,0xDC,0xFF,0xBC,0xFF,0xBB,0xFF,0xBB,0xFF,
    0xDC,0xFF,0xDC,0xFF,0xDC,0xFF,0xBC,0xFF,0xDC,0xFF,0xDC,0xFF,0xBC,0xFF,0xBC,0xFF,
    0xFD,0xFF,0xDC,0xFF,0xBC,0xFF,0xBB,0xFF,0xBC,0xFF,0xDC,0xFF,0xDC,0xFF,0xBC,0xFF,
    0xDC,0xFF,0xBC,0xFF,0xBC,0xFF,0xDC,0xFF,0xDC,0xFF,0xFD,0xFF,0xBC,0xFF,0xBC,0xFF,
    0xDC,0xFF,0xBC,0xFF,0xBB,0xFF,0xBC,0xFF,0xDC,0xFF,0xDC,0xFF,0xBC,0xFF,0xDC,0xFF,
    0xBB,0xFF,0x9B,0xFF,0x9B,0xFF,0x9B,0xFF,0x9B,0xFF,0xDC,0xFF,0xDC,0xFF,0xDC,0xFF,
    0xBC,0xFF,0xBB,0xFF,0xBC,0xFF,0xDC,0xFF,0xDC,0xFF,0xFC,0xFF,0xDC,0xFF,0xDC,0xFF,
    0xDC,0xFF,0xDC,0xFF,0xBC,0xFF,0xBC,0xFF,0xDC,0xFF,0xBC,0xFF,0x9B,0xFF,0xBB,0xFF,
    0xBC,0xFF,0xFD,0xFF,0xBC,0xFF,0xBC,0xFF,0xBC,0xFF,0xBC,0xFF,0xDC,0xFF,0xDC,0xFF,
    0xFC,0xFF,0xDC,0xFF,0xDC,0xFF,0xBC,0xFF,0xBB,0xFF,0xBC,0xFF,0xBC,0xFF,0xDC,0xFF,
    0xBC,0xFF,0xFC,0xFF,0xDC,0xFF,0xDC,0xFF,0xDC,0xFF,0xDC,0xFF,0xDC,0xFF,0xDC,0xFF,
    0xBC,0xFF,0xDC,0xFF,0xFD,0xFF,0xBC,0xFF,0xBC,0xFF,0xBC,0xFF,0xBB,0xFF,0xDC,0xFF,
    0xDC,0xFF,0xDC,0xFF,0xFC,0xFF,0xFD,0xFF,0xBC,0xFF,0xDC,0xFF,0xDC,0xFF,0xDC,0xFF,
    0xDC,0xFF,0xBC,0xFF,0xFC,0xFF,0xDC,0xFF,0xDC,0xFF,0xDC,0xFF,0xDC,0xFF,0xDC,0xFF,
    0xDC,0xFF,0xFC,0xFF,0xDC,0xFF,0xBC,0xFF,0xBC,0xFF,0xBC,0xFF,0xBC,0xFF,0xDC,0xFF,
    0xDC,0xFF,0x9B,0xFF,0xDC,0xFF,0xDC,0xFF,0xDC,0xFF,0xBC,0xFF,0xDC,0xFF,0xBC,0xFF,
    0xBB,0xFF,0xBC,0xFF,0xBC,0xFF,0xDC,0xFF,0xDC,0xFF,0xDC,0xFF,0x7B,0xF7,0x5A,0xF7,
    0x8A,0x83,0x49,0x7B,0x49,0x7B,0x49,0x7B,0x8A,0x83,0x9B,0xFF,0xDC,0xFF,0xBC,0xFF,
    0xBB,0xFF,0xBC,0xFF,0xDC,0xFF,0xDC,0xFF,0xBC,0xFF,0xDC,0xFF,0xBC,0xFF,0xDC,0xFF,
    0xDC,0xFF,0xBC,0xFF,0xDC,0xFF,0xBC,0xFF,0xBC,0xFF,0x7B,0xF7,0xAB,0x8B,0x8A,0x83,
    0xBC,0xFF,0xBC,0xFF,0xDC,0xFF,0xBC,0xFF,0xBC,0xFF,0xDC,0xFF,0xDC,0xFF,0xDC,0xFF,
    0x9B,0xFF,0xBC,0xFF,0xDC,0xFF,0xDC,0xFF,0xFC,0xFF,0xBB,0xFF,0xDC,0xFF,0xBC,0xFF,
    0xDC,0xFF,0xBC,0xFF,0xDC,0xFF,0x9B,0xF7,0x7B,0xF7,0x7B,0xF7,0x9B,0xF7,0xBC,0xFF,
    0xDC,0xFF,0xDC,0xFF,0xDC,0xFF,0xBC,0xFF,0xBC,0xFF,0xBC,0xFF,0xDC,0xFF,0xDC,0xFF,
    0xDC,0xFF,0xBC,0xFF,0x9B,0xFF,0xBC,0xFF,0xBC,0xFF,0xDC,0xFF,0xDC,0xFF,0xBC,0xFF,
    0xBC,0xFF,0xFC,0xFF,0xBC,0xFF,0xBC,0xFF,0xBC,0xFF,0xBC,0xFF,0xBC,0xFF,0xDC,0xFF,
    0xFC,0xFF,0x9B,0xFF,0xBC,0xFF,0xDC,0xFF,0xBC,0xFF,0xBC,0xFF,0xBC,0xFF,0xDC,0xFF,
    0xBC,0xFF,0xBC,0xFF,0xBC,0xFF,0xDC,0xFF,0xBC,0xFF,0xDC,0xFF,0xBC,0xFF,0xDC,0xFF,
    0xBC,0xFF,0xBC,0xFF,0x7B,0xF7,0x7B,0xF7,0x9B,0xFF,0x5A,0xF7,0x8A,0x83,0x49,0x7B,
    0x49,0x7B,0x49,0x7B,0x49,0x7B,0x49,0x7B,0x8A,0x83,0xBB,0xFF,0xDC,0xFF,0xBC,0xFF,
    0xFD,0xFF,0xBC,0xFF,0xBC,0xFF,0xDC,0xFF,0xBC,0xFF,0xBC,0xFF,0xDC,0xFF,0xFD,0xFF,
    0xBC,0xFF,0xBC,0xFF,0xDC,0xFF,0xDC,0xFF,0xBB,0xFF,0xDC,0xFF,0x9B,0xFF,0x9B,0xFF,
    0xBB,0xFF,0xBB,0xFF,0x9B,0xFF,0x9B,0xFF,0xBC,0xFF,0xBC,0xFF,0xDC,0xFF,0xBC,0xFF,
    0xDC,0xFF,0xBC,0xFF,0xDC,0xFF,0xFD,0xFF,0xBC,0xFF,0xDC,0xFF,0xBC,0xFF,0xDC,0xFF,
    0xDC,0xFF,0xDC,0xFF,0x9B,0xFF,0xAB,0x8B,0x8A,0x83,0x8A,0x83,0xAB,0x8B,0x9B,0xFF,
    0xDC,0xFF,0xDC,0xFF,0xBC,0xFF,0xDC,0xFF,0xBC,0xFF,0xDC,0xFF,0xBC,0xFF,0xDC,0xFF,
    0xDC,0xFF,0xDC,0xFF,0x9B,0xFF,0xDC,0xFF,0xBB,0xFF,0xDC,0xFF,0x9B,0xFF,0xBC,0xFF,
    0x9B,0xFF,0xFC,0xFF,0xBB,0xFF,0xDC,0xFF,0xBC,0xFF,0x9B,0xFF,0xBC,0xFF,0xDC,0xFF,
    0xBC,0xFF,0xDC,0xFF,0xBC,0xFF,0xDC,0xFF,0xBC,0xFF,0xDC,0xFF,0xFC,0xFF,0xDC,0xFF,
    0xDC,0xFF,0xBC,0xFF,0xBC,0xFF,0xDC,0xFF,0xBC,0xFF,0xBC,0xFF,0xBC,0xFF,0xBC,0xFF,
    0xFD,0xFF,0x5A,0xF7,0xAB,0x8B,0x8A,0x83,0x8A,0x83,0x8A,0x83,0x49,0x7B,0x8A,0x83,
    0x5A,0xF7,0x7B,0xF7,0xBB,0xFF,0xBC,0xFF,0x9B,0xFF,0x9B,0xFF,0xDC,0xFF,0xBC,0xFF,
    0xDC,0xFF,0xBC,0xFF,0xBC,0xFF,0xBC,0xFF,0xDC,0xFF,0xDC,0xFF,0x9B,0xFF,0xBC,0xFF,
    0xFC,0xFF,0xBC,0xFF,0xBB,0xFF,0xDC,0xFF,0xBC,0xFF,0xBC,0xFF,0xBC,0xFF,0xBC,0xFF,
    0x8A,0x83,0x8A,0x83,0x8A,0x83,0xAB,0x8B,0x9B,0xFF,0xDC,0xFF,0xDC,0xFF,0xBC,0xFF,
    0xDC,0xFF,0xDC,0xFF,0xDC,0xFF,0xDC,0xFF,0xFC,0xFF,0xDC,0xFF,0xBC,0xFF,0xBC,0xFF,
    0xDC,0xFF,0xDC,0xFF,0xBC,0xFF,0x7B,0xF7,0x7B,0xF7,0x9B,0xFF,0xBB,0xFF,0xDC,0xFF,
    0xBB,0xFF,0xDC,0xFF,0xBC,0xFF,0xDC,0xFF,0xDC,0xFF,0xBC,0xFF,0xBC,0xFF,0x9B,0xFF,
    0xBC,0xFF,0x9B,0xFF,0xDC,0xFF,0xDC,0xFF,0xDC,0xFF,0xDC,0xFF,0xBC,0xFF,0xDC,0xFF,
    0xBC,0xFF,0xDC,0xFF,0xDC,0xFF,0xBC,0xFF,0xDC,0xFF,0xDC,0xFF,0xBC,0xFF,0xDC,0xFF,
    0xFC,0xFF,0xBC,0xFF,0xBC,0xFF,0x9B,0xFF,0xBC,0xFF,0xBC,0xFF,0x9B,0xFF,0xDC,0xFF,
    0xDC,0xFF,0xBC,0xFF,0xBC,0xFF,0xBC,0xFF,0xDC,0xFF,0xBB,0xFF,0xBC,0xFF,0xFD,0xFF,
    0xDC,0xFF,0xDC,0xFF,0x9B,0xFF,0x7B,0xF7,0x9B,0xFF,0x9B,0xFF,0x5A,0xF7,0x7A,0xF7,
    0xBB,0xFF,0xBB,0xFF,0x7B,0xF7,0x7B,0xF7,0x7B,0xF7,0xDC,0xFF,0xDC,0xFF,0xDC,0xFF,
    0xBC,0xFF,0xBB,0xFF,0xDC,0xFF,0xDC,0xFF,0xBC,0xFF,0x9B,0xFF,0x9B,0xFF,0x9B,0xFF,
    0x7B,0xF7,0x7A,0xF7,0x9B,0xFF,0xDC,0xFF,0xBC,0xFF,0xBC,0xFF,0xBC,0xFF,0xDC,0xFF,
    0x9B,0xFF,0x9B,0xFF,0x7B,0xF7,0x9B,0xF7,0xDC,0xFF,0xBC,0xFF,0xBB,0xFF,0xBC,0xFF,
    0xDC,0xFF,0xDC,0xFF,0xDC,0xFF,0xBC,0xFF,0xBC,0xFF,0xBB,0xFF,0xBC,0xFF,0xDC,0xFF,
    0xDC,0xFF,0xDC,0xFF,0xDC,0xFF,0xBC,0xFF,0xBC,0xFF,0xDC,0xFF,0xDC,0xFF,0xDC,0xFF,
    0xDC,0xFF,0xDC,0xFF,0xBC,0xFF,0xBC,0xFF,0xBC,0xFF,0xDC,0xFF,0x9B,0xFF,0xBC,0xFF,
    0xFD,0xFF,0xBC,0xFF,0xBC,0xFF,0xBC,0xFF,0xDC,0xFF,0xBC,0xFF,0xDC,0xFF,0xDC,0xFF,
    0xBC,0xFF,0xFD,0xFF,0xDC,0xFF,0xBC,0xFF,0xBC,0xFF,0xDC,0xFF,0xDC,0xFF,0xDC,0xFF,
    0xDC,0xFF,0xBB,0xFF,0xDC,0xFF,0xBC,0xFF,0xBC,0xFF,0xBB,0xFF,0xBC,0xFF,0xBC,0xFF,
    0xBC,0xFF,0xBB,0xFF,0xDC,0xFF,0xDC,0xFF,0xBC,0xFF,0xBC,0xFF,0xBC,0xFF,0xDC,0xFF,
    0x9B,0xFF,0xBC,0xFF,0x9B,0xFF,0xBC,0xFF,0xDC,0xFF,0x9B,0xF7,0xAB,0x8B,0x8A,0x83,
    0x8A,0x83,0x8A,0x83,0x8A,0x83,0x8A,0x83,0xAB,0x8B,0xBB,0xFF,0xBC,0xFF,0xBC,0xFF,
    0xDC,0xFF,0xBB,0xFF,0xDC,0xFF,0xDC,0xFF,0x9B,0xFF,0xAB,0x8B,0x8A,0x83,0x8A,0x83,
    0x8A,0x83,0x8A,0x83,0xAB,0x8B,0x9B,0xFF,0xDC,0xFF,0x9B,0xF7,0xDC,0xFF,0xBC,0xFF,
    0xDC,0xFF,0xBC,0xFF,0xBB,0xFF,0xBC,0xFF,0xDC,0xFF,0xDC,0xFF,0xBC,0xFF,0xBC,0xFF,
    0xDC,0xFF,0xBC,0xFF,0xFD,0xFF,0xDC,0xFF,0xBC,0xFF,0xDC,0xFF,0xFC,0xFF,0xBB,0xFF,
    0xFC,0xFF,0xBC,0xFF,0xDC,0xFF,0xBC,0xFF,0x9B,0xFF,0xDC,0xFF,0xDC,0xFF,0xFD,0xFF,
    0xFC,0xFF,0xDC,0xFF,0xBC,0xFF,0xBC,0xFF,0xBC,0xFF,0xBC,0xFF,0xBC,0xFF,0x9B,0xFF,
    0xDC,0xFF,0xBC,0xFF,0xFD,0xFF,0x9B,0xFF,0x9B,0xF7,0x9B,0xFF,0x7B,0xF7,0x9B,0xF7,
    0x7B,0xF7,0xDC,0xFF,0xDC,0xFF,0xBB,0xFF,0xBC,0xFF,0xDC,0xFF,0xDC,0xFF,0xDC,0xFF,
    0xBC,0xFF,0xBC,0xFF,0xDC,0xFF,0xDC,0xFF,0xBC,0xFF,0xBC,0xFF,0xDC,0xFF,0xBC,0xFF,
    0xDC,0xFF,0xDC,0xFF,0xDC,0xFF,0xFC,0xFF,0xDC,0xFF,0xDC,0xFF,0xBC,0xFF,0xBC,0xFF,
    0xDC,0xFF,0xDC,0xFF,0xDC,0xFF,0xFD,0xFF,0xDC,0xFF,0xDC,0xFF,0xBB,0xFF,0x9B,0xFF,
    0x9B,0xFF,0x7B,0xF7,0xBB,0xFF,0x7B,0xF7,0x9B,0xFF,0xBB,0xFF,0xDC,0xFF,0xBC,0xFF,
    0xDC,0xFF,0x9B,0xFF,0xBC,0xFF,0xDC,0xFF,0xBC,0xFF,0x9B,0xFF,0x9B,0xF7,0x5A,0xF7,
    0x9B,0xFF,0x9B,0xFF,0x7B,0xF7,0xDC,0xFF,0xBC,0xFF,0x7B,0xF7,0x9B,0xFF,0x9B,0xF7,
    0xFD,0xFF,0x9B,0xFF,0xDC,0xFF,0xDC,0xFF,0x9B,0xFF,0x9B,0xFF,0xDC,0xFF,0xBC,0xFF,
    0xDC,0xFF,0xDC,0xFF,0xBC,0xFF,0xBC,0xFF,0x9B,0xF7,0xDC,0xFF,0xBC,0xFF,0xDC,0xFF,
    0xDC,0xFF,0xBB,0xFF,0xFC,0xFF,0xDC,0xFF,0xDC,0xFF,0xBB,0xFF,0xBC,0xFF,0xBC,0xFF,
    0xBC,0xFF,0xBC,0xFF,0xDC,0xFF,0xDC,0xFF,0xDC,0xFF,0xBC,0xFF,0xDC,0xFF,0xDC,0xFF,
    0x9B,0xF7,0xBC,0xFF,0x9B,0xFF,0xAB,0x8B,0x8A,0x83,0x8A,0x83,0x8A,0x83,0x8A,0x83,
    0xAB,0x8B,0x9B,0xF7,0xBC,0xFF,0xDC,0xFF,0xBC,0xFF,0x9B,0xFF,0xDC,0xFF,0xBC,0xFF,
    0xDC,0xFF,0xDC,0xFF,0xDC,0xFF,0xDC,0xFF,0xBC,0xFF,0xBC,0xFF,0xBB,0xFF,0xFC,0xFF,
    0xDC,0xFF,0xDC,0xFF,0xBC,0xFF,0x9B,0xFF,0xDC,0xFF,0xDC,0xFF,0xDC,0xFF,0xDC,0xFF,
    0xDC,0xFF,0xDC,0xFF,0x9B,0xFF,0xDC,0xFF,0xBC,0xFF,0xBC,0xFF,0xFC,0xFF,0xDC,0xFF,
    0xBC,0xFF,0x9B,0xFF,0xDC,0xFF,0xDC,0xFF,0xBC,0xFF,0xBB,0xFF,0xBC,0xFF,0xBB,0xFF,
    0xDC,0xFF,0xDC,0xFF,0xDC,0xFF,0xBC,0xFF,0xDC,0xFF,0xDC,0xFF,0xBC,0xFF,0xBC,0xFF,
    0xFD,0xFF,0xDC,0xFF,0xDC,0xFF,0xBC,0xFF,0x9B,0xFF,0xAB,0x8B,0x8A,0x83,0x8A,0x83,
    0xFD,0xFF,0xDC,0xFF,0xDC,0xFF,0xDC,0xFF,0xBC,0xFF,0xBC,0xFF,0xDC,0xFF,0xBC,0xFF,
    0xDC,0xFF,0xBC,0xFF,0x9B,0xFF,0xBC,0xFF,0x9B,0xFF,0xBB,0xFF,0xDC,0xFF,0xBC,0xFF,
    0xDC,0xFF,0xDC,0xFF,0xDC,0xFF,0xBC,0xFF,0xDC,0xFF,0xDC,0xFF,0xDC,0xFF,0xDC,0xFF,
    0xBB,0xFF,0xBC,0xFF,0xBC,0xFF,0xDC,0xFF,0x9B,0xFF,0x9B,0xFF,0xBB,0xFF,0xDC,0xFF,
    0xDC,0xFF,0xDC,0xFF,0xBC,0xFF,0x9B,0xFF,0x9B,0xFF,0x9B,0xFF,0x9B,0xF7,0xBC,0xFF,
    0x9B,0xFF,0xBC,0xFF,0xDC,0xFF,0xFC,0xFF,0xDC,0xFF,0xDC,0xFF,0xBC,0xFF,0xBC,0xFF,
    0xBC,0xFF,0xBC,0xFF,0xFC,0xFF,0xBB,0xFF,0xFC,0xFF,0xBC,0xFF,0xBC,0xFF,0xDC,0xFF,
    0xDC,0xFF,0xDC,0xFF,0x9B,0xFF,0xDC,0xFF,0xBC,0xFF,0xFD,0xFF,0xBC,0xFF,0xDC,0xFF,
    0xBC,0xFF,0xBC,0xFF,0xBB,0xFF,0xDC,0xFF,0xBC,0xFF,0xDC,0xFF,0xBC,0xFF,0xBC,0xFF,
    0xDC,0xFF,0xBC,0xFF,0x9B,0xFF,0xDC,0xFF,0xBC,0xFF,0xBC,0xFF,0xDC,0xFF,0xBC,0xFF,
    0xDC,0xFF,0xBC,0xFF,0xDC,0xFF,0xDC,0xFF,0xBC,0xFF,0xBC,0xFF,0xBC,0xFF,0xDC,0xFF,
    0xBB,0xFF,0x7B,0xF7,0xBB,0xFF,0x7B,0xF7,0x7B,0xF7,0x3A,0xF7,0xBC,0xFF,0x9B,0xFF,
    0xDC,0xFF,0xBC,0xFF,0xDC,0xFF,0x9B,0xFF,0xDC,0xFF,0xFD,0xFF,0xBC,0xFF,0xDC,0xFF,
    0xDC,0xFF,0xBC,0xFF,0xDC,0xFF,0xDC,0xFF,0xDC,0xFF,0xDC,0xFF,0xBC,0xFF,0xDC,0xFF,
    0xDC,0xFF,0xDC,0xFF,0xDC,0xFF,0xBC,0xFF,0x9B,0xFF,0xDC,0xFF,0xDC,0xFF,0xBC,0xFF,
    0x9B,0xFF,0xBC,0xFF,0xDC,0xFF,0x7B,0xF7,0xAB,0x8B,0x8A,0x83,0xAB,0x8B,0x9B,0xFF,
    0xBC,0xFF,0xBC,0xFF,0xFC,0xFF,0xDC,0xFF,0xBC,0xFF,0xBB,0xFF,0xBC,0xFF,0xDC,0xFF,
    0xBC,0xFF,0xDC,0xFF,0xDC,0xFF,0xDC,0xFF,0xDC,0xFF,0xDC,0xFF,0xBC,0xFF,0xBC,0xFF,
    0xFD,0xFF,0xBB,0xFF,0xBC,0xFF,0xDC,0xFF,0xBC,0xFF,0xBC,0xFF,0xBB,0xFF,0xDC,0xFF,
    0xDC,0xFF,0xDC,0xFF,0xDC,0xFF,0xDC,0xFF,0xBC,0xFF,0xDC,0xFF,0xBC,0xFF,0xDC,0xFF,
    0xDC,0xFF,0xDC,0xFF,0xBC,0xFF,0xDC,0xFF,0xBC,0xFF,0xBC,0xFF,0xBC,0xFF,0xBB,0xFF,
    0xDC,0xFF,0xDC,0xFF,0xBC,0xFF,0xDC,0xFF,0xBC,0xFF,0xDC,0xFF,0xBB,0xFF,0xDC,0xFF,
    0xBC,0xFF,0xBC,0xFF,0xBC,0xFF,0xDC,0xFF,0x9B,0xFF,0x9B,0xFF,0xBC,0xFF,0x7B,0xF7,
    0x8A,0x83,0x49,0x7B,0x49,0x7B,0x8A,0x83,0x8A,0x83,0xAB,0x8B,0x7B,0xF7,0xBC,0xFF,
    0xDC,0xFF,0xDC,0xFF,0xDC,0xFF,0xBC,0xFF,0xDC,0xFF,0xDC,0xFF,0xDC,0xFF,0xDC,0xFF,
    0xBC,0xFF,0xBC,0xFF,0xDC,0xFF,0xDC,0xFF,0x9B,0xFF,0x9B,0xF7,0xBC,0xFF,0x9B,0xF7,
    0x9B,0xFF,0x9B,0xFF,0x7B,0xF7,0xDC,0xFF,0xFC,0xFF,0xDC,0xFF,0x9B,0xFF,0x9B,0xFF,
    0x9B,0xFF,0xDC,0xFF,0xBC,0xFF,0xBC,0xFF,0x9B,0xFF,0xBB,0xFF,0x9B,0xFF,0xDC,0xFF,
    0x9B,0xFF,0xDC,0xFF,0xFD,0xFF,0xDC,0xFF,0xBC,0xFF,0xBC,0xFF,0xDC,0xFF,0xBC,0xFF,
    0xDC,0xFF,0xBC,0xFF,0xDC,0xFF,0xDC,0xFF,0x9B,0xFF,0xDC,0xFF,0xBC,0xFF,0xBB,0xFF,
    0xBC,0xFF,0xBC,0xFF,0xDC,0xFF,0xBB,0xFF,0xDC,0xFF,0xFD,0xFF,0xDC,0xFF,0xDC,0xFF,
    0xBC,0xFF,0xBB,0xFF,0xDC,0xFF,0xDC,0xFF,0xDC,0xFF,0xFD,0xFF,0xDC,0xFF,0xDC,0xFF,
    0xFC,0xFF,0xBB,0xFF,0xBC,0xFF,0xBC,0xFF,0xBC,0xFF,0xDC,0xFF,0xBC,0xFF,0xFC,0xFF,
    0xDC,0xFF,0xDC,0xFF,0xBC,0xFF,0xDC,0xFF,0xDC,0xFF,0xBC,0xFF,0xDC,0xFF,0xDC,0xFF,
    0xDC,0xFF,0xFC,0xFF,0xDC,0xFF,0xBC,0xFF,0xDC,0xFF,0xBC,0xFF,0x9B,0xFF,0xAB,0x8B,
    0x49,0x7B,0x49,0x7B,0x8A,0x83,0x5A,0xF7,0x7B,0xF7,0xBC,0xFF,0xBC,0xFF,0xDC,0xFF,
    0xDC,0xFF,0xDC,0xFF,0xFC,0xFF,0xDC,0xFF,0xDC,0xFF,0xBB,0xFF,0xDC,0xFF,0xBC,0xFF,
    0xBC,0xFF,0xDC,0xFF,0xDC,0xFF,0xBC,0xFF,0xAB,0x8B,0x8A,0x83,0x8A,0x83,0x8A,0x83,
    0x8A,0x83,0x8A,0x83,0xAB,0x8B,0x9B,0xFF,0xDC,0xFF,0x9B,0xF7,0xAB,0x8B,0x8A,0x83,
    0xAB,0x8B,0xBB,0xFF,0xBC,0xFF,0xDC,0xFF,0x9B,0xFF,0x9B,0xFF,0xBB,0xFF,0xBC,0xFF,
    0xDC,0xFF,0xBC,0xFF,0xBC,0xFF,0xDC,0xFF,0xBC,0xFF,0xBB,0xFF,0xBB,0xFF,0xFD,0xFF,
    0x9B,0xFF,0xBC,0xFF,0xDC,0xFF,0xDC,0xFF,0xBC,0xFF,0xDC,0xFF,0xDC,0xFF,0xDC,0xFF,
    0xBC,0xFF,0xDC,0xFF,0xDC,0xFF,0xDC,0xFF,0xDC,0xFF,0xBC,0xFF,0xBB,0xFF,0xDC,0xFF,
    0xFC,0xFF,0xDC,0xFF,0xDC,0xFF,0xFD,0xFF,0xBC,0xFF,0xDC,0xFF,0xBC,0xFF,0xDC,0xFF,
    0xDC,0xFF,0xDC,0xFF,0xBC,0xFF,0xBC,0xFF,0x9B,0xFF,0xDC,0xFF,0xBC,0xFF,0xDC,0xFF,
    0xBC,0xFF,0xBC,0xFF,0xDC,0xFF,0xBC,0xFF,0xDC,0xFF,0xDC,0xFF,0xBC,0xFF,0x9B,0xFF,
    0xDC,0xFF,0xDC,0xFF,0xDC,0xFF,0x9B,0xFF,0x9B,0xFF,0x9B,0xFF,0xBC,0xFF,0xBB,0xFF,
    0x9B,0xFF,0x9B,0xFF,0x9B,0xFF,0xDC,0xFF,0xBC,0xFF,0xDC,0xFF,0xDC,0xFF,0x9B,0xFF,
    0xBC,0xFF,0xDC,0xFF,0xBC,0xFF,0xBC,0xFF,0xBC,0xFF,0xBC,0xFF,0xDC,0xFF,0xBC,0xFF,
    0xBC,0xFF,0x7B,0xF7,0xBC,0xFF,0x9B,0xFF,0x7B,0xF7,0xBB,0xFF,0x9B,0xFF,0x7B,0xF7,
    0xBB,0xFF,0x9B,0xFF,0x7B,0xF7,0xDC,0xFF,0x9B,0xFF,0xBB,0xFF,0x7B,0xF7,0x7B,0xF7,
    0xBB,0xFF,0xBB,0xFF,0xBC,0xFF,0xBC,0xFF,0xDC,0xFF,0xBC,0xFF,0xDC,0xFF,0xBC,0xFF,
    0xBB,0xFF,0xBC,0xFF,0xDC,0xFF,0xBC,0xFF,0xDC,0xFF,0xFC,0xFF,0xBC,0xFF,0xDC,0xFF,
    0xDC,0xFF,0xBC,0xFF,0xBC,0xFF,0xBC,0xFF,0xDC,0xFF,0xDC,0xFF,0xBC,0xFF,0xDC,0xFF,
    0xDC,0xFF,0xDC,0xFF,0xBB,0xFF,0xBC,0xFF,0xDC,0xFF,0xDC,0xFF,0xBC,0xFF,0xBC,0xFF,
    0xBC,0xFF,0x9B,0xFF,0xBC,0xFF,0xBC,0xFF,0xDC,0xFF,0xBC,0xFF,0xBC,0xFF,0xBC,0xFF,
    0xBC,0xFF,0xDC,0xFF,0xBC,0xFF,0xDC,0xFF,0xBB,0xFF,0xDC,0xFF,0x9B,0xFF,0xBC,0xFF,
    0xBC,0xFF,0xDC,0xFF,0xDC,0xFF,0xBC,0xFF,0xDC,0xFF,0xDC,0xFF,0xDC,0xFF,0xDC,0xFF,
    0xBC,0xFF,0xBC,0xFF,0xDC,0xFF,0xBC,0xFF,0xDC,0xFF,0xDC,0xFF,0xDC,0xFF,0xBC,0xFF,
    0xBB,0xFF,0xBC,0xFF,0xBC,0xFF,0xDC,0xFF,0xBC,0xFF,0xBC,0xFF,0xDC,0xFF,0xBC,0xFF,
    0xBC,0xFF,0xFC,0xFF,0xDC,0xFF,0xDC,0xFF,0xDC,0xFF,0xBC,0xFF,0xDC,0xFF,0xDC,0xFF,
    0xDC,0xFF,0xBC,0xFF,0xBC,0xFF,0xBC,0xFF,0xDC,0xFF,0xDC,0xFF,0xDC,0xFF,0x9B,0xFF,
    0xBC,0xFF,0x9B,0xFF,0xBC,0xFF,0xDC,0xFF,0xDC,0xFF,0xBC,0xFF,0xDC,0xFF,0xBC,0xFF,
    0xBB,0xFF,0xBB,0xFF,0xBC,0xFF,0xDC,0xFF,0xBB,0xFF,0xDC,0xFF,0xDC,0xFF,0xBC,0xFF,
    0xBC,0xFF,0xBC,0xFF,0xBC,0xFF,0xDC,0xFF,0xBC,0xFF,0xDC,0xFF,0xDC,0xFF,0xDC,0xFF,
    0xDC,0xFF,0xBC,0xFF,0xDC,0xFF,0xBB,0xFF,0xDC,0xFF,0xDC,0xFF,0xBC,0xFF,0xFD,0xFF,
    0xBC,0xFF,0xBC,0xFF,0xDC,0xFF,0x9B,0xFF,0xBC,0xFF,0x9B,0xFF,0xBC,0xFF,0xBC,0xFF,
    0xDC,0xFF,0xDC,0xFF,0xDC,0xFF,0xDC,0xFF,0xDC,0xFF,0xBC,0xFF,0xDC,0xFF,0xBC,0xFF,
    0xBC,0xFF,0xDC,0xFF,0xDC,0xFF,0xDC,0xFF,0xDC,0xFF,0xDC,0xFF,0xBB,0xFF,0xBC,0xFF,
    0xBB,0xFF,0xDC,0xFF,0xBC,0xFF,0xDC,0xFF,0xDC,0xFF,0xBC,0xFF,0xBC,0xFF,0xBB,0xFF,
    0xBC,0xFF,0xDC,0xFF,0xDC,0xFF,0x9B,0xFF,0xBC,0xFF,0xDC,0xFF,0xDC,0xFF,0xDC,0xFF,
    0xBB,0xFF,0xDC,0xFF,0xBC,0xFF,0xDC,0xFF,0xDC,0xFF,0x9B,0xFF,0x9B,0xF7,0x9B,0xFF,
    0xBB,0xFF,0xBB,0xFF,0xDC,0xFF,0xBC,0xFF,0x9B,0xFF,0xBC,0xFF,0xBC,0xFF,0xDC,0xFF,
    0xDC,0xFF,0xDC,0xFF,0x9B,0xFF,0xBC,0xFF,0xDC,0xFF,0xDC,0xFF,0xDC,0xFF,0xBC,0xFF,
    0xFC,0xFF,0xDC,0xFF,0xBC,0xFF,0xBC,0xFF,0xFD,0xFF,0xBC,0xFF,0xDC,0xFF,0xFC,0xFF,
    0xBC,0xFF,0xDC,0xFF,0xBC,0xFF,0xDC,0xFF,0xDC,0xFF,0xFC,0xFF,0xDC,0xFF,0xBC,0xFF,
    0xDC,0xFF,0xBC,0xFF,0xBC,0xFF,0xFD,0xFF,0xBC,0xFF,0xBC,0xFF,0xBC,0xFF,0xBC,0xFF,
    0x9B,0xFF,0xDC,0xFF,0xBC,0xFF,0xBC,0xFF,0xBC,0xFF,0xBC,0xFF,0xBC,0xFF,0xDC,0xFF,
    0xFD,0xFF,0xDC,0xFF,0xDC,0xFF,0x9B,0xFF,0xBC,0xFF,0xBB,0xFF,0xDC,0xFF,0xBC,0xFF,
    0xBC,0xFF,0xBC,0xFF,0xBC,0xFF,0x9B,0xFF,0xDC,0xFF,0xBB,0xFF,0xBB,0xFF,0xBC,0xFF,
    0xBC,0xFF,0xDC,0xFF,0xDC,0xFF,0xDC,0xFF,0xDC,0xFF,0xBC,0xFF,0xDC,0xFF,0x9B,0xFF,
    0xDC,0xFF,0xBC,0xFF,0xBB,0xFF,0xBC,0xFF,0xBC,0xFF,0xDC,0xFF,0xDC,0xFF,0x9B,0xFF,
    0xBC,0xFF,0xFC,0xFF,0xDC,0xFF,0xDC,0xFF,0xDC,0xFF,0xBB,0xFF,0xBB,0xFF,0xDC,0xFF,
    0xDC,0xFF,0xBC,0xFF,0xBC,0xFF,0xDC,0xFF,0x7B,0xF7,0xAB,0x8B,0x49,0x7B,0x49,0x7B,
    0xBC,0xFF,0xFC,0xFF,0xBC,0xFF,0xBC,0xFF,0x9B,0xFF,0xDC,0xFF,0xBC,0xFF,0xFD,0xFF,
    0xDC,0xFF,0xDC,0xFF,0x9B,0xFF,0xDC,0xFF,0xBC,0xFF,0xBC,0xFF,0x9B,0xFF,0xDC,0xFF,
    0xDC,0xFF,0xBC,0xFF,0xDC,0xFF,0xDC,0xFF,0xDC,0xFF,0xDC,0xFF,0xFC,0xFF,0xBC,0xFF,
    0xBC,0xFF,0xBC,0xFF,0x9B,0xFF,0xBC,0xFF,0xDC,0xFF,0xDC,0xFF,0xBC,0xFF,0xDC,0xFF,
    0x9B,0xFF,0xBC,0xFF,0xDC,0xFF,0xDC,0xFF,0xBC,0xFF,0xDC,0xFF,0xFC,0xFF,0xBC,0xFF,
    0xDC,0xFF,0x9B,0xFF,0x9B,0xFF,0xDC,0xFF,0xBC,0xFF,0xDC,0xFF,0xBC,0xFF,0xBC,0xFF,
    0xDC,0xFF,0xFC,0xFF,0xBC,0xFF,0x9B,0xFF,0xDC,0xFF,0xDC,0xFF,0xDC,0xFF,0xDC,0xFF,
    0xFD,0xFF,0xDC,0xFF,0xDC,0xFF,0x9B,0xFF,0xBC,0xFF,0xBC,0xFF,0xBC,0xFF,0xDC,0xFF,
    0xBC,0xFF,0xFC,0xFF,0xBC,0xFF,0xBC,0xFF,0xDC,0xFF,0xBB,0xFF,0xDC,0xFF,0xDC,0xFF,
    0xBC,0xFF,0xFC,0xFF,0xDC,0xFF,0xDC,0xFF,0xBC,0xFF,0x9B,0xFF,0xBC,0xFF,0xBC,0xFF,
    0xBC,0xFF,0xDC,0xFF,0x9B,0xFF,0xBB,0xFF,0x9B,0xFF,0xDC,0xFF,0xBC,0xFF,0xBC,0xFF,
    0xBC,0xFF,0xDC,0xFF,0xBC,0xFF,0xDC,0xFF,0x9B,0xFF,0x7B,0xF7,0x8A,0x83,0x49,0x7B,
    0xDC,0xFF,0xBC,0xFF,0xBC,0xFF,0xDC,0xFF,0xDC,0xFF,0xBC,0xFF,0xBC,0xFF,0xBC,0xFF,
    0xDC,0xFF,0xDC,0xFF,0xBC,0xFF,0xFC,0xFF,0x9B,0xFF,0xBC,0xFF,0xFC,0xFF,0xBC,0xFF,
    0x9B,0xFF,0xDC,0xFF,0xDC,0xFF,0xBB,0xFF,0xDC,0xFF,0xBC,0xFF,0xBB,0xFF,0xBC,0xFF,
    0xBC,0xFF,0xBC,0xFF,0xBC,0xFF,0xBC,0xFF,0xDC,0xFF,0xBC,0xFF,0xDC,0xFF,0xBC,0xFF,
    0xBB,0xFF,0xBB,0xFF,0xBC,0xFF,0xDC,0xFF,0xDC,0xFF,0xBC,0xFF,0xDC,0xFF,0xBB,0xFF,
    0xDC,0xFF,0xBC,0xFF,0xDC,0xFF,0xDC,0xFF,0xBC,0xFF,0xDC,0xFF,0xBC,0xFF,0x9B,0xFF,
    0xBB,0xFF,0xDC,0xFF,0x9B,0xFF,0xDC,0xFF,0xBC,0xFF,0xDC,0xFF,0x9B,0xFF,0xBC,0xFF,
    0xDC,0xFF,0xBB,0xFF,0xDC,0xFF,0xDC,0xFF,0xBC,0xFF,0xBC,0xFF,0xBB,0xFF,0xBB,0xFF,
    0xDC,0xFF,0xDC,0xFF,0xDC,0xFF,0xDC,0xFF,0xBC,0xFF,0xDC,0xFF,0xBB,0xFF,0xBC,0xFF,
    0xDC,0xFF,0xDC,0xFF,0xBC,0xFF,0xBC,0xFF,0xDC,0xFF,0xFC,0xFF,0x9B,0xFF,0xBC,0xFF,
    0xDC,0xFF,0xDC,0xFF,0xBC,0xFF,0xDC,0xFF,0xBC,0xFF,0xFD,0xFF,0xDC,0xFF,0xBC,0xFF,
    0xBC,0xFF,0xDC,0xFF,0xDC,0xFF,0xBC,0xFF,0xDC,0xFF,0xBB,0xFF,0x7B,0xF7,0x7B,0xF7,
    0xBB,0xFF,0xBC,0xFF,0xBC,0xFF,0xDC,0xFF,0xDC,0xFF,0xBC,0xFF,0xBB,0xFF,0xDC,0xFF,
    0x9B,0xFF,0x9B,0xFF,0xDC,0xFF,0xDC,0xFF,0xDC,0xFF,0xBC,0xFF,0xBB,0xFF,0xBC,0xFF,
    0xDC,0xFF,0xBC,0xFF,0xBC,0xFF,0xBB,0xFF,0xBB,0xFF,0xDC,0xFF,0xDC,0xFF,0xBB,0xFF,
    0xBC,0xFF,0xBC,0xFF,0xDC,0xFF,0xBB,0xFF,0xBC,0xFF,0x9B,0xFF,0xBB,0xFF,0xDC,0xFF,
    0xDC,0xFF,0xBB,0xFF,0xBC,0xFF,0xDC,0xFF,0xBC,0xFF,0xBC,0xFF,0xDC,0xFF,0xDC,0xFF,
    0xDC,0xFF,0xDC,0xFF,0xBC,0xFF,0xBC,0xFF,0xBC,0xFF,0xBB,0xFF,0x7B,0xF7,0xAB,0x8B,
    0x8A,0x83,0x8A,0x83,0xAB,0x8B,0x9B,0xFF,0xDC,0xFF,0xDC,0xFF,0xDC,0xFF,0xBC,0xFF,
    0xBC,0xFF,0xBC,0xFF,0xFC,0xFF,0xDC,0xFF,0xBC,0xFF,0xBC,0xFF,0xBC,0xFF,0xBC,0xFF,
    0xDC,0xFF,0xFD,0xFF,0x9B,0xFF,0xDC,0xFF,0xDC,0xFF,0xBC,0xFF,0xBC,0xFF,0xBC,0xFF,
    0xDC,0xFF,0xDC,0xFF,0x9B,0xFF,0xDC,0xFF,0xBC,0xFF,0xDC,0xFF,0xDC,0xFF,0xDC,0xFF,
    0xDC,0xFF,0xDC,0xFF,0xDC,0xFF,0xBC,0xFF,0xDC,0xFF,0xDC,0xFF,0xFD,0xFF,0x9B,0xFF,
    0xBC,0xFF,0xDC,0xFF,0xBB,0xFF,0xBC,0xFF,0xFD,0xFF,0xDC,0xFF,0xBC,0xFF,0xDC,0xFF,
    0xDC,0xFF,0xDC,0xFF,0xDC,0xFF,0xDC,0xFF,0xBC,0xFF,0xBC,0xFF,0xDC,0xFF,0xDC,0xFF,
    0xFC,0xFF,0xBC,0xFF,0x9B,0xFF,0xBC,0xFF,0xDC,0xFF,0xDC,0xFF,0xDC,0xFF,0xBC,0xFF,
    0xDC,0xFF,0xBC,0xFF,0xDC,0xFF,0xBC,0xFF,0xBB,0xFF,0xDC,0xFF,0x9B,0xFF,0xBC,0xFF,
    0xDC,0xFF,0xBC,0xFF,0xDC,0xFF,0xBC,0xFF,0xBC,0xFF,0xFD,0xFF,0xBC,0xFF,0xBC,0xFF,
    0xBC,0xFF,0xBC,0xFF,0xDC,0xFF,0xDC,0xFF,0xBC,0xFF,0xBC,0xFF,0xDC,0xFF,0x9B,0xFF,
    0xBC,0xFF,0xBC,0xFF,0xBC,0xFF,0xDC,0xFF,0xBC,0xFF,0xBC,0xFF,0xFC,0xFF,0x9B,0xFF,
    0xBC,0xFF,0x9B,0xFF,0xBB,0xFF,0xDC,0xFF,0xDC,0xFF,0xFD,0xFF,0xBC,0xFF,0xDC,0xFF,
    0xBC,0xFF,0x7B,0xF7,0xBB,0xFF,0xDC,0xFF,0xDC,0xFF,0xBC,0xFF,0xDC,0xFF,0xDC,0xFF,
    0xBC,0xFF,0xDC,0xFF,0xFC,0xFF,0xDC,0xFF,0xBC,0xFF,0xDC,0xFF,0xBC,0xFF,0xBC,0xFF,
    0xDC,0xFF,0xBC,0xFF,0xDC,0xFF,0xDC,0xFF,0xDC,0xFF,0xDC,0xFF,0xBC,0xFF,0xBC,0xFF,
    0xDC,0xFF,0xBC,0xFF,0xDC,0xFF,0x9B,0xFF,0x9B,0xF7,0xBB,0xFF,0xDC,0xFF,0xBC,0xFF,
    0xBC,0xFF,0xDC,0xFF,0xDC,0xFF,0xDC,0xFF,0xBC,0xFF,0xDC,0xFF,0xDC,0xFF,0xDC,0xFF,
    0x7B,0xF7,0xBC,0xFF,0xBC,0xFF,0xBC,0xFF,0xDC,0xFF,0xDC,0xFF,0xDC,0xFF,0xBC,0xFF,
    0xDC,0xFF,0xFC,0xFF,0xBC,0xFF,0xDC,0xFF,0xFC,0xFF,0xDC,0xFF,0x9B,0xFF,0xDC,0xFF,
    0xBC,0xFF,0xBC,0xFF,0xDC,0xFF,0xDC,0xFF,0xBC,0xFF,0xDC,0xFF,0xDC,0xFF,0xDC,0xFF,
    0xDC,0xFF,0xDC,0xFF,0xBC,0xFF,0xBC,0xFF,0xDC,0xFF,0xBC,0xFF,0xBB,0xFF,0xDC,0xFF,
    0xBC,0xFF,0xBC,0xFF,0xBC,0xFF,0xDC,0xFF,0xDC,0xFF,0xDC,0xFF,0xBC,0xFF,0xDC,0xFF,
    0xBC,0xFF,0xDC,0xFF,0x9B,0xFF,0xBC,0xFF,0xDC,0xFF,0xBC,0xFF,0xBC,0xFF,0xDC,0xFF,
    0xBC,0xFF,0xDC,0xFF,0x9B,0xFF,0xBC,0xFF,0xBC,0xFF,0xDC,0xFF,0xDC,0xFF,0xBC,0xFF,
    0xFC,0xFF,0xBC,0xFF,0x9B,0xFF,0x9B,0xFF,0xFC,0xFF,0xBC,0xFF,0xBC,0xFF,0xBC,0xFF,
    0xBC,0xFF,0xDC,0xFF,0xBC,0xFF,0xFC,0xFF,0xBC,0xFF,0x9B,0xFF,0xDC,0xFF,0xBC,0xFF,
    0xBC,0xFF,0xFC,0xFF,0xBC,0xFF,0xDC,0xFF,0xBC,0xFF,0xBC,0xFF,0xDC,0xFF,0xBC,0xFF,
    0xDC,0xFF,0xBB,0xFF,0xAB,0x8B,0x8A,0x83,0x8A,0x83,0xAB,0x8B,0xBB,0xFF,0xBC,0xFF,
    0xDC,0xFF,0xBC,0xFF,0xDC,0xFF,0xDC,0xFF,0xBC,0xFF,0xBC,0xFF,0xBC,0xFF,0xDC,0xFF,
    0xBC,0xFF,0xDC,0xFF,0xDC,0xFF,0xDC,0xFF,0x9B,0xFF,0xDC,0xFF,0xDC,0xFF,0xBC,0xFF,
    0xDC,0xFF,0xDC,0xFF,0xDC,0xFF,0xBC,0xFF,0xBC,0xFF,0xBC,0xFF,0xDC,0xFF,0xDC,0xFF,
    0xDC,0xFF,0xBC,0xFF,0xDC,0xFF,0xDC,0xFF,0x9B,0xFF,0xBC,0xFF,0xBC,0xFF,0xBC,0xFF,
    0xBC,0xFF,0xBC,0xFF,0xBC,0xFF,0xDC,0xFF,0xDC,0xFF,0x9B,0xFF,0xDC,0xFF,0xBC,0xFF,
    0xFC,0xFF,0xBC,0xFF,0xBC,0xFF,0xDC,0xFF,0xBC,0xFF,0xBC,0xFF,0xFC,0xFF,0xDC,0xFF,
    0xDC,0xFF,0xDC,0xFF,0xBC,0xFF,0xFC,0xFF,0xDC,0xFF,0xDC,0xFF,0xBC,0xFF,0xDC,0xFF,
    0xDC,0xFF,0xBC,0xFF,0xFD,0xFF,0xDC,0xFF,0xBC,0xFF,0xDC,0xFF,0xDC,0xFF,0xDC,0xFF,
    0xDC,0xFF,0xDC,0xFF,0xDC,0xFF,0xBB,0xFF,0xBC,0xFF,0xBC,0xFF,0xDC,0xFF,0xDC,0xFF,
    0xDC,0xFF,0xBC,0xFF,0xBC,0xFF,0xDC,0xFF,0xBC,0xFF,0xBC,0xFF,0xDC,0xFF,0x9B,0xFF,
    0xDC,0xFF,0xDC,0xFF,0xDC,0xFF,0xBC,0xFF,0xBC,0xFF,0xBC,0xFF,0xDC,0xFF,0xDC,0xFF,
    0xDC,0xFF,0xFC,0xFF,0xBC,0xFF,0x9B,0xF7,0x9B,0xF7,0xBC,0xFF,0xBC,0xFF,0xDC,0xFF,
    0xFC,0xFF,0xBC,0xFF,0xBC,0xFF,0xDC,0xFF,0xBC,0xFF,0xBC,0xFF,0xBC,0xFF,0xDC,0xFF,
    0xBC,0xFF,0xBC,0xFF,0xBC,0xFF,0xBB,0xFF,0xDC,0xFF,0x9B,0xFF,0xBC,0xFF,0xDC,0xFF,
    0xBB,0xFF,0xDC,0xFF,0xDC,0xFF,0xBC,0xFF,0xDC,0xFF,0xBC,0xFF,0xDC,0xFF,0xDC,0xFF,
    0xDC,0xFF,0xDC,0xFF,0xDC,0xFF,0xDC,0xFF,0xDC,0xFF,0xBB,0xFF,0xDC,0xFF,0xDC,0xFF,
    0xBB,0xFF,0xDC,0xFF,0xDC,0xFF,0xDC,0xFF,0xBC,0xFF,0xDC,0xFF,0xDC,0xFF,0xBC,0xFF,
    0xDC,0xFF,0x9B,0xFF,0xDC,0xFF,0xBC,0xFF,0x9B,0xFF,0xBC,0xFF,0xBC,0xFF,0xDC,0xFF,
    0xBC,0xFF,0xDC,0xFF,0xBC,0xFF,0xFD,0xFF,0xDC,0xFF,0xFD,0xFF,0xBC,0xFF,0xDC,0xFF,
    0xBC,0xFF,0xDC,0xFF,0xDC,0xFF,0x9B,0xFF,0xBC,0xFF,0xBC,0xFF,0xBB,0xFF,0xBC,0xFF,
    0xBC,0xFF,0xBB,0xFF,0xDC,0xFF,0xDC,0xFF,0xBB,0xFF,0xBC,0xFF,0xDC,0xFF,0xBC,0xFF,
    0xBC,0xFF,0xDC,0xFF,0xDC,0xFF,0x9B,0xFF,0x9B,0xFF,0xBC,0xFF,0xFC,0xFF,0xBC,0xFF,
    0xBC,0xFF,0xDC,0xFF,0xBC,0xFF,0xDC,0xFF,0xDC,0xFF,0xBC,0xFF,0xBC,0xFF,0x9B,0xFF,
    0xBC,0xFF,0x9B,0xFF,0xFD,0xFF,0xDC,0xFF,0xDC,0xFF,0xDC,0xFF,0xDC,0xFF,0xDC,0xFF,
    0xDC,0xFF,0xDC,0xFF,0xBC,0xFF,0xDC,0xFF,0xBC,0xFF,0xBB,0xFF,0xBC,0xFF,0xDC,0xFF,
    0xDC,0xFF,0xBB,0xFF,0xFC,0xFF,0xDC,0xFF,0xBC,0xFF,0xBC,0xFF,0xBC,0xFF,0xDC,0xFF,
    0xBC,0xFF,0xBC,0xFF,0xDC,0xFF,0x9B,0xFF,0xDC,0xFF,0xDC,0xFF,0xDC,0xFF,0xDC,0xFF,
    0xDC,0xFF,0xDC,0xFF,0xDC,0xFF,0xBC,0xFF,0xBC,0xFF,0xBC,0xFF,0xDC,0xFF,0xFC,0xFF,
    0xDC,0xFF,0xBC,0xFF,0xBC,0xFF,0xBC,0xFF,0xDC,0xFF,0xDC,0xFF,0xBC,0xFF,0xBC,0xFF,
    0xDC,0xFF,0xDC,0xFF,0xBC,0xFF,0xDC,0xFF,0xFC,0xFF,0xBC,0xFF,0xFC,0xFF,0xDC,0xFF,
    0xDC,0xFF,0xDC,0xFF,0xBC,0xFF,0xBC,0xFF,0xBC,0xFF,0xBC,0xFF,0xDC,0xFF,0xDC,0xFF,
    0x9B,0xFF,0xBB,0xFF,0x5A,0xF7,0x9B,0xFF,0x7B,0xF7,0xDC,0xFF,0xBC,0xFF,0xDC,0xFF,
    0xDC,0xFF,0x9B,0xFF,0xDC,0xFF,0xBC,0xFF,0x9B,0xFF,0xDC,0xFF,0xDC,0xFF,0xBC,0xFF,
    0xBC,0xFF,0xFD,0xFF,0x9B,0xF7,0xAB,0x8B,0x8A,0x83,0xAB,0x8B,0x9B,0xFF,0xBC,0xFF,
    0xBC,0xFF,0x9B,0xFF,0x9B,0xF7,0x7B,0xF7,0x7B,0xF7,0x9B,0xF7,0xDC,0xFF,0xDC,0xFF,
    0xBC,0xFF,0xDC,0xFF,0xDC,0xFF,0xFD,0xFF,0xBC,0xFF,0xDC,0xFF,0xDC,0xFF,0xBC,0xFF,
    0xDC,0xFF,0xDC,0xFF,0xBC,0xFF,0xDC,0xFF,0xDC,0xFF,0xDC,0xFF,0xBC,0xFF,0xDC,0xFF,
    0xFD,0xFF,0xBC,0xFF,0xDC,0xFF,0xDC,0xFF,0xDC,0xFF,0xDC,0xFF,0xDC,0xFF,0xDC,0xFF,
    0xDC,0xFF,0xBC,0xFF,0xDC,0xFF,0xBC,0xFF,0xBC,0xFF,0xBC,0xFF,0xBC,0xFF,0xDC,0xFF,
    0xFC,0xFF,0xFC,0xFF,0xDC,0xFF,0xBC,0xFF,0xDC,0xFF,0xBC,0xFF,0xBC,0xFF,0xFC,0xFF,
    0xBC,0xFF,0xDC,0xFF,0xDC,0xFF,0xBC,0xFF,0xBC,0xFF,0xDC,0xFF,0xBC,0xFF,0xDC,0xFF,
    0xDC,0xFF,0xBB,0xFF,0xBC,0xFF,0xBC,0xFF,0xBB,0xFF,0xBC,0xFF,0xDC,0xFF,0xBC,0xFF,
    0x9B,0xFF,0xBC,0xFF,0xDC,0xFF,0xBB,0xFF,0xBC,0xFF,0xFC,0xFF,0xDC,0xFF,0x7B,0xF7,
    0xAB,0x8B,0x8A,0x83,0x8A,0x83,0x8A,0x83,0xAB,0x8B,0x9B,0xFF,0x9B,0xFF,0x9B,0xFF,
    0xBB,0xFF,0xDC,0xFF,0xBC,0xFF,0x9B,0xFF,0xDC,0xFF,0xDC,0xFF,0xBC,0xFF,0xBC,0xFF,
    0xDC,0xFF,0xDC,0xFF,0xDC,0xFF,0x9B,0xFF,0x9B,0xFF,0x9B,0xFF,0xBC,0xFF,0xDC,0xFF,
    0x9B,0xFF,0xAB,0x8B,0x8A,0x83,0x8A,0x83,0x8A,0x83,0xAB,0x8B,0x9B,0xFF,0xBC,0xFF,
    0xBC,0xFF,0xBC,0xFF,0xDC,0xFF,0xDC,0xFF,0xBC,0xFF,0xBC,0xFF,0xDC,0xFF,0xBC,0xFF,
    0xFC,0xFF,0xBB,0xFF,0x9B,0xFF,0xBC,0xFF,0xDC,0xFF,0xDC,0xFF,0xDC,0xFF,0xFD,0xFF,
    0xBC,0xFF,0xBC,0xFF,0x7B,0xF7,0x9B,0xFF,0xBB,0xFF,0x9B,0xFF,0xBC,0xFF,0x9B,0xFF,
    0xBC,0xFF,0xDC,0xFF,0xBC,0xFF,0xBC,0xFF,0xBB,0xFF,0x9B,0xFF,0xDC,0xFF,0xDC,0xFF,
    0xFD,0xFF,0xBC,0xFF,0xBC,0xFF,0xBC,0xFF,0xDC,0xFF,0xDC,0xFF,0xBC,0xFF,0xDC,0xFF,
    0xDC,0xFF,0x9B,0xFF,0xDC,0xFF,0xDC,0xFF,0xBC,0xFF,0xBC,0xFF,0xFC,0xFF,0xDC,0xFF,
    0xFC,0xFF,0xBC,0xFF,0xBC,0xFF,0xDC,0xFF,0xBB,0xFF,0xBC,0xFF,0x9B,0xFF,0xFC,0xFF,
    0xDC,0xFF,0xDC,0xFF,0xDC,0xFF,0xBC,0xFF,0xBC,0xFF,0xDC,0xFF,0xBC,0xFF,0xDC,0xFF,
    0x9B,0xF7,0x7B,0xF7,0xBC,0xFF,0x9B,0xFF,0x9B,0xFF,0xBC,0xFF,0x9B,0xFF,0xDC,0xFF,
    0xBB,0xFF,0xDC,0xFF,0x9B,0xFF,0x9B,0xFF,0xDC,0xFF,0xDC,0xFF,0xDC,0xFF,0xBB,0xFF,
    0xDC,0xFF,0xBB,0xFF,0xBC,0xFF,0xBC,0xFF,0xBC,0xFF,0xDC,0xFF,0xBC,0xFF,0xDC,0xFF,
    0xDC,0xFF,0x7B,0xF7,0x7B,0xF7,0x9B,0xFF,0x9B,0xF7,0x9B,0xFF,0x9B,0xFF,0xDC,0xFF,
    0xDC,0xFF,0xBC,0xFF,0xBB,0xFF,0xDC,0xFF,0xBC,0xFF,0xDC,0xFF,0xBC,0xFF,0xDC,0xFF,
    0xBC,0xFF,0xDC,0xFF,0x9B,0xFF,0x7B,0xF7,0x9B,0xFF,0x7B,0xF7,0x9B,0xFF,0xBB,0xFF,
    0xDC,0xFF,0x7B,0xF7,0xAB,0x8B,0x8A,0x83,0x8A,0x83,0x8A,0x83,0x8A,0x83,0x8A,0x83,
    0xAB,0x8B,0xBB,0xFF,0xDC,0xFF,0xDC,0xFF,0xFC,0xFF,0xBC,0xFF,0xDC,0xFF,0xDC,0xFF,
    0xDC,0xFF,0xDC,0xFF,0x9B,0xF7,0xBC,0xFF,0xFC,0xFF,0x9B,0xFF,0xBC,0xFF,0xDC,0xFF,
    0xDC,0xFF,0xFC,0xFF,0x9B,0xFF,0xDC,0xFF,0xDC,0xFF,0xBB,0xFF,0xBC,0xFF,0xFC,0xFF,
    0xDC,0xFF,0xDC,0xFF,0x9B,0xFF,0xBC,0xFF,0xDC,0xFF,0xBC,0xFF,0xBC,0xFF,0xFD,0xFF,
    0xBC,0xFF,0xBC,0xFF,0xDC,0xFF,0xBC,0xFF,0xBC,0xFF,0xBC,0xFF,0xDC,0xFF,0xDC,0xFF,
    0xBB,0xFF,0xBC,0xFF,0xDC,0xFF,0xBC,0xFF,0xDC,0xFF,0xBB,0xFF,0x7B,0xF7,0x9B,0xFF,
    0xFD,0xFF,0xFC,0xFF,0xBC,0xFF,0xDC,0xFF,0xBC,0xFF,0xBB,0xFF,0xDC,0xFF,0xDC,0xFF,
    0xDC,0xFF,0xBC,0xFF,0xDC,0xFF,0xBC,0xFF,0xDC,0xFF,0xDC,0xFF,0xBC,0xFF,0xDC,0xFF,
    0x9B,0xFF,0xBC,0xFF,0xDC,0xFF,0xFC,0xFF,0xDC,0xFF,0xBC,0xFF,0xBB,0xFF,0xDC,0xFF,
    0xDC,0xFF,0xBB,0xFF,0xDC,0xFF,0xDC,0xFF,0xDC,0xFF,0xBC,0xFF,0xDC,0xFF,0xBB,0xFF,
    0xDC,0xFF,0xDC,0xFF,0x7B,0xF7,0xAB,0x8B,0x8A,0x83,0x8A,0x83,0xAB,0x8B,0x7B,0xF7,
    0xDC,0xFF,0xDC,0xFF,0x7A,0xF7,0xBB,0xFF,0x9B,0xFF,0x9B,0xFF,0x7B,0xF7,0x9B,0xFF,
    0x7B,0xF7,0xBC,0xFF,0xBC,0xFF,0xBB,0xFF,0xFC,0xFF,0xBB,0xFF,0xBC,0xFF,0xBC,0xFF,
    0xDC,0xFF,0xDC,0xFF,0xDC,0xFF,0xBC,0xFF,0xBC,0xFF,0xDC,0xFF,0xDC,0xFF,0xDC,0xFF,
    0xBC,0xFF,0x9B,0xFF,0xFD,0xFF,0xDC,0xFF,0xDC,0xFF,0xDC,0xFF,0xBC,0xFF,0xBC,0xFF,
    0xBC,0xFF,0xBC,0xFF,0xBC,0xFF,0xBB,0xFF,0xBC,0xFF,0xDC,0xFF,0xBC,0xFF,0xDC,0xFF,
    0x9B,0xFF,0xBC,0xFF,0xBC,0xFF,0xBB,0xFF,0x9B,0xFF,0xDC,0xFF,0xBC,0xFF,0xDC,0xFF,
    0xBC,0xFF,0xDC,0xFF,0xBC,0xFF,0xBB,0xFF,0x9B,0xFF,0xAB,0x8B,0x8A,0x83,0xAB,0x8B,
    0x9B,0xF7,0xDC,0xFF,0xDC,0xFF,0xDC,0xFF,0xDC,0xFF,0xDC,0xFF,0xDC,0xFF,0xDC,0xFF,
    0xDC,0xFF,0xDC,0xFF,0xDC,0xFF,0xFD,0xFF,0xDC,0xFF,0xBC,0xFF,0xBC,0xFF,0xBC,0xFF,
    0xDC,0xFF,0xBC,0xFF,0x9B,0xFF,0xDC,0xFF,0x9B,0xFF,0xDC,0xFF,0xDC,0xFF,0xDC,0xFF,
    0xFC,0xFF,0xDC,0xFF,0xBC,0xFF,0xBB,0xFF,0xBC,0xFF,0xDC,0xFF,0x9B,0xFF,0xDC,0xFF,
    0xBC,0xFF,0xDC,0xFF,0xBC,0xFF,0x9B,0xFF,0x9B,0xF7,0x9B,0xF7,0x7B,0xF7,0xDC,0xFF,
    0xFC,0xFF,0xDC,0xFF,0xDC,0xFF,0xBC,0xFF,0xDC,0xFF,0xBC,0xFF,0xDC,0xFF,0xDC,0xFF,
    0xBC,0xFF,0xDC,0xFF,0xDC,0xFF,0xDC,0xFF,0xDC,0xFF,0xBC,0xFF,0xBC,0xFF,0xDC,0xFF,
    0xBC,0xFF,0xDC,0xFF,0xBC,0xFF,0xBB,0xFF,0xBC,0xFF,0xBC,0xFF,0xDC,0xFF,0xDC,0xFF,
    0x9B,0xFF,0xDC,0xFF,0x9B,0xFF,0xBC,0xFF,0xBC,0xFF,0x9B,0xFF,0x9B,0xFF,0xDC,0xFF,
    0xDC,0xFF,0xBC,0xFF,0xBC,0xFF,0xFD,0xFF,0xBC,0xFF,0xBC,0xFF,0xFC,0xFF,0xDC,0xFF,
    0xBC,0xFF,0xDC,0xFF,0xDC,0xFF,0xDC,0xFF,0xDC,0xFF,0xBC,0xFF,0xDC,0xFF,0xDC,0xFF,
    0xBC,0xFF,0xBC,0xFF,0xDC,0xFF,0xBC,0xFF,0xDC,0xFF,0x9B,0xFF,0x9B,0xFF,0x7B,0xF7,
    0xDC,0xFF,0xDC,0xFF,0xDC,0xFF,0xFC,0xFF,0xDC,0xFF,0xDC,0xFF,0xFC,0xFF,0xBC,0xFF,
    0xFC,0xFF,0xFC,0xFF,0xDC,0xFF,0xFC,0xFF,0xDC,0xFF,0xBC,0xFF,0xDC,0xFF,0xDC,0xFF,
    0xDC,0xFF,0xDC,0xFF,0xDC,0xFF,0xDC,0xFF,0xBC,0xFF,0xDC,0xFF,0xDC,0xFF,0xBC,0xFF,
    0xBC,0xFF,0xBC,0xFF,0xBC,0xFF,0xDC,0xFF,0xDC,0xFF,0xFC,0xFF,0xDC,0xFF,0xDC,0xFF,
    0xDC,0xFF,0xDC,0xFF,0xBC,0xFF,0xDC,0xFF,0xDC,0xFF,0xBC,0xFF,0xBC,0xFF,0xBC,0xFF,
    0xBC,0xFF,0xBB,0xFF,0xDC,0xFF,0xBC,0xFF,0xDC,0xFF,0xDC,0xFF,0xDC,0xFF,0xBC,0xFF,
    0xBC,0xFF,0x9B,0xFF,0x9B,0xFF,0x9B,0xFF,0xDC,0xFF,0x9B,0xFF,0xDC,0xFF,0xDC,0xFF,
    0xBC,0xFF,0xFC,0xFF,0xBC,0xFF,0xBB,0xFF,0xDC,0xFF,0x9B,0xFF,0x9B,0xF7,0x9B,0xFF,
    0x9B,0xF7,0xBB,0xFF,0xBB,0xFF,0xFD,0xFF,0xBC,0xFF,0xBC,0xFF,0xBC,0xFF,0xDC,0xFF,
    0xBC,0xFF,0xBC,0xFF,0xBB,0xFF,0xBB,0xFF,0xBC,0xFF,0xDC,0xFF,0xFD,0xFF,0xDC,0xFF,
    0xFC,0xFF,0xDC,0xFF,0xBC,0xFF,0xBB,0xFF,0xDC,0xFF,0x9B,0xFF,0xBC,0xFF,0xFC,0xFF,
    0xDC,0xFF,0xDC,0xFF,0xBC,0xFF,0xBB,0xFF,0xBC,0xFF,0xBC,0xFF,0xDC,0xFF,0xFD,0xFF,
    0xBC,0xFF,0xBC,0xFF,0xBC,0xFF,0xBC,0xFF,0xBB,0xFF,0xDC,0xFF,0xDC,0xFF,0xDC,0xFF,
    0xBB,0xFF,0xBC,0xFF,0x9B,0xFF,0xDC,0xFF,0xBC,0xFF,0xBC,0xFF,0xBC,0xFF,0xBC,0xFF,
    0xBC,0xFF,0x9B,0xFF,0xFC,0xFF,0xDC,0xFF,0xDC,0xFF,0xFD,0xFF,0xBC,0xFF,0xDC,0xFF,
    0xDC,0xFF,0xDC,0xFF,0xDC,0xFF,0xDC,0xFF,0xBC,0xFF,0xDC,0xFF,0xDC,0xFF,0x9B,0xFF,
    0xBC,0xFF,0xBC,0xFF,0xBC,0xFF,0x9B,0xFF,0xDC,0xFF,0xBC,0xFF,0xBC,0xFF,0xBC,0xFF,
    0x9B,0xFF,0xBC,0xFF,0x9B,0xFF,0xBC,0xFF,0xBC,0xFF,0xDC,0xFF,0xDC,0xFF,0xBC,0xFF,
    0xFD,0xFF,0xDC,0xFF,0xBB,0xFF,0xBC,0xFF,0xBC,0xFF,0xBC,0xFF,0xBC,0xFF,0xBC,0xFF,
    0xFC,0xFF,0x9B,0xFF,0xAB,0x8B,0x8A,0x83,0x8A,0x83,0x8A,0x83,0x8A,0x83,0x8A,0x83,
    0xAB,0x8B,0x9B,0xFF,0xDC,0xFF,0xFD,0xFF,0xDC,0xFF,0x9B,0xFF,0xDC,0xFF,0xBC,0xFF,
    0x9B,0xFF,0xBC,0xFF,0xDC,0xFF,0xDC,0xFF,0xDC,0xFF,0xBC,0xFF,0xFD,0xFF,0xBC,0xFF,
    0xBC,0xFF,0xBB,0xFF,0xDC,0xFF,0xDC,0xFF,0xDC,0xFF,0xDC,0xFF,0xBC,0xFF,0xDC,0xFF,
    0x9B,0xFF,0xDC,0xFF,0xDC,0xFF,0xBC,0xFF,0xDC,0xFF,0xDC,0xFF,0xFC,0xFF,0xDC,0xFF,
    0xDC,0xFF,0xBC,0xFF,0xBB,0xFF,0xBC,0xFF,0x9B,0xFF,0x9B,0xFF,0x9B,0xFF,0xDC,0xFF,
    0xDC,0xFF,0xDC,0xFF,0xDC,0xFF,0xDC,0xFF,0xDC,0xFF,0xDC,0xFF,0x9B,0xFF,0xDC,0xFF,
    0xBB,0xFF,0xDC,0xFF,0xDC,0xFF,0xDC,0xFF,0xDC,0xFF,0xBC,0xFF,0xDC,0xFF,0xDC,0xFF,
    0xDC,0xFF,0xDC,0xFF,0xDC,0xFF,0xDC,0xFF,0xDC,0xFF,0xBB,0xFF,0xBC,0xFF,0xDC,0xFF,
    0xFC,0xFF,0xDC,0xFF,0xBC,0xFF,0xDC,0xFF,0xBC,0xFF,0xDC,0xFF,0xDC,0xFF,0xBB,0xFF,
    0xDC,0xFF,0xDC,0xFF,0xBC,0xFF,0xBC,0xFF,0xDC,0xFF,0xDC,0xFF,0xBC,0xFF,0xBC,0xFF,
    0xDC,0xFF,0x9B,0xFF,0x9B,0xFF,0xBC,0xFF,0xBC,0xFF,0xBC,0xFF,0xBC,0xFF,0xDC,0xFF,
    0xBC,0xFF,0xBC,0xFF,0x9B,0xF7,0x9B,0xFF,0xBB,0xFF,0xBB,0xFF,0x9B,0xFF,0x5A,0xF7,
    0x7B,0xF7,0xBC,0xFF,0xDC,0xFF,0x9B,0xFF,0xDC,0xFF,0xDC,0xFF,0xBC,0xFF,0xDC,0xFF,
    0xBC,0xFF,0xBC,0xFF,0xDC,0xFF,0xBC,0xFF,0xBB,0xFF,0xBC,0xFF,0xBC,0xFF,0xBC,0xFF,
    0xDC,0xFF,0xBC,0xFF,0xFC,0xFF,0xDC,0xFF,0xBC,0xFF,0xDC,0xFF,0xDC,0xFF,0xBC,0xFF,
    0xBC,0xFF,0xDC,0xFF,0xFD,0xFF,0xBB,0xFF,0xDC,0xFF,0xDC,0xFF,0xBC,0xFF,0xBC,0xFF,
    0xBC,0xFF,0xDC,0xFF,0xDC,0xFF,0x7B,0xF7,0xAB,0x8B,0x8A,0x83,0xAB,0x8B,0x9B,0xFF,
    0xDC,0xFF,0xDC,0xFF,0xDC,0xFF,0xDC,0xFF,0xDC,0xFF,0xDC,0xFF,0xFD,0xFF,0xBC,0xFF,
    0xDC,0xFF,0xDC,0xFF,0xDC,0xFF,0xBC,0xFF,0xDC,0xFF,0xBB,0xFF,0xBB,0xFF,0xDC,0xFF,
    0xBB,0xFF,0xDC,0xFF,0xBC,0xFF,0xDC,0xFF,0xDC,0xFF,0xDC,0xFF,0xBC,0xFF,0xBC,0xFF,
    0xBC,0xFF,0xDC,0xFF,0xDC,0xFF,0xDC,0xFF,0xDC,0xFF,0xBC,0xFF,0x9B,0xFF,0xDC,0xFF,
    0xDC,0xFF,0xBC,0xFF,0xDC,0xFF,0xDC,0xFF,0xDC,0xFF,0xDC,0xFF,0xDC,0xFF,0x9B,0xFF,
    0xBC,0xFF,0xBC,0xFF,0xDC,0xFF,0xBC,0xFF,0xBC,0xFF,0xBC,0xFF,0xDC,0xFF,0xDC,0xFF,
    0xDC,0xFF,0xDC,0xFF,0xDC,0xFF,0xDC,0xFF,0xDC,0xFF,0xDC,0xFF,0xFC,0xFF,0x9B,0xFF,
    0xBC,0xFF,0xDC,0xFF,0xDC,0xFF,0xBC,0xFF,0xDC,0xFF,0xDC,0xFF,0xBC,0xFF,0x9B,0xFF,
    0xBC,0xFF,0xBC,0xFF,0xDC,0xFF,0xBC,0xFF,0xFC,0xFF,0xDC,0xFF,0xBC,0xFF,0xBC,0xFF,
    0xBC,0xFF,0xDC,0xFF,0xFC,0xFF,0xBC,0xFF,0xDC,0xFF,0xBC,0xFF,0xDC,0xFF,0xFD,0xFF,
    0xBB,0xFF,0xDC,0xFF,0xDC,0xFF,0x9B,0xFF,0xBB,0xFF,0xBC,0xFF,0xDC,0xFF,0xBC,0xFF,
    0xBC,0xFF,0xDC,0xFF,0xDC,0xFF,0xDC,0xFF,0x9B,0xFF,0xBC,0xFF,0x9B,0xF7,0xFC,0xFF,
    0xBC,0xFF,0xBC,0xFF,0xDC,0xFF,0xDC,0xFF,0x9B,0xFF,0xDC,0xFF,0xBB,0xFF,0xBC,0xFF,
    0xDC,0xFF,0xBC,0xFF,0xDC,0xFF,0xBC,0xFF,0xFD,0xFF,0xBC,0xFF,0xBC,0xFF,0xBC,0xFF,
    0xBC,0xFF,0xDC,0xFF,0xDC,0xFF,0xDC,0xFF,0xDC,0xFF,0xDC,0xFF,0xDC,0xFF,0xBC,0xFF,
    0xDC,0xFF,0xDC,0xFF,0xDC,0xFF,0xBC,0xFF,0x9B,0xFF,0xBC,0xFF,0xDC,0xFF,0x9B,0xFF,
    0xBC,0xFF,0xDC,0xFF,0xBC,0xFF,0xBC,0xFF,0xFC,0xFF,0xDC,0xFF,0xBC,0xFF,0xDC,0xFF,
    0xDC,0xFF,0xBC,0xFF,0xFD,0xFF,0xBC,0xFF,0xBC,0xFF,0xBC,0xFF,0xDC,0xFF,0xBB,0xFF,
    0xDC,0xFF,0xDC,0xFF,0xDC,0xFF,0xBC,0xFF,0xFC,0xFF,0xBC,0xFF,0xDC,0xFF,0xBC,0xFF,
    0xDC,0xFF,0xDC,0xFF,0xDC,0xFF,0xBC,0xFF,0xBC,0xFF,0xBC,0xFF,0xDC,0xFF,0xBC,0xFF,
    0xBC,0xFF,0xBC,0xFF,0xBC,0xFF,0xBC,0xFF,0xDC,0xFF,0xDC,0xFF,0xBC,0xFF,0xDC,0xFF,
    0xBB,0xFF,0x9B,0xF7,0xBC,0xFF,0x9B,0xFF,0xBC,0xFF,0xBB,0xFF,0xDC,0xFF,0xBB,0xFF,
    0xDC,0xFF,0xBC,0xFF,0xBB,0xFF,0x9B,0xFF,0xDC,0xFF,0xDC,0xFF,0xDC,0xFF,0xFC,0xFF,
    0xDC,0xFF,0xDC,0xFF,0xBC,0xFF,0xDC,0xFF,0xBC,0xFF,0xBC,0xFF,0xFD,0xFF,0x9B,0xFF,
    0xDC,0xFF,0xDC,0xFF,0xDC,0xFF,0xBC,0xFF,0xBC,0xFF,0xBC,0xFF,0xBC,0xFF,0xBC,0xFF,
    0xBC,0xFF,0xBC,0xFF,0xDC,0xFF,0xBC,0xFF,0xDC,0xFF,0xBC,0xFF,0xDC,0xFF,0xDC,0xFF,
    0xDC,0xFF,0xBC,0xFF,0xBC,0xFF,0xBC,0xFF,0xDC,0xFF,0xDC,0xFF,0xDC,0xFF,0xBC,0xFF,
    0xDC,0xFF,0x9B,0xFF,0x9B,0xFF,0xBC,0xFF,0xBC,0xFF,0x9B,0xFF,0x9B,0xFF,0xDC,0xFF,
    0xBC,0xFF,0x9B,0xFF,0xFD,0xFF,0xDC,0xFF,0xBC,0xFF,0xDC,0xFF,0xBC,0xFF,0xFC,0xFF,
    0x9B,0xFF,0xBB,0xFF,0xBC,0xFF,0xBC,0xFF,0xDC,0xFF,0x9B,0xFF,0xBC,0xFF,0xDC,0xFF,
    0xDC,0xFF,0xDC,0xFF,0xDC,0xFF,0xFD,0xFF,0xBC,0xFF,0xDC,0xFF,0xDC,0xFF,0xBC,0xFF,
    0xBC,0xFF,0xBC,0xFF,0xBC,0xFF,0xBB,0xFF,0xBC,0xFF,0x9B,0xFF,0xDC,0xFF,0x9B,0xFF,
    0xFD,0xFF,0xFC,0xFF,0xDC,0xFF,0xBC,0xFF,0xBC,0xFF,0xDC,0xFF,0xDC,0xFF,0x9B,0xFF,
    0x9B,0xF7,0xBB,0xFF,0x7B,0xF7,0xDC,0xFF,0x9B,0xFF,0xBC,0xFF,0xDC,0xFF,0xBC,0xFF,
    0xBC,0xFF,0xDC,0xFF,0xBC,0xFF,0xDC,0xFF,0x9B,0xFF,0xDC,0xFF,0xDC,0xFF,0x9B,0xFF,
    0xBB,0xFF,0xDC,0xFF,0xBC,0xFF,0xBC,0xFF,0xDC,0xFF,0xBC,0xFF,0xDC,0xFF,0xBC,0xFF,
    0xDC,0xFF,0xBB,0xFF,0x9B,0xFF,0x7A,0xF7,0x9B,0xFF,0x9B,0xFF,0xBC,0xFF,0xDC,0xFF,
    0x9B,0xFF,0xFC,0xFF,0xBC,0xFF,0xDC,0xFF,0xBC,0xFF,0xBB,0xFF,0xDC,0xFF,0xDC,0xFF,
    0xDC,0xFF,0xDC,0xFF,0xBC,0xFF,0xDC,0xFF,0xDC,0xFF,0xBC,0xFF,0xBC,0xFF,0xBC,0xFF,
    0xDC,0xFF,0xDC,0xFF,0xBC,0xFF,0xBB,0xFF,0xDC,0xFF,0x9B,0xFF,0xDC,0xFF,0xBC,0xFF,
    0x9B,0xFF,0xDC,0xFF,0xBC,0xFF,0xDC,0xFF,0xFD,0xFF,0xBC,0xFF,0xDC,0xFF,0xDC,0xFF,
    0xBC,0xFF,0xBC,0xFF,0xFC,0xFF,0xBC,0xFF,0xBC,0xFF,0xBC,0xFF,0xBC,0xFF,0xBC,0xFF,
    0xDC,0xFF,0xDC,0xFF,0xBC,0xFF,0xBB,0xFF,0xBC,0xFF,0xBB,0xFF,0xBC,0xFF,0xDC,0xFF,
    0xFD,0xFF,0xDC,0xFF,0xBC,0xFF,0xDC,0xFF,0x9B,0xFF,0xBC,0xFF,0xDC,0xFF,0xDC,0xFF,
    0xBB,0xFF,0x9B,0xFF,0xDC,0xFF,0xBC,0xFF,0xBC,0xFF,0xDC,0xFF,0x9B,0xF7,0xAB,0x8B,
    0x8A,0x83,0x8A,0x83,0xAB,0x8B,0x7B,0xF7,0xDC,0xFF,0xBC,0xFF,0xDC,0xFF,0xBC,0xFF,
    0xDC,0xFF,0xBC,0xFF,0xBC,0xFF,0x9B,0xFF,0xBC,0xFF,0xDC,0xFF,0xFD,0xFF,0xBB,0xFF,
    0xBC,0xFF,0xDC,0xFF,0xDC,0xFF,0xBC,0xFF,0xDC,0xFF,0x9B,0xFF,0xBC,0xFF,0xDC,0xFF,
    0xBC,0xFF,0xAB,0x8B,0x8A,0x83,0x8A,0x83,0x8A,0x83,0xAB,0x8B,0x7B,0xF7,0xDC,0xFF,
    0xDC,0xFF,0xBC,0xFF,0xBB,0xFF,0xDC,0xFF,0xDC,0xFF,0xDC,0xFF,0xDC,0xFF,0xBC,0xFF,
    0xBC,0xFF,0xBC,0xFF,0xBC,0xFF,0xBC,0xFF,0xBC,0xFF,0xDC,0xFF,0xBB,0xFF,0xBC,0xFF,
    0xBC,0xFF,0xDC,0xFF,0xDC,0xFF,0xBC,0xFF,0xDC,0xFF,0xDC,0xFF,0xBC,0xFF,0xDC,0xFF,
    0xDC,0xFF,0xFC,0xFF,0xDC,0xFF,0xDC,0xFF,0xDC,0xFF,0xBC,0xFF,0xDC,0xFF,0xDC,0xFF,
    0xDC,0xFF,0x9B,0xFF,0x9B,0xF7,0x7B,0xF7,0xDC,0xFF,0xDC,0xFF,0xBC,0xFF,0xDC,0xFF,
    0xDC,0xFF,0xBC,0xFF,0xBC,0xFF,0xBB,0xFF,0xDC,0xFF,0xDC,0xFF,0xBC,0xFF,0x9B,0xFF,
    0xBC,0xFF,0xDC,0xFF,0xBC,0xFF,0xBC,0xFF,0xDC,0xFF,0xBB,0xFF,0xDC,0xFF,0xDC,0xFF,
    0xBC,0xFF,0xBC,0xFF,0xDC,0xFF,0xBC,0xFF,0xBC,0xFF,0xDC,0xFF,0xDC,0xFF,0x7B,0xF7,
    0x9B,0xF7,0x9B,0xFF,0xBB,0xFF,0xDC,0xFF,0xBC,0xFF,0xBB,0xFF,0x9B,0xFF,0x9B,0xFF,
    0x9B,0xFF,0xBB,0xFF,0xBC,0xFF,0x7B,0xF7,0xDC,0xFF,0xBC,0xFF,0xBC,0xFF,0xDC,0xFF,
    0xDC,0xFF,0xBC,0xFF,0xBC,0xFF,0xDC,0xFF,0xBB,0xFF,0xDC,0xFF,0xBC,0xFF,0xDC,0xFF,
    0xDC,0xFF,0xBC,0xFF,0x9B,0xFF,0x9B,0xF7,0xBC,0xFF,0x9B,0xF7,0xBC,0xFF,0xBB,0xFF,
    0xDC,0xFF,0xDC,0xFF,0xDC,0xFF,0xDC,0xFF,0xBC,0xFF,0xBC,0xFF,0xBC,0xFF,0xDC,0xFF,
    0xDC,0xFF,0xFC,0xFF,0xBC,0xFF,0xBC,0xFF,0xBC,0xFF,0xDC,0xFF,0xBB,0xFF,0xDC,0xFF,
    0xDC,0xFF,0xBC,0xFF,0xDC,0xFF,0x9B,0xFF,0xBC,0xFF,0x9B,0xFF,0xDC,0xFF,0xBC,0xFF,
    0xBC,0xFF,0xDC,0xFF,0xDC,0xFF,0xBC,0xFF,0xBC,0xFF,0xBB,0xFF,0xBC,0xFF,0xFD,0xFF,
    0x9B,0xF7,0xAB,0x8B,0x8A,0x83,0xAB,0x8B,0x9B,0xFF,0xBC,0xFF,0x9B,0xFF,0xBC,0xFF,
    0xDC,0xFF,0xBC,0xFF,0xDC,0xFF,0xBC,0xFF,0x9B,0xFF,0xDC,0xFF,0xDC,0xFF,0xBC,0xFF,
    0xBC,0xFF,0xDC,0xFF,0xBC,0xFF,0xDC,0xFF,0xBC,0xFF,0x9B,0xFF,0x9B,0xFF,0x9B,0xF7,
    0x7B,0xF7,0x9B,0xFF,0xBC,0xFF,0xDC,0xFF,0xDC,0xFF,0xDC,0xFF,0x9B,0xFF,0xBC,0xFF,
    0xDC,0xFF,0xBC,0xFF,0xBC,0xFF,0xBC,0xFF,0x9B,0xFF,0xAB,0x8B,0x8A,0x83,0x8A,0x83,
    0x8A,0x83,0x8A,0x83,0x8A,0x83,0xAB,0x8B,0x9B,0xFF,0xBB,0xFF,0xDC,0xFF,0xDC,0xFF,
    0xFC,0xFF,0xDC,0xFF,0xBC,0xFF,0xDC,0xFF,0xBC,0xFF,0xDC,0xFF,0xBC,0xFF,0xBC,0xFF,
    0xDC,0xFF,0xFC,0xFF,0xBC,0xFF,0xFD,0xFF,0xFD,0xFF,0xBB,0xFF,0xBC,0xFF,0xBC,0xFF,
    0xBC,0xFF,0xBC,0xFF,0xBC,0xFF,0xDC,0xFF,0xDC,0xFF,0xDC,0xFF,0xBC,0xFF,0xDC,0xFF,
    0xDC,0xFF,0xDC,0xFF,0xBC,0xFF,0xDC,0xFF,0xBB,0xFF,0xDC,0xFF,0xFC,0xFF,0xDC,0xFF,
    0xBB,0xFF,0xDC,0xFF,0xBC,0xFF,0x9B,0xF7,0xBC,0xFF,0xDC,0xFF,0xDC,0xFF,0xDC,0xFF,
    0xDC,0xFF,0xDC,0xFF,0x9B,0xFF,0xBC,0xFF,0xDC,0xFF,0xDC,0xFF,0xBC,0xFF,0xBC,0xFF,
    0xDC,0xFF,0x7B,0xF7,0x7A,0xF7,0x9B,0xFF,0xDC,0xFF,0xBC,0xFF,0x9B,0xFF,0xDC,0xFF,
    0xBB,0xFF,0xDC,0xFF,0xBC,0xFF,0xDC,0xFF,0xDC,0xFF,0xBC,0xFF,0xDC,0xFF,0xDC,0xFF,
    0xDC,0xFF,0xDC,0xFF,0xBC,0xFF,0xDC,0xFF,0xDC,0xFF,0x7B,0xF7,0xAB,0x8B,0x8A,0x83,
    0x8A,0x83,0xAB,0x8B,0xBB,0xFF,0xBC,0xFF,0xDC,0xFF,0xBB,0xFF,0xDC,0xFF,0xDC,0xFF,
    0xDC,0xFF,0xDC,0xFF,0xBC,0xFF,0xBC,0xFF,0xBC,0xFF,0x7B,0xF7,0x7B,0xF7,0xBB,0xFF,
    0x7B,0xF7,0xBC,0xFF,0x7B,0xF7,0x9B,0xFF,0xBB,0xFF,0xDC,0xFF,0xBC,0xFF,0xDC,0xFF,
    0xBC,0xFF,0xBC,0xFF,0xDC,0xFF,0xDC,0xFF,0xBC,0xFF,0xDC,0xFF,0xDC,0xFF,0xBC,0xFF,
    0xFD,0xFF,0x9B,0xFF,0xBC,0xFF,0x9B,0xFF,0xBC,0xFF,0xBC,0xFF,0xFD,0xFF,0xDC,0xFF,
    0xFC,0xFF,0xDC,0xFF,0xBC,0xFF,0xDC,0xFF,0xFC,0xFF,0xDC,0xFF,0xDC,0xFF,0xDC,0xFF,
    0xBB,0xFF,0xBC,0xFF,0xDC,0xFF,0xDC,0xFF,0xBC,0xFF,0xBC,0xFF,0xBC,0xFF,0xBC,0xFF,
    0xDC,0xFF,0xDC,0xFF,0xDC,0xFF,0xBB,0xFF,0xBC,0xFF,0xDC,0xFF,0x9B,0xFF,0xDC,0xFF,
    0xBC,0xFF,0xBC,0xFF,0xDC,0xFF,0xBC,0xFF,0xBC,0xFF,0xBC,0xFF,0xDC,0xFF,0xFD,0xFF,
    0x9B,0xFF,0xBC,0xFF,0xBC,0xFF,0xDC,0xFF,0xBC,0xFF,0x9B,0xFF,0xDC,0xFF,0xBC,0xFF,
    0xBC,0xFF,0xBB,0xFF,0xBC,0xFF,0xBC,0xFF,0xDC,0xFF,0xDC,0xFF,0xBC,0xFF,0xDC,0xFF,
    0xBC,0xFF,0xDC,0xFF,0xDC,0xFF,0xDC,0xFF,0xBC,0xFF,0xBC,0xFF,0x9B,0xFF,0x9B,0xFF,
    0x7B,0xF7,0xBC,0xFF,0xBC,0xFF,0xDC,0xFF,0xDC,0xFF,0xDC,0xFF,0x9B,0xFF,0xFD,0xFF,
    0xBC,0xFF,0xBB,0xFF,0xDC,0xFF,0xFD,0xFF,0xDC,0xFF,0xBB,0xFF,0xBC,0xFF,0xDC,0xFF,
    0xBB,0xFF,0xBC,0xFF,0xBC,0xFF,0xFD,0xFF,0xBC,0xFF,0xDC,0xFF,0xBC,0xFF,0xBC,0xFF,
    0xDC,0xFF,0xDC,0xFF,0x9B,0xFF,0x9B,0xFF,0x9B,0xFF,0x9B,0xF7,0xDC,0xFF,0xDC,0xFF,
    0xBC,0xFF,0xBC,0xFF,0xBC,0xFF,0xBC,0xFF,0xBB,0xFF,0xBC,0xFF,0xBB,0xFF,0xDC,0xFF,
    0xBC,0xFF,0xBC,0xFF,0xDC,0xFF,0xFC,0xFF,0xDC,0xFF,0xBB,0xFF,0xDC,0xFF,0xDC,0xFF,
    0xBC,0xFF,0xBC,0xFF,0xBC,0xFF,0xDC,0xFF,0xDC,0xFF,0xBC,0xFF,0xBC,0xFF,0xBC,0xFF,
    0xDC,0xFF,0xFC,0xFF,0xBC,0xFF,0xBC,0xFF,0xBC,0xFF,0xBC,0xFF,0xDC,0xFF,0xDC,0xFF,
    0xBB,0xFF,0xBC,0xFF,0xDC,0xFF,0xDC,0xFF,0xDC,0xFF,0xBC,0xFF,0xBC,0xFF,0xDC,0xFF,
    0xBC,0xFF,0xBC,0xFF,0xBC,0xFF,0xDC,0xFF,0xBC,0xFF,0xDC,0xFF,0xDC,0xFF,0xBC,0xFF,
    0xBC,0xFF,0xBC,0xFF,0xDC,0xFF,0xDC,0xFF,0xBB,0xFF,0xBB,0xFF,0xDC,0xFF,0xDC,0xFF,
    0xDC,0xFF,0xDC,0xFF,0xDC,0xFF,0xBB,0xFF,0xDC,0xFF,0xBC,0xFF,0xDC,0xFF,0xDC,0xFF,
    0x7B,0xF7,0x9B,0xFF,0x9B,0xFF,0xBC,0xFF,0xDC,0xFF,0xBC,0xFF,0xBC,0xFF,0xDC,0xFF,
    0xDC,0xFF,0xBC,0xFF,0xBB,0xFF,0xFD,0xFF,0xDC,0xFF,0xDC,0xFF,0xBC,0xFF,0xBC,0xFF,
    0xDC,0xFF,0xBC,0xFF,0xFC,0xFF,0xDC,0xFF,0xDC,0xFF,0xBC,0xFF,0xBC,0xFF,0xBC,0xFF,
    0xDC,0xFF,0xBC,0xFF,0x9B,0xFF,0xAB,0x8B,0x8A,0x83,0xAB,0x8B,0x9B,0xFF,0xBC,0xFF,
    0xBC,0xFF,0xDC,0xFF,0xBC,0xFF,0xDC,0xFF,0xBC,0xFF,0xDC,0xFF,0xDC,0xFF,0xBC,0xFF,
    0xBC,0xFF,0xDC,0xFF,0xDC,0xFF,0xDC,0xFF,0xDC,0xFF,0xBC,0xFF,0xBC,0xFF,0xDC,0xFF,
    0xBB,0xFF,0xBC,0xFF,0x9B,0xFF,0xBC,0xFF,0xBC,0xFF,0xBB,0xFF,0xDC,0xFF,0xBC,0xFF,
    0xBC,0xFF,0xBC,0xFF,0xBC,0xFF,0xDC,0xFF,0xBC,0xFF,0xDC,0xFF,0xBB,0xFF,0xBC,0xFF,
    0xBC,0xFF,0xBC,0xFF,0xBC,0xFF,0xDC,0xFF,0xDC,0xFF,0xBC,0xFF,0xBC,0xFF,0xBC,0xFF,
    0xFD,0xFF,0xFC,0xFF,0xDC,0xFF,0xDC,0xFF,0xBC,0xFF,0xBC,0xFF,0xDC,0xFF,0x9B,0xFF,
    0x7B,0xF7,0x7B,0xF7,0x9B,0xFF,0x9B,0xFF,0x7A,0xF7,0xDC,0xFF,0xDC,0xFF,0xBC,0xFF,
    0xDC,0xFF,0xBB,0xFF,0xDC,0xFF,0xBC,0xFF,0xBB,0xFF,0xBC,0xFF,0xFD,0xFF,0x9B,0xF7,
    0xAB,0x8B,0x8A,0x83,0xAB,0x8B,0xBC,0xFF,0xBB,0xFF,0x9B,0xFF,0xBC,0xFF,0xDC,0xFF,
    0xDC,0xFF,0xDC,0xFF,0xBB,0xFF,0xBC,0xFF,0xBC,0xFF,0xDC,0xFF,0xDC,0xFF,0xBC,0xFF,
    0xBC,0xFF,0xDC,0xFF,0xDC,0xFF,0xDC,0xFF,0x9B,0xFF,0xBC,0xFF,0x7B,0xF7,0x9B,0xF7,
    0x9B,0xF7,0xBC,0xFF,0xBC,0xFF,0x9B,0xF7,0x9B,0xFF,0x9B,0xF7,0xDC,0xFF,0xBC,0xFF,
    0xBC,0xFF,0xDC,0xFF,0xDC,0xFF,0xDC,0xFF,0xBC,0xFF,0xDC,0xFF,0xDC,0xFF,0xBC,0xFF,
    0xDC,0xFF,0xDC,0xFF,0xDC,0xFF,0xBC,0xFF,0x9B,0xFF,0xBC,0xFF,0xDC,0xFF,0xDC,0xFF,
    0xBC,0xFF,0xBC,0xFF,0xDC,0xFF,0xBC,0xFF,0xDC,0xFF,0xDC,0xFF,0xBB,0xFF,0xDC,0xFF,
    0xBC,0xFF,0xBC,0xFF,0x9B,0xFF,0x9B,0xFF,0xDC,0xFF,0xBC,0xFF,0xDC,0xFF,0xBC,0xFF,
    0xBC,0xFF,0xBC,0xFF,0x9B,0xFF,0x9B,0xFF,0xDC,0xFF,0xDC,0xFF,0xBC,0xFF,0xBC,0xFF,
    0xDC,0xFF,0xFC,0xFF,0xBC,0xFF,0xDC,0xFF,0xFD,0xFF,0xDC,0xFF,0xBC,0xFF,0xAB,0x8B,
    0x8A,0x83,0x8A,0x83,0x8A,0x83,0x8A,0x83,0xAB,0x8B,0xBC,0xFF,0xDC,0xFF,0xBC,0xFF,
    0xBC,0xFF,0xBC,0xFF,0xBC,0xFF,0xDC,0xFF,0xBC,0xFF,0xDC,0xFF,0xDC,0xFF,0xDC,0xFF,
    0xBC,0xFF,0xBC,0xFF,0x7B,0xF7,0xBC,0xFF,0xBB,0xFF,0xBB,0xFF,0xDC,0xFF,0xBC,0xFF,
    0xBC,0xFF,0xBC,0xFF,0xDC,0xFF,0xBC,0xFF,0xBC,0xFF,0xDC,0xFF,0xDC,0xFF,0xDC,0xFF,
    0xDC,0xFF,0xBC,0xFF,0x9B,0xFF,0xAB,0x8B,0x8A,0x83,0x8A,0x83,0x8A,0x83,0x8A,0x83,
    0xAB,0x8B,0xBB,0xFF,0xDC,0xFF,0xBC,0xFF,0xBC,0xFF,0xBC,0xFF,0xBC,0xFF,0xBC,0xFF,
    0xDC,0xFF,0xBB,0xFF,0xBC,0xFF,0xBC,0xFF,0x9B,0xFF,0xDC,0xFF,0xBB,0xFF,0x9B,0xFF,
    0xBC,0xFF,0xBC,0xFF,0xDC,0xFF,0xBC,0xFF,0xDC,0xFF,0xDC,0xFF,0xDC,0xFF,0xDC,0xFF,
    0xDC,0xFF,0xBC,0xFF,0xDC,0xFF,0xDC,0xFF,0xDC,0xFF,0xBC,0xFF,0x9B,0xFF,0xDC,0xFF,
    0xDC,0xFF,0xBB,0xFF,0xDC,0xFF,0xDC,0xFF,0xBC,0xFF,0xDC,0xFF,0xDC,0xFF,0xBB,0xFF,
    0xBC,0xFF,0xDC,0xFF,0xDC,0xFF,0xDC,0xFF,0x9B,0xFF,0xBC,0xFF,0xDC,0xFF,0xDC,0xFF,
    0xFC,0xFF,0xBC,0xFF,0xBC,0xFF,0xBC,0xFF,0xDC,0xFF,0xBB,0xFF,0xDC,0xFF,0xBB,0xFF,
    0x9B,0xFF,0x7A,0xF7,0x9B,0xF7,0x9B,0xFF,0x7B,0xF7,0xBC,0xFF,0xBC,0xFF,0xDC,0xFF,
    0xDC,0xFF,0xDC,0xFF,0xBC,0xFF,0xBC,0xFF,0xBC,0xFF,0xDC,0xFF,0xBC,0xFF,0xDC,0xFF,
    0x9B,0xFF,0xDC,0xFF,0xBC,0xFF,0xDC,0xFF,0xDC,0xFF,0xDC,0xFF,0xDC,0xFF,0xBC,0xFF,
    0xDC,0xFF,0xBC,0xFF,0xDC,0xFF,0x9B,0xFF,0xBC,0xFF,0xBC,0xFF,0xBC,0xFF,0xBC,0xFF,
    0x9B,0xFF,0xDC,0xFF,0xDC,0xFF,0xBC,0xFF,0x7B,0xF7,0x7B,0xF7,0x9B,0xFF,0x7B,0xF7,
    0x9B,0xFF,0xBC,0xFF,0xBC,0xFF,0xDC,0xFF,0xDC,0xFF,0xFC,0xFF,0xDC,0xFF,0xBB,0xFF,
    0xDC,0xFF,0xBB,0xFF,0x9B,0xFF,0x7B,0xF7,0x7B,0xF7,0xBC,0xFF,0x9B,0xF7,0xBC,0xFF,
    0xBC,0xFF,0xBC,0xFF,0xDC,0xFF,0xBB,0xFF,0xBB,0xFF,0xDC,0xFF,0x9B,0xFF,0xBC,0xFF,
    0xDC,0xFF,0xBC,0xFF,0xBC,0xFF,0xBC,0xFF,0xBC,0xFF,0xBC,0xFF,0xDC,0xFF,0xDC,0xFF,
    0xDC,0xFF,0xBC,0xFF,0xBC,0xFF,0xDC,0xFF,0x9B,0xFF,0xBC,0xFF,0xBC,0xFF,0xBC,0xFF,
    0xBC,0xFF,0xDC,0xFF,0x9B,0xFF,0xBC,0xFF,0xBC,0xFF,0xDC,0xFF,0xBB,0xFF,0xDC,0xFF,
    0x9B,0xFF,0x9B,0xFF,0x9B,0xF7,0xBC,0xFF,0xBC,0xFF,0xDC,0xFF,0xDC,0xFF,0xBC,0xFF,
    0xDC,0xFF,0xBC,0xFF,0xDC,0xFF,0xBC,0xFF,0xBC,0xFF,0xDC,0xFF,0x9B,0xFF,0xDC,0xFF,
    0xBC,0xFF,0xDC,0xFF,0xDC,0xFF,0xDC,0xFF,0xBC,0xFF,0xBC,0xFF,0xBC,0xFF,0xBB,0xFF,
    0xBB,0xFF,0xBC,0xFF,0xDC,0xFF,0x9B,0xFF,0xBC,0xFF,0xDC,0xFF,0xDC,0xFF,0xBC,0xFF,
    0xDC,0xFF,0xBB,0xFF,0xDC,0xFF,0xDC,0xFF,0x9B,0xFF,0xDC,0xFF,0xDC,0xFF,0xDC,0xFF,
    0xBC,0xFF,0x9B,0xF7,0x7B,0xF7,0x9B,0xFF,0x9B,0xFF,0x9B,0xF7,0x7B,0xF7,0x9B,0xF7,
    0xBC,0xFF,0xBC,0xFF,0xBC,0xFF,0xBC,0xFF,0xBB,0xFF,0x9B,0xF7,0xDC,0xFF,0xDC,0xFF,
    0xBB,0xFF,0x9B,0xF7,0xAB,0x8B,0x8A,0x83,0x8A,0x83,0x8A,0x83,0xAB,0x8B,0x9B,0xFF,
    0xDC,0xFF,0xBC,0xFF,0xDC,0xFF,0xDC,0xFF,0xDC,0xFF,0xBC,0xFF,0xDC,0xFF,0x7B,0xF7,
    0x9B,0xFF,0x5A,0xF7,0x7B,0xF7,0x9B,0xFF,0x9B,0xF7,0x9B,0xFF,0x9B,0xFF,0xDC,0xFF,
    0xDC,0xFF,0xBC,0xFF,0xDC,0xFF,0xDC,0xFF,0xDC,0xFF,0xDC,0xFF,0x9B,0xFF,0xBC,0xFF,
    0xDC,0xFF,0xDC,0xFF,0xBC,0xFF,0xDC,0xFF,0xDC,0xFF,0xDC,0xFF,0x9B,0xFF,0x7B,0xF7,
    0xAB,0x8B,0x8A,0x83,0xAB,0x8B,0xBC,0xFF,0xBC,0xFF,0xDC,0xFF,0xBC,0xFF,0xBC,0xFF,
    0xBC,0xFF,0xBB,0xFF,0x9B,0xFF,0xDC,0xFF,0xBC,0xFF,0xDC,0xFF,0xDC,0xFF,0xDC,0xFF,
    0xDC,0xFF,0xDC,0xFF,0xBB,0xFF,0xDC,0xFF,0xBC,0xFF,0xDC,0xFF,0xFD,0xFF,0xBC,0xFF,
    0xDC,0xFF,0xBC,0xFF,0xDC,0xFF,0xBC,0xFF,0xDC,0xFF,0xBC,0xFF,0xBC,0xFF,0xDC,0xFF,
    0x9B,0xFF,0xBC,0xFF,0xDC,0xFF,0xBC,0xFF,0xBC,0xFF,0xBB,0xFF,0xDC,0xFF,0xBC,0xFF,
    0x9B,0xFF,0xAB,0x8B,0x8A,0x83,0x8A,0x83,0x8A,0x83,0x8A,0x83,0x8A,0x83,0xAB,0x8B,
    0x7B,0xF7,0xDC,0xFF,0xBC,0xFF,0xBC,0xFF,0x9B,0xFF,0xDC,0xFF,0xBC,0xFF,0xDC,0xFF,
    0xBC,0xFF,0xBB,0xFF,0x9B,0xFF,0x7B,0xF7,0x9B,0xFF,0x7B,0xF7,0x9B,0xFF,0xBC,0xFF,
    0xBC,0xFF,0xBC,0xFF,0xBC,0xFF,0xBC,0xFF,0xBC,0xFF,0xDC,0xFF,0x9B,0xFF,0xAB,0x8B,
    0x8A,0x83,0x8A,0x83,0x8A,0x83,0x8A,0x83,0x8A,0x83,0xAB,0x8B,0x7B,0xF7,0xDC,0xFF,
    0xDC,0xFF,0xDC,0xFF,0xDC,0xFF,0xDC,0xFF,0xBC,0xFF,0xDC,0xFF,0xBC,0xFF,0xDC,0xFF,
    0xBC,0xFF,0xBC,0xFF,0xDC,0xFF,0xBC,0xFF,0x9B,0xFF,0xDC,0xFF,0x9B,0xFF,0xFC,0xFF,
    0x9B,0xFF,0x9B,0xFF,0x9B,0xF7,0xBB,0xFF,0xBC,0xFF,0xBC,0xFF,0xBC,0xFF,0xDC,0xFF,
    0xDC,0xFF,0xDC,0xFF,0xBC,0xFF,0x9B,0xFF,0xBC,0xFF,0xBC,0xFF,0xDC,0xFF,0xDC,0xFF,
    0xDC,0xFF,0xDC,0xFF,0xDC,0xFF,0xDC,0xFF,0xBC,0xFF,0xDC,0xFF,0x9B,0xFF,0x9B,0xFF,
    0x9B,0xF7,0x7B,0xF7,0xBC,0xFF,0xBC,0xFF,0xDC,0xFF,0xBC,0xFF,0xDC,0xFF,0xDC,0xFF,
    0xBB,0xFF,0xDC,0xFF,0xBC,0xFF,0xDC,0xFF,0xDC,0xFF,0xBC,0xFF,0xDC,0xFF,0xBC,0xFF,
    0xDC,0xFF,0x9B,0xFF,0x9B,0xFF,0x9B,0xFF,0x7B,0xF7,0x9B,0xFF,0x7B,0xF7,0x9B,0xFF,
    0xDC,0xFF,0xDC,0xFF,0xBC,0xFF,0xFD,0xFF,0xBC,0xFF,0xDC,0xFF,0xBC,0xFF,0xDC,0xFF,
    0xBC,0xFF,0xDC,0xFF,0xBC,0xFF,0xDC,0xFF,0xBC,0xFF,0xDC,0xFF,0xBC,0xFF,0xBC,0xFF,
    0xDC,0xFF,0xBB,0xFF,0xBC,0xFF,0xDC,0xFF,0x9B,0xFF,0xDC,0xFF,0xBC,0xFF,0x7B,0xF7,
    0x9B,0xFF,0x9B,0xFF,0x9B,0xF7,0x9B,0xFF,0x9B,0xFF,0x9B,0xFF,0xBC,0xFF,0xBC,0xFF,
    0xBC,0xFF,0xBC,0xFF,0xDC,0xFF,0xDC,0xFF,0xDC,0xFF,0xDC,0xFF,0xBC,0xFF,0xBC,0xFF,
    0xBC,0xFF,0xFC,0xFF,0x9B,0xFF,0xDC,0xFF,0xDC,0xFF,0xDC,0xFF,0xFD,0xFF,0xDC,0xFF,
    0xDC,0xFF,0xBC,0xFF,0xDC,0xFF,0xBC,0xFF,0xDC,0xFF,0xDC,0xFF,0xBC,0xFF,0xDC,0xFF,
    0xDC,0xFF,0xDC,0xFF,0xDC,0xFF,0x9B,0xFF,0xDC,0xFF,0xDC,0xFF,0xBC,0xFF,0xBC,0xFF,
    0xDC,0xFF,0xBC,0xFF,0xDC,0xFF,0xBC,0xFF,0xBC,0xFF,0x9B,0xFF,0xAB,0x8B,0x8A,0x83,
    0x8A,0x83,0xAB,0x8B,0xBB,0xFF,0xBC,0xFF,0xDC,0xFF,0xDC,0xFF,0xBC,0xFF,0x9B,0xF7,
    0x7B,0xF7,0x9B,0xF7,0x9B,0xF7,0xDC,0xFF,0xDC,0xFF,0xBB,0xFF,0xDC,0xFF,0xDC,0xFF,
    0xBC,0xFF,0xDC,0xFF,0xDC,0xFF,0xBC,0xFF,0xBC,0xFF,0xDC,0xFF,0xBC,0xFF,0xDC,0xFF,
    0xBC,0xFF,0xBC,0xFF,0xBC,0xFF,0xDC,0xFF,0xDC,0xFF,0xDC,0xFF,0xBC,0xFF,0xDC,0xFF,
    0xDC,0xFF,0xDC,0xFF,0xDC,0xFF,0xBC,0xFF,0xBC,0xFF,0xBC,0xFF,0xBC,0xFF,0xFC,0xFF,
    0xDC,0xFF,0x9B,0xFF,0xDC,0xFF,0xBC,0xFF,0xDC,0xFF,0xDC,0xFF,0xBC,0xFF,0xDC,0xFF,
    0xDC,0xFF,0xDC,0xFF,0xBC,0xFF,0xBC,0xFF,0xDC,0xFF,0xBC,0xFF,0xBC,0xFF,0xBC,0xFF,
    0xBC,0xFF,0xDC,0xFF,0xBB,0xFF,0xBC,0xFF,0xBC,0xFF,0xDC,0xFF,0xBC,0xFF,0xDC,0xFF,
    0xDC,0xFF,0xBB,0xFF,0xDC,0xFF,0xBC,0xFF,0xBC,0xFF,0xBC,0xFF,0xDC,0xFF,0xDC,0xFF,
    0xFC,0xFF,0xDC,0xFF,0xBC,0xFF,0xBC,0xFF,0xDC,0xFF,0xDC,0xFF,0xDC,0xFF,0xBC,0xFF,
    0xDC,0xFF,0xDC,0xFF,0xDC,0xFF,0xBC,0xFF,0x9B,0xFF,0xBC,0xFF,0xDC,0xFF,0xDC,0xFF,
    0x9B,0xFF,0xDC,0xFF,0x9B,0xFF,0xFC,0xFF,0xDC,0xFF,0xBC,0xFF,0x9B,0xFF,0x9B,0xF7,
    0x9B,0xFF,0x9B,0xFF,0xBC,0xFF,0xDC,0xFF,0xBB,0xFF,0xDC,0xFF,0x9B,0xFF,0xAB,0x8B,
    0x8A,0x83,0x8A,0x83,0xAB,0x8B,0x7B,0xF7,0xDC,0xFF,0xDC,0xFF,0xBC,0xFF,0xBC,0xFF,
    0xBC,0xFF,0xDC,0xFF,0xDC,0xFF,0x9B,0xFF,0xFD,0xFF,0xDC,0xFF,0xBC,0xFF,0xBC,0xFF,
    0xBC,0xFF,0x9B,0xFF,0x9B,0xFF,0x9B,0xFF,0x9B,0xF7,0x9B,0xF7,0xDC,0xFF,0xBC,0xFF,
    0xFD,0xFF,0xBC,0xFF,0xDC,0xFF,0xDC,0xFF,0xBC,0xFF,0xDC,0xFF,0xDC,0xFF,0xBC,0xFF,
    0xBC,0xFF,0xDC,0xFF,0xBC,0xFF,0xDC,0xFF,0xDC,0xFF,0xBC,0xFF,0xDC,0xFF,0xFC,0xFF,
    0xDC,0xFF,0xDC,0xFF,0xFC,0xFF,0xDC,0xFF,0xBC,0xFF,0xBC,0xFF,0xBC,0xFF,0xBC,0xFF,
    0xBB,0xFF,0xDC,0xFF,0xDC,0xFF,0xDC,0xFF,0xDC,0xFF,0xBC,0xFF,0xBC,0xFF,0xDC,0xFF,
    0xBC,0xFF,0xBC,0xFF,0xDC,0xFF,0xBC,0xFF,0xDC,0xFF,0xBC,0xFF,0xDC,0xFF,0xBB,0xFF,
    0xBC,0xFF,0xBC,0xFF,0xDC,0xFF,0xDC,0xFF,0xDC,0xFF,0xFC,0xFF,0xDC,0xFF,0xDC,0xFF,
    0xBC,0xFF,0xBB,0xFF,0xBC,0xFF,0xBC,0xFF,0xBC,0xFF,0xBC,0xFF,0x9B,0xFF,0xDC,0xFF,
    0xBC,0xFF,0xBC,0xFF,0xDC,0xFF,0xBB,0xFF,0xDC,0xFF,0xDC,0xFF,0xBC,0xFF,0xBC,0xFF,
    0xBC,0xFF,0x9B,0xFF,0xDC,0xFF,0xDC,0xFF,0xBC,0xFF,0xBC,0xFF,0xDC,0xFF,0xBC,0xFF,
    0x7B,0xF7,0x9B,0xF7,0x7B,0xF7,0xDC,0xFF,0xDC,0xFF,0xFD,0xFF,0xBC,0xFF,0xBC,0xFF,
    0xBC,0xFF,0xDC,0xFF,0x9B,0xFF,0xDC,0xFF,0xDC,0xFF,0xBC,0xFF,0xBC,0xFF,0xDC,0xFF,
    0xBC,0xFF,0xAB,0x8B,0x8A,0x83,0x8A,0x83,0x8A,0x83,0xAB,0x8B,0x7B,0xF7,0xBC,0xFF,
    0xBC,0xFF,0xBC,0xFF,0xBC,0xFF,0xBB,0xFF,0xBB,0xFF,0xBC,0xFF,0xDC,0xFF,0xBC,0xFF,
    0xBC,0xFF,0xDC,0xFF,0xDC,0xFF,0xBC,0xFF,0xBC,0xFF,0xDC,0xFF,0xDC,0xFF,0xBC,0xFF,
    0xDC,0xFF,0xBC,0xFF,0xDC,0xFF,0xBC,0xFF,0xDC,0xFF,0xDC,0xFF,0xBC,0xFF,0xDC,0xFF,
    0xDC,0xFF,0xBB,0xFF,0xFC,0xFF,0xBC,0xFF,0xBC,0xFF,0xBC,0xFF,0xDC,0xFF,0xDC,0xFF,
    0xBC,0xFF,0xDC,0xFF,0xDC,0xFF,0xDC,0xFF,0xFD,0xFF,0xDC,0xFF,0x9B,0xFF,0xBC,0xFF,
    0xBC,0xFF,0xDC,0xFF,0xDC,0xFF,0xBB,0xFF,0xBC,0xFF,0xBC,0xFF,0xBC,0xFF,0x9B,0xFF,
    0xDC,0xFF,0xDC,0xFF,0xBC,0xFF,0xDC,0xFF,0xBC,0xFF,0xBC,0xFF,0xDC,0xFF,0xDC,0xFF,
    0xDC,0xFF,0xBC,0xFF,0xBC,0xFF,0xDC,0xFF,0xDC,0xFF,0xBC,0xFF,0x9B,0xFF,0xBC,0xFF,
    0x9B,0xFF,0xDC,0xFF,0xDC,0xFF,0xBC,0xFF,0xBC,0xFF,0xFD,0xFF,0xDC,0xFF,0xBB,0xFF,
    0xBC,0xFF,0xBB,0xFF,0x9B,0xFF,0xDC,0xFF,0xFD,0xFF,0xDC,0xFF,0xDC,0xFF,0xBC,0xFF,
    0xDC,0xFF,0xDC,0xFF,0xBB,0xFF,0x9B,0xFF,0xFC,0xFF,0xDC,0xFF,0xFC,0xFF,0xDC,0xFF,
    0xDC,0xFF,0x9B,0xF7,0x9B,0xFF,0xBC,0xFF,0xBB,0xFF,0x5A,0xF7,0xBB,0xFF,0x9B,0xF7,
    0x7B,0xF7,0x9B,0xFF,0xDC,0xFF,0xDC,0xFF,0xBB,0xFF,0xDC,0xFF,0xDC,0xFF,0xBC,0xFF,
    0x9B,0xFF,0xDC,0xFF,0xDC,0xFF,0xDC,0xFF,0x9B,0xFF,0xBB,0xFF,0xDC,0xFF,0xDC,0xFF,
    0xDC,0xFF,0xBC,0xFF,0xDC,0xFF,0xBC,0xFF,0xBC,0xFF,0xBC,0xFF,0xDC,0xFF,0xBC,0xFF,
    0xDC,0xFF,0xDC,0xFF,0xBC,0xFF,0xFC,0xFF,0xBC,0xFF,0xDC,0xFF,0xDC,0xFF,0xDC,0xFF,
    0x9B,0xFF,0xDC,0xFF,0xDC,0xFF,0xDC,0xFF,0x9B,0xFF,0xBC,0xFF,0xBC,0xFF,0xBC,0xFF,
    0xDC,0xFF,0xBC,0xFF,0xDC,0xFF,0xDC,0xFF,0xBB,0xFF,0xBC,0xFF,0xBC,0xFF,0xDC,0xFF,
    0xDC,0xFF,0xBC,0xFF,0xDC,0xFF,0x9B,0xFF,0x9B,0xF7,0xBC,0xFF,0xDC,0xFF,0xBC,0xFF,
    0xBC,0xFF,0xDC,0xFF,0xFD,0xFF,0xBC,0xFF,0xBC,0xFF,0xBC,0xFF,0xFD,0xFF,0xBC,0xFF,
    0xDC,0xFF,0xDC,0xFF,0xDC,0xFF,0xBC,0xFF,0xDC,0xFF,0xDC,0xFF,0xDC,0xFF,0xDC,0xFF,
    0xBC,0xFF,0xBC,0xFF,0xBC,0xFF,0xDC,0xFF,0xBC,0xFF,0xDC,0xFF,0xBC,0xFF,0xBC,0xFF,
    0xBC,0xFF,0xBC,0xFF,0xDC,0xFF,0xBC,0xFF,0xBC,0xFF,0x9B,0xFF,0xDC,0xFF,0xBC,0xFF,
    0xBC,0xFF,0xBC,0xFF,0xDC,0xFF,0xBC,0xFF,0x9B,0xFF,0xAB,0x8B,0x8A,0x83,0x8A,0x83,
    0x8A,0x83,0xAB,0x8B,0xBC,0xFF,0xDC,0xFF,0xDC,0xFF,0xDC,0xFF,0xDC,0xFF,0xBC,0xFF,
    0xDC,0xFF,0xDC,0xFF,0xBC,0xFF,0xDC,0xFF,0xDC,0xFF,0xDC,0xFF,0xDC,0xFF,0xDC,0xFF,
    0xDC,0xFF,0xDC,0xFF,0xBB,0xFF,0xDC,0xFF,0xDC,0xFF,0xBC,0xFF,0xDC,0xFF,0xBB,0xFF,
    0xDC,0xFF,0xFC,0xFF,0xBC,0xFF,0xDC,0xFF,0xDC,0xFF,0xDC,0xFF,0xBB,0xFF,0xDC,0xFF,
    0xDC,0xFF,0xDC,0xFF,0xDC,0xFF,0xDC,0xFF,0xDC,0xFF,0xDC,0xFF,0xDC,0xFF,0xDC,0xFF,
    0xDC,0xFF,0xDC,0xFF,0xDC,0xFF,0xBC,0xFF,0xDC,0xFF,0xDC,0xFF,0xBC,0xFF,0xDC,0xFF,
    0xDC,0xFF,0xBC,0xFF,0xDC,0xFF,0xDC,0xFF,0xBC,0xFF,0x9B,0xFF,0xDC,0xFF,0xBC,0xFF,
    0xFC,0xFF,0xBC,0xFF,0xDC,0xFF,0xBC,0xFF,0xDC,0xFF,0xBC,0xFF,0xBC,0xFF,0xBC,0xFF,
    0xBC,0xFF,0xDC,0xFF,0xBC,0xFF,0xBC,0xFF,0xBC,0xFF,0xBB,0xFF,0xFC,0xFF,0x9B,0xFF,
    0xDC,0xFF,0xBB,0xFF,0xDC,0xFF,0xFD,0xFF,0x9B,0xFF,0xBB,0xFF,0xDC,0xFF,0xDC,0xFF,
    0xBC,0xFF,0xDC,0xFF,0xBC,0xFF,0xDC,0xFF,0xDC,0xFF,0xBC,0xFF,0xDC,0xFF,0xDC,0xFF,
    0xFD,0xFF,0xBC,0xFF,0xDC,0xFF,0xBC,0xFF,0xBC,0xFF,0x9B,0xFF,0x9B,0xF7,0x7B,0xF7,
    0x7B,0xF7,0x9B,0xF7,0xDC,0xFF,0xDC,0xFF,0xBC,0xFF,0xBC,0xFF,0xDC,0xFF,0xDC,0xFF,
    0xBC,0xFF,0xBC,0xFF,0xFC,0xFF,0xBC,0xFF,0xBC,0xFF,0x9B,0xFF,0xDC,0xFF,0xBC,0xFF,
    0xFC,0xFF,0xBC,0xFF,0xDC,0xFF,0xDC,0xFF,0xFC,0xFF,0xBB,0xFF,0xFC,0xFF,0xDC,0xFF,
    0xBC,0xFF,0xBC,0xFF,0xBC,0xFF,0xBC,0xFF,0x9B,0xFF,0xDC,0xFF,0xDC,0xFF,0xBC,0xFF,
    0xBC,0xFF,0xFD,0xFF,0xDC,0xFF,0xBC,0xFF,0xFC,0xFF,0xBC,0xFF,0xBC,0xFF,0xBC,0xFF,
    0xBC,0xFF,0xDC,0xFF,0xDC,0xFF,0xBC,0xFF,0xBC,0xFF,0xDC,0xFF,0xBC,0xFF,0xBC,0xFF,
    0xBC,0xFF,0xBC,0xFF,0xDC,0xFF,0xBC,0xFF,0xDC,0xFF,0xBC,0xFF,0xBC,0xFF,0xBC,0xFF,
    0xBC,0xFF,0xBC,0xFF,0xDC,0xFF,0xBC,0xFF,0xBC,0xFF,0xDC,0xFF,0xDC,0xFF,0xDC,0xFF,
    0xDC,0xFF,0xDC,0xFF,0xBC,0xFF,0xDC,0xFF,0xFD,0xFF,0xDC,0xFF,0xDC,0xFF,0xBC,0xFF,
    0xDC,0xFF,0xFD,0xFF,0xDC,0xFF,0xDC,0xFF,0xDC,0xFF,0xDC,0xFF,0xFC,0xFF,0xDC,0xFF,
    0xDC,0xFF,0xBC,0xFF,0xFD,0xFF,0xDC,0xFF,0xDC,0xFF,0xDC,0xFF,0xBC,0xFF,0xDC,0xFF,
    0xBC,0xFF,0xDC,0xFF,0xBC,0xFF,0xDC,0xFF,0xBC,0xFF,0xBC,0xFF,0xBC,0xFF,0xBC,0xFF,
    0xBC,0xFF,0xDC,0xFF,0xDC,0xFF,0xDC,0xFF,0xBC,0xFF,0xDC,0xFF,0xBB,0xFF,0xDC,0xFF,
    0xDC,0xFF,0xBC,0xFF,0xBC,0xFF,0xBC,0xFF,0xFD,0xFF,0xBC,0xFF,0xBC,0xFF,0xDC,0xFF,
    0xDC,0xFF,0xDC,0xFF,0xBB,0xFF,0xBC,0xFF,0xFD,0xFF,0xBC,0xFF,0xBC,0xFF,0xDC,0xFF,
    0xDC,0xFF,0xBC,0xFF,0xDC,0xFF,0xBC,0xFF,0xDC,0xFF,0xDC,0xFF,0xBC,0xFF,0xBC,0xFF,
    0x9B,0xFF,0xDC,0xFF,0xBB,0xFF,0xBC,0xFF,0xFC,0xFF,0xBC,0xFF,0xDC,0xFF,0xBC,0xFF,
    0xDC,0xFF,0xDC,0xFF,0xBC,0xFF,0xDC,0xFF,0xBC,0xFF,0xBB,0xFF,0xBC,0xFF,0xDC,0xFF,
    0xBC,0xFF,0xDC,0xFF,0xDC,0xFF,0xFD,0xFF,0xBC,0xFF,0xDC,0xFF,0x9B,0xFF,0xBC,0xFF,
    0xDC,0xFF,0xDC,0xFF,0xBC,0xFF,0xBC,0xFF,0xBC,0xFF,0xBC,0xFF,0xDC,0xFF,0xDC,0xFF,
    0xDC,0xFF,0xDC,0xFF,0xDC,0xFF,0x9B,0xFF,0xBC,0xFF,0xBC,0xFF,0xBC,0xFF,0xDC,0xFF,
    0xDC,0xFF,0xBC,0xFF,0xDC,0xFF,0xDC,0xFF,0xBC,0xFF,0xBC,0xFF,0xDC,0xFF,0xDC,0xFF,
    0xDC,0xFF,0xDC,0xFF,0xDC,0xFF,0xBC,0xFF,0xBC,0xFF,0xDC,0xFF,0x9B,0xFF,0xDC,0xFF,
    0xDC,0xFF,0xDC,0xFF,0xBC,0xFF,0xDC,0xFF,0xBC,0xFF,0xDC,0xFF,0xFD,0xFF,0xDC,0xFF,
    0xDC,0xFF,0xDC,0xFF,0xDC,0xFF,0xDC,0xFF,0xDC,0xFF,0xDC,0xFF,0xBB,0xFF,0xBC,0xFF,
    0xDC,0xFF,0xBC,0xFF,0xBC,0xFF,0xBC,0xFF,0xDC,0xFF,0xDC,0xFF,0xDC,0xFF,0xDC,0xFF,
    0xBC,0xFF,0xDC,0xFF,0xDC,0xFF,0xDC,0xFF,0x9B,0xFF,0xDC,0xFF,0x9B,0xFF,0xDC,0xFF,
    0xDC,0xFF,0xDC,0xFF,0xDC,0xFF,0xDC,0xFF,0xBC,0xFF,0xDC,0xFF,0xDC,0xFF,0xBC,0xFF,
    0xDC,0xFF,0xBC,0xFF,0xDC,0xFF,0xBC,0xFF,0xBC,0xFF,0xBC,0xFF,0xBC,0xFF,0xBC,0xFF,
    0xDC,0xFF,0xDC,0xFF,0xDC,0xFF,0xDC,0xFF,0xBC,0xFF,0xDC,0xFF,0xDC,0xFF,0xFD,0xFF,
    0xBB,0xFF,0xBB,0xFF,0xDC,0xFF,0xBC,0xFF,0xBC,0xFF,0xDC,0xFF,0xBC,0xFF,0x9B,0xFF,
    0xDC,0xFF,0xDC,0xFF,0xDC,0xFF,0xDC,0xFF,0xDC,0xFF,0xBC,0xFF,0xBC,0xFF,0x9B,0xFF,
    0xBC,0xFF,0xBB,0xFF,0x9B,0xFF,0xBC,0xFF,0x9B,0xFF,0x7B,0xF7,0xBB,0xFF,0xDC,0xFF,
    0xBC,0xFF,0xBB,0xFF,0xDC,0xFF,0xDC,0xFF,0xBC,0xFF,0xBC,0xFF,0xBC,0xFF,0xBC,0xFF,
    0xBB,0xFF,0xDC,0xFF,0xBC,0xFF,0xBC,0xFF,0x9B,0xFF,0xFC,0xFF,0xBC,0xFF,0xBC,0xFF,
    0xBC,0xFF,0xDC,0xFF,0xBB,0xFF,0xDC,0xFF,0xBC,0xFF,0xDC,0xFF,0xBC,0xFF,0xBC,0xFF,
    0xBC,0xFF,0xFD,0xFF,0xBB,0xFF,0xDC,0xFF,0xBC,0xFF,0xDC,0xFF,0xDC,0xFF,0xDC,0xFF,
    0xDC,0xFF,0xDC,0xFF,0xBC,0xFF,0xBC,0xFF,0x9B,0xFF,0xBC,0xFF,0xBC,0xFF,0xBC,0xFF,
    0x9B,0xFF,0x9B,0xFF,0x9B,0xFF,0xBB,0xFF,0x7A,0xF7,0x9B,0xFF,0xBC,0xFF,0xBC,0xFF,
    0xBB,0xFF,0x9B,0xFF,0xBB,0xFF,0xBB,0xFF,0xBC,0xFF,0xDC,0xFF,0xDC,0xFF,0xFC,0xFF,
    0xDC,0xFF,0xDC,0xFF,0xDC,0xFF,0xDC,0xFF,0xDC,0xFF,0xBC,0xFF,0xDC,0xFF,0xBC,0xFF,
    0xBC,0xFF,0xDC,0xFF,0xBC,0xFF,0xBC,0xFF,0x9B,0xFF,0xDC,0xFF,0xBC,0xFF,0xBC,0xFF,
    0xDC,0xFF,0xDC,0xFF,0xBC,0xFF,0xFC,0xFF,0xBC,0xFF,0xDC,0xFF,0xFC,0xFF,0xBC,0xFF,
    0xDC,0xFF,0xBC,0xFF,0xDC,0xFF,0xBC,0xFF,0xBC,0xFF,0xDC,0xFF,0xDC,0xFF,0xBC,0xFF,
    0xBB,0xFF,0xAB,0x8B,0x8A,0x83,0x8A,0x83,0x8A,0x83,0x8A,0x83,0xAB,0x8B,0x9B,0xFF,
    0xDC,0xFF,0xDC,0xFF,0xDC,0xFF,0xBB,0xFF,0xBC,0xFF,0xDC,0xFF,0xDC,0xFF,0xBC,0xFF,
    0xBC,0xFF,0xBC,0xFF,0xDC,0xFF,0x9B,0xFF,0xDC,0xFF,0xBC,0xFF,0xDC,0xFF,0x9B,0xFF,
    0xDC,0xFF,0xDC,0xFF,0x9B,0xFF,0xDC,0xFF,0xDC,0xFF,0xBC,0xFF,0xBB,0xFF,0xDC,0xFF,
    0xDC,0xFF,0xDC,0xFF,0xBC,0xFF,0xBC,0xFF,0xDC,0xFF,0xBC,0xFF,0xDC,0xFF,0x9B,0xFF,
    0xBC,0xFF,0xBB,0xFF,0xDC,0xFF,0x9B,0xFF,0xBC,0xFF,0xDC,0xFF,0xDC,0xFF,0xBC,0xFF,
    0xAB,0x8B,0x8A,0x83,0x8A,0x83,0x8A,0x83,0x8A,0x83,0xAB,0x8B,0x9B,0xFF,0xBB,0xFF,
    0x7B,0xF7,0xAB,0x8B,0x8A,0x83,0xAB,0x8B,0x9B,0xFF,0xBC,0xFF,0xDC,0xFF,0xBC,0xFF,
    0xBC,0xFF,0x9B,0xFF,0xDC,0xFF,0xDC,0xFF,0xDC,0xFF,0xDC,0xFF,0xDC,0xFF,0xFD,0xFF,
    0xDC,0xFF,0xBB,0xFF,0xBC,0xFF,0xDC,0xFF,0xDC,0xFF,0xDC,0xFF,0xDC,0xFF,0xDC,0xFF,
    0xBB,0xFF,0xBC,0xFF,0x9B,0xFF,0xBC,0xFF,0xBB,0xFF,0xDC,0xFF,0xBC,0xFF,0x9B,0xFF,
    0xDC,0xFF,0xDC,0xFF,0xBB,0xFF,0xDC,0xFF,0xDC,0xFF,0xBC,0xFF,0xDC,0xFF,0xDC,0xFF,
    0xDC,0xFF,0x9B,0xFF,0x9B,0xFF,0x9B,0xFF,0x9B,0xFF,0x9B,0xFF,0x9B,0xF7,0xBC,0xFF,
    0xBC,0xFF,0xBC,0xFF,0xDC,0xFF,0xDC,0xFF,0xBC,0xFF,0xBC,0xFF,0xDC,0xFF,0xDC,0xFF,
    0xDC,0xFF,0xBC,0xFF,0xDC,0xFF,0xBC,0xFF,0xBC,0xFF,0xBC,0xFF,0xBC,0xFF,0xBB,0xFF,
    0x9B,0xFF,0xDC,0xFF,0xDC,0xFF,0xBC,0xFF,0xDC,0xFF,0xBC,0xFF,0xDC,0xFF,0xBC,0xFF,
    0xBC,0xFF,0xBC,0xFF,0x9B,0xFF,0xDC,0xFF,0xBC,0xFF,0x9B,0xFF,0xDC,0xFF,0xBC,0xFF,
    0xDC,0xFF,0xDC,0xFF,0xBC,0xFF,0xBC,0xFF,0xBC,0xFF,0xBC,0xFF,0xFD,0xFF,0xFC,0xFF,
    0x9B,0xF7,0x9B,0xF7,0x9B,0xFF,0x9B,0xFF,0x9B,0xF7,0x7B,0xF7,0xFC,0xFF,0xDC,0xFF,
    0xBB,0xFF,0x7B,0xF7,0x7B,0xF7,0x9B,0xFF,0xDC,0xFF,0xBC,0xFF,0x9B,0xFF,0xDC,0xFF,
    0xDC,0xFF,0xBC,0xFF,0xBC,0xFF,0xDC,0xFF,0xBC,0xFF,0xBC,0xFF,0xDC,0xFF,0xBB,0xFF,
    0xDC,0xFF,0xDC,0xFF,0xBC,0xFF,0xDC,0xFF,0xDC,0xFF,0x9B,0xFF,0xBC,0xFF,0xFC,0xFF,
    0x9B,0xFF,0xBC,0xFF,0xBB,0xFF,0xBC,0xFF,0x9B,0xFF,0x9B,0xFF,0xBC,0xFF,0xDC,0xFF,
    0xDC,0xFF,0xDC,0xFF,0xDC,0xFF,0xDC,0xFF,0xDC,0xFF,0xBC,0xFF,0xBC,0xFF,0xFD,0xFF,
    0xFD,0xFF,0xDC,0xFF,0xDC,0xFF,0xDC,0xFF,0xBC,0xFF,0xFC,0xFF,0xBC,0xFF,0xBC,0xFF,
    0xFD,0xFF,0x9B,0xFF,0xDC,0xFF,0x7B,0xF7,0x9B,0xF7,0x9B,0xFF,0x9B,0xFF,0x9B,0xFF,
    0x7B,0xF7,0xBC,0xFF,0xBB,0xFF,0xBC,0xFF,0xBB,0xFF,0xDC,0xFF,0xBB,0xFF,0xDC,0xFF,
    0xBC,0xFF,0xBC,0xFF,0xDC,0xFF,0xDC,0xFF,0x9B,0xFF,0xDC,0xFF,0x9B,0xF7,0x9B,0xFF,
    0x9B,0xF7,0x7B,0xF7,0x9B,0xFF,0x9B,0xFF,0xFD,0xFF,0xBC,0xFF,0xFC,0xFF,0xDC,0xFF,
    0xBC,0xFF,0xBC,0xFF,0xDC,0xFF,0xBC,0xFF,0xDC,0xFF,0xBC,0xFF,0xBB,0xFF,0xBC,0xFF,
    0xBC,0xFF,0x9B,0xFF,0xBC,0xFF,0xFC,0xFF,0xFC,0xFF,0xBC,0xFF,0xDC,0xFF,0xDC,0xFF,
    0xDC,0xFF,0xDC,0xFF,0xBC,0xFF,0x9B,0xF7,0xBB,0xFF,0xDC,0xFF,0xBC,0xFF,0x9B,0xFF,
    0xDC,0xFF,0xBC,0xFF,0xDC,0xFF,0xDC,0xFF,0xDC,0xFF,0xBB,0xFF,0x9B,0xFF,0xBC,0xFF,
    0xBB,0xFF,0xDC,0xFF,0xBB,0xFF,0xBC,0xFF,0xBB,0xFF,0xBC,0xFF,0xBC,0xFF,0xDC,0xFF,
    0xDC,0xFF,0xBC,0xFF,0xBC,0xFF,0xFC,0xFF,0xDC,0xFF,0xDC,0xFF,0xDC,0xFF,0xDC,0xFF,
    0xDC,0xFF,0xDC,0xFF,0xDC,0xFF,0xBC,0xFF,0xBC,0xFF,0xBC,0xFF,0xDC,0xFF,0xBC,0xFF,
    0xDC,0xFF,0xDC,0xFF,0xBC,0xFF,0x9B,0xFF,0xDC,0xFF,0xDC,0xFF,0xBC,0xFF,0xDC,0xFF,
    0xDC,0xFF,0xDC,0xFF,0x7B,0xF7,0xAB,0x8B,0x8A,0x83,0x8A,0x83,0x8A,0x83,0x8A,0x83,
    0xAB,0x8B,0x9B,0xF7,0xDC,0xFF,0x9B,0xFF,0x9B,0xF7,0xDC,0xFF,0xDC,0xFF,0xBC,0xFF,
    0xDC,0xFF,0xDC,0xFF,0x9B,0xFF,0xBC,0xFF,0xDC,0xFF,0xBC,0xFF,0x9B,0xFF,0xAB,0x8B,
    0x8A,0x83,0x8A,0x83,0x8A,0x83,0xAB,0x8B,0x9B,0xFF,0x9B,0xFF,0xDC,0xFF,0x9B,0xFF,
    0xDC,0xFF,0xBB,0xFF,0xBC,0xFF,0xDC,0xFF,0xDC,0xFF,0xDC,0xFF,0xBC,0xFF,0xDC,0xFF,
    0xDC,0xFF,0xDC,0xFF,0xBC,0xFF,0xDC,0xFF,0xDC,0xFF,0xDC,0xFF,0xDC,0xFF,0xDC,0xFF,
    0xBC,0xFF,0xBC,0xFF,0x7B,0xF7,0xAB,0x8B,0x8A,0x83,0xAB,0x8B,0x7B,0xF7,0xFD,0xFF,
    0xBC,0xFF,0xDC,0xFF,0xDC,0xFF,0x9B,0xFF,0xBC,0xFF,0xDC,0xFF,0x9B,0xFF,0xDC,0xFF,
    0xBC,0xFF,0xBC,0xFF,0xDC,0xFF,0x9B,0xFF,0xDC,0xFF,0xBC,0xFF,0xBC,0xFF,0xDC,0xFF,
    0xFD,0xFF,0xDC,0xFF,0xDC,0xFF,0xBC,0xFF,0xBC,0xFF,0xDC,0xFF,0xDC,0xFF,0xDC,0xFF,
    0xDC,0xFF,0xBC,0xFF,0xFD,0xFF,0x9B,0xFF,0xDC,0xFF,0xDC,0xFF,0xDC,0xFF,0xBC,0xFF,
    0xBB,0xFF,0xBC,0xFF,0xDC,0xFF,0xBB,0xFF,0xBC,0xFF,0xDC,0xFF,0xDC,0xFF,0xBC,0xFF,
    0x9B,0xF7,0x9B,0xF7,0xBC,0xFF,0x7A,0xF7,0x5A,0xF7,0x7B,0xF7,0x9B,0xF7,0xBB,0xFF,
    0x7B,0xF7,0xBC,0xFF,0xBC,0xFF,0xBC,0xFF,0xBB,0xFF,0xBC,0xFF,0xBC,0xFF,0xDC,0xFF,
    0xDC,0xFF,0xBB,0xFF,0x9B,0xFF,0xBC,0xFF,0xDC,0xFF,0xDC,0xFF,0xBC,0xFF,0x5A,0xF7,
    0x9B,0xF7,0x7B,0xF7,0x9B,0xFF,0x7B,0xF7,0xBC,0xFF,0xBC,0xFF,0xFD,0xFF,0xDC,0xFF,
    0xBC,0xFF,0xBC,0xFF,0xBC,0xFF,0xDC,0xFF,0xBC,0xFF,0xBC,0xFF,0xDC,0xFF,0xDC,0xFF,
    0xDC,0xFF,0xDC,0xFF,0xDC,0xFF,0xBC,0xFF,0x9B,0xFF,0xBC,0xFF,0xBC,0xFF,0xDC,0xFF,
    0xDC,0xFF,0xBC,0xFF,0xBC,0xFF,0x9B,0xFF,0xBB,0xFF,0x9B,0xF7,0xDC,0xFF,0xDC,0xFF,
    0xDC,0xFF,0xBC,0xFF,0x9B,0xFF,0xDC,0xFF,0xDC,0xFF,0xDC,0xFF,0xBC,0xFF,0xBB,0xFF,
    0xBC,0xFF,0xBC,0xFF,0xDC,0xFF,0xBB,0xFF,0xDC,0xFF,0xBC,0xFF,0xDC,0xFF,0xBC,0xFF,
    0xDC,0xFF,0xDC,0xFF,0xDC,0xFF,0xBB,0xFF,0xBC,0xFF,0xDC,0xFF,0xBB,0xFF,0xBB,0xFF,
    0xDC,0xFF,0xBC,0xFF,0xDC,0xFF,0xBB,0xFF,0x9B,0xFF,0xBC,0xFF,0xDC,0xFF,0xBC,0xFF,
    0xBC,0xFF,0xDC,0xFF,0xBC,0xFF,0xDC,0xFF,0xDC,0xFF,0xDC,0xFF,0x9B,0xFF,0x7B,0xF7,
    0xAB,0x8B,0x8A,0x83,0x8A,0x83,0x8A,0x83,0x8A,0x83,0x8A,0x83,0xAB,0x8B,0x9B,0xFF,
    0xDC,0xFF,0xBC,0xFF,0xDC,0xFF,0xBC,0xFF,0xBC,0xFF,0xDC,0xFF,0xBC,0xFF,0xBC,0xFF,
    0xDC,0xFF,0xBC,0xFF,0xBC,0xFF,0xBC,0xFF,0xDC,0xFF,0xBC,0xFF,0xDC,0xFF,0xDC,0xFF,
    0xDC,0xFF,0xDC,0xFF,0xDC,0xFF,0xBC,0xFF,0xDC,0xFF,0xBC,0xFF,0xFD,0xFF,0xBC,0xFF,
    0xDC,0xFF,0xDC,0xFF,0xBB,0xFF,0xBC,0xFF,0xBC,0xFF,0xBC,0xFF,0xBB,0xFF,0xBC,0xFF,
    0xDC,0xFF,0xDC,0xFF,0xDC,0xFF,0xBC,0xFF,0x9B,0xFF,0xDC,0xFF,0xDC,0xFF,0xBC,0xFF,
    0xDC,0xFF,0xBC,0xFF,0xBC,0xFF,0xBC,0xFF,0xBC,0xFF,0xBC,0xFF,0xDC,0xFF,0xDC,0xFF,
    0xDC,0xFF,0xBC,0xFF,0xBC,0xFF,0xFD,0xFF,0x9B,0xFF,0xDC,0xFF,0xDC,0xFF,0xDC,0xFF,
    0xBC,0xFF,0xBC,0xFF,0xBB,0xFF,0xBB,0xFF,0xBC,0xFF,0x9B,0xFF,0xDC,0xFF,0xDC,0xFF,
    0x7B,0xF7,0x9B,0xFF,0xDC,0xFF,0xDC,0xFF,0xDC,0xFF,0xDC,0xFF,0xDC,0xFF,0xDC,0xFF,
    0xFC,0xFF,0xBC,0xFF,0xDC,0xFF,0x9B,0xFF,0xBC,0xFF,0xBB,0xFF,0xDC,0xFF,0xFD,0xFF,
    0xDC,0xFF,0xBB,0xFF,0xBC,0xFF,0xDC,0xFF,0xDC,0xFF,0xDC,0xFF,0xDC,0xFF,0x9B,0xFF,
    0xBC,0xFF,0x9B,0xF7,0x9B,0xF7,0xBB,0xFF,0x5A,0xF7,0x5A,0xF7,0x5A,0xF7,0x9B,0xFF,
    0xBB,0xFF,0xBC,0xFF,0xBC,0xFF,0xBC,0xFF,0xFC,0xFF,0xBC,0xFF,0xDC,0xFF,0xDC,0xFF,
    0xDC,0xFF,0xBC,0xFF,0xDC,0xFF,0xBC,0xFF,0xBC,0xFF,0xBC,0xFF,0xBC,0xFF,0xDC,0xFF,
    0xDC,0xFF,0xBC,0xFF,0xBC,0xFF,0xBC,0xFF,0xFC,0xFF,0xBC,0xFF,0xBC,0xFF,0xBC,0xFF,
    0xDC,0xFF,0xBC,0xFF,0xBC,0xFF,0xBC,0xFF,0xDC,0xFF,0xDC,0xFF,0xDC,0xFF,0x9B,0xFF,
    0xBC,0xFF,0x9B,0xFF,0xDC,0xFF,0xDC,0xFF,0xDC,0xFF,0xDC,0xFF,0xDC,0xFF,0xBC,0xFF,
    0xBC,0xFF,0x9B,0xFF,0xBC,0xFF,0xBC,0xFF,0xDC,0xFF,0xFC,0xFF,0xBC,0xFF,0xDC,0xFF,
    0xDC,0xFF,0xBC,0xFF,0x9B,0xFF,0xBC,0xFF,0xBB,0xFF,0xBC,0xFF,0xBC,0xFF,0xBC,0xFF,
    0xBC,0xFF,0xDC,0xFF,0xBC,0xFF,0xDC,0xFF,0x9B,0xFF,0xDC,0xFF,0xDC,0xFF,0xBC,0xFF,
    0x9B,0xFF,0xDC,0xFF,0xBC,0xFF,0xDC,0xFF,0xDC,0xFF,0xBC,0xFF,0xBC,0xFF,0xDC,0xFF,
    0xDC,0xFF,0xBC,0xFF,0xDC,0xFF,0xDC,0xFF,0xDC,0xFF,0xDC,0xFF,0xBC,0xFF,0xBC,0xFF,
    0xBC,0xFF,0xBB,0xFF,0xDC,0xFF,0xBC,0xFF,0xDC,0xFF,0xBB,0xFF,0xDC,0xFF,0xBC,0xFF,
    0xFD,0xFF,0xBC,0xFF,0xBC,0xFF,0xBB,0xFF,0xAB,0x8B,0x8A,0x83,0x8A,0x83,0x8A,0x83,
    0x8A,0x83,0xAB,0x8B,0x9B,0xF7,0xBC,0xFF,0xBC,0xFF,0xBC,0xFF,0xBB,0xFF,0xFD,0xFF,
    0xBC,0xFF,0xBC,0xFF,0xDC,0xFF,0xBC,0xFF,0xDC,0xFF,0xBC,0xFF,0xDC,0xFF,0xDC,0xFF,
    0xDC,0xFF,0xBC,0xFF,0xBC,0xFF,0xFC,0xFF,0xBC,0xFF,0xBC,0xFF,0xBC,0xFF,0xDC,0xFF,
    0xDC,0xFF,0xDC,0xFF,0xBB,0xFF,0xDC,0xFF,0xBC,0xFF,0xBC,0xFF,0xDC,0xFF,0x9B,0xFF,
    0xDC,0xFF,0xDC,0xFF,0xBB,0xFF,0xBC,0xFF,0xDC,0xFF,0xBC,0xFF,0xDC,0xFF,0xBC,0xFF,
    0xBC,0xFF,0xBC,0xFF,0xBC,0xFF,0xDC,0xFF,0xDC,0xFF,0xBC,0xFF,0xDC,0xFF,0xBC,0xFF,
    0xBC,0xFF,0xDC,0xFF,0xBC,0xFF,0x9B,0xFF,0xDC,0xFF,0x9B,0xFF,0xDC,0xFF,0xBB,0xFF,
    0xBC,0xFF,0xBC,0xFF,0xBC,0xFF,0x9B,0xFF,0xBC,0xFF,0xBC,0xFF,0xBC,0xFF,0xBC,0xFF,
    0xDC,0xFF,0xBC,0xFF,0xDC,0xFF,0xBB,0xFF,0xDC,0xFF,0xDC,0xFF,0xFD,0xFF,0xDC,0xFF,
    0xDC,0xFF,0xDC,0xFF,0xBC,0xFF,0xDC,0xFF,0xBC,0xFF,0xBC,0xFF,0xDC,0xFF,0xDC,0xFF,
    0xDC,0xFF,0xBB,0xFF,0xDC,0xFF,0xBC,0xFF,0xBC,0xFF,0x9B,0xFF,0xDC,0xFF,0xDC,0xFF,
    0xBC,0xFF,0xBB,0xFF,0xBC,0xFF,0xDC,0xFF,0x9B,0xFF,0x9B,0xFF,0x9B,0xFF,0x9B,0xFF,
    0x9B,0xFF,0x9B,0xFF,0xDC,0xFF,0xDC,0xFF,0xBB,0xFF,0xDC,0xFF,0xBC,0xFF,0xDC,0xFF,
    0xBC,0xFF,0xBC,0xFF,0xBC,0xFF,0xDC,0xFF,0xBC,0xFF,0xBB,0xFF,0xDC,0xFF,0xDC,0xFF,
    0xBC,0xFF,0xDC,0xFF,0xBC,0xFF,0xBC,0xFF,0xDC,0xFF,0xDC,0xFF,0xDC,0xFF,0xBC,0xFF,
    0x9B,0xFF,0xDC,0xFF,0xDC,0xFF,0xDC,0xFF,0xFD,0xFF,0xDC,0xFF,0xDC,0xFF,0xBC,0xFF,
    0xDC,0xFF,0xDC,0xFF,0xDC,0xFF,0xDC,0xFF,0xDC,0xFF,0xDC,0xFF,0xBC,0xFF,0xDC,0xFF,
    0xDC,0xFF,0xBC,0xFF,0xBC,0xFF,0xDC,0xFF,0xDC,0xFF,0xDC,0xFF,0xDC,0xFF,0xBC,0xFF,
    0x32,0x32,0x32,0x32,0x32,0x32,0x32,0x32,0x32,0x32,0x32,0x32,0x32,0x32,0x32,0x32,
    0x32,0x32,0x32,0x32,0x32,0x32,0x32,0x32,0x32,0x32,0x32,0x32,0x32,0x32,0x32,0x32,
    0x32,0x32,0x32,0x32,0x32,0x32,0x32,0x32,0x32,0x32,0x32,0x32,0x32,0x32,0x32,0x32,
    0x32,0x32,0x32,0x32,0x32,0x32,0x32,0x32,0x32,0x32,0x32,0x32,0x32,0x32,0x32,0x32,
    0x32,0x32,0x32,0x32,0x32,0x32,0x32,0x32,0x32,0x32,0x32,0x32,0x32,0x32,0x32,0x32,
    0x32,0x32,0x32,0x32,0x32,0x32,0x32,0x32,0x32,0x32,0x32,0x32,0x32,0x30,0x2F,0x2F,
    0x32,0x32,0x32,0x32,0x32,0x32,0x32,0x32,0x32,0x32,0x32,0x32,0x32,0x32,0x32,0x32,
    0x32,0x32,0x32,0x32,0x32,0x32,0x32,0x32,0x32,0x32,0x32,0x32,0x32,0x32,0x32,0x32,
    0x32,0x32,0x32,0x32,0x32,0x32,0x32,0x32,0x32,0x32,0x32,0x32,0x32,0x32,0x32,0x32,
    0x32,0x32,0x32,0x32,0x32,0x32,0x32,0x32,0x32,0x32,0x32,0x32,0x32,0x32,0x32,0x32,
    0x32,0x32,0x32,0x32,0x32,0x32,0x32,0x32,0x32,0x32,0x32,0x32,0x32,0x32,0x32,0x32,
    0x32,0x32,0x32,0x32,0x32,0x32,0x32,0x32,0x32,0x32,0x32,0x32,0x30,0x10,0x0E,0x0E,
    0x32,0x32,0x32,0x32,0x32,0x32,0x32,0x32,0x32,0x32,0x32,0x32,0x32,0x32,0x32,0x32,
    0x32,0x32,0x32,0x32,0x32,0x32,0x32,0x32,0x32,0x32,0x32,0x32,0x32,0x32,0x32,0x32,
    0x32,0x32,0x32,0x32,0x32,0x32,0x32,0x32,0x32,0x32,0x32,0x32,0x32,0x32,0x32,0x32,
    0x32,0x32,0x32,0x32,0x32,0x32,0x32,0x32,0x32,0x32,0x32,0x32,0x32,0x32,0x32,0x32,
    0x32,0x32,0x32,0x32,0x32,0x32,0x32,0x32,0x32,0x32,0x32,0x32,0x32,0x32,0x32,0x32,
    0x32,0x32,0x32,0x32,0x32,0x32,0x32,0x32,0x32,0x32,0x32,0x32,0x32,0x30,0x30,0x30,
    0x32,0x32,0x32,0x32,0x32,0x32,0x32,0x32,0x32,0x32,0x32,0x32,0x32,0x32,0x32,0x32,
    0x32,0x32,0x32,0x32,0x32,0x32,0x32,0x32,0x32,0x32,0x32,0x1B,0x1B,0x1B,0x1B,0x1B,
    0x32,0x32,0x32,0x32,0x32,0x32,0x32,0x32,0x32,0x32,0x32,0x32,0x32,0x32,0x32,0x32,
    0x32,0x32,0x32,0x32,0x32,0x32,0x32,0x32,0x32,0x32,0x32,0x32,0x32,0x32,0x32,0x32,
    0x32,0x32,0x32,0x32,0x32,0x32,0x32,0x32,0x32,0x32,0x32,0x32,0x32,0x32,0x32,0x32,
    0x32,0x32,0x32,0x32,0x32,0x32,0x32,0x32,0x32,0x32,0x32,0x32,0x32,0x32,0x32,0x32,
    0x32,0x32,0x32,0x32,0x32,0x32,0x32,0x32,0x32,0x32,0x32,0x32,0x32,0x32,0x32,0x32,
    0x32,0x32,0x32,0x32,0x32,0x32,0x32,0x32,0x32,0x32,0x32,0x32,0x32,0x32,0x32,0x32,
    0x32,0x32,0x32,0x32,0x32,0x32,0x32,0x32,0x32,0x32,0x32,0x32,0x32,0x32,0x32,0x32,
    0x32,0x32,0x32,0x32,0x32,0x32,0x32,0x32,0x32,0x32,0x32,0x32,0x32,0x32,0x32,0x32,
    0x32,0x32,0x32,0x32,0x32,0x32,0x32,0x32,0x32,0x32,0x32,0x32,0x32,0x32,0x32,0x32,
    0x32,0x32,0x32,0x32,0x32,0x32,0x32,0x32,0x32,0x32,0x32,0x32,0x32,0x32,0x32,0x32,
    0x32,0x32,0x32,0x32,0x32,0x32,0x32,0x32,0x32,0x32,0x32,0x32,0x32,0x32,0x32,0x32,
    0x32,0x32,0x32,0x32,0x32,0x32,0x32,0x32,0x32,0x32,0x32,0x32,0x32,0x32,0x32,0x32,
    0x32,0x32,0x32,0x32,0x32,0x32,0x32,0x32,0x32,0x32,0x32,0x32,0x32,0x32,0x32,0x32,
    0x32,0x32,0x32,0x32,0x1F,0x1F,0x1F,0x1F,0x1F,0x1F,0x1F,0x32,0x32,0x32,0x32,0x32,
    0x32,0x32,0x32,0x32,0x32,0x32,0x32,0x32,0x32,0x32,0x32,0x32,0x17,0x17,0x17,0x32,
    0x32,0x32,0x32,0x32,0x32,0x15,0x15,0x15,0x15,0x15,0x15,0x32,0x32,0x32,0x32,0x32,
    0x32,0x32,0x32,0x32,0x32,0x32,0x32,0x32,0x32,0x32,0x32,0x32,0x32,0x32,0x32,0x32,
    0x32,0x32,0x32,0x32,0x32,0x32,0x32,0x32,0x32,0x32,0x32,0x32,0x32,0x32,0x32,0x32,
    0x32,0x32,0x32,0x32,0x32,0x32,0x32,0x32,0x32,0x32,0x32,0x32,0x32,0x32,0x32,0x32,
    0x32,0x32,0x32,0x32,0x32,0x32,0x32,0x32,0x32,0x32,0x32,0x32,0x32,0x32,0x32,0x32,
    0x32,0x32,0x32,0x32,0x32,0x32,0x32,0x32,0x32,0x32,0x32,0x32,0x32,0x32,0x32,0x32,
    0x32,0x32,0x32,0x32,0x32,0x32,0x32,0x32,0x32,0x32,0x32,0x32,0x32,0x32,0x32,0x32,
    0x32,0x32,0x32,0x32,0x32,0x32,0x32,0x32,0x32,0x32,0x32,0x32,0x32,0x32,0x32,0x32,
    0x32,0x32,0x32,0x32,0x32,0x32,0x32,0x32,0x32,0x32,0x32,0x32,0x32,0x32,0x32,0x32,
    0x32,0x32,0x32,0x32,0x32,0x32,0x32,0x30,0x30,0x30,0x30,0x32,0x32,0x32,0x32,0x32,
    0x32,0x32,0x32,0x32,0x32,0x32,0x32,0x32,0x32,0x32,0x32,0x32,0x32,0x32,0x32,0x32,
    0x32,0x32,0x32,0x32,0x32,0x32,0x32,0x32,0x32,0x32,0x32,0x32,0x32,0x32,0x32,0x32,
    0x32,0x32,0x32,0x32,0x32,0x32,0x32,0x32,0x32,0x32,0x32,0x32,0x32,0x32,0x32,0x32,
    0x32,0x32,0x32,0x32,0x32,0x32,0x32,0x32,0x32,0x32,0x32,0x32,0x32,0x32,0x32,0x32,
    0x32,0x32,0x32,0x32,0x32,0x32,0x32,0x32,0x32,0x32,0x32,0x32,0x32,0x32,0x32,0x32,
    0x32,0x32,0x32,0x32,0x32,0x32,0x30,0x10,0x0E,0x0E,0x10,0x30,0x32,0x32,0x32,0x32,
    0x32,0x32,0x32,0x32,0x32,0x20,0x20,0x20,0x20,0x20,0x20,0x20,0x32,0x32,0x32,0x32,
    0x32,0x32,0x32,0x32,0x32,0x32,0x32,0x32,0x32,0x32,0x32,0x32,0x32,0x32,0x32,0x32,
    0x32,0x32,0x32,0x32,0x32,0x32,0x32,0x32,0x32,0x32,0x32,0x32,0x32,0x32,0x32,0x32,
    0x32,0x32,0x32,0x32,0x32,0x32,0x32,0x32,0x32,0x32,0x32,0x32,0x32,0x32,0x32,0x32,
    0x32,0x32,0x32,0x32,0x32,0x32,0x32,0x32,0x32,0x32,0x32,0x32,0x32,0x32,0x32,0x32,
    0x32,0x32,0x32,0x32,0x32,0x32,0x32,0x30,0x30,0x30,0x30,0x32,0x32,0x32,0x32,0x32,
    0x32,0x32,0x32,0x32,0x32,0x32,0x32,0x32,0x32,0x32,0x32,0x32,0x32,0x32,0x32,0x32,
    0x32,0x32,0x32,0x32,0x32,0x32,0x32,0x32,0x32,0x32,0x32,0x32,0x32,0x32,0x32,0x32,
    0x32,0x32,0x32,0x32,0x32,0x32,0x32,0x32,0x32,0x32,0x32,0x32,0x32,0x32,0x32,0x32,
    0x32,0x32,0x32,0x32,0x32,0x32,0x32,0x32,0x32,0x32,0x32,0x32,0x32,0x32,0x32,0x32,
    0x32,0x32,0x32,0x32,0x32,0x32,0x32,0x32,0x32,0x32,0x32,0x32,0x32,0x32,0x32,0x32,
    0x32,0x32,0x32,0x32,0x32,0x32,0x32,0x32,0x32,0x32,0x32,0x32,0x32,0x32,0x32,0x32,
    0x32,0x32,0x32,0x32,0x32,0x32,0x32,0x32,0x32,0x32,0x32,0x32,0x32,0x32,0x32,0x32,
    0x32,0x32,0x32,0x32,0x32,0x32,0x32,0x32,0x32,0x32,0x32,0x32,0x32,0x32,0x32,0x32,
    0x32,0x32,0x32,0x15,0x15,0x15,0x15,0x15,0x32,0x32,0x32,0x32,0x32,0x32,0x32,0x32,
    0x32,0x32,0x32,0x32,0x32,0x32,0x32,0x32,0x32,0x32,0x32,0x32,0x32,0x32,0x32,0x32,
    0x32,0x32,0x32,0x32,0x32,0x32,0x32,0x32,0x32,0x32,0x32,0x32,0x32,0x32,0x32,0x32,
    0x32,0x32,0x32,0x32,0x32,0x32,0x32,0x32,0x32,0x32,0x32,0x32,0x32,0x32,0x32,0x32,
    0x32,0x32,0x32,0x32,0x32,0x32,0x32,0x32,0x32,0x32,0x32,0x32,0x32,0x32,0x32,0x32,
    0x32,0x32,0x32,0x32,0x32,0x32,0x32,0x32,0x32,0x32,0x32,0x32,0x32,0x32,0x32,0x32,
    0x32,0x32,0x32,0x32,0x32,0x32,0x32,0x32,0x32,0x32,0x32,0x32,0x32,0x32,0x32,0x32,
    0x32,0x32,0x32,0x32,0x32,0x32,0x32,0x32,0x32,0x32,0x32,0x32,0x32,0x32,0x32,0x32,
    0x32,0x32,0x32,0x32,0x32,0x32,0x32,0x32,0x32,0x32,0x31,0x31,0x31,0x31,0x31,0x31,
    0x31,0x32,0x32,0x32,0x32,0x32,0x32,0x32,0x32,0x32,0x32,0x32,0x32,0x32,0x32,0x32,
    0x32,0x32,0x32,0x32,0x32,0x32,0x32,0x32,0x32,0x32,0x32,0x32,0x32,0x32,0x32,0x32,
    0x32,0x32,0x32,0x32,0x32,0x32,0x32,0x32,0x32,0x32,0x32,0x32,0x32,0x32,0x32,0x32,
    0x32,0x32,0x32,0x32,0x32,0x32,0x32,0x32,0x32,0x32,0x32,0x32,0x32,0x32,0x32,0x32,
    0x32,0x32,0x32,0x32,0x32,0x32,0x32,0x32,0x32,0x32,0x32,0x32,0x32,0x32,0x32,0x32,
    0x32,0x32,0x32,0x32,0x32,0x32,0x32,0x32,0x32,0x31,0x12,0x11,0x11,0x11,0x11,0x11,
    0x12,0x31,0x32,0x32,0x32,0x32,0x32,0x32,0x32,0x32,0x32,0x32,0x32,0x32,0x32,0x32,
    0x32,0x32,0x32,0x32,0x32,0x32,0x32,0x32,0x32,0x32,0x32,0x32,0x32,0x32,0x32,0x32,
    0x32,0x32,0x32,0x32,0x32,0x32,0x32,0x32,0x32,0x32,0x32,0x32,0x32,0x32,0x32,0x32,
    0x32,0x32,0x32,0x32,0x32,0x32,0x32,0x32,0x32,0x32,0x32,0x32,0x32,0x32,0x32,0x32,
    0x32,0x32,0x32,0x32,0x32,0x32,0x32,0x32,0x32,0x32,0x32,0x32,0x32,0x32,0x32,0x32,
    0x32,0x32,0x32,0x31,0x31,0x31,0x32,0x32,0x32,0x32,0x31,0x31,0x31,0x31,0x31,0x31,
    0x31,0x32,0x32,0x32,0x32,0x32,0x32,0x32,0x32,0x32,0x32,0x32,0x32,0x32,0x32,0x32,
    0x32,0x32,0x32,0x32,0x32,0x32,0x32,0x32,0x32,0x32,0x32,0x32,0x32,0x32,0x32,0x32,
    0x32,0x32,0x32,0x32,0x32,0x32,0x32,0x32,0x32,0x32,0x32,0x32,0x32,0x32,0x32,0x32,
    0x32,0x32,0x32,0x32,0x32,0x32,0x32,0x32,0x32,0x32,0x32,0x32,0x32,0x32,0x32,0x32,
    0x32,0x32,0x32,0x32,0x32,0x32,0x32,0x32,0x32,0x32,0x32,0x32,0x32,0x32,0x32,0x32,
    0x32,0x31,0x14,0x13,0x13,0x13,0x14,0x31,0x32,0x32,0x32,0x32,0x32,0x32,0x32,0x32,
    0x32,0x32,0x32,0x32,0x32,0x32,0x32,0x32,0x32,0x32,0x32,0x32,0x32,0x32,0x32,0x32,
    0x32,0x32,0x32,0x32,0x32,0x32,0x32,0x32,0x32,0x32,0x32,0x32,0x32,0x32,0x32,0x32,
    0x32,0x32,0x32,0x32,0x32,0x32,0x32,0x32,0x32,0x32,0x32,0x32,0x32,0x32,0x32,0x32,
    0x32,0x32,0x32,0x32,0x32,0x32,0x32,0x32,0x32,0x32,0x32,0x32,0x32,0x32,0x32,0x32,
    0x32,0x32,0x32,0x32,0x32,0x32,0x32,0x32,0x32,0x32,0x32,0x32,0x32,0x32,0x32,0x32,
    0x32,0x30,0x2F,0x2F,0x2F,0x30,0x32,0x32,0x32,0x32,0x32,0x32,0x32,0x32,0x32,0x32,
    0x32,0x32,0x32,0x32,0x32,0x32,0x32,0x32,0x32,0x32,0x32,0x32,0x32,0x32,0x32,0x32,
    0x32,0x32,0x32,0x32,0x32,0x32,0x32,0x32,0x32,0x32,0x32,0x32,0x32,0x32,0x32,0x32,
    0x32,0x32,0x32,0x32,0x32,0x32,0x32,0x32,0x32,0x32,0x32,0x32,0x32,0x32,0x32,0x32,
    0x32,0x32,0x32,0x32,0x32,0x32,0x32,0x32,0x32,0x32,0x32,0x32,0x32,0x32,0x32,0x32,
    0x32,0x32,0x32,0x32,0x32,0x32,0x32,0x32,0x32,0x32,0x32,0x32,0x32,0x32,0x32,0x32,
    0x2F,0x10,0x0D,0x0D,0x10,0x2F,0x32,0x32,0x32,0x32,0x32,0x32,0x32,0x32,0x32,0x32,
    0x32,0x32,0x32,0x32,0x32,0x32,0x32,0x32,0x32,0x32,0x32,0x32,0x32,0x32,0x32,0x32,
    0x31,0x31,0x31,0x31,0x31,0x32,0x32,0x32,0x32,0x32,0x32,0x32,0x32,0x32,0x32,0x32,
    0x32,0x32,0x32,0x32,0x32,0x32,0x32,0x32,0x32,0x32,0x32,0x32,0x32,0x32,0x32,0x32,
    0x32,0x32,0x32,0x32,0x32,0x32,0x32,0x32,0x32,0x32,0x32,0x32,0x32,0x32,0x32,0x32,
    0x32,0x32,0x32,0x32,0x32,0x32,0x32,0x32,0x32,0x32,0x32,0x32,0x32,0x32,0x32,0x32,
    0x32,0x30,0x2F,0x2F,0x11,0x14,0x14,0x14,0x14,0x32,0x32,0x32,0x32,0x32,0x32,0x32,
    0x32,0x32,0x32,0x32,0x32,0x32,0x32,0x32,0x32,0x32,0x32,0x32,0x32,0x32,0x32,0x31,
    0x12,0x11,0x11,0x11,0x12,0x31,0x32,0x32,0x32,0x32,0x32,0x32,0x32,0x32,0x32,0x32,
    0x32,0x32,0x32,0x32,0x32,0x32,0x32,0x32,0x32,0x32,0x32,0x32,0x32,0x32,0x32,0x32,
    0x1F,0x1F,0x1F,0x1F,0x32,0x32,0x32,0x32,0x32,0x32,0x32,0x32,0x32,0x32,0x19,0x19,
    0x32,0x32,0x32,0x32,0x32,0x32,0x32,0x32,0x32,0x32,0x32,0x32,0x32,0x32,0x32,0x32,
    0x32,0x32,0x32,0x32,0x32,0x32,0x32,0x32,0x32,0x32,0x32,0x32,0x32,0x32,0x32,0x32,
    0x32,0x32,0x32,0x32,0x32,0x32,0x32,0x32,0x32,0x32,0x32,0x32,0x32,0x32,0x32,0x32,
    0x31,0x31,0x31,0x31,0x31,0x32,0x32,0x32,0x32,0x32,0x32,0x32,0x32,0x32,0x32,0x32,
    0x32,0x32,0x32,0x32,0x32,0x32,0x32,0x32,0x32,0x32,0x32,0x32,0x32,0x32,0x32,0x32,
    0x32,0x32,0x32,0x32,0x32,0x32,0x32,0x32,0x32,0x32,0x32,0x32,0x32,0x32,0x32,0x32,
    0x32,0x32,0x32,0x32,0x32,0x32,0x32,0x32,0x32,0x32,0x32,0x32,0x32,0x32,0x32,0x32,
    0x32,0x32,0x32,0x32,0x32,0x32,0x32,0x32,0x32,0x32,0x32,0x32,0x32,0x32,0x32,0x32,
    0x32,0x32,0x32,0x32,0x32,0x32,0x32,0x32,0x32,0x32,0x32,0x32,0x32,0x32,0x32,0x32,
    0x32,0x32,0x32,0x32,0x32,0x32,0x32,0x32,0x32,0x32,0x32,0x32,0x32,0x32,0x32,0x32,
    0x32,0x32,0x32,0x32,0x32,0x32,0x32,0x32,0x32,0x32,0x32,0x32,0x32,0x32,0x32,0x32,
    0x32,0x32,0x32,0x32,0x32,0x32,0x32,0x32,0x32,0x32,0x32,0x32,0x32,0x32,0x32,0x32,
    0x32,0x32,0x32,0x32,0x32,0x32,0x32,0x32,0x32,0x32,0x32,0x32,0x32,0x32,0x32,0x32,
    0x32,0x32,0x32,0x32,0x32,0x32,0x32,0x32,0x32,0x32,0x32,0x32,0x32,0x32,0x32,0x32,
    0x32,0x32,0x32,0x32,0x32,0x32,0x32,0x32,0x32,0x32,0x32,0x32,0x32,0x32,0x32,0x32,
    0x32,0x32,0x32,0x32,0x32,0x32,0x32,0x32,0x32,0x32,0x32,0x32,0x32,0x32,0x32,0x32,
    0x32,0x32,0x32,0x32,0x32,0x32,0x32,0x32,0x32,0x32,0x32,0x32,0x32,0x32,0x32,0x32,
    0x32,0x32,0x32,0x32,0x32,0x32,0x32,0x32,0x32,0x32,0x32,0x32,0x32,0x32,0x32,0x32,
    0x32,0x32,0x32,0x32,0x32,0x32,0x32,0x32,0x32,0x32,0x32,0x32,0x32,0x32,0x32,0x32,
    0x32,0x32,0x32,0x32,0x32,0x32,0x32,0x32,0x32,0x32,0x32,0x32,0x1D,0x1D,0x1D,0x1D,
    0x1D,0x1D,0x32,0x32,0x32,0x32,0x32,0x32,0x32,0x32,0x32,0x32,0x32,0x32,0x32,0x32,
    0x32,0x32,0x32,0x32,0x32,0x32,0x32,0x32,0x32,0x32,0x32,0x32,0x32,0x32,0x32,0x17,
    0x17,0x17,0x17,0x17,0x17,0x32,0x32,0x32,0x32,0x32,0x32,0x32,0x32,0x32,0x32,0x32,
    0x32,0x32,0x32,0x32,0x32,0x32,0x32,0x32,0x32,0x32,0x32,0x32,0x32,0x32,0x32,0x32,
    0x32,0x32,0x32,0x32,0x32,0x32,0x32,0x32,0x32,0x32,0x32,0x32,0x32,0x32,0x32,0x32,
    0x32,0x32,0x32,0x32,0x32,0x32,0x32,0x32,0x32,0x32,0x32,0x32,0x32,0x32,0x32,0x32,
    0x32,0x32,0x32,0x32,0x32,0x32,0x32,0x32,0x32,0x32,0x32,0x32,0x32,0x32,0x32,0x32,
    0x32,0x32,0x32,0x32,0x32,0x32,0x32,0x32,0x32,0x32,0x32,0x32,0x32,0x32,0x32,0x32,
    0x32,0x32,0x32,0x32,0x32,0x32,0x32,0x32,0x32,0x32,0x32,0x32,0x32,0x32,0x32,0x32,
    0x32,0x32,0x32,0x32,0x32,0x32,0x32,0x32,0x32,0x32,0x32,0x32,0x32,0x32,0x32,0x32,
    0x32,0x32,0x32,0x32,0x32,0x32,0x32,0x32,0x32,0x32,0x32,0x32,0x32,0x32,0x32,0x32,
    0x32,0x32,0x32,0x32,0x32,0x32,0x32,0x32,0x32,0x32,0x32,0x32,0x31,0x31,0x32,0x32,
    0x32,0x32,0x32,0x32,0x32,0x32,0x32,0x32,0x32,0x32,0x32,0x32,0x32,0x32,0x32,0x32,
    0x32,0x32,0x32,0x15,0x15,0x15,0x15,0x15,0x15,0x15,0x32,0x32,0x32,0x32,0x32,0x32,
    0x32,0x32,0x32,0x32,0x32,0x32,0x32,0x32,0x32,0x32,0x32,0x32,0x32,0x32,0x32,0x32,
    0x32,0x32,0x32,0x32,0x32,0x32,0x32,0x32,0x32,0x32,0x32,0x32,0x32,0x32,0x32,0x32,
    0x32,0x32,0x32,0x32,0x32,0x32,0x32,0x32,0x32,0x32,0x32,0x32,0x32,0x32,0x32,0x32,
    0x32,0x32,0x32,0x32,0x32,0x32,0x32,0x32,0x32,0x32,0x31,0x14,0x13,0x13,0x14,0x31,
    0x32,0x32,0x32,0x32,0x16,0x16,0x16,0x16,0x16,0x32,0x32,0x32,0x32,0x32,0x32,0x32,
    0x32,0x32,0x32,0x32,0x32,0x32,0x32,0x32,0x32,0x32,0x32,0x32,0x32,0x32,0x32,0x32,
    0x31,0x30,0x30,0x30,0x30,0x31,0x32,0x32,0x32,0x32,0x32,0x32,0x32,0x32,0x32,0x32,
    0x32,0x32,0x32,0x32,0x14,0x14,0x14,0x14,0x32,0x32,0x32,0x32,0x32,0x32,0x32,0x32,
    0x32,0x32,0x32,0x32,0x32,0x32,0x32,0x32,0x32,0x32,0x32,0x32,0x32,0x32,0x32,0x32,
    0x32,0x32,0x32,0x32,0x32,0x32,0x32,0x32,0x32,0x32,0x32,0x32,0x31,0x31,0x32,0x32,
    0x32,0x32,0x32,0x32,0x32,0x32,0x32,0x32,0x32,0x32,0x32,0x32,0x32,0x32,0x32,0x32,
    0x32,0x32,0x32,0x32,0x32,0x32,0x32,0x32,0x32,0x32,0x32,0x32,0x32,0x32,0x32,0x30,
    0x12,0x10,0x10,0x10,0x10,0x12,0x30,0x32,0x32,0x32,0x32,0x32,0x32,0x32,0x32,0x32,
    0x32,0x32,0x32,0x32,0x32,0x32,0x32,0x32,0x32,0x32,0x32,0x32,0x32,0x32,0x32,0x32,
    0x32,0x32,0x32,0x32,0x32,0x32,0x32,0x32,0x32,0x32,0x32,0x32,0x32,0x32,0x32,0x32,
    0x32,0x32,0x32,0x32,0x1B,0x1B,0x1B,0x1B,0x32,0x32,0x32,0x32,0x32,0x32,0x32,0x32,
    0x32,0x32,0x32,0x32,0x32,0x32,0x32,0x32,0x32,0x32,0x32,0x32,0x32,0x32,0x32,0x32,
    0x32,0x32,0x32,0x32,0x32,0x32,0x32,0x32,0x32,0x32,0x32,0x32,0x32,0x32,0x32,0x32,
    0x31,0x30,0x30,0x30,0x30,0x31,0x32,0x32,0x32,0x32,0x32,0x32,0x32,0x32,0x32,0x32,
    0x32,0x32,0x32,0x32,0x32,0x32,0x32,0x32,0x32,0x32,0x32,0x32,0x32,0x32,0x32,0x32,
    0x32,0x32,0x32,0x32,0x32,0x32,0x32,0x32,0x32,0x32,0x32,0x32,0x32,0x32,0x32,0x32,
    0x32,0x32,0x32,0x32,0x32,0x32,0x32,0x32,0x32,0x32,0x32,0x32,0x32,0x32,0x32,0x32,
    0x32,0x32,0x32,0x32,0x32,0x32,0x32,0x32,0x32,0x32,0x32,0x32,0x32,0x32,0x32,0x32,
    0x32,0x32,0x32,0x32,0x32,0x32,0x32,0x32,0x32,0x32,0x32,0x32,0x32,0x32,0x32,0x32,
    0x32,0x32,0x32,0x32,0x32,0x32,0x32,0x32,0x32,0x32,0x32,0x32,0x32,0x32,0x32,0x32,
    0x32,0x32,0x32,0x32,0x32,0x32,0x32,0x32,0x32,0x32,0x32,0x32,0x32,0x32,0x32,0x32,
    0x32,0x32,0x32,0x32,0x16,0x16,0x16,0x16,0x16,0x16,0x32,0x32,0x32,0x32,0x32,0x32,
    0x32,0x32,0x32,0x32,0x32,0x32,0x32,0x32,0x32,0x32,0x32,0x32,0x32,0x32,0x32,0x32,
    0x32,0x32,0x32,0x32,0x32,0x32,0x32,0x1A,0x1A,0x1A,0x1A,0x1A,0x1A,0x32,0x32,0x32,
    0x32,0x32,0x32,0x32,0x32,0x32,0x32,0x32,0x32,0x32,0x32,0x32,0x32,0x32,0x32,0x32,
    0x32,0x32,0x32,0x32,0x32,0x32,0x32,0x32,0x32,0x32,0x32,0x32,0x32,0x32,0x32,0x32,
    0x32,0x32,0x32,0x32,0x32,0x32,0x32,0x32,0x32,0x32,0x32,0x32,0x32,0x32,0x32,0x32,
    0x32,0x32,0x32,0x32,0x32,0x32,0x32,0x32,0x32,0x32,0x32,0x32,0x32,0x32,0x32,0x32,
    0x32,0x32,0x32,0x32,0x32,0x32,0x32,0x16,0x16,0x16,0x16,0x16,0x16,0x16,0x32,0x32,
    0x32,0x32,0x32,0x32,0x32,0x32,0x32,0x32,0x32,0x32,0x32,0x32,0x32,0x32,0x32,0x32,
    0x32,0x32,0x32,0x32,0x32,0x32,0x32,0x32,0x32,0x32,0x32,0x32,0x32,0x32,0x32,0x32,
    0x32,0x32,0x32,0x32,0x32,0x32,0x32,0x32,0x32,0x32,0x32,0x32,0x32,0x32,0x32,0x32,
    0x32,0x32,0x32,0x32,0x32,0x32,0x32,0x32,0x32,0x32,0x32,0x32,0x32,0x32,0x32,0x32,
    0x32,0x32,0x32,0x32,0x32,0x32,0x32,0x32,0x32,0x32,0x32,0x32,0x32,0x32,0x32,0x32,
    0x32,0x32,0x32,0x32,0x32,0x32,0x32,0x32,0x32,0x32,0x32,0x32,0x32,0x32,0x32,0x32,
    0x32,0x32,0x32,0x32,0x32,0x32,0x32,0x32,0x32,0x32,0x32,0x32,0x32,0x32,0x32,0x32,
    0x32,0x32,0x32,0x32,0x32,0x32,0x32,0x32,0x32,0x32,0x32,0x32,0x32,0x32,0x32,0x32,
    0x32,0x32,0x32,0x32,0x32,0x32,0x32,0x32,0x32,0x32,0x32,0x32,0x32,0x32,0x32,0x32,
    0x32,0x32,0x32,0x32,0x32,0x32,0x32,0x32,0x32,0x32,0x32,0x32,0x32,0x32,0x32,0x32,
    0x32,0x32,0x32,0x32,0x32,0x32,0x32,0x32,0x32,0x32,0x32,0x32,0x32,0x32,0x32,0x32,
    0x32,0x32,0x32,0x32,0x32,0x32,0x32,0x32,0x32,0x32,0x32,0x32,0x32,0x32,0x32,0x32,
    0x32,0x32,0x32,0x32,0x32,0x32,0x32,0x32,0x32,0x32,0x32,0x32,0x32,0x32,0x32,0x32,
    0x32,0x32,0x32,0x32,0x32,0x32,0x32,0x32,0x32,0x32,0x32,0x32,0x32,0x32,0x32,0x32,
    0x32,0x32,0x32,0x32,0x32,0x32,0x32,0x32,0x31,0x31,0x31,0x31,0x31,0x32,0x32,0x32,
    0x32,0x32,0x32,0x32,0x32,0x32,0x32,0x32,0x32,0x32,0x32,0x32,0x32,0x32,0x32,0x32,
    0x32,0x32,0x32,0x32,0x32,0x32,0x32,0x32,0x32,0x32,0x32,0x32,0x32,0x32,0x32,0x32,
    0x32,0x32,0x32,0x32,0x32,0x32,0x32,0x32,0x32,0x32,0x32,0x32,0x32,0x32,0x32,0x32,
    0x32,0x32,0x32,0x32,0x32,0x32,0x32,0x32,0x32,0x32,0x32,0x32,0x32,0x32,0x32,0x32,
    0x32,0x32,0x32,0x32,0x32,0x32,0x32,0x32,0x32,0x32,0x32,0x32,0x32,0x32,0x32,0x32,
    0x32,0x32,0x32,0x32,0x32,0x32,0x30,0x2F,0x10,0x0F,0x0F,0x0F,0x10,0x31,0x32,0x32,
    0x32,0x32,0x32,0x32,0x32,0x32,0x32,0x32,0x32,0x32,0x32,0x32,0x32,0x32,0x14,0x14,
    0x32,0x32,0x32,0x32,0x32,0x32,0x32,0x32,0x32,0x32,0x32,0x32,0x32,0x32,0x32,0x32,
    0x32,0x32,0x32,0x30,0x2F,0x2F,0x30,0x32,0x32,0x32,0x32,0x32,0x32,0x32,0x32,0x32,
    0x32,0x32,0x32,0x32,0x32,0x32,0x32,0x32,0x32,0x32,0x32,0x32,0x32,0x32,0x32,0x32,
    0x32,0x32,0x32,0x32,0x32,0x32,0x32,0x32,0x32,0x32,0x32,0x32,0x32,0x32,0x32,0x32,
    0x32,0x32,0x32,0x32,0x32,0x30,0x10,0x0E,0x0E,0x0E,0x0E,0x0E,0x10,0x30,0x32,0x32,
    0x32,0x32,0x32,0x32,0x32,0x32,0x32,0x32,0x32,0x32,0x32,0x32,0x32,0x32,0x32,0x32,
    0x32,0x32,0x32,0x32,0x32,0x32,0x32,0x32,0x32,0x32,0x32,0x32,0x32,0x32,0x32,0x32,
    0x32,0x32,0x2F,0x10,0x0D,0x0D,0x10,0x2F,0x32,0x32,0x32,0x32,0x32,0x32,0x32,0x32,
    0x32,0x32,0x32,0x32,0x32,0x32,0x32,0x32,0x32,0x32,0x32,0x32,0x32,0x32,0x32,0x32,
    0x32,0x32,0x32,0x32,0x32,0x32,0x32,0x32,0x32,0x32,0x32,0x32,0x32,0x32,0x32,0x32,
    0x32,0x32,0x18,0x18,0x18,0x18,0x15,0x15,0x30,0x30,0x30,0x30,0x30,0x32,0x32,0x32,
    0x32,0x32,0x32,0x32,0x32,0x32,0x32,0x32,0x32,0x32,0x32,0x32,0x32,0x32,0x32,0x32,
    0x15,0x15,0x15,0x15,0x32,0x32,0x32,0x32,0x32,0x32,0x32,0x32,0x32,0x32,0x32,0x32,
    0x32,0x32,0x32,0x30,0x2F,0x2F,0x30,0x32,0x32,0x32,0x32,0x32,0x32,0x32,0x32,0x32,
    0x32,0x32,0x32,0x32,0x32,0x32,0x32,0x32,0x32,0x32,0x32,0x32,0x32,0x32,0x32,0x32,
    0x32,0x32,0x32,0x32,0x32,0x32,0x32,0x32,0x32,0x32,0x32,0x32,0x32,0x32,0x32,0x32,
    0x32,0x32,0x32,0x32,0x32,0x32,0x2F,0x2F,0x32,0x32,0x32,0x32,0x32,0x32,0x32,0x32,
    0x32,0x32,0x32,0x32,0x32,0x32,0x31,0x31,0x31,0x31,0x32,0x32,0x32,0x32,0x32,0x32,
    0x32,0x32,0x32,0x32,0x32,0x32,0x32,0x32,0x32,0x32,0x32,0x32,0x32,0x32,0x32,0x32,
    0x32,0x32,0x32,0x32,0x32,0x32,0x32,0x32,0x32,0x32,0x32,0x32,0x32,0x32,0x32,0x32,
    0x32,0x32,0x32,0x32,0x32,0x32,0x32,0x32,0x32,0x32,0x32,0x32,0x32,0x32,0x32,0x32,
    0x32,0x32,0x32,0x32,0x32,0x32,0x32,0x32,0x32,0x32,0x32,0x32,0x32,0x32,0x32,0x32,
    0x32,0x32,0x32,0x32,0x32,0x32,0x1B,0x1B,0x1B,0x1B,0x1B,0x1B,0x1B,0x32,0x32,0x32,
    0x32,0x32,0x32,0x32,0x31,0x14,0x13,0x13,0x13,0x13,0x14,0x31,0x32,0x32,0x32,0x32,
    0x32,0x32,0x32,0x32,0x32,0x32,0x32,0x32,0x32,0x32,0x32,0x32,0x32,0x32,0x32,0x32,
    0x32,0x32,0x32,0x32,0x32,0x32,0x32,0x32,0x32,0x32,0x32,0x32,0x32,0x32,0x32,0x32,
    0x32,0x32,0x32,0x32,0x32,0x32,0x32,0x32,0x32,0x32,0x32,0x32,0x32,0x32,0x32,0x32,
    0x32,0x32,0x32,0x32,0x32,0x32,0x32,0x32,0x32,0x32,0x32,0x32,0x32,0x32,0x32,0x32,
    0x32,0x32,0x32,0x32,0x32,0x32,0x32,0x32,0x32,0x32,0x32,0x32,0x32,0x32,0x32,0x32,
    0x32,0x32,0x32,0x32,0x32,0x32,0x31,0x31,0x31,0x31,0x32,0x32,0x32,0x31,0x31,0x31,
    0x32,0x32,0x32,0x32,0x32,0x32,0x32,0x32,0x32,0x32,0x32,0x32,0x32,0x32,0x32,0x32,
    0x32,0x32,0x32,0x32,0x32,0x32,0x32,0x32,0x32,0x32,0x32,0x32,0x32,0x32,0x32,0x32,
    0x32,0x32,0x32,0x1C,0x1C,0x1C,0x1C,0x1C,0x1C,0x32,0x32,0x32,0x32,0x32,0x32,0x32,
    0x32,0x32,0x32,0x32,0x32,0x32,0x32,0x32,0x32,0x32,0x32,0x32,0x32,0x32,0x32,0x32,
    0x32,0x32,0x32,0x32,0x32,0x32,0x32,0x32,0x32,0x32,0x32,0x32,0x32,0x32,0x32,0x32,
    0x32,0x32,0x32,0x32,0x32,0x32,0x32,0x32,0x32,0x32,0x32,0x32,0x31,0x13,0x12,0x12,
    0x32,0x32,0x32,0x32,0x32,0x32,0x32,0x32,0x32,0x32,0x32,0x32,0x32,0x32,0x32,0x32,
    0x32,0x32,0x32,0x32,0x32,0x32,0x32,0x32,0x32,0x32,0x32,0x32,0x32,0x32,0x32,0x32,
    0x32,0x32,0x32,0x32,0x32,0x32,0x32,0x32,0x32,0x32,0x32,0x32,0x32,0x32,0x32,0x32,
    0x32,0x32,0x32,0x32,0x32,0x32,0x32,0x32,0x32,0x32,0x32,0x32,0x32,0x32,0x32,0x32,
    0x32,0x32,0x32,0x32,0x32,0x32,0x32,0x32,0x32,0x32,0x32,0x32,0x32,0x32,0x32,0x32,
    0x32,0x32,0x32,0x32,0x32,0x32,0x32,0x32,0x30,0x2F,0x2F,0x2F,0x2F,0x2F,0x30,0x31,
    0x32,0x32,0x32,0x32,0x32,0x32,0x32,0x32,0x32,0x32,0x32,0x32,0x32,0x32,0x32,0x32,
    0x32,0x32,0x32,0x32,0x32,0x32,0x32,0x32,0x32,0x32,0x32,0x32,0x18,0x18,0x18,0x32,
    0x32,0x32,0x32,0x32,0x32,0x32,0x32,0x32,0x32,0x32,0x32,0x32,0x32,0x32,0x32,0x32,
    0x32,0x32,0x32,0x32,0x32,0x32,0x32,0x32,0x32,0x32,0x32,0x32,0x32,0x32,0x32,0x32,
    0x32,0x32,0x32,0x32,0x32,0x32,0x32,0x32,0x32,0x32,0x32,0x32,0x32,0x32,0x32,0x32,
    0x32,0x32,0x32,0x32,0x32,0x32,0x32,0x2F,0x0F,0x0D,0x0D,0x0D,0x0D,0x10,0x2F,0x32,
    0x32,0x32,0x32,0x32,0x32,0x32,0x32,0x32,0x32,0x32,0x32,0x32,0x31,0x31,0x31,0x31,
    0x31,0x31,0x31,0x32,0x32,0x32,0x32,0x32,0x32,0x32,0x32,0x32,0x32,0x32,0x32,0x32,
    0x32,0x32,0x32,0x32,0x32,0x32,0x32,0x32,0x32,0x32,0x32,0x32,0x32,0x32,0x32,0x32,
    0x32,0x32,0x32,0x32,0x32,0x32,0x32,0x32,0x32,0x32,0x32,0x32,0x32,0x32,0x32,0x32,
    0x32,0x32,0x32,0x32,0x32,0x32,0x32,0x32,0x32,0x32,0x32,0x32,0x32,0x32,0x32,0x32,
    0x32,0x32,0x32,0x32,0x32,0x32,0x30,0x11,0x0F,0x0E,0x0E,0x2F,0x2F,0x30,0x32,0x32,
    0x32,0x32,0x32,0x32,0x32,0x32,0x32,0x32,0x32,0x32,0x32,0x31,0x12,0x11,0x11,0x11,
    0x11,0x11,0x12,0x31,0x32,0x32,0x20,0x20,0x20,0x32,0x32,0x32,0x32,0x32,0x32,0x32,
    0x32,0x32,0x32,0x32,0x32,0x32,0x32,0x32,0x32,0x32,0x32,0x32,0x32,0x32,0x32,0x32,
    0x32,0x32,0x32,0x32,0x32,0x32,0x32,0x32,0x32,0x32,0x32,0x32,0x32,0x32,0x32,0x32,
    0x32,0x32,0x32,0x32,0x32,0x32,0x32,0x32,0x32,0x32,0x32,0x32,0x32,0x32,0x32,0x32,
    0x32,0x32,0x32,0x32,0x32,0x32,0x32,0x31,0x30,0x30,0x30,0x32,0x32,0x32,0x32,0x32,
    0x32,0x32,0x32,0x32,0x32,0x32,0x32,0x32,0x32,0x32,0x32,0x32,0x31,0x31,0x31,0x31,
    0x31,0x31,0x31,0x32,0x32,0x32,0x32,0x32,0x32,0x32,0x32,0x32,0x32,0x32,0x32,0x32,
    0x32,0x32,0x32,0x32,0x32,0x32,0x32,0x32,0x32,0x32,0x32,0x32,0x32,0x32,0x32,0x32,
    0x32,0x32,0x32,0x32,0x32,0x32,0x32,0x32,0x32,0x32,0x32,0x32,0x32,0x32,0x32,0x32,
    0x32,0x32,0x32,0x32,0x32,0x32,0x32,0x32,0x32,0x32,0x32,0x32,0x32,0x32,0x32,0x32,
    0x32,0x32,0x32,0x32,0x32,0x32,0x32,0x32,0x32,0x32,0x32,0x32,0x32,0x32,0x32,0x32,
    0x32,0x32,0x32,0x32,0x32,0x32,0x32,0x32,0x32,0x32,0x32,0x32,0x32,0x32,0x32,0x32,
    0x32,0x32,0x32,0x32,0x32,0x32,0x32,0x32,0x32,0x32,0x32,0x32,0x32,0x32,0x32,0x32,
    0x32,0x32,0x32,0x32,0x32,0x32,0x32,0x32,0x32,0x32,0x32,0x32,0x32,0x32,0x32,0x32,
    0x32,0x32,0x32,0x32,0x32,0x32,0x32,0x32,0x32,0x32,0x32,0x32,0x32,0x32,0x32,0x32,
    0x32,0x32,0x32,0x32,0x32,0x32,0x32,0x32,0x32,0x32,0x32,0x32,0x32,0x32,0x32,0x32,
    0x32,0x32,0x32,0x32,0x32,0x32,0x32,0x32,0x32,0x32,0x32,0x32,0x32,0x32,0x32,0x32,
    0x32,0x32,0x32,0x32,0x32,0x32,0x32,0x32,0x32,0x32,0x32,0x32,0x32,0x32,0x32,0x32,
    0x32,0x32,0x32,0x32,0x32,0x32,0x32,0x32,0x32,0x32,0x32,0x32,0x32,0x32,0x32,0x32,
    0x32,0x32,0x32,0x32,0x32,0x32,0x32,0x32,0x32,0x32,0x32,0x32,0x32,0x32,0x32,0x32,
    0x32,0x32,0x32,0x32,0x32,0x32,0x32,0x32,0x32,0x32,0x32,0x32,0x32,0x32,0x32,0x32,
    0x32,0x32,0x32,0x32,0x32,0x32,0x32,0x32,0x32,0x32,0x32,0x32,0x32,0x32,0x32,0x32,
    0x32,0x32,0x32,0x32,0x32,0x32,0x32,0x32,0x32,0x32,0x32,0x32,0x32,0x1D,0x1A,0x1A,
    0x32,0x32,0x32,0x32,0x32,0x32,0x32,0x32,0x32,0x32,0x32,0x32,0x32,0x32,0x32,0x32,
    0x32,0x32,0x32,0x32,0x32,0x32,0x32,0x32,0x32,0x32,0x32,0x32,0x32,0x32,0x32,0x32,
    0x32,0x32,0x32,0x32,0x32,0x32,0x32,0x32,0x32,0x32,0x32,0x32,0x32,0x32,0x32,0x32,
    0x32,0x32,0x32,0x32,0x32,0x32,0x32,0x32,0x32,0x32,0x32,0x32,0x32,0x32,0x32,0x32,
    0x32,0x32,0x32,0x32,0x32,0x32,0x32,0x32,0x32,0x32,0x32,0x32,0x32,0x32,0x32,0x32,
    0x32,0x32,0x32,0x32,0x32,0x32,0x32,0x32,0x32,0x32,0x32,0x32,0x32,0x30,0x10,0x0E,
    0x32,0x32,0x32,0x32,0x32,0x32,0x32,0x32,0x32,0x32,0x32,0x32,0x32,0x32,0x32,0x32,
    0x32,0x32,0x32,0x32,0x32,0x32,0x32,0x32,0x32,0x32,0x32,0x32,0x32,0x32,0x32,0x32,
    0x32,0x32,0x32,0x32,0x32,0x32,0x32,0x32,0x32,0x32,0x32,0x32,0x32,0x32,0x32,0x32,
    0x32,0x32,0x32,0x32,0x32,0x32,0x32,0x32,0x32,0x32,0x32,0x32,0x32,0x32,0x32,0x32,
    0x32,0x32,0x32,0x32,0x32,0x32,0x32,0x32,0x32,0x32,0x32,0x32,0x32,0x32,0x32,0x32,
    0x32,0x32,0x32,0x32,0x32,0x32,0x32,0x32,0x32,0x32,0x32,0x32,0x32,0x32,0x30,0x30,
    0x32,0x32,0x32,0x32,0x32,0x32,0x32,0x32,0x32,0x32,0x32,0x32,0x32,0x32,0x32,0x32,
    0x32,0x32,0x32,0x32,0x32,0x32,0x32,0x32,0x32,0x32,0x32,0x32,0x32,0x32,0x32,0x32,
    0x32,0x32,0x32,0x32,0x32,0x32,0x32,0x32,0x32,0x32,0x32,0x32,0x32,0x32,0x32,0x16,
    0x16,0x16,0x16,0x32,0x32,0x32,0x32,0x32,0x32,0x32,0x32,0x32,0x32,0x32,0x32,0x32,
    0x32,0x32,0x32,0x32,0x32,0x32,0x32,0x32,0x32,0x32,0x32,0x32,0x32,0x32,0x32,0x32,
    0x32,0x32,0x32,0x32,0x32,0x32,0x32,0x32,0x32,0x32,0x32,0x32,0x32,0x32,0x32,0x32,
    0x32,0x32,0x32,0x32,0x32,0x32,0x32,0x32,0x32,0x32,0x32,0x32,0x32,0x32,0x32,0x32,
    0x32,0x32,0x32,0x32,0x32,0x32,0x32,0x32,0x32,0x32,0x32,0x32,0x32,0x32,0x32,0x32,
    0x32,0x32,0x32,0x32,0x32,0x32,0x32,0x32,0x32,0x32,0x32,0x32,0x32,0x32,0x32,0x32,
    0x32,0x32,0x32,0x32,0x32,0x32,0x32,0x32,0x32,0x32,0x32,0x32,0x32,0x32,0x32,0x32,
    0x32,0x32,0x32,0x32,0x32,0x32,0x32,0x32,0x32,0x32,0x32,0x32,0x32,0x32,0x32,0x32,
    0x32,0x32,0x32,0x32,0x32,0x32,0x32,0x32,0x32,0x32,0x32,0x32,0x32,0x32,0x32,0x32,
    0x32,0x32,0x32,0x32,0x32,0x32,0x32,0x32,0x32,0x32,0x32,0x32,0x32,0x32,0x32,0x32,
    0x32,0x32,0x32,0x32,0x32,0x32,0x32,0x32,0x32,0x32,0x32,0x32,0x32,0x32,0x32,0x32,
    0x32,0x32,0x32,0x32,0x32,0x32,0x32,0x32,0x32,0x32,0x32,0x32,0x32,0x32,0x32,0x32,
    0x32,0x32,0x32,0x32,0x32,0x32,0x32,0x32,0x32,0x32,0x32,0x32,0x32,0x32,0x32,0x32,
    0x32,0x32,0x32,0x32,0x32,0x32,0x32,0x32,0x32,0x32,0x32,0x32,0x32,0x32,0x32,0x32,
    0x32,0x32,0x17,0x17,0x17,0x17,0x32,0x32,0x32,0x32,0x32,0x32,0x32,0x32,0x32,0x32,
    0x32,0x32,0x32,0x32,0x32,0x32,0x32,0x32,0x32,0x32,0x32,0x32,0x32,0x32,0x32,0x32,
    0x32,0x32,0x32,0x32,0x32,0x32,0x32,0x32,0x32,0x32,0x32,0x32,0x32,0x32,0x32,0x32,
    0x32,0x32,0x32,0x32,0x32,0x32,0x32,0x32,0x32,0x32,0x32,0x32,0x32,0x32,0x32,0x32,
    0x32,0x32,0x32,0x32,0x32,0x32,0x32,0x32,0x32,0x32,0x32,0x32,0x32,0x32,0x32,0x32,
    0x32,0x32,0x32,0x32,0x32,0x32,0x32,0x32,0x32,0x32,0x32,0x32,0x32,0x32,0x32,0x32,
    0x32,0x32,0x32,0x32,0x32,0x32,0x32,0x32,0x32,0x32,0x32,0x32,0x32,0x32,0x32,0x32,
    0x32,0x32,0x32,0x32,0x32,0x32,0x32,0x32,0x32,0x32,0x32,0x32,0x32,0x32,0x32,0x32,
    0x32,0x32,0x32,0x32,0x32,0x32,0x32,0x32,0x32,0x32,0x32,0x32,0x32,0x32,0x32,0x32,
    0x32,0x32,0x32,0x32,0x32,0x32,0x32,0x32,0x32,0x32,0x32,0x32,0x32,0x32,0x32,0x32,
    0x32,0x32,0x32,0x32,0x32,0x32,0x32,0x32,0x32,0x32,0x32,0x32,0x32,0x32,0x32,0x32,
    0x32,0x32,0x32,0x32,0x32,0x32,0x32,0x32,0x32,0x32,0x32,0x32,0x32,0x32,0x32,0x32,
    0x32,0x32,0x32,0x32,0x32,0x32,0x32,0x32,0x32,0x32,0x32,0x32,0x32,0x32,0x32,0x32,
    0x32,0x32,0x32,0x32,0x32,0x32,0x32,0x32,0x32,0x32,0x32,0x32,0x32,0x32,0x32,0x32,
    0x32,0x32,0x32,0x32,0x32,0x32,0x32,0x32,0x32,0x32,0x32,0x32,0x32,0x32,0x32,0x32,
    0x32,0x32,0x32,0x32,0x32,0x32,0x32,0x32,0x32,0x32,0x32,0x32,0x32,0x32,0x32,0x32,
    0x30,0x2F,0x2F,0x2F,0x30,0x32,0x32,0x32,0x32,0x32,0x32,0x32,0x32,0x32,0x32,0x32,
    0x32,0x32,0x32,0x1E,0x1E,0x1E,0x32,0x32,0x32,0x32,0x32,0x32,0x32,0x32,0x32,0x32,
    0x32,0x32,0x32,0x32,0x32,0x32,0x32,0x32,0x32,0x32,0x32,0x32,0x32,0x32,0x32,0x32,
    0x32,0x32,0x32,0x32,0x32,0x32,0x32,0x32,0x32,0x32,0x32,0x32,0x32,0x32,0x32,0x32,
    0x32,0x32,0x32,0x32,0x32,0x32,0x32,0x32,0x32,0x32,0x32,0x32,0x32,0x32,0x32,0x32,
    0x32,0x32,0x32,0x32,0x32,0x32,0x32,0x32,0x32,0x32,0x32,0x32,0x32,0x32,0x32,0x2F,
    0x10,0x0D,0x0D,0x0D,0x10,0x2F,0x32,0x32,0x32,0x32,0x32,0x32,0x32,0x32,0x32,0x32,
    0x32,0x32,0x32,0x32,0x32,0x32,0x32,0x32,0x32,0x1B,0x1B,0x1B,0x1B,0x1B,0x32,0x32,
    0x32,0x32,0x32,0x32,0x32,0x32,0x32,0x32,0x32,0x32,0x32,0x32,0x32,0x32,0x32,0x32,
    0x32,0x32,0x32,0x32,0x32,0x32,0x32,0x32,0x32,0x32,0x32,0x32,0x32,0x32,0x32,0x32,
    0x32,0x32,0x32,0x32,0x32,0x32,0x32,0x32,0x32,0x32,0x32,0x32,0x32,0x32,0x32,0x32,
    0x32,0x32,0x32,0x32,0x32,0x32,0x32,0x32,0x32,0x32,0x32,0x32,0x32,0x32,0x32,0x32,
    0x30,0x2F,0x2F,0x2F,0x30,0x32,0x32,0x32,0x32,0x32,0x32,0x32,0x32,0x32,0x32,0x32,
    0x32,0x32,0x32,0x32,0x32,0x32,0x32,0x32,0x32,0x32,0x32,0x32,0x32,0x32,0x32,0x32,
    0x32,0x32,0x32,0x32,0x32,0x32,0x32,0x32,0x32,0x32,0x32,0x31,0x30,0x30,0x31,0x32,
    0x32,0x32,0x18,0x18,0x18,0x18,0x18,0x18,0x18,0x32,0x32,0x32,0x32,0x32,0x32,0x32,
    0x32,0x32,0x32,0x32,0x32,0x32,0x32,0x32,0x32,0x32,0x32,0x32,0x32,0x32,0x32,0x32,
    0x32,0x32,0x32,0x32,0x32,0x32,0x32,0x32,0x32,0x32,0x32,0x32,0x32,0x32,0x32,0x32,
    0x32,0x32,0x32,0x32,0x32,0x32,0x32,0x32,0x32,0x32,0x32,0x32,0x32,0x32,0x32,0x32,
    0x32,0x32,0x32,0x32,0x32,0x32,0x32,0x32,0x32,0x32,0x32,0x32,0x32,0x32,0x32,0x32,
    0x32,0x32,0x32,0x32,0x32,0x32,0x32,0x32,0x32,0x32,0x30,0x12,0x10,0x10,0x12,0x30,
    0x32,0x32,0x32,0x32,0x32,0x32,0x32,0x32,0x32,0x32,0x32,0x32,0x32,0x32,0x32,0x32,
    0x32,0x32,0x32,0x32,0x32,0x32,0x32,0x32,0x32,0x32,0x32,0x32,0x32,0x32,0x32,0x32,
    0x32,0x32,0x32,0x32,0x32,0x32,0x32,0x32,0x32,0x32,0x32,0x32,0x32,0x32,0x32,0x32,
    0x32,0x32,0x32,0x32,0x32,0x19,0x19,0x19,0x32,0x32,0x32,0x32,0x32,0x32,0x32,0x32,
    0x32,0x32,0x32,0x32,0x32,0x32,0x32,0x32,0x32,0x32,0x32,0x32,0x32,0x32,0x32,0x32,
    0x32,0x32,0x32,0x32,0x32,0x32,0x32,0x32,0x32,0x32,0x32,0x31,0x30,0x30,0x31,0x32,
    0x32,0x32,0x32,0x32,0x32,0x32,0x32,0x32,0x32,0x32,0x32,0x32,0x32,0x32,0x32,0x32,
    0x32,0x32,0x32,0x32,0x32,0x32,0x32,0x32,0x32,0x32,0x32,0x32,0x32,0x32,0x32,0x32,
    0x32,0x32,0x32,0x32,0x32,0x32,0x32,0x32,0x32,0x32,0x32,0x32,0x32,0x32,0x32,0x32,
    0x32,0x32,0x32,0x32,0x32,0x32,0x32,0x32,0x32,0x32,0x32,0x32,0x32,0x32,0x32,0x32,
    0x32,0x32,0x32,0x32,0x32,0x32,0x32,0x32,0x32,0x32,0x32,0x32,0x32,0x32,0x32,0x32,
    0x32,0x32,0x32,0x32,0x32,0x32,0x32,0x32,0x32,0x32,0x32,0x32,0x32,0x32,0x32,0x32,
    0x32,0x32,0x32,0x32,0x32,0x32,0x32,0x32,0x32,0x32,0x32,0x32,0x32,0x32,0x32,0x32,
    0x32,0x32,0x30,0x30,0x30,0x30,0x30,0x30,0x30,0x32,0x32,0x32,0x32,0x32,0x32,0x32,
    0x32,0x32,0x32,0x32,0x32,0x32,0x32,0x32,0x32,0x32,0x32,0x32,0x32,0x32,0x32,0x32,
    0x32,0x32,0x32,0x32,0x32,0x32,0x32,0x32,0x32,0x32,0x32,0x32,0x32,0x32,0x32,0x32,
    0x32,0x32,0x32,0x32,0x32,0x32,0x32,0x32,0x32,0x32,0x32,0x32,0x32,0x32,0x32,0x32,
    0x32,0x32,0x32,0x32,0x32,0x32,0x32,0x32,0x32,0x32,0x32,0x32,0x32,0x32,0x32,0x32,
    0x32,0x32,0x32,0x32,0x32,0x32,0x32,0x32,0x32,0x32,0x32,0x32,0x32,0x32,0x32,0x32,
    0x32,0x30,0x10,0x0E,0x0E,0x0E,0x0E,0x0E,0x10,0x30,0x32,0x32,0x32,0x32,0x32,0x32,
    0x32,0x32,0x32,0x32,0x32,0x32,0x32,0x32,0x32,0x32,0x32,0x32,0x32,0x32,0x32,0x32,
    0x32,0x32,0x32,0x32,0x32,0x32,0x32,0x32,0x32,0x32,0x32,0x32,0x31,0x31,0x31,0x32,
    0x32,0x32,0x32,0x32,0x32,0x32,0x32,0x32,0x32,0x32,0x32,0x32,0x32,0x32,0x32,0x32,
    0x32,0x32,0x32,0x32,0x32,0x32,0x32,0x32,0x32,0x32,0x32,0x32,0x32,0x32,0x32,0x32,
    0x32,0x32,0x32,0x32,0x32,0x32,0x32,0x32,0x32,0x32,0x32,0x32,0x32,0x32,0x32,0x32,
    0x32,0x32,0x30,0x30,0x30,0x30,0x30,0x30,0x30,0x32,0x32,0x32,0x32,0x32,0x32,0x32,
    0x32,0x32,0x32,0x32,0x32,0x32,0x32,0x32,0x32,0x32,0x32,0x32,0x32,0x32,0x32,0x32,
    0x32,0x32,0x32,0x32,0x32,0x32,0x32,0x32,0x32,0x32,0x32,0x31,0x12,0x11,0x12,0x31,
    0x32,0x32,0x32,0x32,0x32,0x32,0x32,0x32,0x32,0x32,0x32,0x32,0x32,0x32,0x32,0x32,
    0x32,0x32,0x32,0x32,0x32,0x32,0x32,0x32,0x32,0x32,0x32,0x32,0x32,0x32,0x32,0x32,
    0x32,0x32,0x32,0x32,0x32,0x32,0x32,0x32,0x32,0x32,0x32,0x32,0x32,0x32,0x32,0x32,
    0x32,0x32,0x32,0x32,0x32,0x32,0x32,0x32,0x32,0x32,0x32,0x32,0x32,0x32,0x32,0x32,
    0x32,0x32,0x32,0x32,0x32,0x32,0x32,0x32,0x32,0x32,0x32,0x32,0x32,0x32,0x32,0x32,
    0x32,0x32,0x32,0x32,0x32,0x32,0x32,0x32,0x32,0x32,0x32,0x32,0x31,0x31,0x31,0x32,
    0x32,0x32,0x32,0x32,0x32,0x32,0x32,0x32,0x32,0x32,0x32,0x32,0x32,0x32,0x32,0x32,
    0x32,0x32,0x32,0x32,0x32,0x32,0x32,0x32,0x32,0x32,0x32,0x32,0x32,0x32,0x32,0x32,
    0x32,0x32,0x32,0x32,0x32,0x32,0x32,0x32,0x32,0x32,0x32,0x32,0x32,0x32,0x32,0x32,
    0x32,0x32,0x32,0x32,0x32,0x32,0x32,0x32,0x32,0x32,0x32,0x32,0x32,0x32,0x32,0x32,
    0x32,0x32,0x32,0x32,0x32,0x32,0x32,0x32,0x32,0x32,0x32,0x32,0x32,0x32,0x32,0x32,
    0x32,0x32,0x32,0x32,0x32,0x32,0x32,0x32,0x32,0x32,0x32,0x32,0x32,0x32,0x32,0x32,
    0x32,0x32,0x32,0x32,0x32,0x32,0x32,0x32,0x32,0x32,0x32,0x32,0x32,0x32,0x32,0x32,
    0x32,0x32,0x32,0x32,0x32,0x32,0x32,0x32,0x32,0x32,0x32,0x32,0x32,0x32,0x32,0x32,
    0x32,0x32,0x32,0x32,0x32,0x32,0x32,0x32,0x32,0x32,0x32,0x32,0x32,0x32,0x32,0x32,
    0x32,0x32,0x32,0x32,0x32,0x32,0x32,0x32,0x32,0x32,0x32,0x32,0x32,0x32,0x32,0x32,
    0x32,0x32,0x32,0x32,0x32,0x32,0x32,0x32,0x32,0x32,0x32,0x32,0x32,0x32,0x32,0x32,
    0x32,0x32,0x32,0x32,0x32,0x32,0x32,0x32,0x32,0x32,0x32,0x32,0x32,0x32,0x32,0x32,
    0x32,0x32,0x32,0x32,0x32,0x32,0x32,0x32,0x32,0x32,0x32,0x32,0x32,0x32,0x32,0x32,
    0x32,0x32,0x32,0x32,0x32,0x32,0x32,0x32,0x32,0x32,0x32,0x32,0x32,0x32,0x32,0x32,
    0x32,0x32,0x32,0x32,0x32,0x32,0x32,0x32,0x32,0x32,0x32,0x32,0x32,0x32,0x32,0x32,
    0x32,0x32,0x32,0x32,0x32,0x32,0x32,0x32,0x32,0x32,0x32,0x32,0x32,0x32,0x32,0x32,
    0x32,0x32,0x32,0x32,0x32,0x32,0x32,0x14,0x14,0x14,0x14,0x32,0x32,0x32,0x32,0x32,
    0x32,0x32,0x32,0x32,0x32,0x32,0x32,0x32,0x32,0x32,0x32,0x32,0x32,0x32,0x32,0x32,
    0x32,0x19,0x19,0x19,0x19,0x19,0x32,0x32,0x32,0x32,0x32,0x32,0x32,0x32,0x32,0x32,
    0x32,0x32,0x32,0x32,0x32,0x32,0x32,0x32,0x32,0x32,0x32,0x32,0x32,0x32,0x32,0x32,
    0x32,0x32,0x32,0x32,0x32,0x32,0x32,0x32,0x32,0x31,0x30,0x31,0x32,0x32,0x32,0x32,
    0x32,0x32,0x32,0x32,0x32,0x32,0x32,0x32,0x32,0x32,0x32,0x32,0x32,0x32,0x32,0x32,
    0x32,0x32,0x32,0x32,0x32,0x32,0x32,0x32,0x32,0x32,0x32,0x32,0x32,0x31,0x31,0x31,
    0x31,0x31,0x31,0x31,0x32,0x32,0x32,0x32,0x32,0x32,0x32,0x32,0x32,0x32,0x32,0x32,
    0x32,0x32,0x32,0x32,0x32,0x32,0x32,0x32,0x32,0x32,0x32,0x32,0x32,0x32,0x32,0x32,
    0x32,0x32,0x32,0x32,0x32,0x32,0x32,0x32,0x32,0x32,0x32,0x32,0x32,0x32,0x32,0x32,
    0x32,0x32,0x32,0x32,0x32,0x32,0x32,0x32,0x30,0x11,0x0F,0x11,0x30,0x32,0x32,0x32,
    0x32,0x32,0x32,0x32,0x32,0x32,0x32,0x32,0x32,0x32,0x32,0x32,0x32,0x32,0x32,0x32,
    0x32,0x32,0x32,0x32,0x32,0x32,0x32,0x32,0x32,0x32,0x32,0x32,0x31,0x12,0x11,0x11,
    0x11,0x11,0x11,0x12,0x31,0x32,0x32,0x32,0x32,0x32,0x32,0x32,0x32,0x32,0x32,0x32,
    0x32,0x32,0x32,0x32,0x32,0x32,0x32,0x32,0x32,0x32,0x32,0x32,0x32,0x32,0x32,0x32,
    0x32,0x32,0x32,0x32,0x32,0x32,0x32,0x32,0x32,0x32,0x32,0x32,0x32,0x32,0x32,0x32,
    0x32,0x32,0x32,0x32,0x32,0x32,0x32,0x32,0x32,0x31,0x30,0x31,0x32,0x32,0x32,0x32,
    0x32,0x32,0x32,0x32,0x32,0x32,0x32,0x32,0x32,0x32,0x32,0x32,0x32,0x32,0x1D,0x1D,
    0x1D,0x1D,0x32,0x32,0x32,0x32,0x32,0x32,0x32,0x32,0x32,0x32,0x32,0x31,0x31,0x31,
    0x31,0x31,0x31,0x31,0x32,0x32,0x32,0x32,0x32,0x32,0x32,0x32,0x32,0x32,0x32,0x32,
    0x32,0x32,0x32,0x32,0x32,0x32,0x32,0x32,0x32,0x32,0x32,0x32,0x32,0x32,0x32,0x32,
    0x32,0x32,0x32,0x32,0x32,0x32,0x32,0x32,0x32,0x32,0x32,0x32,0x32,0x32,0x32,0x32,
    0x32,0x32,0x32,0x32,0x32,0x32,0x32,0x32,0x32,0x32,0x32,0x32,0x32,0x32,0x32,0x32,
    0x32,0x32,0x32,0x32,0x32,0x32,0x32,0x32,0x32,0x32,0x32,0x32,0x32,0x32,0x32,0x32,
    0x32,0x32,0x32,0x32,0x32,0x32,0x32,0x32,0x32,0x32,0x32,0x32,0x32,0x32,0x32,0x32,
    0x32,0x32,0x32,0x32,0x32,0x32,0x32,0x32,0x32,0x32,0x32,0x32,0x32,0x32,0x32,0x32,
    0x32,0x32,0x32,0x32,0x32,0x32,0x32,0x32,0x32,0x32,0x32,0x32,0x32,0x32,0x32,0x32,
    0x32,0x32,0x32,0x32,0x32,0x32,0x32,0x32,0x32,0x32,0x32,0x32,0x32,0x32,0x32,0x32,
    0x32,0x32,0x32,0x32,0x32,0x32,0x32,0x32,0x32,0x32,0x32,0x32,0x32,0x32,0x32,0x32,
    0x32,0x32,0x32,0x32,0x32,0x32,0x32,0x32,0x32,0x32,0x32,0x32,0x32,0x32,0x32,0x32,
    0x32,0x31,0x32,0x32,0x32,0x32,0x32,0x32,0x32,0x32,0x32,0x32,0x32,0x32,0x32,0x32,
    0x32,0x32,0x32,0x32,0x32,0x32,0x32,0x32,0x32,0x32,0x32,0x1F,0x1F,0x1F,0x32,0x32,
    0x32,0x32,0x32,0x32,0x32,0x32,0x32,0x32,0x32,0x32,0x32,0x32,0x32,0x32,0x32,0x32,
    0x32,0x32,0x32,0x32,0x32,0x32,0x32,0x32,0x32,0x32,0x32,0x32,0x32,0x32,0x32,0x32,
    0x32,0x32,0x32,0x32,0x32,0x32,0x32,0x32,0x32,0x32,0x32,0x32,0x32,0x32,0x32,0x31,
    0x31,0x31,0x31,0x31,0x31,0x32,0x32,0x32,0x32,0x32,0x32,0x32,0x32,0x32,0x32,0x31,
    0x14,0x13,0x14,0x31,0x32,0x32,0x32,0x32,0x32,0x32,0x32,0x32,0x32,0x32,0x32,0x32,
    0x32,0x32,0x32,0x31,0x30,0x30,0x30,0x30,0x31,0x32,0x32,0x32,0x32,0x32,0x32,0x32,
    0x32,0x32,0x32,0x32,0x32,0x32,0x32,0x32,0x32,0x32,0x32,0x32,0x32,0x32,0x32,0x32,
    0x32,0x32,0x32,0x32,0x32,0x32,0x32,0x32,0x32,0x32,0x32,0x32,0x32,0x32,0x32,0x32,
    0x32,0x32,0x32,0x32,0x32,0x32,0x32,0x32,0x32,0x32,0x32,0x32,0x32,0x32,0x31,0x13,
    0x12,0x12,0x12,0x12,0x13,0x31,0x32,0x32,0x32,0x32,0x32,0x32,0x32,0x32,0x32,0x32,
    0x32,0x31,0x32,0x32,0x32,0x32,0x32,0x32,0x32,0x32,0x32,0x32,0x32,0x32,0x32,0x32,
    0x32,0x32,0x30,0x12,0x10,0x10,0x10,0x10,0x12,0x30,0x32,0x32,0x32,0x32,0x32,0x32,
    0x32,0x32,0x32,0x32,0x32,0x32,0x32,0x32,0x32,0x32,0x32,0x32,0x32,0x32,0x32,0x32,
    0x32,0x32,0x32,0x32,0x32,0x32,0x32,0x32,0x32,0x32,0x32,0x32,0x32,0x32,0x32,0x32,
    0x32,0x32,0x32,0x32,0x32,0x32,0x32,0x32,0x32,0x32,0x32,0x32,0x32,0x32,0x32,0x31,
    0x31,0x31,0x31,0x31,0x31,0x32,0x32,0x32,0x32,0x32,0x32,0x32,0x32,0x32,0x32,0x32,
    0x32,0x32,0x32,0x32,0x32,0x32,0x32,0x32,0x32,0x32,0x32,0x32,0x32,0x32,0x32,0x32,
    0x32,0x32,0x32,0x31,0x30,0x30,0x30,0x30,0x31,0x32,0x32,0x32,0x32,0x32,0x32,0x32,
    0x32,0x32,0x30,0x30,0x30,0x30,0x30,0x32,0x32,0x32,0x32,0x32,0x32,0x32,0x32,0x32,
    0x32,0x32,0x32,0x32,0x32,0x32,0x32,0x32,0x32,0x32,0x32,0x32,0x32,0x32,0x32,0x32,
    0x32,0x32,0x32,0x32,0x32,0x32,0x32,0x32,0x32,0x32,0x32,0x32,0x32,0x32,0x32,0x32,
    0x32,0x32,0x32,0x32,0x32,0x32,0x32,0x32,0x32,0x32,0x32,0x32,0x32,0x32,0x32,0x32,
    0x32,0x32,0x32,0x32,0x32,0x32,0x32,0x32,0x32,0x32,0x32,0x32,0x32,0x32,0x32,0x32,
    0x32,0x32,0x2F,0x2F,0x2F,0x2F,0x2F,0x30,0x32,0x32,0x32,0x32,0x32,0x32,0x32,0x32,
    0x32,0x30,0x10,0x0E,0x0E,0x0E,0x10,0x30,0x32,0x32,0x32,0x32,0x32,0x32,0x32,0x32,
    0x32,0x32,0x32,0x32,0x32,0x32,0x32,0x32,0x32,0x32,0x32,0x32,0x32,0x32,0x32,0x32,
    0x32,0x32,0x32,0x32,0x32,0x32,0x32,0x32,0x1B,0x1B,0x1B,0x32,0x32,0x32,0x32,0x32,
    0x32,0x32,0x32,0x32,0x32,0x32,0x32,0x32,0x32,0x32,0x32,0x32,0x32,0x32,0x32,0x32,
    0x32,0x32,0x32,0x32,0x32,0x32,0x32,0x32,0x32,0x32,0x32,0x32,0x32,0x32,0x32,0x32,
    0x32,0x20,0x0D,0x0D,0x0D,0x0D,0x0D,0x10,0x2F,0x32,0x32,0x32,0x32,0x32,0x32,0x32,
    0x32,0x32,0x30,0x30,0x30,0x30,0x30,0x32,0x32,0x32,0x32,0x32,0x32,0x32,0x32,0x18,
    0x18,0x18,0x18,0x18,0x18,0x18,0x32,0x32,0x32,0x32,0x32,0x32,0x32,0x32,0x32,0x32,
    0x32,0x32,0x32,0x32,0x32,0x32,0x32,0x32,0x32,0x32,0x32,0x32,0x32,0x32,0x32,0x32,
    0x32,0x32,0x32,0x32,0x32,0x32,0x32,0x32,0x32,0x32,0x32,0x32,0x32,0x32,0x30,0x2F,
    0x2F,0x30,0x32,0x32,0x32,0x32,0x32,0x32,0x32,0x32,0x32,0x32,0x32,0x32,0x32,0x32,
    0x32,0x32,0x2F,0x2F,0x2F,0x2F,0x2F,0x30,0x32,0x32,0x32,0x32,0x32,0x32,0x32,0x32,
    0x32,0x32,0x32,0x32,0x32,0x32,0x32,0x32,0x32,0x32,0x32,0x32,0x32,0x32,0x32,0x32,
    0x32,0x32,0x32,0x32,0x32,0x32,0x32,0x32,0x32,0x32,0x32,0x32,0x32,0x32,0x32,0x32,
    0x32,0x32,0x32,0x32,0x32,0x32,0x32,0x32,0x32,0x32,0x32,0x32,0x32,0x32,0x32,0x32,
    0x32,0x32,0x32,0x32,0x32,0x32,0x32,0x32,0x32,0x32,0x32,0x32,0x32,0x2F,0x10,0x0D,
    0x0D,0x10,0x2F,0x32,0x32,0x32,0x32,0x32,0x32,0x32,0x32,0x32,0x32,0x32,0x32,0x32,
    0x32,0x32,0x32,0x32,0x32,0x32,0x32,0x32,0x32,0x32,0x32,0x32,0x32,0x32,0x32,0x32,
    0x32,0x32,0x32,0x32,0x32,0x32,0x32,0x32,0x32,0x32,0x32,0x32,0x32,0x32,0x32,0x32,
    0x32,0x32,0x32,0x32,0x32,0x32,0x32,0x32,0x32,0x32,0x32,0x32,0x32,0x32,0x32,0x32,
    0x32,0x32,0x32,0x32,0x32,0x32,0x32,0x32,0x32,0x32,0x32,0x32,0x32,0x32,0x32,0x32,
    0x32,0x32,0x32,0x32,0x32,0x32,0x32,0x32,0x32,0x32,0x32,0x32,0x32,0x32,0x30,0x2F,
    0x2F,0x30,0x32,0x32,0x32,0x32,0x32,0x16,0x16,0x16,0x16,0x32,0x32,0x32,0x32,0x32,
    0x32,0x32,0x32,0x32,0x32,0x32,0x32,0x32,0x32,0x32,0x32,0x32,0x32,0x32,0x32,0x32,
    0x32,0x32,0x32,0x32,0x32,0x32,0x32,0x32,0x32,0x32,0x32,0x32,0x32,0x32,0x32,0x32,
    0x32,0x32,0x32,0x32,0x32,0x32,0x32,0x32,0x32,0x32,0x32,0x32,0x32,0x32,0x32,0x32,
    0x32,0x32,0x32,0x32,0x32,0x32,0x32,0x32,0x32,0x32,0x32,0x32,0x32,0x32,0x32,0x32,
    0x32,0x32,0x32,0x32,0x32,0x32,0x32,0x32,0x32,0x32,0x32,0x32,0x32,0x32,0x32,0x32,
    0x32,0x32,0x32,0x32,0x32,0x32,0x32,0x32,0x32,0x32,0x32,0x32,0x32,0x32,0x32,0x32,
    0x32,0x32,0x32,0x32,0x32,0x32,0x32,0x32,0x32,0x20,0x20,0x20,0x20,0x20,0x32,0x32,
    0x32,0x32,0x32,0x32,0x32,0x32,0x32,0x32,0x32,0x32,0x32,0x32,0x32,0x32,0x32,0x32,
    0x32,0x32,0x32,0x32,0x32,0x32,0x32,0x32,0x32,0x32,0x32,0x32,0x32,0x32,0x32,0x32,
    0x32,0x32,0x32,0x32,0x32,0x32,0x32,0x32,0x32,0x32,0x32,0x32,0x32,0x32,0x32,0x32,
    0x32,0x32,0x32,0x32,0x32,0x32,0x32,0x32,0x32,0x32,0x32,0x32,0x32,0x32,0x32,0x32,
    0x32,0x32,0x32,0x32,0x32,0x32,0x32,0x32,0x32,0x32,0x32,0x32,0x32,0x32,0x32,0x32,
    0x32,0x32,0x32,0x32,0x32,0x32,0x32,0x32,0x32,0x32,0x32,0x32,0x32,0x2F,0x2F,0x2F,
    0x2F,0x30,0x32,0x32,0x32,0x32,0x32,0x32,0x32,0x32,0x32,0x32,0x32,0x32,0x32,0x32,
    0x32,0x32,0x32,0x32,0x32,0x32,0x32,0x32,0x32,0x32,0x32,0x32,0x32,0x32,0x32,0x32,
    0x32,0x32,0x32,0x32,0x32,0x32,0x32,0x32,0x32,0x32,0x32,0x32,0x32,0x32,0x32,0x32,
    0x32,0x32,0x32,0x32,0x32,0x32,0x32,0x32,0x32,0x32,0x32,0x32,0x32,0x32,0x32,0x32,
    0x32,0x32,0x32,0x32,0x32,0x32,0x32,0x32,0x32,0x32,0x32,0x32,0x32,0x32,0x32,0x32,
    0x32,0x32,0x32,0x32,0x32,0x32,0x32,0x32,0x32,0x32,0x32,0x32,0x2F,0x10,0x0D,0x0D,
    0x0D,0x10,0x2F,0x32,0x32,0x32,0x32,0x32,0x32,0x32,0x32,0x32,0x32,0x32,0x32,0x32,
    0x32,0x32,0x32,0x32,0x32,0x32,0x32,0x32,0x32,0x32,0x32,0x32,0x32,0x32,0x32,0x32,
    0x32,0x32,0x32,0x32,0x32,0x32,0x32,0x32,0x32,0x32,0x32,0x32,0x32,0x32,0x32,0x32,
    0x32,0x32,0x32,0x32,0x32,0x32,0x32,0x32,0x32,0x32,0x32,0x32,0x32,0x32,0x32,0x32,
    0x32,0x32,0x32,0x32,0x32,0x32,0x32,0x32,0x32,0x32,0x32,0x32,0x32,0x32,0x32,0x32,
    0x32,0x32,0x32,0x32,0x32,0x32,0x32,0x32,0x32,0x32,0x32,0x32,0x32,0x30,0x2F,0x2F,
    0x2F,0x30,0x32,0x32,0x32,0x32,0x32,0x32,0x32,0x32,0x32,0x32,0x32,0x32,0x32,0x32,
    0x32,0x32,0x32,0x32,0x32,0x32,0x32,0x32,0x32,0x32,0x32,0x32,0x32,0x32,0x32,0x32,
    0x32,0x32,0x32,0x32,0x32,0x32,0x32,0x32,0x32,0x32,0x32,0x32,0x32,0x32,0x32,0x32,
    0x32,0x32,0x32,0x32,0x32,0x32,0x32,0x32,0x32,0x32,0x32,0x32,0x32,0x32,0x32,0x32,
    0x32,0x32,0x32,0x32,0x32,0x32,0x32,0x32,0x32,0x32,0x32,0x32,0x32,0x32,0x32,0x32,
    0x32,0x32,0x32,0x32,0x32,0x32,0x32,0x32,0x32,0x32,0x32,0x32,0x32,0x32,0x32,0x32,
    0x32,0x32,0x32,0x32,0x32,0x32,0x32,0x32,0x32,0x32,0x32,0x32,0x32,0x32,0x32,0x32,
    0x32,0x32,0x32,0x32,0x32,0x32,0x32,0x32,0x32,0x32,0x32,0x32,0x32,0x32,0x32,0x32,
    0x32,0x32,0x32,0x32,0x32,0x32,0x32,0x32,0x32,0x32,0x32,0x32,0x32,0x32,0x32,0x32,
    0x32,0x32,0x32,0x32,0x32,0x32,0x32,0x32,0x32,0x32,0x32,0x32,0x32,0x32,0x32,0x32,
    0x32,0x32,0x32,0x32,0x32,0x32,0x32,0x32,0x32,0x32,0x32,0x32,0x32,0x32,0x32,0x32,
    0x32,0x32,0x32,0x32,0x32,0x32,0x32,0x32,0x32,0x32,0x32,0x32,0x32,0x32,0x32,0x32,
    0x32,0x32,0x32,0x32,0x32,0x32,0x32,0x32,0x32,0x32,0x32,0x32,0x32,0x32,0x32,0x32,
    0x32,0x32,0x32,0x32,0x32,0x32,0x32,0x32,0x32,0x32,0x32,0x32,0x32,0x32,0x32,0x32,
    0x32,0x32,0x32,0x32,0x32,0x32,0x32,0x32,0x32,0x32,0x32,0x32,0x32,0x32,0x32,0x32,
    0x32,0x32,0x32,0x32,0x32,0x32,0x32,0x32,0x32,0x32,0x32,0x32,0x32,0x32,0x32,0x32,
    0x32,0x32,0x32,0x32,0x32,0x32,0x32,0x32,0x32,0x32,0x32,0x32,0x32,0x32,0x32,0x32,
    0x32,0x32,0x32,0x32,0x32,0x32,0x32,0x32,0x32,0x32,0x32,0x32,0x32,0x32,0x32,0x32,
    0x32,0x32,0x32,0x32,0x32,0x32,0x32,0x32,0x32,0x32,0x32,0x32,0x32,0x32,0x32,0x32,
    0x32,0x32,0x32,0x32,0x32,0x32,0x32,0x32,0x32,0x31,0x30,0x31,0x32,0x32,0x32,0x32,
    0x32,0x32,0x32,0x32,0x32,0x32,0x32,0x32,0x32,0x32,0x32,0x32,0x32,0x32,0x32,0x32,
    0x32,0x32,0x32,0x32,0x32,0x32,0x32,0x32,0x32,0x32,0x32,0x32,0x32,0x32,0x32,0x32,
    0x32,0x1F,0x1F,0x1F,0x1F,0x1F,0x1F,0x32,0x32,0x32,0x32,0x32,0x32,0x32,0x32,0x32,
    0x32,0x32,0x32,0x32,0x32,0x32,0x32,0x32,0x32,0x32,0x32,0x32,0x32,0x32,0x32,0x32,
    0x32,0x32,0x32,0x32,0x32,0x32,0x32,0x32,0x32,0x32,0x32,0x32,0x32,0x32,0x32,0x32,
    0x1B,0x1B,0x1B,0x1B,0x1B,0x1B,0x32,0x32,0x30,0x12,0x10,0x12,0x30,0x32,0x32,0x32,
    0x32,0x32,0x32,0x32,0x32,0x32,0x32,0x32,0x32,0x32,0x32,0x32,0x32,0x32,0x32,0x32,
    0x32,0x32,0x32,0x32,0x32,0x32,0x32,0x32,0x32,0x32,0x32,0x32,0x32,0x32,0x32,0x32,
    0x32,0x32,0x32,0x32,0x32,0x32,0x32,0x32,0x32,0x32,0x32,0x32,0x32,0x32,0x32,0x32,
    0x32,0x32,0x32,0x32,0x32,0x32,0x32,0x32,0x32,0x32,0x32,0x32,0x32,0x32,0x32,0x32,
    0x32,0x32,0x32,0x32,0x32,0x32,0x32,0x32,0x32,0x32,0x32,0x32,0x32,0x32,0x32,0x32,
    0x32,0x32,0x32,0x32,0x32,0x32,0x32,0x32,0x32,0x31,0x30,0x31,0x32,0x32,0x32,0x32,
    0x32,0x32,0x32,0x32,0x32,0x32,0x32,0x32,0x32,0x32,0x32,0x32,0x32,0x32,0x32,0x32,
    0x32,0x32,0x32,0x32,0x32,0x32,0x32,0x32,0x32,0x32,0x32,0x32,0x32,0x32,0x32,0x32,
    0x32,0x32,0x32,0x32,0x32,0x32,0x32,0x32,0x32,0x32,0x32,0x31,0x30,0x30,0x30,0x30,
    0x31,0x32,0x32,0x32,0x32,0x32,0x32,0x32,0x32,0x32,0x32,0x32,0x32,0x32,0x32,0x32,
    0x32,0x32,0x32,0x32,0x32,0x32,0x32,0x32,0x32,0x32,0x32,0x32,0x32,0x32,0x32,0x32,
    0x32,0x32,0x32,0x32,0x32,0x32,0x32,0x32,0x32,0x32,0x32,0x31,0x31,0x31,0x32,0x32,
    0x32,0x32,0x32,0x32,0x32,0x32,0x32,0x32,0x32,0x32,0x32,0x32,0x32,0x32,0x32,0x32,
    0x32,0x32,0x32,0x32,0x32,0x32,0x32,0x32,0x32,0x32,0x32,0x32,0x32,0x32,0x32,0x32,
    0x32,0x32,0x32,0x32,0x32,0x32,0x32,0x32,0x32,0x32,0x30,0x12,0x10,0x10,0x10,0x10,
    0x12,0x30,0x32,0x32,0x32,0x32,0x32,0x32,0x32,0x32,0x32,0x32,0x32,0x32,0x32,0x1D,
    0x1D,0x1D,0x1D,0x1D,0x32,0x32,0x32,0x32,0x32,0x32,0x32,0x32,0x32,0x32,0x32,0x32,
    0x32,0x32,0x32,0x32,0x32,0x32,0x32,0x32,0x32,0x32,0x31,0x13,0x12,0x13,0x31,0x32,
    0x32,0x32,0x32,0x32,0x32,0x32,0x32,0x32,0x32,0x32,0x32,0x32,0x32,0x32,0x32,0x32,
    0x32,0x32,0x32,0x32,0x32,0x32,0x32,0x32,0x32,0x32,0x32,0x32,0x32,0x32,0x32,0x32,
    0x32,0x32,0x32,0x32,0x32,0x32,0x32,0x32,0x32,0x32,0x32,0x2F,0x2F,0x2F,0x2F,0x30,
    0x31,0x32,0x32,0x32,0x32,0x32,0x32,0x32,0x32,0x32,0x32,0x32,0x32,0x32,0x32,0x32,
    0x32,0x32,0x32,0x32,0x32,0x32,0x32,0x32,0x32,0x32,0x32,0x32,0x32,0x32,0x32,0x32,
    0x32,0x32,0x32,0x32,0x32,0x32,0x32,0x32,0x32,0x32,0x32,0x31,0x31,0x31,0x32,0x32,
    0x32,0x32,0x32,0x32,0x32,0x32,0x32,0x32,0x32,0x32,0x32,0x32,0x32,0x32,0x32,0x32,
    0x32,0x32,0x32,0x32,0x32,0x32,0x32,0x32,0x32,0x32,0x32,0x32,0x32,0x32,0x32,0x32,
    0x32,0x32,0x32,0x32,0x32,0x32,0x32,0x32,0x1F,0x1F,0x1F,0x1F,0x1F,0x1F,0x1F,0x32,
    0x32,0x32,0x32,0x32,0x32,0x32,0x32,0x32,0x32,0x32,0x32,0x32,0x32,0x32,0x32,0x32,
    0x32,0x32,0x32,0x32,0x32,0x32,0x32,0x32,0x32,0x32,0x32,0x32,0x32,0x32,0x32,0x32,
    0x32,0x32,0x32,0x32,0x32,0x32,0x32,0x32,0x32,0x32,0x32,0x32,0x32,0x32,0x32,0x32,
    0x32,0x32,0x32,0x32,0x32,0x32,0x32,0x32,0x32,0x32,0x32,0x32,0x32,0x32,0x32,0x32,
    0x32,0x32,0x32,0x32,0x32,0x32,0x32,0x32,0x32,0x32,0x32,0x32,0x32,0x32,0x32,0x32,
    0x32,0x32,0x32,0x32,0x32,0x32,0x32,0x32,0x32,0x32,0x32,0x32,0x2F,0x2F,0x2F,0x31,
    0x31,0x32,0x32,0x32,0x32,0x32,0x32,0x32,0x32,0x32,0x32,0x32,0x32,0x32,0x32,0x32,
    0x32,0x32,0x32,0x32,0x32,0x32,0x32,0x32,0x32,0x32,0x32,0x32,0x32,0x32,0x32,0x32,
    0x32,0x32,0x32,0x32,0x32,0x32,0x32,0x32,0x32,0x32,0x32,0x32,0x32,0x32,0x32,0x32,
    0x32,0x32,0x32,0x32,0x32,0x32,0x32,0x32,0x32,0x32,0x32,0x32,0x32,0x32,0x32,0x32,
    0x32,0x32,0x32,0x32,0x32,0x32,0x32,0x32,0x32,0x32,0x32,0x32,0x32,0x32,0x32,0x32,
    0x32,0x32,0x32,0x32,0x32,0x32,0x32,0x32,0x32,0x32,0x32,0x31,0x14,0x13,0x13,0x13,
    0x13,0x14,0x31,0x32,0x32,0x32,0x32,0x32,0x32,0x32,0x32,0x32,0x32,0x32,0x32,0x32,
    0x32,0x32,0x32,0x32,0x32,0x32,0x32,0x32,0x32,0x32,0x32,0x32,0x32,0x32,0x32,0x32,
    0x32,0x32,0x32,0x32,0x32,0x32,0x32,0x32,0x32,0x32,0x32,0x32,0x32,0x32,0x32,0x32,
    0x32,0x32,0x32,0x32,0x32,0x32,0x32,0x32,0x32,0x32,0x32,0x32,0x32,0x32,0x32,0x32,
    0x32,0x32,0x32,0x32,0x32,0x32,0x32,0x32,0x32,0x32,0x32,0x32,0x32,0x32,0x32,0x32,
    0x32,0x32,0x32,0x32,0x32,0x32,0x32,0x32,0x32,0x32,0x32,0x32,0x32,0x31,0x31,0x31,
    0x31,0x32,0x32,0x32,0x32,0x32,0x32,0x32,0x32,0x32,0x32,0x32,0x32,0x32,0x32,0x32,
    0x32,0x32,0x32,0x32,0x32,0x32,0x32,0x32,0x32,0x32,0x32,0x32,0x32,0x32,0x32,0x32,
    0x32,0x32,0x32,0x32,0x32,0x32,0x32,0x32,0x32,0x32,0x32,0x32,0x32,0x32,0x32,0x32,
};

const lv_image_dsc_t ui_img_focus_paper_texture = {
    .header.magic = LV_IMAGE_HEADER_MAGIC,
    .header.cf = LV_COLOR_FORMAT_RGB565A8,
    .header.flags = 0,
    .header.w = 96,
    .header.h = 96,
    .header.stride = 192,
    .data_size = sizeof(ui_img_focus_paper_texture_data),
    .data = ui_img_focus_paper_texture_data,
};
