// Generated by png_to_lvgl_native_alpha.py
#include "../ui.h"

#ifndef LV_ATTRIBUTE_MEM_ALIGN
#define LV_ATTRIBUTE_MEM_ALIGN
#endif

const LV_ATTRIBUTE_MEM_ALIGN uint8_t ui_img_focus_left_decor_finished_data[] = {
    0xBA,0xFF,0xBA,0xFF,0xBA,0xFF,0xBA,0xFF,0xBA,0xFF,0xBA,0xFF,0xBA,0xFF,0xBA,0xFF,
    0xBA,0xFF,0xBA,0xFF,0xBA,0xFF,0xBA,0xFF,0xBA,0xFF,0xBA,0xFF,0xBA,0xFF,0xBA,0xFF,
    0xBA,0xFF,0xBA,0xFF,0xBA,0xFF,0xBA,0xFF,0xBA,0xFF,0xBA,0xFF,0xBA,0xFF,0xBA,0xFF,
    0xBA,0xFF,0xBA,0xFF,0xBA,0xFF,0xBA,0xFF,0xBA,0xFF,0xBA,0xFF,0xBA,0xFF,0xBA,0xFF,
    0xBA,0xFF,0xBA,0xFF,0xBA,0xFF,0xBA,0xFF,0x35,0xF7,0xAE,0xEE,0xD0,0xEE,0x56,0xFF,
    0xBA,0xFF,0xBA,0xFF,0xBA,0xFF,0xBA,0xFF,0xBA,0xFF,0xBA,0xFF,0xBA,0xFF,0xBA,0xFF,
    0xBA,0xFF,0xBA,0xFF,0xBA,0xFF,0xBA,0xFF,0xBA,0xFF,0xBA,0xFF,0xBA,0xFF,0xBA,0xFF,
    0xBA,0xFF,0xBA,0xFF,0xBA,0xFF,0xBA,0xFF,0xBA,0xFF,0xBA,0xFF,0xBA,0xFF,0xBA,0xFF,
    0xBA,0xFF,0xBA,0xFF,0xBA,0xFF,0xBA,0xFF,0xBA,0xFF,0xBA,0xFF,0xBA,0xFF,0xBA,0xFF,
    0xBA,0xFF,0xBA,0xFF,0xBA,0xFF,0xBA,0xFF,0xBA,0xFF,0xBA,0xFF,0xBA,0xFF,0xBA,0xFF,
    0xBA,0xFF,0xBA,0xFF,0xBA,0xFF,0xBA,0xFF,0xBA,0xFF,0xBA,0xFF,0xBA,0xFF,0xBA,0xFF,
    0xBA,0xFF,0xBA,0xFF,0xBA,0xFF,0xBA,0xFF,0xBA,0xFF,0xBA,0xFF,0xBA,0xFF,0xBA,0xFF,
    0xBA,0xFF,0xBA,0xFF,0xBA,0xFF,0xBA,0xFF,0xBA,0xFF,0xBA,0xFF,0xBA,0xFF,0xBA,0xFF,
    0xBA,0xFF,0xBA,0xFF,0xBA,0xFF,0xBA,0xFF,0xBA,0xFF,0xBA,0xFF,0xBA,0xFF,0xBA,0xFF,
    0xBA,0xFF,0xBA,0xFF,0xBA,0xFF,0xBA,0xFF,0xBA,0xFF,0xBA,0xFF,0xBA,0xFF,0xBA,0xFF,
    0xBA,0xFF,0xBA,0xFF,0xBA,0xFF,0xBA,0xFF,0xBA,0xFF,0xBA,0xFF,0xBA,0xFF,0xBA,0xFF,
    0xBA,0xFF,0xBA,0xFF,0xBA,0xFF,0xBA,0xFF,0xBA,0xFF,0xBA,0xFF,0xBA,0xFF,0xBA,0xFF,
    0xBA,0xFF,0xBA,0xFF,0xBA,0xFF,0xBA,0xFF,0xBA,0xFF,0xBA,0xFF,0xBA,0xFF,0xBA,0xFF,
    0xBA,0xFF,0xBA,0xFF,0xBA,0xFF,0xBA,0xFF,0xBA,0xFF,0xBA,0xFF,0xBA,0xFF,0xBA,0xFF,
    0xBA,0xFF,0xBA,0xFF,0xBA,0xFF,0xBA,0xFF,0xBA,0xFF,0xBA,0xFF,0xBA,0xFF,0xBA,0xFF,
    0xBA,0xFF,0xBA,0xFF,0xBA,0xFF,0xBA,0xFF,0xBA,0xFF,0xBA,0xFF,0xBA,0xFF,0xBA,0xFF,
    0xBA,0xFF,0xBA,0xFF,0xBA,0xFF,0xBA,0xFF,0xBA,0xFF,0xBA,0xFF,0xBA,0xFF,0xBA,0xFF,
    0xBA,0xFF,0xBA,0xFF,0xBA,0xFF,0xBA,0xFF,0xBA,0xFF,0xBA,0xFF,0xBA,0xFF,0xBA,0xFF,
    0xBA,0xFF,0xBA,0xFF,0xBA,0xFF,0xBA,0xFF,0xBA,0xFF,0xBA,0xFF,0xBA,0xFF,0xBA,0xFF,
    0xBA,0xFF,0xBA,0xFF,0xBA,0xFF,0xBA,0xFF,0xBA,0xFF,0xBA,0xFF,0xBA,0xFF,0xBA,0xFF,
    0xBA,0xFF,0xBA,0xFF,0xBA,0xFF,0xBA,0xFF,0xBA,0xFF,0xBA,0xFF,0xBA,0xFF,0xBA,0xFF,
    0xBA,0xFF,0xBA,0xFF,0xBA,0xFF,0xBA,0xFF,0xBA,0xFF,0xBA,0xFF,0xBA,0xFF,0xBA,0xFF,
    0xBA,0xFF,0xBA,0xFF,0xBA,0xFF,0xBA,0xFF,0xBA,0xFF,0xBA,0xFF,0xBA,0xFF,0xBA,0xFF,
    0xBA,0xFF,0xBA,0xFF,0xBA,0xFF,0xBA,0xFF,0xBA,0xFF,0xBA,0xFF,0xBA,0xFF,0xBA,0xFF,
    0xBA,0xFF,0xBA,0xFF,0xBA,0xFF,0xBA,0xFF,0xBA,0xFF,0xBA,0xFF,0xBA,0xFF,0xBA,0xFF,
    0xBA,0xFF,0xBA,0xFF,0xBA,0xFF,0xBA,0xFF,0xBA,0xFF,0xBA,0xFF,0xBA,0xFF,0xBA,0xFF,
    0xBA,0xFF,0xBA,0xFF,0xBA,0xFF,0xBA,0xFF,0xBA,0xFF,0xBA,0xFF,0xBA,0xFF,0xBA,0xFF,
    0xBA,0xFF,0xBA,0xFF,0xBA,0xFF,0xBA,0xFF,0xBA,0xFF,0xBA,0xFF,0xBA,0xFF,0xBA,0xFF,
    0xBA,0xFF,0xBA,0xFF,0xBA,0xFF,0xBA,0xFF,0xBA,0xFF,0xBA,0xFF,0xBA,0xFF,0xBA,0xFF,
    0xBA,0xFF,0xBA,0xFF,0xBA,0xFF,0xBA,0xFF,0xBA,0xFF,0xBA,0xFF,0xBA,0xFF,0xBA,0xFF,
    0xBA,0xFF,0xBA,0xFF,0xBA,0xFF,0xBA,0xFF,0xBA,0xFF,0xBA,0xFF,0xBA,0xFF,0xBA,0xFF,
    0xBA,0xFF,0xBA,0xFF,0xBA,0xFF,0xBA,0xFF,0xBA,0xFF,0xBA,0xFF,0xBA,0xFF,0xBA,0xFF,
    0xBA,0xFF,0xBA,0xFF,0xBA,0xFF,0xBA,0xFF,0xBA,0xFF,0xBA,0xFF,0xBA,0xFF,0xBA,0xFF,
    0xBA,0xFF,0xBA,0xFF,0xBA,0xFF,0xBA,0xFF,0xBA,0xFF,0xBA,0xFF,0xBA,0xFF,0xBA,0xFF,
    0xBA,0xFF,0xBA,0xFF,0xBA,0xFF,0xBA,0xFF,0xBA,0xFF,0xBA,0xFF,0xBA,0xFF,0xBA,0xFF,
    0xBA,0xFF,0xBA,0xFF,0xBA,0xFF,0xBA,0xFF,0xBA,0xFF,0xBA,0xFF,0xBA,0xFF,0xBA,0xFF,
    0xBA,0xFF,0xBA,0xFF,0xBA,0xFF,0xBA,0xFF,0xBA,0xFF,0xBA,0xFF,0xBA,0xFF,0xBA,0xFF,
    0xBA,0xFF,0xBA,0xFF,0xBA,0xFF,0xBA,0xFF,0xBA,0xFF,0xBA,0xFF,0xBA,0xFF,0xBA,0xFF,
    0xBA,0xFF,0xBA,0xFF,0xBA,0xFF,0xBA,0xFF,0xBA,0xFF,0xBA,0xFF,0xBA,0xFF,0xBA,0xFF,
    0xBA,0xFF,0xBA,0xFF,0xBA,0xFF,0xBA,0xFF,0xBA,0xFF,0xBA,0xFF,0xBA,0xFF,0xBA,0xFF,
    0xBA,0xFF,0xBA,0xFF,0xBA,0xFF,0xBA,0xFF,0xBA,0xFF,0xBA,0xFF,0xBA,0xFF,0xBA,0xFF,
    0xBA,0xFF,0xBA,0xFF,0xBA,0xFF,0xBA,0xFF,0xBA,0xFF,0xBA,0xFF,0xBA,0xFF,0xBA,0xFF,
    0xBA,0xFF,0xBA,0xFF,0xBA,0xFF,0xBA,0xFF,0xBA,0xFF,0xBA,0xFF,0xBA,0xFF,0xBA,0xFF,
    0xBA,0xFF,0xBA,0xFF,0xBA,0xFF,0xBA,0xFF,0xBA,0xFF,0xBA,0xFF,0xBA,0xFF,0xBA,0xFF,
    0xBA,0xFF,0xBA,0xFF,0xBA,0xFF,0xBA,0xFF,0xBA,0xFF,0xBA,0xFF,0xBA,0xFF,0xBA,0xFF,
    0xBA,0xFF,0xBA,0xFF,0xBA,0xFF,0xBA,0xFF,0xBA,0xFF,0xBA,0xFF,0xBA,0xFF,0xBA,0xFF,
    0xBA,0xFF,0xBA,0xFF,0xBA,0xFF,0xBA,0xFF,0xBA,0xFF,0xBA,0xFF,0xBA,0xFF,0xBA,0xFF,
    0xBA,0xFF,0xBA,0xFF,0xBA,0xFF,0xBA,0xFF,0xBA,0xFF,0xBA,0xFF,0xBA,0xFF,0xBA,0xFF,
    0xBA,0xFF,0xBA,0xFF,0xBA,0xFF,0xBA,0xFF,0xBA,0xFF,0xBA,0xFF,0xBA,0xFF,0xBA,0xFF,
    0xBA,0xFF,0xBA,0xFF,0xBA,0xFF,0xBA,0xFF,0xBA,0xFF,0xBA,0xFF,0xBA,0xFF,0xBA,0xFF,
    0xBA,0xFF,0xBA,0xFF,0xBA,0xFF,0xBA,0xFF,0xBA,0xFF,0xBA,0xFF,0xBA,0xFF,0xBA,0xFF,
    0xBA,0xFF,0xBA,0xFF,0xBA,0xFF,0xBA,0xFF,0xBA,0xFF,0xBA,0xFF,0xBA,0xFF,0xBA,0xFF,
    0xBA,0xFF,0xBA,0xFF,0xBA,0xFF,0xBA,0xFF,0xBA,0xFF,0xBA,0xFF,0xBA,0xFF,0xBA,0xFF,
    0xBA,0xFF,0xBA,0xFF,0xBA,0xFF,0xBA,0xFF,0xBA,0xFF,0xBA,0xFF,0xBA,0xFF,0xBA,0xFF,
    0xBA,0xFF,0xBA,0xFF,0xBA,0xFF,0xBA,0xFF,0xBA,0xFF,0xBA,0xFF,0xBA,0xFF,0xBA,0xFF,
    0xBA,0xFF,0xBA,0xFF,0xBA,0xFF,0xBA,0xFF,0xBA,0xFF,0xBA,0xFF,0xBA,0xFF,0xBA,0xFF,
    0xBA,0xFF,0xBA,0xFF,0xBA,0xFF,0xBA,0xFF,0xBA,0xFF,0xBA,0xFF,0xBA,0xFF,0xBA,0xFF,
    0xBA,0xFF,0xBA,0xFF,0xBA,0xFF,0xBA,0xFF,0xBA,0xFF,0xBA,0xFF,0xBA,0xFF,0xBA,0xFF,
    0xBA,0xFF,0xBA,0xFF,0xBA,0xFF,0xBA,0xFF,0xBA,0xFF,0xBA,0xFF,0xBA,0xFF,0xBA,0xFF,
    0xBA,0xFF,0xBA,0xFF,0xBA,0xFF,0xBA,0xFF,0xBA,0xFF,0xBA,0xFF,0xBA,0xFF,0xBA,0xFF,
    0xBA,0xFF,0xBA,0xFF,0xBA,0xFF,0xBA,0xFF,0xBA,0xFF,0xBA,0xFF,0xBA,0xFF,0xBA,0xFF,
    0xBA,0xFF,0xBA,0xFF,0xBA,0xFF,0xBA,0xFF,0xBA,0xFF,0xBA,0xFF,0xBA,0xFF,0xBA,0xFF,
    0xBA,0xFF,0xBA,0xFF,0xBA,0xFF,0xBA,0xFF,0xBA,0xFF,0xBA,0xFF,0xBA,0xFF,0xBA,0xFF,
    0xBA,0xFF,0xBA,0xFF,0xBA,0xFF,0xBA,0xFF,0xBA,0xFF,0xBA,0xFF,0xBA,0xFF,0xBA,0xFF,
    0xBA,0xFF,0xBA,0xFF,0xBA,0xFF,0xBA,0xFF,0xBA,0xFF,0xBA,0xFF,0xBA,0xFF,0xBA,0xFF,
    0xBA,0xFF,0xBA,0xFF,0xBA,0xFF,0xBA,0xFF,0xBA,0xFF,0xBA,0xFF,0xBA,0xFF,0xBA,0xFF,
    0xBA,0xFF,0xBA,0xFF,0xBA,0xFF,0xBA,0xFF,0xBA,0xFF,0xBA,0xFF,0xBA,0xFF,0xBA,0xFF,
    0xBA,0xFF,0xBA,0xFF,0xBA,0xFF,0xBA,0xFF,0xBA,0xFF,0xBA,0xFF,0x99,0xFF,0x91,0xE6,
    0x90,0xE6,0x90,0xE6,0xBA,0xFF,0xBA,0xFF,0xBA,0xFF,0xBA,0xFF,0xBA,0xFF,0xBA,0xFF,
    0xBA,0xFF,0xBA,0xFF,0xBA,0xFF,0xBA,0xFF,0xBA,0xFF,0xBA,0xFF,0xBA,0xFF,0xBA,0xFF,
    0xBA,0xFF,0xBA,0xFF,0xBA,0xFF,0xBA,0xFF,0xBA,0xFF,0xBA,0xFF,0xBA,0xFF,0xBA,0xFF,
    0xBA,0xFF,0xBA,0xFF,0xBA,0xFF,0xBA,0xFF,0xBA,0xFF,0xBA,0xFF,0xBA,0xFF,0xBA,0xFF,
    0xBA,0xFF,0xBA,0xFF,0xBA,0xFF,0xBA,0xFF,0xBA,0xFF,0xBA,0xFF,0xBA,0xFF,0xBA,0xFF,
    0xBA,0xFF,0xBA,0xFF,0xBA,0xFF,0xBA,0xFF,0xBA,0xFF,0xBA,0xFF,0xBA,0xFF,0xBA,0xFF,
    0xBA,0xFF,0xBA,0xFF,0xBA,0xFF,0xBA,0xFF,0xBA,0xFF,0xBA,0xFF,0xBA,0xFF,0xBA,0xFF,
    0x79,0xFF,0x50,0xD6,0xEC,0xCD,0x0C,0xCE,0x4F,0xDE,0x57,0xF7,0xBA,0xFF,0xBA,0xFF,
    0xBA,0xFF,0xBA,0xFF,0xBA,0xFF,0xBA,0xFF,0xCB,0xCD,0x66,0xC5,0x2B,0xDE,0x4B,0xDE,
    0x77,0xFF,0xBA,0xFF,0xBA,0xFF,0xBA,0xFF,0xBA,0xFF,0xBA,0xFF,0xBA,0xFF,0xBA,0xFF,
    0xBA,0xFF,0xBA,0xFF,0xBA,0xFF,0xBA,0xFF,0xBA,0xFF,0xBA,0xFF,0xBA,0xFF,0xBA,0xFF,
    0xBA,0xFF,0xBA,0xFF,0xBA,0xFF,0xBA,0xFF,0xBA,0xFF,0xBA,0xFF,0xBA,0xFF,0xBA,0xFF,
    0xBA,0xFF,0xBA,0xFF,0xBA,0xFF,0xBA,0xFF,0xBA,0xFF,0xBA,0xFF,0xBA,0xFF,0xBA,0xFF,
    0xBA,0xFF,0xBA,0xFF,0xBA,0xFF,0xBA,0xFF,0xBA,0xFF,0xBA,0xFF,0xBA,0xFF,0xBA,0xFF,
    0xBA,0xFF,0xBA,0xFF,0xBA,0xFF,0xBA,0xFF,0xBA,0xFF,0xBA,0xFF,0xBA,0xFF,0xBA,0xFF,
    0xBA,0xFF,0xBA,0xFF,0xBA,0xFF,0xBA,0xFF,0xBA,0xFF,0x8E,0xBD,0x26,0xAD,0x26,0xB5,
    0x46,0xB5,0xA8,0xC5,0xC9,0xCD,0xC9,0xCD,0x2D,0xD6,0xBA,0xFF,0xBA,0xFF,0xBA,0xFF,
    0xBA,0xFF,0xBA,0xFF,0xCB,0xCD,0xA8,0xC5,0x0A,0xD6,0x0B,0xD6,0xBA,0xFF,0xBA,0xFF,
    0xBA,0xFF,0xBA,0xFF,0xBA,0xFF,0xBA,0xFF,0xBA,0xFF,0xBA,0xFF,0xBA,0xFF,0xBA,0xFF,
    0xBA,0xFF,0xBA,0xFF,0xBA,0xFF,0xBA,0xFF,0xBA,0xFF,0xBA,0xFF,0xBA,0xFF,0xBA,0xFF,
    0xBA,0xFF,0xBA,0xFF,0xBA,0xFF,0xBA,0xFF,0xBA,0xFF,0xBA,0xFF,0xBA,0xFF,0xBA,0xFF,
    0xBA,0xFF,0xBA,0xFF,0xBA,0xFF,0xBA,0xFF,0xBA,0xFF,0xBA,0xFF,0xBA,0xFF,0xBA,0xFF,
    0xBA,0xFF,0xBA,0xFF,0xBA,0xFF,0xBA,0xFF,0xBA,0xFF,0xBA,0xFF,0xBA,0xFF,0xBA,0xFF,
    0xBA,0xFF,0xBA,0xFF,0xBA,0xFF,0xBA,0xFF,0xBA,0xFF,0xBA,0xFF,0xBA,0xFF,0xBA,0xFF,
    0xBA,0xFF,0xBA,0xFF,0xAE,0xBD,0x22,0x8C,0x26,0xB5,0x47,0xBD,0x67,0xBD,0x67,0xBD,
    0xE9,0xCD,0x0A,0xD6,0xE8,0xD5,0x2D,0xD6,0xBA,0xFF,0xBA,0xFF,0xBA,0xFF,0xBA,0xFF,
    0x0E,0xD6,0x46,0xBD,0x0B,0xD6,0x36,0xF7,0xBA,0xFF,0xBA,0xFF,0xBA,0xFF,0xBA,0xFF,
    0xBA,0xFF,0xBA,0xFF,0xBA,0xFF,0xBA,0xFF,0xBA,0xFF,0xBA,0xFF,0xBA,0xFF,0xBA,0xFF,
    0xBA,0xFF,0xBA,0xFF,0xBA,0xFF,0xBA,0xFF,0xBA,0xFF,0xBA,0xFF,0xBA,0xFF,0xBA,0xFF,
    0xBA,0xFF,0xBA,0xFF,0xBA,0xFF,0xBA,0xFF,0xBA,0xFF,0xBA,0xFF,0xBA,0xFF,0xBA,0xFF,
    0xBA,0xFF,0xBA,0xFF,0xBA,0xFF,0xBA,0xFF,0xBA,0xFF,0xBA,0xFF,0xBA,0xFF,0xBA,0xFF,
    0xBA,0xFF,0xBA,0xFF,0xBA,0xFF,0xBA,0xFF,0xBA,0xFF,0xBA,0xFF,0xBA,0xFF,0xBA,0xFF,
    0xBA,0xFF,0xBA,0xFF,0xBA,0xFF,0xBA,0xFF,0xBA,0xFF,0xBA,0xFF,0xBA,0xFF,0xBA,0xFF,
    0xA8,0x9C,0x23,0x8C,0x06,0xAD,0x67,0xBD,0x87,0xC5,0xC9,0xCD,0xC9,0xCD,0xC9,0xCD,
    0x8D,0xE6,0x4C,0xDE,0x99,0xFF,0xBA,0xFF,0xBA,0xFF,0xBA,0xFF,0xCB,0xCD,0x99,0xFF,
    0xBA,0xFF,0xBA,0xFF,0xBA,0xFF,0xBA,0xFF,0xBA,0xFF,0xBA,0xFF,0xBA,0xFF,0xBA,0xFF,
    0xBA,0xFF,0xBA,0xFF,0xBA,0xFF,0xBA,0xFF,0xBA,0xFF,0xBA,0xFF,0xBA,0xFF,0xBA,0xFF,
    0xBA,0xFF,0xBA,0xFF,0xBA,0xFF,0xBA,0xFF,0xBA,0xFF,0xBA,0xFF,0xBA,0xFF,0xBA,0xFF,
    0xBA,0xFF,0xBA,0xFF,0xBA,0xFF,0xBA,0xFF,0xBA,0xFF,0xBA,0xFF,0xBA,0xFF,0xBA,0xFF,
    0xBA,0xFF,0xBA,0xFF,0xBA,0xFF,0xBA,0xFF,0xBA,0xFF,0xBA,0xFF,0xBA,0xFF,0xBA,0xFF,
    0xBA,0xFF,0x9A,0xFF,0xBA,0xFF,0x9A,0xFF,0x9A,0xFF,0x9A,0xFF,0xBA,0xFF,0xBA,0xFF,
    0xBA,0xFF,0xBA,0xFF,0xBA,0xFF,0xBA,0xFF,0xBA,0xFF,0xBA,0xFF,0x31,0xD6,0x65,0x94,
    0x27,0xB5,0x87,0xC5,0xA8,0xC5,0xA9,0xCD,0xA8,0xC5,0x67,0xBD,0xA9,0xC5,0xCA,0xCD,
    0xB3,0xDE,0xBA,0xFF,0xBA,0xFF,0x0C,0xD6,0x99,0xFF,0xBA,0xFF,0xBA,0xFF,0xBA,0xFF,
    0xBA,0xFF,0xBA,0xFF,0xBA,0xFF,0xBA,0xFF,0xBA,0xFF,0xBA,0xFF,0xBA,0xFF,0xBA,0xFF,
    0xBA,0xFF,0xBA,0xFF,0xBA,0xFF,0xBA,0xFF,0xBA,0xFF,0xBA,0xFF,0xBA,0xFF,0xBA,0xFF,
    0xBA,0xFF,0xBA,0xFF,0xBB,0xFF,0xBA,0xFF,0xBA,0xFF,0xBA,0xFF,0xBA,0xFF,0xBA,0xFF,
    0xBA,0xFF,0xBA,0xFF,0xBA,0xFF,0xBA,0xFF,0xBA,0xFF,0xBA,0xFF,0xBA,0xFF,0xBA,0xFF,
    0xBA,0xFF,0xBA,0xFF,0xBA,0xFF,0xBA,0xFF,0x9A,0xFF,0x9A,0xFF,0x9A,0xFF,0x9A,0xFF,
    0x9A,0xFF,0x9A,0xFF,0x9A,0xFF,0x9A,0xFF,0xBA,0xFF,0xBA,0xFF,0xBA,0xFF,0xBA,0xFF,
    0xBA,0xFF,0xBA,0xFF,0xBA,0xFF,0xBA,0xFF,0xBA,0xFF,0x93,0xDE,0xC5,0xA4,0x67,0xC5,
    0x68,0xBD,0x47,0xBD,0x47,0xBD,0xE5,0xA4,0x06,0xAD,0xC5,0xA4,0xD4,0xE6,0xBB,0xFF,
    0xD2,0xEE,0x36,0xF7,0xBA,0xFF,0xBA,0xFF,0xBA,0xFF,0xBA,0xFF,0xBA,0xFF,0xBA,0xFF,
    0xBA,0xFF,0xBA,0xFF,0xBA,0xFF,0xBA,0xFF,0xBA,0xFF,0xBA,0xFF,0xBA,0xFF,0xBA,0xFF,
    0xBA,0xFF,0xBA,0xFF,0xBA,0xFF,0xBA,0xFF,0xBA,0xFF,0xBA,0xFF,0xBA,0xFF,0xBA,0xFF,
    0xBA,0xFF,0xBA,0xFF,0xBA,0xFF,0xBA,0xFF,0xBA,0xFF,0xBA,0xFF,0xBA,0xFF,0xBA,0xFF,
    0xBA,0xFF,0xBA,0xFF,0xBA,0xFF,0xBA,0xFF,0xBA,0xFF,0xBA,0xFF,0xBA,0xFF,0xBA,0xFF,
    0xBA,0xFF,0x9A,0xFF,0x9A,0xFF,0x9A,0xFF,0x9A,0xFF,0xBA,0xFF,0xBA,0xFF,0xBA,0xFF,
    0xBA,0xFF,0xBA,0xFF,0xBA,0xFF,0xBA,0xFF,0xBA,0xFF,0xBA,0xFF,0xBA,0xFF,0xBA,0xFF,
    0xBA,0xFF,0xBA,0xFF,0xBA,0xFF,0xBA,0xFF,0x72,0xDE,0xE8,0xAC,0xC5,0xA4,0x67,0xBD,
    0x46,0xB5,0x64,0x94,0xE3,0x83,0xA7,0xA4,0xBA,0xFF,0xBA,0xFF,0x57,0xF7,0xBA,0xFF,
    0xBA,0xFF,0xBA,0xFF,0x57,0xF7,0x78,0xFF,0xBA,0xFF,0xBA,0xFF,0xBA,0xFF,0xBA,0xFF,
    0xBA,0xFF,0xBA,0xFF,0xBA,0xFF,0xBA,0xFF,0xBA,0xFF,0xBA,0xFF,0xBA,0xFF,0xBA,0xFF,
    0xBA,0xFF,0xBA,0xFF,0xBA,0xFF,0xBA,0xFF,0xBA,0xFF,0xBA,0xFF,0xBA,0xFF,0xBA,0xFF,
    0xBA,0xFF,0xBA,0xFF,0xBA,0xFF,0xBA,0xFF,0xBA,0xFF,0xBA,0xFF,0xBA,0xFF,0xBA,0xFF,
    0xBA,0xFF,0xBA,0xFF,0xBA,0xFF,0xBA,0xFF,0xBA,0xFF,0xBA,0xFF,0x9A,0xFF,0xBA,0xFF,
    0xBA,0xFF,0xBA,0xFF,0x9A,0xFF,0x9A,0xFF,0x9A,0xFF,0xBA,0xFF,0x9A,0xFF,0xBA,0xFF,
    0xBA,0xFF,0xBA,0xFF,0xBA,0xFF,0xBA,0xFF,0xBA,0xFF,0xBA,0xFF,0xBA,0xFF,0xBA,0xFF,
    0xBA,0xFF,0xBA,0xFF,0xBA,0xFF,0xBA,0xFF,0x10,0xC6,0x29,0xAD,0x65,0x94,0xC3,0x7B,
    0xC4,0x7B,0xF6,0xE6,0xBA,0xFF,0xF3,0xF6,0xBA,0xFF,0xBA,0xFF,0x50,0xD6,0xC9,0xC5,
    0xE9,0xCD,0x2A,0xDE,0x4B,0xDE,0x8F,0xE6,0xBA,0xFF,0xBA,0xFF,0xBA,0xFF,0xBA,0xFF,
    0xBA,0xFF,0xBA,0xFF,0xBA,0xFF,0xBA,0xFF,0xBA,0xFF,0xBA,0xFF,0xBA,0xFF,0xBA,0xFF,
    0xBA,0xFF,0xBA,0xFF,0xBA,0xFF,0xBA,0xFF,0xBA,0xFF,0xBA,0xFF,0xBA,0xFF,0xBA,0xFF,
    0xBA,0xFF,0xBA,0xFF,0xBA,0xFF,0xBA,0xFF,0xBA,0xFF,0xBA,0xFF,0xBA,0xFF,0xBA,0xFF,
    0xBA,0xFF,0xBA,0xFF,0xBA,0xFF,0x9A,0xFF,0x9A,0xFF,0xBA,0xFF,0x9A,0xFF,0x9A,0xFF,
    0x9A,0xFF,0x9A,0xFF,0x9A,0xFF,0x9A,0xFF,0xBA,0xFF,0x9A,0xFF,0xBA,0xFF,0xBA,0xFF,
    0xBA,0xFF,0xBA,0xFF,0xBA,0xFF,0xBA,0xFF,0xBA,0xFF,0xBA,0xFF,0xBA,0xFF,0xBA,0xFF,
    0xBA,0xFF,0xBA,0xFF,0xBA,0xFF,0xBA,0xFF,0x79,0xFF,0x2B,0xAD,0xCE,0xBD,0xFD,0xFF,
    0xF2,0xEE,0xBA,0xFF,0xDB,0xFF,0x8B,0xBD,0xA4,0xA4,0x87,0xC5,0xC8,0xCD,0x0A,0xD6,
    0x6C,0xE6,0x8D,0xE6,0x6E,0xE6,0xBA,0xFF,0xBA,0xFF,0xBA,0xFF,0xBA,0xFF,0xBA,0xFF,
    0xBA,0xFF,0xBA,0xFF,0xBA,0xFF,0xBA,0xFF,0xBA,0xFF,0xBA,0xFF,0xBA,0xFF,0xBA,0xFF,
    0xBA,0xFF,0xBA,0xFF,0xBA,0xFF,0xBA,0xFF,0xBA,0xFF,0xBA,0xFF,0xBA,0xFF,0xBA,0xFF,
    0xBA,0xFF,0xBA,0xFF,0xBA,0xFF,0xBA,0xFF,0xBA,0xFF,0xBA,0xFF,0xBA,0xFF,0xBA,0xFF,
    0xBA,0xFF,0xBA,0xFF,0xBA,0xFF,0x9A,0xFF,0x9A,0xFF,0x9A,0xFF,0xBA,0xFF,0x9A,0xFF,
    0x9A,0xFF,0x9A,0xFF,0xBA,0xFF,0x9A,0xFF,0x78,0xFF,0xBA,0xFF,0xBA,0xFF,0xBA,0xFF,
    0xBA,0xFF,0xBA,0xFF,0xBA,0xFF,0xBA,0xFF,0xBA,0xFF,0x9A,0xFF,0xBA,0xFF,0xBA,0xFF,
    0xBA,0xFF,0xBA,0xFF,0xBA,0xFF,0x16,0xEF,0x70,0xDE,0x57,0xFF,0x13,0xF7,0x9A,0xFF,
    0x2F,0xD6,0x06,0xAD,0x47,0xBD,0x88,0xC5,0x88,0xC5,0xA8,0xCD,0x6C,0xE6,0x55,0xF7,
    0xAF,0xE6,0xB1,0xE6,0xBA,0xFF,0xBA,0xFF,0xBA,0xFF,0xBA,0xFF,0xBA,0xFF,0xBA,0xFF,
    0xBA,0xFF,0xBA,0xFF,0xBA,0xFF,0xBA,0xFF,0xBA,0xFF,0xBA,0xFF,0xBA,0xFF,0xBA,0xFF,
    0xBA,0xFF,0xBA,0xFF,0xBA,0xFF,0xBA,0xFF,0xBA,0xFF,0xBA,0xFF,0xBA,0xFF,0xBA,0xFF,
    0xBA,0xFF,0xBA,0xFF,0xBA,0xFF,0xBA,0xFF,0xBA,0xFF,0xBA,0xFF,0x9A,0xFF,0xBA,0xFF,
    0xBA,0xFF,0xBA,0xFF,0x9A,0xFF,0xBA,0xFF,0x9A,0xFF,0x9A,0xFF,0x9A,0xFF,0x9A,0xFF,
    0x9A,0xFF,0x9A,0xFF,0x2C,0xDE,0xB1,0xEE,0xBA,0xFF,0xBA,0xFF,0xBA,0xFF,0xBA,0xFF,
    0x78,0xFF,0x16,0xEF,0x78,0xFF,0xBA,0xFF,0xBA,0xFF,0xBA,0xFF,0xBA,0xFF,0xBA,0xFF,
    0xBA,0xFF,0xD4,0xE6,0x2E,0xD6,0x4E,0xDE,0x0F,0xCE,0x6A,0xBD,0x4F,0xD6,0xA9,0xC5,
    0x09,0xD6,0x2B,0xDE,0x4B,0xDE,0x2B,0xDE,0x4C,0xDE,0x6C,0xE6,0x6C,0xE6,0x2C,0xDE,
    0xBA,0xFF,0xBA,0xFF,0xBA,0xFF,0xBA,0xFF,0xBA,0xFF,0xBA,0xFF,0xBA,0xFF,0xBA,0xFF,
    0xBA,0xFF,0xBA,0xFF,0xBA,0xFF,0xBA,0xFF,0xBA,0xFF,0xBA,0xFF,0xBA,0xFF,0xBA,0xFF,
    0xBA,0xFF,0xBA,0xFF,0xBA,0xFF,0xBA,0xFF,0xBA,0xFF,0xBA,0xFF,0xBA,0xFF,0xBA,0xFF,
    0xBA,0xFF,0xBA,0xFF,0xBA,0xFF,0xBA,0xFF,0x9A,0xFF,0xBA,0xFF,0x9A,0xFF,0x9A,0xFF,
    0x9A,0xFF,0x9A,0xFF,0x9A,0xFF,0xBA,0xFF,0x9A,0xFF,0x9A,0xFF,0x9A,0xFF,0x9A,0xFF,
    0x2D,0xDE,0x0C,0xDE,0x77,0xFF,0xBA,0xFF,0x99,0xFF,0x6C,0xBD,0xC6,0xA4,0xA5,0xA4,
    0x07,0xAD,0xAB,0xC5,0x99,0xFF,0xBA,0xFF,0xBA,0xFF,0xBA,0xFF,0xBA,0xFF,0xB3,0xE6,
    0xA8,0xC5,0x48,0xBD,0xCE,0xC5,0xBA,0xFF,0xBA,0xFF,0x30,0xD6,0x46,0xBD,0x4B,0xDE,
    0x4C,0xDE,0x2B,0xDE,0x6D,0xE6,0x6C,0xE6,0x6C,0xDE,0x2C,0xDE,0x99,0xFF,0xBA,0xFF,
    0xBA,0xFF,0xBA,0xFF,0xBA,0xFF,0xBA,0xFF,0xBA,0xFF,0xBA,0xFF,0xBA,0xFF,0xBA,0xFF,
    0xBA,0xFF,0xBA,0xFF,0xBA,0xFF,0xBA,0xFF,0xBA,0xFF,0xBA,0xFF,0xBA,0xFF,0xBA,0xFF,
    0xBA,0xFF,0xBA,0xFF,0xBA,0xFF,0xBA,0xFF,0xBA,0xFF,0xBA,0xFF,0xBA,0xFF,0xBA,0xFF,
    0xBA,0xFF,0xBA,0xFF,0x9A,0xFF,0xBA,0xFF,0x9A,0xFF,0x9A,0xFF,0x9A,0xFF,0x9A,0xFF,
    0x9A,0xFF,0xBA,0xFF,0xBA,0xFF,0x9A,0xFF,0x9A,0xFF,0x9A,0xFF,0x0D,0xDE,0x0C,0xDE,
    0x36,0xF7,0xBA,0xFF,0x4B,0xAD,0x63,0x94,0x06,0xAD,0xE6,0xAC,0xA5,0x9C,0xE5,0xAC,
    0xCA,0xCD,0x9A,0xFF,0xBA,0xFF,0xBA,0xFF,0xBA,0xFF,0x6C,0xB5,0xA3,0xA4,0x71,0xDE,
    0xBA,0xFF,0xBA,0xFF,0xBA,0xFF,0xBA,0xFF,0x2F,0xD6,0x87,0xC5,0x0A,0xD6,0x2B,0xDE,
    0x4C,0xE6,0x6C,0xE6,0x4C,0xDE,0x0B,0xD6,0xBA,0xFF,0xBA,0xFF,0xBA,0xFF,0xBA,0xFF,
    0xBA,0xFF,0xBA,0xFF,0xBA,0xFF,0xBA,0xFF,0xBA,0xFF,0xBA,0xFF,0xBA,0xFF,0xBA,0xFF,
    0xBA,0xFF,0xBA,0xFF,0xBA,0xFF,0xBA,0xFF,0xBA,0xFF,0xBA,0xFF,0xBA,0xFF,0xBA,0xFF,
    0xBA,0xFF,0xBA,0xFF,0xBA,0xFF,0xBA,0xFF,0xBA,0xFF,0xBA,0xFF,0xBA,0xFF,0xBA,0xFF,
    0x9A,0xFF,0x9A,0xFF,0x9A,0xFF,0x9A,0xFF,0x9A,0xFF,0xBA,0xFF,0x9A,0xFF,0x9A,0xFF,
    0xBA,0xFF,0x9A,0xFF,0x9A,0xFF,0xBA,0xFF,0x0D,0xDE,0x4E,0xE6,0xBA,0xFF,0xF5,0xEE,
    0x24,0x8C,0xE6,0xA4,0xE6,0xA4,0xE6,0xAC,0x65,0x94,0x07,0xAD,0xC8,0xD5,0x71,0xDE,
    0xBA,0xFF,0xBA,0xFF,0xBA,0xFF,0x46,0x94,0x0D,0xD6,0xBA,0xFF,0xBA,0xFF,0xBA,0xFF,
    0xBA,0xFF,0xBA,0xFF,0xBA,0xFF,0x78,0xFF,0x70,0xDE,0x6F,0xDE,0x8F,0xE6,0x0B,0xD6,
    0x87,0xC5,0x0C,0xD6,0xBA,0xFF,0xBA,0xFF,0xBA,0xFF,0xBA,0xFF,0xBA,0xFF,0xBA,0xFF,
    0xBA,0xFF,0xBA,0xFF,0xBA,0xFF,0xBA,0xFF,0xBA,0xFF,0xBA,0xFF,0xBA,0xFF,0xBA,0xFF,
    0xBA,0xFF,0xBA,0xFF,0xBA,0xFF,0xBA,0xFF,0xBA,0xFF,0xBA,0xFF,0xBA,0xFF,0xBA,0xFF,
    0xBA,0xFF,0xBA,0xFF,0xBA,0xFF,0xBA,0xFF,0xBA,0xFF,0xBA,0xFF,0xBA,0xFF,0xBA,0xFF,
    0xBA,0xFF,0x9A,0xFF,0x9A,0xFF,0x9A,0xFF,0x9A,0xFF,0x9A,0xFF,0x9A,0xFF,0x9A,0xFF,
    0x9A,0xFF,0x9A,0xFF,0xEC,0xD5,0x4F,0xE6,0x36,0xFF,0x6C,0xBD,0xE3,0x7B,0xC5,0xA4,
    0xE6,0xAC,0xC5,0xA4,0xE6,0xA4,0x88,0xC5,0xA9,0xC5,0xCB,0xCD,0x99,0xFF,0xBA,0xFF,
    0xB3,0xE6,0xCB,0xCD,0xBA,0xFF,0xBA,0xFF,0xBA,0xFF,0xBA,0xFF,0xBA,0xFF,0xBA,0xFF,
    0xBA,0xFF,0xBA,0xFF,0xBA,0xFF,0xBA,0xFF,0xBA,0xFF,0xBA,0xFF,0x91,0xE6,0xBA,0xFF,
    0xBA,0xFF,0xBA,0xFF,0xBA,0xFF,0xBA,0xFF,0xBA,0xFF,0xBA,0xFF,0xBA,0xFF,0xBA,0xFF,
    0xBA,0xFF,0xBA,0xFF,0xBA,0xFF,0xBA,0xFF,0xBA,0xFF,0xBA,0xFF,0xBA,0xFF,0xBA,0xFF,
    0xBA,0xFF,0xBA,0xFF,0xBA,0xFF,0xBA,0xFF,0xBA,0xFF,0xBA,0xFF,0xBA,0xFF,0xBA,0xFF,
    0xBA,0xFF,0xBA,0xFF,0xBA,0xFF,0xBA,0xFF,0x9A,0xFF,0xBA,0xFF,0x9A,0xFF,0x9A,0xFF,
    0x9A,0xFF,0x9A,0xFF,0x9A,0xFF,0xBA,0xFF,0xBA,0xFF,0x9A,0xFF,0xBA,0xFF,0xBA,0xFF,
    0x4E,0xE6,0x4F,0xE6,0xD3,0xEE,0xCE,0xCD,0x44,0x8C,0xE6,0xA4,0xC6,0xA4,0x06,0xAD,
    0x26,0xAD,0x06,0xAD,0x85,0x94,0x86,0x9C,0x71,0xEE,0x36,0xFF,0xEC,0xCD,0xBA,0xFF,
    0xBA,0xFF,0xBA,0xFF,0xBA,0xFF,0xBA,0xFF,0xBA,0xFF,0xBA,0xFF,0xBA,0xFF,0xBA,0xFF,
    0xBA,0xFF,0xBA,0xFF,0xBA,0xFF,0xBA,0xFF,0xBA,0xFF,0xBA,0xFF,0xBA,0xFF,0xBA,0xFF,
    0xBA,0xFF,0xBA,0xFF,0xBA,0xFF,0xBA,0xFF,0xBA,0xFF,0xBA,0xFF,0xBA,0xFF,0xBA,0xFF,
    0xBA,0xFF,0xBA,0xFF,0xBA,0xFF,0xBA,0xFF,0xBA,0xFF,0xBA,0xFF,0xBA,0xFF,0xBA,0xFF,
    0xBA,0xFF,0xBA,0xFF,0xBA,0xFF,0xBA,0xFF,0xBA,0xFF,0xBA,0xFF,0xBA,0xFF,0xBA,0xFF,
    0xBA,0xFF,0x99,0xFF,0x9A,0xFF,0xBA,0xFF,0x9A,0xFF,0x9A,0xFF,0x9A,0xFF,0x9A,0xFF,
    0xBA,0xFF,0xBA,0xFF,0x9A,0xFF,0x9A,0xFF,0xBA,0xFF,0xBA,0xFF,0x4F,0xE6,0x4F,0xE6,
    0x91,0xEE,0xB2,0xEE,0x87,0x9C,0x64,0x94,0xC5,0xA4,0xA5,0x9C,0x85,0x9C,0x44,0x84,
    0x64,0x94,0xC7,0xA4,0x70,0xEE,0xCD,0xD5,0x6F,0xDE,0xDD,0xFF,0xBA,0xFF,0x99,0xFF,
    0x4C,0xAD,0x46,0x8C,0xA7,0x9C,0x29,0xAD,0x51,0xD6,0xBA,0xFF,0xBA,0xFF,0xBA,0xFF,
    0xBA,0xFF,0xBA,0xFF,0xBA,0xFF,0xBA,0xFF,0xBA,0xFF,0xBA,0xFF,0xBA,0xFF,0xBA,0xFF,
    0xBA,0xFF,0xBA,0xFF,0xBA,0xFF,0xBA,0xFF,0xBA,0xFF,0xBA,0xFF,0xBA,0xFF,0xBA,0xFF,
    0xBA,0xFF,0xBA,0xFF,0xBA,0xFF,0xBA,0xFF,0xBA,0xFF,0xBA,0xFF,0xBA,0xFF,0xBA,0xFF,
    0xBA,0xFF,0xBA,0xFF,0xBA,0xFF,0xBA,0xFF,0xBA,0xFF,0xBA,0xFF,0xBA,0xFF,0x9A,0xFF,
    0x9A,0xFF,0x9A,0xFF,0x9A,0xFF,0x9A,0xFF,0x9A,0xFF,0x9A,0xFF,0x9A,0xFF,0x9A,0xFF,
    0x9A,0xFF,0xBA,0xFF,0xBA,0xFF,0xBA,0xFF,0xF4,0xF6,0x50,0xE6,0x70,0xE6,0xB1,0xEE,
    0x93,0xE6,0x67,0x94,0x64,0x94,0x45,0x8C,0x25,0x8C,0x25,0x84,0xE3,0x7B,0xAD,0xC5,
    0x58,0xFF,0x89,0xCD,0x57,0xFF,0xBA,0xFF,0x9A,0xFF,0xE8,0xA4,0x23,0x84,0x04,0x84,
    0x45,0x94,0xA5,0x9C,0x84,0x9C,0x8C,0xBD,0xBA,0xFF,0xBA,0xFF,0xBA,0xFF,0xBA,0xFF,
    0xBA,0xFF,0xBA,0xFF,0xBA,0xFF,0xBA,0xFF,0xBA,0xFF,0xBA,0xFF,0xBA,0xFF,0xBA,0xFF,
    0xBA,0xFF,0xBA,0xFF,0xBA,0xFF,0xBA,0xFF,0xBA,0xFF,0xBA,0xFF,0xBA,0xFF,0xBA,0xFF,
    0xBA,0xFF,0xBA,0xFF,0xBA,0xFF,0xBA,0xFF,0xBA,0xFF,0xBA,0xFF,0xBA,0xFF,0xBA,0xFF,
    0xBA,0xFF,0xBA,0xFF,0xBA,0xFF,0xBA,0xFF,0xBA,0xFF,0xBA,0xFF,0x99,0xFF,0x9A,0xFF,
    0xBA,0xFF,0x9A,0xFF,0x9A,0xFF,0x9A,0xFF,0x9A,0xFF,0x9A,0xFF,0x9A,0xFF,0xBA,0xFF,
    0xBA,0xFF,0xBA,0xFF,0x6F,0xE6,0x50,0xE6,0x2E,0xE6,0x15,0xF7,0xBA,0xFF,0xBA,0xFF,
    0x8E,0xBD,0xE5,0x7B,0x84,0x6B,0x83,0x6B,0x4C,0xAD,0xBA,0xFF,0x58,0xF7,0x2D,0xDE,
    0xBA,0xFF,0xBA,0xFF,0x6D,0xB5,0xC2,0x7B,0x65,0x94,0x65,0x8C,0xC5,0x9C,0xC5,0xA4,
    0xA5,0x9C,0xA4,0xA4,0xB2,0xE6,0xBA,0xFF,0xBA,0xFF,0xBA,0xFF,0xBA,0xFF,0xBA,0xFF,
    0xBA,0xFF,0xBA,0xFF,0xBA,0xFF,0xBA,0xFF,0xBA,0xFF,0xBA,0xFF,0xBA,0xFF,0xBA,0xFF,
    0xBA,0xFF,0xBA,0xFF,0xBA,0xFF,0xBA,0xFF,0xBA,0xFF,0xBA,0xFF,0xBA,0xFF,0xBA,0xFF,
    0xBA,0xFF,0xBA,0xFF,0xBA,0xFF,0xBA,0xFF,0xBA,0xFF,0xBA,0xFF,0xBA,0xFF,0xBA,0xFF,
    0xBA,0xFF,0xBA,0xFF,0xBA,0xFF,0xBA,0xFF,0x78,0xFF,0x9A,0xFF,0xBA,0xFF,0x9A,0xFF,
    0x9A,0xFF,0x9A,0xFF,0x9A,0xFF,0x9A,0xFF,0x9A,0xFF,0x9A,0xFF,0x9A,0xFF,0xBA,0xFF,
    0x57,0xFF,0xEC,0xD5,0x6F,0xE6,0xBA,0xFF,0xBA,0xFF,0x9A,0xFF,0x36,0xFF,0x30,0xE6,
    0xEB,0xAC,0x06,0x84,0x77,0xFF,0xBA,0xFF,0x6F,0xE6,0xBA,0xFF,0xBB,0xFF,0xCE,0xC5,
    0x83,0x73,0x24,0x84,0x85,0x94,0xE6,0xA4,0x47,0xB5,0x87,0xC5,0xE9,0xCD,0x2A,0xDE,
    0x6E,0xDE,0xBA,0xFF,0xBA,0xFF,0xBA,0xFF,0xBA,0xFF,0xBA,0xFF,0xBA,0xFF,0xBA,0xFF,
    0xBA,0xFF,0xBA,0xFF,0xBA,0xFF,0xBA,0xFF,0xBA,0xFF,0xBA,0xFF,0xBA,0xFF,0xBA,0xFF,
    0xBA,0xFF,0xBA,0xFF,0xBA,0xFF,0xBA,0xFF,0xBA,0xFF,0xBA,0xFF,0xBA,0xFF,0xBA,0xFF,
    0xBA,0xFF,0xBA,0xFF,0xBA,0xFF,0xBA,0xFF,0xBA,0xFF,0xBA,0xFF,0xBA,0xFF,0xBA,0xFF,
    0xBA,0xFF,0xBA,0xFF,0xBA,0xFF,0x79,0xFF,0xBA,0xFF,0xBA,0xFF,0x9A,0xFF,0x9A,0xFF,
    0xBA,0xFF,0x9A,0xFF,0x9A,0xFF,0xBA,0xFF,0xBA,0xFF,0xBA,0xFF,0x99,0xFF,0xF3,0xF6,
    0x15,0xF7,0xBA,0xFF,0x78,0xFF,0x72,0xEE,0x51,0xE6,0xB3,0xEE,0x31,0xE6,0x89,0x9C,
    0xF4,0xF6,0xD3,0xEE,0x6F,0xE6,0xBA,0xFF,0xAC,0xBD,0x8C,0xBD,0x4C,0xB5,0xA4,0x9C,
    0x47,0xB5,0x47,0xB5,0xC9,0xCD,0xC9,0xCD,0x0A,0xD6,0x6C,0xDE,0x2C,0xDE,0xBA,0xFF,
    0xBA,0xFF,0xBA,0xFF,0xBA,0xFF,0xBA,0xFF,0xBA,0xFF,0xBA,0xFF,0xBA,0xFF,0xBA,0xFF,
    0xBA,0xFF,0xBA,0xFF,0xBA,0xFF,0xBA,0xFF,0xBA,0xFF,0xBA,0xFF,0xBA,0xFF,0xBA,0xFF,
    0xBA,0xFF,0xBA,0xFF,0xBA,0xFF,0xBA,0xFF,0xBA,0xFF,0xBA,0xFF,0xBA,0xFF,0xBA,0xFF,
    0xBA,0xFF,0xBA,0xFF,0xBA,0xFF,0xBA,0xFF,0xBA,0xFF,0xBA,0xFF,0xBA,0xFF,0xBA,0xFF,
    0xBA,0xFF,0x79,0xFF,0x99,0xFF,0x9A,0xFF,0xBA,0xFF,0xBA,0xFF,0x9A,0xFF,0xBA,0xFF,
    0x9A,0xFF,0xBA,0xFF,0xBA,0xFF,0xBA,0xFF,0xE8,0xAC,0xCC,0xCD,0x2F,0xD6,0xBA,0xFF,
    0x71,0xEE,0x51,0xE6,0x51,0xE6,0x72,0xEE,0x10,0xDE,0xC9,0xA4,0xBA,0xFF,0x2E,0xDE,
    0x6F,0xE6,0x4A,0xB5,0xCD,0xCD,0xBA,0xFF,0xBA,0xFF,0x48,0xB5,0x46,0xB5,0x47,0xB5,
    0xC9,0xCD,0x0A,0xD6,0x0A,0xD6,0x2B,0xD6,0x2C,0xD6,0xBA,0xFF,0xBA,0xFF,0xBA,0xFF,
    0xBA,0xFF,0xBA,0xFF,0xBA,0xFF,0xBA,0xFF,0xBA,0xFF,0xBA,0xFF,0xBA,0xFF,0xBA,0xFF,
    0xBA,0xFF,0xBA,0xFF,0xBA,0xFF,0xBA,0xFF,0xBA,0xFF,0xBA,0xFF,0xBA,0xFF,0xBA,0xFF,
    0xBA,0xFF,0xBA,0xFF,0xBA,0xFF,0xBA,0xFF,0xBA,0xFF,0xBA,0xFF,0xBA,0xFF,0xBA,0xFF,
    0xBA,0xFF,0xBA,0xFF,0xBA,0xFF,0xBA,0xFF,0xBA,0xFF,0xBA,0xFF,0xBA,0xFF,0xBA,0xFF,
    0x79,0xFF,0x99,0xFF,0x9A,0xFF,0xBA,0xFF,0xBA,0xFF,0xBA,0xFF,0x9A,0xFF,0xBA,0xFF,
    0xBA,0xFF,0xBA,0xFF,0x68,0xBD,0x47,0xB5,0xA6,0x9C,0xCD,0xCD,0x92,0xEE,0x71,0xE6,
    0x51,0xE6,0x92,0xEE,0xEF,0xDD,0x88,0x9C,0xBA,0xFF,0x4E,0xDE,0x4A,0xBD,0xE8,0xAC,
    0xBA,0xFF,0xBA,0xFF,0xBA,0xFF,0x58,0xFF,0x6A,0xBD,0x46,0xB5,0xC8,0xCD,0xE9,0xCD,
    0x0A,0xD6,0xC9,0xCD,0x4E,0xDE,0xBA,0xFF,0xBA,0xFF,0xBA,0xFF,0xBA,0xFF,0xBA,0xFF,
    0xBA,0xFF,0xBA,0xFF,0xBA,0xFF,0xBA,0xFF,0xBA,0xFF,0xBA,0xFF,0xBA,0xFF,0xBA,0xFF,
    0xBA,0xFF,0xBA,0xFF,0xBA,0xFF,0xBA,0xFF,0xBA,0xFF,0xBA,0xFF,0xBA,0xFF,0xBA,0xFF,
    0xBA,0xFF,0xBA,0xFF,0xBA,0xFF,0xBA,0xFF,0xBA,0xFF,0xBA,0xFF,0xBA,0xFF,0xBA,0xFF,
    0xBA,0xFF,0xBA,0xFF,0xBA,0xFF,0xBA,0xFF,0xBA,0xFF,0xBA,0xFF,0xBA,0xFF,0xBA,0xFF,
    0x57,0xFF,0x99,0xFF,0xBA,0xFF,0xBA,0xFF,0x9A,0xFF,0xBA,0xFF,0x9A,0xFF,0xBA,0xFF,
    0x47,0xBD,0x27,0xB5,0xC6,0xA4,0x07,0xAD,0x71,0xE6,0xCD,0xD5,0x49,0xBD,0xAC,0xCD,
    0xEF,0xDD,0x06,0x94,0x57,0xFF,0xAA,0xCD,0xA7,0xA4,0x57,0xFF,0x9A,0xFF,0xBA,0xFF,
    0x99,0xFF,0xBA,0xFF,0xBA,0xFF,0x16,0xF7,0x70,0xDE,0x6F,0xDE,0xCA,0xCD,0xA9,0xC5,
    0x78,0xFF,0xBA,0xFF,0xBA,0xFF,0xBA,0xFF,0xBA,0xFF,0xBA,0xFF,0xBA,0xFF,0xBA,0xFF,
    0xBA,0xFF,0xBA,0xFF,0xBA,0xFF,0xBA,0xFF,0xBA,0xFF,0xBA,0xFF,0xBA,0xFF,0xBA,0xFF,
    0xBA,0xFF,0xBA,0xFF,0xBA,0xFF,0xBA,0xFF,0xBA,0xFF,0xBA,0xFF,0xBA,0xFF,0xBA,0xFF,
    0xBA,0xFF,0xBA,0xFF,0xBA,0xFF,0xBA,0xFF,0xBA,0xFF,0xBA,0xFF,0xBA,0xFF,0xBA,0xFF,
    0xBA,0xFF,0xBA,0xFF,0xBA,0xFF,0xBA,0xFF,0xBA,0xFF,0xBA,0xFF,0xBA,0xFF,0xBA,0xFF,
    0x78,0xFF,0x79,0xFF,0x78,0xFF,0x79,0xFF,0x79,0xFF,0x79,0xFF,0xE7,0xAC,0xE6,0xAC,
    0x85,0x9C,0x07,0xAD,0x6A,0xBD,0x69,0xBD,0x69,0xBD,0x48,0xBD,0x6B,0xC5,0x87,0xA4,
    0x29,0xBD,0x06,0xBD,0x2F,0xDE,0xBA,0xFF,0x9A,0xFF,0x9A,0xFF,0x99,0xFF,0xBA,0xFF,
    0xBA,0xFF,0xBA,0xFF,0xBA,0xFF,0xBA,0xFF,0xBA,0xFF,0xBA,0xFF,0xBA,0xFF,0xBA,0xFF,
    0xBA,0xFF,0xBA,0xFF,0xBA,0xFF,0xBA,0xFF,0xBA,0xFF,0xBA,0xFF,0xBA,0xFF,0xBA,0xFF,
    0xBA,0xFF,0xBA,0xFF,0xBA,0xFF,0xBA,0xFF,0xBA,0xFF,0xBA,0xFF,0xBA,0xFF,0xBA,0xFF,
    0xBA,0xFF,0xBA,0xFF,0xBA,0xFF,0xBA,0xFF,0xBA,0xFF,0xBA,0xFF,0xBA,0xFF,0xBA,0xFF,
    0xBA,0xFF,0xBA,0xFF,0xBA,0xFF,0xBA,0xFF,0xBA,0xFF,0xBA,0xFF,0xBA,0xFF,0xBA,0xFF,
    0xBA,0xFF,0xBA,0xFF,0xBA,0xFF,0xBA,0xFF,0xBA,0xFF,0xBA,0xFF,0xBA,0xFF,0xBA,0xFF,
    0xBA,0xFF,0xBA,0xFF,0xBA,0xFF,0xBA,0xFF,0xE6,0xAC,0x06,0xAD,0xC6,0xA4,0x45,0x94,
    0xE8,0xAC,0x69,0xC5,0x49,0xBD,0x6A,0xBD,0xE6,0xAC,0xEE,0xD5,0xE7,0xB4,0x69,0xCD,
    0x79,0xFF,0x99,0xFF,0xBA,0xFF,0xBA,0xFF,0xBA,0xFF,0xBA,0xFF,0xBA,0xFF,0xBA,0xFF,
    0xBA,0xFF,0xBA,0xFF,0xBA,0xFF,0xBA,0xFF,0xBA,0xFF,0xBA,0xFF,0xBA,0xFF,0xBA,0xFF,
    0xBA,0xFF,0xBA,0xFF,0xBA,0xFF,0xBA,0xFF,0xBA,0xFF,0xBA,0xFF,0xBA,0xFF,0xBA,0xFF,
    0xBA,0xFF,0xBA,0xFF,0xBA,0xFF,0xBA,0xFF,0xBA,0xFF,0xBA,0xFF,0xBA,0xFF,0xBA,0xFF,
    0xBA,0xFF,0xBA,0xFF,0xBA,0xFF,0xBA,0xFF,0xBA,0xFF,0xBA,0xFF,0xBA,0xFF,0xBA,0xFF,
    0xBA,0xFF,0xBA,0xFF,0xBA,0xFF,0xBA,0xFF,0xBA,0xFF,0xBA,0xFF,0xBA,0xFF,0xBA,0xFF,
    0xBA,0xFF,0xBA,0xFF,0xBA,0xFF,0xBA,0xFF,0xBA,0xFF,0xBA,0xFF,0xBA,0xFF,0xBA,0xFF,
    0xBA,0xFF,0xBA,0xFF,0xE7,0xAC,0x07,0xAD,0x27,0xB5,0x24,0x8C,0xEE,0xD5,0x0E,0xDE,
    0x28,0xB5,0xE7,0xAC,0x07,0xB5,0x2F,0xDE,0x68,0xC5,0x2E,0xDE,0x99,0xFF,0x99,0xFF,
    0xBA,0xFF,0xF4,0xF6,0x70,0xE6,0x4F,0xE6,0x91,0xE6,0xBA,0xFF,0xBA,0xFF,0xBA,0xFF,
    0xBA,0xFF,0xBA,0xFF,0xBA,0xFF,0xBA,0xFF,0x99,0xFF,0xBA,0xFF,0xBA,0xFF,0xBA,0xFF,
    0xBA,0xFF,0xBA,0xFF,0xBA,0xFF,0xBA,0xFF,0xBA,0xFF,0xBA,0xFF,0xBA,0xFF,0xBA,0xFF,
    0xBA,0xFF,0xBA,0xFF,0xBA,0xFF,0xBA,0xFF,0xBA,0xFF,0xBA,0xFF,0xBA,0xFF,0xBA,0xFF,
    0xBA,0xFF,0xBA,0xFF,0xBA,0xFF,0xBA,0xFF,0xBA,0xFF,0xBA,0xFF,0xBA,0xFF,0xBA,0xFF,
    0xBA,0xFF,0xBA,0xFF,0xBA,0xFF,0xBA,0xFF,0xBA,0xFF,0xBA,0xFF,0xBA,0xFF,0xBA,0xFF,
    0xBA,0xFF,0xBA,0xFF,0xBA,0xFF,0xBA,0xFF,0xBA,0xFF,0xBA,0xFF,0xBA,0xFF,0xBA,0xFF,
    0x45,0x94,0x45,0x94,0xA7,0xA4,0xA8,0xA4,0xA8,0xA4,0x36,0xFF,0xAC,0xCD,0xCD,0xD5,
    0xCE,0xD5,0xAC,0xCD,0x88,0xC5,0x56,0xFF,0x99,0xFF,0x99,0xFF,0xEC,0xD5,0x27,0xBD,
    0x26,0xBD,0xCA,0xCD,0xEB,0xD5,0x6F,0xE6,0xBA,0xFF,0xBA,0xFF,0xBA,0xFF,0xBA,0xFF,
    0xBA,0xFF,0x78,0xFF,0x99,0xFF,0xBA,0xFF,0xBA,0xFF,0xBA,0xFF,0xBA,0xFF,0xBA,0xFF,
    0xBA,0xFF,0xBA,0xFF,0xBA,0xFF,0xBA,0xFF,0xBA,0xFF,0xBA,0xFF,0xBA,0xFF,0xBA,0xFF,
    0xBA,0xFF,0xBA,0xFF,0xBA,0xFF,0xBA,0xFF,0xBA,0xFF,0xBA,0xFF,0xBA,0xFF,0xBA,0xFF,
    0xBA,0xFF,0xBA,0xFF,0xBA,0xFF,0xBA,0xFF,0xBA,0xFF,0xBA,0xFF,0xBA,0xFF,0xBA,0xFF,
    0xBA,0xFF,0xBA,0xFF,0xBA,0xFF,0xBA,0xFF,0xBA,0xFF,0xBA,0xFF,0xBA,0xFF,0xBA,0xFF,
    0xBA,0xFF,0xBA,0xFF,0xBA,0xFF,0xBA,0xFF,0xBA,0xFF,0xBA,0xFF,0x26,0x8C,0xAD,0xC5,
    0x51,0xE6,0x93,0xEE,0x66,0x9C,0xCE,0xCD,0x50,0xE6,0x71,0xEE,0xAD,0xCD,0x69,0xC5,
    0x0B,0xD6,0x36,0xFF,0xF5,0xF6,0x8A,0xC5,0xEC,0xCD,0xBA,0xFF,0x36,0xEF,0x2D,0xDE,
    0x0C,0xDE,0x2C,0xDE,0x4D,0xE6,0x99,0xFF,0xBA,0xFF,0xBA,0xFF,0x57,0xFF,0xD3,0xF6,
    0xF2,0xF6,0xBA,0xFF,0xBA,0xFF,0xBA,0xFF,0xBA,0xFF,0xBA,0xFF,0xBA,0xFF,0xBA,0xFF,
    0xBA,0xFF,0xBA,0xFF,0xBA,0xFF,0xBA,0xFF,0xBA,0xFF,0xBA,0xFF,0xBA,0xFF,0xBA,0xFF,
    0xBA,0xFF,0xBA,0xFF,0xBA,0xFF,0xBA,0xFF,0xBA,0xFF,0xBA,0xFF,0xBA,0xFF,0xBA,0xFF,
    0xBA,0xFF,0xBA,0xFF,0xBA,0xFF,0xBA,0xFF,0xBA,0xFF,0xBA,0xFF,0xBA,0xFF,0xBA,0xFF,
    0xBA,0xFF,0xBA,0xFF,0xBA,0xFF,0xBA,0xFF,0xBA,0xFF,0xBA,0xFF,0xBA,0xFF,0xBA,0xFF,
    0xBA,0xFF,0xBA,0xFF,0xBA,0xFF,0xBA,0xFF,0xC9,0xAC,0xAE,0xCD,0x6C,0xC5,0x2C,0xBD,
    0x2B,0xBD,0x86,0xA4,0xCF,0xDD,0x10,0xDE,0xC8,0xAC,0xE6,0xB4,0xEC,0xD5,0x51,0xE6,
    0x6A,0xC5,0x4A,0xC5,0xD4,0xEE,0x58,0xFF,0x99,0xFF,0x9A,0xFF,0xBA,0xFF,0x6F,0xE6,
    0x0B,0xDE,0xB0,0xEE,0xBA,0xFF,0xBA,0xFF,0xBA,0xFF,0x57,0xFF,0x56,0xFF,0xBA,0xFF,
    0xBA,0xFF,0xBA,0xFF,0xBA,0xFF,0xBA,0xFF,0xBA,0xFF,0xBA,0xFF,0xBA,0xFF,0xBA,0xFF,
    0xBA,0xFF,0xBA,0xFF,0xBA,0xFF,0xBA,0xFF,0xBA,0xFF,0xBA,0xFF,0xBA,0xFF,0xBA,0xFF,
    0xBA,0xFF,0xBA,0xFF,0xBA,0xFF,0xBA,0xFF,0xBA,0xFF,0xBA,0xFF,0xBA,0xFF,0xBA,0xFF,
    0xBA,0xFF,0xBA,0xFF,0xBA,0xFF,0xBA,0xFF,0xBA,0xFF,0xBA,0xFF,0xBA,0xFF,0xBA,0xFF,
    0xBA,0xFF,0xBA,0xFF,0xBA,0xFF,0xBA,0xFF,0xBA,0xFF,0xBA,0xFF,0xBA,0xFF,0xBA,0xFF,
    0x72,0xD6,0x0F,0xCE,0x6D,0xC5,0x2C,0xBD,0x2C,0xC5,0x4D,0xC5,0x6D,0xCD,0xA7,0xAC,
    0x4C,0xC5,0x8E,0xD5,0xA8,0xA4,0xE6,0xAC,0x6A,0xCD,0x4B,0xC5,0x29,0xBD,0xAF,0xD5,
    0xAF,0xD5,0xCF,0xDD,0xEF,0xDD,0x51,0xE6,0xF5,0xF6,0xBA,0xFF,0xEC,0xD5,0x2E,0xDE,
    0xBA,0xFF,0xBA,0xFF,0x99,0xFF,0xBA,0xFF,0xBA,0xFF,0xBA,0xFF,0xBA,0xFF,0xBA,0xFF,
    0xBA,0xFF,0xBA,0xFF,0xBA,0xFF,0xBA,0xFF,0xBA,0xFF,0xBA,0xFF,0xBA,0xFF,0xBA,0xFF,
    0xBA,0xFF,0xBA,0xFF,0xBA,0xFF,0xBA,0xFF,0xBA,0xFF,0xBA,0xFF,0xBA,0xFF,0xBA,0xFF,
    0xBA,0xFF,0xBA,0xFF,0xBA,0xFF,0xBA,0xFF,0xBA,0xFF,0xBA,0xFF,0xBA,0xFF,0xBA,0xFF,
    0xBA,0xFF,0xBA,0xFF,0xBA,0xFF,0xBA,0xFF,0xBA,0xFF,0xBA,0xFF,0xBA,0xFF,0xBA,0xFF,
    0xBA,0xFF,0xBA,0xFF,0xBA,0xFF,0xBA,0xFF,0x58,0xF7,0xEF,0xC5,0x4E,0xD6,0x2C,0xCE,
    0xF0,0xD5,0x4D,0xC5,0xCB,0xBC,0x8A,0xB4,0x49,0xAC,0x06,0x9C,0x46,0xA4,0x07,0xAC,
    0x25,0x9C,0x45,0x94,0x68,0xBC,0x67,0xA4,0xA8,0xB4,0x2C,0xCD,0x2C,0xC5,0x0B,0xC5,
    0xEB,0xC4,0x79,0xFF,0x37,0xF7,0x16,0xF7,0x14,0xF7,0xAA,0xC5,0xBA,0xFF,0xBA,0xFF,
    0x99,0xFF,0xBA,0xFF,0xBA,0xFF,0xBA,0xFF,0xBA,0xFF,0xBA,0xFF,0xBA,0xFF,0xBA,0xFF,
    0xBA,0xFF,0xBA,0xFF,0xBA,0xFF,0xBA,0xFF,0xBA,0xFF,0xBA,0xFF,0xBA,0xFF,0xBA,0xFF,
    0xBA,0xFF,0xBA,0xFF,0xBA,0xFF,0xBA,0xFF,0xBA,0xFF,0xBA,0xFF,0xBA,0xFF,0xBA,0xFF,
    0xBA,0xFF,0xBA,0xFF,0xBA,0xFF,0xBA,0xFF,0xBA,0xFF,0xBA,0xFF,0xBA,0xFF,0xBA,0xFF,
    0xBA,0xFF,0xBA,0xFF,0xBA,0xFF,0xBA,0xFF,0xBA,0xFF,0xBA,0xFF,0xBA,0xFF,0xBA,0xFF,
    0xBA,0xFF,0x16,0xEF,0xAC,0xBD,0x6D,0xD6,0xA9,0xBD,0x47,0xB5,0x2C,0xBD,0x07,0x9C,
    0x84,0x93,0x43,0x83,0xE3,0x7A,0xC2,0x72,0x83,0x83,0xA5,0xA3,0xC4,0x93,0xC3,0x8B,
    0x26,0xAC,0x66,0xAC,0x67,0xB4,0x26,0xAC,0x88,0xB4,0x4C,0xCD,0xD5,0xEE,0xBA,0xFF,
    0x9A,0xFF,0x71,0xEE,0xBA,0xFF,0x4F,0xDE,0xBA,0xFF,0xBA,0xFF,0xBA,0xFF,0xBA,0xFF,
    0xBA,0xFF,0xBA,0xFF,0xBA,0xFF,0xBA,0xFF,0xBA,0xFF,0xBA,0xFF,0xBA,0xFF,0xBA,0xFF,
    0xBA,0xFF,0xBA,0xFF,0xBA,0xFF,0xBA,0xFF,0xBA,0xFF,0xBA,0xFF,0xBA,0xFF,0xBA,0xFF,
    0xBA,0xFF,0xBA,0xFF,0xBA,0xFF,0xBA,0xFF,0xBA,0xFF,0xBA,0xFF,0xBA,0xFF,0xBA,0xFF,
    0xBA,0xFF,0xBA,0xFF,0xBA,0xFF,0xBA,0xFF,0xBA,0xFF,0xBA,0xFF,0xBA,0xFF,0xBA,0xFF,
    0xBA,0xFF,0xBA,0xFF,0xBA,0xFF,0xBA,0xFF,0xBA,0xFF,0xBA,0xFF,0x99,0xFF,0x8C,0xBD,
    0x0B,0xCE,0x47,0xB5,0x89,0xBD,0xA9,0xBD,0x6E,0xC5,0x4E,0xC5,0xEB,0xBC,0xC9,0xB4,
    0x89,0xAC,0x48,0xA4,0x47,0x9C,0x68,0xB4,0x68,0xAC,0x68,0xA4,0x0B,0xBD,0xEF,0xDD,
    0x52,0xE6,0xD5,0xF6,0x99,0xFF,0xBA,0xFF,0xBA,0xFF,0xBA,0xFF,0x79,0xFF,0x0F,0xDE,
    0x16,0xF7,0x71,0xE6,0x15,0xF7,0x99,0xFF,0xBA,0xFF,0xBA,0xFF,0xBA,0xFF,0xBA,0xFF,
    0x99,0xFF,0x77,0xFF,0x15,0xF7,0xBA,0xFF,0xBA,0xFF,0xBA,0xFF,0xBA,0xFF,0xBA,0xFF,
    0xBA,0xFF,0xBA,0xFF,0xBA,0xFF,0xBA,0xFF,0xBA,0xFF,0xBA,0xFF,0xBA,0xFF,0xBA,0xFF,
    0xBA,0xFF,0xBA,0xFF,0xBA,0xFF,0xBA,0xFF,0xBA,0xFF,0xBA,0xFF,0xBA,0xFF,0xBA,0xFF,
    0xBA,0xFF,0xBA,0xFF,0xBA,0xFF,0xBA,0xFF,0xBA,0xFF,0xBA,0xFF,0xBA,0xFF,0xBA,0xFF,
    0xBA,0xFF,0xBA,0xFF,0xBA,0xFF,0xBA,0xFF,0xEE,0xC5,0x0B,0xCE,0x48,0xB5,0x47,0xAD,
    0x88,0xB5,0x88,0xB5,0xEC,0xBC,0xEC,0xBC,0x0C,0xC5,0x8E,0xD5,0x31,0xE6,0x72,0xEE,
    0xD4,0xF6,0x57,0xFF,0x78,0xFF,0x9A,0xFF,0xBA,0xFF,0xBA,0xFF,0xBA,0xFF,0xBA,0xFF,
    0xBA,0xFF,0xBA,0xFF,0x78,0xFF,0xBA,0xFF,0x16,0xF7,0xAE,0xDD,0x30,0xE6,0xEE,0xDD,
    0x30,0xE6,0x16,0xF7,0xF5,0xF6,0x99,0xFF,0xBA,0xFF,0x78,0xFF,0x99,0xFF,0x99,0xFF,
    0x14,0xF7,0x56,0xFF,0xBA,0xFF,0xBA,0xFF,0xBA,0xFF,0xBA,0xFF,0xBA,0xFF,0xBA,0xFF,
    0xBA,0xFF,0xBA,0xFF,0xBA,0xFF,0xBA,0xFF,0xBA,0xFF,0xBA,0xFF,0xBA,0xFF,0xBA,0xFF,
    0xBA,0xFF,0xBA,0xFF,0xBA,0xFF,0xBA,0xFF,0xBA,0xFF,0xBA,0xFF,0xBA,0xFF,0xBA,0xFF,
    0xBA,0xFF,0xBA,0xFF,0xBA,0xFF,0xBA,0xFF,0xBA,0xFF,0xBA,0xFF,0xBA,0xFF,0xBA,0xFF,
    0xBA,0xFF,0xD5,0xE6,0xAB,0xBD,0x88,0xB5,0x47,0xAD,0x47,0xB5,0x67,0xB5,0x67,0xB5,
    0x0C,0xBD,0xEC,0xBC,0x0C,0xBD,0x0C,0xC5,0x0C,0xC5,0x2D,0xC5,0xCF,0xDD,0x71,0xEE,
    0xD4,0xF6,0x58,0xFF,0x58,0xFF,0x78,0xFF,0x78,0xFF,0x9A,0xFF,0xBA,0xFF,0xBA,0xFF,
    0x9A,0xFF,0xBA,0xFF,0xCE,0xDD,0x6C,0xCD,0x30,0xE6,0x71,0xEE,0x79,0xFF,0xBA,0xFF,
    0x9A,0xFF,0xF5,0xF6,0xBA,0xFF,0x99,0xFF,0xBA,0xFF,0xBA,0xFF,0xBA,0xFF,0xBA,0xFF,
    0xBA,0xFF,0xBA,0xFF,0xBA,0xFF,0xBA,0xFF,0xBA,0xFF,0xBA,0xFF,0xBA,0xFF,0xBA,0xFF,
    0xBA,0xFF,0xBA,0xFF,0xBA,0xFF,0xBA,0xFF,0xBA,0xFF,0xBA,0xFF,0x98,0xFF,0x99,0xFF,
    0xBA,0xFF,0xBA,0xFF,0xBA,0xFF,0xBA,0xFF,0xBA,0xFF,0xBA,0xFF,0xBA,0xFF,0xBA,0xFF,
    0xBA,0xFF,0xBA,0xFF,0xBA,0xFF,0xBA,0xFF,0xBA,0xFF,0xBA,0xFF,0xBA,0xFF,0xEF,0xC5,
    0xA9,0xBD,0xE6,0xA4,0x47,0xAD,0x47,0xAD,0x47,0xAD,0x47,0xB5,0x68,0xAC,0xEC,0xBC,
    0x2C,0xC5,0x2C,0xC5,0x0B,0xC5,0xEB,0xC4,0xCF,0xDD,0x93,0xF6,0xF5,0xF6,0x99,0xFF,
    0xBA,0xFF,0x99,0xFF,0x78,0xFF,0x58,0xFF,0x79,0xFF,0x58,0xFF,0x78,0xFF,0x79,0xFF,
    0x79,0xFF,0x9A,0xFF,0xBA,0xFF,0xBA,0xFF,0xBA,0xFF,0xBA,0xFF,0xBA,0xFF,0xB3,0xEE,
    0x9A,0xFF,0x99,0xFF,0xBA,0xFF,0xBA,0xFF,0xBA,0xFF,0xBA,0xFF,0xBA,0xFF,0xBA,0xFF,
    0xBA,0xFF,0xBA,0xFF,0xBA,0xFF,0xBA,0xFF,0xBA,0xFF,0xBA,0xFF,0xBA,0xFF,0xBA,0xFF,
    0xBA,0xFF,0xBA,0xFF,0xBA,0xFF,0xBA,0xFF,0xAD,0xEE,0x8C,0xEE,0x56,0xFF,0xBA,0xFF,
    0xBA,0xFF,0xBA,0xFF,0xBA,0xFF,0xBA,0xFF,0xBA,0xFF,0xBA,0xFF,0xBA,0xFF,0xBA,0xFF,
    0xBA,0xFF,0xBA,0xFF,0xBA,0xFF,0xBA,0xFF,0xBA,0xFF,0x8B,0xB5,0x88,0xB5,0xE5,0x9C,
    0x47,0xAD,0x47,0xAD,0x47,0xAD,0x47,0xAD,0x8A,0xB4,0xAA,0xB4,0xAA,0xB4,0xCA,0xBC,
    0x4D,0xCD,0x4D,0xCD,0x10,0xE6,0x51,0xEE,0x0F,0xE6,0x0F,0xE6,0x10,0xE6,0xB3,0xF6,
    0x36,0xFF,0x78,0xFF,0x79,0xFF,0xBA,0xFF,0xBA,0xFF,0xBA,0xFF,0xBA,0xFF,0xBA,0xFF,
    0xBA,0xFF,0xBA,0xFF,0xBA,0xFF,0xBA,0xFF,0xBA,0xFF,0x91,0xEE,0xBA,0xFF,0xBA,0xFF,
    0xBA,0xFF,0xBA,0xFF,0xBA,0xFF,0xBA,0xFF,0xBA,0xFF,0xBA,0xFF,0xBA,0xFF,0xBA,0xFF,
    0xBA,0xFF,0xBA,0xFF,0xBA,0xFF,0xBA,0xFF,0xBA,0xFF,0xBA,0xFF,0xBA,0xFF,0xBA,0xFF,
    0xBA,0xFF,0xBA,0xFF,0xF0,0xF6,0x8B,0xEE,0xAE,0xEE,0xBA,0xFF,0xBA,0xFF,0xBA,0xFF,
    0xBA,0xFF,0xBA,0xFF,0xBA,0xFF,0xBA,0xFF,0xBA,0xFF,0xBA,0xFF,0xBA,0xFF,0xBA,0xFF,
    0xBA,0xFF,0xBA,0xFF,0x37,0xF7,0x49,0xAD,0x67,0xB5,0xE5,0xA4,0x26,0xAD,0x26,0xAD,
    0x46,0xAD,0x26,0xAD,0x0C,0xBD,0x0C,0xBD,0x2C,0xC5,0x8E,0xCD,0xCF,0xDD,0xEF,0xDD,
    0xEF,0xDD,0x10,0xE6,0x72,0xEE,0x78,0xFF,0x9A,0xFF,0xBA,0xFF,0xBA,0xFF,0xBA,0xFF,
    0xBA,0xFF,0xBA,0xFF,0xBA,0xFF,0xBA,0xFF,0xBA,0xFF,0xBA,0xFF,0xBA,0xFF,0xBA,0xFF,
    0xBA,0xFF,0xBA,0xFF,0xBA,0xFF,0x16,0xF7,0xBA,0xFF,0xBA,0xFF,0xBA,0xFF,0xBA,0xFF,
    0xBA,0xFF,0xBA,0xFF,0xBA,0xFF,0xBA,0xFF,0xBA,0xFF,0xBA,0xFF,0xBA,0xFF,0xBA,0xFF,
    0xBA,0xFF,0xBA,0xFF,0xBA,0xFF,0xBA,0xFF,0xBA,0xFF,0xBA,0xFF,0xBA,0xFF,0xBA,0xFF,
    0xBA,0xFF,0x34,0xF7,0x12,0xF7,0xBA,0xFF,0xBA,0xFF,0xBA,0xFF,0xBA,0xFF,0xBA,0xFF,
    0xBA,0xFF,0xBA,0xFF,0xBA,0xFF,0xBA,0xFF,0xBA,0xFF,0xBA,0xFF,0xBA,0xFF,0xBA,0xFF,
    0x93,0xDE,0xE7,0xA4,0x88,0xB5,0x26,0xA5,0x06,0xA5,0x26,0xA5,0x26,0xAD,0x26,0xAD,
    0x0C,0xBD,0xEB,0xBC,0x2C,0xC5,0x6E,0xCD,0x0C,0xC5,0xCB,0xBC,0xEB,0xBC,0xEB,0xC4,
    0xEF,0xDD,0xBA,0xFF,0xBA,0xFF,0xBA,0xFF,0x9A,0xFF,0xBA,0xFF,0xBA,0xFF,0xBA,0xFF,
    0xBA,0xFF,0xBA,0xFF,0xBA,0xFF,0xBA,0xFF,0x99,0xFF,0xBA,0xFF,0xBA,0xFF,0xBA,0xFF,
    0xBA,0xFF,0x50,0xE6,0x70,0xE6,0x15,0xF7,0xBA,0xFF,0xBA,0xFF,0xBA,0xFF,0xBA,0xFF,
    0xBA,0xFF,0xBA,0xFF,0xBA,0xFF,0xBA,0xFF,0xBA,0xFF,0xBA,0xFF,0xBA,0xFF,0xBA,0xFF,
    0xBA,0xFF,0xBA,0xFF,0xBA,0xFF,0xBA,0xFF,0xBA,0xFF,0xBA,0xFF,0xBA,0xFF,0xBA,0xFF,
    0xBA,0xFF,0xBA,0xFF,0xBA,0xFF,0xBA,0xFF,0xBA,0xFF,0xBA,0xFF,0xBA,0xFF,0xBA,0xFF,
    0xBA,0xFF,0xBA,0xFF,0xBA,0xFF,0xBA,0xFF,0xBA,0xFF,0xBA,0xFF,0x94,0xE6,0x07,0xA5,
    0x47,0xAD,0xE6,0x9C,0x26,0xA5,0x26,0xA5,0x05,0xA5,0x26,0xA5,0xEC,0xBC,0xEC,0xBC,
    0x2C,0xC5,0x4D,0xC5,0x2C,0xC5,0x0B,0xC5,0x2C,0xC5,0x0C,0xC5,0x8E,0xD5,0x37,0xFF,
    0x99,0xFF,0xBA,0xFF,0xBA,0xFF,0xBA,0xFF,0xBA,0xFF,0xBA,0xFF,0xBA,0xFF,0xBA,0xFF,
    0xBA,0xFF,0xBA,0xFF,0xBA,0xFF,0xBA,0xFF,0xBA,0xFF,0xBA,0xFF,0xBA,0xFF,0x0E,0xDE,
    0x0D,0xD6,0xED,0xD5,0x2E,0xD6,0x71,0xE6,0x36,0xF7,0xBA,0xFF,0xBA,0xFF,0xBA,0xFF,
    0xBA,0xFF,0xBA,0xFF,0xBA,0xFF,0xBA,0xFF,0xBA,0xFF,0xBA,0xFF,0xBA,0xFF,0xBA,0xFF,
    0xBA,0xFF,0xBA,0xFF,0xBA,0xFF,0xBA,0xFF,0xBA,0xFF,0xBA,0xFF,0xBA,0xFF,0xBA,0xFF,
    0xBA,0xFF,0xBA,0xFF,0xBA,0xFF,0xBA,0xFF,0xBA,0xFF,0xBA,0xFF,0xBA,0xFF,0xBA,0xFF,
    0xBA,0xFF,0xBA,0xFF,0xBA,0xFF,0xBA,0xFF,0x37,0xF7,0xC8,0x9C,0x47,0xAD,0xC5,0x9C,
    0x26,0xA5,0x05,0xA5,0x05,0xA5,0x06,0xA5,0xEC,0xBC,0xEB,0xBC,0xEB,0xBC,0x4D,0xC5,
    0x2C,0xC5,0x0C,0xC5,0x4D,0xC5,0x2D,0xC5,0x8E,0xD5,0x78,0xFF,0x99,0xFF,0x99,0xFF,
    0x78,0xFF,0xBA,0xFF,0xBA,0xFF,0xBA,0xFF,0xBA,0xFF,0xBA,0xFF,0xBA,0xFF,0xBA,0xFF,
    0xBA,0xFF,0xBA,0xFF,0xBA,0xFF,0xBA,0xFF,0xBA,0xFF,0x0E,0xD6,0x70,0xDE,0x70,0xE6,
    0x4F,0xDE,0x2E,0xD6,0x0D,0xD6,0x0D,0xD6,0x2F,0xDE,0xD4,0xEE,0x99,0xFF,0xBA,0xFF,
    0xBA,0xFF,0xBA,0xFF,0xBA,0xFF,0xBA,0xFF,0xBA,0xFF,0xBA,0xFF,0xBA,0xFF,0xBA,0xFF,
    0xBA,0xFF,0xBA,0xFF,0xBA,0xFF,0xBA,0xFF,0xBA,0xFF,0xBA,0xFF,0xBA,0xFF,0xBA,0xFF,
    0xBA,0xFF,0xBA,0xFF,0xBA,0xFF,0xBA,0xFF,0xBA,0xFF,0xBA,0xFF,0xBA,0xFF,0xBA,0xFF,
    0xBA,0xFF,0xBA,0xFF,0xBA,0xFF,0xC9,0x9C,0x26,0xA5,0x06,0xA5,0xE5,0x9C,0xE5,0x9C,
    0x06,0xA5,0x06,0xA5,0xEB,0xBC,0xEB,0xBC,0xEB,0xBC,0x2D,0xC5,0x2C,0xC5,0x2C,0xC5,
    0x2D,0xC5,0x0C,0xC5,0xAE,0xD5,0x99,0xFF,0x99,0xFF,0x78,0xFF,0x79,0xFF,0xBA,0xFF,
    0xBA,0xFF,0xBA,0xFF,0xBA,0xFF,0xBA,0xFF,0xBA,0xFF,0xBA,0xFF,0xBA,0xFF,0xBA,0xFF,
    0xBA,0xFF,0xBA,0xFF,0xBA,0xFF,0xEE,0xD5,0x2F,0xDE,0x2E,0xDE,0x2F,0xDE,0x4F,0xDE,
    0x4F,0xDE,0x6F,0xDE,0x4F,0xDE,0x2E,0xDE,0x0D,0xD6,0x2E,0xDE,0xD3,0xEE,0x99,0xFF,
    0xBA,0xFF,0xBA,0xFF,0xBA,0xFF,0xBA,0xFF,0xBA,0xFF,0xBA,0xFF,0xBA,0xFF,0xBA,0xFF,
    0xBA,0xFF,0xBA,0xFF,0xBA,0xFF,0xBA,0xFF,0xBA,0xFF,0xBA,0xFF,0xBA,0xFF,0xBA,0xFF,
    0xBA,0xFF,0xBA,0xFF,0xBA,0xFF,0xBA,0xFF,0xBA,0xFF,0xBA,0xFF,0xBA,0xFF,0xBA,0xFF,
    0xBA,0xFF,0xAE,0xC5,0xA5,0x94,0x47,0xAD,0xA5,0x94,0xE5,0x9C,0xE5,0x9C,0xE5,0x9C,
    0xEC,0xBC,0xCB,0xBC,0xEB,0xBC,0x2D,0xC5,0x2C,0xC5,0x0C,0xC5,0x2C,0xC5,0xEC,0xBC,
    0x8E,0xCD,0x78,0xFF,0x99,0xFF,0x99,0xFF,0x99,0xFF,0xBA,0xFF,0xBA,0xFF,0xBA,0xFF,
    0xBA,0xFF,0xBA,0xFF,0xBA,0xFF,0xBA,0xFF,0xBA,0xFF,0xBA,0xFF,0xBA,0xFF,0xBA,0xFF,
    0x93,0xEE,0xAC,0xCD,0x4F,0xD6,0x2E,0xD6,0x2E,0xD6,0x2E,0xDE,0x4F,0xDE,0x90,0xE6,
    0x70,0xE6,0x6F,0xDE,0x70,0xDE,0x70,0xE6,0x4E,0xDE,0x2D,0xD6,0x6F,0xDE,0xBA,0xFF,
    0xBA,0xFF,0xBA,0xFF,0xBA,0xFF,0xBA,0xFF,0xBA,0xFF,0xBA,0xFF,0xBA,0xFF,0xBA,0xFF,
    0xBA,0xFF,0xBA,0xFF,0xBA,0xFF,0xBA,0xFF,0xBA,0xFF,0xBA,0xFF,0xBA,0xFF,0xBA,0xFF,
    0xBA,0xFF,0xBA,0xFF,0xBA,0xFF,0xBA,0xFF,0xBA,0xFF,0xBA,0xFF,0xBA,0xFF,0x78,0xFF,
    0x87,0x8C,0xC5,0x9C,0x07,0xA5,0xC5,0x9C,0xE5,0x9C,0xC5,0x9C,0x0C,0xBD,0xCB,0xBC,
    0xCB,0xBC,0x2D,0xC5,0x0C,0xC5,0x2C,0xC5,0x2C,0xC5,0x0C,0xBD,0x4D,0xCD,0x15,0xFF,
    0x99,0xFF,0x78,0xFF,0x99,0xFF,0xBA,0xFF,0xBA,0xFF,0xBA,0xFF,0xBA,0xFF,0xBA,0xFF,
    0xBA,0xFF,0xBA,0xFF,0x57,0xFF,0xF6,0xEE,0x10,0xD6,0x8D,0xC5,0xCC,0xCD,0x0E,0xD6,
    0x2E,0xDE,0x2E,0xDE,0x2E,0xDE,0x4F,0xDE,0x4F,0xDE,0x6F,0xDE,0x6F,0xDE,0x90,0xE6,
    0x70,0xE6,0x2E,0xDE,0x0D,0xDE,0x4F,0xE6,0xCC,0xD5,0xD4,0xEE,0xBA,0xFF,0xBA,0xFF,
    0xBA,0xFF,0xBA,0xFF,0xBA,0xFF,0xBA,0xFF,0xBA,0xFF,0xBA,0xFF,0xBA,0xFF,0xBA,0xFF,
    0xBA,0xFF,0xBA,0xFF,0xBA,0xFF,0xBA,0xFF,0xBA,0xFF,0xBA,0xFF,0xBA,0xFF,0xBA,0xFF,
    0xBA,0xFF,0xBA,0xFF,0xBA,0xFF,0xBA,0xFF,0xBA,0xFF,0x99,0xFF,0x51,0xD6,0xC3,0x73,
    0x26,0xA5,0x06,0x9D,0xA5,0x94,0xA5,0x94,0x0C,0xBD,0x2D,0xC5,0x2C,0xC5,0x4D,0xC5,
    0x0C,0xBD,0x0C,0xC5,0x0C,0xBD,0xEC,0xBC,0x4C,0xCD,0x71,0xEE,0x78,0xFF,0x58,0xFF,
    0x99,0xFF,0xBA,0xFF,0xBA,0xFF,0xBA,0xFF,0x58,0xFF,0x72,0xEE,0x10,0xDE,0xAD,0xCD,
    0xAC,0xCD,0xCC,0xCD,0xEC,0xCD,0x2D,0xD6,0x4E,0xDE,0x4F,0xDE,0x4F,0xDE,0x4F,0xDE,
    0x6F,0xDE,0x70,0xDE,0x2E,0xDE,0x0D,0xDE,0x4F,0xDE,0x70,0xE6,0xF4,0xF6,0xF4,0xF6,
    0x57,0xFF,0xBA,0xFF,0xB3,0xE6,0x99,0xFF,0xBA,0xFF,0xBA,0xFF,0xBA,0xFF,0xBA,0xFF,
    0xBA,0xFF,0xBA,0xFF,0xBA,0xFF,0xBA,0xFF,0xBA,0xFF,0xBA,0xFF,0xBA,0xFF,0xBA,0xFF,
    0xBA,0xFF,0xBA,0xFF,0xBA,0xFF,0xBA,0xFF,0xBA,0xFF,0xBA,0xFF,0xBA,0xFF,0xBA,0xFF,
    0xBA,0xFF,0xBA,0xFF,0xBA,0xFF,0x99,0xFF,0x78,0xFF,0xCF,0xC5,0xE3,0x73,0xE6,0x9C,
    0x07,0xA5,0xA5,0x94,0x08,0x94,0x48,0x9C,0x89,0xA4,0xEC,0xBC,0x0C,0xBD,0x2D,0xC5,
    0x2D,0xC5,0xEC,0xBC,0x6D,0xCD,0x57,0xFF,0xBA,0xFF,0x99,0xFF,0x37,0xFF,0x31,0xE6,
    0xCF,0xD5,0x8D,0xCD,0x8C,0xCD,0xAC,0xCD,0xED,0xD5,0x2E,0xD6,0x4E,0xDE,0x6F,0xDE,
    0x4F,0xDE,0x4E,0xDE,0x4F,0xDE,0x4F,0xDE,0x4F,0xDE,0x4F,0xDE,0x4F,0xE6,0x70,0xE6,
    0xD3,0xF6,0x57,0xFF,0xBA,0xFF,0xBA,0xFF,0x99,0xFF,0xBA,0xFF,0xBA,0xFF,0xBA,0xFF,
    0x72,0xDE,0x16,0xF7,0xBA,0xFF,0xBA,0xFF,0xBA,0xFF,0xBA,0xFF,0xBA,0xFF,0xBA,0xFF,
    0xBA,0xFF,0xBA,0xFF,0xBA,0xFF,0xBA,0xFF,0xBA,0xFF,0xBA,0xFF,0xBA,0xFF,0xBA,0xFF,
    0xBA,0xFF,0xBA,0xFF,0xBA,0xFF,0xBA,0xFF,0xBA,0xFF,0xBA,0xFF,0xBA,0xFF,0xBA,0xFF,
    0xBA,0xFF,0xBA,0xFF,0x57,0xFF,0x78,0xFF,0x31,0xD6,0x05,0x7C,0x23,0x84,0x06,0x9D,
    0x48,0x9C,0x28,0x94,0x07,0x94,0x07,0x94,0x28,0x94,0x68,0x9C,0x69,0xAC,0xAA,0xB4,
    0x0B,0xC5,0x10,0xDE,0x10,0xDE,0xCE,0xD5,0xAD,0xCD,0x4B,0xBD,0x6B,0xC5,0xCC,0xCD,
    0x2E,0xDE,0x6F,0xDE,0x70,0xDE,0x6F,0xDE,0x4F,0xDE,0x2E,0xD6,0x0E,0xD6,0x0E,0xDE,
    0x2F,0xE6,0x70,0xEE,0xF4,0xF6,0x78,0xFF,0xBA,0xFF,0xBA,0xFF,0xBA,0xFF,0xBA,0xFF,
    0x90,0xE6,0xB1,0xEE,0x0C,0xDE,0xD3,0xEE,0xBA,0xFF,0xBA,0xFF,0x51,0xDE,0x91,0xE6,
    0xBA,0xFF,0xBA,0xFF,0xBA,0xFF,0xBA,0xFF,0xBA,0xFF,0xBA,0xFF,0xBA,0xFF,0xBA,0xFF,
    0xBA,0xFF,0xBA,0xFF,0xBA,0xFF,0xBA,0xFF,0xBA,0xFF,0xBA,0xFF,0xBA,0xFF,0xBA,0xFF,
    0xBA,0xFF,0xBA,0xFF,0xBA,0xFF,0xBA,0xFF,0xBA,0xFF,0xBA,0xFF,0xBA,0xFF,0xBA,0xFF,
    0xBA,0xFF,0x16,0xF7,0x36,0xFF,0x16,0xF7,0x0B,0xA5,0xE5,0x73,0x48,0x9C,0x48,0x9C,
    0x49,0x9C,0x69,0xA4,0x48,0x9C,0x27,0x94,0x07,0x8C,0xE6,0x8B,0x06,0x94,0x27,0x94,
    0x68,0xA4,0x4B,0xBD,0xCD,0xCD,0x2E,0xDE,0x2E,0xDE,0x0E,0xD6,0x0D,0xD6,0x0E,0xD6,
    0x0E,0xD6,0x0E,0xDE,0x0E,0xDE,0x2F,0xE6,0x91,0xEE,0x37,0xFF,0x9A,0xFF,0xBA,0xFF,
    0xBA,0xFF,0xBA,0xFF,0xBA,0xFF,0xBA,0xFF,0xBA,0xFF,0xBA,0xFF,0xE9,0xDD,0x6E,0xEE,
    0x4E,0xE6,0x56,0xF7,0xBA,0xFF,0xBA,0xFF,0x30,0xD6,0x92,0xEE,0xBA,0xFF,0xBA,0xFF,
    0xBA,0xFF,0xBA,0xFF,0xBA,0xFF,0xBA,0xFF,0xBA,0xFF,0xBA,0xFF,0xBA,0xFF,0xBA,0xFF,
    0xBA,0xFF,0xBA,0xFF,0xBA,0xFF,0xBA,0xFF,0xBA,0xFF,0xBA,0xFF,0xBA,0xFF,0xBA,0xFF,
    0xBA,0xFF,0xBA,0xFF,0xBA,0xFF,0xBA,0xFF,0xBA,0xFF,0xBA,0xFF,0xBA,0xFF,0xBA,0xFF,
    0x16,0xF7,0xB3,0xEE,0x57,0xFF,0xF5,0xEE,0x69,0x9C,0x69,0xA4,0x69,0xA4,0x69,0x9C,
    0x48,0x9C,0x27,0x94,0x27,0x94,0x27,0x94,0x48,0x94,0x48,0x94,0x48,0x9C,0x47,0x94,
    0x47,0x94,0xEA,0xAC,0x0E,0xD6,0x0E,0xDE,0x2F,0xDE,0x71,0xE6,0xF4,0xF6,0x57,0xFF,
    0x99,0xFF,0xBA,0xFF,0xBA,0xFF,0xBA,0xFF,0xBA,0xFF,0xBA,0xFF,0xBA,0xFF,0xBA,0xFF,
    0xBA,0xFF,0xBA,0xFF,0xBA,0xFF,0xBA,0xFF,0xF3,0xF6,0x57,0xFF,0xBA,0xFF,0xD3,0xEE,
    0x71,0xDE,0xEE,0xCD,0xAC,0xCD,0x0F,0xDE,0x91,0xE6,0x57,0xFF,0xBA,0xFF,0xBA,0xFF,
    0xBA,0xFF,0xBA,0xFF,0xBA,0xFF,0xBA,0xFF,0xBA,0xFF,0xBA,0xFF,0xBA,0xFF,0xBA,0xFF,
    0xBA,0xFF,0xBA,0xFF,0xBA,0xFF,0xBA,0xFF,0xBA,0xFF,0xBA,0xFF,0xBA,0xFF,0xBA,0xFF,
    0xBA,0xFF,0xBA,0xFF,0xBA,0xFF,0xBA,0xFF,0xBA,0xFF,0xBA,0xFF,0xBA,0xFF,0x58,0xFF,
    0xB3,0xEE,0x92,0xEE,0xC6,0x83,0x28,0x94,0x69,0xA4,0x69,0x9C,0x48,0x9C,0x28,0x94,
    0x47,0x94,0x48,0x9C,0x48,0x9C,0x48,0x94,0x48,0x9C,0x48,0x9C,0x48,0x94,0x88,0x9C,
    0x0F,0xD6,0xBA,0xFF,0xBA,0xFF,0xBA,0xFF,0xBA,0xFF,0x79,0xFF,0xBA,0xFF,0xBA,0xFF,
    0xBA,0xFF,0xBA,0xFF,0xBA,0xFF,0xBA,0xFF,0xBA,0xFF,0xBA,0xFF,0xBA,0xFF,0xBA,0xFF,
    0xBA,0xFF,0xF5,0xEE,0x50,0xDE,0xCD,0xCD,0x4B,0xBD,0x09,0xB5,0x6A,0xC5,0xCC,0xCD,
    0x70,0xE6,0xF3,0xEE,0x15,0xF7,0x50,0xE6,0x72,0xE6,0xBA,0xFF,0xBA,0xFF,0xBA,0xFF,
    0xBA,0xFF,0xBA,0xFF,0xBA,0xFF,0xBA,0xFF,0xBA,0xFF,0xBA,0xFF,0xBA,0xFF,0xBA,0xFF,
    0xBA,0xFF,0xBA,0xFF,0xBA,0xFF,0xBA,0xFF,0xBA,0xFF,0xBA,0xFF,0xBA,0xFF,0xBA,0xFF,
    0xBA,0xFF,0xBA,0xFF,0xBA,0xFF,0xBA,0xFF,0xBA,0xFF,0xBA,0xFF,0x99,0xFF,0x57,0xFF,
    0x08,0x94,0xC6,0x83,0xA6,0x83,0xC6,0x83,0x07,0x94,0x48,0x9C,0x48,0x9C,0x48,0x9C,
    0x48,0x94,0x48,0x94,0x48,0x9C,0x48,0x9C,0x68,0x9C,0x88,0xA4,0xF4,0xEE,0xBA,0xFF,
    0x78,0xFF,0x58,0xFF,0x9A,0xFF,0xBA,0xFF,0xBA,0xFF,0xBA,0xFF,0xBA,0xFF,0xBA,0xFF,
    0xBA,0xFF,0xBA,0xFF,0xBA,0xFF,0x57,0xF7,0x71,0xDE,0xAD,0xCD,0x4A,0xBD,0x09,0xB5,
    0x6B,0xBD,0x0E,0xD6,0x50,0xDE,0x91,0xE6,0x6F,0xE6,0x4F,0xDE,0x4F,0xE6,0x50,0xE6,
    0x0F,0xE6,0x8C,0xD5,0x37,0xF7,0xBA,0xFF,0xBA,0xFF,0xBA,0xFF,0xBA,0xFF,0xBA,0xFF,
    0xBA,0xFF,0xBA,0xFF,0xBA,0xFF,0xBA,0xFF,0xBA,0xFF,0xBA,0xFF,0xBA,0xFF,0xBA,0xFF,
    0xBA,0xFF,0xBA,0xFF,0xBA,0xFF,0xBA,0xFF,0xBA,0xFF,0xBA,0xFF,0xBA,0xFF,0xBA,0xFF,
    0xBA,0xFF,0xBA,0xFF,0xBA,0xFF,0xBA,0xFF,0xBA,0xFF,0xBA,0xFF,0xEB,0xBC,0xEB,0xB4,
    0x69,0xA4,0x08,0x94,0xE7,0x93,0xC6,0x8B,0xC6,0x83,0x07,0x94,0x88,0xA4,0x68,0xA4,
    0x48,0x9C,0x48,0x9C,0x88,0x9C,0xC8,0xA4,0xD4,0xEE,0xBA,0xFF,0x57,0xFF,0xF4,0xF6,
    0x99,0xFF,0xBA,0xFF,0xBA,0xFF,0xBA,0xFF,0xBA,0xFF,0x78,0xFF,0x91,0xE6,0xEE,0xCD,
    0x6B,0xBD,0x6B,0xBD,0xAC,0xC5,0xCD,0xCD,0x2E,0xDE,0x90,0xE6,0xB1,0xEE,0x91,0xE6,
    0x50,0xE6,0xED,0xDD,0xED,0xDD,0x2F,0xE6,0x91,0xEE,0x57,0xFF,0x71,0xEE,0x0F,0xDE,
    0xBA,0xFF,0xBA,0xFF,0xBA,0xFF,0xBA,0xFF,0xBA,0xFF,0xBA,0xFF,0xBA,0xFF,0xBA,0xFF,
    0xBA,0xFF,0xBA,0xFF,0xBA,0xFF,0xBA,0xFF,0xBA,0xFF,0xBA,0xFF,0xBA,0xFF,0xBA,0xFF,
    0xBA,0xFF,0xBA,0xFF,0xBA,0xFF,0xBA,0xFF,0xBA,0xFF,0xBA,0xFF,0xBA,0xFF,0xBA,0xFF,
    0xBA,0xFF,0xBA,0xFF,0xBA,0xFF,0xBA,0xFF,0x48,0xA4,0xCA,0xBC,0xAA,0xB4,0xEB,0xBC,
    0x0B,0xC5,0x2B,0xC5,0x6D,0xCD,0x0F,0xE6,0xD4,0xF6,0x51,0xEE,0x68,0xA4,0x68,0x9C,
    0xA9,0xA4,0xE9,0xAC,0xF4,0xEE,0xBA,0xFF,0x99,0xFF,0x9A,0xFF,0xBA,0xFF,0x58,0xFF,
    0x71,0xDE,0xEE,0xD5,0xAC,0xC5,0x6A,0xBD,0x8B,0xC5,0xED,0xCD,0x4F,0xDE,0x91,0xE6,
    0x91,0xE6,0x90,0xE6,0x70,0xE6,0x4F,0xE6,0x50,0xE6,0x50,0xE6,0x93,0xEE,0x57,0xFF,
    0xBA,0xFF,0xBA,0xFF,0xBA,0xFF,0xBA,0xFF,0xF5,0xF6,0x51,0xE6,0xBA,0xFF,0xBA,0xFF,
    0xBA,0xFF,0xBA,0xFF,0xBA,0xFF,0xBA,0xFF,0xBA,0xFF,0xBA,0xFF,0xBA,0xFF,0xBA,0xFF,
    0xBA,0xFF,0xBA,0xFF,0xBA,0xFF,0xBA,0xFF,0xBA,0xFF,0xBA,0xFF,0xBA,0xFF,0xBA,0xFF,
    0xBA,0xFF,0xBA,0xFF,0xBA,0xFF,0xBA,0xFF,0xBA,0xFF,0xBA,0xFF,0xBA,0xFF,0xBA,0xFF,
    0xBA,0xFF,0xBA,0xFF,0x2B,0xC5,0xCE,0xDD,0x30,0xE6,0x50,0xEE,0x71,0xF6,0xB2,0xF6,
    0xF4,0xFE,0xF4,0xFE,0x71,0xEE,0x71,0xF6,0xC9,0xB4,0x27,0x94,0x88,0x9C,0x68,0x94,
    0x0F,0xD6,0x57,0xFF,0x0F,0xDE,0x8C,0xC5,0x4A,0xBD,0x4B,0xBD,0x8B,0xC5,0xED,0xCD,
    0x2F,0xDE,0x70,0xE6,0x70,0xE6,0x50,0xE6,0x50,0xE6,0x50,0xE6,0x50,0xEE,0x92,0xEE,
    0x57,0xFF,0x99,0xFF,0xBA,0xFF,0xBA,0xFF,0xBA,0xFF,0xBA,0xFF,0xBA,0xFF,0xBA,0xFF,
    0xBA,0xFF,0xBA,0xFF,0x99,0xFF,0x51,0xDE,0xBA,0xFF,0xBA,0xFF,0xBA,0xFF,0xBA,0xFF,
    0xBA,0xFF,0xBA,0xFF,0xBA,0xFF,0xBA,0xFF,0xBA,0xFF,0xBA,0xFF,0xBA,0xFF,0xBA,0xFF,
    0xBA,0xFF,0xBA,0xFF,0xBA,0xFF,0xBA,0xFF,0xBA,0xFF,0xBA,0xFF,0xBA,0xFF,0xBA,0xFF,
    0xBA,0xFF,0xBA,0xFF,0xBA,0xFF,0xBA,0xFF,0x9A,0xFF,0xBA,0xFF,0xBA,0xFF,0xBA,0xFF,
    0xD3,0xF6,0xF4,0xF6,0xD3,0xF6,0x91,0xF6,0x71,0xEE,0x71,0xF6,0x92,0xF6,0xB3,0xF6,
    0x71,0xEE,0x71,0xF6,0x8D,0xD5,0x68,0xAC,0x07,0x9C,0xA6,0x83,0x27,0x94,0x2A,0xBD,
    0xAD,0xC5,0xEE,0xCD,0x2F,0xDE,0x4F,0xE6,0x4F,0xE6,0x50,0xE6,0x4F,0xE6,0x2F,0xE6,
    0x30,0xE6,0x92,0xEE,0x16,0xFF,0x99,0xFF,0xBA,0xFF,0xBA,0xFF,0xBA,0xFF,0xBA,0xFF,
    0xBA,0xFF,0xBA,0xFF,0xBA,0xFF,0xBA,0xFF,0xBA,0xFF,0xBA,0xFF,0xBA,0xFF,0xBA,0xFF,
    0x99,0xFF,0xAC,0xCD,0x57,0xF7,0xBA,0xFF,0xBA,0xFF,0xBA,0xFF,0xBA,0xFF,0xBA,0xFF,
    0xBA,0xFF,0xBA,0xFF,0xBA,0xFF,0xBA,0xFF,0xBA,0xFF,0xBA,0xFF,0xBA,0xFF,0xBA,0xFF,
    0xBA,0xFF,0xBA,0xFF,0xBA,0xFF,0xBA,0xFF,0xBA,0xFF,0xBA,0xFF,0xBA,0xFF,0xBA,0xFF,
    0xBA,0xFF,0x99,0xFF,0xBA,0xFF,0xBA,0xFF,0xBA,0xFF,0xBA,0xFF,0x92,0xF6,0x71,0xEE,
    0x91,0xF6,0x92,0xF6,0xF4,0xF6,0xF5,0xF6,0x92,0xF6,0x92,0xF6,0xB3,0xF6,0xF4,0xF6,
    0xCE,0xDD,0xCA,0xBC,0xEB,0xC4,0x89,0xB4,0xA9,0xB4,0x6C,0xCD,0x91,0xEE,0x71,0xEE,
    0x30,0xE6,0xEE,0xDD,0x0E,0xE6,0x71,0xEE,0x36,0xFF,0x99,0xFF,0xBA,0xFF,0xBA,0xFF,
    0xBA,0xFF,0xBA,0xFF,0xBA,0xFF,0xBA,0xFF,0x99,0xFF,0xF5,0xEE,0x52,0xDE,0x51,0xDE,
    0x72,0xDE,0x93,0xDE,0x72,0xDE,0x93,0xDE,0x71,0xDE,0x30,0xDE,0x0F,0xD6,0xAD,0xC5,
    0xCF,0xCD,0x9A,0xFF,0xBA,0xFF,0xBA,0xFF,0xBA,0xFF,0xBA,0xFF,0xBA,0xFF,0xBA,0xFF,
    0xBA,0xFF,0xBA,0xFF,0xBA,0xFF,0xBA,0xFF,0xBA,0xFF,0xBA,0xFF,0xBA,0xFF,0xBA,0xFF,
    0xBA,0xFF,0xBA,0xFF,0xBA,0xFF,0xBA,0xFF,0xBA,0xFF,0xBA,0xFF,0xBA,0xFF,0xBA,0xFF,
    0xBA,0xFF,0xBA,0xFF,0xBA,0xFF,0xBA,0xFF,0x71,0xEE,0xD4,0xF6,0x36,0xFF,0x99,0xFF,
    0xBA,0xFF,0x9A,0xFF,0xF5,0xF6,0xB2,0xF6,0xB3,0xF6,0x92,0xF6,0xCE,0xDD,0xCA,0xBC,
    0x2C,0xC5,0x0B,0xC5,0x2D,0xCD,0xAA,0xB4,0xC9,0xBC,0x2F,0xEE,0xB3,0xF6,0x37,0xFF,
    0x99,0xFF,0xBA,0xFF,0xBA,0xFF,0xBA,0xFF,0xBA,0xFF,0xBA,0xFF,0x78,0xFF,0x93,0xE6,
    0x11,0xD6,0x10,0xD6,0x31,0xD6,0x52,0xDE,0x73,0xE6,0x93,0xEE,0x93,0xEE,0xD4,0xEE,
    0xD4,0xEE,0xD4,0xEE,0x73,0xE6,0x73,0xE6,0x93,0xEE,0xB4,0xEE,0xF6,0xF6,0xD4,0xEE,
    0x92,0xE6,0x72,0xDE,0xD5,0xE6,0x99,0xFF,0xBA,0xFF,0xBA,0xFF,0xBA,0xFF,0xBA,0xFF,
    0xBA,0xFF,0xBA,0xFF,0xBA,0xFF,0xBA,0xFF,0xBA,0xFF,0xBA,0xFF,0xBA,0xFF,0xBA,0xFF,
    0xBA,0xFF,0xBA,0xFF,0xBA,0xFF,0xBA,0xFF,0x99,0xFF,0xBA,0xFF,0xBA,0xFF,0xBA,0xFF,
    0xBA,0xFF,0xBA,0xFF,0x78,0xFF,0x9A,0xFF,0xBA,0xFF,0x9A,0xFF,0x9A,0xFF,0x9A,0xFF,
    0xBA,0xFF,0x37,0xFF,0xB2,0xF6,0x71,0xF6,0x0F,0xEE,0x0B,0xC5,0x2C,0xC5,0xEB,0xC4,
    0x0B,0xC5,0xAA,0xB4,0x6B,0xD5,0x58,0xFF,0x36,0xFF,0x57,0xFF,0x79,0xFF,0xBA,0xFF,
    0xBA,0xFF,0xBA,0xFF,0x79,0xFF,0x52,0xD6,0x32,0xD6,0xD5,0xEE,0x37,0xF7,0x57,0xFF,
    0x78,0xFF,0x58,0xFF,0xB4,0xEE,0x10,0xE6,0xAE,0xD5,0x6D,0xCD,0x4D,0xC5,0x4D,0xC5,
    0x2C,0xBD,0x0C,0xBD,0x0C,0xBD,0x2D,0xC5,0x8E,0xCD,0xD0,0xD5,0x31,0xE6,0xD4,0xEE,
    0x37,0xF7,0x72,0xDE,0x52,0xDE,0x9A,0xFF,0xBA,0xFF,0xBA,0xFF,0xBA,0xFF,0xBA,0xFF,
    0xBA,0xFF,0xBA,0xFF,0xBA,0xFF,0xBA,0xFF,0xBA,0xFF,0xBA,0xFF,0xBA,0xFF,0xBA,0xFF,
    0xBA,0xFF,0xBA,0xFF,0x79,0xFF,0xBA,0xFF,0xBA,0xFF,0xBA,0xFF,0xBA,0xFF,0xBA,0xFF,
    0x99,0xFF,0x9A,0xFF,0x78,0xFF,0x99,0xFF,0x9A,0xFF,0x9A,0xFF,0xBA,0xFF,0xBA,0xFF,
    0x78,0xFF,0xB3,0xF6,0x71,0xF6,0x0B,0xCD,0x0C,0xC5,0xEB,0xBC,0xEB,0xBC,0xAA,0xB4,
    0x0F,0xE6,0xBA,0xFF,0x58,0xFF,0x16,0xFF,0x57,0xFF,0xBA,0xFF,0xBA,0xFF,0x72,0xE6,
    0xCF,0xCD,0x37,0xF7,0xBA,0xFF,0x99,0xFF,0xD4,0xF6,0x51,0xEE,0x31,0xE6,0x31,0xE6,
    0xEF,0xDD,0xAF,0xD5,0xAE,0xD5,0x6E,0xCD,0x2D,0xC5,0x4D,0xC5,0x4D,0xC5,0x2D,0xC5,
    0x2D,0xBD,0x0C,0xBD,0xEC,0xBC,0xEB,0xB4,0xAA,0xB4,0xEB,0xBC,0x6E,0xCD,0xB4,0xEE,
    0x79,0xFF,0x31,0xD6,0x16,0xEF,0xBA,0xFF,0xBA,0xFF,0xBA,0xFF,0xBA,0xFF,0xBA,0xFF,
    0xBA,0xFF,0xBA,0xFF,0xBA,0xFF,0xBA,0xFF,0xBA,0xFF,0xBA,0xFF,0xBA,0xFF,0xBA,0xFF,
    0x78,0xFF,0xBA,0xFF,0xBA,0xFF,0xBA,0xFF,0xBA,0xFF,0xBA,0xFF,0xBA,0xFF,0xD4,0xF6,
    0xAB,0xD5,0x71,0xE6,0xBA,0xFF,0x9A,0xFF,0xBA,0xFF,0xBA,0xFF,0xBA,0xFF,0x16,0xFF,
    0xF4,0xFE,0x0B,0xC5,0xA9,0xB4,0x0B,0xC5,0x0C,0xC5,0xA9,0xB4,0x30,0xE6,0xBA,0xFF,
    0xBA,0xFF,0x36,0xFF,0x15,0xF7,0x36,0xF7,0xEF,0xD5,0x8E,0xBD,0xBA,0xFF,0x58,0xFF,
    0xF0,0xDD,0x30,0xE6,0x31,0xE6,0x72,0xEE,0xB3,0xEE,0x92,0xEE,0x10,0xE6,0xCF,0xDD,
    0xAF,0xD5,0x6D,0xCD,0x2C,0xBD,0x0C,0xBD,0x2C,0xBD,0x4D,0xC5,0x4D,0xC5,0x2C,0xBD,
    0x2C,0xC5,0x0C,0xBD,0xEB,0xB4,0xEB,0xB4,0xCB,0xB4,0xCB,0xB4,0x10,0xDE,0xBA,0xFF,
    0xAE,0xC5,0xD5,0xE6,0xBA,0xFF,0xBA,0xFF,0xBA,0xFF,0xBA,0xFF,0xBA,0xFF,0xBA,0xFF,
    0xBA,0xFF,0xBA,0xFF,0xBA,0xFF,0xBA,0xFF,0xBA,0xFF,0xBA,0xFF,0x78,0xFF,0xBA,0xFF,
    0xBA,0xFF,0xBA,0xFF,0xBA,0xFF,0xBA,0xFF,0xBA,0xFF,0x2F,0xE6,0x8A,0xD5,0xED,0xDD,
    0xBA,0xFF,0xBA,0xFF,0xBA,0xFF,0xBA,0xFF,0xBA,0xFF,0x36,0xFF,0xB3,0xF6,0x2B,0xCD,
    0x48,0xAC,0x68,0xAC,0xEB,0xBC,0xEB,0xBC,0xEF,0xDD,0x78,0xFF,0x30,0xE6,0x0F,0xDE,
    0xCE,0xCD,0xED,0xD5,0x88,0xA4,0xB4,0xEE,0xBA,0xFF,0xCF,0xD5,0xAE,0xDD,0x51,0xEE,
    0xB3,0xF6,0x93,0xEE,0x10,0xDE,0x2D,0xBD,0x29,0x94,0x86,0x7B,0x45,0x6B,0x45,0x6B,
    0x45,0x6B,0x04,0x63,0x04,0x63,0x45,0x6B,0x85,0x73,0x66,0x73,0x86,0x7B,0x28,0x94,
    0xCB,0xB4,0x2C,0xBD,0x0C,0xBD,0xAA,0xAC,0x28,0x9C,0x99,0xFF,0x99,0xFF,0xF0,0xCD,
    0xBA,0xFF,0xBA,0xFF,0xBA,0xFF,0xBA,0xFF,0xBA,0xFF,0xBA,0xFF,0xBA,0xFF,0xBA,0xFF,
    0xBA,0xFF,0xBA,0xFF,0xBA,0xFF,0xBA,0xFF,0x57,0xFF,0xBA,0xFF,0xBA,0xFF,0xBA,0xFF,
    0xBA,0xFF,0xBA,0xFF,0x9A,0xFF,0x92,0xEE,0x6A,0xCD,0xED,0xDD,0xF4,0xF6,0x2F,0xE6,
    0x37,0xF7,0xBA,0xFF,0xBA,0xFF,0x16,0xFF,0x91,0xF6,0x6C,0xD5,0x0B,0xC5,0x4C,0xC5,
    0x0B,0xC5,0xCA,0xBC,0xEA,0xBC,0x8C,0xD5,0x8C,0xCD,0xCE,0xD5,0x10,0xE6,0x50,0xE6,
    0x69,0x9C,0x10,0xE6,0xBA,0xFF,0xF0,0xDD,0x6D,0xD5,0xAE,0xD5,0xCB,0xAC,0xE7,0x83,
    0xA6,0x7B,0xE8,0x83,0x65,0x73,0x24,0x63,0xC3,0x5A,0x04,0x5B,0x44,0x6B,0x45,0x6B,
    0x04,0x63,0xC3,0x5A,0xC3,0x52,0xC3,0x52,0xA2,0x4A,0xA2,0x4A,0x04,0x5B,0x25,0x6B,
    0xC7,0x83,0x28,0x94,0x8E,0xC5,0xBA,0xFF,0xBA,0xFF,0xAF,0xBD,0xBA,0xFF,0x57,0xF7,
    0xBA,0xFF,0xBA,0xFF,0xBA,0xFF,0xBA,0xFF,0xBA,0xFF,0xBA,0xFF,0xBA,0xFF,0xBA,0xFF,
    0xBA,0xFF,0xBA,0xFF,0x57,0xFF,0x99,0xFF,0xBA,0xFF,0xBA,0xFF,0xBA,0xFF,0xBA,0xFF,
    0xAB,0xDD,0x2E,0xE6,0xED,0xDD,0x0E,0xDE,0xED,0xDD,0xED,0xDD,0x0E,0xE6,0x99,0xFF,
    0x9A,0xFF,0x37,0xFF,0x91,0xF6,0xCE,0xDD,0x0B,0xC5,0x4C,0xCD,0x4C,0xCD,0x4C,0xCD,
    0x8C,0xD5,0x0F,0xE6,0xB3,0xF6,0x78,0xFF,0x99,0xFF,0x57,0xFF,0x6A,0x94,0x2B,0xBD,
    0xAE,0xDD,0xD4,0xF6,0xD5,0xF6,0xCC,0xAC,0x24,0x6B,0xE3,0x5A,0x03,0x63,0x64,0x73,
    0x27,0x8C,0x89,0x9C,0x89,0x9C,0x49,0x94,0x48,0x8C,0x48,0x94,0x28,0x8C,0x65,0x73,
    0x24,0x63,0x65,0x6B,0x64,0x6B,0xE2,0x5A,0x82,0x4A,0xC4,0x5A,0x4A,0x94,0x72,0xE6,
    0xBA,0xFF,0xBA,0xFF,0x92,0xE6,0xEB,0xA4,0xEF,0xC5,0x0F,0xCE,0xAD,0xC5,0xAE,0xC5,
    0x37,0xF7,0xBA,0xFF,0xBA,0xFF,0xBA,0xFF,0xBA,0xFF,0xBA,0xFF,0xBA,0xFF,0xBA,0xFF,
    0xBA,0xFF,0x92,0xF6,0xBA,0xFF,0xBA,0xFF,0xBA,0xFF,0xBA,0xFF,0x8B,0xD5,0xAB,0xDD,
    0xCC,0xDD,0xCC,0xD5,0xCC,0xDD,0xCC,0xDD,0xED,0xDD,0x9A,0xFF,0xBA,0xFF,0x78,0xFF,
    0x92,0xF6,0x0F,0xE6,0x0B,0xC5,0x4D,0xCD,0x0B,0xC5,0x2B,0xCD,0xD4,0xF6,0x36,0xFF,
    0x99,0xFF,0xBA,0xFF,0x78,0xFF,0xB3,0xEE,0x6A,0x94,0xCB,0xA4,0xA9,0xA4,0x4C,0xCD,
    0x31,0xE6,0x16,0xFF,0x93,0xEE,0xD0,0xCD,0x4E,0xB5,0xCB,0xA4,0x89,0x9C,0xAA,0x9C,
    0xA9,0xA4,0x89,0x9C,0x48,0x94,0x27,0x8C,0x28,0x8C,0x07,0x8C,0xE7,0x83,0x28,0x8C,
    0xEB,0xAC,0x8E,0xBD,0x32,0xD6,0x99,0xFF,0xDC,0xFF,0xBA,0xFF,0x78,0xFF,0x71,0xDE,
    0x30,0xD6,0x71,0xDE,0xD3,0xEE,0xF4,0xEE,0x15,0xF7,0x36,0xEF,0xEE,0xCD,0x71,0xDE,
    0xBA,0xFF,0xBA,0xFF,0xBA,0xFF,0xBA,0xFF,0xBA,0xFF,0xBA,0xFF,0xBA,0xFF,0x36,0xFF,
    0xF4,0xF6,0xBA,0xFF,0xBA,0xFF,0xBA,0xFF,0xCD,0xDD,0xCC,0xDD,0x0F,0xDE,0x0F,0xDE,
    0x0E,0xE6,0xAB,0xD5,0xB2,0xF6,0xBA,0xFF,0xBA,0xFF,0x99,0xFF,0x92,0xF6,0x30,0xE6,
    0xCA,0xBC,0x2C,0xC5,0xEA,0xBC,0x10,0xDE,0xBA,0xFF,0x99,0xFF,0x99,0xFF,0x57,0xFF,
    0x16,0xFF,0xD3,0xF6,0xAB,0xA4,0x2C,0xB5,0xA9,0x9C,0xCA,0xA4,0xEA,0xB4,0x0A,0xC5,
    0x6C,0xD5,0x51,0xEE,0x37,0xFF,0x57,0xFF,0x16,0xF7,0x93,0xEE,0xB4,0xEE,0xB4,0xEE,
    0x73,0xE6,0x73,0xE6,0xF6,0xEE,0x79,0xFF,0x9A,0xFF,0xBA,0xFF,0xBA,0xFF,0xBA,0xFF,
    0xBA,0xFF,0xBB,0xFF,0x9A,0xFF,0xF5,0xEE,0x70,0xDE,0x50,0xD6,0x0F,0xCE,0x71,0xE6,
    0x71,0xDE,0x71,0xDE,0xF5,0xEE,0xBB,0xFF,0xFC,0xFF,0x31,0xD6,0x30,0xD6,0x99,0xFF,
    0xBA,0xFF,0xBA,0xFF,0xBA,0xFF,0xBA,0xFF,0xBA,0xFF,0xBA,0xFF,0xD4,0xF6,0xD3,0xF6,
    0xBA,0xFF,0xBA,0xFF,0x71,0xE6,0x71,0xEE,0x58,0xFF,0xED,0xDD,0x78,0xFF,0x58,0xFF,
    0x99,0xFF,0x99,0xFF,0xBA,0xFF,0x9A,0xFF,0x71,0xF6,0x50,0xEE,0xCA,0xBC,0x0B,0xC5,
    0xEA,0xBC,0x51,0xE6,0xBA,0xFF,0x99,0xFF,0x99,0xFF,0x15,0xFF,0x57,0xFF,0x57,0xFF,
    0x0C,0xAD,0x4C,0xB5,0xAA,0x9C,0xC9,0x9C,0xAA,0x9C,0xCA,0xA4,0xA9,0xA4,0xCA,0xAC,
    0x0B,0xBD,0x6C,0xCD,0xAE,0xD5,0xEF,0xDD,0x10,0xDE,0x51,0xE6,0x72,0xEE,0xB3,0xF6,
    0xD4,0xF6,0x36,0xFF,0x57,0xFF,0x15,0xF7,0x92,0xEE,0x92,0xE6,0x92,0xE6,0x92,0xE6,
    0x4F,0xDE,0x70,0xDE,0x91,0xDE,0x50,0xDE,0x8D,0xBD,0xAD,0xC5,0x8D,0xBD,0x8C,0xBD,
    0xEF,0xCD,0x92,0xE6,0xBA,0xFF,0x78,0xFF,0x6C,0xB5,0x99,0xFF,0xBA,0xFF,0xBA,0xFF,
    0xBA,0xFF,0xBA,0xFF,0xBA,0xFF,0xBA,0xFF,0xBA,0xFF,0x36,0xF7,0xB2,0xF6,0x15,0xFF,
    0xBA,0xFF,0xBA,0xFF,0x78,0xFF,0xAB,0xD5,0x36,0xFF,0xBA,0xFF,0x99,0xFF,0x99,0xFF,
    0xBA,0xFF,0x36,0xFF,0x51,0xEE,0x71,0xEE,0x0A,0xC5,0x0B,0xC5,0xEB,0xC4,0x10,0xE6,
    0xBA,0xFF,0x78,0xFF,0x78,0xFF,0x57,0xFF,0x99,0xFF,0x99,0xFF,0xCB,0xA4,0x0B,0xB5,
    0xAA,0x9C,0xCA,0xA4,0xCA,0xA4,0xEA,0xA4,0xCA,0x9C,0xAA,0x9C,0xCB,0xA4,0xEB,0xA4,
    0x0B,0xAD,0x0B,0xAD,0x0B,0xAD,0x0B,0xAD,0x2B,0xB5,0x6C,0xBD,0xAC,0xC5,0xCD,0xC5,
    0xEE,0xCD,0x2F,0xD6,0x2F,0xD6,0x50,0xDE,0x50,0xDE,0x70,0xDE,0x36,0xF7,0x91,0xDE,
    0x71,0xDE,0x2F,0xD6,0x6C,0xBD,0x0B,0xAD,0x0C,0xA5,0xF1,0xC5,0x0B,0xAD,0x4B,0xB5,
    0x2F,0xDE,0x57,0xFF,0x30,0xD6,0x52,0xD6,0xBB,0xFF,0xBA,0xFF,0xBA,0xFF,0xBA,0xFF,
    0xBA,0xFF,0xBA,0xFF,0xBA,0xFF,0xBA,0xFF,0x79,0xFF,0xF5,0xF6,0x99,0xFF,0x78,0xFF,
    0x99,0xFF,0xCD,0xD5,0xB3,0xEE,0xBA,0xFF,0x99,0xFF,0x99,0xFF,0x99,0xFF,0x71,0xEE,
    0x51,0xEE,0x92,0xF6,0x6D,0xCD,0x2C,0xC5,0xEA,0xBC,0xCE,0xDD,0xBA,0xFF,0x78,0xFF,
    0x37,0xFF,0x78,0xFF,0x99,0xFF,0x37,0xFF,0x8A,0x9C,0x0B,0xAD,0xCA,0xA4,0xA9,0x9C,
    0x89,0x9C,0xEA,0xA4,0xCA,0xA4,0xEB,0xA4,0x0B,0xAD,0xEB,0xAC,0x0B,0xA5,0x0B,0xAD,
    0x2B,0xAD,0x2B,0xAD,0x6C,0xB5,0xAD,0xC5,0xCE,0xC5,0xEE,0xCD,0x2F,0xD6,0x30,0xD6,
    0x50,0xD6,0x70,0xDE,0x50,0xDE,0xB2,0xE6,0xBA,0xFF,0x91,0xE6,0x70,0xDE,0x50,0xDE,
    0x4C,0xB5,0x8A,0x94,0x7A,0xF7,0xFD,0xFF,0x58,0xF7,0x89,0x9C,0x8C,0xC5,0xD3,0xEE,
    0xF4,0xEE,0x11,0xCE,0xDC,0xFF,0xBA,0xFF,0xBA,0xFF,0xBA,0xFF,0xBA,0xFF,0xBA,0xFF,
    0xBA,0xFF,0xBA,0xFF,0xBA,0xFF,0xBA,0xFF,0x99,0xFF,0x78,0xFF,0x79,0xFF,0xEE,0xDD,
    0x71,0xEE,0xBA,0xFF,0x99,0xFF,0x99,0xFF,0x16,0xFF,0x30,0xEE,0x50,0xEE,0x92,0xF6,
    0xAE,0xD5,0x2C,0xC5,0x4D,0xCD,0x6C,0xCD,0x91,0xF6,0x71,0xEE,0x30,0xEE,0x51,0xEE,
    0x52,0xE6,0xCF,0xD5,0x49,0x94,0x4D,0xB5,0x0B,0xAD,0xA9,0x9C,0x89,0x9C,0xCA,0xA4,
    0xCA,0x9C,0xCA,0xA4,0xEB,0xAC,0xEB,0xA4,0xEB,0xA4,0x0B,0xAD,0x0B,0xAD,0x0B,0xAD,
    0x4C,0xB5,0xAD,0xC5,0xEE,0xCD,0xEE,0xCD,0x2F,0xD6,0x2F,0xD6,0x30,0xD6,0x71,0xDE,
    0x50,0xDE,0x91,0xE6,0x78,0xFF,0x71,0xDE,0x70,0xDE,0x71,0xDE,0x4B,0xB5,0x2D,0xAD,
    0xBA,0xFF,0x9A,0xFF,0xFC,0xFF,0x6F,0xB5,0xEA,0xAC,0x70,0xDE,0x36,0xF7,0x11,0xCE,
    0xBB,0xFF,0xBA,0xFF,0xBA,0xFF,0xBA,0xFF,0xBA,0xFF,0xBA,0xFF,0x99,0xFF,0x36,0xF7,
    0x36,0xF7,0x99,0xFF,0x99,0xFF,0x99,0xFF,0x99,0xFF,0x16,0xFF,0x37,0xFF,0x99,0xFF,
    0x99,0xFF,0x9A,0xFF,0x71,0xEE,0x51,0xEE,0x71,0xEE,0x71,0xF6,0x8D,0xD5,0x68,0xA4,
    0xEA,0xB4,0x8D,0xCD,0x0F,0xE6,0x4B,0xCD,0xC9,0xBC,0x6D,0xC5,0xD0,0xCD,0x53,0xDE,
    0x0C,0xA5,0x8E,0xBD,0x2C,0xAD,0xA9,0x9C,0x89,0x9C,0xCA,0xA4,0xA9,0x9C,0xCA,0xA4,
    0xEB,0xA4,0xEB,0xAC,0xEB,0xA4,0x2B,0xAD,0x2C,0xAD,0x0B,0xAD,0x4C,0xB5,0x8D,0xBD,
    0xEE,0xCD,0x0F,0xD6,0x0F,0xCE,0x0F,0xCE,0x2F,0xD6,0x70,0xDE,0x50,0xDE,0x50,0xDE,
    0xB2,0xE6,0x92,0xE6,0x71,0xDE,0x71,0xDE,0x2F,0xD6,0x8F,0xBD,0xBB,0xFF,0xBA,0xFF,
    0xDB,0xFF,0xD0,0xBD,0x0B,0xAD,0x71,0xDE,0x36,0xF7,0xF0,0xC5,0xBA,0xFF,0xBA,0xFF,
    0xBA,0xFF,0xBA,0xFF,0x99,0xFF,0x99,0xFF,0x78,0xFF,0x57,0xF7,0x36,0xF7,0x57,0xF7,
    0x36,0xFF,0x99,0xFF,0x99,0xFF,0x9A,0xFF,0x99,0xFF,0x78,0xFF,0x37,0xFF,0xB2,0xF6,
    0x71,0xEE,0x92,0xEE,0x71,0xEE,0x51,0xEE,0xAD,0xD5,0x49,0x9C,0xCB,0xA4,0x4C,0xBD,
    0xAF,0xCD,0x8F,0xC5,0x31,0xD6,0x57,0xF7,0xBA,0xFF,0xBA,0xFF,0x4E,0xAD,0x6E,0xBD,
    0x2C,0xAD,0xCA,0xA4,0xA9,0x9C,0xCA,0xA4,0xA9,0x9C,0xEA,0xA4,0x0B,0xA5,0xEB,0xA4,
    0x2C,0xB5,0xAE,0xD5,0xEF,0xDD,0xAE,0xCD,0x4C,0xB5,0xAD,0xC5,0x92,0xEE,0x56,0xFF,
    0xF4,0xF6,0x2F,0xD6,0x2F,0xD6,0x70,0xDE,0x50,0xDE,0x70,0xDE,0xD3,0xEE,0x92,0xE6,
    0x71,0xDE,0x71,0xDE,0x71,0xDE,0x6D,0xB5,0xBA,0xFF,0xBA,0xFF,0xBA,0xFF,0x2D,0xAD,
    0x6C,0xBD,0x92,0xE6,0x71,0xDE,0xAE,0xBD,0xBA,0xFF,0x99,0xFF,0x78,0xFF,0x78,0xFF,
    0x78,0xFF,0x99,0xFF,0xBA,0xFF,0xBA,0xFF,0xBA,0xFF,0xBA,0xFF,0x58,0xFF,0x99,0xFF,
    0x78,0xFF,0x37,0xFF,0x16,0xF7,0x92,0xF6,0x51,0xEE,0x50,0xEE,0x51,0xEE,0x71,0xEE,
    0x71,0xEE,0xD4,0xF6,0xEF,0xDD,0xAA,0xAC,0xEF,0xCD,0x92,0xDE,0x36,0xEF,0xBA,0xFF,
    0xBA,0xFF,0xBA,0xFF,0x9A,0xFF,0xBA,0xFF,0x2D,0xAD,0x6E,0xBD,0x6D,0xBD,0x0B,0xAD,
    0xCA,0xA4,0xCA,0xA4,0xCA,0x9C,0xEB,0xA4,0x0B,0xAD,0xEB,0xA4,0x8E,0xCD,0xEF,0xDD,
    0xEF,0xDD,0x31,0xE6,0xCE,0xCD,0x50,0xE6,0x36,0xFF,0x36,0xFF,0xBA,0xFF,0xD3,0xEE,
    0x2F,0xD6,0x70,0xDE,0x70,0xDE,0x70,0xDE,0xB2,0xE6,0x91,0xE6,0x70,0xDE,0x71,0xDE,
    0x51,0xD6,0x6D,0xB5,0x57,0xFF,0xBA,0xFF,0x93,0xDE,0x2B,0xAD,0xEF,0xC5,0xF4,0xEE,
    0xEF,0xCD,0xEF,0xCD,0xBA,0xFF,0x99,0xFF,0x99,0xFF,0xBA,0xFF,0xBA,0xFF,0xBA,0xFF,
    0x9A,0xFF,0x9A,0xFF,0xBA,0xFF,0xBA,0xFF,0x4F,0xEE,0x71,0xEE,0x71,0xEE,0x30,0xEE,
    0x51,0xEE,0x50,0xEE,0x70,0xEE,0x92,0xF6,0xB3,0xF6,0x71,0xF6,0x30,0xE6,0xCE,0xDD,
    0x4C,0xC5,0x93,0xE6,0xD3,0xE6,0x92,0xDE,0x92,0xE6,0xD3,0xE6,0x57,0xF7,0x9A,0xFF,
    0x9A,0xFF,0xBA,0xFF,0x6E,0xBD,0x6E,0xBD,0xAF,0xC5,0x2B,0xAD,0xEA,0xA4,0xCA,0xA4,
    0xAA,0x9C,0xEB,0xA4,0x0B,0xAD,0x0B,0xA5,0xAE,0xD5,0xEF,0xDD,0xEF,0xDD,0xEF,0xDD,
    0x30,0xE6,0x71,0xEE,0xF4,0xF6,0x36,0xFF,0xBA,0xFF,0x15,0xF7,0x0F,0xD6,0x50,0xDE,
    0x70,0xDE,0x70,0xDE,0xD2,0xE6,0x91,0xE6,0x70,0xDE,0x91,0xDE,0x30,0xD6,0x12,0xC6,
    0xBA,0xFF,0x51,0xD6,0xCA,0x9C,0x6C,0xB5,0x0F,0xCE,0x15,0xF7,0x4C,0xB5,0xD4,0xE6,
    0xBA,0xFF,0xBA,0xFF,0xBA,0xFF,0xBA,0xFF,0xBA,0xFF,0x9A,0xFF,0xBA,0xFF,0xBA,0xFF,
    0xBA,0xFF,0x9A,0xFF,0x50,0xEE,0x51,0xEE,0x71,0xEE,0x71,0xF6,0x50,0xF6,0x50,0xEE,
    0x0F,0xE6,0xCE,0xDD,0x8D,0xCD,0x4C,0xC5,0x4D,0xC5,0xAF,0xCD,0xD5,0xEE,0xBA,0xFF,
    0xBA,0xFF,0x79,0xFF,0xD4,0xEE,0x92,0xE6,0x92,0xDE,0xD4,0xE6,0x79,0xFF,0xBA,0xFF,
    0x11,0xCE,0x2C,0xAD,0xAE,0xBD,0x0B,0xAD,0xCA,0xA4,0xEA,0xA4,0xCA,0xA4,0xEB,0xA4,
    0x0B,0xAD,0xEA,0xA4,0x8D,0xC5,0xEF,0xDD,0xEF,0xDD,0xEF,0xDD,0x10,0xE6,0x92,0xEE,
    0x16,0xF7,0x36,0xFF,0x99,0xFF,0x71,0xDE,0x2F,0xD6,0x50,0xDE,0x70,0xDE,0x50,0xDE,
    0xD3,0xEE,0x91,0xDE,0x50,0xD6,0x91,0xE6,0x8D,0xB5,0x2E,0xA5,0x13,0xC6,0x89,0x94,
    0xEA,0xA4,0x8D,0xBD,0x92,0xE6,0x30,0xD6,0x6E,0xB5,0xBA,0xFF,0x9A,0xFF,0xBA,0xFF,
    0xBA,0xFF,0xBA,0xFF,0xBA,0xFF,0xBA,0xFF,0xBA,0xFF,0xBA,0xFF,0xBA,0xFF,0xBA,0xFF,
    0x71,0xF6,0x50,0xEE,0xEE,0xE5,0x8D,0xD5,0x2C,0xC5,0x2C,0xBD,0x6D,0xBD,0xCF,0xCD,
    0x52,0xDE,0x37,0xF7,0x9A,0xFF,0xBA,0xFF,0xBA,0xFF,0x9A,0xFF,0xBA,0xFF,0xBA,0xFF,
    0xBA,0xFF,0x99,0xFF,0x36,0xF7,0xD4,0xE6,0x92,0xDE,0x16,0xEF,0xD0,0xC5,0xCB,0xA4,
    0x8E,0xBD,0x0B,0xAD,0xEA,0xAC,0xEA,0xA4,0xCA,0xA4,0xEB,0xA4,0xEB,0xA4,0xEB,0xA4,
    0x2C,0xAD,0xEF,0xDD,0xEF,0xDD,0xEF,0xDD,0x10,0xE6,0x92,0xEE,0x36,0xFF,0x78,0xFF,
    0x15,0xF7,0x0F,0xCE,0x2F,0xD6,0x50,0xDE,0x70,0xDE,0x50,0xD6,0xB1,0xE6,0x70,0xDE,
    0x50,0xDE,0x2F,0xD6,0x4C,0xB5,0xCE,0xC5,0x30,0xD6,0x8D,0xBD,0x8C,0xBD,0x30,0xD6,
    0x71,0xDE,0x4C,0xAD,0x78,0xFF,0xBA,0xFF,0xBA,0xFF,0xBA,0xFF,0xBA,0xFF,0xBA,0xFF,
    0xBA,0xFF,0xBA,0xFF,0xBA,0xFF,0xBA,0xFF,0xBA,0xFF,0xBA,0xFF,0x2B,0xC5,0xA9,0xAC,
    0x88,0x9C,0x0B,0xAD,0x31,0xD6,0x58,0xF7,0xBA,0xFF,0xBA,0xFF,0xBA,0xFF,0xBA,0xFF,
    0xBA,0xFF,0x9A,0xFF,0x9A,0xFF,0xBA,0xFF,0xBA,0xFF,0x78,0xFF,0xF5,0xF6,0xB4,0xE6,
    0x52,0xD6,0xCF,0xC5,0x6E,0xB5,0x8E,0xB5,0x0C,0xA5,0x49,0x8C,0x8E,0xBD,0x2C,0xAD,
    0x0B,0xAD,0xCA,0xA4,0xCA,0xA4,0xEA,0xA4,0xEB,0xA4,0xEB,0xA4,0x0B,0xA5,0x4C,0xBD,
    0xEF,0xDD,0x10,0xDE,0x0F,0xDE,0x51,0xE6,0x57,0xFF,0x16,0xF7,0x0F,0xCE,0x0F,0xCE,
    0x2F,0xD6,0x50,0xD6,0x50,0xDE,0x50,0xD6,0x91,0xDE,0x70,0xDE,0x70,0xDE,0xEE,0xCD,
    0x6C,0xBD,0xEF,0xCD,0xCE,0xC5,0xCE,0xC5,0x71,0xE6,0x30,0xDE,0x0C,0xAD,0x37,0xEF,
    0xBA,0xFF,0x99,0xFF,0x99,0xFF,0x99,0xFF,0xBA,0xFF,0xBA,0xFF,0x9A,0xFF,0x9A,0xFF,
    0xBA,0xFF,0xBA,0xFF,0xBA,0xFF,0xBA,0xFF,0x8E,0xBD,0xEF,0xCD,0x71,0xDE,0xD3,0xE6,
    0x15,0xEF,0x99,0xFF,0xBA,0xFF,0x99,0xFF,0x9A,0xFF,0xBA,0xFF,0xBA,0xFF,0xBA,0xFF,
    0xBA,0xFF,0x36,0xF7,0x31,0xDE,0xCF,0xCD,0x6D,0xBD,0x4C,0xB5,0x6D,0xB5,0x6E,0xB5,
    0x0C,0xAD,0xEB,0x9C,0x2C,0xA5,0xC7,0x7B,0x0C,0xAD,0x2C,0xAD,0xEB,0xAC,0xCA,0xA4,
    0xCA,0xA4,0xEB,0xA4,0xEB,0xA4,0xEB,0xA4,0x0B,0xAD,0x0B,0xAD,0x6C,0xBD,0xEF,0xD5,
    0x10,0xDE,0x51,0xE6,0x51,0xDE,0xCE,0xC5,0x0F,0xCE,0x0F,0xCE,0x0F,0xCE,0x50,0xD6,
    0x50,0xD6,0x2F,0xD6,0x71,0xDE,0x50,0xD6,0x50,0xD6,0xCD,0xC5,0x8D,0xBD,0xCE,0xC5,
    0xCE,0xCD,0xCF,0xCD,0x8E,0xBD,0x4E,0xAD,0x99,0xFF,0xBA,0xFF,0x9A,0xFF,0xBA,0xFF,
    0x99,0xFF,0x99,0xFF,0x99,0xFF,0x99,0xFF,0xBA,0xFF,0x9A,0xFF,0x9A,0xFF,0xBA,0xFF,
    0xBA,0xFF,0xBA,0xFF,0xBA,0xFF,0x99,0xFF,0xD3,0xE6,0x92,0xE6,0xB3,0xE6,0xB3,0xE6,
    0xF5,0xEE,0x99,0xFF,0xBA,0xFF,0xBA,0xFF,0xBA,0xFF,0xF5,0xEE,0xF0,0xCD,0x6D,0xBD,
    0x6D,0xB5,0x4D,0xB5,0x4D,0xB5,0x6D,0xB5,0x6D,0xB5,0x8E,0xBD,0xD0,0xC5,0xB0,0xC5,
    0xD1,0xC5,0x6A,0x8C,0x69,0x8C,0x0B,0xAD,0xCA,0xA4,0xCB,0xA4,0xAA,0x9C,0xAA,0x9C,
    0x0B,0xAD,0xEB,0xA4,0x0B,0xA5,0x0B,0xAD,0x0B,0xAD,0x2C,0xAD,0xCE,0xCD,0xAE,0xCD,
    0x4C,0xB5,0x8D,0xBD,0x0F,0xCE,0x0F,0xCE,0xEE,0xCD,0x2F,0xD6,0x30,0xD6,0x0F,0xD6,
    0x70,0xDE,0x50,0xD6,0x50,0xD6,0xCA,0xA4,0xAA,0x9C,0x2C,0xB5,0xEB,0xA4,0x6F,0xAD,
    0x96,0xD6,0xBA,0xFF,0xBA,0xFF,0x9A,0xFF,0xBA,0xFF,0xBA,0xFF,0xBA,0xFF,0xBA,0xFF,
    0x99,0xFF,0x78,0xFF,0x79,0xFF,0x99,0xFF,0xBA,0xFF,0xBA,0xFF,0xBA,0xFF,0xBA,0xFF,
    0xBA,0xFF,0xBA,0xFF,0xBA,0xFF,0x79,0xFF,0xD4,0xEE,0x92,0xE6,0x71,0xDE,0x71,0xDE,
    0xF5,0xEE,0x37,0xF7,0x31,0xD6,0x6D,0xB5,0x6D,0xB5,0x6D,0xB5,0x6D,0xB5,0x8E,0xBD,
    0xD0,0xC5,0xF0,0xCD,0xCF,0xCD,0xD0,0xCD,0xF0,0xCD,0xF1,0xCD,0x12,0xCE,0xB0,0xBD,
    0xC7,0x7B,0xCA,0xA4,0xCB,0x9C,0xCA,0xA4,0xAA,0x9C,0xA9,0x9C,0xEB,0xA4,0xEB,0xA4,
    0x0B,0xA5,0x0B,0xAD,0x0B,0xAD,0x0B,0xAD,0x2B,0xAD,0x2B,0xAD,0x6C,0xB5,0x6C,0xB5,
    0xCE,0xC5,0xEE,0xCD,0xEE,0xCD,0x0F,0xCE,0x0F,0xCE,0x0E,0xCE,0x30,0xD6,0x30,0xD6,
    0xEE,0xCD,0x08,0x84,0x2D,0xAD,0x8F,0xBD,0x12,0xCE,0x38,0xF7,0xBA,0xFF,0xBA,0xFF,
    0x9A,0xFF,0xBA,0xFF,0xBA,0xFF,0xBA,0xFF,0xBA,0xFF,0xBA,0xFF,0xBA,0xFF,0xBA,0xFF,
    0x99,0xFF,0x78,0xFF,0x99,0xFF,0xBA,0xFF,0xBA,0xFF,0xBA,0xFF,0xBA,0xFF,0xBA,0xFF,
    0x9A,0xFF,0xBA,0xFF,0x57,0xF7,0x50,0xD6,0x0F,0xCE,0xEE,0xC5,0xEE,0xC5,0xEE,0xC5,
    0x6D,0xBD,0x6D,0xBD,0xAE,0xC5,0xD0,0xC5,0xF1,0xCD,0x12,0xD6,0x11,0xD6,0xF1,0xCD,
    0xD0,0xCD,0xD0,0xCD,0xD0,0xCD,0xF0,0xCD,0xD0,0xC5,0xD0,0xC5,0x8B,0x94,0xE7,0x83,
    0x6D,0xC5,0x0B,0xAD,0xCA,0x9C,0xCA,0x9C,0xEB,0xA4,0xCA,0xA4,0xCA,0xA4,0x0B,0xA5,
    0x2B,0xAD,0x2B,0xAD,0x2B,0xAD,0x2C,0xAD,0x6C,0xB5,0x6C,0xB5,0x8D,0xBD,0xAD,0xC5,
    0xAD,0xC5,0xEE,0xC5,0xAD,0xC5,0xCE,0xC5,0xEF,0xCD,0x50,0xDE,0x69,0x94,0x4F,0xB5,
    0x73,0xDE,0x32,0xD6,0x32,0xD6,0xF0,0xCD,0x53,0xD6,0xBA,0xFF,0xBA,0xFF,0xBA,0xFF,
    0xBA,0xFF,0x9A,0xFF,0xBA,0xFF,0xBA,0xFF,0x9A,0xFF,0xBA,0xFF,0xBA,0xFF,0xBA,0xFF,
    0x99,0xFF,0x36,0xF7,0xF3,0xEE,0x15,0xF7,0xBA,0xFF,0x99,0xFF,0x58,0xF7,0xF5,0xEE,
    0xB3,0xE6,0x92,0xDE,0x30,0xD6,0xEE,0xC5,0x0F,0xCE,0x2A,0xAD,0x0B,0xAD,0xF0,0xCD,
    0x12,0xD6,0x11,0xCE,0x11,0xCE,0xF1,0xCD,0xF1,0xCD,0xF1,0xCD,0xF1,0xCD,0xF1,0xCD,
    0xF1,0xCD,0xD0,0xC5,0xB0,0xC5,0x6E,0xB5,0x2D,0xAD,0x29,0x84,0x28,0x94,0x8D,0xCD,
    0x2C,0xBD,0x89,0x9C,0xCA,0xA4,0xAA,0x9C,0xAA,0x9C,0xEB,0xA4,0x0B,0xA5,0x0B,0xA5,
    0x0B,0xA5,0x0B,0xA5,0x2B,0xAD,0x4C,0xAD,0x4C,0xB5,0x6C,0xB5,0x2B,0xAD,0x4C,0xB5,
    0xAD,0xC5,0x2F,0xDE,0x30,0xDE,0xEB,0xAC,0x0D,0xA5,0x11,0xCE,0xF1,0xC5,0xF1,0xCD,
    0x11,0xCE,0x32,0xD6,0x37,0xF7,0xBA,0xFF,0xBA,0xFF,0xBA,0xFF,0xBA,0xFF,0xBA,0xFF,
    0xBA,0xFF,0xBA,0xFF,0xBA,0xFF,0xBA,0xFF,0xBA,0xFF,0xBA,0xFF,0x36,0xF7,0xB1,0xE6,
    0x90,0xE6,0xB1,0xE6,0xD4,0xEE,0x92,0xDE,0x92,0xDE,0x92,0xDE,0xD4,0xE6,0x37,0xF7,
    0x78,0xFF,0x57,0xF7,0x50,0xD6,0x6C,0xB5,0x2C,0xAD,0x6D,0xB5,0xD0,0xC5,0x12,0xD6,
    0x11,0xCE,0xD0,0xCD,0xD0,0xCD,0xF0,0xCD,0xF0,0xCD,0xF1,0xCD,0xD0,0xCD,0xB0,0xC5,
    0xB0,0xC5,0xB0,0xC5,0x6E,0xB5,0x4E,0xB5,0xC7,0x7B,0x45,0x6B,0x48,0x9C,0xEA,0xB4,
    0x4B,0xC5,0x4C,0xC5,0x2C,0xBD,0x0B,0xB5,0x0B,0xAD,0x0B,0xAD,0x0B,0xAD,0x0B,0xAD,
    0x0B,0xAD,0x4C,0xB5,0x8D,0xC5,0xCE,0xCD,0xCE,0xD5,0xEE,0xDD,0xAD,0xD5,0xAA,0xAC,
    0xE7,0x7B,0xEC,0x9C,0xCF,0xC5,0x8F,0xBD,0x11,0xCE,0x73,0xDE,0x37,0xF7,0x9A,0xFF,
    0xBA,0xFF,0xBA,0xFF,0xBA,0xFF,0xBA,0xFF,0xBA,0xFF,0xBA,0xFF,0xBA,0xFF,0xBA,0xFF,
    0xBA,0xFF,0x79,0xFF,0x57,0xF7,0x15,0xF7,0x36,0xF7,0x56,0xF7,0x57,0xF7,0x57,0xF7,
    0x92,0xDE,0x92,0xE6,0xD4,0xEE,0x58,0xF7,0x99,0xFF,0x9A,0xFF,0xBA,0xFF,0xBA,0xFF,
    0x79,0xFF,0x10,0xD6,0x4C,0xB5,0x6D,0xB5,0x6D,0xB5,0x6E,0xB5,0xD0,0xC5,0xF1,0xCD,
    0xD0,0xCD,0xD0,0xCD,0xF1,0xCD,0xD1,0xCD,0xD0,0xCD,0xAF,0xC5,0x8F,0xBD,0x8F,0xBD,
    0xAF,0xC5,0x8F,0xBD,0x4D,0xAD,0x6A,0x8C,0x45,0x63,0x25,0x63,0x28,0x94,0xEA,0xB4,
    0x2B,0xC5,0x8D,0xCD,0xAD,0xD5,0x8D,0xCD,0x8C,0xCD,0xAD,0xD5,0xCD,0xD5,0xCE,0xDD,
    0xCE,0xD5,0x8D,0xCD,0x2C,0xBD,0x89,0xA4,0xC7,0x83,0x09,0x7C,0xB0,0xBD,0xF0,0xCD,
    0x31,0xD6,0x78,0xFF,0x9A,0xFF,0xBA,0xFF,0xBA,0xFF,0xBA,0xFF,0xBA,0xFF,0xBA,0xFF,
    0xBA,0xFF,0xBA,0xFF,0xBA,0xFF,0xBA,0xFF,0x99,0xFF,0x57,0xF7,0x35,0xF7,0x36,0xF7,
    0x57,0xF7,0x78,0xFF,0x99,0xFF,0xBA,0xFF,0xBA,0xFF,0xBA,0xFF,0x58,0xF7,0x99,0xFF,
    0xBA,0xFF,0xBA,0xFF,0x9A,0xFF,0x9A,0xFF,0xBA,0xFF,0x9A,0xFF,0x9A,0xFF,0x99,0xFF,
    0x31,0xD6,0x6D,0xB5,0x4C,0xAD,0x2C,0xAD,0x2C,0xAD,0xAF,0xC5,0xF1,0xCD,0xF0,0xCD,
    0xD0,0xCD,0xD0,0xCD,0xD0,0xC5,0xD0,0xC5,0xB0,0xC5,0xAF,0xC5,0x8F,0xBD,0x8F,0xBD,
    0x6E,0xB5,0x6E,0xB5,0x6E,0xB5,0x8A,0x94,0xC6,0x73,0xA6,0x73,0xA7,0x7B,0xC7,0x83,
    0x08,0x8C,0xE7,0x8B,0x08,0x94,0x28,0x94,0x28,0x94,0x28,0x94,0x28,0x8C,0xE8,0x83,
    0xC7,0x7B,0x29,0x8C,0x6E,0xB5,0x93,0xE6,0x38,0xF7,0xBA,0xFF,0xBA,0xFF,0xBA,0xFF,
    0xBA,0xFF,0xBA,0xFF,0xBA,0xFF,0xBA,0xFF,0xBA,0xFF,0xBA,0xFF,0xBA,0xFF,0xBA,0xFF,
    0x99,0xFF,0x78,0xFF,0x57,0xF7,0x36,0xF7,0x57,0xF7,0x78,0xFF,0xBA,0xFF,0xBA,0xFF,
    0xBA,0xFF,0xBA,0xFF,0xBA,0xFF,0xBA,0xFF,0x9A,0xFF,0xBA,0xFF,0x9A,0xFF,0x9A,0xFF,
    0x9A,0xFF,0x9A,0xFF,0xBA,0xFF,0xBA,0xFF,0x9A,0xFF,0x99,0xFF,0x9A,0xFF,0xF6,0xF6,
    0x8E,0xC5,0x4C,0xB5,0x4C,0xAD,0x0C,0xAD,0x6E,0xB5,0xD0,0xC5,0xF0,0xCD,0xD0,0xCD,
    0xF0,0xCD,0xF1,0xCD,0xD0,0xC5,0xAF,0xC5,0x8F,0xBD,0x8E,0xBD,0x6E,0xB5,0x4D,0xB5,
    0x8F,0xBD,0xD0,0xC5,0xD0,0xC5,0x8F,0xBD,0x0C,0xA5,0x8A,0x94,0x8A,0x94,0x6A,0x8C,
    0x49,0x8C,0xAB,0x9C,0xCC,0x9C,0xEC,0xA4,0x2D,0xAD,0x8F,0xBD,0xF0,0xCD,0x52,0xDE,
    0x58,0xFF,0xBA,0xFF,0xBA,0xFF,0xBA,0xFF,0x9A,0xFF,0xBA,0xFF,0xBA,0xFF,0xBA,0xFF,
    0xBA,0xFF,0xBA,0xFF,0x78,0xFF,0x15,0xEF,0x36,0xF7,0x57,0xF7,0x15,0xF7,0x57,0xF7,
    0x79,0xFF,0x99,0xFF,0xBA,0xFF,0xBA,0xFF,0x9A,0xFF,0xBA,0xFF,0xBA,0xFF,0xBA,0xFF,
    0xBA,0xFF,0xBA,0xFF,0x9A,0xFF,0xBA,0xFF,0xBA,0xFF,0xBA,0xFF,0xBA,0xFF,0xBA,0xFF,
    0x99,0xFF,0x9A,0xFF,0xBA,0xFF,0x9A,0xFF,0x99,0xFF,0xBA,0xFF,0x99,0xFF,0xD4,0xE6,
    0x51,0xD6,0xEF,0xCD,0x8E,0xBD,0x2C,0xAD,0x6E,0xB5,0xAF,0xC5,0xCF,0xC5,0xAF,0xC5,
    0xAF,0xC5,0x8F,0xBD,0x6E,0xBD,0x8E,0xBD,0x8F,0xBD,0x8F,0xBD,0xD0,0xC5,0xF1,0xCD,
    0xD0,0xCD,0xD0,0xC5,0x8F,0xBD,0x4D,0xB5,0x4D,0xB5,0x6D,0xB5,0x6D,0xB5,0xAF,0xC5,
    0x52,0xDE,0xB4,0xE6,0xF6,0xF6,0x79,0xFF,0xBA,0xFF,0xBA,0xFF,0xBA,0xFF,0xBA,0xFF,
    0x9A,0xFF,0x9A,0xFF,0xBA,0xFF,0xBA,0xFF,0xBA,0xFF,0xBA,0xFF,0x99,0xFF,0xF4,0xEE,
    0x91,0xDE,0x90,0xDE,0x91,0xE6,0x14,0xEF,0x99,0xFF,0xBA,0xFF,0xBA,0xFF,0xBA,0xFF,
    0x9A,0xFF,0xBA,0xFF,0xBA,0xFF,0xBA,0xFF,0xBA,0xFF,0x9A,0xFF,0xBA,0xFF,0x9A,0xFF,
    0x9A,0xFF,0xBA,0xFF,0xBA,0xFF,0xBA,0xFF,0xBA,0xFF,0x9A,0xFF,0x9A,0xFF,0xBA,0xFF,
    0x9A,0xFF,0x9A,0xFF,0x9A,0xFF,0x9A,0xFF,0xBA,0xFF,0xBA,0xFF,0x99,0xFF,0x15,0xEF,
    0xD3,0xE6,0x50,0xD6,0x8D,0xBD,0x8D,0xBD,0xF0,0xC5,0xF0,0xC5,0xAF,0xBD,0x8E,0xBD,
    0x8E,0xBD,0xD0,0xC5,0xF1,0xCD,0xF0,0xCD,0xF0,0xCD,0xD0,0xCD,0xF0,0xCD,0xF0,0xCD,
    0x11,0xD6,0x11,0xD6,0x11,0xD6,0x31,0xD6,0x72,0xDE,0xB3,0xE6,0x57,0xF7,0x9A,0xFF,
    0xBA,0xFF,0xBA,0xFF,0xBA,0xFF,0x9A,0xFF,0x9A,0xFF,0xBA,0xFF,0xBA,0xFF,0xBA,0xFF,
    0x9A,0xFF,0xBA,0xFF,0x99,0xFF,0x57,0xF7,0x36,0xF7,0x15,0xEF,0xB1,0xE6,0xB1,0xE6,
    0x36,0xF7,0x99,0xFF,0xBA,0xFF,0xBA,0xFF,0xBA,0xFF,0xBA,0xFF,0xBA,0xFF,0xBA,0xFF,
    0xBA,0xFF,0xBA,0xFF,0xBA,0xFF,0xBA,0xFF,0x9A,0xFF,0x9A,0xFF,0x78,0xFF,0x78,0xFF,
    0x99,0xFF,0xBA,0xFF,0xBA,0xFF,0xBA,0xFF,0xBA,0xFF,0xBA,0xFF,0xBA,0xFF,0xBA,0xFF,
    0xBA,0xFF,0x9A,0xFF,0x9A,0xFF,0x9A,0xFF,0x78,0xFF,0x15,0xEF,0x71,0xDE,0x50,0xD6,
    0x70,0xD6,0x50,0xD6,0x70,0xDE,0x36,0xF7,0x58,0xF7,0x58,0xFF,0x79,0xFF,0x79,0xFF,
    0x58,0xFF,0x58,0xFF,0x78,0xFF,0x79,0xFF,0x99,0xFF,0xBA,0xFF,0xBA,0xFF,0xBA,0xFF,
    0xBA,0xFF,0xBA,0xFF,0xBA,0xFF,0x99,0xFF,0x57,0xF7,0x57,0xF7,0x57,0xF7,0xBA,0xFF,
    0xBA,0xFF,0xBA,0xFF,0xBA,0xFF,0xBA,0xFF,0xBA,0xFF,0x99,0xFF,0x78,0xFF,0x57,0xF7,
    0x56,0xF7,0x36,0xF7,0x57,0xF7,0x99,0xFF,0xBA,0xFF,0xBA,0xFF,0xBA,0xFF,0xBA,0xFF,
    0xBA,0xFF,0xBA,0xFF,0xBA,0xFF,0xBA,0xFF,0x9A,0xFF,0xBA,0xFF,0xBA,0xFF,0x9A,0xFF,
    0x9A,0xFF,0x9A,0xFF,0xBA,0xFF,0xBA,0xFF,0x78,0xFF,0x78,0xFF,0x78,0xFF,0x99,0xFF,
    0xBA,0xFF,0xBA,0xFF,0xBA,0xFF,0xBA,0xFF,0x9A,0xFF,0x9A,0xFF,0x9A,0xFF,0x78,0xFF,
    0x37,0xF7,0xF5,0xEE,0xB3,0xE6,0xD4,0xE6,0xB3,0xE6,0x71,0xDE,0x70,0xDE,0x91,0xDE,
    0xB2,0xE6,0xF5,0xEE,0x99,0xFF,0xBA,0xFF,0xBA,0xFF,0xBA,0xFF,0xBA,0xFF,0xBA,0xFF,
    0x9A,0xFF,0xBA,0xFF,0xBA,0xFF,0xBA,0xFF,0x9A,0xFF,0xBA,0xFF,0xBA,0xFF,0xBA,0xFF,
    0x9A,0xFF,0xBA,0xFF,0x99,0xFF,0x57,0xF7,0x57,0xF7,0x77,0xF7,0x99,0xFF,0xBA,0xFF,
    0xBA,0xFF,0x78,0xFF,0x36,0xF7,0x36,0xF7,0x56,0xF7,0x57,0xF7,0x78,0xFF,0xBA,0xFF,
    0xBA,0xFF,0xBA,0xFF,0xBA,0xFF,0xBA,0xFF,0xBA,0xFF,0xBA,0xFF,0xBA,0xFF,0xBA,0xFF,
    0x9A,0xFF,0xBA,0xFF,0xBA,0xFF,0xBA,0xFF,0xBA,0xFF,0x9A,0xFF,0x9A,0xFF,0x9A,0xFF,
    0xBA,0xFF,0xBA,0xFF,0x79,0xFF,0x79,0xFF,0x99,0xFF,0x79,0xFF,0x99,0xFF,0xBA,0xFF,
    0xBA,0xFF,0xBA,0xFF,0x99,0xFF,0x58,0xF7,0xF5,0xEE,0xB3,0xE6,0xB3,0xE6,0xD4,0xE6,
    0xF4,0xEE,0x15,0xEF,0x58,0xF7,0x9A,0xFF,0xBA,0xFF,0x57,0xF7,0xF4,0xEE,0xF5,0xEE,
    0xB3,0xE6,0x15,0xF7,0xBA,0xFF,0xBA,0xFF,0xBA,0xFF,0xBA,0xFF,0xBA,0xFF,0xBA,0xFF,
    0x9A,0xFF,0x9A,0xFF,0xBA,0xFF,0xBA,0xFF,0xBA,0xFF,0xBA,0xFF,0xBA,0xFF,0xBA,0xFF,
    0x9A,0xFF,0xBA,0xFF,0x78,0xFF,0x15,0xEF,0xB1,0xE6,0x70,0xDE,0xB2,0xE6,0x57,0xF7,
    0x57,0xF7,0x36,0xF7,0x78,0xFF,0xBA,0xFF,0xBA,0xFF,0xBA,0xFF,0xBA,0xFF,0xBA,0xFF,
    0xBA,0xFF,0xBA,0xFF,0xBA,0xFF,0xBA,0xFF,0xBA,0xFF,0xBA,0xFF,0xBA,0xFF,0xBA,0xFF,
    0xBA,0xFF,0xBA,0xFF,0xBA,0xFF,0xBA,0xFF,0xBA,0xFF,0x9A,0xFF,0x9A,0xFF,0xBA,0xFF,
    0x00,0x00,0x00,0x00,0x00,0x00,0x00,0x00,0x00,0x00,0x00,0x00,0x00,0x00,0x00,0x00,
    0x00,0x00,0x00,0x00,0x00,0x00,0x00,0x00,0x00,0x00,0x00,0x00,0x00,0x00,0x00,0x00,
    0x00,0x00,0x00,0x00,0x00,0x00,0x00,0x00,0x00,0x00,0x00,0x00,0x00,0x00,0x00,0x00,
    0x00,0x00,0x00,0x00,0x00,0x00,0x00,0x00,0x00,0x00,0x00,0x00,0x00,0x00,0x00,0x00,
    0x00,0x00,0x00,0x00,0x00,0x00,0x00,0x2A,0x2A,0x2A,0x2A,0x2A,0x2A,0x2A,0x2A,0x2A,
    0x2A,0x2A,0x2A,0x2A,0x2A,0x2A,0x2A,0x2A,0x2A,0x2A,0x2A,0x2A,0x2A,0x2A,0x2A,0x2A,
    0x2A,0x2A,0x2A,0x2A,0x2A,0x2A,0x2A,0x2A,0x2A,0x2A,0x2A,0x2A,0x2A,0x2A,0x2A,0x2A,
    0x2A,0x2A,0x2A,0x2A,0x2A,0x2A,0x2A,0x2A,0x2A,0x2A,0x2A,0x2A,0x2A,0x2A,0x2A,0x2A,
    0x2A,0x2A,0x2A,0x2A,0x2A,0x2A,0x2A,0x2A,0x2A,0x2A,0x2A,0x00,0x00,0x2A,0x55,0x55,
    0x55,0x55,0x55,0x55,0x55,0x55,0x55,0x55,0x55,0x55,0x55,0x55,0x55,0x55,0x55,0x55,
    0x55,0x55,0x55,0x55,0x55,0x55,0x55,0x55,0x55,0x55,0x55,0x55,0x55,0x55,0x55,0x55,
    0x55,0x55,0x55,0x55,0x55,0x55,0x55,0x55,0x55,0x55,0x55,0x55,0x55,0x55,0x55,0x55,
    0x55,0x55,0x55,0x55,0x55,0x55,0x55,0x55,0x55,0x55,0x55,0x55,0x55,0x55,0x55,0x55,
    0x2A,0x00,0x00,0x2A,0x55,0x7F,0x7F,0x7F,0x7F,0x7F,0x7F,0x7F,0x7F,0x7F,0x7F,0x7F,
    0x7F,0x7F,0x7F,0x7F,0x7F,0x7F,0x7F,0x7F,0x7F,0x7F,0x7F,0x7F,0x7F,0x7F,0x7F,0x7F,
    0x7F,0x7F,0x7F,0x7F,0x7F,0x7F,0x7F,0x7F,0x7F,0x7F,0x7F,0x7F,0x7F,0x7F,0x7F,0x7F,
    0x7F,0x7F,0x7F,0x7F,0x7F,0x7F,0x7F,0x7F,0x7F,0x7F,0x7F,0x7F,0x7F,0x7F,0x7F,0x7F,
    0x7F,0x7F,0x7F,0x7F,0x7F,0x55,0x2A,0x00,0x00,0x2A,0x55,0x7F,0xAA,0xAA,0xAA,0xAA,
    0xAA,0xAA,0xAA,0xAA,0xAA,0xAA,0xAA,0xAA,0xAA,0xAA,0xAA,0xAA,0xAA,0xAA,0xAA,0xAA,
    0xAA,0xAA,0xAA,0xAA,0xAA,0xAA,0xAA,0xAA,0xAA,0xAA,0xAA,0xAA,0xAA,0xAA,0xAA,0xAA,
    0xAA,0xAA,0xAA,0xAA,0xAA,0xAA,0xAA,0xAA,0xAA,0xAA,0xAA,0xAA,0xAA,0xAA,0xAA,0xAA,
    0xAA,0xAA,0xAA,0xAA,0xAA,0xAA,0xAA,0xAA,0xAA,0xAA,0x7F,0x55,0x2A,0x00,0x00,0x2A,
    0x55,0x7F,0xAA,0xD4,0xD4,0xD4,0xD4,0xD4,0xD4,0xD4,0xD4,0xD4,0xD4,0xD4,0xD4,0xD4,
    0xD4,0xD4,0xD4,0xD4,0xD4,0xD4,0xD4,0xD4,0xD4,0xD4,0xD4,0xD4,0xD4,0xD4,0xD4,0xD4,
    0xD4,0xD4,0xD4,0xD4,0xD4,0xD4,0xD4,0xD4,0xD4,0xD4,0xD4,0xD4,0xD4,0xD4,0xD4,0xD4,
    0xD4,0xD4,0xD4,0xD4,0xD4,0xD4,0xD4,0xD4,0xD4,0xD4,0xD4,0xD4,0xD4,0xD4,0xD4,0xAA,
    0x7F,0x55,0x2A,0x00,0x00,0x2A,0x55,0x7F,0xAA,0xD4,0xFF,0xFF,0xFF,0xFF,0xFF,0xFF,
    0xFF,0xFF,0xFF,0xFF,0xFF,0xFF,0xFF,0xFF,0xFF,0xFF,0xFF,0xFF,0xFF,0xFF,0xFF,0xFF,
    0xFF,0xFF,0xFF,0xFF,0xFF,0xFF,0xFF,0xFF,0xFF,0xFF,0xFF,0xFF,0xFF,0xFF,0xFF,0xFF,
    0xFF,0xFF,0xFF,0xFF,0xFF,0xFF,0xFF,0xFF,0xFF,0xFF,0xFF,0xFF,0xFF,0xFF,0xFF,0xFF,
    0xFF,0xFF,0xFF,0xFF,0xD4,0xAA,0x7F,0x55,0x2A,0x00,0x00,0x2A,0x55,0x7F,0xAA,0xD4,
    0xFF,0xFF,0xFF,0xFF,0xFF,0xFF,0xFF,0xFF,0xFF,0xFF,0xFF,0xFF,0xFF,0xFF,0xFF,0xFF,
    0xFF,0xFF,0xFF,0xFF,0xFF,0xFF,0xFF,0xFF,0xFF,0xFF,0xFF,0xFF,0xFF,0xFF,0xFF,0xFF,
    0xFF,0xFF,0xFF,0xFF,0xFF,0xFF,0xFF,0xFF,0xFF,0xFF,0xFF,0xFF,0xFF,0xFF,0xFF,0xFF,
    0xFF,0xFF,0xFF,0xFF,0xFF,0xFF,0xFF,0xFF,0xFF,0xFF,0xD4,0xAA,0x7F,0x55,0x2A,0x00,
    0x00,0x2A,0x55,0x7F,0xAA,0xD4,0xFF,0xFF,0xFF,0xFF,0xFF,0xFF,0xFF,0xFF,0xFF,0xFF,
    0xFF,0xFF,0xFF,0xFF,0xFF,0xFF,0xFF,0xFF,0xFF,0xFF,0xFF,0xFF,0xFF,0xFF,0xFF,0xFF,
    0xFF,0xFF,0xFF,0xFF,0xFF,0xFF,0xFF,0xFF,0xFF,0xFF,0xFF,0xFF,0xFF,0xFF,0xFF,0xFF,
    0xFF,0xFF,0xFF,0xFF,0xFF,0xFF,0xFF,0xFF,0xFF,0xFF,0xFF,0xFF,0xFF,0xFF,0xFF,0xFF,
    0xD4,0xAA,0x7F,0x55,0x2A,0x00,0x00,0x2A,0x55,0x7F,0xAA,0xD4,0xFF,0xFF,0xFF,0xFF,
    0xFF,0xFF,0xFF,0xFF,0xFF,0xFF,0xFF,0xFF,0xFF,0xFF,0xFF,0xFF,0xFF,0xFF,0xFF,0xFF,
    0xFF,0xFF,0xFF,0xFF,0xFF,0xFF,0xFF,0xFF,0xFF,0xFF,0xFF,0xFF,0xFF,0xFF,0xFF,0xFF,
    0xFF,0xFF,0xFF,0xFF,0xFF,0xFF,0xFF,0xFF,0xFF,0xFF,0xFF,0xFF,0xFF,0xFF,0xFF,0xFF,
    0xFF,0xFF,0xFF,0xFF,0xFF,0xFF,0xD4,0xAA,0x7F,0x55,0x2A,0x00,0x00,0x2A,0x55,0x7F,
    0xAA,0xD4,0xFF,0xFF,0xFF,0xFF,0xFF,0xFF,0xFF,0xFF,0xFF,0xFF,0xFF,0xFF,0xFF,0xFF,
    0xFF,0xFF,0xFF,0xFF,0xFF,0xFF,0xFF,0xFF,0xFF,0xFF,0xFF,0xFF,0xFF,0xFF,0xFF,0xFF,
    0xFF,0xFF,0xFF,0xFF,0xFF,0xFF,0xFF,0xFF,0xFF,0xFF,0xFF,0xFF,0xFF,0xFF,0xFF,0xFF,
    0xFF,0xFF,0xFF,0xFF,0xFF,0xFF,0xFF,0xFF,0xFF,0xFF,0xFF,0xFF,0xD4,0xAA,0x7F,0x55,
    0x2A,0x00,0x00,0x2A,0x55,0x7F,0xAA,0xD4,0xFF,0xFF,0xFF,0xFF,0xFF,0xFF,0xFF,0xFF,
    0xFF,0xFF,0xFF,0xFF,0xFF,0xFF,0xFF,0xFF,0xFF,0xFF,0xFF,0xFF,0xFF,0xFF,0xFF,0xFF,
    0xFF,0xFF,0xFF,0xFF,0xFF,0xFF,0xFF,0xFF,0xFF,0xFF,0xFF,0xFF,0xFF,0xFF,0xFF,0xFF,
    0xFF,0xFF,0xFF,0xFF,0xFF,0xFF,0xFF,0xFF,0xFF,0xFF,0xFF,0xFF,0xFF,0xFF,0xFF,0xFF,
    0xFF,0xFF,0xD4,0xAA,0x7F,0x55,0x2A,0x00,0x00,0x2A,0x55,0x7F,0xAA,0xD4,0xFF,0xFF,
    0xFF,0xFF,0xFF,0xFF,0xFF,0xFF,0xFF,0xFF,0xFF,0xFF,0xFF,0xFF,0xFF,0xFF,0xFF,0xFF,
    0xFF,0xFF,0xFF,0xFF,0xFF,0xFF,0xFF,0xFF,0xFF,0xFF,0xFF,0xFF,0xFF,0xFF,0xFF,0xFF,
    0xFF,0xFF,0xFF,0xFF,0xFF,0xFF,0xFF,0xFF,0xFF,0xFF,0xFF,0xFF,0xFF,0xFF,0xFF,0xFF,
    0xFF,0xFF,0xFF,0xFF,0xFF,0xFF,0xFF,0xFF,0xD4,0xAA,0x7F,0x55,0x2A,0x00,0x00,0x2A,
    0x55,0x7F,0xAA,0xD4,0xFF,0xFF,0xFF,0xFF,0xFF,0xFF,0xFF,0xFF,0xFF,0xFF,0xFF,0xFF,
    0xFF,0xFF,0xFF,0xFF,0xFF,0xFF,0xFF,0xFF,0xFF,0xFF,0xFF,0xFF,0xFF,0xFF,0xFF,0xFF,
    0xFF,0xFF,0xFF,0xFF,0xFF,0xFF,0xFF,0xFF,0xFF,0xFF,0xFF,0xFF,0xFF,0xFF,0xFF,0xFF,
    0xFF,0xFF,0xFF,0xFF,0xFF,0xFF,0xFF,0xFF,0xFF,0xFF,0xFF,0xFF,0xFF,0xFF,0xD4,0xAA,
    0x7F,0x55,0x2A,0x00,0x00,0x2A,0x55,0x7F,0xAA,0xD4,0xFF,0xFF,0xFF,0xFF,0xFF,0xFF,
    0xFF,0xFF,0xFF,0xFF,0xFF,0xFF,0xFF,0xFF,0xFF,0xFF,0xFF,0xFF,0xFF,0xFF,0xFF,0xFF,
    0xFF,0xFF,0xFF,0xFF,0xFF,0xFF,0xFF,0xFF,0xFF,0xFF,0xFF,0xFF,0xFF,0xFF,0xFF,0xFF,
    0xFF,0xFF,0xFF,0xFF,0xFF,0xFF,0xFF,0xFF,0xFF,0xFF,0xFF,0xFF,0xFF,0xFF,0xFF,0xFF,
    0xFF,0xFF,0xFF,0xFF,0xD4,0xAA,0x7F,0x55,0x2A,0x00,0x00,0x2A,0x55,0x7F,0xAA,0xD4,
    0xFF,0xFF,0xFF,0xFF,0xFF,0xFF,0xFF,0xFF,0xFF,0xFF,0xFF,0xFF,0xFF,0xFF,0xFF,0xFF,
    0xFF,0xFF,0xFF,0xFF,0xFF,0xFF,0xFF,0xFF,0xFF,0xFF,0xFF,0xFF,0xFF,0xFF,0xFF,0xFF,
    0xFF,0xFF,0xFF,0xFF,0xFF,0xFF,0xFF,0xFF,0xFF,0xFF,0xFF,0xFF,0xFF,0xFF,0xFF,0xFF,
    0xFF,0xFF,0xFF,0xFF,0xFF,0xFF,0xFF,0xFF,0xFF,0xFF,0xD4,0xAA,0x7F,0x55,0x2A,0x00,
    0x00,0x2A,0x55,0x7F,0xAA,0xD4,0xFF,0xFF,0xFF,0xFF,0xFF,0xFF,0xFF,0xFF,0xFF,0xFF,
    0xFF,0xFF,0xFF,0xFF,0xFF,0xFF,0xFF,0xFF,0xFF,0xFF,0xFF,0xFF,0xFF,0xFF,0xFF,0xFF,
    0xFF,0xFF,0xFF,0xFF,0xFF,0xFF,0xFF,0xFF,0xFF,0xFF,0xFF,0xFF,0xFF,0xFF,0xFF,0xFF,
    0xFF,0xFF,0xFF,0xFF,0xFF,0xFF,0xFF,0xFF,0xFF,0xFF,0xFF,0xFF,0xFF,0xFF,0xFF,0xFF,
    0xD4,0xAA,0x7F,0x55,0x2A,0x00,0x00,0x2A,0x55,0x7F,0xAA,0xD4,0xFF,0xFF,0xFF,0xFF,
    0xFF,0xFF,0xFF,0xFF,0xFF,0xFF,0xFF,0xFF,0xFF,0xFF,0xFF,0xFF,0xFF,0xFF,0xFF,0xFF,
    0xFF,0xFF,0xFF,0xFF,0xFF,0xFF,0xFF,0xFF,0xFF,0xFF,0xFF,0xFF,0xFF,0xFF,0xFF,0xFF,
    0xFF,0xFF,0xFF,0xFF,0xFF,0xFF,0xFF,0xFF,0xFF,0xFF,0xFF,0xFF,0xFF,0xFF,0xFF,0xFF,
    0xFF,0xFF,0xFF,0xFF,0xFF,0xFF,0xD4,0xAA,0x7F,0x55,0x2A,0x00,0x00,0x2A,0x55,0x7F,
    0xAA,0xD4,0xFF,0xFF,0xFF,0xFF,0xFF,0xFF,0xFF,0xFF,0xFF,0xFF,0xFF,0xFF,0xFF,0xFF,
    0xFF,0xFF,0xFF,0xFF,0xFF,0xFF,0xFF,0xFF,0xFF,0xFF,0xFF,0xFF,0xFF,0xFF,0xFF,0xFF,
    0xFF,0xFF,0xFF,0xFF,0xFF,0xFF,0xFF,0xFF,0xFF,0xFF,0xFF,0xFF,0xFF,0xFF,0xFF,0xFF,
    0xFF,0xFF,0xFF,0xFF,0xFF,0xFF,0xFF,0xFF,0xFF,0xFF,0xFF,0xFF,0xD4,0xAA,0x7F,0x55,
    0x2A,0x00,0x00,0x2A,0x55,0x7F,0xAA,0xD4,0xFF,0xFF,0xFF,0xFF,0xFF,0xFF,0xFF,0xFF,
    0xFF,0xFF,0xFF,0xFF,0xFF,0xFF,0xFF,0xFF,0xFF,0xFF,0xFF,0xFF,0xFF,0xFF,0xFF,0xFF,
    0xFF,0xFF,0xFF,0xFF,0xFF,0xFF,0xFF,0xFF,0xFF,0xFF,0xFF,0xFF,0xFF,0xFF,0xFF,0xFF,
    0xFF,0xFF,0xFF,0xFF,0xFF,0xFF,0xFF,0xFF,0xFF,0xFF,0xFF,0xFF,0xFF,0xFF,0xFF,0xFF,
    0xFF,0xFF,0xD4,0xAA,0x7F,0x55,0x2A,0x00,0x00,0x2A,0x55,0x7F,0xAA,0xD4,0xFF,0xFF,
    0xFF,0xFF,0xFF,0xFF,0xFF,0xFF,0xFF,0xFF,0xFF,0xFF,0xFF,0xFF,0xFF,0xFF,0xFF,0xFF,
    0xFF,0xFF,0xFF,0xFF,0xFF,0xFF,0xFF,0xFF,0xFF,0xFF,0xFF,0xFF,0xFF,0xFF,0xFF,0xFF,
    0xFF,0xFF,0xFF,0xFF,0xFF,0xFF,0xFF,0xFF,0xFF,0xFF,0xFF,0xFF,0xFF,0xFF,0xFF,0xFF,
    0xFF,0xFF,0xFF,0xFF,0xFF,0xFF,0xFF,0xFF,0xD4,0xAA,0x7F,0x55,0x2A,0x00,0x00,0x2A,
    0x55,0x7F,0xAA,0xD4,0xFF,0xFF,0xFF,0xFF,0xFF,0xFF,0xFF,0xFF,0xFF,0xFF,0xFF,0xFF,
    0xFF,0xFF,0xFF,0xFF,0xFF,0xFF,0xFF,0xFF,0xFF,0xFF,0xFF,0xFF,0xFF,0xFF,0xFF,0xFF,
    0xFF,0xFF,0xFF,0xFF,0xFF,0xFF,0xFF,0xFF,0xFF,0xFF,0xFF,0xFF,0xFF,0xFF,0xFF,0xFF,
    0xFF,0xFF,0xFF,0xFF,0xFF,0xFF,0xFF,0xFF,0xFF,0xFF,0xFF,0xFF,0xFF,0xFF,0xD4,0xAA,
    0x7F,0x55,0x2A,0x00,0x00,0x2A,0x55,0x7F,0xAA,0xD4,0xFF,0xFF,0xFF,0xFF,0xFF,0xFF,
    0xFF,0xFF,0xFF,0xFF,0xFF,0xFF,0xFF,0xFF,0xFF,0xFF,0xFF,0xFF,0xFF,0xFF,0xFF,0xFF,
    0xFF,0xFF,0xFF,0xFF,0xFF,0xFF,0xFF,0xFF,0xFF,0xFF,0xFF,0xFF,0xFF,0xFF,0xFF,0xFF,
    0xFF,0xFF,0xFF,0xFF,0xFF,0xFF,0xFF,0xFF,0xFF,0xFF,0xFF,0xFF,0xFF,0xFF,0xFF,0xFF,
    0xFF,0xFF,0xFF,0xFF,0xD4,0xAA,0x7F,0x55,0x2A,0x00,0x00,0x2A,0x55,0x7F,0xAA,0xD4,
    0xFF,0xFF,0xFF,0xFF,0xFF,0xFF,0xFF,0xFF,0xFF,0xFF,0xFF,0xFF,0xFF,0xFF,0xFF,0xFF,
    0xFF,0xFF,0xFF,0xFF,0xFF,0xFF,0xFF,0xFF,0xFF,0xFF,0xFF,0xFF,0xFF,0xFF,0xFF,0xFF,
    0xFF,0xFF,0xFF,0xFF,0xFF,0xFF,0xFF,0xFF,0xFF,0xFF,0xFF,0xFF,0xFF,0xFF,0xFF,0xFF,
    0xFF,0xFF,0xFF,0xFF,0xFF,0xFF,0xFF,0xFF,0xFF,0xFF,0xD4,0xAA,0x7F,0x55,0x2A,0x00,
    0x00,0x2A,0x55,0x7F,0xAA,0xD4,0xFF,0xFF,0xFF,0xFF,0xFF,0xFF,0xFF,0xFF,0xFF,0xFF,
    0xFF,0xFF,0xFF,0xFF,0xFF,0xFF,0xFF,0xFF,0xFF,0xFF,0xFF,0xFF,0xFF,0xFF,0xFF,0xFF,
    0xFF,0xFF,0xFF,0xFF,0xFF,0xFF,0xFF,0xFF,0xFF,0xFF,0xFF,0xFF,0xFF,0xFF,0xFF,0xFF,
    0xFF,0xFF,0xFF,0xFF,0xFF,0xFF,0xFF,0xFF,0xFF,0xFF,0xFF,0xFF,0xFF,0xFF,0xFF,0xFF,
    0xD4,0xAA,0x7F,0x55,0x2A,0x00,0x00,0x2A,0x55,0x7F,0xAA,0xD4,0xFF,0xFF,0xFF,0xFF,
    0xFF,0xFF,0xFF,0xFF,0xFF,0xFF,0xFF,0xFF,0xFF,0xFF,0xFF,0xFF,0xFF,0xFF,0xFF,0xFF,
    0xFF,0xFF,0xFF,0xFF,0xFF,0xFF,0xFF,0xFF,0xFF,0xFF,0xFF,0xFF,0xFF,0xFF,0xFF,0xFF,
    0xFF,0xFF,0xFF,0xFF,0xFF,0xFF,0xFF,0xFF,0xFF,0xFF,0xFF,0xFF,0xFF,0xFF,0xFF,0xFF,
    0xFF,0xFF,0xFF,0xFF,0xFF,0xFF,0xD4,0xAA,0x7F,0x55,0x2A,0x00,0x00,0x2A,0x55,0x7F,
    0xAA,0xD4,0xFF,0xFF,0xFF,0xFF,0xFF,0xFF,0xFF,0xFF,0xFF,0xFF,0xFF,0xFF,0xFF,0xFF,
    0xFF,0xFF,0xFF,0xFF,0xFF,0xFF,0xFF,0xFF,0xFF,0xFF,0xFF,0xFF,0xFF,0xFF,0xFF,0xFF,
    0xFF,0xFF,0xFF,0xFF,0xFF,0xFF,0xFF,0xFF,0xFF,0xFF,0xFF,0xFF,0xFF,0xFF,0xFF,0xFF,
    0xFF,0xFF,0xFF,0xFF,0xFF,0xFF,0xFF,0xFF,0xFF,0xFF,0xFF,0xFF,0xD4,0xAA,0x7F,0x55,
    0x2A,0x00,0x00,0x2A,0x55,0x7F,0xAA,0xD4,0xFF,0xFF,0xFF,0xFF,0xFF,0xFF,0xFF,0xFF,
    0xFF,0xFF,0xFF,0xFF,0xFF,0xFF,0xFF,0xFF,0xFF,0xFF,0xFF,0xFF,0xFF,0xFF,0xFF,0xFF,
    0xFF,0xFF,0xFF,0xFF,0xFF,0xFF,0xFF,0xFF,0xFF,0xFF,0xFF,0xFF,0xFF,0xFF,0xFF,0xFF,
    0xFF,0xFF,0xFF,0xFF,0xFF,0xFF,0xFF,0xFF,0xFF,0xFF,0xFF,0xFF,0xFF,0xFF,0xFF,0xFF,
    0xFF,0xFF,0xD4,0xAA,0x7F,0x55,0x2A,0x00,0x00,0x2A,0x55,0x7F,0xAA,0xD4,0xFF,0xFF,
    0xFF,0xFF,0xFF,0xFF,0xFF,0xFF,0xFF,0xFF,0xFF,0xFF,0xFF,0xFF,0xFF,0xFF,0xFF,0xFF,
    0xFF,0xFF,0xFF,0xFF,0xFF,0xFF,0xFF,0xFF,0xFF,0xFF,0xFF,0xFF,0xFF,0xFF,0xFF,0xFF,
    0xFF,0xFF,0xFF,0xFF,0xFF,0xFF,0xFF,0xFF,0xFF,0xFF,0xFF,0xFF,0xFF,0xFF,0xFF,0xFF,
    0xFF,0xFF,0xFF,0xFF,0xFF,0xFF,0xFF,0xFF,0xD4,0xAA,0x7F,0x55,0x2A,0x00,0x00,0x2A,
    0x55,0x7F,0xAA,0xD4,0xFF,0xFF,0xFF,0xFF,0xFF,0xFF,0xFF,0xFF,0xFF,0xFF,0xFF,0xFF,
    0xFF,0xFF,0xFF,0xFF,0xFF,0xFF,0xFF,0xFF,0xFF,0xFF,0xFF,0xFF,0xFF,0xFF,0xFF,0xFF,
    0xFF,0xFF,0xFF,0xFF,0xFF,0xFF,0xFF,0xFF,0xFF,0xFF,0xFF,0xFF,0xFF,0xFF,0xFF,0xFF,
    0xFF,0xFF,0xFF,0xFF,0xFF,0xFF,0xFF,0xFF,0xFF,0xFF,0xFF,0xFF,0xFF,0xFF,0xD4,0xAA,
    0x7F,0x55,0x2A,0x00,0x00,0x2A,0x55,0x7F,0xAA,0xD4,0xFF,0xFF,0xFF,0xFF,0xFF,0xFF,
    0xFF,0xFF,0xFF,0xFF,0xFF,0xFF,0xFF,0xFF,0xFF,0xFF,0xFF,0xFF,0xFF,0xFF,0xFF,0xFF,
    0xFF,0xFF,0xFF,0xFF,0xFF,0xFF,0xFF,0xFF,0xFF,0xFF,0xFF,0xFF,0xFF,0xFF,0xFF,0xFF,
    0xFF,0xFF,0xFF,0xFF,0xFF,0xFF,0xFF,0xFF,0xFF,0xFF,0xFF,0xFF,0xFF,0xFF,0xFF,0xFF,
    0xFF,0xFF,0xFF,0xFF,0xD4,0xAA,0x7F,0x55,0x2A,0x00,0x00,0x2A,0x55,0x7F,0xAA,0xD4,
    0xFF,0xFF,0xFF,0xFF,0xFF,0xFF,0xFF,0xFF,0xFF,0xFF,0xFF,0xFF,0xFF,0xFF,0xFF,0xFF,
    0xFF,0xFF,0xFF,0xFF,0xFF,0xFF,0xFF,0xFF,0xFF,0xFF,0xFF,0xFF,0xFF,0xFF,0xFF,0xFF,
    0xFF,0xFF,0xFF,0xFF,0xFF,0xFF,0xFF,0xFF,0xFF,0xFF,0xFF,0xFF,0xFF,0xFF,0xFF,0xFF,
    0xFF,0xFF,0xFF,0xFF,0xFF,0xFF,0xFF,0xFF,0xFF,0xFF,0xD4,0xAA,0x7F,0x55,0x2A,0x00,
    0x00,0x2A,0x55,0x7F,0xAA,0xD4,0xFF,0xFF,0xFF,0xFF,0xFF,0xFF,0xFF,0xFF,0xFF,0xFF,
    0xFF,0xFF,0xFF,0xFF,0xFF,0xFF,0xFF,0xFF,0xFF,0xFF,0xFF,0xFF,0xFF,0xFF,0xFF,0xFF,
    0xFF,0xFF,0xFF,0xFF,0xFF,0xFF,0xFF,0xFF,0xFF,0xFF,0xFF,0xFF,0xFF,0xFF,0xFF,0xFF,
    0xFF,0xFF,0xFF,0xFF,0xFF,0xFF,0xFF,0xFF,0xFF,0xFF,0xFF,0xFF,0xFF,0xFF,0xFF,0xFF,
    0xD4,0xAA,0x7F,0x55,0x2A,0x00,0x00,0x2A,0x55,0x7F,0xAA,0xD4,0xFF,0xFF,0xFF,0xFF,
    0xFF,0xFF,0xFF,0xFF,0xFF,0xFF,0xFF,0xFF,0xFF,0xFF,0xFF,0xFF,0xFF,0xFF,0xFF,0xFF,
    0xFF,0xFF,0xFF,0xFF,0xFF,0xFF,0xFF,0xFF,0xFF,0xFF,0xFF,0xFF,0xFF,0xFF,0xFF,0xFF,
    0xFF,0xFF,0xFF,0xFF,0xFF,0xFF,0xFF,0xFF,0xFF,0xFF,0xFF,0xFF,0xFF,0xFF,0xFF,0xFF,
    0xFF,0xFF,0xFF,0xFF,0xFF,0xFF,0xD4,0xAA,0x7F,0x55,0x2A,0x00,0x00,0x2A,0x55,0x7F,
    0xAA,0xD4,0xFF,0xFF,0xFF,0xFF,0xFF,0xFF,0xFF,0xFF,0xFF,0xFF,0xFF,0xFF,0xFF,0xFF,
    0xFF,0xFF,0xFF,0xFF,0xFF,0xFF,0xFF,0xFF,0xFF,0xFF,0xFF,0xFF,0xFF,0xFF,0xFF,0xFF,
    0xFF,0xFF,0xFF,0xFF,0xFF,0xFF,0xFF,0xFF,0xFF,0xFF,0xFF,0xFF,0xFF,0xFF,0xFF,0xFF,
    0xFF,0xFF,0xFF,0xFF,0xFF,0xFF,0xFF,0xFF,0xFF,0xFF,0xFF,0xFF,0xD4,0xAA,0x7F,0x55,
    0x2A,0x00,0x00,0x2A,0x55,0x7F,0xAA,0xD4,0xFF,0xFF,0xFF,0xFF,0xFF,0xFF,0xFF,0xFF,
    0xFF,0xFF,0xFF,0xFF,0xFF,0xFF,0xFF,0xFF,0xFF,0xFF,0xFF,0xFF,0xFF,0xFF,0xFF,0xFF,
    0xFF,0xFF,0xFF,0xFF,0xFF,0xFF,0xFF,0xFF,0xFF,0xFF,0xFF,0xFF,0xFF,0xFF,0xFF,0xFF,
    0xFF,0xFF,0xFF,0xFF,0xFF,0xFF,0xFF,0xFF,0xFF,0xFF,0xFF,0xFF,0xFF,0xFF,0xFF,0xFF,
    0xFF,0xFF,0xD4,0xAA,0x7F,0x55,0x2A,0x00,0x00,0x2A,0x55,0x7F,0xAA,0xD4,0xFF,0xFF,
    0xFF,0xFF,0xFF,0xFF,0xFF,0xFF,0xFF,0xFF,0xFF,0xFF,0xFF,0xFF,0xFF,0xFF,0xFF,0xFF,
    0xFF,0xFF,0xFF,0xFF,0xFF,0xFF,0xFF,0xFF,0xFF,0xFF,0xFF,0xFF,0xFF,0xFF,0xFF,0xFF,
    0xFF,0xFF,0xFF,0xFF,0xFF,0xFF,0xFF,0xFF,0xFF,0xFF,0xFF,0xFF,0xFF,0xFF,0xFF,0xFF,
    0xFF,0xFF,0xFF,0xFF,0xFF,0xFF,0xFF,0xFF,0xD4,0xAA,0x7F,0x55,0x2A,0x00,0x00,0x2A,
    0x55,0x7F,0xAA,0xD4,0xFF,0xFF,0xFF,0xFF,0xFF,0xFF,0xFF,0xFF,0xFF,0xFF,0xFF,0xFF,
    0xFF,0xFF,0xFF,0xFF,0xFF,0xFF,0xFF,0xFF,0xFF,0xFF,0xFF,0xFF,0xFF,0xFF,0xFF,0xFF,
    0xFF,0xFF,0xFF,0xFF,0xFF,0xFF,0xFF,0xFF,0xFF,0xFF,0xFF,0xFF,0xFF,0xFF,0xFF,0xFF,
    0xFF,0xFF,0xFF,0xFF,0xFF,0xFF,0xFF,0xFF,0xFF,0xFF,0xFF,0xFF,0xFF,0xFF,0xD4,0xAA,
    0x7F,0x55,0x2A,0x00,0x00,0x2A,0x55,0x7F,0xAA,0xD4,0xFF,0xFF,0xFF,0xFF,0xFF,0xFF,
    0xFF,0xFF,0xFF,0xFF,0xFF,0xFF,0xFF,0xFF,0xFF,0xFF,0xFF,0xFF,0xFF,0xFF,0xFF,0xFF,
    0xFF,0xFF,0xFF,0xFF,0xFF,0xFF,0xFF,0xFF,0xFF,0xFF,0xFF,0xFF,0xFF,0xFF,0xFF,0xFF,
    0xFF,0xFF,0xFF,0xFF,0xFF,0xFF,0xFF,0xFF,0xFF,0xFF,0xFF,0xFF,0xFF,0xFF,0xFF,0xFF,
    0xFF,0xFF,0xFF,0xFF,0xD4,0xAA,0x7F,0x55,0x2A,0x00,0x00,0x2A,0x55,0x7F,0xAA,0xD4,
    0xFF,0xFF,0xFF,0xFF,0xFF,0xFF,0xFF,0xFF,0xFF,0xFF,0xFF,0xFF,0xFF,0xFF,0xFF,0xFF,
    0xFF,0xFF,0xFF,0xFF,0xFF,0xFF,0xFF,0xFF,0xFF,0xFF,0xFF,0xFF,0xFF,0xFF,0xFF,0xFF,
    0xFF,0xFF,0xFF,0xFF,0xFF,0xFF,0xFF,0xFF,0xFF,0xFF,0xFF,0xFF,0xFF,0xFF,0xFF,0xFF,
    0xFF,0xFF,0xFF,0xFF,0xFF,0xFF,0xFF,0xFF,0xFF,0xFF,0xD4,0xAA,0x7F,0x55,0x2A,0x00,
    0x00,0x2A,0x55,0x7F,0xAA,0xD4,0xFF,0xFF,0xFF,0xFF,0xFF,0xFF,0xFF,0xFF,0xFF,0xFF,
    0xFF,0xFF,0xFF,0xFF,0xFF,0xFF,0xFF,0xFF,0xFF,0xFF,0xFF,0xFF,0xFF,0xFF,0xFF,0xFF,
    0xFF,0xFF,0xFF,0xFF,0xFF,0xFF,0xFF,0xFF,0xFF,0xFF,0xFF,0xFF,0xFF,0xFF,0xFF,0xFF,
    0xFF,0xFF,0xFF,0xFF,0xFF,0xFF,0xFF,0xFF,0xFF,0xFF,0xFF,0xFF,0xFF,0xFF,0xFF,0xFF,
    0xD4,0xAA,0x7F,0x55,0x2A,0x00,0x00,0x2A,0x55,0x7F,0xAA,0xD4,0xFF,0xFF,0xFF,0xFF,
    0xFF,0xFF,0xFF,0xFF,0xFF,0xFF,0xFF,0xFF,0xFF,0xFF,0xFF,0xFF,0xFF,0xFF,0xFF,0xFF,
    0xFF,0xFF,0xFF,0xFF,0xFF,0xFF,0xFF,0xFF,0xFF,0xFF,0xFF,0xFF,0xFF,0xFF,0xFF,0xFF,
    0xFF,0xFF,0xFF,0xFF,0xFF,0xFF,0xFF,0xFF,0xFF,0xFF,0xFF,0xFF,0xFF,0xFF,0xFF,0xFF,
    0xFF,0xFF,0xFF,0xFF,0xFF,0xFF,0xD4,0xAA,0x7F,0x55,0x2A,0x00,0x00,0x2A,0x55,0x7F,
    0xAA,0xD4,0xFF,0xFF,0xFF,0xFF,0xFF,0xFF,0xFF,0xFF,0xFF,0xFF,0xFF,0xFF,0xFF,0xFF,
    0xFF,0xFF,0xFF,0xFF,0xFF,0xFF,0xFF,0xFF,0xFF,0xFF,0xFF,0xFF,0xFF,0xFF,0xFF,0xFF,
    0xFF,0xFF,0xFF,0xFF,0xFF,0xFF,0xFF,0xFF,0xFF,0xFF,0xFF,0xFF,0xFF,0xFF,0xFF,0xFF,
    0xFF,0xFF,0xFF,0xFF,0xFF,0xFF,0xFF,0xFF,0xFF,0xFF,0xFF,0xFF,0xD4,0xAA,0x7F,0x55,
    0x2A,0x00,0x00,0x2A,0x55,0x7F,0xAA,0xD4,0xFF,0xFF,0xFF,0xFF,0xFF,0xFF,0xFF,0xFF,
    0xFF,0xFF,0xFF,0xFF,0xFF,0xFF,0xFF,0xFF,0xFF,0xFF,0xFF,0xFF,0xFF,0xFF,0xFF,0xFF,
    0xFF,0xFF,0xFF,0xFF,0xFF,0xFF,0xFF,0xFF,0xFF,0xFF,0xFF,0xFF,0xFF,0xFF,0xFF,0xFF,
    0xFF,0xFF,0xFF,0xFF,0xFF,0xFF,0xFF,0xFF,0xFF,0xFF,0xFF,0xFF,0xFF,0xFF,0xFF,0xFF,
    0xFF,0xFF,0xD4,0xAA,0x7F,0x55,0x2A,0x00,0x00,0x2A,0x55,0x7F,0xAA,0xD4,0xFF,0xFF,
    0xFF,0xFF,0xFF,0xFF,0xFF,0xFF,0xFF,0xFF,0xFF,0xFF,0xFF,0xFF,0xFF,0xFF,0xFF,0xFF,
    0xFF,0xFF,0xFF,0xFF,0xFF,0xFF,0xFF,0xFF,0xFF,0xFF,0xFF,0xFF,0xFF,0xFF,0xFF,0xFF,
    0xFF,0xFF,0xFF,0xFF,0xFF,0xFF,0xFF,0xFF,0xFF,0xFF,0xFF,0xFF,0xFF,0xFF,0xFF,0xFF,
    0xFF,0xFF,0xFF,0xFF,0xFF,0xFF,0xFF,0xFF,0xD4,0xAA,0x7F,0x55,0x2A,0x00,0x00,0x2A,
    0x55,0x7F,0xAA,0xD4,0xFF,0xFF,0xFF,0xFF,0xFF,0xFF,0xFF,0xFF,0xFF,0xFF,0xFF,0xFF,
    0xFF,0xFF,0xFF,0xFF,0xFF,0xFF,0xFF,0xFF,0xFF,0xFF,0xFF,0xFF,0xFF,0xFF,0xFF,0xFF,
    0xFF,0xFF,0xFF,0xFF,0xFF,0xFF,0xFF,0xFF,0xFF,0xFF,0xFF,0xFF,0xFF,0xFF,0xFF,0xFF,
    0xFF,0xFF,0xFF,0xFF,0xFF,0xFF,0xFF,0xFF,0xFF,0xFF,0xFF,0xFF,0xFF,0xFF,0xD4,0xAA,
    0x7F,0x55,0x2A,0x00,0x00,0x2A,0x55,0x7F,0xAA,0xD4,0xFF,0xFF,0xFF,0xFF,0xFF,0xFF,
    0xFF,0xFF,0xFF,0xFF,0xFF,0xFF,0xFF,0xFF,0xFF,0xFF,0xFF,0xFF,0xFF,0xFF,0xFF,0xFF,
    0xFF,0xFF,0xFF,0xFF,0xFF,0xFF,0xFF,0xFF,0xFF,0xFF,0xFF,0xFF,0xFF,0xFF,0xFF,0xFF,
    0xFF,0xFF,0xFF,0xFF,0xFF,0xFF,0xFF,0xFF,0xFF,0xFF,0xFF,0xFF,0xFF,0xFF,0xFF,0xFF,
    0xFF,0xFF,0xFF,0xFF,0xD4,0xAA,0x7F,0x55,0x2A,0x00,0x00,0x2A,0x55,0x7F,0xAA,0xD4,
    0xFF,0xFF,0xFF,0xFF,0xFF,0xFF,0xFF,0xFF,0xFF,0xFF,0xFF,0xFF,0xFF,0xFF,0xFF,0xFF,
    0xFF,0xFF,0xFF,0xFF,0xFF,0xFF,0xFF,0xFF,0xFF,0xFF,0xFF,0xFF,0xFF,0xFF,0xFF,0xFF,
    0xFF,0xFF,0xFF,0xFF,0xFF,0xFF,0xFF,0xFF,0xFF,0xFF,0xFF,0xFF,0xFF,0xFF,0xFF,0xFF,
    0xFF,0xFF,0xFF,0xFF,0xFF,0xFF,0xFF,0xFF,0xFF,0xFF,0xD4,0xAA,0x7F,0x55,0x2A,0x00,
    0x00,0x2A,0x55,0x7F,0xAA,0xD4,0xFF,0xFF,0xFF,0xFF,0xFF,0xFF,0xFF,0xFF,0xFF,0xFF,
    0xFF,0xFF,0xFF,0xFF,0xFF,0xFF,0xFF,0xFF,0xFF,0xFF,0xFF,0xFF,0xFF,0xFF,0xFF,0xFF,
    0xFF,0xFF,0xFF,0xFF,0xFF,0xFF,0xFF,0xFF,0xFF,0xFF,0xFF,0xFF,0xFF,0xFF,0xFF,0xFF,
    0xFF,0xFF,0xFF,0xFF,0xFF,0xFF,0xFF,0xFF,0xFF,0xFF,0xFF,0xFF,0xFF,0xFF,0xFF,0xFF,
    0xD4,0xAA,0x7F,0x55,0x2A,0x00,0x00,0x2A,0x55,0x7F,0xAA,0xD4,0xFF,0xFF,0xFF,0xFF,
    0xFF,0xFF,0xFF,0xFF,0xFF,0xFF,0xFF,0xFF,0xFF,0xFF,0xFF,0xFF,0xFF,0xFF,0xFF,0xFF,
    0xFF,0xFF,0xFF,0xFF,0xFF,0xFF,0xFF,0xFF,0xFF,0xFF,0xFF,0xFF,0xFF,0xFF,0xFF,0xFF,
    0xFF,0xFF,0xFF,0xFF,0xFF,0xFF,0xFF,0xFF,0xFF,0xFF,0xFF,0xFF,0xFF,0xFF,0xFF,0xFF,
    0xFF,0xFF,0xFF,0xFF,0xFF,0xFF,0xD4,0xAA,0x7F,0x55,0x2A,0x00,0x00,0x2A,0x55,0x7F,
    0xAA,0xD4,0xFF,0xFF,0xFF,0xFF,0xFF,0xFF,0xFF,0xFF,0xFF,0xFF,0xFF,0xFF,0xFF,0xFF,
    0xFF,0xFF,0xFF,0xFF,0xFF,0xFF,0xFF,0xFF,0xFF,0xFF,0xFF,0xFF,0xFF,0xFF,0xFF,0xFF,
    0xFF,0xFF,0xFF,0xFF,0xFF,0xFF,0xFF,0xFF,0xFF,0xFF,0xFF,0xFF,0xFF,0xFF,0xFF,0xFF,
    0xFF,0xFF,0xFF,0xFF,0xFF,0xFF,0xFF,0xFF,0xFF,0xFF,0xFF,0xFF,0xD4,0xAA,0x7F,0x55,
    0x2A,0x00,0x00,0x2A,0x55,0x7F,0xAA,0xD4,0xFF,0xFF,0xFF,0xFF,0xFF,0xFF,0xFF,0xFF,
    0xFF,0xFF,0xFF,0xFF,0xFF,0xFF,0xFF,0xFF,0xFF,0xFF,0xFF,0xFF,0xFF,0xFF,0xFF,0xFF,
    0xFF,0xFF,0xFF,0xFF,0xFF,0xFF,0xFF,0xFF,0xFF,0xFF,0xFF,0xFF,0xFF,0xFF,0xFF,0xFF,
    0xFF,0xFF,0xFF,0xFF,0xFF,0xFF,0xFF,0xFF,0xFF,0xFF,0xFF,0xFF,0xFF,0xFF,0xFF,0xFF,
    0xFF,0xFF,0xD4,0xAA,0x7F,0x55,0x2A,0x00,0x00,0x2A,0x55,0x7F,0xAA,0xD4,0xFF,0xFF,
    0xFF,0xFF,0xFF,0xFF,0xFF,0xFF,0xFF,0xFF,0xFF,0xFF,0xFF,0xFF,0xFF,0xFF,0xFF,0xFF,
    0xFF,0xFF,0xFF,0xFF,0xFF,0xFF,0xFF,0xFF,0xFF,0xFF,0xFF,0xFF,0xFF,0xFF,0xFF,0xFF,
    0xFF,0xFF,0xFF,0xFF,0xFF,0xFF,0xFF,0xFF,0xFF,0xFF,0xFF,0xFF,0xFF,0xFF,0xFF,0xFF,
    0xFF,0xFF,0xFF,0xFF,0xFF,0xFF,0xFF,0xFF,0xD4,0xAA,0x7F,0x55,0x2A,0x00,0x00,0x2A,
    0x55,0x7F,0xAA,0xD4,0xFF,0xFF,0xFF,0xFF,0xFF,0xFF,0xFF,0xFF,0xFF,0xFF,0xFF,0xFF,
    0xFF,0xFF,0xFF,0xFF,0xFF,0xFF,0xFF,0xFF,0xFF,0xFF,0xFF,0xFF,0xFF,0xFF,0xFF,0xFF,
    0xFF,0xFF,0xFF,0xFF,0xFF,0xFF,0xFF,0xFF,0xFF,0xFF,0xFF,0xFF,0xFF,0xFF,0xFF,0xFF,
    0xFF,0xFF,0xFF,0xFF,0xFF,0xFF,0xFF,0xFF,0xFF,0xFF,0xFF,0xFF,0xFF,0xFF,0xD4,0xAA,
    0x7F,0x55,0x2A,0x00,0x00,0x2A,0x55,0x7F,0xAA,0xD4,0xFF,0xFF,0xFF,0xFF,0xFF,0xFF,
    0xFF,0xFF,0xFF,0xFF,0xFF,0xFF,0xFF,0xFF,0xFF,0xFF,0xFF,0xFF,0xFF,0xFF,0xFF,0xFF,
    0xFF,0xFF,0xFF,0xFF,0xFF,0xFF,0xFF,0xFF,0xFF,0xFF,0xFF,0xFF,0xFF,0xFF,0xFF,0xFF,
    0xFF,0xFF,0xFF,0xFF,0xFF,0xFF,0xFF,0xFF,0xFF,0xFF,0xFF,0xFF,0xFF,0xFF,0xFF,0xFF,
    0xFF,0xFF,0xFF,0xFF,0xD4,0xAA,0x7F,0x55,0x2A,0x00,0x00,0x2A,0x55,0x7F,0xAA,0xD4,
    0xFF,0xFF,0xFF,0xFF,0xFF,0xFF,0xFF,0xFF,0xFF,0xFF,0xFF,0xFF,0xFF,0xFF,0xFF,0xFF,
    0xFF,0xFF,0xFF,0xFF,0xFF,0xFF,0xFF,0xFF,0xFF,0xFF,0xFF,0xFF,0xFF,0xFF,0xFF,0xFF,
    0xFF,0xFF,0xFF,0xFF,0xFF,0xFF,0xFF,0xFF,0xFF,0xFF,0xFF,0xFF,0xFF,0xFF,0xFF,0xFF,
    0xFF,0xFF,0xFF,0xFF,0xFF,0xFF,0xFF,0xFF,0xFF,0xFF,0xD4,0xAA,0x7F,0x55,0x2A,0x00,
    0x00,0x2A,0x55,0x7F,0xAA,0xD4,0xFF,0xFF,0xFF,0xFF,0xFF,0xFF,0xFF,0xFF,0xFF,0xFF,
    0xFF,0xFF,0xFF,0xFF,0xFF,0xFF,0xFF,0xFF,0xFF,0xFF,0xFF,0xFF,0xFF,0xFF,0xFF,0xFF,
    0xFF,0xFF,0xFF,0xFF,0xFF,0xFF,0xFF,0xFF,0xFF,0xFF,0xFF,0xFF,0xFF,0xFF,0xFF,0xFF,
    0xFF,0xFF,0xFF,0xFF,0xFF,0xFF,0xFF,0xFF,0xFF,0xFF,0xFF,0xFF,0xFF,0xFF,0xFF,0xFF,
    0xD4,0xAA,0x7F,0x55,0x2A,0x00,0x00,0x2A,0x55,0x7F,0xAA,0xD4,0xFF,0xFF,0xFF,0xFF,
    0xFF,0xFF,0xFF,0xFF,0xFF,0xFF,0xFF,0xFF,0xFF,0xFF,0xFF,0xFF,0xFF,0xFF,0xFF,0xFF,
    0xFF,0xFF,0xFF,0xFF,0xFF,0xFF,0xFF,0xFF,0xFF,0xFF,0xFF,0xFF,0xFF,0xFF,0xFF,0xFF,
    0xFF,0xFF,0xFF,0xFF,0xFF,0xFF,0xFF,0xFF,0xFF,0xFF,0xFF,0xFF,0xFF,0xFF,0xFF,0xFF,
    0xFF,0xFF,0xFF,0xFF,0xFF,0xFF,0xD4,0xAA,0x7F,0x55,0x2A,0x00,0x00,0x2A,0x55,0x7F,
    0xAA,0xD4,0xFF,0xFF,0xFF,0xFF,0xFF,0xFF,0xFF,0xFF,0xFF,0xFF,0xFF,0xFF,0xFF,0xFF,
    0xFF,0xFF,0xFF,0xFF,0xFF,0xFF,0xFF,0xFF,0xFF,0xFF,0xFF,0xFF,0xFF,0xFF,0xFF,0xFF,
    0xFF,0xFF,0xFF,0xFF,0xFF,0xFF,0xFF,0xFF,0xFF,0xFF,0xFF,0xFF,0xFF,0xFF,0xFF,0xFF,
    0xFF,0xFF,0xFF,0xFF,0xFF,0xFF,0xFF,0xFF,0xFF,0xFF,0xFF,0xFF,0xD4,0xAA,0x7F,0x55,
    0x2A,0x00,0x00,0x2A,0x55,0x7F,0xAA,0xD4,0xFF,0xFF,0xFF,0xFF,0xFF,0xFF,0xFF,0xFF,
    0xFF,0xFF,0xFF,0xFF,0xFF,0xFF,0xFF,0xFF,0xFF,0xFF,0xFF,0xFF,0xFF,0xFF,0xFF,0xFF,
    0xFF,0xFF,0xFF,0xFF,0xFF,0xFF,0xFF,0xFF,0xFF,0xFF,0xFF,0xFF,0xFF,0xFF,0xFF,0xFF,
    0xFF,0xFF,0xFF,0xFF,0xFF,0xFF,0xFF,0xFF,0xFF,0xFF,0xFF,0xFF,0xFF,0xFF,0xFF,0xFF,
    0xFF,0xFF,0xD4,0xAA,0x7F,0x55,0x2A,0x00,0x00,0x2A,0x55,0x7F,0xAA,0xD4,0xFF,0xFF,
    0xFF,0xFF,0xFF,0xFF,0xFF,0xFF,0xFF,0xFF,0xFF,0xFF,0xFF,0xFF,0xFF,0xFF,0xFF,0xFF,
    0xFF,0xFF,0xFF,0xFF,0xFF,0xFF,0xFF,0xFF,0xFF,0xFF,0xFF,0xFF,0xFF,0xFF,0xFF,0xFF,
    0xFF,0xFF,0xFF,0xFF,0xFF,0xFF,0xFF,0xFF,0xFF,0xFF,0xFF,0xFF,0xFF,0xFF,0xFF,0xFF,
    0xFF,0xFF,0xFF,0xFF,0xFF,0xFF,0xFF,0xFF,0xD4,0xAA,0x7F,0x55,0x2A,0x00,0x00,0x2A,
    0x55,0x7F,0xAA,0xD4,0xFF,0xFF,0xFF,0xFF,0xFF,0xFF,0xFF,0xFF,0xFF,0xFF,0xFF,0xFF,
    0xFF,0xFF,0xFF,0xFF,0xFF,0xFF,0xFF,0xFF,0xFF,0xFF,0xFF,0xFF,0xFF,0xFF,0xFF,0xFF,
    0xFF,0xFF,0xFF,0xFF,0xFF,0xFF,0xFF,0xFF,0xFF,0xFF,0xFF,0xFF,0xFF,0xFF,0xFF,0xFF,
    0xFF,0xFF,0xFF,0xFF,0xFF,0xFF,0xFF,0xFF,0xFF,0xFF,0xFF,0xFF,0xFF,0xFF,0xD4,0xAA,
    0x7F,0x55,0x2A,0x00,0x00,0x2A,0x55,0x7F,0xAA,0xD4,0xFF,0xFF,0xFF,0xFF,0xFF,0xFF,
    0xFF,0xFF,0xFF,0xFF,0xFF,0xFF,0xFF,0xFF,0xFF,0xFF,0xFF,0xFF,0xFF,0xFF,0xFF,0xFF,
    0xFF,0xFF,0xFF,0xFF,0xFF,0xFF,0xFF,0xFF,0xFF,0xFF,0xFF,0xFF,0xFF,0xFF,0xFF,0xFF,
    0xFF,0xFF,0xFF,0xFF,0xFF,0xFF,0xFF,0xFF,0xFF,0xFF,0xFF,0xFF,0xFF,0xFF,0xFF,0xFF,
    0xFF,0xFF,0xFF,0xFF,0xD4,0xAA,0x7F,0x55,0x2A,0x00,0x00,0x2A,0x55,0x7F,0xAA,0xD4,
    0xFF,0xFF,0xFF,0xFF,0xFF,0xFF,0xFF,0xFF,0xFF,0xFF,0xFF,0xFF,0xFF,0xFF,0xFF,0xFF,
    0xFF,0xFF,0xFF,0xFF,0xFF,0xFF,0xFF,0xFF,0xFF,0xFF,0xFF,0xFF,0xFF,0xFF,0xFF,0xFF,
    0xFF,0xFF,0xFF,0xFF,0xFF,0xFF,0xFF,0xFF,0xFF,0xFF,0xFF,0xFF,0xFF,0xFF,0xFF,0xFF,
    0xFF,0xFF,0xFF,0xFF,0xFF,0xFF,0xFF,0xFF,0xFF,0xFF,0xD4,0xAA,0x7F,0x55,0x2A,0x00,
    0x00,0x2A,0x55,0x7F,0xAA,0xD4,0xFF,0xFF,0xFF,0xFF,0xFF,0xFF,0xFF,0xFF,0xFF,0xFF,
    0xFF,0xFF,0xFF,0xFF,0xFF,0xFF,0xFF,0xFF,0xFF,0xFF,0xFF,0xFF,0xFF,0xFF,0xFF,0xFF,
    0xFF,0xFF,0xFF,0xFF,0xFF,0xFF,0xFF,0xFF,0xFF,0xFF,0xFF,0xFF,0xFF,0xFF,0xFF,0xFF,
    0xFF,0xFF,0xFF,0xFF,0xFF,0xFF,0xFF,0xFF,0xFF,0xFF,0xFF,0xFF,0xFF,0xFF,0xFF,0xFF,
    0xD4,0xAA,0x7F,0x55,0x2A,0x00,0x00,0x2A,0x55,0x7F,0xAA,0xD4,0xFF,0xFF,0xFF,0xFF,
    0xFF,0xFF,0xFF,0xFF,0xFF,0xFF,0xFF,0xFF,0xFF,0xFF,0xFF,0xFF,0xFF,0xFF,0xFF,0xFF,
    0xFF,0xFF,0xFF,0xFF,0xFF,0xFF,0xFF,0xFF,0xFF,0xFF,0xFF,0xFF,0xFF,0xFF,0xFF,0xFF,
    0xFF,0xFF,0xFF,0xFF,0xFF,0xFF,0xFF,0xFF,0xFF,0xFF,0xFF,0xFF,0xFF,0xFF,0xFF,0xFF,
    0xFF,0xFF,0xFF,0xFF,0xFF,0xFF,0xD4,0xAA,0x7F,0x55,0x2A,0x00,0x00,0x2A,0x55,0x7F,
    0xAA,0xD4,0xFF,0xFF,0xFF,0xFF,0xFF,0xFF,0xFF,0xFF,0xFF,0xFF,0xFF,0xFF,0xFF,0xFF,
    0xFF,0xFF,0xFF,0xFF,0xFF,0xFF,0xFF,0xFF,0xFF,0xFF,0xFF,0xFF,0xFF,0xFF,0xFF,0xFF,
    0xFF,0xFF,0xFF,0xFF,0xFF,0xFF,0xFF,0xFF,0xFF,0xFF,0xFF,0xFF,0xFF,0xFF,0xFF,0xFF,
    0xFF,0xFF,0xFF,0xFF,0xFF,0xFF,0xFF,0xFF,0xFF,0xFF,0xFF,0xFF,0xD4,0xAA,0x7F,0x55,
    0x2A,0x00,0x00,0x2A,0x55,0x7F,0xAA,0xD4,0xFF,0xFF,0xFF,0xFF,0xFF,0xFF,0xFF,0xFF,
    0xFF,0xFF,0xFF,0xFF,0xFF,0xFF,0xFF,0xFF,0xFF,0xFF,0xFF,0xFF,0xFF,0xFF,0xFF,0xFF,
    0xFF,0xFF,0xFF,0xFF,0xFF,0xFF,0xFF,0xFF,0xFF,0xFF,0xFF,0xFF,0xFF,0xFF,0xFF,0xFF,
    0xFF,0xFF,0xFF,0xFF,0xFF,0xFF,0xFF,0xFF,0xFF,0xFF,0xFF,0xFF,0xFF,0xFF,0xFF,0xFF,
    0xFF,0xFF,0xD4,0xAA,0x7F,0x55,0x2A,0x00,0x00,0x2A,0x55,0x7F,0xAA,0xD4,0xFF,0xFF,
    0xFF,0xFF,0xFF,0xFF,0xFF,0xFF,0xFF,0xFF,0xFF,0xFF,0xFF,0xFF,0xFF,0xFF,0xFF,0xFF,
    0xFF,0xFF,0xFF,0xFF,0xFF,0xFF,0xFF,0xFF,0xFF,0xFF,0xFF,0xFF,0xFF,0xFF,0xFF,0xFF,
    0xFF,0xFF,0xFF,0xFF,0xFF,0xFF,0xFF,0xFF,0xFF,0xFF,0xFF,0xFF,0xFF,0xFF,0xFF,0xFF,
    0xFF,0xFF,0xFF,0xFF,0xFF,0xFF,0xFF,0xFF,0xD4,0xAA,0x7F,0x55,0x2A,0x00,0x00,0x2A,
    0x55,0x7F,0xAA,0xD4,0xFF,0xFF,0xFF,0xFF,0xFF,0xFF,0xFF,0xFF,0xFF,0xFF,0xFF,0xFF,
    0xFF,0xFF,0xFF,0xFF,0xFF,0xFF,0xFF,0xFF,0xFF,0xFF,0xFF,0xFF,0xFF,0xFF,0xFF,0xFF,
    0xFF,0xFF,0xFF,0xFF,0xFF,0xFF,0xFF,0xFF,0xFF,0xFF,0xFF,0xFF,0xFF,0xFF,0xFF,0xFF,
    0xFF,0xFF,0xFF,0xFF,0xFF,0xFF,0xFF,0xFF,0xFF,0xFF,0xFF,0xFF,0xFF,0xFF,0xD4,0xAA,
    0x7F,0x55,0x2A,0x00,0x00,0x2A,0x55,0x7F,0xAA,0xD4,0xFF,0xFF,0xFF,0xFF,0xFF,0xFF,
    0xFF,0xFF,0xFF,0xFF,0xFF,0xFF,0xFF,0xFF,0xFF,0xFF,0xFF,0xFF,0xFF,0xFF,0xFF,0xFF,
    0xFF,0xFF,0xFF,0xFF,0xFF,0xFF,0xFF,0xFF,0xFF,0xFF,0xFF,0xFF,0xFF,0xFF,0xFF,0xFF,
    0xFF,0xFF,0xFF,0xFF,0xFF,0xFF,0xFF,0xFF,0xFF,0xFF,0xFF,0xFF,0xFF,0xFF,0xFF,0xFF,
    0xFF,0xFF,0xFF,0xFF,0xD4,0xAA,0x7F,0x55,0x2A,0x00,0x00,0x2A,0x55,0x7F,0xAA,0xD4,
    0xFF,0xFF,0xFF,0xFF,0xFF,0xFF,0xFF,0xFF,0xFF,0xFF,0xFF,0xFF,0xFF,0xFF,0xFF,0xFF,
    0xFF,0xFF,0xFF,0xFF,0xFF,0xFF,0xFF,0xFF,0xFF,0xFF,0xFF,0xFF,0xFF,0xFF,0xFF,0xFF,
    0xFF,0xFF,0xFF,0xFF,0xFF,0xFF,0xFF,0xFF,0xFF,0xFF,0xFF,0xFF,0xFF,0xFF,0xFF,0xFF,
    0xFF,0xFF,0xFF,0xFF,0xFF,0xFF,0xFF,0xFF,0xFF,0xFF,0xD4,0xAA,0x7F,0x55,0x2A,0x00,
    0x00,0x2A,0x55,0x7F,0xAA,0xD4,0xFF,0xFF,0xFF,0xFF,0xFF,0xFF,0xFF,0xFF,0xFF,0xFF,
    0xFF,0xFF,0xFF,0xFF,0xFF,0xFF,0xFF,0xFF,0xFF,0xFF,0xFF,0xFF,0xFF,0xFF,0xFF,0xFF,
    0xFF,0xFF,0xFF,0xFF,0xFF,0xFF,0xFF,0xFF,0xFF,0xFF,0xFF,0xFF,0xFF,0xFF,0xFF,0xFF,
    0xFF,0xFF,0xFF,0xFF,0xFF,0xFF,0xFF,0xFF,0xFF,0xFF,0xFF,0xFF,0xFF,0xFF,0xFF,0xFF,
    0xD4,0xAA,0x7F,0x55,0x2A,0x00,0x00,0x2A,0x55,0x7F,0xAA,0xD4,0xFF,0xFF,0xFF,0xFF,
    0xFF,0xFF,0xFF,0xFF,0xFF,0xFF,0xFF,0xFF,0xFF,0xFF,0xFF,0xFF,0xFF,0xFF,0xFF,0xFF,
    0xFF,0xFF,0xFF,0xFF,0xFF,0xFF,0xFF,0xFF,0xFF,0xFF,0xFF,0xFF,0xFF,0xFF,0xFF,0xFF,
    0xFF,0xFF,0xFF,0xFF,0xFF,0xFF,0xFF,0xFF,0xFF,0xFF,0xFF,0xFF,0xFF,0xFF,0xFF,0xFF,
    0xFF,0xFF,0xFF,0xFF,0xFF,0xFF,0xD4,0xAA,0x7F,0x55,0x2A,0x00,0x00,0x2A,0x55,0x7F,
    0xAA,0xD4,0xFF,0xFF,0xFF,0xFF,0xFF,0xFF,0xFF,0xFF,0xFF,0xFF,0xFF,0xFF,0xFF,0xFF,
    0xFF,0xFF,0xFF,0xFF,0xFF,0xFF,0xFF,0xFF,0xFF,0xFF,0xFF,0xFF,0xFF,0xFF,0xFF,0xFF,
    0xFF,0xFF,0xFF,0xFF,0xFF,0xFF,0xFF,0xFF,0xFF,0xFF,0xFF,0xFF,0xFF,0xFF,0xFF,0xFF,
    0xFF,0xFF,0xFF,0xFF,0xFF,0xFF,0xFF,0xFF,0xFF,0xFF,0xFF,0xFF,0xD4,0xAA,0x7F,0x55,
    0x2A,0x00,0x00,0x2A,0x55,0x7F,0xAA,0xD4,0xFF,0xFF,0xFF,0xFF,0xFF,0xFF,0xFF,0xFF,
    0xFF,0xFF,0xFF,0xFF,0xFF,0xFF,0xFF,0xFF,0xFF,0xFF,0xFF,0xFF,0xFF,0xFF,0xFF,0xFF,
    0xFF,0xFF,0xFF,0xFF,0xFF,0xFF,0xFF,0xFF,0xFF,0xFF,0xFF,0xFF,0xFF,0xFF,0xFF,0xFF,
    0xFF,0xFF,0xFF,0xFF,0xFF,0xFF,0xFF,0xFF,0xFF,0xFF,0xFF,0xFF,0xFF,0xFF,0xFF,0xFF,
    0xFF,0xFF,0xD4,0xAA,0x7F,0x55,0x2A,0x00,0x00,0x2A,0x55,0x7F,0xAA,0xD4,0xFF,0xFF,
    0xFF,0xFF,0xFF,0xFF,0xFF,0xFF,0xFF,0xFF,0xFF,0xFF,0xFF,0xFF,0xFF,0xFF,0xFF,0xFF,
    0xFF,0xFF,0xFF,0xFF,0xFF,0xFF,0xFF,0xFF,0xFF,0xFF,0xFF,0xFF,0xFF,0xFF,0xFF,0xFF,
    0xFF,0xFF,0xFF,0xFF,0xFF,0xFF,0xFF,0xFF,0xFF,0xFF,0xFF,0xFF,0xFF,0xFF,0xFF,0xFF,
    0xFF,0xFF,0xFF,0xFF,0xFF,0xFF,0xFF,0xFF,0xD4,0xAA,0x7F,0x55,0x2A,0x00,0x00,0x2A,
    0x55,0x7F,0xAA,0xD4,0xFF,0xFF,0xFF,0xFF,0xFF,0xFF,0xFF,0xFF,0xFF,0xFF,0xFF,0xFF,
    0xFF,0xFF,0xFF,0xFF,0xFF,0xFF,0xFF,0xFF,0xFF,0xFF,0xFF,0xFF,0xFF,0xFF,0xFF,0xFF,
    0xFF,0xFF,0xFF,0xFF,0xFF,0xFF,0xFF,0xFF,0xFF,0xFF,0xFF,0xFF,0xFF,0xFF,0xFF,0xFF,
    0xFF,0xFF,0xFF,0xFF,0xFF,0xFF,0xFF,0xFF,0xFF,0xFF,0xFF,0xFF,0xFF,0xFF,0xD4,0xAA,
    0x7F,0x55,0x2A,0x00,0x00,0x2A,0x55,0x7F,0xAA,0xD4,0xFF,0xFF,0xFF,0xFF,0xFF,0xFF,
    0xFF,0xFF,0xFF,0xFF,0xFF,0xFF,0xFF,0xFF,0xFF,0xFF,0xFF,0xFF,0xFF,0xFF,0xFF,0xFF,
    0xFF,0xFF,0xFF,0xFF,0xFF,0xFF,0xFF,0xFF,0xFF,0xFF,0xFF,0xFF,0xFF,0xFF,0xFF,0xFF,
    0xFF,0xFF,0xFF,0xFF,0xFF,0xFF,0xFF,0xFF,0xFF,0xFF,0xFF,0xFF,0xFF,0xFF,0xFF,0xFF,
    0xFF,0xFF,0xFF,0xFF,0xD4,0xAA,0x7F,0x55,0x2A,0x00,0x00,0x2A,0x55,0x7F,0xAA,0xD4,
    0xFF,0xFF,0xFF,0xFF,0xFF,0xFF,0xFF,0xFF,0xFF,0xFF,0xFF,0xFF,0xFF,0xFF,0xFF,0xFF,
    0xFF,0xFF,0xFF,0xFF,0xFF,0xFF,0xFF,0xFF,0xFF,0xFF,0xFF,0xFF,0xFF,0xFF,0xFF,0xFF,
    0xFF,0xFF,0xFF,0xFF,0xFF,0xFF,0xFF,0xFF,0xFF,0xFF,0xFF,0xFF,0xFF,0xFF,0xFF,0xFF,
    0xFF,0xFF,0xFF,0xFF,0xFF,0xFF,0xFF,0xFF,0xFF,0xFF,0xD4,0xAA,0x7F,0x55,0x2A,0x00,
    0x00,0x2A,0x55,0x7F,0xAA,0xD4,0xFF,0xFF,0xFF,0xFF,0xFF,0xFF,0xFF,0xFF,0xFF,0xFF,
    0xFF,0xFF,0xFF,0xFF,0xFF,0xFF,0xFF,0xFF,0xFF,0xFF,0xFF,0xFF,0xFF,0xFF,0xFF,0xFF,
    0xFF,0xFF,0xFF,0xFF,0xFF,0xFF,0xFF,0xFF,0xFF,0xFF,0xFF,0xFF,0xFF,0xFF,0xFF,0xFF,
    0xFF,0xFF,0xFF,0xFF,0xFF,0xFF,0xFF,0xFF,0xFF,0xFF,0xFF,0xFF,0xFF,0xFF,0xFF,0xFF,
    0xD4,0xAA,0x7F,0x55,0x2A,0x00,0x00,0x2A,0x55,0x7F,0xAA,0xD4,0xFF,0xFF,0xFF,0xFF,
    0xFF,0xFF,0xFF,0xFF,0xFF,0xFF,0xFF,0xFF,0xFF,0xFF,0xFF,0xFF,0xFF,0xFF,0xFF,0xFF,
    0xFF,0xFF,0xFF,0xFF,0xFF,0xFF,0xFF,0xFF,0xFF,0xFF,0xFF,0xFF,0xFF,0xFF,0xFF,0xFF,
    0xFF,0xFF,0xFF,0xFF,0xFF,0xFF,0xFF,0xFF,0xFF,0xFF,0xFF,0xFF,0xFF,0xFF,0xFF,0xFF,
    0xFF,0xFF,0xFF,0xFF,0xFF,0xFF,0xD4,0xAA,0x7F,0x55,0x2A,0x00,0x00,0x2A,0x55,0x7F,
    0xAA,0xD4,0xFF,0xFF,0xFF,0xFF,0xFF,0xFF,0xFF,0xFF,0xFF,0xFF,0xFF,0xFF,0xFF,0xFF,
    0xFF,0xFF,0xFF,0xFF,0xFF,0xFF,0xFF,0xFF,0xFF,0xFF,0xFF,0xFF,0xFF,0xFF,0xFF,0xFF,
    0xFF,0xFF,0xFF,0xFF,0xFF,0xFF,0xFF,0xFF,0xFF,0xFF,0xFF,0xFF,0xFF,0xFF,0xFF,0xFF,
    0xFF,0xFF,0xFF,0xFF,0xFF,0xFF,0xFF,0xFF,0xFF,0xFF,0xFF,0xFF,0xD4,0xAA,0x7F,0x55,
    0x2A,0x00,0x00,0x2A,0x55,0x7F,0xAA,0xD4,0xFF,0xFF,0xFF,0xFF,0xFF,0xFF,0xFF,0xFF,
    0xFF,0xFF,0xFF,0xFF,0xFF,0xFF,0xFF,0xFF,0xFF,0xFF,0xFF,0xFF,0xFF,0xFF,0xFF,0xFF,
    0xFF,0xFF,0xFF,0xFF,0xFF,0xFF,0xFF,0xFF,0xFF,0xFF,0xFF,0xFF,0xFF,0xFF,0xFF,0xFF,
    0xFF,0xFF,0xFF,0xFF,0xFF,0xFF,0xFF,0xFF,0xFF,0xFF,0xFF,0xFF,0xFF,0xFF,0xFF,0xFF,
    0xFF,0xFF,0xD4,0xAA,0x7F,0x55,0x2A,0x00,0x00,0x2A,0x55,0x7F,0xAA,0xD4,0xFF,0xFF,
    0xFF,0xFF,0xFF,0xFF,0xFF,0xFF,0xFF,0xFF,0xFF,0xFF,0xFF,0xFF,0xFF,0xFF,0xFF,0xFF,
    0xFF,0xFF,0xFF,0xFF,0xFF,0xFF,0xFF,0xFF,0xFF,0xFF,0xFF,0xFF,0xFF,0xFF,0xFF,0xFF,
    0xFF,0xFF,0xFF,0xFF,0xFF,0xFF,0xFF,0xFF,0xFF,0xFF,0xFF,0xFF,0xFF,0xFF,0xFF,0xFF,
    0xFF,0xFF,0xFF,0xFF,0xFF,0xFF,0xFF,0xFF,0xD4,0xAA,0x7F,0x55,0x2A,0x00,0x00,0x2A,
    0x55,0x7F,0xAA,0xD4,0xFF,0xFF,0xFF,0xFF,0xFF,0xFF,0xFF,0xFF,0xFF,0xFF,0xFF,0xFF,
    0xFF,0xFF,0xFF,0xFF,0xFF,0xFF,0xFF,0xFF,0xFF,0xFF,0xFF,0xFF,0xFF,0xFF,0xFF,0xFF,
    0xFF,0xFF,0xFF,0xFF,0xFF,0xFF,0xFF,0xFF,0xFF,0xFF,0xFF,0xFF,0xFF,0xFF,0xFF,0xFF,
    0xFF,0xFF,0xFF,0xFF,0xFF,0xFF,0xFF,0xFF,0xFF,0xFF,0xFF,0xFF,0xFF,0xFF,0xD4,0xAA,
    0x7F,0x55,0x2A,0x00,0x00,0x2A,0x55,0x7F,0xAA,0xD4,0xFF,0xFF,0xFF,0xFF,0xFF,0xFF,
    0xFF,0xFF,0xFF,0xFF,0xFF,0xFF,0xFF,0xFF,0xFF,0xFF,0xFF,0xFF,0xFF,0xFF,0xFF,0xFF,
    0xFF,0xFF,0xFF,0xFF,0xFF,0xFF,0xFF,0xFF,0xFF,0xFF,0xFF,0xFF,0xFF,0xFF,0xFF,0xFF,
    0xFF,0xFF,0xFF,0xFF,0xFF,0xFF,0xFF,0xFF,0xFF,0xFF,0xFF,0xFF,0xFF,0xFF,0xFF,0xFF,
    0xFF,0xFF,0xFF,0xFF,0xD4,0xAA,0x7F,0x55,0x2A,0x00,0x00,0x2A,0x55,0x7F,0xAA,0xD4,
    0xFF,0xFF,0xFF,0xFF,0xFF,0xFF,0xFF,0xFF,0xFF,0xFF,0xFF,0xFF,0xFF,0xFF,0xFF,0xFF,
    0xFF,0xFF,0xFF,0xFF,0xFF,0xFF,0xFF,0xFF,0xFF,0xFF,0xFF,0xFF,0xFF,0xFF,0xFF,0xFF,
    0xFF,0xFF,0xFF,0xFF,0xFF,0xFF,0xFF,0xFF,0xFF,0xFF,0xFF,0xFF,0xFF,0xFF,0xFF,0xFF,
    0xFF,0xFF,0xFF,0xFF,0xFF,0xFF,0xFF,0xFF,0xFF,0xFF,0xD4,0xAA,0x7F,0x55,0x2A,0x00,
    0x00,0x2A,0x55,0x7F,0xAA,0xD4,0xFF,0xFF,0xFF,0xFF,0xFF,0xFF,0xFF,0xFF,0xFF,0xFF,
    0xFF,0xFF,0xFF,0xFF,0xFF,0xFF,0xFF,0xFF,0xFF,0xFF,0xFF,0xFF,0xFF,0xFF,0xFF,0xFF,
    0xFF,0xFF,0xFF,0xFF,0xFF,0xFF,0xFF,0xFF,0xFF,0xFF,0xFF,0xFF,0xFF,0xFF,0xFF,0xFF,
    0xFF,0xFF,0xFF,0xFF,0xFF,0xFF,0xFF,0xFF,0xFF,0xFF,0xFF,0xFF,0xFF,0xFF,0xFF,0xFF,
    0xD4,0xAA,0x7F,0x55,0x2A,0x00,0x00,0x2A,0x55,0x7F,0xAA,0xD4,0xFF,0xFF,0xFF,0xFF,
    0xFF,0xFF,0xFF,0xFF,0xFF,0xFF,0xFF,0xFF,0xFF,0xFF,0xFF,0xFF,0xFF,0xFF,0xFF,0xFF,
    0xFF,0xFF,0xFF,0xFF,0xFF,0xFF,0xFF,0xFF,0xFF,0xFF,0xFF,0xFF,0xFF,0xFF,0xFF,0xFF,
    0xFF,0xFF,0xFF,0xFF,0xFF,0xFF,0xFF,0xFF,0xFF,0xFF,0xFF,0xFF,0xFF,0xFF,0xFF,0xFF,
    0xFF,0xFF,0xFF,0xFF,0xFF,0xFF,0xD4,0xAA,0x7F,0x55,0x2A,0x00,0x00,0x2A,0x55,0x7F,
    0xAA,0xD4,0xFF,0xFF,0xFF,0xFF,0xFF,0xFF,0xFF,0xFF,0xFF,0xFF,0xFF,0xFF,0xFF,0xFF,
    0xFF,0xFF,0xFF,0xFF,0xFF,0xFF,0xFF,0xFF,0xFF,0xFF,0xFF,0xFF,0xFF,0xFF,0xFF,0xFF,
    0xFF,0xFF,0xFF,0xFF,0xFF,0xFF,0xFF,0xFF,0xFF,0xFF,0xFF,0xFF,0xFF,0xFF,0xFF,0xFF,
    0xFF,0xFF,0xFF,0xFF,0xFF,0xFF,0xFF,0xFF,0xFF,0xFF,0xFF,0xFF,0xD4,0xAA,0x7F,0x55,
    0x2A,0x00,0x00,0x2A,0x55,0x7F,0xAA,0xD4,0xFF,0xFF,0xFF,0xFF,0xFF,0xFF,0xFF,0xFF,
    0xFF,0xFF,0xFF,0xFF,0xFF,0xFF,0xFF,0xFF,0xFF,0xFF,0xFF,0xFF,0xFF,0xFF,0xFF,0xFF,
    0xFF,0xFF,0xFF,0xFF,0xFF,0xFF,0xFF,0xFF,0xFF,0xFF,0xFF,0xFF,0xFF,0xFF,0xFF,0xFF,
    0xFF,0xFF,0xFF,0xFF,0xFF,0xFF,0xFF,0xFF,0xFF,0xFF,0xFF,0xFF,0xFF,0xFF,0xFF,0xFF,
    0xFF,0xFF,0xD4,0xAA,0x7F,0x55,0x2A,0x00,0x00,0x2A,0x55,0x7F,0xAA,0xD4,0xFF,0xFF,
    0xFF,0xFF,0xFF,0xFF,0xFF,0xFF,0xFF,0xFF,0xFF,0xFF,0xFF,0xFF,0xFF,0xFF,0xFF,0xFF,
    0xFF,0xFF,0xFF,0xFF,0xFF,0xFF,0xFF,0xFF,0xFF,0xFF,0xFF,0xFF,0xFF,0xFF,0xFF,0xFF,
    0xFF,0xFF,0xFF,0xFF,0xFF,0xFF,0xFF,0xFF,0xFF,0xFF,0xFF,0xFF,0xFF,0xFF,0xFF,0xFF,
    0xFF,0xFF,0xFF,0xFF,0xFF,0xFF,0xFF,0xFF,0xD4,0xAA,0x7F,0x55,0x2A,0x00,0x00,0x2A,
    0x55,0x7F,0xAA,0xD4,0xFF,0xFF,0xFF,0xFF,0xFF,0xFF,0xFF,0xFF,0xFF,0xFF,0xFF,0xFF,
    0xFF,0xFF,0xFF,0xFF,0xFF,0xFF,0xFF,0xFF,0xFF,0xFF,0xFF,0xFF,0xFF,0xFF,0xFF,0xFF,
    0xFF,0xFF,0xFF,0xFF,0xFF,0xFF,0xFF,0xFF,0xFF,0xFF,0xFF,0xFF,0xFF,0xFF,0xFF,0xFF,
    0xFF,0xFF,0xFF,0xFF,0xFF,0xFF,0xFF,0xFF,0xFF,0xFF,0xFF,0xFF,0xFF,0xFF,0xD4,0xAA,
    0x7F,0x55,0x2A,0x00,0x00,0x2A,0x55,0x7F,0xAA,0xD4,0xD4,0xD4,0xD4,0xD4,0xD4,0xD4,
    0xD4,0xD4,0xD4,0xD4,0xD4,0xD4,0xD4,0xD4,0xD4,0xD4,0xD4,0xD4,0xD4,0xD4,0xD4,0xD4,
    0xD4,0xD4,0xD4,0xD4,0xD4,0xD4,0xD4,0xD4,0xD4,0xD4,0xD4,0xD4,0xD4,0xD4,0xD4,0xD4,
    0xD4,0xD4,0xD4,0xD4,0xD4,0xD4,0xD4,0xD4,0xD4,0xD4,0xD4,0xD4,0xD4,0xD4,0xD4,0xD4,
    0xD4,0xD4,0xD4,0xD4,0xD4,0xAA,0x7F,0x55,0x2A,0x00,0x00,0x2A,0x55,0x7F,0xAA,0xAA,
    0xAA,0xAA,0xAA,0xAA,0xAA,0xAA,0xAA,0xAA,0xAA,0xAA,0xAA,0xAA,0xAA,0xAA,0xAA,0xAA,
    0xAA,0xAA,0xAA,0xAA,0xAA,0xAA,0xAA,0xAA,0xAA,0xAA,0xAA,0xAA,0xAA,0xAA,0xAA,0xAA,
    0xAA,0xAA,0xAA,0xAA,0xAA,0xAA,0xAA,0xAA,0xAA,0xAA,0xAA,0xAA,0xAA,0xAA,0xAA,0xAA,
    0xAA,0xAA,0xAA,0xAA,0xAA,0xAA,0xAA,0xAA,0xAA,0xAA,0xAA,0xAA,0x7F,0x55,0x2A,0x00,
    0x00,0x2A,0x55,0x7F,0x7F,0x7F,0x7F,0x7F,0x7F,0x7F,0x7F,0x7F,0x7F,0x7F,0x7F,0x7F,
    0x7F,0x7F,0x7F,0x7F,0x7F,0x7F,0x7F,0x7F,0x7F,0x7F,0x7F,0x7F,0x7F,0x7F,0x7F,0x7F,
    0x7F,0x7F,0x7F,0x7F,0x7F,0x7F,0x7F,0x7F,0x7F,0x7F,0x7F,0x7F,0x7F,0x7F,0x7F,0x7F,
    0x7F,0x7F,0x7F,0x7F,0x7F,0x7F,0x7F,0x7F,0x7F,0x7F,0x7F,0x7F,0x7F,0x7F,0x7F,0x7F,
    0x7F,0x7F,0x7F,0x55,0x2A,0x00,0x00,0x2A,0x55,0x55,0x55,0x55,0x55,0x55,0x55,0x55,
    0x55,0x55,0x55,0x55,0x55,0x55,0x55,0x55,0x55,0x55,0x55,0x55,0x55,0x55,0x55,0x55,
    0x55,0x55,0x55,0x55,0x55,0x55,0x55,0x55,0x55,0x55,0x55,0x55,0x55,0x55,0x55,0x55,
    0x55,0x55,0x55,0x55,0x55,0x55,0x55,0x55,0x55,0x55,0x55,0x55,0x55,0x55,0x55,0x55,
    0x55,0x55,0x55,0x55,0x55,0x55,0x55,0x55,0x55,0x55,0x2A,0x00,0x00,0x2A,0x2A,0x2A,
    0x2A,0x2A,0x2A,0x2A,0x2A,0x2A,0x2A,0x2A,0x2A,0x2A,0x2A,0x2A,0x2A,0x2A,0x2A,0x2A,
    0x2A,0x2A,0x2A,0x2A,0x2A,0x2A,0x2A,0x2A,0x2A,0x2A,0x2A,0x2A,0x2A,0x2A,0x2A,0x2A,
    0x2A,0x2A,0x2A,0x2A,0x2A,0x2A,0x2A,0x2A,0x2A,0x2A,0x2A,0x2A,0x2A,0x2A,0x2A,0x2A,
    0x2A,0x2A,0x2A,0x2A,0x2A,0x2A,0x2A,0x2A,0x2A,0x2A,0x2A,0x2A,0x2A,0x2A,0x2A,0x2A,
    0x2A,0x00,0x00,0x00,0x00,0x00,0x00,0x00,0x00,0x00,0x00,0x00,0x00,0x00,0x00,0x00,
    0x00,0x00,0x00,0x00,0x00,0x00,0x00,0x00,0x00,0x00,0x00,0x00,0x00,0x00,0x00,0x00,
    0x00,0x00,0x00,0x00,0x00,0x00,0x00,0x00,0x00,0x00,0x00,0x00,0x00,0x00,0x00,0x00,
    0x00,0x00,0x00,0x00,0x00,0x00,0x00,0x00,0x00,0x00,0x00,0x00,0x00,0x00,0x00,0x00,
    0x00,0x00,0x00,0x00,0x00,0x00,0x00,0x00,
};

const lv_image_dsc_t ui_img_focus_left_decor_finished = {
    .header.w = 70,
    .header.h = 100,
    .data_size = sizeof(ui_img_focus_left_decor_finished_data),
    .header.cf = LV_COLOR_FORMAT_NATIVE_WITH_ALPHA,
    .header.magic = LV_IMAGE_HEADER_MAGIC,
    .data = ui_img_focus_left_decor_finished_data,
};
