// Generated by png_to_lvgl_native_alpha.py
#include "../ui.h"

#ifndef LV_ATTRIBUTE_MEM_ALIGN
#define LV_ATTRIBUTE_MEM_ALIGN
#endif

const LV_ATTRIBUTE_MEM_ALIGN uint8_t ui_img_focus_left_decor_paused_data[] = {
    0x9C,0xFF,0x9C,0xFF,0x9C,0xFF,0x9C,0xFF,0x9C,0xFF,0x9C,0xFF,0x9C,0xFF,0x9C,0xFF,
    0x9C,0xFF,0x9C,0xFF,0x9C,0xFF,0x9C,0xFF,0x9C,0xFF,0x9C,0xFF,0x9C,0xFF,0x9C,0xFF,
    0x9C,0xFF,0x9C,0xFF,0x9C,0xFF,0x9C,0xFF,0x9C,0xFF,0x9C,0xFF,0x9C,0xFF,0x9C,0xFF,
    0x9C,0xFF,0x9C,0xFF,0x9C,0xFF,0x9C,0xFF,0x9C,0xFF,0x9C,0xFF,0x9C,0xFF,0x9C,0xFF,
    0x9C,0xFF,0x9C,0xFF,0x9C,0xFF,0x9C,0xFF,0x9C,0xFF,0x9C,0xFF,0x9C,0xFF,0x9C,0xFF,
    0x9C,0xFF,0x9C,0xFF,0x9C,0xFF,0x9C,0xFF,0x9C,0xFF,0x9C,0xFF,0x9C,0xFF,0x9C,0xFF,
    0x9C,0xFF,0x9C,0xFF,0x9C,0xFF,0x9C,0xFF,0x9C,0xFF,0x9C,0xFF,0x9C,0xFF,0x9C,0xFF,
    0x9C,0xFF,0x9C,0xFF,0x9C,0xFF,0x9C,0xFF,0x9C,0xFF,0x9C,0xFF,0x9C,0xFF,0x9C,0xFF,
    0x9C,0xFF,0x9C,0xFF,0x9C,0xFF,0x9C,0xFF,0x9C,0xFF,0x9C,0xFF,0x9C,0xFF,0x9C,0xFF,
    0x9C,0xFF,0x9C,0xFF,0x9C,0xFF,0x9C,0xFF,0x9C,0xFF,0x9C,0xFF,0x9C,0xFF,0x9C,0xFF,
    0x9C,0xFF,0x9C,0xFF,0x9C,0xFF,0x9C,0xFF,0x9C,0xFF,0x9C,0xFF,0x9C,0xFF,0x9C,0xFF,
    0x9C,0xFF,0x9C,0xFF,0x9C,0xFF,0x9C,0xFF,0x9C,0xFF,0x9C,0xFF,0x9C,0xFF,0x9C,0xFF,
    0x9C,0xFF,0x9C,0xFF,0x9C,0xFF,0x9C,0xFF,0x9C,0xFF,0x9C,0xFF,0x9C,0xFF,0x9C,0xFF,
    0x9C,0xFF,0x9C,0xFF,0x9C,0xFF,0x9C,0xFF,0x9C,0xFF,0x9C,0xFF,0x9C,0xFF,0x9C,0xFF,
    0x9C,0xFF,0x9C,0xFF,0x9C,0xFF,0x9C,0xFF,0x9C,0xFF,0x9C,0xFF,0x9C,0xFF,0x9C,0xFF,
    0x9C,0xFF,0x9C,0xFF,0x9C,0xFF,0x9C,0xFF,0x9C,0xFF,0x9C,0xFF,0x9C,0xFF,0x9C,0xFF,
    0x9C,0xFF,0x9C,0xFF,0x9C,0xFF,0x9C,0xFF,0x9C,0xFF,0x9C,0xFF,0x9C,0xFF,0x9C,0xFF,
    0x9C,0xFF,0x9C,0xFF,0x9C,0xFF,0x9C,0xFF,0x9C,0xFF,0x9C,0xFF,0x9C,0xFF,0x9C,0xFF,
    0x9C,0xFF,0x9C,0xFF,0x9C,0xFF,0x9C,0xFF,0x9C,0xFF,0x9C,0xFF,0x9C,0xFF,0x9C,0xFF,
    0x9C,0xFF,0x9C,0xFF,0x9C,0xFF,0x9C,0xFF,0x9C,0xFF,0x9C,0xFF,0x9C,0xFF,0x9C,0xFF,
    0x9C,0xFF,0x9C,0xFF,0x9C,0xFF,0x9C,0xFF,0x9C,0xFF,0x9C,0xFF,0x9C,0xFF,0x9C,0xFF,
    0x9C,0xFF,0x9C,0xFF,0x9C,0xFF,0x9C,0xFF,0x9C,0xFF,0x9C,0xFF,0x9C,0xFF,0x9C,0xFF,
    0x9C,0xFF,0x9C,0xFF,0x9C,0xFF,0x9C,0xFF,0x9C,0xFF,0x9C,0xFF,0x9C,0xFF,0x9C,0xFF,
    0x9C,0xFF,0x9C,0xFF,0x9C,0xFF,0x9C,0xFF,0x9C,0xFF,0x9C,0xFF,0x9C,0xFF,0x9C,0xFF,
    0x9C,0xFF,0x9C,0xFF,0x9C,0xFF,0x9C,0xFF,0x9C,0xFF,0x9C,0xFF,0x9C,0xFF,0x9C,0xFF,
    0x9C,0xFF,0x9C,0xFF,0x9C,0xFF,0x9C,0xFF,0x9C,0xFF,0x9C,0xFF,0x9C,0xFF,0x9C,0xFF,
    0x9C,0xFF,0x9C,0xFF,0x9C,0xFF,0x9C,0xFF,0x9C,0xFF,0x9C,0xFF,0x9C,0xFF,0x9C,0xFF,
    0x9C,0xFF,0x9C,0xFF,0x9C,0xFF,0x9C,0xFF,0x9C,0xFF,0x9C,0xFF,0x9C,0xFF,0x9C,0xFF,
    0x9C,0xFF,0x9C,0xFF,0x9C,0xFF,0x9C,0xFF,0x9C,0xFF,0x9C,0xFF,0x9C,0xFF,0x9C,0xFF,
    0x9C,0xFF,0x9C,0xFF,0x9C,0xFF,0x9C,0xFF,0x9C,0xFF,0x9C,0xFF,0x9C,0xFF,0x9C,0xFF,
    0x9C,0xFF,0x9C,0xFF,0x9C,0xFF,0x9C,0xFF,0x9C,0xFF,0x9C,0xFF,0x9C,0xFF,0x9C,0xFF,
    0x9C,0xFF,0x9C,0xFF,0x9C,0xFF,0x9C,0xFF,0x9C,0xFF,0x9C,0xFF,0x9C,0xFF,0x9C,0xFF,
    0x9C,0xFF,0x9C,0xFF,0x9C,0xFF,0x9C,0xFF,0x9C,0xFF,0x9C,0xFF,0x9C,0xFF,0x9C,0xFF,
    0x9C,0xFF,0x9C,0xFF,0x9C,0xFF,0x9C,0xFF,0x9C,0xFF,0x9C,0xFF,0x9C,0xFF,0x9C,0xFF,
    0x9C,0xFF,0x9C,0xFF,0x9C,0xFF,0x9C,0xFF,0x9C,0xFF,0x9C,0xFF,0x9C,0xFF,0x9C,0xFF,
    0x9C,0xFF,0x9C,0xFF,0x9C,0xFF,0x9C,0xFF,0x9C,0xFF,0x9C,0xFF,0x9C,0xFF,0x9C,0xFF,
    0x9C,0xFF,0x9C,0xFF,0x9C,0xFF,0x9C,0xFF,0x9C,0xFF,0x9C,0xFF,0x9C,0xFF,0x9C,0xFF,
    0x9C,0xFF,0x9C,0xFF,0x9C,0xFF,0x9C,0xFF,0x9C,0xFF,0x9C,0xFF,0x9C,0xFF,0x9C,0xFF,
    0x9C,0xFF,0x9C,0xFF,0x9C,0xFF,0x9C,0xFF,0x9C,0xFF,0x9C,0xFF,0x9C,0xFF,0x9C,0xFF,
    0x9C,0xFF,0x9C,0xFF,0x9C,0xFF,0x9C,0xFF,0x9C,0xFF,0x9C,0xFF,0x9C,0xFF,0x9C,0xFF,
    0x9C,0xFF,0x9C,0xFF,0x9C,0xFF,0x9C,0xFF,0x9C,0xFF,0x9C,0xFF,0x9C,0xFF,0x9C,0xFF,
    0x9C,0xFF,0x9C,0xFF,0x9C,0xFF,0x9C,0xFF,0x9C,0xFF,0x9C,0xFF,0x9C,0xFF,0x9C,0xFF,
    0x9C,0xFF,0x9C,0xFF,0x9C,0xFF,0x9C,0xFF,0x9C,0xFF,0x9C,0xFF,0x9C,0xFF,0x9C,0xFF,
    0x9C,0xFF,0x9C,0xFF,0x9C,0xFF,0x9C,0xFF,0x9C,0xFF,0x9C,0xFF,0x9C,0xFF,0x9C,0xFF,
    0x9C,0xFF,0x9C,0xFF,0x9C,0xFF,0x9C,0xFF,0x9C,0xFF,0x9C,0xFF,0x9C,0xFF,0x9C,0xFF,
    0x9C,0xFF,0x9C,0xFF,0x9C,0xFF,0x9C,0xFF,0x9C,0xFF,0x9C,0xFF,0x9C,0xFF,0x9C,0xFF,
    0x9C,0xFF,0x9C,0xFF,0x9C,0xFF,0x9C,0xFF,0x9C,0xFF,0x9C,0xFF,0x9C,0xFF,0x9C,0xFF,
    0x9C,0xFF,0x9C,0xFF,0x9C,0xFF,0x9C,0xFF,0x9C,0xFF,0x9C,0xFF,0x9C,0xFF,0x9C,0xFF,
    0x9C,0xFF,0x9C,0xFF,0x9C,0xFF,0x9C,0xFF,0x9C,0xFF,0x9C,0xFF,0x9C,0xFF,0x9C,0xFF,
    0x9C,0xFF,0x9C,0xFF,0x9C,0xFF,0x9C,0xFF,0x9C,0xFF,0x9C,0xFF,0x9C,0xFF,0x9C,0xFF,
    0x9C,0xFF,0x9C,0xFF,0x9C,0xFF,0x9C,0xFF,0x9C,0xFF,0x9C,0xFF,0x9C,0xFF,0x9C,0xFF,
    0x9C,0xFF,0x9C,0xFF,0x9C,0xFF,0x9C,0xFF,0x9C,0xFF,0x9C,0xFF,0x9C,0xFF,0x9C,0xFF,
    0x9C,0xFF,0x9C,0xFF,0x9C,0xFF,0x9C,0xFF,0x9C,0xFF,0x9C,0xFF,0x9C,0xFF,0x9C,0xFF,
    0x9C,0xFF,0x9C,0xFF,0x9C,0xFF,0x9C,0xFF,0x9C,0xFF,0x9C,0xFF,0x9C,0xFF,0x9C,0xFF,
    0x9C,0xFF,0x9C,0xFF,0x9C,0xFF,0x9C,0xFF,0x9C,0xFF,0x9C,0xFF,0x9C,0xFF,0x9C,0xFF,
    0x9C,0xFF,0x9C,0xFF,0x9C,0xFF,0x9C,0xFF,0x9C,0xFF,0x9C,0xFF,0x9C,0xFF,0x9C,0xFF,
    0x9C,0xFF,0x9C,0xFF,0x9C,0xFF,0x9C,0xFF,0x9C,0xFF,0x9C,0xFF,0x9C,0xFF,0x9C,0xFF,
    0x9C,0xFF,0x9C,0xFF,0x9C,0xFF,0x9C,0xFF,0x9C,0xFF,0x9C,0xFF,0x9C,0xFF,0x9C,0xFF,
    0x9C,0xFF,0x9C,0xFF,0x9C,0xFF,0x9C,0xFF,0x9C,0xFF,0x9C,0xFF,0x9C,0xFF,0x9C,0xFF,
    0x9C,0xFF,0x9C,0xFF,0x9C,0xFF,0x9C,0xFF,0x9C,0xFF,0x9C,0xFF,0x9C,0xFF,0x9C,0xFF,
    0x9C,0xFF,0x9C,0xFF,0x9C,0xFF,0x9C,0xFF,0x9C,0xFF,0x9C,0xFF,0x9C,0xFF,0x9C,0xFF,
    0x9C,0xFF,0x9C,0xFF,0x9C,0xFF,0x9C,0xFF,0x9C,0xFF,0x9C,0xFF,0x9C,0xFF,0x9C,0xFF,
    0x9C,0xFF,0x9C,0xFF,0x9C,0xFF,0x9C,0xFF,0x9C,0xFF,0x9C,0xFF,0x9C,0xFF,0x9C,0xFF,
    0x9C,0xFF,0x9C,0xFF,0x9C,0xFF,0x9C,0xFF,0x9C,0xFF,0x9C,0xFF,0x9C,0xFF,0x9C,0xFF,
    0x9C,0xFF,0x9C,0xFF,0x9C,0xFF,0x9C,0xFF,0x9C,0xFF,0x9C,0xFF,0x9C,0xFF,0x9C,0xFF,
    0x9C,0xFF,0x9C,0xFF,0x9C,0xFF,0x9C,0xFF,0x9C,0xFF,0x9C,0xFF,0x9C,0xFF,0x9C,0xFF,
    0x9C,0xFF,0x9C,0xFF,0x9C,0xFF,0x9C,0xFF,0x9C,0xFF,0x9C,0xFF,0x9C,0xFF,0x9C,0xFF,
    0x9C,0xFF,0x9C,0xFF,0x9C,0xFF,0x9C,0xFF,0x9C,0xFF,0x9C,0xFF,0x9C,0xFF,0x9C,0xFF,
    0x9C,0xFF,0x9C,0xFF,0x9C,0xFF,0x9C,0xFF,0x9C,0xFF,0x9C,0xFF,0x9C,0xFF,0x9C,0xFF,
    0x9C,0xFF,0x9C,0xFF,0x9C,0xFF,0x9C,0xFF,0x9C,0xFF,0x9C,0xFF,0x9C,0xFF,0x9C,0xFF,
    0x9C,0xFF,0x9C,0xFF,0x9C,0xFF,0x9C,0xFF,0x9C,0xFF,0x9C,0xFF,0x9C,0xFF,0x9C,0xFF,
    0x9C,0xFF,0x9C,0xFF,0x9C,0xFF,0x9C,0xFF,0x9C,0xFF,0x9C,0xFF,0x9C,0xFF,0x9C,0xFF,
    0x9C,0xFF,0x9C,0xFF,0x9C,0xFF,0x9C,0xFF,0x9C,0xFF,0x9C,0xFF,0x9C,0xFF,0x9C,0xFF,
    0x9C,0xFF,0x9C,0xFF,0x9C,0xFF,0x9C,0xFF,0x9C,0xFF,0x9C,0xFF,0x9C,0xFF,0x9C,0xFF,
    0x9C,0xFF,0x9C,0xFF,0x9C,0xFF,0x9C,0xFF,0x9C,0xFF,0x9C,0xFF,0x9C,0xFF,0x9C,0xFF,
    0x9C,0xFF,0x9C,0xFF,0x9C,0xFF,0x9C,0xFF,0x9C,0xFF,0x9C,0xFF,0x9C,0xFF,0x9C,0xFF,
    0x9C,0xFF,0x9C,0xFF,0x9C,0xFF,0x9C,0xFF,0x9C,0xFF,0x9C,0xFF,0x9C,0xFF,0x9C,0xFF,
    0x9C,0xFF,0x9C,0xFF,0x9C,0xFF,0x9C,0xFF,0x9C,0xFF,0x9C,0xFF,0x9C,0xFF,0x9C,0xFF,
    0x9C,0xFF,0x9C,0xFF,0x9C,0xFF,0x9C,0xFF,0x9C,0xFF,0x9C,0xFF,0x9C,0xFF,0x9C,0xFF,
    0x9C,0xFF,0x9C,0xFF,0x9C,0xFF,0x9C,0xFF,0x9C,0xFF,0x9C,0xFF,0x9C,0xFF,0x9C,0xFF,
    0x9C,0xFF,0x9C,0xFF,0x9C,0xFF,0x9C,0xFF,0x9C,0xFF,0x9C,0xFF,0x9C,0xFF,0x9C,0xFF,
    0x9C,0xFF,0x9C,0xFF,0x9C,0xFF,0x9C,0xFF,0x9C,0xFF,0x9C,0xFF,0x9C,0xFF,0x9C,0xFF,
    0x9C,0xFF,0x9C,0xFF,0x9C,0xFF,0x9C,0xFF,0x9C,0xFF,0x9C,0xFF,0x9C,0xFF,0x9C,0xFF,
    0x9C,0xFF,0x9C,0xFF,0x9C,0xFF,0x9C,0xFF,0x9C,0xFF,0x9C,0xFF,0x9C,0xFF,0x9C,0xFF,
    0x9C,0xFF,0x9C,0xFF,0x9C,0xFF,0x9C,0xFF,0x9C,0xFF,0x9C,0xFF,0x9C,0xFF,0x9C,0xFF,
    0x9C,0xFF,0x9C,0xFF,0x9C,0xFF,0x9C,0xFF,0x9C,0xFF,0x9C,0xFF,0x9C,0xFF,0x9C,0xFF,
    0x9C,0xFF,0x9C,0xFF,0x9C,0xFF,0x9C,0xFF,0x9C,0xFF,0x9C,0xFF,0x9C,0xFF,0x9C,0xFF,
    0x9C,0xFF,0x9C,0xFF,0x9C,0xFF,0x9C,0xFF,0x9C,0xFF,0x9C,0xFF,0x9C,0xFF,0x9C,0xFF,
    0x9C,0xFF,0x9C,0xFF,0x9C,0xFF,0x9C,0xFF,0x9C,0xFF,0x9C,0xFF,0x9C,0xFF,0x9C,0xFF,
    0x9C,0xFF,0x9C,0xFF,0x9C,0xFF,0x9C,0xFF,0x9C,0xFF,0x9C,0xFF,0x9C,0xFF,0x9C,0xFF,
    0x9C,0xFF,0x9C,0xFF,0x9C,0xFF,0x7C,0xFF,0x39,0xFF,0xF8,0xF6,0xD6,0xF6,0x9C,0xFF,
    0x9C,0xFF,0x9C,0xFF,0x9C,0xFF,0x9C,0xFF,0x9C,0xFF,0x9C,0xFF,0x9C,0xFF,0x9C,0xFF,
    0x9C,0xFF,0x9C,0xFF,0x9C,0xFF,0x9C,0xFF,0x9C,0xFF,0x9C,0xFF,0x9C,0xFF,0x9C,0xFF,
    0x9C,0xFF,0x9C,0xFF,0x9C,0xFF,0x9C,0xFF,0x9C,0xFF,0x9C,0xFF,0x9C,0xFF,0x9C,0xFF,
    0x9C,0xFF,0x9C,0xFF,0x9C,0xFF,0x9C,0xFF,0x9C,0xFF,0x9C,0xFF,0x9C,0xFF,0x9C,0xFF,
    0x9C,0xFF,0x9C,0xFF,0x9C,0xFF,0x9C,0xFF,0x9C,0xFF,0x9C,0xFF,0x9C,0xFF,0x9C,0xFF,
    0x9C,0xFF,0x9C,0xFF,0x9C,0xFF,0x9C,0xFF,0x9C,0xFF,0x9C,0xFF,0x9C,0xFF,0x9C,0xFF,
    0x9C,0xFF,0x9C,0xFF,0x9C,0xFF,0x9C,0xFF,0x9C,0xFF,0x3A,0xFF,0x54,0xE6,0x53,0xE6,
    0x74,0xEE,0xF7,0xF6,0x9C,0xFF,0x9C,0xFF,0x9C,0xFF,0x9C,0xFF,0x9C,0xFF,0x9C,0xFF,
    0x9C,0xFF,0xF1,0xDD,0xCF,0xE5,0x93,0xF6,0x51,0xEE,0x3A,0xFF,0x9C,0xFF,0x9C,0xFF,
    0x9C,0xFF,0x9C,0xFF,0x9C,0xFF,0x9C,0xFF,0x9C,0xFF,0x9C,0xFF,0x9C,0xFF,0x9C,0xFF,
    0x9C,0xFF,0x9C,0xFF,0x9C,0xFF,0x9C,0xFF,0x9C,0xFF,0x9C,0xFF,0x9C,0xFF,0x9C,0xFF,
    0x9C,0xFF,0x9C,0xFF,0x9C,0xFF,0x9C,0xFF,0x9C,0xFF,0x9C,0xFF,0x9C,0xFF,0x9C,0xFF,
    0x9C,0xFF,0x9C,0xFF,0x9C,0xFF,0x9C,0xFF,0x9C,0xFF,0x9C,0xFF,0x9C,0xFF,0x9C,0xFF,
    0x9C,0xFF,0x9C,0xFF,0x9C,0xFF,0x9C,0xFF,0x9C,0xFF,0x9C,0xFF,0x9C,0xFF,0x9C,0xFF,
    0x9C,0xFF,0x9C,0xFF,0x9C,0xFF,0x9C,0xFF,0x9C,0xFF,0x9C,0xFF,0x9C,0xFF,0x9C,0xFF,
    0x9C,0xFF,0x3A,0xF7,0x90,0xCD,0xAF,0xDD,0xAF,0xDD,0xCF,0xDD,0x10,0xE6,0x10,0xE6,
    0x11,0xE6,0x39,0xF7,0x9C,0xFF,0x9C,0xFF,0x9C,0xFF,0x9C,0xFF,0x9C,0xFF,0xCF,0xDD,
    0x11,0xEE,0x93,0xF6,0x31,0xEE,0x7B,0xFF,0x9C,0xFF,0x9C,0xFF,0x9C,0xFF,0x9C,0xFF,
    0x9C,0xFF,0x9C,0xFF,0x9C,0xFF,0x9C,0xFF,0x9C,0xFF,0x9C,0xFF,0x9C,0xFF,0x9C,0xFF,
    0x9C,0xFF,0x9C,0xFF,0x9C,0xFF,0x9C,0xFF,0x9C,0xFF,0x9C,0xFF,0x9C,0xFF,0x9C,0xFF,
    0x9C,0xFF,0x9C,0xFF,0x9C,0xFF,0x9C,0xFF,0x9C,0xFF,0x9C,0xFF,0x9C,0xFF,0x9C,0xFF,
    0x9C,0xFF,0x9C,0xFF,0x9C,0xFF,0x9C,0xFF,0x9C,0xFF,0x9C,0xFF,0x9C,0xFF,0x9C,0xFF,
    0x9C,0xFF,0x9C,0xFF,0x9C,0xFF,0x9C,0xFF,0x9C,0xFF,0x9C,0xFF,0x9C,0xFF,0x9C,0xFF,
    0x9C,0xFF,0x9C,0xFF,0x9C,0xFF,0x9C,0xFF,0x9C,0xFF,0x9C,0xFF,0x7B,0xFF,0x0E,0xBD,
    0x4D,0xCD,0x8E,0xD5,0xAF,0xDD,0xCF,0xDD,0x10,0xE6,0x31,0xEE,0x31,0xEE,0xF0,0xE5,
    0x7B,0xFF,0x9C,0xFF,0x9C,0xFF,0x9C,0xFF,0x9C,0xFF,0xB0,0xDD,0x6D,0xD5,0x10,0xE6,
    0xB5,0xEE,0x9C,0xFF,0x9C,0xFF,0x9C,0xFF,0x9C,0xFF,0x9C,0xFF,0x9C,0xFF,0x9C,0xFF,
    0x9C,0xFF,0x9C,0xFF,0x9C,0xFF,0x9C,0xFF,0x9C,0xFF,0x9C,0xFF,0x9C,0xFF,0x9C,0xFF,
    0x9C,0xFF,0x9C,0xFF,0x9C,0xFF,0x9C,0xFF,0x9C,0xFF,0x9C,0xFF,0x9C,0xFF,0x9C,0xFF,
    0x9C,0xFF,0x9C,0xFF,0x9C,0xFF,0x9C,0xFF,0x9C,0xFF,0x9C,0xFF,0x9C,0xFF,0x9C,0xFF,
    0x9C,0xFF,0x9C,0xFF,0x9C,0xFF,0x9C,0xFF,0x9C,0xFF,0x9C,0xFF,0x9C,0xFF,0x9C,0xFF,
    0x9C,0xFF,0x9C,0xFF,0x9C,0xFF,0x9C,0xFF,0x9C,0xFF,0x9C,0xFF,0x9C,0xFF,0x9C,0xFF,
    0x9C,0xFF,0x9C,0xFF,0x9C,0xFF,0x9C,0xFF,0x14,0xD6,0xCB,0xBC,0x6E,0xCD,0xAF,0xD5,
    0xAF,0xDD,0xD0,0xDD,0x32,0xEE,0x10,0xE6,0x52,0xEE,0xB4,0xF6,0xD7,0xF6,0x9C,0xFF,
    0x9C,0xFF,0x9C,0xFF,0x7B,0xFF,0xD0,0xDD,0xF8,0xF6,0x7B,0xFF,0x9C,0xFF,0x9C,0xFF,
    0x9C,0xFF,0x9C,0xFF,0x9C,0xFF,0x9C,0xFF,0x9C,0xFF,0x9C,0xFF,0x9C,0xFF,0x9C,0xFF,
    0x9C,0xFF,0x9C,0xFF,0x9C,0xFF,0x9C,0xFF,0x9C,0xFF,0x9C,0xFF,0x9C,0xFF,0x9C,0xFF,
    0x9C,0xFF,0x9C,0xFF,0x9C,0xFF,0x9C,0xFF,0x9C,0xFF,0x9C,0xFF,0x9C,0xFF,0x9C,0xFF,
    0x9C,0xFF,0x9C,0xFF,0x9C,0xFF,0x9C,0xFF,0x9C,0xFF,0x9C,0xFF,0x9C,0xFF,0x9C,0xFF,
    0x9C,0xFF,0x9C,0xFF,0x9C,0xFF,0x9C,0xFF,0x9C,0xFF,0x9C,0xFF,0x9C,0xFF,0x9C,0xFF,
    0x9C,0xFF,0x9C,0xFF,0x9C,0xFF,0x9C,0xFF,0x9C,0xFF,0x9C,0xFF,0x9C,0xFF,0x9C,0xFF,
    0x9C,0xFF,0x9C,0xFF,0x19,0xF7,0xCC,0xB4,0x6E,0xCD,0xAF,0xDD,0xCF,0xDD,0x11,0xE6,
    0xF0,0xE5,0x8E,0xD5,0xAF,0xDD,0x11,0xE6,0x32,0xE6,0x9C,0xFF,0x9C,0xFF,0x9C,0xFF,
    0x11,0xE6,0x7B,0xFF,0x9C,0xFF,0x9C,0xFF,0x9C,0xFF,0x9C,0xFF,0x9C,0xFF,0x9C,0xFF,
    0x9C,0xFF,0x9C,0xFF,0x9C,0xFF,0x9C,0xFF,0x9C,0xFF,0x9C,0xFF,0x9C,0xFF,0x9C,0xFF,
    0x9C,0xFF,0x9C,0xFF,0x9C,0xFF,0x9C,0xFF,0x9C,0xFF,0x9C,0xFF,0x9C,0xFF,0x9C,0xFF,
    0x9C,0xFF,0x9C,0xFF,0x9C,0xFF,0x9C,0xFF,0x9C,0xFF,0x9C,0xFF,0x9C,0xFF,0x9C,0xFF,
    0x9C,0xFF,0x9C,0xFF,0x9C,0xFF,0x9C,0xFF,0x9C,0xFF,0x9C,0xFF,0x9C,0xFF,0x9C,0xFF,
    0x9C,0xFF,0x9C,0xFF,0x9C,0xFF,0x9C,0xFF,0x9C,0xFF,0x9C,0xFF,0x9C,0xFF,0x9C,0xFF,
    0x9C,0xFF,0x9C,0xFF,0x9C,0xFF,0x9C,0xFF,0x9C,0xFF,0x9C,0xFF,0x9C,0xFF,0x9C,0xFF,
    0x9C,0xFF,0x5B,0xFF,0x2E,0xC5,0x8E,0xD5,0xAF,0xD5,0x8E,0xD5,0x8E,0xD5,0x6E,0xD5,
    0x2E,0xCD,0x8E,0xD5,0xAF,0xD5,0x9C,0xFF,0x9C,0xFF,0x18,0xF7,0x5A,0xFF,0x9C,0xFF,
    0x9C,0xFF,0x9C,0xFF,0x9C,0xFF,0x9C,0xFF,0x9C,0xFF,0x9C,0xFF,0x9C,0xFF,0x9C,0xFF,
    0x9C,0xFF,0x9C,0xFF,0x9C,0xFF,0x9C,0xFF,0x9C,0xFF,0x9C,0xFF,0x9C,0xFF,0x9C,0xFF,
    0x9C,0xFF,0x9C,0xFF,0x9C,0xFF,0x9C,0xFF,0x9C,0xFF,0x9C,0xFF,0x9C,0xFF,0x9C,0xFF,
    0x9C,0xFF,0x9C,0xFF,0x9C,0xFF,0x9C,0xFF,0x9C,0xFF,0x9C,0xFF,0x9C,0xFF,0x9C,0xFF,
    0x9C,0xFF,0x9C,0xFF,0x9C,0xFF,0x9C,0xFF,0x9C,0xFF,0x9C,0xFF,0x7C,0xFF,0x9C,0xFF,
    0x9C,0xFF,0x9C,0xFF,0x9C,0xFF,0x9C,0xFF,0x9C,0xFF,0x9C,0xFF,0x9C,0xFF,0x9C,0xFF,
    0x9C,0xFF,0x9C,0xFF,0x9C,0xFF,0x9C,0xFF,0x9C,0xFF,0x9C,0xFF,0x9C,0xFF,0x9C,0xFF,
    0xD7,0xEE,0x8F,0xCD,0x4D,0xCD,0x8E,0xD5,0xAF,0xDD,0x4E,0xCD,0x2E,0xC5,0x2D,0xCD,
    0xF2,0xDD,0x9C,0xFF,0x7B,0xFF,0x39,0xFF,0x9C,0xFF,0x9C,0xFF,0x9C,0xFF,0x9C,0xFF,
    0x9C,0xFF,0x9C,0xFF,0x9C,0xFF,0x9C,0xFF,0x9C,0xFF,0x9C,0xFF,0x9C,0xFF,0x9C,0xFF,
    0x9C,0xFF,0x9C,0xFF,0x9C,0xFF,0x9C,0xFF,0x9C,0xFF,0x9C,0xFF,0x9C,0xFF,0x9C,0xFF,
    0x9C,0xFF,0x9C,0xFF,0x9C,0xFF,0x9C,0xFF,0x9C,0xFF,0x9C,0xFF,0x9C,0xFF,0x9C,0xFF,
    0x9C,0xFF,0x9C,0xFF,0x9C,0xFF,0x9C,0xFF,0x9C,0xFF,0x9C,0xFF,0x9C,0xFF,0x9C,0xFF,
    0x9C,0xFF,0x9C,0xFF,0x9C,0xFF,0x7C,0xFF,0x9C,0xFF,0x9C,0xFF,0x9C,0xFF,0x9C,0xFF,
    0x9C,0xFF,0x9C,0xFF,0x9C,0xFF,0x9C,0xFF,0x9C,0xFF,0x9C,0xFF,0x9C,0xFF,0x9C,0xFF,
    0x9C,0xFF,0x9C,0xFF,0x9C,0xFF,0x9C,0xFF,0x9C,0xFF,0x9C,0xFF,0x9C,0xFF,0x9C,0xFF,
    0x75,0xE6,0x90,0xD5,0x4E,0xCD,0xEC,0xC4,0xAB,0xB4,0x0D,0xC5,0x7C,0xFF,0x9C,0xFF,
    0x17,0xFF,0x9C,0xFF,0x9C,0xFF,0x3A,0xF7,0x12,0xE6,0x52,0xEE,0x73,0xF6,0x94,0xF6,
    0x5B,0xFF,0x9C,0xFF,0x9C,0xFF,0x9C,0xFF,0x9C,0xFF,0x9C,0xFF,0x9C,0xFF,0x9C,0xFF,
    0x9C,0xFF,0x9C,0xFF,0x9C,0xFF,0x9C,0xFF,0x9C,0xFF,0x9C,0xFF,0x9C,0xFF,0x9C,0xFF,
    0x9C,0xFF,0x9C,0xFF,0x9C,0xFF,0x9C,0xFF,0x9C,0xFF,0x9C,0xFF,0x9C,0xFF,0x9C,0xFF,
    0x9C,0xFF,0x9C,0xFF,0x9C,0xFF,0x9C,0xFF,0x9C,0xFF,0x9C,0xFF,0x9C,0xFF,0x9C,0xFF,
    0x7C,0xFF,0x9C,0xFF,0x9C,0xFF,0x9C,0xFF,0x9C,0xFF,0x9C,0xFF,0x9C,0xFF,0x9C,0xFF,
    0x9C,0xFF,0x9C,0xFF,0x9C,0xFF,0x9C,0xFF,0x9C,0xFF,0x9C,0xFF,0x9C,0xFF,0x9C,0xFF,
    0x9C,0xFF,0x9C,0xFF,0x9C,0xFF,0x9C,0xFF,0x9C,0xFF,0x9C,0xFF,0x9C,0xFF,0x9C,0xFF,
    0x39,0xF7,0x54,0xDE,0xCC,0xBC,0x39,0xF7,0x9C,0xFF,0xF7,0xF6,0x9C,0xFF,0x9C,0xFF,
    0x34,0xDE,0x6E,0xD5,0xAF,0xDD,0x10,0xEE,0x31,0xEE,0x51,0xF6,0x71,0xF6,0xD6,0xF6,
    0x9C,0xFF,0x9C,0xFF,0x9C,0xFF,0x9C,0xFF,0x9C,0xFF,0x9C,0xFF,0x9C,0xFF,0x9C,0xFF,
    0x9C,0xFF,0x9C,0xFF,0x9C,0xFF,0x9C,0xFF,0x9C,0xFF,0x9C,0xFF,0x9C,0xFF,0x9C,0xFF,
    0x9C,0xFF,0x9C,0xFF,0x9C,0xFF,0x9C,0xFF,0x9C,0xFF,0x9C,0xFF,0x9C,0xFF,0x9C,0xFF,
    0x9C,0xFF,0x9C,0xFF,0x9C,0xFF,0x9C,0xFF,0x9C,0xFF,0x9C,0xFF,0x9C,0xFF,0x9C,0xFF,
    0x9C,0xFF,0x9C,0xFF,0x9C,0xFF,0x9C,0xFF,0x9C,0xFF,0x9C,0xFF,0x9C,0xFF,0x9C,0xFF,
    0x9C,0xFF,0x9C,0xFF,0x9C,0xFF,0x9C,0xFF,0x9C,0xFF,0x9C,0xFF,0x9C,0xFF,0x9C,0xFF,
    0x9C,0xFF,0x9C,0xFF,0x9C,0xFF,0x9C,0xFF,0x9C,0xFF,0x9C,0xFF,0x9C,0xFF,0x9C,0xFF,
    0xF2,0xDD,0x9C,0xFF,0x39,0xFF,0x7B,0xFF,0xBD,0xFF,0x95,0xE6,0xEB,0xC4,0x6E,0xD5,
    0xAF,0xDD,0xAE,0xE5,0xCF,0xED,0x72,0xF6,0x59,0xFF,0xB4,0xF6,0x18,0xFF,0x9C,0xFF,
    0x9C,0xFF,0x9C,0xFF,0x9C,0xFF,0x9C,0xFF,0x9C,0xFF,0x9C,0xFF,0x9C,0xFF,0x9C,0xFF,
    0x9C,0xFF,0x9C,0xFF,0x9C,0xFF,0x9C,0xFF,0x9C,0xFF,0x9C,0xFF,0x9C,0xFF,0x9C,0xFF,
    0x9C,0xFF,0x9C,0xFF,0x9C,0xFF,0x9C,0xFF,0x9C,0xFF,0x9C,0xFF,0x9C,0xFF,0x9C,0xFF,
    0x9C,0xFF,0x9C,0xFF,0x9C,0xFF,0x7C,0xFF,0x9C,0xFF,0x9C,0xFF,0x9C,0xFF,0x9C,0xFF,
    0x9C,0xFF,0x9C,0xFF,0x9C,0xFF,0x9C,0xFF,0x9C,0xFF,0x9C,0xFF,0xF7,0xFE,0x7B,0xFF,
    0x9C,0xFF,0x9C,0xFF,0x9C,0xFF,0x9C,0xFF,0x9C,0xFF,0x9C,0xFF,0x9C,0xFF,0x9C,0xFF,
    0x9C,0xFF,0x9C,0xFF,0x9C,0xFF,0x9C,0xFF,0x9C,0xFF,0x9C,0xFF,0x74,0xE6,0xB6,0xEE,
    0x52,0xEE,0x39,0xF7,0x12,0xDE,0xB0,0xD5,0xAF,0xDD,0xF0,0xE5,0x31,0xEE,0x11,0xEE,
    0x10,0xEE,0x31,0xEE,0x93,0xF6,0xB4,0xF6,0x32,0xEE,0x9C,0xFF,0x9C,0xFF,0x9C,0xFF,
    0x9C,0xFF,0x9C,0xFF,0x9C,0xFF,0x9C,0xFF,0x9C,0xFF,0x9C,0xFF,0x9C,0xFF,0x9C,0xFF,
    0x9C,0xFF,0x9C,0xFF,0x9C,0xFF,0x9C,0xFF,0x9C,0xFF,0x9C,0xFF,0x9C,0xFF,0x9C,0xFF,
    0x9C,0xFF,0x9C,0xFF,0x9C,0xFF,0x9C,0xFF,0x9C,0xFF,0x9C,0xFF,0x9C,0xFF,0x9C,0xFF,
    0x9C,0xFF,0x7C,0xFF,0x9C,0xFF,0x9C,0xFF,0x9C,0xFF,0x9C,0xFF,0x9C,0xFF,0x9C,0xFF,
    0x9C,0xFF,0x9C,0xFF,0x9C,0xFF,0x9C,0xFF,0xB6,0xF6,0xB5,0xF6,0x7C,0xFF,0x9C,0xFF,
    0x9C,0xFF,0x7B,0xFF,0x54,0xDE,0xB1,0xD5,0xF2,0xD5,0x74,0xE6,0x9C,0xFF,0x9C,0xFF,
    0x9C,0xFF,0x9C,0xFF,0x9C,0xFF,0x9C,0xFF,0x13,0xDE,0xF1,0xDD,0xB0,0xD5,0xB0,0xDD,
    0x5B,0xFF,0x9C,0xFF,0xD1,0xDD,0xF0,0xE5,0x52,0xEE,0x31,0xEE,0x31,0xEE,0x72,0xF6,
    0x52,0xF6,0x52,0xF6,0x31,0xEE,0x5B,0xFF,0x9C,0xFF,0x9C,0xFF,0x9C,0xFF,0x9C,0xFF,
    0x9C,0xFF,0x9C,0xFF,0x9C,0xFF,0x9C,0xFF,0x9C,0xFF,0x9C,0xFF,0x9C,0xFF,0x9C,0xFF,
    0x9C,0xFF,0x9C,0xFF,0x9C,0xFF,0x9C,0xFF,0x9C,0xFF,0x9C,0xFF,0x9C,0xFF,0x9C,0xFF,
    0x9C,0xFF,0x9C,0xFF,0x9C,0xFF,0x9C,0xFF,0x9C,0xFF,0x9C,0xFF,0x9C,0xFF,0x9C,0xFF,
    0x9C,0xFF,0x9C,0xFF,0x9C,0xFF,0x9C,0xFF,0x9C,0xFF,0x9C,0xFF,0x9C,0xFF,0x9C,0xFF,
    0x9C,0xFF,0x9C,0xFF,0xB6,0xF6,0x74,0xF6,0x19,0xFF,0x9C,0xFF,0x3A,0xF7,0xED,0xBC,
    0x2C,0xCD,0x2D,0xCD,0x2D,0xCD,0x0C,0xC5,0xD1,0xDD,0x9C,0xFF,0x9C,0xFF,0x9C,0xFF,
    0x9C,0xFF,0x9C,0xFF,0xB0,0xD5,0x2D,0xCD,0x55,0xE6,0x9C,0xFF,0x9C,0xFF,0x9C,0xFF,
    0x7B,0xFF,0x8F,0xDD,0xCF,0xE5,0x31,0xEE,0x51,0xEE,0x72,0xF6,0x72,0xF6,0x72,0xF6,
    0x31,0xEE,0x3A,0xFF,0x9C,0xFF,0x9C,0xFF,0x9C,0xFF,0x9C,0xFF,0x9C,0xFF,0x9C,0xFF,
    0x9C,0xFF,0x9C,0xFF,0x9C,0xFF,0x9C,0xFF,0x9C,0xFF,0x9C,0xFF,0x9C,0xFF,0x9C,0xFF,
    0x9C,0xFF,0x9C,0xFF,0x9C,0xFF,0x9C,0xFF,0x9C,0xFF,0x9C,0xFF,0x9C,0xFF,0x9C,0xFF,
    0x9C,0xFF,0x9C,0xFF,0x9C,0xFF,0x9C,0xFF,0x9C,0xFF,0x9C,0xFF,0x9C,0xFF,0x9C,0xFF,
    0x9C,0xFF,0x9C,0xFF,0x9C,0xFF,0x9C,0xFF,0x9C,0xFF,0x9C,0xFF,0x9C,0xFF,0x9C,0xFF,
    0xB5,0xF6,0x95,0xF6,0x7B,0xFF,0x9C,0xFF,0x70,0xC5,0x0D,0xC5,0x4E,0xCD,0x6E,0xD5,
    0x4D,0xCD,0x4E,0xCD,0xAF,0xE5,0x54,0xE6,0x9C,0xFF,0x9C,0xFF,0x9C,0xFF,0xF8,0xEE,
    0x8A,0xBC,0x95,0xEE,0x9C,0xFF,0x9C,0xFF,0x9C,0xFF,0x9C,0xFF,0x9C,0xFF,0x7B,0xFF,
    0x32,0xE6,0x10,0xE6,0x52,0xEE,0x51,0xF6,0x31,0xEE,0x30,0xEE,0xCF,0xE5,0x7C,0xFF,
    0x9C,0xFF,0x9C,0xFF,0x9C,0xFF,0x9C,0xFF,0x9C,0xFF,0x9C,0xFF,0x9C,0xFF,0x9C,0xFF,
    0x9C,0xFF,0x9C,0xFF,0x9C,0xFF,0x9C,0xFF,0x9C,0xFF,0x9C,0xFF,0x9C,0xFF,0x9C,0xFF,
    0x9C,0xFF,0x9C,0xFF,0x9C,0xFF,0x9C,0xFF,0x9C,0xFF,0x9C,0xFF,0x9C,0xFF,0x9C,0xFF,
    0x9C,0xFF,0x9C,0xFF,0x7C,0xFF,0x9C,0xFF,0x9C,0xFF,0x9C,0xFF,0x9C,0xFF,0x9C,0xFF,
    0x9C,0xFF,0x9C,0xFF,0x9C,0xFF,0x9C,0xFF,0x9C,0xFF,0x9C,0xFF,0x74,0xF6,0x18,0xFF,
    0x9C,0xFF,0xD7,0xEE,0xAB,0xB4,0x4E,0xCD,0x4E,0xCD,0x4D,0xCD,0x0D,0xC5,0x6E,0xD5,
    0x31,0xEE,0x73,0xEE,0x7C,0xFF,0x9C,0xFF,0x9C,0xFF,0x13,0xDE,0xD0,0xDD,0x9C,0xFF,
    0x9C,0xFF,0x9C,0xFF,0x9C,0xFF,0x9C,0xFF,0x9C,0xFF,0x9C,0xFF,0x9C,0xFF,0x9C,0xFF,
    0x7B,0xFF,0x7B,0xFF,0x74,0xEE,0xAF,0xDD,0x74,0xEE,0x9C,0xFF,0x9C,0xFF,0x9C,0xFF,
    0x9C,0xFF,0x9C,0xFF,0x9C,0xFF,0x9C,0xFF,0x9C,0xFF,0x9C,0xFF,0x9C,0xFF,0x9C,0xFF,
    0x9C,0xFF,0x9C,0xFF,0x9C,0xFF,0x9C,0xFF,0x9C,0xFF,0x9C,0xFF,0x9C,0xFF,0x9C,0xFF,
    0x9C,0xFF,0x9C,0xFF,0x9C,0xFF,0x9C,0xFF,0x9C,0xFF,0x9C,0xFF,0x9C,0xFF,0x9C,0xFF,
    0x7C,0xFF,0x9C,0xFF,0x9C,0xFF,0x9C,0xFF,0x9C,0xFF,0x9C,0xFF,0x9C,0xFF,0x9C,0xFF,
    0x9C,0xFF,0x9C,0xFF,0x9C,0xFF,0x9C,0xFF,0x74,0xF6,0xD6,0xFE,0x5A,0xFF,0x54,0xEE,
    0xAC,0xB4,0x4E,0xCD,0x6E,0xD5,0x4D,0xCD,0x2D,0xCD,0xF0,0xE5,0xCF,0xDD,0x6E,0xD5,
    0x75,0xEE,0x9C,0xFF,0x9C,0xFF,0xF1,0xE5,0x9C,0xFF,0x9C,0xFF,0x9C,0xFF,0x9C,0xFF,
    0x9C,0xFF,0x9C,0xFF,0x9C,0xFF,0x9C,0xFF,0x9C,0xFF,0x9C,0xFF,0x9C,0xFF,0x9C,0xFF,
    0x9C,0xFF,0x9C,0xFF,0x9C,0xFF,0x9C,0xFF,0x9C,0xFF,0x9C,0xFF,0x9C,0xFF,0x9C,0xFF,
    0x9C,0xFF,0x9C,0xFF,0x9C,0xFF,0x9C,0xFF,0x9C,0xFF,0x9C,0xFF,0x9C,0xFF,0x9C,0xFF,
    0x9C,0xFF,0x9C,0xFF,0x9C,0xFF,0x9C,0xFF,0x9C,0xFF,0x9C,0xFF,0x9C,0xFF,0x9C,0xFF,
    0x9C,0xFF,0x9C,0xFF,0x9C,0xFF,0x9C,0xFF,0x9C,0xFF,0x9C,0xFF,0x7C,0xFF,0x9C,0xFF,
    0x9C,0xFF,0x9C,0xFF,0x9C,0xFF,0x9C,0xFF,0x9C,0xFF,0x9C,0xFF,0x9C,0xFF,0x9C,0xFF,
    0x9C,0xFF,0x9C,0xFF,0xB5,0xFE,0x95,0xF6,0x18,0xFF,0x39,0xFF,0x4F,0xC5,0x4D,0xCD,
    0x4D,0xCD,0x4E,0xCD,0x8F,0xD5,0x4E,0xCD,0x6E,0xCD,0x0C,0xC5,0x12,0xE6,0x7B,0xFF,
    0x54,0xE6,0x39,0xF7,0x9C,0xFF,0x9C,0xFF,0x9C,0xFF,0x96,0xE6,0x13,0xD6,0x34,0xDE,
    0xF9,0xEE,0x9C,0xFF,0x9C,0xFF,0x9C,0xFF,0x9C,0xFF,0x9C,0xFF,0x9C,0xFF,0x9C,0xFF,
    0x9C,0xFF,0x9C,0xFF,0x9C,0xFF,0x9C,0xFF,0x9C,0xFF,0x9C,0xFF,0x9C,0xFF,0x9C,0xFF,
    0x9C,0xFF,0x9C,0xFF,0x9C,0xFF,0x9C,0xFF,0x9C,0xFF,0x9C,0xFF,0x9C,0xFF,0x9C,0xFF,
    0x9C,0xFF,0x9C,0xFF,0x9C,0xFF,0x9C,0xFF,0x9C,0xFF,0x9C,0xFF,0x9C,0xFF,0x9C,0xFF,
    0x9C,0xFF,0x9C,0xFF,0x9C,0xFF,0x9C,0xFF,0x7C,0xFF,0x9C,0xFF,0x9C,0xFF,0x9C,0xFF,
    0x9C,0xFF,0x9C,0xFF,0x9C,0xFF,0x9C,0xFF,0x9C,0xFF,0x9C,0xFF,0x9C,0xFF,0x9C,0xFF,
    0xF8,0xFE,0x94,0xF6,0x18,0xFF,0x5A,0xFF,0x54,0xE6,0xAB,0xB4,0x2D,0xCD,0x4E,0xCD,
    0x6E,0xCD,0x0D,0xC5,0x0D,0xC5,0xEC,0xBC,0x96,0xF6,0xF8,0xF6,0x11,0xE6,0x9C,0xFF,
    0x9C,0xFF,0x9C,0xFF,0x2F,0xC5,0x4A,0xAC,0x4A,0xAC,0xCC,0xBC,0xEC,0xBC,0xB1,0xCD,
    0x7C,0xFF,0x9C,0xFF,0x9C,0xFF,0x9C,0xFF,0x9C,0xFF,0x9C,0xFF,0x9C,0xFF,0x9C,0xFF,
    0x9C,0xFF,0x9C,0xFF,0x9C,0xFF,0x9C,0xFF,0x9C,0xFF,0x9C,0xFF,0x9C,0xFF,0x9C,0xFF,
    0x9C,0xFF,0x9C,0xFF,0x9C,0xFF,0x9C,0xFF,0x9C,0xFF,0x9C,0xFF,0x9C,0xFF,0x9C,0xFF,
    0x9C,0xFF,0x9C,0xFF,0x9C,0xFF,0x9C,0xFF,0x9C,0xFF,0x9C,0xFF,0x9C,0xFF,0x9C,0xFF,
    0x9C,0xFF,0x9C,0xFF,0x9C,0xFF,0x7C,0xFF,0x9C,0xFF,0x9C,0xFF,0x9C,0xFF,0x9C,0xFF,
    0x9C,0xFF,0x9C,0xFF,0x9C,0xFF,0x9C,0xFF,0x9C,0xFF,0x9C,0xFF,0x5B,0xFF,0x39,0xFF,
    0x19,0xFF,0x19,0xFF,0x9C,0xFF,0x35,0xDE,0x0D,0xBD,0x0D,0xBD,0x0D,0xBD,0x0D,0xBD,
    0xAC,0xB4,0x14,0xDE,0x9C,0xFF,0x53,0xEE,0x73,0xF6,0x9C,0xFF,0x9C,0xFF,0x70,0xC5,
    0xAB,0xB4,0xCC,0xBC,0xCC,0xBC,0x0D,0xC5,0x2D,0xC5,0xAB,0xBC,0x4E,0xC5,0x9C,0xFF,
    0x9C,0xFF,0x9C,0xFF,0x9C,0xFF,0x9C,0xFF,0x9C,0xFF,0x9C,0xFF,0x9C,0xFF,0x9C,0xFF,
    0x9C,0xFF,0x9C,0xFF,0x9C,0xFF,0x9C,0xFF,0x9C,0xFF,0x9C,0xFF,0x9C,0xFF,0x9C,0xFF,
    0x9C,0xFF,0x9C,0xFF,0x9C,0xFF,0x9C,0xFF,0x9C,0xFF,0x9C,0xFF,0x9C,0xFF,0x9C,0xFF,
    0x9C,0xFF,0x9C,0xFF,0x9C,0xFF,0x9C,0xFF,0x9C,0xFF,0x9C,0xFF,0x9C,0xFF,0x9C,0xFF,
    0x9C,0xFF,0x7B,0xFF,0x9C,0xFF,0x9C,0xFF,0x9C,0xFF,0x9C,0xFF,0x9C,0xFF,0x9C,0xFF,
    0x9C,0xFF,0x9C,0xFF,0x9C,0xFF,0x9C,0xFF,0x39,0xFF,0xF7,0xFE,0xB5,0xFE,0x7B,0xFF,
    0x9C,0xFF,0x9C,0xFF,0x7C,0xFF,0xD2,0xD5,0xED,0xBC,0x6B,0xAC,0xD2,0xD5,0x9C,0xFF,
    0x9C,0xFF,0x73,0xEE,0x7C,0xFF,0x9C,0xFF,0x75,0xE6,0x4A,0xA4,0xCC,0xBC,0xCC,0xBC,
    0x0D,0xC5,0x2D,0xC5,0x2D,0xCD,0x6D,0xD5,0x8E,0xD5,0x18,0xF7,0x9C,0xFF,0x9C,0xFF,
    0x9C,0xFF,0x9C,0xFF,0x9C,0xFF,0x9C,0xFF,0x9C,0xFF,0x9C,0xFF,0x9C,0xFF,0x9C,0xFF,
    0x9C,0xFF,0x9C,0xFF,0x9C,0xFF,0x9C,0xFF,0x9C,0xFF,0x9C,0xFF,0x9C,0xFF,0x9C,0xFF,
    0x9C,0xFF,0x9C,0xFF,0x9C,0xFF,0x9C,0xFF,0x9C,0xFF,0x9C,0xFF,0x9C,0xFF,0x9C,0xFF,
    0x9C,0xFF,0x9C,0xFF,0x9C,0xFF,0x9C,0xFF,0x9C,0xFF,0x9C,0xFF,0x9C,0xFF,0x5A,0xFF,
    0x9C,0xFF,0x9C,0xFF,0x9C,0xFF,0x9C,0xFF,0x9C,0xFF,0x9C,0xFF,0x9C,0xFF,0x9C,0xFF,
    0x9C,0xFF,0x9C,0xFF,0x9C,0xFF,0xD6,0xF6,0xD6,0xFE,0x9C,0xFF,0x9C,0xFF,0x9C,0xFF,
    0x7B,0xFF,0x5A,0xFF,0x39,0xFF,0x0E,0xC5,0xD7,0xF6,0x9C,0xFF,0x19,0xFF,0x39,0xFF,
    0xDE,0xFF,0x34,0xDE,0x6B,0xAC,0x8B,0xB4,0x0D,0xC5,0x4E,0xCD,0x6E,0xD5,0xAE,0xDD,
    0xAE,0xE5,0x51,0xEE,0x51,0xEE,0x73,0xEE,0x9C,0xFF,0x9C,0xFF,0x9C,0xFF,0x9C,0xFF,
    0x9C,0xFF,0x9C,0xFF,0x9C,0xFF,0x9C,0xFF,0x9C,0xFF,0x9C,0xFF,0x9C,0xFF,0x9C,0xFF,
    0x9C,0xFF,0x9C,0xFF,0x9C,0xFF,0x9C,0xFF,0x9C,0xFF,0x9C,0xFF,0x9C,0xFF,0x9C,0xFF,
    0x9C,0xFF,0x9C,0xFF,0x9C,0xFF,0x9C,0xFF,0x9C,0xFF,0x9C,0xFF,0x9C,0xFF,0x9C,0xFF,
    0x9C,0xFF,0x9C,0xFF,0x9C,0xFF,0x9C,0xFF,0x9C,0xFF,0x7B,0xFF,0x7B,0xFF,0x9C,0xFF,
    0x9C,0xFF,0x9C,0xFF,0x9C,0xFF,0x9C,0xFF,0x9C,0xFF,0x9C,0xFF,0x9C,0xFF,0x9C,0xFF,
    0x19,0xF7,0x5B,0xFF,0x39,0xFF,0x9C,0xFF,0x9C,0xFF,0x3A,0xFF,0x39,0xFF,0x39,0xFF,
    0x5B,0xFF,0x90,0xCD,0x19,0xF7,0x7B,0xFF,0x31,0xEE,0x9C,0xFF,0xD2,0xD5,0xB1,0xD5,
    0x7C,0xFF,0x4F,0xC5,0x4E,0xCD,0xAF,0xDD,0x8E,0xD5,0xEF,0xE5,0xCF,0xE5,0x10,0xE6,
    0x30,0xEE,0x32,0xE6,0x9C,0xFF,0x9C,0xFF,0x9C,0xFF,0x9C,0xFF,0x9C,0xFF,0x9C,0xFF,
    0x9C,0xFF,0x9C,0xFF,0x9C,0xFF,0x9C,0xFF,0x9C,0xFF,0x9C,0xFF,0x9C,0xFF,0x9C,0xFF,
    0x9C,0xFF,0x9C,0xFF,0x9C,0xFF,0x9C,0xFF,0x9C,0xFF,0x9C,0xFF,0x9C,0xFF,0x9C,0xFF,
    0x9C,0xFF,0x9C,0xFF,0x9C,0xFF,0x9C,0xFF,0x9C,0xFF,0x9C,0xFF,0x9C,0xFF,0x9C,0xFF,
    0x9C,0xFF,0x9C,0xFF,0x9C,0xFF,0x9C,0xFF,0x5A,0xFF,0x9C,0xFF,0x9C,0xFF,0x9C,0xFF,
    0x9C,0xFF,0x9C,0xFF,0x9C,0xFF,0x9C,0xFF,0x9C,0xFF,0x9C,0xFF,0x4D,0xCD,0xD0,0xDD,
    0xF1,0xE5,0x9C,0xFF,0x7B,0xFF,0x39,0xFF,0x39,0xFF,0x19,0xFF,0x3A,0xFF,0x4F,0xCD,
    0x19,0xFF,0x5A,0xFF,0x52,0xEE,0xF1,0xD5,0x6E,0xCD,0x9C,0xFF,0x9C,0xFF,0x3A,0xF7,
    0x4E,0xCD,0x4D,0xD5,0x8E,0xD5,0xF0,0xE5,0xF0,0xE5,0xF0,0xE5,0xCF,0xE5,0x53,0xE6,
    0x9C,0xFF,0x9C,0xFF,0x9C,0xFF,0x9C,0xFF,0x9C,0xFF,0x9C,0xFF,0x9C,0xFF,0x9C,0xFF,
    0x9C,0xFF,0x9C,0xFF,0x9C,0xFF,0x9C,0xFF,0x9C,0xFF,0x9C,0xFF,0x9C,0xFF,0x9C,0xFF,
    0x9C,0xFF,0x9C,0xFF,0x9C,0xFF,0x9C,0xFF,0x9C,0xFF,0x9C,0xFF,0x9C,0xFF,0x9C,0xFF,
    0x9C,0xFF,0x9C,0xFF,0x9C,0xFF,0x9C,0xFF,0x9C,0xFF,0x9C,0xFF,0x9C,0xFF,0x9C,0xFF,
    0x9C,0xFF,0x9C,0xFF,0x9C,0xFF,0x5A,0xFF,0x9C,0xFF,0x9C,0xFF,0x9C,0xFF,0x9C,0xFF,
    0x9C,0xFF,0x9C,0xFF,0x9C,0xFF,0x9C,0xFF,0xF0,0xDD,0xCF,0xDD,0x4D,0xCD,0xD1,0xDD,
    0x19,0xFF,0x19,0xFF,0x39,0xFF,0x5A,0xFF,0x7B,0xFF,0x2F,0xCD,0x19,0xF7,0x94,0xF6,
    0xD0,0xDD,0x4E,0xCD,0x7B,0xFF,0x9C,0xFF,0x7B,0xFF,0x9C,0xFF,0x19,0xF7,0x70,0xCD,
    0x6D,0xD5,0xAE,0xDD,0xCF,0xDD,0xCF,0xE5,0x6D,0xD5,0xB6,0xEE,0x9C,0xFF,0x9C,0xFF,
    0x9C,0xFF,0x9C,0xFF,0x9C,0xFF,0x9C,0xFF,0x9C,0xFF,0x9C,0xFF,0x9C,0xFF,0x9C,0xFF,
    0x9C,0xFF,0x9C,0xFF,0x9C,0xFF,0x9C,0xFF,0x9C,0xFF,0x9C,0xFF,0x9C,0xFF,0x9C,0xFF,
    0x9C,0xFF,0x9C,0xFF,0x9C,0xFF,0x9C,0xFF,0x9C,0xFF,0x9C,0xFF,0x9C,0xFF,0x9C,0xFF,
    0x9C,0xFF,0x9C,0xFF,0x9C,0xFF,0x9C,0xFF,0x9C,0xFF,0x9C,0xFF,0x9C,0xFF,0x9C,0xFF,
    0x9C,0xFF,0x9C,0xFF,0x5A,0xFF,0x7C,0xFF,0x9C,0xFF,0x9C,0xFF,0x9C,0xFF,0x9C,0xFF,
    0x9C,0xFF,0x9C,0xFF,0x8F,0xD5,0xAF,0xDD,0x8E,0xD5,0x4D,0xCD,0x75,0xEE,0x74,0xF6,
    0x12,0xE6,0x12,0xEE,0x3A,0xFF,0x4E,0xCD,0xB6,0xEE,0x32,0xE6,0xEB,0xC4,0x95,0xEE,
    0x9C,0xFF,0x7C,0xFF,0x7C,0xFF,0x9C,0xFF,0x9C,0xFF,0x9C,0xFF,0x3A,0xFF,0xD7,0xEE,
    0x75,0xE6,0xAF,0xD5,0xF1,0xDD,0x9C,0xFF,0x9C,0xFF,0x9C,0xFF,0x9C,0xFF,0x9C,0xFF,
    0x9C,0xFF,0x9C,0xFF,0x9C,0xFF,0x9C,0xFF,0x9C,0xFF,0x9C,0xFF,0x9C,0xFF,0x9C,0xFF,
    0x9C,0xFF,0x9C,0xFF,0x9C,0xFF,0x9C,0xFF,0x9C,0xFF,0x9C,0xFF,0x9C,0xFF,0x9C,0xFF,
    0x9C,0xFF,0x9C,0xFF,0x9C,0xFF,0x9C,0xFF,0x9C,0xFF,0x9C,0xFF,0x9C,0xFF,0x9C,0xFF,
    0x9C,0xFF,0x9C,0xFF,0x9C,0xFF,0x9C,0xFF,0x9C,0xFF,0x9C,0xFF,0x9C,0xFF,0x9C,0xFF,
    0x9C,0xFF,0x7B,0xFF,0x5A,0xFF,0x7B,0xFF,0x9C,0xFF,0x9C,0xFF,0x9C,0xFF,0x9C,0xFF,
    0x6E,0xD5,0x6E,0xCD,0x0C,0xC5,0x2D,0xCD,0xD1,0xD5,0x33,0xE6,0x32,0xE6,0xF1,0xE5,
    0xF1,0xE5,0x6F,0xD5,0x8F,0xD5,0x8E,0xDD,0xF1,0xE5,0x9C,0xFF,0x7C,0xFF,0x9C,0xFF,
    0x9C,0xFF,0x9C,0xFF,0x9C,0xFF,0x9C,0xFF,0x9C,0xFF,0x9C,0xFF,0x9C,0xFF,0x9C,0xFF,
    0x9C,0xFF,0x9C,0xFF,0x9C,0xFF,0x9C,0xFF,0x9C,0xFF,0x9C,0xFF,0x9C,0xFF,0x9C,0xFF,
    0x9C,0xFF,0x9C,0xFF,0x9C,0xFF,0x9C,0xFF,0x9C,0xFF,0x9C,0xFF,0x9C,0xFF,0x9C,0xFF,
    0x9C,0xFF,0x9C,0xFF,0x9C,0xFF,0x9C,0xFF,0x9C,0xFF,0x9C,0xFF,0x9C,0xFF,0x9C,0xFF,
    0x9C,0xFF,0x9C,0xFF,0x9C,0xFF,0x9C,0xFF,0x9C,0xFF,0x9C,0xFF,0x9C,0xFF,0x9C,0xFF,
    0x9C,0xFF,0x9C,0xFF,0x9C,0xFF,0x9C,0xFF,0x9C,0xFF,0x9C,0xFF,0x9C,0xFF,0x9C,0xFF,
    0x9C,0xFF,0x7B,0xFF,0x5A,0xFF,0x5A,0xFF,0x5A,0xFF,0x5A,0xFF,0x4E,0xCD,0x4E,0xCD,
    0x2D,0xC5,0xEC,0xBC,0x4E,0xCD,0x32,0xEE,0x11,0xE6,0x12,0xE6,0xB0,0xDD,0xD1,0xDD,
    0xF1,0xDD,0x6D,0xD5,0x39,0xFF,0x7C,0xFF,0x9C,0xFF,0x9C,0xFF,0x9C,0xFF,0x9C,0xFF,
    0x9C,0xFF,0x9C,0xFF,0x9C,0xFF,0x9C,0xFF,0x9C,0xFF,0x9C,0xFF,0x9C,0xFF,0x9C,0xFF,
    0x9C,0xFF,0x9C,0xFF,0x9C,0xFF,0x9C,0xFF,0x9C,0xFF,0x9C,0xFF,0x9C,0xFF,0x9C,0xFF,
    0x9C,0xFF,0x9C,0xFF,0x9C,0xFF,0x9C,0xFF,0x9C,0xFF,0x9C,0xFF,0x9C,0xFF,0x9C,0xFF,
    0x9C,0xFF,0x9C,0xFF,0x9C,0xFF,0x9C,0xFF,0x9C,0xFF,0x9C,0xFF,0x9C,0xFF,0x9C,0xFF,
    0x9C,0xFF,0x9C,0xFF,0x9C,0xFF,0x9C,0xFF,0x9C,0xFF,0x9C,0xFF,0x9C,0xFF,0x9C,0xFF,
    0x9C,0xFF,0x9C,0xFF,0x9C,0xFF,0x9C,0xFF,0x9C,0xFF,0x9C,0xFF,0x9C,0xFF,0x9C,0xFF,
    0x9C,0xFF,0x9C,0xFF,0x9C,0xFF,0x9C,0xFF,0x4E,0xCD,0x6E,0xCD,0x8F,0xD5,0xCC,0xBC,
    0x33,0xE6,0xF7,0xFE,0xF1,0xE5,0xD0,0xDD,0xD0,0xDD,0xF1,0xDD,0x12,0xE6,0x32,0xE6,
    0x9C,0xFF,0x7B,0xFF,0x9C,0xFF,0x5B,0xFF,0x94,0xEE,0x94,0xEE,0x74,0xEE,0x5B,0xFF,
    0x9C,0xFF,0x9C,0xFF,0x9C,0xFF,0x9C,0xFF,0x9C,0xFF,0x9C,0xFF,0x9C,0xFF,0x7C,0xFF,
    0x9C,0xFF,0x9C,0xFF,0x9C,0xFF,0x9C,0xFF,0x9C,0xFF,0x9C,0xFF,0x9C,0xFF,0x9C,0xFF,
    0x9C,0xFF,0x9C,0xFF,0x9C,0xFF,0x9C,0xFF,0x9C,0xFF,0x9C,0xFF,0x9C,0xFF,0x9C,0xFF,
    0x9C,0xFF,0x9C,0xFF,0x9C,0xFF,0x9C,0xFF,0x9C,0xFF,0x9C,0xFF,0x9C,0xFF,0x9C,0xFF,
    0x9C,0xFF,0x9C,0xFF,0x9C,0xFF,0x9C,0xFF,0x9C,0xFF,0x9C,0xFF,0x9C,0xFF,0x9C,0xFF,
    0x9C,0xFF,0x9C,0xFF,0x9C,0xFF,0x9C,0xFF,0x9C,0xFF,0x9C,0xFF,0x9C,0xFF,0x9C,0xFF,
    0x9C,0xFF,0x9C,0xFF,0x0D,0xBD,0xEC,0xBC,0x0C,0xC5,0x70,0xCD,0x4E,0xC5,0x5B,0xFF,
    0x74,0xEE,0x12,0xE6,0xD8,0xF6,0xD1,0xDD,0xCF,0xDD,0xD6,0xF6,0x9C,0xFF,0x9C,0xFF,
    0xB5,0xEE,0x4D,0xD5,0x6D,0xD5,0xAF,0xDD,0xF0,0xE5,0x11,0xE6,0xF7,0xF6,0x9C,0xFF,
    0x9C,0xFF,0x9C,0xFF,0x9C,0xFF,0x9C,0xFF,0x5B,0xFF,0x7B,0xFF,0x9C,0xFF,0x9C,0xFF,
    0x9C,0xFF,0x9C,0xFF,0x9C,0xFF,0x9C,0xFF,0x9C,0xFF,0x9C,0xFF,0x9C,0xFF,0x9C,0xFF,
    0x9C,0xFF,0x9C,0xFF,0x9C,0xFF,0x9C,0xFF,0x9C,0xFF,0x9C,0xFF,0x9C,0xFF,0x9C,0xFF,
    0x9C,0xFF,0x9C,0xFF,0x9C,0xFF,0x9C,0xFF,0x9C,0xFF,0x9C,0xFF,0x9C,0xFF,0x9C,0xFF,
    0x9C,0xFF,0x9C,0xFF,0x9C,0xFF,0x9C,0xFF,0x9C,0xFF,0x9C,0xFF,0x9C,0xFF,0x9C,0xFF,
    0x9C,0xFF,0x9C,0xFF,0x9C,0xFF,0x9C,0xFF,0x9C,0xFF,0x9C,0xFF,0x9C,0xFF,0x9C,0xFF,
    0xEE,0xBC,0xF2,0xD5,0x75,0xEE,0x7B,0xFF,0x4F,0xC5,0x13,0xDE,0xF8,0xFE,0xB6,0xF6,
    0x75,0xEE,0xD0,0xDD,0xF0,0xE5,0x18,0xFF,0x5B,0xFF,0x95,0xEE,0x8F,0xD5,0x39,0xF7,
    0x9C,0xFF,0x74,0xEE,0xF0,0xE5,0x10,0xEE,0x30,0xEE,0x73,0xF6,0x9C,0xFF,0x9C,0xFF,
    0x9C,0xFF,0x5A,0xFF,0x5A,0xFF,0x39,0xFF,0x9C,0xFF,0x9C,0xFF,0x9C,0xFF,0x9C,0xFF,
    0x9C,0xFF,0x9C,0xFF,0x9C,0xFF,0x9C,0xFF,0x9C,0xFF,0x9C,0xFF,0x9C,0xFF,0x9C,0xFF,
    0x9C,0xFF,0x9C,0xFF,0x9C,0xFF,0x9C,0xFF,0x9C,0xFF,0x9C,0xFF,0x9C,0xFF,0x9C,0xFF,
    0x9C,0xFF,0x9C,0xFF,0x9C,0xFF,0x9C,0xFF,0x9C,0xFF,0x9C,0xFF,0x9C,0xFF,0x9C,0xFF,
    0x9C,0xFF,0x9C,0xFF,0x9C,0xFF,0x9C,0xFF,0x9C,0xFF,0x9C,0xFF,0x9C,0xFF,0x9C,0xFF,
    0x9C,0xFF,0x9C,0xFF,0x9C,0xFF,0x9C,0xFF,0x9C,0xFF,0x9C,0xFF,0xB1,0xD5,0xD7,0xF6,
    0x55,0xEE,0xF3,0xE5,0xD2,0xDD,0x2E,0xC5,0x55,0xEE,0xD7,0xF6,0xD2,0xDD,0x4D,0xCD,
    0xF0,0xE5,0x55,0xF6,0x33,0xEE,0x4E,0xD5,0xD7,0xF6,0x7B,0xFF,0x9C,0xFF,0x9C,0xFF,
    0x7B,0xFF,0xD6,0xF6,0x31,0xEE,0x31,0xEE,0x5B,0xFF,0x9C,0xFF,0x9C,0xFF,0x7B,0xFF,
    0x5A,0xFF,0x5A,0xFF,0x9C,0xFF,0x9C,0xFF,0x9C,0xFF,0x9C,0xFF,0x9C,0xFF,0x9C,0xFF,
    0x9C,0xFF,0x9C,0xFF,0x9C,0xFF,0x9C,0xFF,0x9C,0xFF,0x9C,0xFF,0x9C,0xFF,0x9C,0xFF,
    0x9C,0xFF,0x9C,0xFF,0x9C,0xFF,0x9C,0xFF,0x9C,0xFF,0x9C,0xFF,0x9C,0xFF,0x9C,0xFF,
    0x9C,0xFF,0x9C,0xFF,0x9C,0xFF,0x9C,0xFF,0x9C,0xFF,0x9C,0xFF,0x9C,0xFF,0x9C,0xFF,
    0x9C,0xFF,0x9C,0xFF,0x9C,0xFF,0x9C,0xFF,0x9C,0xFF,0x9C,0xFF,0x9C,0xFF,0x9C,0xFF,
    0x9C,0xFF,0x9C,0xFF,0x9C,0xFF,0x9C,0xFF,0xD3,0xDD,0xD3,0xE5,0x14,0xE6,0x14,0xE6,
    0x34,0xE6,0x2E,0xC5,0xB1,0xD5,0x97,0xF6,0xD2,0xDD,0x0C,0xC5,0x8F,0xDD,0xD3,0xE5,
    0x4E,0xD5,0xB1,0xDD,0x35,0xEE,0x75,0xEE,0xB7,0xF6,0x75,0xF6,0x74,0xF6,0x9C,0xFF,
    0x5A,0xFF,0xCF,0xDD,0xD7,0xF6,0x9C,0xFF,0x9C,0xFF,0x7B,0xFF,0x9C,0xFF,0x9C,0xFF,
    0x9C,0xFF,0x9C,0xFF,0x9C,0xFF,0x9C,0xFF,0x9C,0xFF,0x9C,0xFF,0x9C,0xFF,0x9C,0xFF,
    0x9C,0xFF,0x9C,0xFF,0x9C,0xFF,0x9C,0xFF,0x9C,0xFF,0x9C,0xFF,0x9C,0xFF,0x9C,0xFF,
    0x9C,0xFF,0x9C,0xFF,0x9C,0xFF,0x9C,0xFF,0x9C,0xFF,0x9C,0xFF,0x9C,0xFF,0x9C,0xFF,
    0x9C,0xFF,0x9C,0xFF,0x9C,0xFF,0x9C,0xFF,0x9C,0xFF,0x9C,0xFF,0x9C,0xFF,0x9C,0xFF,
    0x9C,0xFF,0x9C,0xFF,0x9C,0xFF,0x9C,0xFF,0x9C,0xFF,0x9C,0xFF,0x9C,0xFF,0x9C,0xFF,
    0x7B,0xFF,0x19,0xFF,0xB8,0xF6,0x35,0xE6,0xD3,0xE5,0xD3,0xDD,0x92,0xDD,0x2F,0xCD,
    0xED,0xC4,0x2F,0xDD,0x0E,0xCD,0xEC,0xC4,0x0E,0xD5,0x2E,0xD5,0x2E,0xCD,0xB2,0xE5,
    0xD3,0xE5,0xD3,0xE5,0xB2,0xE5,0x34,0xEE,0x7C,0xFF,0xB7,0xF6,0x7B,0xFF,0xD0,0xDD,
    0x12,0xE6,0x9C,0xFF,0x7B,0xFF,0x9C,0xFF,0x9C,0xFF,0x9C,0xFF,0x9C,0xFF,0x9C,0xFF,
    0x9C,0xFF,0x9C,0xFF,0x9C,0xFF,0x9C,0xFF,0x9C,0xFF,0x9C,0xFF,0x9C,0xFF,0x9C,0xFF,
    0x9C,0xFF,0x9C,0xFF,0x9C,0xFF,0x9C,0xFF,0x9C,0xFF,0x9C,0xFF,0x9C,0xFF,0x9C,0xFF,
    0x9C,0xFF,0x9C,0xFF,0x9C,0xFF,0x9C,0xFF,0x9C,0xFF,0x9C,0xFF,0x9C,0xFF,0x9C,0xFF,
    0x9C,0xFF,0x9C,0xFF,0x9C,0xFF,0x9C,0xFF,0x9C,0xFF,0x9C,0xFF,0x9C,0xFF,0x9C,0xFF,
    0x9C,0xFF,0x9C,0xFF,0x9C,0xFF,0x9C,0xFF,0x9C,0xFF,0xD7,0xFE,0x95,0xFE,0x17,0xFF,
    0x14,0xE6,0x51,0xD5,0xAD,0xCC,0x4B,0xC4,0x2B,0xC4,0x2B,0xBC,0xAC,0xBC,0x8C,0xCC,
    0x8C,0xC4,0x2A,0xA4,0xAC,0xD4,0xED,0xCC,0x2E,0xD5,0xCD,0xD4,0x8C,0xCC,0x8C,0xCC,
    0x91,0xDD,0xD7,0xF6,0x9C,0xFF,0x3A,0xFF,0x5A,0xFF,0x5A,0xFF,0x54,0xE6,0x9C,0xFF,
    0x7B,0xFF,0x9C,0xFF,0x7C,0xFF,0x7B,0xFF,0x9C,0xFF,0x9C,0xFF,0x9C,0xFF,0x9C,0xFF,
    0x9C,0xFF,0x9C,0xFF,0x9C,0xFF,0x9C,0xFF,0x9C,0xFF,0x9C,0xFF,0x9C,0xFF,0x9C,0xFF,
    0x9C,0xFF,0x9C,0xFF,0x9C,0xFF,0x9C,0xFF,0x9C,0xFF,0x9C,0xFF,0x9C,0xFF,0x9C,0xFF,
    0x9C,0xFF,0x9C,0xFF,0x9C,0xFF,0x9C,0xFF,0x9C,0xFF,0x9C,0xFF,0x9C,0xFF,0x9C,0xFF,
    0x9C,0xFF,0x9C,0xFF,0x9C,0xFF,0x9C,0xFF,0x9C,0xFF,0x9C,0xFF,0x9C,0xFF,0x9C,0xFF,
    0x9C,0xFF,0x7B,0xFF,0x74,0xFE,0xF6,0xFE,0x94,0xFE,0x11,0xFE,0x55,0xEE,0x14,0xE6,
    0x71,0xDD,0xEE,0xCC,0x6C,0xBC,0x4B,0xC4,0x6B,0xB4,0x8C,0xCC,0x6B,0xBC,0x2A,0xAC,
    0xAC,0xCC,0x2E,0xD5,0xB1,0xE5,0xD2,0xE5,0x14,0xE6,0xF9,0xF6,0x9C,0xFF,0x9C,0xFF,
    0x9C,0xFF,0xF8,0xFE,0xD8,0xF6,0x7B,0xFF,0xB6,0xEE,0x5A,0xFF,0x5B,0xFF,0x7C,0xFF,
    0x7B,0xFF,0x7B,0xFF,0x7B,0xFF,0x7C,0xFF,0x5A,0xFF,0x5A,0xFF,0x9C,0xFF,0x9C,0xFF,
    0x9C,0xFF,0x9C,0xFF,0x9C,0xFF,0x9C,0xFF,0x9C,0xFF,0x9C,0xFF,0x9C,0xFF,0x9C,0xFF,
    0x9C,0xFF,0x9C,0xFF,0x9C,0xFF,0x9C,0xFF,0x9C,0xFF,0x9C,0xFF,0x9C,0xFF,0x9C,0xFF,
    0x9C,0xFF,0x9C,0xFF,0x9C,0xFF,0x9C,0xFF,0x9C,0xFF,0x9C,0xFF,0x9C,0xFF,0x9C,0xFF,
    0x9C,0xFF,0x9C,0xFF,0x9C,0xFF,0x9C,0xFF,0x9C,0xFF,0x9C,0xFF,0x5A,0xFF,0x53,0xFE,
    0xF7,0xFE,0xF0,0xFD,0x6E,0xFD,0xAF,0xFD,0xD3,0xE5,0x14,0xE6,0x55,0xEE,0x76,0xEE,
    0xF8,0xF6,0x19,0xF7,0xB7,0xEE,0x75,0xEE,0xB7,0xEE,0x3A,0xF7,0x7B,0xFF,0x7C,0xFF,
    0x9C,0xFF,0x9C,0xFF,0x9C,0xFF,0x9C,0xFF,0x9C,0xFF,0x7C,0xFF,0x9C,0xFF,0x55,0xF6,
    0x76,0xF6,0x19,0xFF,0x75,0xF6,0x75,0xF6,0xD7,0xF6,0x39,0xFF,0x7C,0xFF,0x9C,0xFF,
    0x5A,0xFF,0x5A,0xFF,0x5A,0xFF,0x3A,0xFF,0x7B,0xFF,0x9C,0xFF,0x9C,0xFF,0x9C,0xFF,
    0x9C,0xFF,0x9C,0xFF,0x9C,0xFF,0x9C,0xFF,0x9C,0xFF,0x9C,0xFF,0x9C,0xFF,0x9C,0xFF,
    0x9C,0xFF,0x9C,0xFF,0x9C,0xFF,0x9C,0xFF,0x9C,0xFF,0x9C,0xFF,0x9C,0xFF,0x9C,0xFF,
    0x9C,0xFF,0x9C,0xFF,0x9C,0xFF,0x9C,0xFF,0x9C,0xFF,0x9C,0xFF,0x9C,0xFF,0x9C,0xFF,
    0x9C,0xFF,0x9C,0xFF,0x9C,0xFF,0x7B,0xFF,0x53,0xFE,0xB4,0xFE,0xCF,0xFD,0xAF,0xFD,
    0xCF,0xFD,0xD0,0xFD,0xF4,0xE5,0xD3,0xDD,0xD3,0xE5,0xF4,0xE5,0x14,0xE6,0x56,0xEE,
    0x96,0xF6,0x5A,0xFF,0x9C,0xFF,0x9C,0xFF,0x9C,0xFF,0x7B,0xFF,0x9C,0xFF,0x7C,0xFF,
    0x9C,0xFF,0x9C,0xFF,0x9C,0xFF,0x9C,0xFF,0x9C,0xFF,0xB1,0xE5,0xF3,0xE5,0x14,0xEE,
    0x34,0xF6,0x19,0xFF,0x9C,0xFF,0x3A,0xFF,0x19,0xFF,0x7C,0xFF,0x5B,0xFF,0x7B,0xFF,
    0x7B,0xFF,0x7B,0xFF,0x7C,0xFF,0x9C,0xFF,0x9C,0xFF,0x9C,0xFF,0x9C,0xFF,0x9C,0xFF,
    0x9C,0xFF,0x9C,0xFF,0x9C,0xFF,0x9C,0xFF,0x9C,0xFF,0x9C,0xFF,0x9C,0xFF,0x9C,0xFF,
    0x9C,0xFF,0x9C,0xFF,0x9C,0xFF,0x9C,0xFF,0x9C,0xFF,0x9C,0xFF,0x9C,0xFF,0x9C,0xFF,
    0x9C,0xFF,0x9C,0xFF,0x9C,0xFF,0x9C,0xFF,0x9C,0xFF,0x9C,0xFF,0x9C,0xFF,0x9C,0xFF,
    0x9C,0xFF,0x74,0xFE,0xD5,0xFE,0xAE,0xFD,0x4D,0xFD,0xCF,0xFD,0xD0,0xFD,0xD0,0xFD,
    0xB2,0xDD,0xF4,0xE5,0x35,0xE6,0x35,0xE6,0xF4,0xE5,0xF3,0xE5,0x35,0xEE,0x3A,0xFF,
    0x5B,0xFF,0x7C,0xFF,0x9C,0xFF,0x7C,0xFF,0x9C,0xFF,0x7B,0xFF,0x9C,0xFF,0x9C,0xFF,
    0x9C,0xFF,0x9C,0xFF,0x5A,0xFF,0x76,0xEE,0x3A,0xFF,0x9C,0xFF,0x9C,0xFF,0x9C,0xFF,
    0x9C,0xFF,0x9C,0xFF,0x95,0xF6,0x7B,0xFF,0x5B,0xFF,0x7C,0xFF,0x9C,0xFF,0x9C,0xFF,
    0x9C,0xFF,0x9C,0xFF,0x9C,0xFF,0x9C,0xFF,0x9C,0xFF,0x9C,0xFF,0x9C,0xFF,0x9C,0xFF,
    0x9C,0xFF,0x9C,0xFF,0x9C,0xFF,0x9C,0xFF,0x9C,0xFF,0x9C,0xFF,0x9C,0xFF,0x9C,0xFF,
    0x9C,0xFF,0x9C,0xFF,0x9C,0xFF,0x9C,0xFF,0x9C,0xFF,0x9C,0xFF,0x9C,0xFF,0x9C,0xFF,
    0x9C,0xFF,0x9C,0xFF,0x9C,0xFF,0x9C,0xFF,0x9C,0xFF,0x9C,0xFF,0x19,0xFF,0x53,0xFE,
    0x10,0xFE,0x6E,0xFD,0xAF,0xFD,0xAF,0xFD,0xAF,0xFD,0xAF,0xFD,0x50,0xD5,0xB2,0xDD,
    0xD3,0xE5,0xD3,0xE5,0xF3,0xE5,0xD3,0xE5,0x35,0xEE,0x5A,0xFF,0x5A,0xFF,0x5A,0xFF,
    0x3A,0xFF,0x7B,0xFF,0x7B,0xFF,0x7B,0xFF,0x7B,0xFF,0x5B,0xFF,0x7B,0xFF,0x9C,0xFF,
    0x9C,0xFF,0x9C,0xFF,0x9C,0xFF,0x9C,0xFF,0x9C,0xFF,0x9C,0xFF,0x9C,0xFF,0x7B,0xFF,
    0xD7,0xFE,0x7B,0xFF,0x7B,0xFF,0x9C,0xFF,0x9C,0xFF,0x9C,0xFF,0x9C,0xFF,0x9C,0xFF,
    0x9C,0xFF,0x9C,0xFF,0x9C,0xFF,0x9C,0xFF,0x9C,0xFF,0x9C,0xFF,0x9C,0xFF,0x9C,0xFF,
    0x9C,0xFF,0x9C,0xFF,0x9C,0xFF,0x9C,0xFF,0x9C,0xFF,0x9C,0xFF,0x9C,0xFF,0x9C,0xFF,
    0x9C,0xFF,0x9C,0xFF,0x9C,0xFF,0x9C,0xFF,0x9C,0xFF,0x9C,0xFF,0x9C,0xFF,0x9C,0xFF,
    0x9C,0xFF,0x9C,0xFF,0x9C,0xFF,0x9C,0xFF,0x53,0xF6,0x53,0xFE,0x4D,0xFD,0x6E,0xFD,
    0xAF,0xFD,0xAF,0xFD,0xAF,0xFD,0xAF,0xFD,0xF4,0xE5,0xF4,0xE5,0xF4,0xE5,0x14,0xEE,
    0xB7,0xF6,0x97,0xF6,0xB7,0xF6,0xF8,0xFE,0xD7,0xF6,0x55,0xEE,0x75,0xEE,0x5B,0xFF,
    0x9C,0xFF,0x9C,0xFF,0x9C,0xFF,0x9C,0xFF,0x9C,0xFF,0x9C,0xFF,0x9C,0xFF,0x9C,0xFF,
    0x9C,0xFF,0x9C,0xFF,0x9C,0xFF,0x9C,0xFF,0x9C,0xFF,0x9C,0xFF,0x39,0xFF,0x9C,0xFF,
    0x7B,0xFF,0x9C,0xFF,0x7C,0xFF,0x7C,0xFF,0x9C,0xFF,0x9C,0xFF,0x9C,0xFF,0x9C,0xFF,
    0x9C,0xFF,0x9C,0xFF,0x9C,0xFF,0x9C,0xFF,0x9C,0xFF,0x9C,0xFF,0x9C,0xFF,0x9C,0xFF,
    0x9C,0xFF,0x9C,0xFF,0x9C,0xFF,0x9C,0xFF,0x9C,0xFF,0x9C,0xFF,0x9C,0xFF,0x9C,0xFF,
    0x9C,0xFF,0x9C,0xFF,0x9C,0xFF,0x9C,0xFF,0x9C,0xFF,0x9C,0xFF,0x9C,0xFF,0x9C,0xFF,
    0x9C,0xFF,0x5B,0xFF,0x12,0xFE,0x11,0xFE,0x4D,0xFD,0x6E,0xFD,0x8E,0xFD,0x8F,0xFD,
    0x8E,0xFD,0x8F,0xFD,0xF4,0xE5,0xF4,0xE5,0x14,0xE6,0x35,0xE6,0x76,0xEE,0x55,0xEE,
    0x55,0xEE,0x34,0xEE,0xF8,0xF6,0x9C,0xFF,0x9C,0xFF,0x9C,0xFF,0x9C,0xFF,0x9C,0xFF,
    0x9C,0xFF,0x9C,0xFF,0x9C,0xFF,0x9C,0xFF,0x9C,0xFF,0x9C,0xFF,0x7C,0xFF,0x7C,0xFF,
    0x9C,0xFF,0x9C,0xFF,0x9C,0xFF,0x9C,0xFF,0xF8,0xFE,0x7B,0xFF,0x7C,0xFF,0x9C,0xFF,
    0x9C,0xFF,0x7C,0xFF,0x9C,0xFF,0x9C,0xFF,0x9C,0xFF,0x9C,0xFF,0x9C,0xFF,0x9C,0xFF,
    0x9C,0xFF,0x9C,0xFF,0x9C,0xFF,0x9C,0xFF,0x9C,0xFF,0x9C,0xFF,0x9C,0xFF,0x9C,0xFF,
    0x9C,0xFF,0x9C,0xFF,0x9C,0xFF,0x9C,0xFF,0x9C,0xFF,0x9C,0xFF,0x9C,0xFF,0x9C,0xFF,
    0x9C,0xFF,0x9C,0xFF,0x9C,0xFF,0x9C,0xFF,0x9C,0xFF,0x9C,0xFF,0x9C,0xFF,0xF8,0xFE,
    0xF1,0xFD,0x8E,0xFD,0x6E,0xFD,0x6E,0xFD,0x6E,0xFD,0x6E,0xFD,0x8E,0xFD,0x8E,0xFD,
    0xF4,0xE5,0xF4,0xE5,0x14,0xE6,0x14,0xE6,0xF4,0xE5,0xF3,0xE5,0xF3,0xE5,0xF3,0xE5,
    0x14,0xE6,0x7B,0xFF,0x7C,0xFF,0x9C,0xFF,0x9C,0xFF,0x9C,0xFF,0x9C,0xFF,0x9C,0xFF,
    0x9C,0xFF,0x9C,0xFF,0x9C,0xFF,0x9C,0xFF,0x9C,0xFF,0x9C,0xFF,0x9C,0xFF,0x9C,0xFF,
    0x9C,0xFF,0x9C,0xFF,0x32,0xEE,0x32,0xE6,0x54,0xEE,0x39,0xFF,0x9C,0xFF,0x9C,0xFF,
    0x9C,0xFF,0x9C,0xFF,0x9C,0xFF,0x9C,0xFF,0x9C,0xFF,0x9C,0xFF,0x9C,0xFF,0x9C,0xFF,
    0x9C,0xFF,0x9C,0xFF,0x9C,0xFF,0x9C,0xFF,0x9C,0xFF,0x9C,0xFF,0x9C,0xFF,0x9C,0xFF,
    0x9C,0xFF,0x9C,0xFF,0x9C,0xFF,0x9C,0xFF,0x9C,0xFF,0x9C,0xFF,0x9C,0xFF,0x9C,0xFF,
    0x9C,0xFF,0x9C,0xFF,0x9C,0xFF,0x9C,0xFF,0x9C,0xFF,0x75,0xF6,0xF1,0xFD,0x4D,0xFD,
    0x4E,0xFD,0x6E,0xFD,0x6E,0xFD,0x6E,0xFD,0x6E,0xFD,0x6E,0xFD,0xD3,0xDD,0xF4,0xE5,
    0xF4,0xE5,0x14,0xE6,0x14,0xE6,0xF3,0xE5,0x14,0xE6,0x35,0xE6,0x34,0xE6,0x7B,0xFF,
    0x9C,0xFF,0x9C,0xFF,0x9C,0xFF,0x7C,0xFF,0x9C,0xFF,0x9C,0xFF,0x9C,0xFF,0x9C,0xFF,
    0x9C,0xFF,0x9C,0xFF,0x9C,0xFF,0x9C,0xFF,0x9C,0xFF,0x9C,0xFF,0x9C,0xFF,0x7B,0xFF,
    0x32,0xEE,0x73,0xEE,0x74,0xEE,0x73,0xEE,0x73,0xEE,0x74,0xEE,0xD7,0xF6,0x7B,0xFF,
    0x9C,0xFF,0x9C,0xFF,0x9C,0xFF,0x9C,0xFF,0x9C,0xFF,0x9C,0xFF,0x9C,0xFF,0x9C,0xFF,
    0x9C,0xFF,0x9C,0xFF,0x9C,0xFF,0x9C,0xFF,0x9C,0xFF,0x9C,0xFF,0x9C,0xFF,0x9C,0xFF,
    0x9C,0xFF,0x9C,0xFF,0x9C,0xFF,0x9C,0xFF,0x9C,0xFF,0x9C,0xFF,0x9C,0xFF,0x9C,0xFF,
    0x9C,0xFF,0x9C,0xFF,0x9C,0xFF,0x33,0xF6,0xF0,0xFD,0x2D,0xFD,0x4D,0xFD,0x4E,0xFD,
    0x4E,0xFD,0x4E,0xFD,0x6E,0xFD,0x4E,0xFD,0xB2,0xDD,0xD3,0xE5,0xD3,0xE5,0xF4,0xE5,
    0x14,0xE6,0xD3,0xE5,0x14,0xE6,0x35,0xEE,0x35,0xEE,0x7B,0xFF,0x9C,0xFF,0x9C,0xFF,
    0x7B,0xFF,0x7C,0xFF,0x9C,0xFF,0x9C,0xFF,0x9C,0xFF,0x9C,0xFF,0x9C,0xFF,0x9C,0xFF,
    0x9C,0xFF,0x9C,0xFF,0x9C,0xFF,0x9C,0xFF,0x9C,0xFF,0x7C,0xFF,0x53,0xEE,0x94,0xEE,
    0x94,0xEE,0x94,0xEE,0x73,0xEE,0x53,0xEE,0x53,0xEE,0x32,0xE6,0x53,0xEE,0x95,0xEE,
    0x5A,0xFF,0x9C,0xFF,0x9C,0xFF,0x9C,0xFF,0x9C,0xFF,0x9C,0xFF,0x9C,0xFF,0x9C,0xFF,
    0x9C,0xFF,0x9C,0xFF,0x9C,0xFF,0x9C,0xFF,0x9C,0xFF,0x9C,0xFF,0x9C,0xFF,0x9C,0xFF,
    0x9C,0xFF,0x9C,0xFF,0x9C,0xFF,0x9C,0xFF,0x9C,0xFF,0x9C,0xFF,0x9C,0xFF,0x9C,0xFF,
    0x9C,0xFF,0x12,0xF6,0xAF,0xFD,0x6E,0xFD,0x4E,0xFD,0x2D,0xFD,0x4D,0xFD,0x4E,0xFD,
    0x4E,0xFD,0x4E,0xFD,0xD3,0xE5,0xD3,0xDD,0xD3,0xE5,0x14,0xE6,0x14,0xE6,0x14,0xE6,
    0x14,0xE6,0x14,0xE6,0x34,0xEE,0x7B,0xFF,0x9C,0xFF,0x9C,0xFF,0x7B,0xFF,0x9C,0xFF,
    0x9C,0xFF,0x9C,0xFF,0x9C,0xFF,0x9C,0xFF,0x9C,0xFF,0x9C,0xFF,0x9C,0xFF,0x9C,0xFF,
    0x9C,0xFF,0x9C,0xFF,0x9C,0xFF,0x9C,0xFF,0x32,0xE6,0x53,0xE6,0x53,0xE6,0x73,0xEE,
    0x73,0xEE,0x73,0xEE,0x94,0xEE,0xB5,0xEE,0x73,0xEE,0x52,0xEE,0x32,0xE6,0x53,0xEE,
    0x95,0xEE,0x39,0xFF,0x9C,0xFF,0x9C,0xFF,0x9C,0xFF,0x9C,0xFF,0x9C,0xFF,0x9C,0xFF,
    0x9C,0xFF,0x9C,0xFF,0x9C,0xFF,0x9C,0xFF,0x9C,0xFF,0x9C,0xFF,0x9C,0xFF,0x9C,0xFF,
    0x9C,0xFF,0x9C,0xFF,0x9C,0xFF,0x9C,0xFF,0x9C,0xFF,0x9C,0xFF,0x9C,0xFF,0x33,0xF6,
    0xAF,0xFD,0x4E,0xFD,0x2D,0xFD,0x2D,0xFD,0x2D,0xFD,0x4D,0xFD,0x2D,0xFD,0x2D,0xFD,
    0xD3,0xE5,0xD3,0xE5,0xD2,0xE5,0xF4,0xE5,0x14,0xE6,0x14,0xE6,0x14,0xE6,0x14,0xE6,
    0x14,0xE6,0x5A,0xFF,0x9C,0xFF,0x7C,0xFF,0x7C,0xFF,0x9C,0xFF,0x9C,0xFF,0x9C,0xFF,
    0x9C,0xFF,0x9C,0xFF,0x9C,0xFF,0x9C,0xFF,0x9C,0xFF,0x9C,0xFF,0x9C,0xFF,0x9C,0xFF,
    0x7B,0xFF,0x54,0xEE,0x11,0xE6,0x73,0xEE,0x73,0xEE,0x53,0xEE,0x73,0xEE,0x74,0xEE,
    0x74,0xEE,0x74,0xEE,0x94,0xEE,0xB5,0xEE,0xB5,0xEE,0x73,0xEE,0x32,0xE6,0x32,0xE6,
    0xF8,0xF6,0x9C,0xFF,0x9C,0xFF,0x9C,0xFF,0x9C,0xFF,0x9C,0xFF,0x9C,0xFF,0x9C,0xFF,
    0x9C,0xFF,0x9C,0xFF,0x9C,0xFF,0x9C,0xFF,0x9C,0xFF,0x9C,0xFF,0x9C,0xFF,0x9C,0xFF,
    0x9C,0xFF,0x9C,0xFF,0x9C,0xFF,0x9C,0xFF,0x9C,0xFF,0x75,0xF6,0xAF,0xFD,0x2D,0xFD,
    0x2D,0xFD,0x2D,0xFD,0x2D,0xFD,0x2D,0xFD,0x0D,0xFD,0x0D,0xFD,0xF4,0xE5,0xD3,0xE5,
    0xD3,0xE5,0x14,0xE6,0xF3,0xE5,0xF4,0xE5,0x14,0xE6,0x14,0xE6,0x14,0xE6,0xF8,0xFE,
    0x9C,0xFF,0x7C,0xFF,0x7B,0xFF,0x7C,0xFF,0x9C,0xFF,0x9C,0xFF,0x9C,0xFF,0x9C,0xFF,
    0x9C,0xFF,0x9C,0xFF,0x7B,0xFF,0x3A,0xFF,0xB6,0xEE,0x12,0xE6,0xF1,0xDD,0x32,0xE6,
    0x73,0xEE,0x53,0xEE,0x73,0xEE,0x73,0xEE,0x73,0xEE,0x74,0xEE,0x74,0xEE,0x94,0xEE,
    0xB5,0xEE,0xD6,0xF6,0x53,0xEE,0x32,0xEE,0x74,0xF6,0x53,0xEE,0xD7,0xEE,0x9C,0xFF,
    0x9C,0xFF,0x9C,0xFF,0x9C,0xFF,0x9C,0xFF,0x9C,0xFF,0x9C,0xFF,0x9C,0xFF,0x9C,0xFF,
    0x9C,0xFF,0x9C,0xFF,0x9C,0xFF,0x9C,0xFF,0x9C,0xFF,0x9C,0xFF,0x9C,0xFF,0x9C,0xFF,
    0x9C,0xFF,0x9C,0xFF,0x9C,0xFF,0xF8,0xFE,0x8F,0xFD,0x4E,0xFD,0x0D,0xFD,0x2D,0xFD,
    0x0D,0xFD,0x0D,0xFD,0x0D,0xFD,0x0D,0xFD,0xB2,0xDD,0xD3,0xE5,0xF3,0xE5,0x15,0xE6,
    0xF3,0xE5,0xF4,0xE5,0xF4,0xE5,0xB2,0xE5,0xF3,0xE5,0xD7,0xFE,0x7B,0xFF,0x7C,0xFF,
    0x9C,0xFF,0x9C,0xFF,0x9C,0xFF,0x9C,0xFF,0x9C,0xFF,0x19,0xFF,0x75,0xEE,0x33,0xE6,
    0x11,0xE6,0x11,0xE6,0x32,0xE6,0x53,0xE6,0x73,0xEE,0x73,0xEE,0x73,0xEE,0x94,0xEE,
    0x94,0xEE,0x94,0xEE,0x74,0xEE,0x53,0xEE,0x53,0xEE,0xB6,0xF6,0xD7,0xFE,0x5B,0xFF,
    0x7B,0xFF,0x7B,0xFF,0x9C,0xFF,0x3A,0xFF,0x39,0xF7,0x9C,0xFF,0x9C,0xFF,0x9C,0xFF,
    0x9C,0xFF,0x9C,0xFF,0x9C,0xFF,0x9C,0xFF,0x9C,0xFF,0x9C,0xFF,0x9C,0xFF,0x9C,0xFF,
    0x9C,0xFF,0x9C,0xFF,0x9C,0xFF,0x9C,0xFF,0x9C,0xFF,0x9C,0xFF,0x9C,0xFF,0x9C,0xFF,
    0x9C,0xFF,0x7B,0xFF,0x6F,0xF5,0x6E,0xFD,0xEC,0xFC,0x2D,0xFD,0x0D,0xFD,0x0D,0xFD,
    0x0D,0xFD,0x0D,0xFD,0xEF,0xC4,0x0F,0xC5,0x30,0xCD,0x91,0xD5,0xB2,0xDD,0xD3,0xE5,
    0xF3,0xE5,0xF4,0xE5,0xF4,0xE5,0x5A,0xFF,0x9C,0xFF,0x9C,0xFF,0x7C,0xFF,0x3A,0xFF,
    0x95,0xEE,0x33,0xE6,0x12,0xE6,0x12,0xE6,0x12,0xE6,0x53,0xE6,0x73,0xEE,0x73,0xEE,
    0x74,0xEE,0x74,0xEE,0x73,0xEE,0x73,0xEE,0x73,0xEE,0x53,0xEE,0x53,0xEE,0x74,0xEE,
    0xD6,0xF6,0x39,0xFF,0x7B,0xFF,0x9C,0xFF,0x7C,0xFF,0x5A,0xFF,0x5A,0xFF,0x9C,0xFF,
    0x9C,0xFF,0x19,0xF7,0x95,0xEE,0x9C,0xFF,0x7B,0xFF,0x7C,0xFF,0x9C,0xFF,0x9C,0xFF,
    0x9C,0xFF,0x9C,0xFF,0x9C,0xFF,0x9C,0xFF,0x9C,0xFF,0x9C,0xFF,0x9C,0xFF,0x9C,0xFF,
    0x9C,0xFF,0x9C,0xFF,0x9C,0xFF,0x9C,0xFF,0x9C,0xFF,0x9C,0xFF,0x7C,0xFF,0x9C,0xFF,
    0xD2,0xF5,0x6E,0xFD,0x0D,0xFD,0xED,0xFC,0x0D,0xFD,0x0D,0xFD,0x0D,0xFD,0x0D,0xFD,
    0x50,0xCD,0x30,0xC5,0x2F,0xC5,0x0F,0xC5,0xEE,0xBC,0xEE,0xC4,0x0F,0xCD,0x50,0xD5,
    0x70,0xD5,0x33,0xEE,0xB7,0xF6,0x75,0xEE,0x53,0xE6,0xF2,0xE5,0xF1,0xDD,0x12,0xE6,
    0x53,0xE6,0x74,0xEE,0x94,0xEE,0x94,0xEE,0x94,0xEE,0x73,0xEE,0x53,0xE6,0x53,0xEE,
    0x73,0xEE,0x74,0xF6,0xD6,0xF6,0x39,0xFF,0x7B,0xFF,0x9C,0xFF,0x9C,0xFF,0x9C,0xFF,
    0x9C,0xFF,0x93,0xF6,0xB4,0xF6,0x72,0xF6,0x94,0xF6,0x9C,0xFF,0x9C,0xFF,0x19,0xF7,
    0x74,0xEE,0x7C,0xFF,0x7B,0xFF,0x7C,0xFF,0x7C,0xFF,0x7C,0xFF,0x7C,0xFF,0x9C,0xFF,
    0x9C,0xFF,0x9C,0xFF,0x9C,0xFF,0x9C,0xFF,0x9C,0xFF,0x9C,0xFF,0x9C,0xFF,0x9C,0xFF,
    0x9C,0xFF,0x9C,0xFF,0x9C,0xFF,0x9C,0xFF,0x9C,0xFF,0x7B,0xFF,0x19,0xFF,0x2D,0xF5,
    0x6E,0xFD,0xEC,0xFC,0x0D,0xFD,0xED,0xFC,0x0D,0xFD,0x0D,0xFD,0x30,0xC5,0x30,0xC5,
    0x30,0xC5,0x50,0xCD,0x30,0xC5,0x2F,0xC5,0x2F,0xC5,0xEE,0xBC,0xEE,0xBC,0x0E,0xC5,
    0x2F,0xC5,0x90,0xD5,0xF1,0xDD,0x32,0xE6,0x74,0xEE,0x74,0xEE,0x73,0xEE,0x73,0xEE,
    0x53,0xEE,0x73,0xEE,0x74,0xEE,0x74,0xEE,0x95,0xF6,0x39,0xFF,0x7B,0xFF,0x9C,0xFF,
    0x9C,0xFF,0x9C,0xFF,0x9C,0xFF,0x9C,0xFF,0x9C,0xFF,0x9C,0xFF,0x9C,0xFF,0x71,0xF6,
    0xD5,0xF6,0x39,0xFF,0x5B,0xFF,0x9C,0xFF,0x9C,0xFF,0x96,0xEE,0x75,0xEE,0x7C,0xFF,
    0x7C,0xFF,0x7C,0xFF,0x7C,0xFF,0x7C,0xFF,0x7C,0xFF,0x7C,0xFF,0x9C,0xFF,0x9C,0xFF,
    0x9C,0xFF,0x9C,0xFF,0x9C,0xFF,0x9C,0xFF,0x9C,0xFF,0x9C,0xFF,0x9C,0xFF,0x9C,0xFF,
    0x9C,0xFF,0x9C,0xFF,0x9C,0xFF,0x5B,0xFF,0x9C,0xFF,0xD2,0xF5,0x2D,0xFD,0x6E,0xFD,
    0xEC,0xFC,0x0D,0xFD,0x0D,0xFD,0x0D,0xFD,0x50,0xC5,0x50,0xCD,0x50,0xCD,0x30,0xC5,
    0x30,0xC5,0x2F,0xC5,0x2F,0xC5,0x2F,0xC5,0x2F,0xC5,0x2F,0xC5,0x2F,0xC5,0x2F,0xC5,
    0xEE,0xC4,0x2F,0xC5,0xF2,0xDD,0x74,0xEE,0xB6,0xEE,0x18,0xF7,0x39,0xFF,0x5A,0xFF,
    0x7B,0xFF,0x9C,0xFF,0x9C,0xFF,0x9C,0xFF,0x9C,0xFF,0x9C,0xFF,0x9C,0xFF,0x9C,0xFF,
    0x9C,0xFF,0x9C,0xFF,0x9C,0xFF,0x9C,0xFF,0x9C,0xFF,0x7A,0xFF,0x7A,0xFF,0x7C,0xFF,
    0x39,0xFF,0x95,0xEE,0x33,0xE6,0xD1,0xDD,0x33,0xEE,0x74,0xF6,0xF8,0xFE,0x7B,0xFF,
    0x7C,0xFF,0x7C,0xFF,0x7C,0xFF,0x7C,0xFF,0x7C,0xFF,0x9C,0xFF,0x9C,0xFF,0x9C,0xFF,
    0x9C,0xFF,0x9C,0xFF,0x9C,0xFF,0x9C,0xFF,0x9C,0xFF,0x9C,0xFF,0x9C,0xFF,0x9C,0xFF,
    0x9C,0xFF,0x7C,0xFF,0x3A,0xFF,0x7C,0xFF,0x2E,0xF5,0x4D,0xFD,0x6E,0xFD,0xEC,0xFC,
    0xEC,0xFC,0x0D,0xFD,0x8D,0xAC,0x0F,0xBD,0x50,0xCD,0x30,0xC5,0x50,0xCD,0x0F,0xC5,
    0x0F,0xC5,0x2F,0xC5,0x2F,0xC5,0x2F,0xC5,0x2F,0xC5,0x0F,0xC5,0x0F,0xC5,0x2F,0xC5,
    0xD1,0xDD,0x7B,0xFF,0x9C,0xFF,0x9C,0xFF,0x9C,0xFF,0x7B,0xFF,0x7B,0xFF,0x9C,0xFF,
    0x9C,0xFF,0x9C,0xFF,0x9C,0xFF,0x9C,0xFF,0x9C,0xFF,0x9C,0xFF,0x9C,0xFF,0x9C,0xFF,
    0x9C,0xFF,0x7C,0xFF,0x3A,0xFF,0x95,0xEE,0x33,0xE6,0xD0,0xDD,0xB0,0xDD,0xF1,0xDD,
    0x32,0xE6,0x94,0xF6,0xF7,0xF6,0x18,0xFF,0x95,0xF6,0x54,0xF6,0x9C,0xFF,0x7B,0xFF,
    0x7C,0xFF,0x7C,0xFF,0x7C,0xFF,0x9C,0xFF,0x9C,0xFF,0x9C,0xFF,0x9C,0xFF,0x9C,0xFF,
    0x9C,0xFF,0x9C,0xFF,0x9C,0xFF,0x9C,0xFF,0x9C,0xFF,0x9C,0xFF,0x9C,0xFF,0x9C,0xFF,
    0x5A,0xFF,0x7B,0xFF,0x5B,0xFF,0xEC,0xF4,0x2D,0xFD,0x6E,0xFD,0xEC,0xFC,0xEC,0xFC,
    0x0F,0xCD,0xCE,0xBC,0xAD,0xB4,0x8D,0xAC,0xCE,0xBC,0x30,0xC5,0x30,0xC5,0x0F,0xC5,
    0x2F,0xC5,0x2F,0xC5,0x2F,0xC5,0x2F,0xC5,0x2F,0xC5,0x4F,0xC5,0x13,0xE6,0x9C,0xFF,
    0x7C,0xFF,0x59,0xFF,0x7C,0xFF,0x9C,0xFF,0x9C,0xFF,0x9C,0xFF,0x9C,0xFF,0x9C,0xFF,
    0x9C,0xFF,0x9C,0xFF,0x9C,0xFF,0x9C,0xFF,0x5A,0xFF,0x95,0xEE,0x12,0xE6,0xD1,0xDD,
    0x90,0xD5,0xD1,0xDD,0x53,0xEE,0xB5,0xEE,0xF7,0xF6,0xB5,0xF6,0x73,0xF6,0x73,0xF6,
    0x74,0xF6,0x74,0xF6,0xF1,0xED,0xF8,0xFE,0x9C,0xFF,0x7C,0xFF,0x7C,0xFF,0x9C,0xFF,
    0x7C,0xFF,0x9C,0xFF,0x9C,0xFF,0x9C,0xFF,0x9C,0xFF,0x9C,0xFF,0x9C,0xFF,0x9C,0xFF,
    0x9C,0xFF,0x9C,0xFF,0x9C,0xFF,0x9C,0xFF,0x9C,0xFF,0x9C,0xFF,0x7C,0xFF,0x39,0xFF,
    0x7C,0xFF,0x7B,0xFF,0x0E,0xF5,0xEC,0xFC,0x6F,0xFD,0x4E,0xFD,0xB2,0xE5,0xB2,0xE5,
    0x71,0xDD,0x0F,0xCD,0x8D,0xBC,0x8D,0xB4,0xAD,0xB4,0xAD,0xB4,0x0E,0xC5,0x4F,0xCD,
    0x0F,0xC5,0x2F,0xC5,0x50,0xCD,0x50,0xCD,0x33,0xE6,0x9C,0xFF,0x7B,0xFF,0xD6,0xFE,
    0x5A,0xFF,0x9C,0xFF,0x9C,0xFF,0x9C,0xFF,0x9C,0xFF,0x7C,0xFF,0x5A,0xFF,0xD7,0xF6,
    0x33,0xE6,0xD1,0xDD,0xD0,0xDD,0xF1,0xDD,0x53,0xE6,0xB5,0xEE,0x18,0xFF,0x17,0xFF,
    0x94,0xF6,0x73,0xF6,0x53,0xF6,0x53,0xF6,0x74,0xF6,0xD7,0xFE,0x3A,0xFF,0x7B,0xFF,
    0x33,0xF6,0x9C,0xFF,0x9C,0xFF,0x7C,0xFF,0x7C,0xFF,0x9C,0xFF,0x7C,0xFF,0x7C,0xFF,
    0x9C,0xFF,0x9C,0xFF,0x9C,0xFF,0x9C,0xFF,0x9C,0xFF,0x9C,0xFF,0x9C,0xFF,0x9C,0xFF,
    0x9C,0xFF,0x9C,0xFF,0x9C,0xFF,0x9C,0xFF,0x9C,0xFF,0x7B,0xFF,0x39,0xFF,0x7B,0xFF,
    0x9C,0xFF,0xD2,0xF5,0x8B,0xF4,0xAB,0xF4,0x30,0xD5,0x91,0xDD,0x91,0xDD,0x91,0xE5,
    0x91,0xE5,0x90,0xE5,0xF2,0xE5,0x54,0xEE,0xD7,0xFE,0x39,0xFF,0xF2,0xE5,0x0F,0xC5,
    0x70,0xCD,0x70,0xCD,0x13,0xE6,0x9C,0xFF,0x9C,0xFF,0x7C,0xFF,0x9C,0xFF,0x9C,0xFF,
    0x5A,0xFF,0x95,0xEE,0x33,0xE6,0xD1,0xDD,0xB0,0xDD,0xF1,0xE5,0x32,0xE6,0x94,0xEE,
    0xD6,0xF6,0xD5,0xF6,0xB4,0xF6,0x94,0xF6,0x94,0xFE,0x95,0xFE,0xB6,0xFE,0xF8,0xFE,
    0x5A,0xFF,0x9C,0xFF,0x9C,0xFF,0x9C,0xFF,0x9C,0xFF,0x9C,0xFF,0x34,0xF6,0x9C,0xFF,
    0x7C,0xFF,0x7C,0xFF,0x7C,0xFF,0x7C,0xFF,0x7C,0xFF,0x9C,0xFF,0x9C,0xFF,0x9C,0xFF,
    0x9C,0xFF,0x9C,0xFF,0x9C,0xFF,0x9C,0xFF,0x9C,0xFF,0x9C,0xFF,0x9C,0xFF,0x9C,0xFF,
    0x9C,0xFF,0x9C,0xFF,0x9C,0xFF,0x9C,0xFF,0x7B,0xFF,0x3A,0xFF,0x3A,0xFF,0x9C,0xFF,
    0x3A,0xFF,0xF2,0xF5,0xD2,0xE5,0x13,0xEE,0x74,0xF6,0xF7,0xFE,0x18,0xFF,0xF7,0xFE,
    0x39,0xFF,0x39,0xFF,0x18,0xFF,0xF7,0xFE,0xD6,0xFE,0x0E,0xC5,0x50,0xC5,0x4F,0xC5,
    0x90,0xD5,0x5A,0xFF,0x5B,0xFF,0xB6,0xEE,0x32,0xE6,0x8F,0xD5,0xB0,0xD5,0xD1,0xDD,
    0x53,0xE6,0x74,0xEE,0x94,0xF6,0xB4,0xF6,0x94,0xF6,0x94,0xF6,0x94,0xF6,0x94,0xFE,
    0xD6,0xFE,0x39,0xFF,0x5B,0xFF,0x7C,0xFF,0x9C,0xFF,0x9C,0xFF,0x9C,0xFF,0x9C,0xFF,
    0x9C,0xFF,0x9C,0xFF,0x9C,0xFF,0x9C,0xFF,0x95,0xF6,0x7C,0xFF,0x7C,0xFF,0x7C,0xFF,
    0x9C,0xFF,0x9C,0xFF,0x9C,0xFF,0x9C,0xFF,0x9C,0xFF,0x9C,0xFF,0x9C,0xFF,0x9C,0xFF,
    0x9C,0xFF,0x9C,0xFF,0x9C,0xFF,0x9C,0xFF,0x9C,0xFF,0x9C,0xFF,0x9C,0xFF,0x9C,0xFF,
    0x9C,0xFF,0x9C,0xFF,0x9C,0xFF,0x7B,0xFF,0x3A,0xFF,0x19,0xFF,0x5A,0xFF,0x9C,0xFF,
    0x39,0xFF,0x39,0xFF,0x39,0xFF,0x18,0xFF,0x18,0xFF,0x18,0xFF,0x18,0xFF,0x18,0xFF,
    0x18,0xFF,0xD6,0xFE,0x39,0xFF,0x70,0xDD,0xEE,0xCC,0xCD,0xC4,0xCD,0xBC,0x6F,0xCD,
    0x12,0xDE,0x32,0xE6,0x32,0xE6,0x53,0xEE,0x94,0xF6,0xD6,0xF6,0xB5,0xF6,0x74,0xF6,
    0x73,0xF6,0x74,0xF6,0xB6,0xFE,0x39,0xFF,0x7B,0xFF,0x9C,0xFF,0x9C,0xFF,0x9C,0xFF,
    0x9C,0xFF,0x9C,0xFF,0x9C,0xFF,0x9C,0xFF,0x9C,0xFF,0x9C,0xFF,0x9C,0xFF,0x9C,0xFF,
    0x9C,0xFF,0x9C,0xFF,0x53,0xF6,0xB6,0xF6,0x9C,0xFF,0x9C,0xFF,0x9C,0xFF,0x9C,0xFF,
    0x9C,0xFF,0x9C,0xFF,0x9C,0xFF,0x9C,0xFF,0x9C,0xFF,0x9C,0xFF,0x9C,0xFF,0x9C,0xFF,
    0x9C,0xFF,0x9C,0xFF,0x9C,0xFF,0x9C,0xFF,0x9C,0xFF,0x9C,0xFF,0x9C,0xFF,0x9C,0xFF,
    0x9C,0xFF,0x9C,0xFF,0x7B,0xFF,0x5A,0xFF,0x3A,0xFF,0x39,0xFF,0x39,0xFF,0x18,0xFF,
    0xF7,0xFE,0x18,0xFF,0x39,0xFF,0x39,0xFF,0x18,0xFF,0x18,0xFF,0x39,0xFF,0x39,0xFF,
    0x5A,0xFF,0xD1,0xED,0x70,0xE5,0x50,0xDD,0x2F,0xDD,0xB1,0xE5,0x95,0xF6,0xF6,0xFE,
    0x94,0xF6,0xB6,0xFE,0x54,0xF6,0x74,0xF6,0x74,0xFE,0x18,0xFF,0x7B,0xFF,0x9C,0xFF,
    0x9C,0xFF,0x9C,0xFF,0x9C,0xFF,0x9C,0xFF,0x9C,0xFF,0x9C,0xFF,0x7C,0xFF,0x5A,0xFF,
    0x18,0xFF,0x18,0xFF,0xF8,0xFE,0x19,0xFF,0xF8,0xFE,0xB6,0xF6,0x95,0xF6,0x74,0xF6,
    0x74,0xF6,0x33,0xEE,0x7B,0xFF,0x7C,0xFF,0x9C,0xFF,0x9C,0xFF,0x9C,0xFF,0x9C,0xFF,
    0x9C,0xFF,0x9C,0xFF,0x9C,0xFF,0x9C,0xFF,0x9C,0xFF,0x9C,0xFF,0x9C,0xFF,0x9C,0xFF,
    0x9C,0xFF,0x9C,0xFF,0x9C,0xFF,0x9C,0xFF,0x9C,0xFF,0x9C,0xFF,0x9C,0xFF,0x9C,0xFF,
    0x9C,0xFF,0x9C,0xFF,0x7B,0xFF,0x7B,0xFF,0xD6,0xFE,0x39,0xFF,0x7B,0xFF,0x7B,0xFF,
    0x9C,0xFF,0x9C,0xFF,0x5A,0xFF,0x39,0xFF,0x39,0xFF,0x18,0xFF,0x18,0xFF,0xF2,0xED,
    0x71,0xE5,0xB1,0xE5,0xB2,0xE5,0xB2,0xE5,0x4F,0xE5,0xD1,0xED,0x95,0xF6,0x5A,0xFF,
    0x7B,0xFF,0x5B,0xFF,0x7C,0xFF,0x9C,0xFF,0x9C,0xFF,0x9C,0xFF,0x9C,0xFF,0x9C,0xFF,
    0x7B,0xFF,0xF8,0xFE,0x75,0xF6,0x74,0xF6,0x75,0xF6,0x96,0xF6,0xD7,0xF6,0xF8,0xFE,
    0x19,0xFF,0x3A,0xFF,0x5A,0xFF,0x19,0xFF,0xF8,0xFE,0x19,0xFF,0x5B,0xFF,0x5B,0xFF,
    0x19,0xFF,0x95,0xF6,0x75,0xF6,0xD7,0xFE,0x7B,0xFF,0x9C,0xFF,0x9C,0xFF,0x9C,0xFF,
    0x9C,0xFF,0x9C,0xFF,0x9C,0xFF,0x9C,0xFF,0x9C,0xFF,0x9C,0xFF,0x9C,0xFF,0x9C,0xFF,
    0x9C,0xFF,0x9C,0xFF,0x9C,0xFF,0x9C,0xFF,0x9C,0xFF,0x9C,0xFF,0x9C,0xFF,0x9C,0xFF,
    0x9C,0xFF,0x9C,0xFF,0x7C,0xFF,0x9C,0xFF,0x9C,0xFF,0x9C,0xFF,0x9C,0xFF,0x9C,0xFF,
    0x9C,0xFF,0x7B,0xFF,0x18,0xFF,0x18,0xFF,0xF7,0xFE,0x33,0xF6,0x91,0xE5,0xB2,0xE5,
    0x91,0xE5,0x92,0xE5,0x2E,0xDD,0x95,0xFE,0x9C,0xFF,0x9C,0xFF,0x7B,0xFF,0x5A,0xFF,
    0x7C,0xFF,0x7C,0xFF,0x7C,0xFF,0x9C,0xFF,0x5A,0xFF,0x75,0xF6,0x75,0xF6,0xD8,0xFE,
    0x39,0xFF,0x7B,0xFF,0x7B,0xFF,0x5B,0xFF,0x19,0xFF,0xB6,0xFE,0x55,0xF6,0x54,0xF6,
    0x34,0xF6,0x34,0xF6,0x13,0xF6,0xF3,0xF5,0x34,0xF6,0x55,0xF6,0x75,0xF6,0xF8,0xFE,
    0x7B,0xFF,0x7B,0xFF,0xB7,0xF6,0x54,0xF6,0x5A,0xFF,0x9C,0xFF,0x9C,0xFF,0x9C,0xFF,
    0x9C,0xFF,0x9C,0xFF,0x9C,0xFF,0x9C,0xFF,0x9C,0xFF,0x9C,0xFF,0x9C,0xFF,0x9C,0xFF,
    0x9C,0xFF,0x9C,0xFF,0x9C,0xFF,0x9C,0xFF,0x9C,0xFF,0x9C,0xFF,0x9C,0xFF,0x9C,0xFF,
    0x9C,0xFF,0x9C,0xFF,0x9C,0xFF,0x9C,0xFF,0x9C,0xFF,0x9C,0xFF,0x9C,0xFF,0x9C,0xFF,
    0x7B,0xFF,0xF7,0xFE,0x17,0xFF,0x74,0xF6,0x91,0xE5,0xB2,0xE5,0x91,0xE5,0x91,0xE5,
    0x90,0xE5,0x7B,0xFF,0x9C,0xFF,0x7B,0xFF,0x5A,0xFF,0x5A,0xFF,0x9C,0xFF,0x9C,0xFF,
    0x7C,0xFF,0x33,0xF6,0x75,0xF6,0x7B,0xFF,0x9C,0xFF,0x7B,0xFF,0xF8,0xFE,0xB5,0xFE,
    0x74,0xFE,0x54,0xFE,0x54,0xF6,0x54,0xF6,0x33,0xF6,0xF3,0xF5,0xF3,0xF5,0xF3,0xF5,
    0xF3,0xF5,0xD2,0xF5,0xB2,0xED,0xB1,0xED,0xB1,0xED,0xB2,0xED,0xF3,0xF5,0x34,0xF6,
    0x19,0xFF,0x7B,0xFF,0x75,0xF6,0x75,0xF6,0x9C,0xFF,0x9C,0xFF,0x9C,0xFF,0x9C,0xFF,
    0x9C,0xFF,0x9C,0xFF,0x9C,0xFF,0x9C,0xFF,0x9C,0xFF,0x9C,0xFF,0x9C,0xFF,0x9C,0xFF,
    0x9C,0xFF,0x9C,0xFF,0x9C,0xFF,0x9C,0xFF,0x9C,0xFF,0x9C,0xFF,0x9C,0xFF,0x5B,0xFF,
    0xF1,0xFD,0x74,0xFE,0x9C,0xFF,0x9C,0xFF,0x9C,0xFF,0x9C,0xFF,0x9C,0xFF,0x3A,0xFF,
    0x39,0xFF,0xF7,0xFE,0x91,0xE5,0xB2,0xE5,0xB2,0xE5,0x91,0xE5,0xB1,0xE5,0x9C,0xFF,
    0x9C,0xFF,0x7C,0xFF,0x5A,0xFF,0x7B,0xFF,0x7C,0xFF,0x3A,0xFF,0xD2,0xED,0xF8,0xFE,
    0x9C,0xFF,0xF8,0xFE,0xB6,0xFE,0x95,0xFE,0xB6,0xFE,0xD7,0xFE,0xF8,0xFE,0xB6,0xFE,
    0x95,0xFE,0x95,0xFE,0x75,0xFE,0x34,0xF6,0x34,0xF6,0x34,0xF6,0x34,0xF6,0x34,0xF6,
    0xF3,0xF5,0xF2,0xF5,0xF2,0xF5,0xB1,0xED,0x91,0xED,0x70,0xED,0x70,0xED,0x75,0xF6,
    0x9C,0xFF,0x19,0xFF,0x33,0xF6,0x9C,0xFF,0x9C,0xFF,0x9C,0xFF,0x9C,0xFF,0x9C,0xFF,
    0x9C,0xFF,0x9C,0xFF,0x9C,0xFF,0x9C,0xFF,0x9C,0xFF,0x9C,0xFF,0x9C,0xFF,0x9C,0xFF,
    0x9C,0xFF,0x9C,0xFF,0x9C,0xFF,0x9C,0xFF,0x9C,0xFF,0xB5,0xFE,0xCF,0xFD,0xD0,0xFD,
    0x7B,0xFF,0x9C,0xFF,0x9C,0xFF,0x9C,0xFF,0x9C,0xFF,0x9C,0xFF,0x39,0xFF,0x39,0xFF,
    0x50,0xE5,0x0F,0xDD,0x50,0xDD,0xB2,0xE5,0xD1,0xED,0x7B,0xFF,0x7C,0xFF,0xF7,0xFE,
    0xB5,0xF6,0x95,0xF6,0x74,0xEE,0x6F,0xDD,0x75,0xF6,0x9C,0xFF,0x75,0xFE,0x33,0xFE,
    0x75,0xFE,0xB6,0xFE,0x39,0xFF,0x5A,0xFF,0xD7,0xFE,0x12,0xF6,0x90,0xED,0x4F,0xE5,
    0x2E,0xE5,0x2E,0xE5,0xEE,0xDC,0xEE,0xDC,0x0E,0xDD,0x2F,0xE5,0x2F,0xE5,0x4F,0xE5,
    0x91,0xED,0xD2,0xED,0xD2,0xF5,0xB2,0xED,0x91,0xED,0x70,0xED,0x54,0xF6,0x9C,0xFF,
    0x54,0xF6,0xD7,0xFE,0x9C,0xFF,0x9C,0xFF,0x9C,0xFF,0x9C,0xFF,0x9C,0xFF,0x9C,0xFF,
    0x9C,0xFF,0x9C,0xFF,0x9C,0xFF,0x7C,0xFF,0x9C,0xFF,0x9C,0xFF,0x9C,0xFF,0x9C,0xFF,
    0x9C,0xFF,0x9C,0xFF,0x9C,0xFF,0x18,0xFF,0xAF,0xFD,0xD0,0xFD,0x5A,0xFF,0x5B,0xFF,
    0x5A,0xFF,0x9C,0xFF,0x9C,0xFF,0x9C,0xFF,0x39,0xFF,0x18,0xFF,0x91,0xE5,0x71,0xE5,
    0x50,0xDD,0x70,0xDD,0x91,0xE5,0x13,0xEE,0xF1,0xED,0xD1,0xED,0x33,0xEE,0x33,0xF6,
    0x53,0xF6,0xCD,0xDC,0x96,0xFE,0x9C,0xFF,0x54,0xF6,0x33,0xF6,0xF8,0xFE,0x95,0xFE,
    0xD2,0xED,0x4F,0xE5,0x2E,0xE5,0x6B,0xD4,0x09,0xCC,0xA8,0xC3,0xC8,0xC3,0xE9,0xCB,
    0x09,0xCC,0xE8,0xC3,0xC8,0xC3,0xC8,0xC3,0xC8,0xC3,0x87,0xBB,0xC8,0xC3,0x6B,0xD4,
    0xEE,0xDC,0x70,0xED,0x91,0xED,0xEE,0xE4,0x14,0xEE,0x9C,0xFF,0x5B,0xFF,0x54,0xF6,
    0x9C,0xFF,0x9C,0xFF,0x9C,0xFF,0x9C,0xFF,0x9C,0xFF,0x7C,0xFF,0x9C,0xFF,0x9C,0xFF,
    0x9C,0xFF,0x7C,0xFF,0x7C,0xFF,0x7C,0xFF,0x9C,0xFF,0x9C,0xFF,0x9C,0xFF,0x9C,0xFF,
    0x74,0xFE,0xD6,0xFE,0x12,0xFE,0x11,0xFE,0x53,0xFE,0xF1,0xFD,0xF0,0xFD,0x5A,0xFF,
    0x9C,0xFF,0x9C,0xFF,0x39,0xFF,0x39,0xFF,0xB1,0xED,0xB1,0xED,0xF2,0xED,0xF2,0xF5,
    0x12,0xF6,0xF2,0xED,0x33,0xF6,0xB6,0xFE,0x39,0xFF,0x19,0xFF,0xF8,0xFE,0xEE,0xDC,
    0xF3,0xF5,0x7B,0xFF,0x7B,0xFF,0x96,0xF6,0x91,0xE5,0x2A,0xCC,0xE8,0xCB,0x4A,0xD4,
    0x8B,0xDC,0x6A,0xD4,0xCC,0xDC,0xED,0xE4,0xCC,0xDC,0xAC,0xDC,0xCC,0xDC,0xAC,0xDC,
    0x4A,0xD4,0x09,0xCC,0x29,0xCC,0x09,0xCC,0xA8,0xC3,0x87,0xBB,0x87,0xBB,0x87,0xBB,
    0xCD,0xDC,0x13,0xF6,0x9C,0xFF,0x9C,0xFF,0x74,0xFE,0xF3,0xF5,0x3A,0xFF,0x33,0xF6,
    0x54,0xF6,0x19,0xFF,0x9C,0xFF,0x9C,0xFF,0x9C,0xFF,0x7C,0xFF,0x7C,0xFF,0x7C,0xFF,
    0x7B,0xFF,0x7B,0xFF,0x7C,0xFF,0x7C,0xFF,0x9C,0xFF,0x9C,0xFF,0xAF,0xFD,0xF1,0xFD,
    0x53,0xFE,0xF1,0xFD,0xF0,0xFD,0x12,0xFE,0xD0,0xFD,0xF8,0xFE,0x9C,0xFF,0x9C,0xFF,
    0x39,0xFF,0x39,0xFF,0x33,0xEE,0xB2,0xE5,0xD2,0xE5,0x90,0xED,0x33,0xF6,0xF7,0xFE,
    0x39,0xFF,0x7B,0xFF,0x9C,0xFF,0x5B,0xFF,0x19,0xFF,0x2F,0xE5,0x50,0xED,0x91,0xED,
    0xB6,0xF6,0x9C,0xFF,0xD8,0xF6,0x91,0xE5,0xCD,0xDC,0x8B,0xD4,0x6A,0xDC,0xAB,0xE4,
    0x0C,0xED,0x2D,0xED,0x2D,0xED,0x0D,0xED,0xEC,0xE4,0xEC,0xE4,0xCB,0xE4,0x6A,0xDC,
    0x29,0xD4,0x8B,0xDC,0x8B,0xD4,0x6B,0xCC,0xEE,0xDC,0x34,0xEE,0x7B,0xFF,0x9C,0xFF,
    0x9C,0xFF,0xD7,0xFE,0xB0,0xFD,0x90,0xF5,0x53,0xFE,0x53,0xFE,0x32,0xFE,0x32,0xF6,
    0x33,0xF6,0x18,0xFF,0x7B,0xFF,0x7B,0xFF,0x7C,0xFF,0x7C,0xFF,0x7B,0xFF,0x7B,0xFF,
    0x7C,0xFF,0x7C,0xFF,0x7C,0xFF,0x7C,0xFF,0x11,0xFE,0x12,0xFE,0x11,0xFE,0xF1,0xFD,
    0xF0,0xFD,0xAF,0xFD,0xF1,0xFD,0x9C,0xFF,0x9C,0xFF,0x9C,0xFF,0x39,0xFF,0x39,0xFF,
    0x54,0xF6,0x91,0xE5,0xD2,0xED,0xB1,0xED,0x18,0xFF,0x9C,0xFF,0x7B,0xFF,0x7B,0xFF,
    0x7B,0xFF,0x5A,0xFF,0x39,0xFF,0x2F,0xE5,0x0E,0xED,0x8C,0xEC,0x4F,0xED,0x34,0xF6,
    0xD7,0xFE,0x5A,0xFF,0x5A,0xFF,0xF8,0xFE,0x75,0xF6,0x13,0xEE,0xB1,0xED,0xB0,0xED,
    0xB0,0xED,0x90,0xED,0x6F,0xED,0x6F,0xED,0xB0,0xED,0xD2,0xED,0xF3,0xED,0x76,0xF6,
    0x3A,0xFF,0x7C,0xFF,0x9C,0xFF,0xDE,0xFF,0x9C,0xFF,0x5A,0xFF,0x53,0xFE,0x12,0xFE,
    0xD1,0xFD,0xB5,0xFE,0xB5,0xFE,0x94,0xFE,0xF7,0xFE,0x9C,0xFF,0x7C,0xFF,0x33,0xF6,
    0x95,0xFE,0x39,0xFF,0x5A,0xFF,0x7B,0xFF,0x9C,0xFF,0x7C,0xFF,0x7C,0xFF,0x7C,0xFF,
    0x7C,0xFF,0x9C,0xFF,0x32,0xFE,0x11,0xFE,0x18,0xFF,0x32,0xFE,0x39,0xFF,0xB5,0xFE,
    0x5A,0xFF,0x9C,0xFF,0x9C,0xFF,0x9C,0xFF,0x39,0xFF,0x18,0xFF,0x74,0xF6,0x91,0xE5,
    0xD2,0xED,0xD2,0xED,0x7B,0xFF,0x7C,0xFF,0x7B,0xFF,0x7B,0xFF,0x7B,0xFF,0x7C,0xFF,
    0x7B,0xFF,0x71,0xE5,0x0F,0xF5,0xAC,0xEC,0xAD,0xEC,0xAC,0xEC,0xCD,0xEC,0x2F,0xED,
    0xD2,0xED,0x34,0xF6,0x19,0xFF,0x5B,0xFF,0x7C,0xFF,0x9C,0xFF,0x9C,0xFF,0x9C,0xFF,
    0x9C,0xFF,0x9C,0xFF,0x9C,0xFF,0x9C,0xFF,0x9C,0xFF,0x9C,0xFF,0x9C,0xFF,0x5A,0xFF,
    0x7C,0xFF,0x7B,0xFF,0x53,0xFE,0x32,0xFE,0x33,0xFE,0x12,0xFE,0xB0,0xFD,0x12,0xFE,
    0x12,0xFE,0x12,0xFE,0x53,0xFE,0x19,0xFF,0x9C,0xFF,0x7B,0xFF,0xF2,0xF5,0x39,0xFF,
    0x5B,0xFF,0x5A,0xFF,0x5A,0xFF,0x7B,0xFF,0x7C,0xFF,0x7C,0xFF,0x7C,0xFF,0x7C,0xFF,
    0x7B,0xFF,0x7B,0xFF,0x9C,0xFF,0x12,0xFE,0x7B,0xFF,0x9C,0xFF,0x9C,0xFF,0x9C,0xFF,
    0x9C,0xFF,0x9C,0xFF,0x18,0xFF,0x18,0xFF,0xB6,0xFE,0xB1,0xED,0xF3,0xED,0xF2,0xED,
    0x5A,0xFF,0x7B,0xFF,0x7B,0xFF,0x7B,0xFF,0x7B,0xFF,0x9C,0xFF,0x9C,0xFF,0x50,0xE5,
    0xCD,0xEC,0x8C,0xEC,0xCD,0xEC,0x8C,0xEC,0x8C,0xEC,0xAC,0xEC,0xAD,0xEC,0xCD,0xEC,
    0x0E,0xF5,0x2F,0xF5,0x70,0xF5,0x91,0xF5,0xB1,0xF5,0xD2,0xF5,0xD2,0xFD,0xF2,0xFD,
    0x13,0xFE,0x33,0xFE,0x54,0xFE,0xF2,0xFD,0xF1,0xFD,0xF1,0xFD,0x32,0xFE,0x33,0xFE,
    0x54,0xFE,0x53,0xFE,0x33,0xFE,0xD0,0xFD,0x2E,0xF5,0x4E,0xFD,0x0D,0xF5,0x4F,0xF5,
    0x4F,0xF5,0xB0,0xFD,0xB6,0xFE,0xF7,0xFE,0x11,0xFE,0x33,0xF6,0x9C,0xFF,0x7B,0xFF,
    0x7B,0xFF,0x7B,0xFF,0x5A,0xFF,0x7B,0xFF,0x7C,0xFF,0x7C,0xFF,0x9C,0xFF,0x9C,0xFF,
    0x9C,0xFF,0x54,0xFE,0xD7,0xFE,0x9C,0xFF,0x9C,0xFF,0x9C,0xFF,0x9C,0xFF,0x7B,0xFF,
    0x18,0xFF,0x18,0xFF,0x18,0xFF,0xB1,0xED,0xD2,0xED,0xB1,0xED,0x5A,0xFF,0x7C,0xFF,
    0x7C,0xFF,0x9C,0xFF,0x7C,0xFF,0x7C,0xFF,0x7B,0xFF,0x2F,0xE5,0xEE,0xF4,0xAC,0xEC,
    0xEE,0xEC,0x8C,0xEC,0xAD,0xEC,0xCD,0xEC,0xCD,0xEC,0xCD,0xF4,0xEE,0xF4,0xCD,0xF4,
    0xED,0xF4,0xED,0xF4,0xCD,0xF4,0xED,0xF4,0x0D,0xFD,0x2E,0xFD,0x4F,0xFD,0x90,0xFD,
    0xD1,0xFD,0xB1,0xFD,0xF1,0xFD,0x12,0xFE,0x11,0xFE,0xD7,0xFE,0x9C,0xFF,0x53,0xFE,
    0x53,0xFE,0xD1,0xFD,0x4F,0xFD,0xED,0xEC,0xB2,0xED,0x3A,0xFF,0xF3,0xED,0x2E,0xF5,
    0x12,0xFE,0x95,0xFE,0xD6,0xFE,0xF2,0xF5,0x9C,0xFF,0x9C,0xFF,0x9C,0xFF,0x9C,0xFF,
    0x7B,0xFF,0x5A,0xFF,0x5A,0xFF,0x7B,0xFF,0x9C,0xFF,0x9C,0xFF,0x9C,0xFF,0x74,0xFE,
    0x74,0xFE,0x9C,0xFF,0x9C,0xFF,0x9C,0xFF,0x9C,0xFF,0x5A,0xFF,0xF7,0xFE,0x18,0xFF,
    0x18,0xFF,0xD2,0xED,0xF3,0xED,0xD2,0xED,0xD7,0xFE,0x7B,0xFF,0x18,0xFF,0x5A,0xFF,
    0x7B,0xFF,0x3A,0xFF,0xD6,0xFE,0x2F,0xE5,0x2F,0xF5,0xCD,0xEC,0xAC,0xEC,0x6C,0xEC,
    0xAD,0xEC,0xAD,0xEC,0xEE,0xEC,0x0E,0xF5,0x0E,0xF5,0xED,0xF4,0x0E,0xF5,0x0E,0xF5,
    0xEE,0xF4,0x2E,0xF5,0x6F,0xFD,0x70,0xFD,0x90,0xFD,0xB0,0xFD,0xD1,0xFD,0xD1,0xFD,
    0x12,0xFE,0x32,0xFE,0x12,0xFE,0x7C,0xFF,0x9C,0xFF,0x32,0xFE,0x74,0xFE,0x33,0xFE,
    0xED,0xF4,0x50,0xE5,0x9C,0xFF,0x9C,0xFF,0x9C,0xFF,0x91,0xED,0x2E,0xF5,0x32,0xFE,
    0x18,0xFF,0x13,0xF6,0x9C,0xFF,0x9C,0xFF,0x9C,0xFF,0x9C,0xFF,0x9C,0xFF,0x7C,0xFF,
    0x7B,0xFF,0x5A,0xFF,0x9C,0xFF,0x9C,0xFF,0x9C,0xFF,0x18,0xFF,0xB7,0xFE,0x9C,0xFF,
    0x9C,0xFF,0x9C,0xFF,0x7B,0xFF,0xF7,0xFE,0x18,0xFF,0xF7,0xFE,0x39,0xFF,0x90,0xE5,
    0x91,0xE5,0xF3,0xED,0x74,0xFE,0xF7,0xFE,0x53,0xFE,0x32,0xF6,0x75,0xF6,0x55,0xEE,
    0xF3,0xE5,0xEE,0xDC,0x2F,0xF5,0xCD,0xEC,0x8C,0xEC,0x8C,0xEC,0xCD,0xEC,0xAC,0xEC,
    0xCD,0xEC,0xEE,0xF4,0xEE,0xF4,0xED,0xF4,0x0E,0xF5,0x0E,0xF5,0xEE,0xF4,0x2E,0xF5,
    0x6F,0xFD,0x90,0xFD,0x90,0xFD,0xB0,0xFD,0xD1,0xFD,0xD1,0xFD,0x32,0xFE,0x53,0xFE,
    0x32,0xFE,0xB5,0xFE,0xF7,0xFE,0x32,0xFE,0x53,0xFE,0x12,0xFE,0x0D,0xF5,0xD2,0xED,
    0x9C,0xFF,0x9C,0xFF,0x9C,0xFF,0x75,0xF6,0x8B,0xEC,0xD1,0xFD,0x17,0xFF,0x33,0xF6,
    0x5B,0xFF,0x9C,0xFF,0x9C,0xFF,0x9C,0xFF,0x9C,0xFF,0x7C,0xFF,0x5B,0xFF,0x19,0xFF,
    0x9C,0xFF,0x9C,0xFF,0x9C,0xFF,0x9C,0xFF,0x9C,0xFF,0x9C,0xFF,0x9C,0xFF,0x9C,0xFF,
    0x5A,0xFF,0xF7,0xFE,0x39,0xFF,0xF7,0xFE,0x38,0xFF,0xB1,0xE5,0xEF,0xD4,0x0E,0xDD,
    0xF2,0xED,0x13,0xEE,0x70,0xDD,0xB2,0xE5,0x55,0xEE,0x19,0xF7,0x7B,0xFF,0x50,0xE5,
    0x50,0xF5,0xCD,0xEC,0xAC,0xEC,0xAC,0xEC,0xCD,0xEC,0x8C,0xEC,0xED,0xEC,0xEE,0xF4,
    0xEE,0xF4,0xED,0xF4,0xEE,0xF4,0x2F,0xF5,0x0E,0xF5,0x0E,0xF5,0x4F,0xFD,0x6F,0xFD,
    0xD1,0xFD,0xB0,0xFD,0xB0,0xFD,0xD1,0xFD,0x32,0xFE,0x32,0xFE,0x12,0xFE,0x53,0xFE,
    0x94,0xFE,0x53,0xFE,0x53,0xFE,0x32,0xFE,0xF1,0xFD,0xF3,0xED,0x9C,0xFF,0x9C,0xFF,
    0x9C,0xFF,0x76,0xF6,0xAC,0xEC,0xF1,0xFD,0xF7,0xFE,0xF2,0xF5,0x3A,0xFF,0x9C,0xFF,
    0x7B,0xFF,0x5B,0xFF,0x5A,0xFF,0x7B,0xFF,0x7B,0xFF,0x7B,0xFF,0x7B,0xFF,0x9C,0xFF,
    0x9C,0xFF,0x9C,0xFF,0x9C,0xFF,0x7B,0xFF,0x5A,0xFF,0xF7,0xFE,0xF7,0xFE,0x18,0xFF,
    0x18,0xFF,0xB5,0xFE,0xF7,0xFE,0xF2,0xED,0x51,0xDD,0x92,0xDD,0xF3,0xE5,0x76,0xEE,
    0x3A,0xFF,0x7B,0xFF,0x7C,0xFF,0x9C,0xFF,0x9C,0xFF,0x92,0xE5,0xB2,0xF5,0x0E,0xED,
    0xCD,0xEC,0xAD,0xEC,0xCD,0xEC,0x8C,0xEC,0xCD,0xEC,0xEE,0xF4,0xEE,0xF4,0xEE,0xF4,
    0x91,0xF5,0x14,0xF6,0x14,0xF6,0x70,0xF5,0x4F,0xFD,0x54,0xFE,0x39,0xFF,0x19,0xFF,
    0xF2,0xFD,0xD1,0xFD,0x32,0xFE,0x32,0xFE,0x32,0xFE,0x74,0xFE,0x95,0xFE,0x53,0xFE,
    0x33,0xFE,0x53,0xFE,0x32,0xF6,0xD2,0xED,0x5A,0xFF,0x5A,0xFF,0x9C,0xFF,0xD2,0xED,
    0xED,0xF4,0x12,0xFE,0x73,0xFE,0xB0,0xF5,0x19,0xFF,0x5B,0xFF,0x5A,0xFF,0x5A,0xFF,
    0x7B,0xFF,0x9C,0xFF,0x9C,0xFF,0x9C,0xFF,0x5A,0xFF,0x7B,0xFF,0x7B,0xFF,0x5A,0xFF,
    0x39,0xFF,0xF7,0xFE,0xD6,0xFE,0xD6,0xFE,0xF7,0xFE,0x18,0xFF,0x38,0xFF,0x39,0xFF,
    0x39,0xFF,0xD1,0xED,0x34,0xF6,0x96,0xFE,0xF8,0xFE,0x3A,0xFF,0x7B,0xFF,0x7C,0xFF,
    0x7C,0xFF,0x7C,0xFF,0x9C,0xFF,0x91,0xE5,0xB2,0xF5,0x50,0xF5,0xEE,0xEC,0xCD,0xEC,
    0xCD,0xEC,0xAC,0xEC,0xCD,0xEC,0xEE,0xEC,0xCD,0xF4,0x2F,0xF5,0x14,0xF6,0x14,0xF6,
    0x55,0xF6,0x14,0xF6,0x13,0xFE,0x39,0xFF,0x19,0xFF,0x7C,0xFF,0x19,0xFF,0xB0,0xFD,
    0x12,0xFE,0x32,0xFE,0x33,0xFE,0x74,0xFE,0x94,0xFE,0x33,0xFE,0x32,0xFE,0x32,0xFE,
    0xF1,0xF5,0xF2,0xED,0x7B,0xFF,0x7B,0xFF,0x95,0xF6,0x0E,0xED,0x90,0xFD,0x53,0xFE,
    0x11,0xFE,0x90,0xED,0x7B,0xFF,0x7B,0xFF,0x7C,0xFF,0x9C,0xFF,0x9C,0xFF,0x9C,0xFF,
    0x9C,0xFF,0x9C,0xFF,0xB5,0xFE,0xD6,0xFE,0xF7,0xFE,0xF7,0xFE,0xF7,0xFE,0xF7,0xFE,
    0xF7,0xFE,0x18,0xFF,0x38,0xFF,0xF7,0xFE,0x74,0xF6,0x54,0xF6,0xD2,0xED,0x34,0xEE,
    0x5B,0xFF,0xF8,0xFE,0x96,0xFE,0xB7,0xFE,0xF8,0xFE,0x19,0xFF,0x7B,0xFF,0x9C,0xFF,
    0x9C,0xFF,0x71,0xE5,0x91,0xF5,0x70,0xF5,0x0E,0xED,0xCD,0xEC,0xCD,0xEC,0x8C,0xEC,
    0xAD,0xEC,0xEE,0xEC,0xED,0xF4,0x70,0xF5,0x34,0xF6,0x13,0xF6,0x14,0xF6,0x54,0xFE,
    0xB6,0xFE,0x19,0xFF,0x19,0xFF,0x7B,0xFF,0x3A,0xFF,0x90,0xFD,0xF1,0xFD,0x12,0xFE,
    0x33,0xFE,0x74,0xFE,0x94,0xFE,0x32,0xFE,0x32,0xFE,0x53,0xFE,0xD0,0xF5,0x97,0xEE,
    0x9C,0xFF,0x75,0xF6,0xCD,0xE4,0x0E,0xF5,0xD2,0xFD,0x94,0xFE,0xB0,0xF5,0x34,0xF6,
    0x9C,0xFF,0x9C,0xFF,0x9C,0xFF,0x9C,0xFF,0x9C,0xFF,0x9C,0xFF,0x9C,0xFF,0x9C,0xFF,
    0xF7,0xFE,0xF7,0xFE,0xF7,0xFE,0x18,0xFF,0x17,0xFF,0xF7,0xFE,0x75,0xF6,0x13,0xEE,
    0xD2,0xED,0xB1,0xE5,0xB2,0xE5,0x35,0xEE,0x19,0xF7,0x7C,0xFF,0x7C,0xFF,0x7C,0xFF,
    0x5A,0xFF,0xF8,0xFE,0xD8,0xFE,0x19,0xFF,0x19,0xFF,0x5B,0xFF,0x9C,0xFF,0x92,0xE5,
    0x0F,0xED,0x70,0xF5,0xEE,0xEC,0xAD,0xEC,0xAD,0xEC,0x8C,0xEC,0xAD,0xEC,0xEE,0xEC,
    0xEE,0xF4,0x4F,0xF5,0x34,0xF6,0x14,0xF6,0x14,0xF6,0x34,0xF6,0xB7,0xFE,0x39,0xFF,
    0x39,0xFF,0x7B,0xFF,0x75,0xFE,0x90,0xFD,0xF2,0xFD,0x32,0xFE,0x33,0xFE,0x74,0xFE,
    0x95,0xFE,0x32,0xFE,0x32,0xFE,0x53,0xFE,0x4F,0xF5,0x50,0xE5,0x13,0xEE,0x0E,0xED,
    0xEE,0xF4,0x2F,0xF5,0x12,0xFE,0x53,0xFE,0x90,0xED,0x7C,0xFF,0x9C,0xFF,0x9C,0xFF,
    0x9C,0xFF,0x9C,0xFF,0x9C,0xFF,0x9C,0xFF,0x9C,0xFF,0x9C,0xFF,0x39,0xFF,0xD6,0xFE,
    0x53,0xF6,0xD1,0xED,0xB1,0xE5,0xB1,0xE5,0xF4,0xE5,0x76,0xEE,0xF8,0xF6,0x5B,0xFF,
    0x7B,0xFF,0x7C,0xFF,0x9C,0xFF,0x7C,0xFF,0x7C,0xFF,0x7C,0xFF,0x9C,0xFF,0x7C,0xFF,
    0x5B,0xFF,0xF8,0xFE,0xB7,0xFE,0x76,0xF6,0xB7,0xF6,0x51,0xDD,0xCE,0xE4,0x50,0xF5,
    0xEE,0xEC,0xAD,0xEC,0xAD,0xEC,0xAD,0xEC,0xCD,0xEC,0xED,0xEC,0xED,0xEC,0xCD,0xEC,
    0xD2,0xF5,0x34,0xF6,0x13,0xF6,0x34,0xF6,0x96,0xFE,0x39,0xFF,0x5B,0xFF,0x5A,0xFF,
    0xD1,0xFD,0xB1,0xFD,0x12,0xFE,0x32,0xFE,0x32,0xFE,0x53,0xFE,0x74,0xFE,0x32,0xFE,
    0x32,0xFE,0x11,0xFE,0x6F,0xF5,0xB0,0xFD,0xF1,0xFD,0x90,0xFD,0x90,0xFD,0x12,0xFE,
    0x53,0xFE,0x2E,0xE5,0x76,0xF6,0x7B,0xFF,0x3A,0xFF,0x7B,0xFF,0x9C,0xFF,0x9C,0xFF,
    0x9C,0xFF,0x9C,0xFF,0x9C,0xFF,0x9C,0xFF,0x90,0xED,0x2F,0xE5,0x50,0xE5,0x91,0xED,
    0x55,0xF6,0x5B,0xFF,0x9C,0xFF,0x9C,0xFF,0x7C,0xFF,0x7C,0xFF,0x7B,0xFF,0x7B,0xFF,
    0x7B,0xFF,0x7C,0xFF,0x7C,0xFF,0x7C,0xFF,0x3A,0xFF,0x76,0xF6,0x55,0xEE,0x14,0xEE,
    0xB2,0xE5,0x91,0xE5,0xB3,0xED,0x50,0xDD,0xEE,0xE4,0x70,0xF5,0xEE,0xEC,0xEE,0xEC,
    0xAD,0xEC,0xAD,0xEC,0xCD,0xEC,0xED,0xEC,0xCD,0xEC,0xCD,0xEC,0x0E,0xF5,0xF3,0xF5,
    0x55,0xF6,0x34,0xF6,0x75,0xFE,0x39,0xFF,0x3A,0xFF,0xF2,0xFD,0xB1,0xFD,0xD1,0xFD,
    0xF2,0xFD,0x12,0xFE,0x12,0xFE,0x32,0xFE,0x53,0xFE,0x32,0xFE,0x53,0xFE,0xB0,0xFD,
    0x4F,0xF5,0xB0,0xFD,0x4E,0xF5,0x4F,0xFD,0x33,0xFE,0x53,0xFE,0x4F,0xE5,0x97,0xF6,
    0x9C,0xFF,0x5A,0xFF,0x5A,0xFF,0x5A,0xFF,0x7B,0xFF,0x9C,0xFF,0x9C,0xFF,0x9C,0xFF,
    0x9C,0xFF,0x9C,0xFF,0x35,0xF6,0x75,0xFE,0xB6,0xFE,0xF8,0xFE,0xB6,0xFE,0x19,0xFF,
    0x7B,0xFF,0x7B,0xFF,0x7B,0xFF,0x7C,0xFF,0x7C,0xFF,0x7C,0xFF,0x7C,0xFF,0x5B,0xFF,
    0x96,0xF6,0x34,0xEE,0xF4,0xED,0xD3,0xE5,0xD3,0xE5,0xD3,0xED,0xD3,0xE5,0x92,0xE5,
    0x71,0xE5,0x92,0xE5,0x8D,0xD4,0x50,0xF5,0xEE,0xEC,0x0E,0xED,0xAD,0xEC,0x8C,0xEC,
    0xAD,0xEC,0xCD,0xEC,0xCD,0xEC,0xCD,0xEC,0xED,0xF4,0x0E,0xF5,0xF3,0xF5,0x55,0xFE,
    0x75,0xFE,0x96,0xFE,0xB1,0xFD,0x90,0xFD,0xD1,0xFD,0xB1,0xFD,0x12,0xFE,0x32,0xFE,
    0x12,0xFE,0x33,0xFE,0x33,0xFE,0x32,0xFE,0x32,0xFE,0x8F,0xFD,0x6F,0xFD,0xD1,0xFD,
    0xD1,0xFD,0xB0,0xF5,0x6F,0xED,0x70,0xE5,0x3A,0xFF,0x9C,0xFF,0x9C,0xFF,0x9C,0xFF,
    0x7B,0xFF,0x5A,0xFF,0x5A,0xFF,0x5A,0xFF,0x5B,0xFF,0x9C,0xFF,0x9C,0xFF,0x9C,0xFF,
    0x9C,0xFF,0x7C,0xFF,0x3A,0xFF,0xD8,0xFE,0xF8,0xFE,0xB7,0xFE,0x76,0xFE,0x19,0xFF,
    0x7B,0xFF,0x7C,0xFF,0x7B,0xFF,0x5A,0xFF,0xF8,0xFE,0x14,0xEE,0xD3,0xE5,0xD3,0xE5,
    0xD3,0xE5,0xF3,0xED,0x14,0xEE,0x14,0xEE,0x35,0xEE,0x56,0xEE,0x15,0xE6,0x15,0xEE,
    0xCE,0xD4,0x8C,0xE4,0xCD,0xEC,0xCD,0xEC,0xCD,0xEC,0xAD,0xEC,0x8C,0xEC,0xCD,0xEC,
    0xCD,0xEC,0xCD,0xEC,0x0E,0xF5,0x0E,0xF5,0x0E,0xF5,0xB1,0xF5,0xF2,0xFD,0x4F,0xFD,
    0x4F,0xFD,0x90,0xFD,0xB0,0xFD,0xB0,0xFD,0xD1,0xFD,0x32,0xFE,0xF2,0xFD,0x33,0xFE,
    0x32,0xFE,0x32,0xFE,0xF1,0xFD,0xED,0xEC,0x0E,0xED,0x90,0xED,0x70,0xE5,0xB1,0xE5,
    0x76,0xEE,0x9C,0xFF,0x9C,0xFF,0x9C,0xFF,0x9C,0xFF,0x9C,0xFF,0x9C,0xFF,0x9C,0xFF,
    0x5B,0xFF,0x5A,0xFF,0x5A,0xFF,0x5A,0xFF,0x7B,0xFF,0x9C,0xFF,0x7B,0xFF,0x7C,0xFF,
    0x7C,0xFF,0x7B,0xFF,0xF8,0xFE,0xB6,0xFE,0xB6,0xFE,0x75,0xFE,0x75,0xFE,0xF8,0xFE,
    0xD7,0xFE,0xB7,0xFE,0x34,0xEE,0xF4,0xED,0xF4,0xED,0xF4,0xED,0x15,0xEE,0x56,0xEE,
    0x56,0xEE,0x35,0xEE,0x35,0xEE,0x35,0xEE,0x56,0xEE,0x76,0xEE,0xF4,0xE5,0x4B,0xD4,
    0xEE,0xEC,0xAD,0xEC,0xAD,0xEC,0xCD,0xEC,0x8C,0xEC,0xCD,0xEC,0xCD,0xEC,0xCD,0xEC,
    0xEE,0xF4,0x0E,0xF5,0x0E,0xF5,0xED,0xF4,0x0E,0xF5,0x4F,0xFD,0x4F,0xFD,0x70,0xFD,
    0xB0,0xFD,0x90,0xFD,0xB0,0xFD,0xF1,0xFD,0xD1,0xFD,0x12,0xFE,0x12,0xFE,0x12,0xFE,
    0xD1,0xFD,0x8D,0xCC,0x71,0xDD,0xB3,0xDD,0x15,0xE6,0xF9,0xF6,0x9C,0xFF,0x9C,0xFF,
    0x9C,0xFF,0x9C,0xFF,0x9C,0xFF,0x9C,0xFF,0x9C,0xFF,0x9C,0xFF,0x9C,0xFF,0x7C,0xFF,
    0x5A,0xFF,0x5A,0xFF,0x5A,0xFF,0x5A,0xFF,0x7C,0xFF,0x7C,0xFF,0x7B,0xFF,0x7B,0xFF,
    0x5A,0xFF,0x75,0xFE,0x33,0xFE,0x13,0xFE,0xF3,0xFD,0x13,0xFE,0x54,0xFE,0xD7,0xFE,
    0x55,0xEE,0x56,0xEE,0x77,0xEE,0x77,0xEE,0x76,0xEE,0x56,0xEE,0x56,0xEE,0x56,0xEE,
    0x56,0xEE,0x56,0xEE,0x56,0xEE,0x15,0xE6,0xF4,0xE5,0xEF,0xD4,0xAD,0xDC,0x4F,0xF5,
    0xCD,0xEC,0xAD,0xEC,0xAD,0xEC,0xCD,0xEC,0xAD,0xEC,0xAC,0xEC,0xED,0xEC,0x0E,0xF5,
    0x0E,0xF5,0x0E,0xF5,0x0E,0xF5,0x4F,0xFD,0x4F,0xF5,0x6F,0xFD,0x70,0xFD,0x90,0xFD,
    0xB0,0xFD,0xB0,0xFD,0x90,0xFD,0xD1,0xFD,0x12,0xFE,0x74,0xFE,0xEE,0xD4,0xB2,0xDD,
    0x56,0xEE,0x35,0xEE,0x35,0xEE,0x15,0xE6,0x35,0xEE,0x9C,0xFF,0x9C,0xFF,0x9C,0xFF,
    0x9C,0xFF,0x9C,0xFF,0x9C,0xFF,0x9C,0xFF,0x9C,0xFF,0x9C,0xFF,0x9C,0xFF,0x7C,0xFF,
    0x5A,0xFF,0xF8,0xFE,0x7B,0xFF,0x5A,0xFF,0x19,0xFF,0xD7,0xFE,0x96,0xFE,0x96,0xFE,
    0x55,0xFE,0x13,0xFE,0x34,0xFE,0x13,0xFE,0x13,0xFE,0xD7,0xFE,0x3A,0xFF,0x97,0xEE,
    0x77,0xEE,0x77,0xEE,0x76,0xEE,0x76,0xEE,0x56,0xEE,0x56,0xEE,0x56,0xEE,0x56,0xEE,
    0x35,0xE6,0x14,0xE6,0xB3,0xDD,0x72,0xDD,0xAE,0xCC,0xAD,0xDC,0x70,0xFD,0x2F,0xF5,
    0x8C,0xEC,0xAC,0xEC,0xAC,0xEC,0x8C,0xEC,0xCD,0xEC,0xED,0xF4,0x0E,0xF5,0x0E,0xF5,
    0xCD,0xF4,0x0E,0xF5,0x2E,0xF5,0x2F,0xF5,0x2E,0xF5,0x4F,0xF5,0x2E,0xF5,0x6F,0xFD,
    0xD0,0xFD,0x32,0xFE,0x74,0xFE,0x4F,0xDD,0x0F,0xDD,0xD3,0xE5,0xF4,0xE5,0xF4,0xE5,
    0x14,0xE6,0x35,0xEE,0xD8,0xF6,0x9C,0xFF,0x9C,0xFF,0x9C,0xFF,0x9C,0xFF,0x9C,0xFF,
    0x9C,0xFF,0x9C,0xFF,0x9C,0xFF,0x9C,0xFF,0x9C,0xFF,0x7B,0xFF,0x19,0xFF,0x95,0xFE,
    0x96,0xFE,0x75,0xFE,0x75,0xFE,0x75,0xFE,0x96,0xFE,0xD7,0xFE,0x3A,0xFF,0x5A,0xFF,
    0xD7,0xFE,0x55,0xFE,0x55,0xFE,0x55,0xFE,0x75,0xFE,0xB7,0xF6,0x97,0xEE,0x76,0xEE,
    0x56,0xEE,0x76,0xEE,0x56,0xEE,0x56,0xEE,0x56,0xEE,0x35,0xEE,0x15,0xE6,0x35,0xE6,
    0x15,0xE6,0xB3,0xDD,0x92,0xDD,0x4C,0xC4,0xEA,0xC3,0xCD,0xE4,0xED,0xF4,0x0D,0xF5,
    0x2E,0xF5,0x0E,0xED,0xED,0xEC,0xED,0xF4,0xED,0xF4,0x0E,0xF5,0x0D,0xF5,0xED,0xEC,
    0x0E,0xF5,0x6F,0xF5,0xD1,0xFD,0xF1,0xFD,0x11,0xFE,0x32,0xFE,0x11,0xFE,0x6F,0xED,
    0x6B,0xCC,0xCE,0xD4,0x71,0xE5,0x71,0xE5,0x14,0xEE,0x56,0xEE,0xF8,0xF6,0x7B,0xFF,
    0x9C,0xFF,0x9C,0xFF,0x9C,0xFF,0x9C,0xFF,0x9C,0xFF,0x9C,0xFF,0x9C,0xFF,0x9C,0xFF,
    0x7B,0xFF,0x5A,0xFF,0x39,0xFF,0x18,0xFF,0x19,0xFF,0x39,0xFF,0x75,0xFE,0x75,0xFE,
    0xB7,0xFE,0x19,0xFF,0x5B,0xFF,0x7B,0xFF,0x7B,0xFF,0x7B,0xFF,0x7B,0xFF,0xF9,0xFE,
    0x75,0xFE,0x75,0xFE,0x55,0xFE,0x75,0xFE,0x76,0xF6,0x76,0xEE,0x76,0xEE,0x76,0xEE,
    0x56,0xEE,0x56,0xEE,0x56,0xEE,0x55,0xEE,0x35,0xE6,0x14,0xE6,0xF4,0xE5,0xF4,0xE5,
    0xD3,0xE5,0xD3,0xE5,0xAE,0xCC,0xA9,0xB3,0xC9,0xC3,0x4B,0xE4,0x0D,0xF5,0x4E,0xFD,
    0x8F,0xFD,0x8F,0xFD,0x6F,0xFD,0x6F,0xFD,0x8F,0xFD,0xB0,0xFD,0xD0,0xFD,0xF1,0xFD,
    0xF1,0xFD,0xD0,0xFD,0x6E,0xF5,0xED,0xEC,0x4B,0xCC,0x8D,0xC4,0xD3,0xE5,0xB2,0xED,
    0x13,0xF6,0x39,0xFF,0x7C,0xFF,0x9C,0xFF,0x9C,0xFF,0x9C,0xFF,0x9C,0xFF,0x9C,0xFF,
    0x9C,0xFF,0x9C,0xFF,0x9C,0xFF,0x7B,0xFF,0x5A,0xFF,0x39,0xFF,0xF8,0xFE,0xF8,0xFE,
    0x19,0xFF,0x5A,0xFF,0x7B,0xFF,0x9C,0xFF,0x3A,0xFF,0x5B,0xFF,0x7B,0xFF,0x7B,0xFF,
    0x7B,0xFF,0x7B,0xFF,0x7B,0xFF,0x7B,0xFF,0x7B,0xFF,0x7C,0xFF,0x3A,0xFF,0x76,0xFE,
    0x55,0xFE,0x55,0xFE,0x54,0xFE,0x55,0xF6,0x76,0xEE,0x76,0xEE,0x76,0xEE,0x76,0xEE,
    0x56,0xEE,0x55,0xEE,0x35,0xEE,0x35,0xE6,0x35,0xE6,0x14,0xE6,0xF4,0xE5,0xB2,0xE5,
    0x92,0xE5,0x51,0xE5,0xAE,0xCC,0xEA,0xBB,0xCA,0xBB,0x0A,0xCC,0x2A,0xD4,0x6B,0xDC,
    0x6B,0xE4,0x8B,0xE4,0xCC,0xE4,0xCC,0xE4,0xCC,0xE4,0xAC,0xDC,0x8C,0xD4,0x4B,0xCC,
    0x6C,0xCC,0x0F,0xD5,0xD3,0xE5,0x76,0xF6,0x3A,0xFF,0x7B,0xFF,0x9C,0xFF,0x9C,0xFF,
    0x7C,0xFF,0x9C,0xFF,0x7B,0xFF,0x7C,0xFF,0x9C,0xFF,0x9C,0xFF,0x9C,0xFF,0x7B,0xFF,
    0x3A,0xFF,0x39,0xFF,0x39,0xFF,0x19,0xFF,0x3A,0xFF,0x5A,0xFF,0x7C,0xFF,0x9C,0xFF,
    0x9C,0xFF,0x9C,0xFF,0x7C,0xFF,0x7C,0xFF,0x7B,0xFF,0x7B,0xFF,0x7B,0xFF,0x7B,0xFF,
    0x7B,0xFF,0x7B,0xFF,0x7B,0xFF,0x7B,0xFF,0x7B,0xFF,0x7B,0xFF,0xD7,0xFE,0x55,0xFE,
    0x55,0xFE,0x54,0xFE,0x75,0xFE,0x96,0xF6,0x77,0xEE,0x76,0xEE,0x76,0xEE,0x56,0xEE,
    0x56,0xEE,0x56,0xEE,0x35,0xEE,0xF4,0xE5,0xD3,0xE5,0xB2,0xE5,0xB2,0xE5,0x92,0xE5,
    0xD2,0xED,0xF3,0xE5,0x92,0xDD,0x10,0xD5,0xAE,0xCC,0x6D,0xC4,0x6D,0xC4,0x4C,0xC4,
    0x6D,0xC4,0xAE,0xCC,0xCE,0xCC,0x0F,0xD5,0x51,0xD5,0x92,0xDD,0xD3,0xE5,0x75,0xEE,
    0x7B,0xFF,0x9C,0xFF,0x9C,0xFF,0x9C,0xFF,0x9C,0xFF,0x9C,0xFF,0x9C,0xFF,0x7C,0xFF,
    0x9C,0xFF,0x9C,0xFF,0x7B,0xFF,0x19,0xFF,0x39,0xFF,0x3A,0xFF,0x3A,0xFF,0x39,0xFF,
    0x3A,0xFF,0x7B,0xFF,0x9C,0xFF,0x9C,0xFF,0x9C,0xFF,0x9C,0xFF,0x9C,0xFF,0x9C,0xFF,
    0x00,0x00,0x00,0x00,0x00,0x00,0x00,0x00,0x00,0x00,0x00,0x00,0x00,0x00,0x00,0x00,
    0x00,0x00,0x00,0x00,0x00,0x00,0x00,0x00,0x00,0x00,0x00,0x00,0x00,0x00,0x00,0x00,
    0x00,0x00,0x00,0x00,0x00,0x00,0x00,0x00,0x00,0x00,0x00,0x00,0x00,0x00,0x00,0x00,
    0x00,0x00,0x00,0x00,0x00,0x00,0x00,0x00,0x00,0x00,0x00,0x00,0x00,0x00,0x00,0x00,
    0x00,0x00,0x00,0x00,0x00,0x00,0x00,0x2A,0x2A,0x2A,0x2A,0x2A,0x2A,0x2A,0x2A,0x2A,
    0x2A,0x2A,0x2A,0x2A,0x2A,0x2A,0x2A,0x2A,0x2A,0x2A,0x2A,0x2A,0x2A,0x2A,0x2A,0x2A,
    0x2A,0x2A,0x2A,0x2A,0x2A,0x2A,0x2A,0x2A,0x2A,0x2A,0x2A,0x2A,0x2A,0x2A,0x2A,0x2A,
    0x2A,0x2A,0x2A,0x2A,0x2A,0x2A,0x2A,0x2A,0x2A,0x2A,0x2A,0x2A,0x2A,0x2A,0x2A,0x2A,
    0x2A,0x2A,0x2A,0x2A,0x2A,0x2A,0x2A,0x2A,0x2A,0x2A,0x2A,0x00,0x00,0x2A,0x55,0x55,
    0x55,0x55,0x55,0x55,0x55,0x55,0x55,0x55,0x55,0x55,0x55,0x55,0x55,0x55,0x55,0x55,
    0x55,0x55,0x55,0x55,0x55,0x55,0x55,0x55,0x55,0x55,0x55,0x55,0x55,0x55,0x55,0x55,
    0x55,0x55,0x55,0x55,0x55,0x55,0x55,0x55,0x55,0x55,0x55,0x55,0x55,0x55,0x55,0x55,
    0x55,0x55,0x55,0x55,0x55,0x55,0x55,0x55,0x55,0x55,0x55,0x55,0x55,0x55,0x55,0x55,
    0x2A,0x00,0x00,0x2A,0x55,0x7F,0x7F,0x7F,0x7F,0x7F,0x7F,0x7F,0x7F,0x7F,0x7F,0x7F,
    0x7F,0x7F,0x7F,0x7F,0x7F,0x7F,0x7F,0x7F,0x7F,0x7F,0x7F,0x7F,0x7F,0x7F,0x7F,0x7F,
    0x7F,0x7F,0x7F,0x7F,0x7F,0x7F,0x7F,0x7F,0x7F,0x7F,0x7F,0x7F,0x7F,0x7F,0x7F,0x7F,
    0x7F,0x7F,0x7F,0x7F,0x7F,0x7F,0x7F,0x7F,0x7F,0x7F,0x7F,0x7F,0x7F,0x7F,0x7F,0x7F,
    0x7F,0x7F,0x7F,0x7F,0x7F,0x55,0x2A,0x00,0x00,0x2A,0x55,0x7F,0xAA,0xAA,0xAA,0xAA,
    0xAA,0xAA,0xAA,0xAA,0xAA,0xAA,0xAA,0xAA,0xAA,0xAA,0xAA,0xAA,0xAA,0xAA,0xAA,0xAA,
    0xAA,0xAA,0xAA,0xAA,0xAA,0xAA,0xAA,0xAA,0xAA,0xAA,0xAA,0xAA,0xAA,0xAA,0xAA,0xAA,
    0xAA,0xAA,0xAA,0xAA,0xAA,0xAA,0xAA,0xAA,0xAA,0xAA,0xAA,0xAA,0xAA,0xAA,0xAA,0xAA,
    0xAA,0xAA,0xAA,0xAA,0xAA,0xAA,0xAA,0xAA,0xAA,0xAA,0x7F,0x55,0x2A,0x00,0x00,0x2A,
    0x55,0x7F,0xAA,0xD4,0xD4,0xD4,0xD4,0xD4,0xD4,0xD4,0xD4,0xD4,0xD4,0xD4,0xD4,0xD4,
    0xD4,0xD4,0xD4,0xD4,0xD4,0xD4,0xD4,0xD4,0xD4,0xD4,0xD4,0xD4,0xD4,0xD4,0xD4,0xD4,
    0xD4,0xD4,0xD4,0xD4,0xD4,0xD4,0xD4,0xD4,0xD4,0xD4,0xD4,0xD4,0xD4,0xD4,0xD4,0xD4,
    0xD4,0xD4,0xD4,0xD4,0xD4,0xD4,0xD4,0xD4,0xD4,0xD4,0xD4,0xD4,0xD4,0xD4,0xD4,0xAA,
    0x7F,0x55,0x2A,0x00,0x00,0x2A,0x55,0x7F,0xAA,0xD4,0xFF,0xFF,0xFF,0xFF,0xFF,0xFF,
    0xFF,0xFF,0xFF,0xFF,0xFF,0xFF,0xFF,0xFF,0xFF,0xFF,0xFF,0xFF,0xFF,0xFF,0xFF,0xFF,
    0xFF,0xFF,0xFF,0xFF,0xFF,0xFF,0xFF,0xFF,0xFF,0xFF,0xFF,0xFF,0xFF,0xFF,0xFF,0xFF,
    0xFF,0xFF,0xFF,0xFF,0xFF,0xFF,0xFF,0xFF,0xFF,0xFF,0xFF,0xFF,0xFF,0xFF,0xFF,0xFF,
    0xFF,0xFF,0xFF,0xFF,0xD4,0xAA,0x7F,0x55,0x2A,0x00,0x00,0x2A,0x55,0x7F,0xAA,0xD4,
    0xFF,0xFF,0xFF,0xFF,0xFF,0xFF,0xFF,0xFF,0xFF,0xFF,0xFF,0xFF,0xFF,0xFF,0xFF,0xFF,
    0xFF,0xFF,0xFF,0xFF,0xFF,0xFF,0xFF,0xFF,0xFF,0xFF,0xFF,0xFF,0xFF,0xFF,0xFF,0xFF,
    0xFF,0xFF,0xFF,0xFF,0xFF,0xFF,0xFF,0xFF,0xFF,0xFF,0xFF,0xFF,0xFF,0xFF,0xFF,0xFF,
    0xFF,0xFF,0xFF,0xFF,0xFF,0xFF,0xFF,0xFF,0xFF,0xFF,0xD4,0xAA,0x7F,0x55,0x2A,0x00,
    0x00,0x2A,0x55,0x7F,0xAA,0xD4,0xFF,0xFF,0xFF,0xFF,0xFF,0xFF,0xFF,0xFF,0xFF,0xFF,
    0xFF,0xFF,0xFF,0xFF,0xFF,0xFF,0xFF,0xFF,0xFF,0xFF,0xFF,0xFF,0xFF,0xFF,0xFF,0xFF,
    0xFF,0xFF,0xFF,0xFF,0xFF,0xFF,0xFF,0xFF,0xFF,0xFF,0xFF,0xFF,0xFF,0xFF,0xFF,0xFF,
    0xFF,0xFF,0xFF,0xFF,0xFF,0xFF,0xFF,0xFF,0xFF,0xFF,0xFF,0xFF,0xFF,0xFF,0xFF,0xFF,
    0xD4,0xAA,0x7F,0x55,0x2A,0x00,0x00,0x2A,0x55,0x7F,0xAA,0xD4,0xFF,0xFF,0xFF,0xFF,
    0xFF,0xFF,0xFF,0xFF,0xFF,0xFF,0xFF,0xFF,0xFF,0xFF,0xFF,0xFF,0xFF,0xFF,0xFF,0xFF,
    0xFF,0xFF,0xFF,0xFF,0xFF,0xFF,0xFF,0xFF,0xFF,0xFF,0xFF,0xFF,0xFF,0xFF,0xFF,0xFF,
    0xFF,0xFF,0xFF,0xFF,0xFF,0xFF,0xFF,0xFF,0xFF,0xFF,0xFF,0xFF,0xFF,0xFF,0xFF,0xFF,
    0xFF,0xFF,0xFF,0xFF,0xFF,0xFF,0xD4,0xAA,0x7F,0x55,0x2A,0x00,0x00,0x2A,0x55,0x7F,
    0xAA,0xD4,0xFF,0xFF,0xFF,0xFF,0xFF,0xFF,0xFF,0xFF,0xFF,0xFF,0xFF,0xFF,0xFF,0xFF,
    0xFF,0xFF,0xFF,0xFF,0xFF,0xFF,0xFF,0xFF,0xFF,0xFF,0xFF,0xFF,0xFF,0xFF,0xFF,0xFF,
    0xFF,0xFF,0xFF,0xFF,0xFF,0xFF,0xFF,0xFF,0xFF,0xFF,0xFF,0xFF,0xFF,0xFF,0xFF,0xFF,
    0xFF,0xFF,0xFF,0xFF,0xFF,0xFF,0xFF,0xFF,0xFF,0xFF,0xFF,0xFF,0xD4,0xAA,0x7F,0x55,
    0x2A,0x00,0x00,0x2A,0x55,0x7F,0xAA,0xD4,0xFF,0xFF,0xFF,0xFF,0xFF,0xFF,0xFF,0xFF,
    0xFF,0xFF,0xFF,0xFF,0xFF,0xFF,0xFF,0xFF,0xFF,0xFF,0xFF,0xFF,0xFF,0xFF,0xFF,0xFF,
    0xFF,0xFF,0xFF,0xFF,0xFF,0xFF,0xFF,0xFF,0xFF,0xFF,0xFF,0xFF,0xFF,0xFF,0xFF,0xFF,
    0xFF,0xFF,0xFF,0xFF,0xFF,0xFF,0xFF,0xFF,0xFF,0xFF,0xFF,0xFF,0xFF,0xFF,0xFF,0xFF,
    0xFF,0xFF,0xD4,0xAA,0x7F,0x55,0x2A,0x00,0x00,0x2A,0x55,0x7F,0xAA,0xD4,0xFF,0xFF,
    0xFF,0xFF,0xFF,0xFF,0xFF,0xFF,0xFF,0xFF,0xFF,0xFF,0xFF,0xFF,0xFF,0xFF,0xFF,0xFF,
    0xFF,0xFF,0xFF,0xFF,0xFF,0xFF,0xFF,0xFF,0xFF,0xFF,0xFF,0xFF,0xFF,0xFF,0xFF,0xFF,
    0xFF,0xFF,0xFF,0xFF,0xFF,0xFF,0xFF,0xFF,0xFF,0xFF,0xFF,0xFF,0xFF,0xFF,0xFF,0xFF,
    0xFF,0xFF,0xFF,0xFF,0xFF,0xFF,0xFF,0xFF,0xD4,0xAA,0x7F,0x55,0x2A,0x00,0x00,0x2A,
    0x55,0x7F,0xAA,0xD4,0xFF,0xFF,0xFF,0xFF,0xFF,0xFF,0xFF,0xFF,0xFF,0xFF,0xFF,0xFF,
    0xFF,0xFF,0xFF,0xFF,0xFF,0xFF,0xFF,0xFF,0xFF,0xFF,0xFF,0xFF,0xFF,0xFF,0xFF,0xFF,
    0xFF,0xFF,0xFF,0xFF,0xFF,0xFF,0xFF,0xFF,0xFF,0xFF,0xFF,0xFF,0xFF,0xFF,0xFF,0xFF,
    0xFF,0xFF,0xFF,0xFF,0xFF,0xFF,0xFF,0xFF,0xFF,0xFF,0xFF,0xFF,0xFF,0xFF,0xD4,0xAA,
    0x7F,0x55,0x2A,0x00,0x00,0x2A,0x55,0x7F,0xAA,0xD4,0xFF,0xFF,0xFF,0xFF,0xFF,0xFF,
    0xFF,0xFF,0xFF,0xFF,0xFF,0xFF,0xFF,0xFF,0xFF,0xFF,0xFF,0xFF,0xFF,0xFF,0xFF,0xFF,
    0xFF,0xFF,0xFF,0xFF,0xFF,0xFF,0xFF,0xFF,0xFF,0xFF,0xFF,0xFF,0xFF,0xFF,0xFF,0xFF,
    0xFF,0xFF,0xFF,0xFF,0xFF,0xFF,0xFF,0xFF,0xFF,0xFF,0xFF,0xFF,0xFF,0xFF,0xFF,0xFF,
    0xFF,0xFF,0xFF,0xFF,0xD4,0xAA,0x7F,0x55,0x2A,0x00,0x00,0x2A,0x55,0x7F,0xAA,0xD4,
    0xFF,0xFF,0xFF,0xFF,0xFF,0xFF,0xFF,0xFF,0xFF,0xFF,0xFF,0xFF,0xFF,0xFF,0xFF,0xFF,
    0xFF,0xFF,0xFF,0xFF,0xFF,0xFF,0xFF,0xFF,0xFF,0xFF,0xFF,0xFF,0xFF,0xFF,0xFF,0xFF,
    0xFF,0xFF,0xFF,0xFF,0xFF,0xFF,0xFF,0xFF,0xFF,0xFF,0xFF,0xFF,0xFF,0xFF,0xFF,0xFF,
    0xFF,0xFF,0xFF,0xFF,0xFF,0xFF,0xFF,0xFF,0xFF,0xFF,0xD4,0xAA,0x7F,0x55,0x2A,0x00,
    0x00,0x2A,0x55,0x7F,0xAA,0xD4,0xFF,0xFF,0xFF,0xFF,0xFF,0xFF,0xFF,0xFF,0xFF,0xFF,
    0xFF,0xFF,0xFF,0xFF,0xFF,0xFF,0xFF,0xFF,0xFF,0xFF,0xFF,0xFF,0xFF,0xFF,0xFF,0xFF,
    0xFF,0xFF,0xFF,0xFF,0xFF,0xFF,0xFF,0xFF,0xFF,0xFF,0xFF,0xFF,0xFF,0xFF,0xFF,0xFF,
    0xFF,0xFF,0xFF,0xFF,0xFF,0xFF,0xFF,0xFF,0xFF,0xFF,0xFF,0xFF,0xFF,0xFF,0xFF,0xFF,
    0xD4,0xAA,0x7F,0x55,0x2A,0x00,0x00,0x2A,0x55,0x7F,0xAA,0xD4,0xFF,0xFF,0xFF,0xFF,
    0xFF,0xFF,0xFF,0xFF,0xFF,0xFF,0xFF,0xFF,0xFF,0xFF,0xFF,0xFF,0xFF,0xFF,0xFF,0xFF,
    0xFF,0xFF,0xFF,0xFF,0xFF,0xFF,0xFF,0xFF,0xFF,0xFF,0xFF,0xFF,0xFF,0xFF,0xFF,0xFF,
    0xFF,0xFF,0xFF,0xFF,0xFF,0xFF,0xFF,0xFF,0xFF,0xFF,0xFF,0xFF,0xFF,0xFF,0xFF,0xFF,
    0xFF,0xFF,0xFF,0xFF,0xFF,0xFF,0xD4,0xAA,0x7F,0x55,0x2A,0x00,0x00,0x2A,0x55,0x7F,
    0xAA,0xD4,0xFF,0xFF,0xFF,0xFF,0xFF,0xFF,0xFF,0xFF,0xFF,0xFF,0xFF,0xFF,0xFF,0xFF,
    0xFF,0xFF,0xFF,0xFF,0xFF,0xFF,0xFF,0xFF,0xFF,0xFF,0xFF,0xFF,0xFF,0xFF,0xFF,0xFF,
    0xFF,0xFF,0xFF,0xFF,0xFF,0xFF,0xFF,0xFF,0xFF,0xFF,0xFF,0xFF,0xFF,0xFF,0xFF,0xFF,
    0xFF,0xFF,0xFF,0xFF,0xFF,0xFF,0xFF,0xFF,0xFF,0xFF,0xFF,0xFF,0xD4,0xAA,0x7F,0x55,
    0x2A,0x00,0x00,0x2A,0x55,0x7F,0xAA,0xD4,0xFF,0xFF,0xFF,0xFF,0xFF,0xFF,0xFF,0xFF,
    0xFF,0xFF,0xFF,0xFF,0xFF,0xFF,0xFF,0xFF,0xFF,0xFF,0xFF,0xFF,0xFF,0xFF,0xFF,0xFF,
    0xFF,0xFF,0xFF,0xFF,0xFF,0xFF,0xFF,0xFF,0xFF,0xFF,0xFF,0xFF,0xFF,0xFF,0xFF,0xFF,
    0xFF,0xFF,0xFF,0xFF,0xFF,0xFF,0xFF,0xFF,0xFF,0xFF,0xFF,0xFF,0xFF,0xFF,0xFF,0xFF,
    0xFF,0xFF,0xD4,0xAA,0x7F,0x55,0x2A,0x00,0x00,0x2A,0x55,0x7F,0xAA,0xD4,0xFF,0xFF,
    0xFF,0xFF,0xFF,0xFF,0xFF,0xFF,0xFF,0xFF,0xFF,0xFF,0xFF,0xFF,0xFF,0xFF,0xFF,0xFF,
    0xFF,0xFF,0xFF,0xFF,0xFF,0xFF,0xFF,0xFF,0xFF,0xFF,0xFF,0xFF,0xFF,0xFF,0xFF,0xFF,
    0xFF,0xFF,0xFF,0xFF,0xFF,0xFF,0xFF,0xFF,0xFF,0xFF,0xFF,0xFF,0xFF,0xFF,0xFF,0xFF,
    0xFF,0xFF,0xFF,0xFF,0xFF,0xFF,0xFF,0xFF,0xD4,0xAA,0x7F,0x55,0x2A,0x00,0x00,0x2A,
    0x55,0x7F,0xAA,0xD4,0xFF,0xFF,0xFF,0xFF,0xFF,0xFF,0xFF,0xFF,0xFF,0xFF,0xFF,0xFF,
    0xFF,0xFF,0xFF,0xFF,0xFF,0xFF,0xFF,0xFF,0xFF,0xFF,0xFF,0xFF,0xFF,0xFF,0xFF,0xFF,
    0xFF,0xFF,0xFF,0xFF,0xFF,0xFF,0xFF,0xFF,0xFF,0xFF,0xFF,0xFF,0xFF,0xFF,0xFF,0xFF,
    0xFF,0xFF,0xFF,0xFF,0xFF,0xFF,0xFF,0xFF,0xFF,0xFF,0xFF,0xFF,0xFF,0xFF,0xD4,0xAA,
    0x7F,0x55,0x2A,0x00,0x00,0x2A,0x55,0x7F,0xAA,0xD4,0xFF,0xFF,0xFF,0xFF,0xFF,0xFF,
    0xFF,0xFF,0xFF,0xFF,0xFF,0xFF,0xFF,0xFF,0xFF,0xFF,0xFF,0xFF,0xFF,0xFF,0xFF,0xFF,
    0xFF,0xFF,0xFF,0xFF,0xFF,0xFF,0xFF,0xFF,0xFF,0xFF,0xFF,0xFF,0xFF,0xFF,0xFF,0xFF,
    0xFF,0xFF,0xFF,0xFF,0xFF,0xFF,0xFF,0xFF,0xFF,0xFF,0xFF,0xFF,0xFF,0xFF,0xFF,0xFF,
    0xFF,0xFF,0xFF,0xFF,0xD4,0xAA,0x7F,0x55,0x2A,0x00,0x00,0x2A,0x55,0x7F,0xAA,0xD4,
    0xFF,0xFF,0xFF,0xFF,0xFF,0xFF,0xFF,0xFF,0xFF,0xFF,0xFF,0xFF,0xFF,0xFF,0xFF,0xFF,
    0xFF,0xFF,0xFF,0xFF,0xFF,0xFF,0xFF,0xFF,0xFF,0xFF,0xFF,0xFF,0xFF,0xFF,0xFF,0xFF,
    0xFF,0xFF,0xFF,0xFF,0xFF,0xFF,0xFF,0xFF,0xFF,0xFF,0xFF,0xFF,0xFF,0xFF,0xFF,0xFF,
    0xFF,0xFF,0xFF,0xFF,0xFF,0xFF,0xFF,0xFF,0xFF,0xFF,0xD4,0xAA,0x7F,0x55,0x2A,0x00,
    0x00,0x2A,0x55,0x7F,0xAA,0xD4,0xFF,0xFF,0xFF,0xFF,0xFF,0xFF,0xFF,0xFF,0xFF,0xFF,
    0xFF,0xFF,0xFF,0xFF,0xFF,0xFF,0xFF,0xFF,0xFF,0xFF,0xFF,0xFF,0xFF,0xFF,0xFF,0xFF,
    0xFF,0xFF,0xFF,0xFF,0xFF,0xFF,0xFF,0xFF,0xFF,0xFF,0xFF,0xFF,0xFF,0xFF,0xFF,0xFF,
    0xFF,0xFF,0xFF,0xFF,0xFF,0xFF,0xFF,0xFF,0xFF,0xFF,0xFF,0xFF,0xFF,0xFF,0xFF,0xFF,
    0xD4,0xAA,0x7F,0x55,0x2A,0x00,0x00,0x2A,0x55,0x7F,0xAA,0xD4,0xFF,0xFF,0xFF,0xFF,
    0xFF,0xFF,0xFF,0xFF,0xFF,0xFF,0xFF,0xFF,0xFF,0xFF,0xFF,0xFF,0xFF,0xFF,0xFF,0xFF,
    0xFF,0xFF,0xFF,0xFF,0xFF,0xFF,0xFF,0xFF,0xFF,0xFF,0xFF,0xFF,0xFF,0xFF,0xFF,0xFF,
    0xFF,0xFF,0xFF,0xFF,0xFF,0xFF,0xFF,0xFF,0xFF,0xFF,0xFF,0xFF,0xFF,0xFF,0xFF,0xFF,
    0xFF,0xFF,0xFF,0xFF,0xFF,0xFF,0xD4,0xAA,0x7F,0x55,0x2A,0x00,0x00,0x2A,0x55,0x7F,
    0xAA,0xD4,0xFF,0xFF,0xFF,0xFF,0xFF,0xFF,0xFF,0xFF,0xFF,0xFF,0xFF,0xFF,0xFF,0xFF,
    0xFF,0xFF,0xFF,0xFF,0xFF,0xFF,0xFF,0xFF,0xFF,0xFF,0xFF,0xFF,0xFF,0xFF,0xFF,0xFF,
    0xFF,0xFF,0xFF,0xFF,0xFF,0xFF,0xFF,0xFF,0xFF,0xFF,0xFF,0xFF,0xFF,0xFF,0xFF,0xFF,
    0xFF,0xFF,0xFF,0xFF,0xFF,0xFF,0xFF,0xFF,0xFF,0xFF,0xFF,0xFF,0xD4,0xAA,0x7F,0x55,
    0x2A,0x00,0x00,0x2A,0x55,0x7F,0xAA,0xD4,0xFF,0xFF,0xFF,0xFF,0xFF,0xFF,0xFF,0xFF,
    0xFF,0xFF,0xFF,0xFF,0xFF,0xFF,0xFF,0xFF,0xFF,0xFF,0xFF,0xFF,0xFF,0xFF,0xFF,0xFF,
    0xFF,0xFF,0xFF,0xFF,0xFF,0xFF,0xFF,0xFF,0xFF,0xFF,0xFF,0xFF,0xFF,0xFF,0xFF,0xFF,
    0xFF,0xFF,0xFF,0xFF,0xFF,0xFF,0xFF,0xFF,0xFF,0xFF,0xFF,0xFF,0xFF,0xFF,0xFF,0xFF,
    0xFF,0xFF,0xD4,0xAA,0x7F,0x55,0x2A,0x00,0x00,0x2A,0x55,0x7F,0xAA,0xD4,0xFF,0xFF,
    0xFF,0xFF,0xFF,0xFF,0xFF,0xFF,0xFF,0xFF,0xFF,0xFF,0xFF,0xFF,0xFF,0xFF,0xFF,0xFF,
    0xFF,0xFF,0xFF,0xFF,0xFF,0xFF,0xFF,0xFF,0xFF,0xFF,0xFF,0xFF,0xFF,0xFF,0xFF,0xFF,
    0xFF,0xFF,0xFF,0xFF,0xFF,0xFF,0xFF,0xFF,0xFF,0xFF,0xFF,0xFF,0xFF,0xFF,0xFF,0xFF,
    0xFF,0xFF,0xFF,0xFF,0xFF,0xFF,0xFF,0xFF,0xD4,0xAA,0x7F,0x55,0x2A,0x00,0x00,0x2A,
    0x55,0x7F,0xAA,0xD4,0xFF,0xFF,0xFF,0xFF,0xFF,0xFF,0xFF,0xFF,0xFF,0xFF,0xFF,0xFF,
    0xFF,0xFF,0xFF,0xFF,0xFF,0xFF,0xFF,0xFF,0xFF,0xFF,0xFF,0xFF,0xFF,0xFF,0xFF,0xFF,
    0xFF,0xFF,0xFF,0xFF,0xFF,0xFF,0xFF,0xFF,0xFF,0xFF,0xFF,0xFF,0xFF,0xFF,0xFF,0xFF,
    0xFF,0xFF,0xFF,0xFF,0xFF,0xFF,0xFF,0xFF,0xFF,0xFF,0xFF,0xFF,0xFF,0xFF,0xD4,0xAA,
    0x7F,0x55,0x2A,0x00,0x00,0x2A,0x55,0x7F,0xAA,0xD4,0xFF,0xFF,0xFF,0xFF,0xFF,0xFF,
    0xFF,0xFF,0xFF,0xFF,0xFF,0xFF,0xFF,0xFF,0xFF,0xFF,0xFF,0xFF,0xFF,0xFF,0xFF,0xFF,
    0xFF,0xFF,0xFF,0xFF,0xFF,0xFF,0xFF,0xFF,0xFF,0xFF,0xFF,0xFF,0xFF,0xFF,0xFF,0xFF,
    0xFF,0xFF,0xFF,0xFF,0xFF,0xFF,0xFF,0xFF,0xFF,0xFF,0xFF,0xFF,0xFF,0xFF,0xFF,0xFF,
    0xFF,0xFF,0xFF,0xFF,0xD4,0xAA,0x7F,0x55,0x2A,0x00,0x00,0x2A,0x55,0x7F,0xAA,0xD4,
    0xFF,0xFF,0xFF,0xFF,0xFF,0xFF,0xFF,0xFF,0xFF,0xFF,0xFF,0xFF,0xFF,0xFF,0xFF,0xFF,
    0xFF,0xFF,0xFF,0xFF,0xFF,0xFF,0xFF,0xFF,0xFF,0xFF,0xFF,0xFF,0xFF,0xFF,0xFF,0xFF,
    0xFF,0xFF,0xFF,0xFF,0xFF,0xFF,0xFF,0xFF,0xFF,0xFF,0xFF,0xFF,0xFF,0xFF,0xFF,0xFF,
    0xFF,0xFF,0xFF,0xFF,0xFF,0xFF,0xFF,0xFF,0xFF,0xFF,0xD4,0xAA,0x7F,0x55,0x2A,0x00,
    0x00,0x2A,0x55,0x7F,0xAA,0xD4,0xFF,0xFF,0xFF,0xFF,0xFF,0xFF,0xFF,0xFF,0xFF,0xFF,
    0xFF,0xFF,0xFF,0xFF,0xFF,0xFF,0xFF,0xFF,0xFF,0xFF,0xFF,0xFF,0xFF,0xFF,0xFF,0xFF,
    0xFF,0xFF,0xFF,0xFF,0xFF,0xFF,0xFF,0xFF,0xFF,0xFF,0xFF,0xFF,0xFF,0xFF,0xFF,0xFF,
    0xFF,0xFF,0xFF,0xFF,0xFF,0xFF,0xFF,0xFF,0xFF,0xFF,0xFF,0xFF,0xFF,0xFF,0xFF,0xFF,
    0xD4,0xAA,0x7F,0x55,0x2A,0x00,0x00,0x2A,0x55,0x7F,0xAA,0xD4,0xFF,0xFF,0xFF,0xFF,
    0xFF,0xFF,0xFF,0xFF,0xFF,0xFF,0xFF,0xFF,0xFF,0xFF,0xFF,0xFF,0xFF,0xFF,0xFF,0xFF,
    0xFF,0xFF,0xFF,0xFF,0xFF,0xFF,0xFF,0xFF,0xFF,0xFF,0xFF,0xFF,0xFF,0xFF,0xFF,0xFF,
    0xFF,0xFF,0xFF,0xFF,0xFF,0xFF,0xFF,0xFF,0xFF,0xFF,0xFF,0xFF,0xFF,0xFF,0xFF,0xFF,
    0xFF,0xFF,0xFF,0xFF,0xFF,0xFF,0xD4,0xAA,0x7F,0x55,0x2A,0x00,0x00,0x2A,0x55,0x7F,
    0xAA,0xD4,0xFF,0xFF,0xFF,0xFF,0xFF,0xFF,0xFF,0xFF,0xFF,0xFF,0xFF,0xFF,0xFF,0xFF,
    0xFF,0xFF,0xFF,0xFF,0xFF,0xFF,0xFF,0xFF,0xFF,0xFF,0xFF,0xFF,0xFF,0xFF,0xFF,0xFF,
    0xFF,0xFF,0xFF,0xFF,0xFF,0xFF,0xFF,0xFF,0xFF,0xFF,0xFF,0xFF,0xFF,0xFF,0xFF,0xFF,
    0xFF,0xFF,0xFF,0xFF,0xFF,0xFF,0xFF,0xFF,0xFF,0xFF,0xFF,0xFF,0xD4,0xAA,0x7F,0x55,
    0x2A,0x00,0x00,0x2A,0x55,0x7F,0xAA,0xD4,0xFF,0xFF,0xFF,0xFF,0xFF,0xFF,0xFF,0xFF,
    0xFF,0xFF,0xFF,0xFF,0xFF,0xFF,0xFF,0xFF,0xFF,0xFF,0xFF,0xFF,0xFF,0xFF,0xFF,0xFF,
    0xFF,0xFF,0xFF,0xFF,0xFF,0xFF,0xFF,0xFF,0xFF,0xFF,0xFF,0xFF,0xFF,0xFF,0xFF,0xFF,
    0xFF,0xFF,0xFF,0xFF,0xFF,0xFF,0xFF,0xFF,0xFF,0xFF,0xFF,0xFF,0xFF,0xFF,0xFF,0xFF,
    0xFF,0xFF,0xD4,0xAA,0x7F,0x55,0x2A,0x00,0x00,0x2A,0x55,0x7F,0xAA,0xD4,0xFF,0xFF,
    0xFF,0xFF,0xFF,0xFF,0xFF,0xFF,0xFF,0xFF,0xFF,0xFF,0xFF,0xFF,0xFF,0xFF,0xFF,0xFF,
    0xFF,0xFF,0xFF,0xFF,0xFF,0xFF,0xFF,0xFF,0xFF,0xFF,0xFF,0xFF,0xFF,0xFF,0xFF,0xFF,
    0xFF,0xFF,0xFF,0xFF,0xFF,0xFF,0xFF,0xFF,0xFF,0xFF,0xFF,0xFF,0xFF,0xFF,0xFF,0xFF,
    0xFF,0xFF,0xFF,0xFF,0xFF,0xFF,0xFF,0xFF,0xD4,0xAA,0x7F,0x55,0x2A,0x00,0x00,0x2A,
    0x55,0x7F,0xAA,0xD4,0xFF,0xFF,0xFF,0xFF,0xFF,0xFF,0xFF,0xFF,0xFF,0xFF,0xFF,0xFF,
    0xFF,0xFF,0xFF,0xFF,0xFF,0xFF,0xFF,0xFF,0xFF,0xFF,0xFF,0xFF,0xFF,0xFF,0xFF,0xFF,
    0xFF,0xFF,0xFF,0xFF,0xFF,0xFF,0xFF,0xFF,0xFF,0xFF,0xFF,0xFF,0xFF,0xFF,0xFF,0xFF,
    0xFF,0xFF,0xFF,0xFF,0xFF,0xFF,0xFF,0xFF,0xFF,0xFF,0xFF,0xFF,0xFF,0xFF,0xD4,0xAA,
    0x7F,0x55,0x2A,0x00,0x00,0x2A,0x55,0x7F,0xAA,0xD4,0xFF,0xFF,0xFF,0xFF,0xFF,0xFF,
    0xFF,0xFF,0xFF,0xFF,0xFF,0xFF,0xFF,0xFF,0xFF,0xFF,0xFF,0xFF,0xFF,0xFF,0xFF,0xFF,
    0xFF,0xFF,0xFF,0xFF,0xFF,0xFF,0xFF,0xFF,0xFF,0xFF,0xFF,0xFF,0xFF,0xFF,0xFF,0xFF,
    0xFF,0xFF,0xFF,0xFF,0xFF,0xFF,0xFF,0xFF,0xFF,0xFF,0xFF,0xFF,0xFF,0xFF,0xFF,0xFF,
    0xFF,0xFF,0xFF,0xFF,0xD4,0xAA,0x7F,0x55,0x2A,0x00,0x00,0x2A,0x55,0x7F,0xAA,0xD4,
    0xFF,0xFF,0xFF,0xFF,0xFF,0xFF,0xFF,0xFF,0xFF,0xFF,0xFF,0xFF,0xFF,0xFF,0xFF,0xFF,
    0xFF,0xFF,0xFF,0xFF,0xFF,0xFF,0xFF,0xFF,0xFF,0xFF,0xFF,0xFF,0xFF,0xFF,0xFF,0xFF,
    0xFF,0xFF,0xFF,0xFF,0xFF,0xFF,0xFF,0xFF,0xFF,0xFF,0xFF,0xFF,0xFF,0xFF,0xFF,0xFF,
    0xFF,0xFF,0xFF,0xFF,0xFF,0xFF,0xFF,0xFF,0xFF,0xFF,0xD4,0xAA,0x7F,0x55,0x2A,0x00,
    0x00,0x2A,0x55,0x7F,0xAA,0xD4,0xFF,0xFF,0xFF,0xFF,0xFF,0xFF,0xFF,0xFF,0xFF,0xFF,
    0xFF,0xFF,0xFF,0xFF,0xFF,0xFF,0xFF,0xFF,0xFF,0xFF,0xFF,0xFF,0xFF,0xFF,0xFF,0xFF,
    0xFF,0xFF,0xFF,0xFF,0xFF,0xFF,0xFF,0xFF,0xFF,0xFF,0xFF,0xFF,0xFF,0xFF,0xFF,0xFF,
    0xFF,0xFF,0xFF,0xFF,0xFF,0xFF,0xFF,0xFF,0xFF,0xFF,0xFF,0xFF,0xFF,0xFF,0xFF,0xFF,
    0xD4,0xAA,0x7F,0x55,0x2A,0x00,0x00,0x2A,0x55,0x7F,0xAA,0xD4,0xFF,0xFF,0xFF,0xFF,
    0xFF,0xFF,0xFF,0xFF,0xFF,0xFF,0xFF,0xFF,0xFF,0xFF,0xFF,0xFF,0xFF,0xFF,0xFF,0xFF,
    0xFF,0xFF,0xFF,0xFF,0xFF,0xFF,0xFF,0xFF,0xFF,0xFF,0xFF,0xFF,0xFF,0xFF,0xFF,0xFF,
    0xFF,0xFF,0xFF,0xFF,0xFF,0xFF,0xFF,0xFF,0xFF,0xFF,0xFF,0xFF,0xFF,0xFF,0xFF,0xFF,
    0xFF,0xFF,0xFF,0xFF,0xFF,0xFF,0xD4,0xAA,0x7F,0x55,0x2A,0x00,0x00,0x2A,0x55,0x7F,
    0xAA,0xD4,0xFF,0xFF,0xFF,0xFF,0xFF,0xFF,0xFF,0xFF,0xFF,0xFF,0xFF,0xFF,0xFF,0xFF,
    0xFF,0xFF,0xFF,0xFF,0xFF,0xFF,0xFF,0xFF,0xFF,0xFF,0xFF,0xFF,0xFF,0xFF,0xFF,0xFF,
    0xFF,0xFF,0xFF,0xFF,0xFF,0xFF,0xFF,0xFF,0xFF,0xFF,0xFF,0xFF,0xFF,0xFF,0xFF,0xFF,
    0xFF,0xFF,0xFF,0xFF,0xFF,0xFF,0xFF,0xFF,0xFF,0xFF,0xFF,0xFF,0xD4,0xAA,0x7F,0x55,
    0x2A,0x00,0x00,0x2A,0x55,0x7F,0xAA,0xD4,0xFF,0xFF,0xFF,0xFF,0xFF,0xFF,0xFF,0xFF,
    0xFF,0xFF,0xFF,0xFF,0xFF,0xFF,0xFF,0xFF,0xFF,0xFF,0xFF,0xFF,0xFF,0xFF,0xFF,0xFF,
    0xFF,0xFF,0xFF,0xFF,0xFF,0xFF,0xFF,0xFF,0xFF,0xFF,0xFF,0xFF,0xFF,0xFF,0xFF,0xFF,
    0xFF,0xFF,0xFF,0xFF,0xFF,0xFF,0xFF,0xFF,0xFF,0xFF,0xFF,0xFF,0xFF,0xFF,0xFF,0xFF,
    0xFF,0xFF,0xD4,0xAA,0x7F,0x55,0x2A,0x00,0x00,0x2A,0x55,0x7F,0xAA,0xD4,0xFF,0xFF,
    0xFF,0xFF,0xFF,0xFF,0xFF,0xFF,0xFF,0xFF,0xFF,0xFF,0xFF,0xFF,0xFF,0xFF,0xFF,0xFF,
    0xFF,0xFF,0xFF,0xFF,0xFF,0xFF,0xFF,0xFF,0xFF,0xFF,0xFF,0xFF,0xFF,0xFF,0xFF,0xFF,
    0xFF,0xFF,0xFF,0xFF,0xFF,0xFF,0xFF,0xFF,0xFF,0xFF,0xFF,0xFF,0xFF,0xFF,0xFF,0xFF,
    0xFF,0xFF,0xFF,0xFF,0xFF,0xFF,0xFF,0xFF,0xD4,0xAA,0x7F,0x55,0x2A,0x00,0x00,0x2A,
    0x55,0x7F,0xAA,0xD4,0xFF,0xFF,0xFF,0xFF,0xFF,0xFF,0xFF,0xFF,0xFF,0xFF,0xFF,0xFF,
    0xFF,0xFF,0xFF,0xFF,0xFF,0xFF,0xFF,0xFF,0xFF,0xFF,0xFF,0xFF,0xFF,0xFF,0xFF,0xFF,
    0xFF,0xFF,0xFF,0xFF,0xFF,0xFF,0xFF,0xFF,0xFF,0xFF,0xFF,0xFF,0xFF,0xFF,0xFF,0xFF,
    0xFF,0xFF,0xFF,0xFF,0xFF,0xFF,0xFF,0xFF,0xFF,0xFF,0xFF,0xFF,0xFF,0xFF,0xD4,0xAA,
    0x7F,0x55,0x2A,0x00,0x00,0x2A,0x55,0x7F,0xAA,0xD4,0xFF,0xFF,0xFF,0xFF,0xFF,0xFF,
    0xFF,0xFF,0xFF,0xFF,0xFF,0xFF,0xFF,0xFF,0xFF,0xFF,0xFF,0xFF,0xFF,0xFF,0xFF,0xFF,
    0xFF,0xFF,0xFF,0xFF,0xFF,0xFF,0xFF,0xFF,0xFF,0xFF,0xFF,0xFF,0xFF,0xFF,0xFF,0xFF,
    0xFF,0xFF,0xFF,0xFF,0xFF,0xFF,0xFF,0xFF,0xFF,0xFF,0xFF,0xFF,0xFF,0xFF,0xFF,0xFF,
    0xFF,0xFF,0xFF,0xFF,0xD4,0xAA,0x7F,0x55,0x2A,0x00,0x00,0x2A,0x55,0x7F,0xAA,0xD4,
    0xFF,0xFF,0xFF,0xFF,0xFF,0xFF,0xFF,0xFF,0xFF,0xFF,0xFF,0xFF,0xFF,0xFF,0xFF,0xFF,
    0xFF,0xFF,0xFF,0xFF,0xFF,0xFF,0xFF,0xFF,0xFF,0xFF,0xFF,0xFF,0xFF,0xFF,0xFF,0xFF,
    0xFF,0xFF,0xFF,0xFF,0xFF,0xFF,0xFF,0xFF,0xFF,0xFF,0xFF,0xFF,0xFF,0xFF,0xFF,0xFF,
    0xFF,0xFF,0xFF,0xFF,0xFF,0xFF,0xFF,0xFF,0xFF,0xFF,0xD4,0xAA,0x7F,0x55,0x2A,0x00,
    0x00,0x2A,0x55,0x7F,0xAA,0xD4,0xFF,0xFF,0xFF,0xFF,0xFF,0xFF,0xFF,0xFF,0xFF,0xFF,
    0xFF,0xFF,0xFF,0xFF,0xFF,0xFF,0xFF,0xFF,0xFF,0xFF,0xFF,0xFF,0xFF,0xFF,0xFF,0xFF,
    0xFF,0xFF,0xFF,0xFF,0xFF,0xFF,0xFF,0xFF,0xFF,0xFF,0xFF,0xFF,0xFF,0xFF,0xFF,0xFF,
    0xFF,0xFF,0xFF,0xFF,0xFF,0xFF,0xFF,0xFF,0xFF,0xFF,0xFF,0xFF,0xFF,0xFF,0xFF,0xFF,
    0xD4,0xAA,0x7F,0x55,0x2A,0x00,0x00,0x2A,0x55,0x7F,0xAA,0xD4,0xFF,0xFF,0xFF,0xFF,
    0xFF,0xFF,0xFF,0xFF,0xFF,0xFF,0xFF,0xFF,0xFF,0xFF,0xFF,0xFF,0xFF,0xFF,0xFF,0xFF,
    0xFF,0xFF,0xFF,0xFF,0xFF,0xFF,0xFF,0xFF,0xFF,0xFF,0xFF,0xFF,0xFF,0xFF,0xFF,0xFF,
    0xFF,0xFF,0xFF,0xFF,0xFF,0xFF,0xFF,0xFF,0xFF,0xFF,0xFF,0xFF,0xFF,0xFF,0xFF,0xFF,
    0xFF,0xFF,0xFF,0xFF,0xFF,0xFF,0xD4,0xAA,0x7F,0x55,0x2A,0x00,0x00,0x2A,0x55,0x7F,
    0xAA,0xD4,0xFF,0xFF,0xFF,0xFF,0xFF,0xFF,0xFF,0xFF,0xFF,0xFF,0xFF,0xFF,0xFF,0xFF,
    0xFF,0xFF,0xFF,0xFF,0xFF,0xFF,0xFF,0xFF,0xFF,0xFF,0xFF,0xFF,0xFF,0xFF,0xFF,0xFF,
    0xFF,0xFF,0xFF,0xFF,0xFF,0xFF,0xFF,0xFF,0xFF,0xFF,0xFF,0xFF,0xFF,0xFF,0xFF,0xFF,
    0xFF,0xFF,0xFF,0xFF,0xFF,0xFF,0xFF,0xFF,0xFF,0xFF,0xFF,0xFF,0xD4,0xAA,0x7F,0x55,
    0x2A,0x00,0x00,0x2A,0x55,0x7F,0xAA,0xD4,0xFF,0xFF,0xFF,0xFF,0xFF,0xFF,0xFF,0xFF,
    0xFF,0xFF,0xFF,0xFF,0xFF,0xFF,0xFF,0xFF,0xFF,0xFF,0xFF,0xFF,0xFF,0xFF,0xFF,0xFF,
    0xFF,0xFF,0xFF,0xFF,0xFF,0xFF,0xFF,0xFF,0xFF,0xFF,0xFF,0xFF,0xFF,0xFF,0xFF,0xFF,
    0xFF,0xFF,0xFF,0xFF,0xFF,0xFF,0xFF,0xFF,0xFF,0xFF,0xFF,0xFF,0xFF,0xFF,0xFF,0xFF,
    0xFF,0xFF,0xD4,0xAA,0x7F,0x55,0x2A,0x00,0x00,0x2A,0x55,0x7F,0xAA,0xD4,0xFF,0xFF,
    0xFF,0xFF,0xFF,0xFF,0xFF,0xFF,0xFF,0xFF,0xFF,0xFF,0xFF,0xFF,0xFF,0xFF,0xFF,0xFF,
    0xFF,0xFF,0xFF,0xFF,0xFF,0xFF,0xFF,0xFF,0xFF,0xFF,0xFF,0xFF,0xFF,0xFF,0xFF,0xFF,
    0xFF,0xFF,0xFF,0xFF,0xFF,0xFF,0xFF,0xFF,0xFF,0xFF,0xFF,0xFF,0xFF,0xFF,0xFF,0xFF,
    0xFF,0xFF,0xFF,0xFF,0xFF,0xFF,0xFF,0xFF,0xD4,0xAA,0x7F,0x55,0x2A,0x00,0x00,0x2A,
    0x55,0x7F,0xAA,0xD4,0xFF,0xFF,0xFF,0xFF,0xFF,0xFF,0xFF,0xFF,0xFF,0xFF,0xFF,0xFF,
    0xFF,0xFF,0xFF,0xFF,0xFF,0xFF,0xFF,0xFF,0xFF,0xFF,0xFF,0xFF,0xFF,0xFF,0xFF,0xFF,
    0xFF,0xFF,0xFF,0xFF,0xFF,0xFF,0xFF,0xFF,0xFF,0xFF,0xFF,0xFF,0xFF,0xFF,0xFF,0xFF,
    0xFF,0xFF,0xFF,0xFF,0xFF,0xFF,0xFF,0xFF,0xFF,0xFF,0xFF,0xFF,0xFF,0xFF,0xD4,0xAA,
    0x7F,0x55,0x2A,0x00,0x00,0x2A,0x55,0x7F,0xAA,0xD4,0xFF,0xFF,0xFF,0xFF,0xFF,0xFF,
    0xFF,0xFF,0xFF,0xFF,0xFF,0xFF,0xFF,0xFF,0xFF,0xFF,0xFF,0xFF,0xFF,0xFF,0xFF,0xFF,
    0xFF,0xFF,0xFF,0xFF,0xFF,0xFF,0xFF,0xFF,0xFF,0xFF,0xFF,0xFF,0xFF,0xFF,0xFF,0xFF,
    0xFF,0xFF,0xFF,0xFF,0xFF,0xFF,0xFF,0xFF,0xFF,0xFF,0xFF,0xFF,0xFF,0xFF,0xFF,0xFF,
    0xFF,0xFF,0xFF,0xFF,0xD4,0xAA,0x7F,0x55,0x2A,0x00,0x00,0x2A,0x55,0x7F,0xAA,0xD4,
    0xFF,0xFF,0xFF,0xFF,0xFF,0xFF,0xFF,0xFF,0xFF,0xFF,0xFF,0xFF,0xFF,0xFF,0xFF,0xFF,
    0xFF,0xFF,0xFF,0xFF,0xFF,0xFF,0xFF,0xFF,0xFF,0xFF,0xFF,0xFF,0xFF,0xFF,0xFF,0xFF,
    0xFF,0xFF,0xFF,0xFF,0xFF,0xFF,0xFF,0xFF,0xFF,0xFF,0xFF,0xFF,0xFF,0xFF,0xFF,0xFF,
    0xFF,0xFF,0xFF,0xFF,0xFF,0xFF,0xFF,0xFF,0xFF,0xFF,0xD4,0xAA,0x7F,0x55,0x2A,0x00,
    0x00,0x2A,0x55,0x7F,0xAA,0xD4,0xFF,0xFF,0xFF,0xFF,0xFF,0xFF,0xFF,0xFF,0xFF,0xFF,
    0xFF,0xFF,0xFF,0xFF,0xFF,0xFF,0xFF,0xFF,0xFF,0xFF,0xFF,0xFF,0xFF,0xFF,0xFF,0xFF,
    0xFF,0xFF,0xFF,0xFF,0xFF,0xFF,0xFF,0xFF,0xFF,0xFF,0xFF,0xFF,0xFF,0xFF,0xFF,0xFF,
    0xFF,0xFF,0xFF,0xFF,0xFF,0xFF,0xFF,0xFF,0xFF,0xFF,0xFF,0xFF,0xFF,0xFF,0xFF,0xFF,
    0xD4,0xAA,0x7F,0x55,0x2A,0x00,0x00,0x2A,0x55,0x7F,0xAA,0xD4,0xFF,0xFF,0xFF,0xFF,
    0xFF,0xFF,0xFF,0xFF,0xFF,0xFF,0xFF,0xFF,0xFF,0xFF,0xFF,0xFF,0xFF,0xFF,0xFF,0xFF,
    0xFF,0xFF,0xFF,0xFF,0xFF,0xFF,0xFF,0xFF,0xFF,0xFF,0xFF,0xFF,0xFF,0xFF,0xFF,0xFF,
    0xFF,0xFF,0xFF,0xFF,0xFF,0xFF,0xFF,0xFF,0xFF,0xFF,0xFF,0xFF,0xFF,0xFF,0xFF,0xFF,
    0xFF,0xFF,0xFF,0xFF,0xFF,0xFF,0xD4,0xAA,0x7F,0x55,0x2A,0x00,0x00,0x2A,0x55,0x7F,
    0xAA,0xD4,0xFF,0xFF,0xFF,0xFF,0xFF,0xFF,0xFF,0xFF,0xFF,0xFF,0xFF,0xFF,0xFF,0xFF,
    0xFF,0xFF,0xFF,0xFF,0xFF,0xFF,0xFF,0xFF,0xFF,0xFF,0xFF,0xFF,0xFF,0xFF,0xFF,0xFF,
    0xFF,0xFF,0xFF,0xFF,0xFF,0xFF,0xFF,0xFF,0xFF,0xFF,0xFF,0xFF,0xFF,0xFF,0xFF,0xFF,
    0xFF,0xFF,0xFF,0xFF,0xFF,0xFF,0xFF,0xFF,0xFF,0xFF,0xFF,0xFF,0xD4,0xAA,0x7F,0x55,
    0x2A,0x00,0x00,0x2A,0x55,0x7F,0xAA,0xD4,0xFF,0xFF,0xFF,0xFF,0xFF,0xFF,0xFF,0xFF,
    0xFF,0xFF,0xFF,0xFF,0xFF,0xFF,0xFF,0xFF,0xFF,0xFF,0xFF,0xFF,0xFF,0xFF,0xFF,0xFF,
    0xFF,0xFF,0xFF,0xFF,0xFF,0xFF,0xFF,0xFF,0xFF,0xFF,0xFF,0xFF,0xFF,0xFF,0xFF,0xFF,
    0xFF,0xFF,0xFF,0xFF,0xFF,0xFF,0xFF,0xFF,0xFF,0xFF,0xFF,0xFF,0xFF,0xFF,0xFF,0xFF,
    0xFF,0xFF,0xD4,0xAA,0x7F,0x55,0x2A,0x00,0x00,0x2A,0x55,0x7F,0xAA,0xD4,0xFF,0xFF,
    0xFF,0xFF,0xFF,0xFF,0xFF,0xFF,0xFF,0xFF,0xFF,0xFF,0xFF,0xFF,0xFF,0xFF,0xFF,0xFF,
    0xFF,0xFF,0xFF,0xFF,0xFF,0xFF,0xFF,0xFF,0xFF,0xFF,0xFF,0xFF,0xFF,0xFF,0xFF,0xFF,
    0xFF,0xFF,0xFF,0xFF,0xFF,0xFF,0xFF,0xFF,0xFF,0xFF,0xFF,0xFF,0xFF,0xFF,0xFF,0xFF,
    0xFF,0xFF,0xFF,0xFF,0xFF,0xFF,0xFF,0xFF,0xD4,0xAA,0x7F,0x55,0x2A,0x00,0x00,0x2A,
    0x55,0x7F,0xAA,0xD4,0xFF,0xFF,0xFF,0xFF,0xFF,0xFF,0xFF,0xFF,0xFF,0xFF,0xFF,0xFF,
    0xFF,0xFF,0xFF,0xFF,0xFF,0xFF,0xFF,0xFF,0xFF,0xFF,0xFF,0xFF,0xFF,0xFF,0xFF,0xFF,
    0xFF,0xFF,0xFF,0xFF,0xFF,0xFF,0xFF,0xFF,0xFF,0xFF,0xFF,0xFF,0xFF,0xFF,0xFF,0xFF,
    0xFF,0xFF,0xFF,0xFF,0xFF,0xFF,0xFF,0xFF,0xFF,0xFF,0xFF,0xFF,0xFF,0xFF,0xD4,0xAA,
    0x7F,0x55,0x2A,0x00,0x00,0x2A,0x55,0x7F,0xAA,0xD4,0xFF,0xFF,0xFF,0xFF,0xFF,0xFF,
    0xFF,0xFF,0xFF,0xFF,0xFF,0xFF,0xFF,0xFF,0xFF,0xFF,0xFF,0xFF,0xFF,0xFF,0xFF,0xFF,
    0xFF,0xFF,0xFF,0xFF,0xFF,0xFF,0xFF,0xFF,0xFF,0xFF,0xFF,0xFF,0xFF,0xFF,0xFF,0xFF,
    0xFF,0xFF,0xFF,0xFF,0xFF,0xFF,0xFF,0xFF,0xFF,0xFF,0xFF,0xFF,0xFF,0xFF,0xFF,0xFF,
    0xFF,0xFF,0xFF,0xFF,0xD4,0xAA,0x7F,0x55,0x2A,0x00,0x00,0x2A,0x55,0x7F,0xAA,0xD4,
    0xFF,0xFF,0xFF,0xFF,0xFF,0xFF,0xFF,0xFF,0xFF,0xFF,0xFF,0xFF,0xFF,0xFF,0xFF,0xFF,
    0xFF,0xFF,0xFF,0xFF,0xFF,0xFF,0xFF,0xFF,0xFF,0xFF,0xFF,0xFF,0xFF,0xFF,0xFF,0xFF,
    0xFF,0xFF,0xFF,0xFF,0xFF,0xFF,0xFF,0xFF,0xFF,0xFF,0xFF,0xFF,0xFF,0xFF,0xFF,0xFF,
    0xFF,0xFF,0xFF,0xFF,0xFF,0xFF,0xFF,0xFF,0xFF,0xFF,0xD4,0xAA,0x7F,0x55,0x2A,0x00,
    0x00,0x2A,0x55,0x7F,0xAA,0xD4,0xFF,0xFF,0xFF,0xFF,0xFF,0xFF,0xFF,0xFF,0xFF,0xFF,
    0xFF,0xFF,0xFF,0xFF,0xFF,0xFF,0xFF,0xFF,0xFF,0xFF,0xFF,0xFF,0xFF,0xFF,0xFF,0xFF,
    0xFF,0xFF,0xFF,0xFF,0xFF,0xFF,0xFF,0xFF,0xFF,0xFF,0xFF,0xFF,0xFF,0xFF,0xFF,0xFF,
    0xFF,0xFF,0xFF,0xFF,0xFF,0xFF,0xFF,0xFF,0xFF,0xFF,0xFF,0xFF,0xFF,0xFF,0xFF,0xFF,
    0xD4,0xAA,0x7F,0x55,0x2A,0x00,0x00,0x2A,0x55,0x7F,0xAA,0xD4,0xFF,0xFF,0xFF,0xFF,
    0xFF,0xFF,0xFF,0xFF,0xFF,0xFF,0xFF,0xFF,0xFF,0xFF,0xFF,0xFF,0xFF,0xFF,0xFF,0xFF,
    0xFF,0xFF,0xFF,0xFF,0xFF,0xFF,0xFF,0xFF,0xFF,0xFF,0xFF,0xFF,0xFF,0xFF,0xFF,0xFF,
    0xFF,0xFF,0xFF,0xFF,0xFF,0xFF,0xFF,0xFF,0xFF,0xFF,0xFF,0xFF,0xFF,0xFF,0xFF,0xFF,
    0xFF,0xFF,0xFF,0xFF,0xFF,0xFF,0xD4,0xAA,0x7F,0x55,0x2A,0x00,0x00,0x2A,0x55,0x7F,
    0xAA,0xD4,0xFF,0xFF,0xFF,0xFF,0xFF,0xFF,0xFF,0xFF,0xFF,0xFF,0xFF,0xFF,0xFF,0xFF,
    0xFF,0xFF,0xFF,0xFF,0xFF,0xFF,0xFF,0xFF,0xFF,0xFF,0xFF,0xFF,0xFF,0xFF,0xFF,0xFF,
    0xFF,0xFF,0xFF,0xFF,0xFF,0xFF,0xFF,0xFF,0xFF,0xFF,0xFF,0xFF,0xFF,0xFF,0xFF,0xFF,
    0xFF,0xFF,0xFF,0xFF,0xFF,0xFF,0xFF,0xFF,0xFF,0xFF,0xFF,0xFF,0xD4,0xAA,0x7F,0x55,
    0x2A,0x00,0x00,0x2A,0x55,0x7F,0xAA,0xD4,0xFF,0xFF,0xFF,0xFF,0xFF,0xFF,0xFF,0xFF,
    0xFF,0xFF,0xFF,0xFF,0xFF,0xFF,0xFF,0xFF,0xFF,0xFF,0xFF,0xFF,0xFF,0xFF,0xFF,0xFF,
    0xFF,0xFF,0xFF,0xFF,0xFF,0xFF,0xFF,0xFF,0xFF,0xFF,0xFF,0xFF,0xFF,0xFF,0xFF,0xFF,
    0xFF,0xFF,0xFF,0xFF,0xFF,0xFF,0xFF,0xFF,0xFF,0xFF,0xFF,0xFF,0xFF,0xFF,0xFF,0xFF,
    0xFF,0xFF,0xD4,0xAA,0x7F,0x55,0x2A,0x00,0x00,0x2A,0x55,0x7F,0xAA,0xD4,0xFF,0xFF,
    0xFF,0xFF,0xFF,0xFF,0xFF,0xFF,0xFF,0xFF,0xFF,0xFF,0xFF,0xFF,0xFF,0xFF,0xFF,0xFF,
    0xFF,0xFF,0xFF,0xFF,0xFF,0xFF,0xFF,0xFF,0xFF,0xFF,0xFF,0xFF,0xFF,0xFF,0xFF,0xFF,
    0xFF,0xFF,0xFF,0xFF,0xFF,0xFF,0xFF,0xFF,0xFF,0xFF,0xFF,0xFF,0xFF,0xFF,0xFF,0xFF,
    0xFF,0xFF,0xFF,0xFF,0xFF,0xFF,0xFF,0xFF,0xD4,0xAA,0x7F,0x55,0x2A,0x00,0x00,0x2A,
    0x55,0x7F,0xAA,0xD4,0xFF,0xFF,0xFF,0xFF,0xFF,0xFF,0xFF,0xFF,0xFF,0xFF,0xFF,0xFF,
    0xFF,0xFF,0xFF,0xFF,0xFF,0xFF,0xFF,0xFF,0xFF,0xFF,0xFF,0xFF,0xFF,0xFF,0xFF,0xFF,
    0xFF,0xFF,0xFF,0xFF,0xFF,0xFF,0xFF,0xFF,0xFF,0xFF,0xFF,0xFF,0xFF,0xFF,0xFF,0xFF,
    0xFF,0xFF,0xFF,0xFF,0xFF,0xFF,0xFF,0xFF,0xFF,0xFF,0xFF,0xFF,0xFF,0xFF,0xD4,0xAA,
    0x7F,0x55,0x2A,0x00,0x00,0x2A,0x55,0x7F,0xAA,0xD4,0xFF,0xFF,0xFF,0xFF,0xFF,0xFF,
    0xFF,0xFF,0xFF,0xFF,0xFF,0xFF,0xFF,0xFF,0xFF,0xFF,0xFF,0xFF,0xFF,0xFF,0xFF,0xFF,
    0xFF,0xFF,0xFF,0xFF,0xFF,0xFF,0xFF,0xFF,0xFF,0xFF,0xFF,0xFF,0xFF,0xFF,0xFF,0xFF,
    0xFF,0xFF,0xFF,0xFF,0xFF,0xFF,0xFF,0xFF,0xFF,0xFF,0xFF,0xFF,0xFF,0xFF,0xFF,0xFF,
    0xFF,0xFF,0xFF,0xFF,0xD4,0xAA,0x7F,0x55,0x2A,0x00,0x00,0x2A,0x55,0x7F,0xAA,0xD4,
    0xFF,0xFF,0xFF,0xFF,0xFF,0xFF,0xFF,0xFF,0xFF,0xFF,0xFF,0xFF,0xFF,0xFF,0xFF,0xFF,
    0xFF,0xFF,0xFF,0xFF,0xFF,0xFF,0xFF,0xFF,0xFF,0xFF,0xFF,0xFF,0xFF,0xFF,0xFF,0xFF,
    0xFF,0xFF,0xFF,0xFF,0xFF,0xFF,0xFF,0xFF,0xFF,0xFF,0xFF,0xFF,0xFF,0xFF,0xFF,0xFF,
    0xFF,0xFF,0xFF,0xFF,0xFF,0xFF,0xFF,0xFF,0xFF,0xFF,0xD4,0xAA,0x7F,0x55,0x2A,0x00,
    0x00,0x2A,0x55,0x7F,0xAA,0xD4,0xFF,0xFF,0xFF,0xFF,0xFF,0xFF,0xFF,0xFF,0xFF,0xFF,
    0xFF,0xFF,0xFF,0xFF,0xFF,0xFF,0xFF,0xFF,0xFF,0xFF,0xFF,0xFF,0xFF,0xFF,0xFF,0xFF,
    0xFF,0xFF,0xFF,0xFF,0xFF,0xFF,0xFF,0xFF,0xFF,0xFF,0xFF,0xFF,0xFF,0xFF,0xFF,0xFF,
    0xFF,0xFF,0xFF,0xFF,0xFF,0xFF,0xFF,0xFF,0xFF,0xFF,0xFF,0xFF,0xFF,0xFF,0xFF,0xFF,
    0xD4,0xAA,0x7F,0x55,0x2A,0x00,0x00,0x2A,0x55,0x7F,0xAA,0xD4,0xFF,0xFF,0xFF,0xFF,
    0xFF,0xFF,0xFF,0xFF,0xFF,0xFF,0xFF,0xFF,0xFF,0xFF,0xFF,0xFF,0xFF,0xFF,0xFF,0xFF,
    0xFF,0xFF,0xFF,0xFF,0xFF,0xFF,0xFF,0xFF,0xFF,0xFF,0xFF,0xFF,0xFF,0xFF,0xFF,0xFF,
    0xFF,0xFF,0xFF,0xFF,0xFF,0xFF,0xFF,0xFF,0xFF,0xFF,0xFF,0xFF,0xFF,0xFF,0xFF,0xFF,
    0xFF,0xFF,0xFF,0xFF,0xFF,0xFF,0xD4,0xAA,0x7F,0x55,0x2A,0x00,0x00,0x2A,0x55,0x7F,
    0xAA,0xD4,0xFF,0xFF,0xFF,0xFF,0xFF,0xFF,0xFF,0xFF,0xFF,0xFF,0xFF,0xFF,0xFF,0xFF,
    0xFF,0xFF,0xFF,0xFF,0xFF,0xFF,0xFF,0xFF,0xFF,0xFF,0xFF,0xFF,0xFF,0xFF,0xFF,0xFF,
    0xFF,0xFF,0xFF,0xFF,0xFF,0xFF,0xFF,0xFF,0xFF,0xFF,0xFF,0xFF,0xFF,0xFF,0xFF,0xFF,
    0xFF,0xFF,0xFF,0xFF,0xFF,0xFF,0xFF,0xFF,0xFF,0xFF,0xFF,0xFF,0xD4,0xAA,0x7F,0x55,
    0x2A,0x00,0x00,0x2A,0x55,0x7F,0xAA,0xD4,0xFF,0xFF,0xFF,0xFF,0xFF,0xFF,0xFF,0xFF,
    0xFF,0xFF,0xFF,0xFF,0xFF,0xFF,0xFF,0xFF,0xFF,0xFF,0xFF,0xFF,0xFF,0xFF,0xFF,0xFF,
    0xFF,0xFF,0xFF,0xFF,0xFF,0xFF,0xFF,0xFF,0xFF,0xFF,0xFF,0xFF,0xFF,0xFF,0xFF,0xFF,
    0xFF,0xFF,0xFF,0xFF,0xFF,0xFF,0xFF,0xFF,0xFF,0xFF,0xFF,0xFF,0xFF,0xFF,0xFF,0xFF,
    0xFF,0xFF,0xD4,0xAA,0x7F,0x55,0x2A,0x00,0x00,0x2A,0x55,0x7F,0xAA,0xD4,0xFF,0xFF,
    0xFF,0xFF,0xFF,0xFF,0xFF,0xFF,0xFF,0xFF,0xFF,0xFF,0xFF,0xFF,0xFF,0xFF,0xFF,0xFF,
    0xFF,0xFF,0xFF,0xFF,0xFF,0xFF,0xFF,0xFF,0xFF,0xFF,0xFF,0xFF,0xFF,0xFF,0xFF,0xFF,
    0xFF,0xFF,0xFF,0xFF,0xFF,0xFF,0xFF,0xFF,0xFF,0xFF,0xFF,0xFF,0xFF,0xFF,0xFF,0xFF,
    0xFF,0xFF,0xFF,0xFF,0xFF,0xFF,0xFF,0xFF,0xD4,0xAA,0x7F,0x55,0x2A,0x00,0x00,0x2A,
    0x55,0x7F,0xAA,0xD4,0xFF,0xFF,0xFF,0xFF,0xFF,0xFF,0xFF,0xFF,0xFF,0xFF,0xFF,0xFF,
    0xFF,0xFF,0xFF,0xFF,0xFF,0xFF,0xFF,0xFF,0xFF,0xFF,0xFF,0xFF,0xFF,0xFF,0xFF,0xFF,
    0xFF,0xFF,0xFF,0xFF,0xFF,0xFF,0xFF,0xFF,0xFF,0xFF,0xFF,0xFF,0xFF,0xFF,0xFF,0xFF,
    0xFF,0xFF,0xFF,0xFF,0xFF,0xFF,0xFF,0xFF,0xFF,0xFF,0xFF,0xFF,0xFF,0xFF,0xD4,0xAA,
    0x7F,0x55,0x2A,0x00,0x00,0x2A,0x55,0x7F,0xAA,0xD4,0xFF,0xFF,0xFF,0xFF,0xFF,0xFF,
    0xFF,0xFF,0xFF,0xFF,0xFF,0xFF,0xFF,0xFF,0xFF,0xFF,0xFF,0xFF,0xFF,0xFF,0xFF,0xFF,
    0xFF,0xFF,0xFF,0xFF,0xFF,0xFF,0xFF,0xFF,0xFF,0xFF,0xFF,0xFF,0xFF,0xFF,0xFF,0xFF,
    0xFF,0xFF,0xFF,0xFF,0xFF,0xFF,0xFF,0xFF,0xFF,0xFF,0xFF,0xFF,0xFF,0xFF,0xFF,0xFF,
    0xFF,0xFF,0xFF,0xFF,0xD4,0xAA,0x7F,0x55,0x2A,0x00,0x00,0x2A,0x55,0x7F,0xAA,0xD4,
    0xFF,0xFF,0xFF,0xFF,0xFF,0xFF,0xFF,0xFF,0xFF,0xFF,0xFF,0xFF,0xFF,0xFF,0xFF,0xFF,
    0xFF,0xFF,0xFF,0xFF,0xFF,0xFF,0xFF,0xFF,0xFF,0xFF,0xFF,0xFF,0xFF,0xFF,0xFF,0xFF,
    0xFF,0xFF,0xFF,0xFF,0xFF,0xFF,0xFF,0xFF,0xFF,0xFF,0xFF,0xFF,0xFF,0xFF,0xFF,0xFF,
    0xFF,0xFF,0xFF,0xFF,0xFF,0xFF,0xFF,0xFF,0xFF,0xFF,0xD4,0xAA,0x7F,0x55,0x2A,0x00,
    0x00,0x2A,0x55,0x7F,0xAA,0xD4,0xFF,0xFF,0xFF,0xFF,0xFF,0xFF,0xFF,0xFF,0xFF,0xFF,
    0xFF,0xFF,0xFF,0xFF,0xFF,0xFF,0xFF,0xFF,0xFF,0xFF,0xFF,0xFF,0xFF,0xFF,0xFF,0xFF,
    0xFF,0xFF,0xFF,0xFF,0xFF,0xFF,0xFF,0xFF,0xFF,0xFF,0xFF,0xFF,0xFF,0xFF,0xFF,0xFF,
    0xFF,0xFF,0xFF,0xFF,0xFF,0xFF,0xFF,0xFF,0xFF,0xFF,0xFF,0xFF,0xFF,0xFF,0xFF,0xFF,
    0xD4,0xAA,0x7F,0x55,0x2A,0x00,0x00,0x2A,0x55,0x7F,0xAA,0xD4,0xFF,0xFF,0xFF,0xFF,
    0xFF,0xFF,0xFF,0xFF,0xFF,0xFF,0xFF,0xFF,0xFF,0xFF,0xFF,0xFF,0xFF,0xFF,0xFF,0xFF,
    0xFF,0xFF,0xFF,0xFF,0xFF,0xFF,0xFF,0xFF,0xFF,0xFF,0xFF,0xFF,0xFF,0xFF,0xFF,0xFF,
    0xFF,0xFF,0xFF,0xFF,0xFF,0xFF,0xFF,0xFF,0xFF,0xFF,0xFF,0xFF,0xFF,0xFF,0xFF,0xFF,
    0xFF,0xFF,0xFF,0xFF,0xFF,0xFF,0xD4,0xAA,0x7F,0x55,0x2A,0x00,0x00,0x2A,0x55,0x7F,
    0xAA,0xD4,0xFF,0xFF,0xFF,0xFF,0xFF,0xFF,0xFF,0xFF,0xFF,0xFF,0xFF,0xFF,0xFF,0xFF,
    0xFF,0xFF,0xFF,0xFF,0xFF,0xFF,0xFF,0xFF,0xFF,0xFF,0xFF,0xFF,0xFF,0xFF,0xFF,0xFF,
    0xFF,0xFF,0xFF,0xFF,0xFF,0xFF,0xFF,0xFF,0xFF,0xFF,0xFF,0xFF,0xFF,0xFF,0xFF,0xFF,
    0xFF,0xFF,0xFF,0xFF,0xFF,0xFF,0xFF,0xFF,0xFF,0xFF,0xFF,0xFF,0xD4,0xAA,0x7F,0x55,
    0x2A,0x00,0x00,0x2A,0x55,0x7F,0xAA,0xD4,0xFF,0xFF,0xFF,0xFF,0xFF,0xFF,0xFF,0xFF,
    0xFF,0xFF,0xFF,0xFF,0xFF,0xFF,0xFF,0xFF,0xFF,0xFF,0xFF,0xFF,0xFF,0xFF,0xFF,0xFF,
    0xFF,0xFF,0xFF,0xFF,0xFF,0xFF,0xFF,0xFF,0xFF,0xFF,0xFF,0xFF,0xFF,0xFF,0xFF,0xFF,
    0xFF,0xFF,0xFF,0xFF,0xFF,0xFF,0xFF,0xFF,0xFF,0xFF,0xFF,0xFF,0xFF,0xFF,0xFF,0xFF,
    0xFF,0xFF,0xD4,0xAA,0x7F,0x55,0x2A,0x00,0x00,0x2A,0x55,0x7F,0xAA,0xD4,0xFF,0xFF,
    0xFF,0xFF,0xFF,0xFF,0xFF,0xFF,0xFF,0xFF,0xFF,0xFF,0xFF,0xFF,0xFF,0xFF,0xFF,0xFF,
    0xFF,0xFF,0xFF,0xFF,0xFF,0xFF,0xFF,0xFF,0xFF,0xFF,0xFF,0xFF,0xFF,0xFF,0xFF,0xFF,
    0xFF,0xFF,0xFF,0xFF,0xFF,0xFF,0xFF,0xFF,0xFF,0xFF,0xFF,0xFF,0xFF,0xFF,0xFF,0xFF,
    0xFF,0xFF,0xFF,0xFF,0xFF,0xFF,0xFF,0xFF,0xD4,0xAA,0x7F,0x55,0x2A,0x00,0x00,0x2A,
    0x55,0x7F,0xAA,0xD4,0xFF,0xFF,0xFF,0xFF,0xFF,0xFF,0xFF,0xFF,0xFF,0xFF,0xFF,0xFF,
    0xFF,0xFF,0xFF,0xFF,0xFF,0xFF,0xFF,0xFF,0xFF,0xFF,0xFF,0xFF,0xFF,0xFF,0xFF,0xFF,
    0xFF,0xFF,0xFF,0xFF,0xFF,0xFF,0xFF,0xFF,0xFF,0xFF,0xFF,0xFF,0xFF,0xFF,0xFF,0xFF,
    0xFF,0xFF,0xFF,0xFF,0xFF,0xFF,0xFF,0xFF,0xFF,0xFF,0xFF,0xFF,0xFF,0xFF,0xD4,0xAA,
    0x7F,0x55,0x2A,0x00,0x00,0x2A,0x55,0x7F,0xAA,0xD4,0xFF,0xFF,0xFF,0xFF,0xFF,0xFF,
    0xFF,0xFF,0xFF,0xFF,0xFF,0xFF,0xFF,0xFF,0xFF,0xFF,0xFF,0xFF,0xFF,0xFF,0xFF,0xFF,
    0xFF,0xFF,0xFF,0xFF,0xFF,0xFF,0xFF,0xFF,0xFF,0xFF,0xFF,0xFF,0xFF,0xFF,0xFF,0xFF,
    0xFF,0xFF,0xFF,0xFF,0xFF,0xFF,0xFF,0xFF,0xFF,0xFF,0xFF,0xFF,0xFF,0xFF,0xFF,0xFF,
    0xFF,0xFF,0xFF,0xFF,0xD4,0xAA,0x7F,0x55,0x2A,0x00,0x00,0x2A,0x55,0x7F,0xAA,0xD4,
    0xFF,0xFF,0xFF,0xFF,0xFF,0xFF,0xFF,0xFF,0xFF,0xFF,0xFF,0xFF,0xFF,0xFF,0xFF,0xFF,
    0xFF,0xFF,0xFF,0xFF,0xFF,0xFF,0xFF,0xFF,0xFF,0xFF,0xFF,0xFF,0xFF,0xFF,0xFF,0xFF,
    0xFF,0xFF,0xFF,0xFF,0xFF,0xFF,0xFF,0xFF,0xFF,0xFF,0xFF,0xFF,0xFF,0xFF,0xFF,0xFF,
    0xFF,0xFF,0xFF,0xFF,0xFF,0xFF,0xFF,0xFF,0xFF,0xFF,0xD4,0xAA,0x7F,0x55,0x2A,0x00,
    0x00,0x2A,0x55,0x7F,0xAA,0xD4,0xFF,0xFF,0xFF,0xFF,0xFF,0xFF,0xFF,0xFF,0xFF,0xFF,
    0xFF,0xFF,0xFF,0xFF,0xFF,0xFF,0xFF,0xFF,0xFF,0xFF,0xFF,0xFF,0xFF,0xFF,0xFF,0xFF,
    0xFF,0xFF,0xFF,0xFF,0xFF,0xFF,0xFF,0xFF,0xFF,0xFF,0xFF,0xFF,0xFF,0xFF,0xFF,0xFF,
    0xFF,0xFF,0xFF,0xFF,0xFF,0xFF,0xFF,0xFF,0xFF,0xFF,0xFF,0xFF,0xFF,0xFF,0xFF,0xFF,
    0xD4,0xAA,0x7F,0x55,0x2A,0x00,0x00,0x2A,0x55,0x7F,0xAA,0xD4,0xFF,0xFF,0xFF,0xFF,
    0xFF,0xFF,0xFF,0xFF,0xFF,0xFF,0xFF,0xFF,0xFF,0xFF,0xFF,0xFF,0xFF,0xFF,0xFF,0xFF,
    0xFF,0xFF,0xFF,0xFF,0xFF,0xFF,0xFF,0xFF,0xFF,0xFF,0xFF,0xFF,0xFF,0xFF,0xFF,0xFF,
    0xFF,0xFF,0xFF,0xFF,0xFF,0xFF,0xFF,0xFF,0xFF,0xFF,0xFF,0xFF,0xFF,0xFF,0xFF,0xFF,
    0xFF,0xFF,0xFF,0xFF,0xFF,0xFF,0xD4,0xAA,0x7F,0x55,0x2A,0x00,0x00,0x2A,0x55,0x7F,
    0xAA,0xD4,0xFF,0xFF,0xFF,0xFF,0xFF,0xFF,0xFF,0xFF,0xFF,0xFF,0xFF,0xFF,0xFF,0xFF,
    0xFF,0xFF,0xFF,0xFF,0xFF,0xFF,0xFF,0xFF,0xFF,0xFF,0xFF,0xFF,0xFF,0xFF,0xFF,0xFF,
    0xFF,0xFF,0xFF,0xFF,0xFF,0xFF,0xFF,0xFF,0xFF,0xFF,0xFF,0xFF,0xFF,0xFF,0xFF,0xFF,
    0xFF,0xFF,0xFF,0xFF,0xFF,0xFF,0xFF,0xFF,0xFF,0xFF,0xFF,0xFF,0xD4,0xAA,0x7F,0x55,
    0x2A,0x00,0x00,0x2A,0x55,0x7F,0xAA,0xD4,0xFF,0xFF,0xFF,0xFF,0xFF,0xFF,0xFF,0xFF,
    0xFF,0xFF,0xFF,0xFF,0xFF,0xFF,0xFF,0xFF,0xFF,0xFF,0xFF,0xFF,0xFF,0xFF,0xFF,0xFF,
    0xFF,0xFF,0xFF,0xFF,0xFF,0xFF,0xFF,0xFF,0xFF,0xFF,0xFF,0xFF,0xFF,0xFF,0xFF,0xFF,
    0xFF,0xFF,0xFF,0xFF,0xFF,0xFF,0xFF,0xFF,0xFF,0xFF,0xFF,0xFF,0xFF,0xFF,0xFF,0xFF,
    0xFF,0xFF,0xD4,0xAA,0x7F,0x55,0x2A,0x00,0x00,0x2A,0x55,0x7F,0xAA,0xD4,0xFF,0xFF,
    0xFF,0xFF,0xFF,0xFF,0xFF,0xFF,0xFF,0xFF,0xFF,0xFF,0xFF,0xFF,0xFF,0xFF,0xFF,0xFF,
    0xFF,0xFF,0xFF,0xFF,0xFF,0xFF,0xFF,0xFF,0xFF,0xFF,0xFF,0xFF,0xFF,0xFF,0xFF,0xFF,
    0xFF,0xFF,0xFF,0xFF,0xFF,0xFF,0xFF,0xFF,0xFF,0xFF,0xFF,0xFF,0xFF,0xFF,0xFF,0xFF,
    0xFF,0xFF,0xFF,0xFF,0xFF,0xFF,0xFF,0xFF,0xD4,0xAA,0x7F,0x55,0x2A,0x00,0x00,0x2A,
    0x55,0x7F,0xAA,0xD4,0xFF,0xFF,0xFF,0xFF,0xFF,0xFF,0xFF,0xFF,0xFF,0xFF,0xFF,0xFF,
    0xFF,0xFF,0xFF,0xFF,0xFF,0xFF,0xFF,0xFF,0xFF,0xFF,0xFF,0xFF,0xFF,0xFF,0xFF,0xFF,
    0xFF,0xFF,0xFF,0xFF,0xFF,0xFF,0xFF,0xFF,0xFF,0xFF,0xFF,0xFF,0xFF,0xFF,0xFF,0xFF,
    0xFF,0xFF,0xFF,0xFF,0xFF,0xFF,0xFF,0xFF,0xFF,0xFF,0xFF,0xFF,0xFF,0xFF,0xD4,0xAA,
    0x7F,0x55,0x2A,0x00,0x00,0x2A,0x55,0x7F,0xAA,0xD4,0xD4,0xD4,0xD4,0xD4,0xD4,0xD4,
    0xD4,0xD4,0xD4,0xD4,0xD4,0xD4,0xD4,0xD4,0xD4,0xD4,0xD4,0xD4,0xD4,0xD4,0xD4,0xD4,
    0xD4,0xD4,0xD4,0xD4,0xD4,0xD4,0xD4,0xD4,0xD4,0xD4,0xD4,0xD4,0xD4,0xD4,0xD4,0xD4,
    0xD4,0xD4,0xD4,0xD4,0xD4,0xD4,0xD4,0xD4,0xD4,0xD4,0xD4,0xD4,0xD4,0xD4,0xD4,0xD4,
    0xD4,0xD4,0xD4,0xD4,0xD4,0xAA,0x7F,0x55,0x2A,0x00,0x00,0x2A,0x55,0x7F,0xAA,0xAA,
    0xAA,0xAA,0xAA,0xAA,0xAA,0xAA,0xAA,0xAA,0xAA,0xAA,0xAA,0xAA,0xAA,0xAA,0xAA,0xAA,
    0xAA,0xAA,0xAA,0xAA,0xAA,0xAA,0xAA,0xAA,0xAA,0xAA,0xAA,0xAA,0xAA,0xAA,0xAA,0xAA,
    0xAA,0xAA,0xAA,0xAA,0xAA,0xAA,0xAA,0xAA,0xAA,0xAA,0xAA,0xAA,0xAA,0xAA,0xAA,0xAA,
    0xAA,0xAA,0xAA,0xAA,0xAA,0xAA,0xAA,0xAA,0xAA,0xAA,0xAA,0xAA,0x7F,0x55,0x2A,0x00,
    0x00,0x2A,0x55,0x7F,0x7F,0x7F,0x7F,0x7F,0x7F,0x7F,0x7F,0x7F,0x7F,0x7F,0x7F,0x7F,
    0x7F,0x7F,0x7F,0x7F,0x7F,0x7F,0x7F,0x7F,0x7F,0x7F,0x7F,0x7F,0x7F,0x7F,0x7F,0x7F,
    0x7F,0x7F,0x7F,0x7F,0x7F,0x7F,0x7F,0x7F,0x7F,0x7F,0x7F,0x7F,0x7F,0x7F,0x7F,0x7F,
    0x7F,0x7F,0x7F,0x7F,0x7F,0x7F,0x7F,0x7F,0x7F,0x7F,0x7F,0x7F,0x7F,0x7F,0x7F,0x7F,
    0x7F,0x7F,0x7F,0x55,0x2A,0x00,0x00,0x2A,0x55,0x55,0x55,0x55,0x55,0x55,0x55,0x55,
    0x55,0x55,0x55,0x55,0x55,0x55,0x55,0x55,0x55,0x55,0x55,0x55,0x55,0x55,0x55,0x55,
    0x55,0x55,0x55,0x55,0x55,0x55,0x55,0x55,0x55,0x55,0x55,0x55,0x55,0x55,0x55,0x55,
    0x55,0x55,0x55,0x55,0x55,0x55,0x55,0x55,0x55,0x55,0x55,0x55,0x55,0x55,0x55,0x55,
    0x55,0x55,0x55,0x55,0x55,0x55,0x55,0x55,0x55,0x55,0x2A,0x00,0x00,0x2A,0x2A,0x2A,
    0x2A,0x2A,0x2A,0x2A,0x2A,0x2A,0x2A,0x2A,0x2A,0x2A,0x2A,0x2A,0x2A,0x2A,0x2A,0x2A,
    0x2A,0x2A,0x2A,0x2A,0x2A,0x2A,0x2A,0x2A,0x2A,0x2A,0x2A,0x2A,0x2A,0x2A,0x2A,0x2A,
    0x2A,0x2A,0x2A,0x2A,0x2A,0x2A,0x2A,0x2A,0x2A,0x2A,0x2A,0x2A,0x2A,0x2A,0x2A,0x2A,
    0x2A,0x2A,0x2A,0x2A,0x2A,0x2A,0x2A,0x2A,0x2A,0x2A,0x2A,0x2A,0x2A,0x2A,0x2A,0x2A,
    0x2A,0x00,0x00,0x00,0x00,0x00,0x00,0x00,0x00,0x00,0x00,0x00,0x00,0x00,0x00,0x00,
    0x00,0x00,0x00,0x00,0x00,0x00,0x00,0x00,0x00,0x00,0x00,0x00,0x00,0x00,0x00,0x00,
    0x00,0x00,0x00,0x00,0x00,0x00,0x00,0x00,0x00,0x00,0x00,0x00,0x00,0x00,0x00,0x00,
    0x00,0x00,0x00,0x00,0x00,0x00,0x00,0x00,0x00,0x00,0x00,0x00,0x00,0x00,0x00,0x00,
    0x00,0x00,0x00,0x00,0x00,0x00,0x00,0x00,
};

const lv_image_dsc_t ui_img_focus_left_decor_paused = {
    .header.w = 70,
    .header.h = 100,
    .data_size = sizeof(ui_img_focus_left_decor_paused_data),
    .header.cf = LV_COLOR_FORMAT_NATIVE_WITH_ALPHA,
    .header.magic = LV_IMAGE_HEADER_MAGIC,
    .data = ui_img_focus_left_decor_paused_data,
};
