// Generated from ui_img_home_time_halo.png; 176x96; LVGL 9 RGB565A8.
#include "../ui.h"

#ifndef LV_ATTRIBUTE_MEM_ALIGN
#define LV_ATTRIBUTE_MEM_ALIGN
#endif

const LV_ATTRIBUTE_MEM_ALIGN uint8_t ui_img_home_time_halo_data[] = {
    0x9C,0xFF,0x9C,0xFF,0x9C,0xFF,0x9C,0xFF,0x9C,0xFF,0x9C,0xFF,0x9C,0xFF,0x9C,0xFF,
    0x9C,0xFF,0x9C,0xFF,0x9C,0xFF,0x9C,0xFF,0x9C,0xFF,0x9C,0xFF,0x9C,0xFF,0x9C,0xFF,
    0x9C,0xFF,0x9C,0xFF,0x9C,0xFF,0x9C,0xFF,0x9C,0xFF,0x9C,0xFF,0x9C,0xFF,0x9C,0xFF,
    0x9C,0xFF,0x9C,0xFF,0x9C,0xFF,0x9C,0xFF,0x9C,0xFF,0x9C,0xFF,0x9C,0xFF,0x9C,0xFF,
    0x9C,0xFF,0x9C,0xFF,0x9C,0xFF,0x9C,0xFF,0x9C,0xFF,0x9C,0xFF,0x9C,0xFF,0x9C,0xFF,
    0x9C,0xFF,0x9C,0xFF,0x9C,0xFF,0x9C,0xFF,0x9C,0xFF,0x9C,0xFF,0x9C,0xFF,0x9C,0xFF,
    0x9C,0xFF,0x9C,0xFF,0x9C,0xFF,0x9C,0xFF,0x9C,0xFF,0x9C,0xFF,0x9C,0xFF,0x9C,0xFF,
    0x9C,0xFF,0x9C,0xFF,0x9C,0xFF,0x9C,0xFF,0x9C,0xFF,0x9C,0xFF,0x9C,0xFF,0x9C,0xFF,
    0x9C,0xFF,0x9C,0xFF,0x9C,0xFF,0x9C,0xFF,0x9C,0xFF,0x9C,0xFF,0x9C,0xFF,0x9C,0xFF,
    0x9C,0xFF,0x9C,0xFF,0x9C,0xFF,0x9C,0xFF,0x9C,0xFF,0x9C,0xFF,0x9C,0xFF,0x9C,0xFF,
    0x9C,0xFF,0x9C,0xFF,0x9C,0xFF,0x9C,0xFF,0x9C,0xFF,0x9C,0xFF,0x9C,0xFF,0x9C,0xFF,
    0x9C,0xFF,0x9C,0xFF,0x9C,0xFF,0x9C,0xFF,0x9C,0xFF,0x9C,0xFF,0x9C,0xFF,0x9C,0xFF,
    0x9C,0xFF,0x9C,0xFF,0x9C,0xFF,0x9C,0xFF,0x9C,0xFF,0x9C,0xFF,0x9C,0xFF,0x9C,0xFF,
    0x9C,0xFF,0x9C,0xFF,0x9C,0xFF,0x9C,0xFF,0x9C,0xFF,0x9C,0xFF,0x9C,0xFF,0x9C,0xFF,
    0x9C,0xFF,0x9C,0xFF,0x9C,0xFF,0x9C,0xFF,0x9C,0xFF,0x9C,0xFF,0x9C,0xFF,0x9C,0xFF,
    0x9C,0xFF,0x9C,0xFF,0x9C,0xFF,0x9C,0xFF,0x9C,0xFF,0x9C,0xFF,0x9C,0xFF,0x9C,0xFF,
    0x9C,0xFF,0x9C,0xFF,0x9C,0xFF,0x9C,0xFF,0x9C,0xFF,0x9C,0xFF,0x9C,0xFF,0x9C,0xFF,
    0x9C,0xFF,0x9C,0xFF,0x9C,0xFF,0x9C,0xFF,0x9C,0xFF,0x9C,0xFF,0x9C,0xFF,0x9C,0xFF,
    0x9C,0xFF,0x9C,0xFF,0x9C,0xFF,0x9C,0xFF,0x9C,0xFF,0x9C,0xFF,0x9C,0xFF,0x9C,0xFF,
    0x9C,0xFF,0x9C,0xFF,0x9C,0xFF,0x9C,0xFF,0x9C,0xFF,0x9C,0xFF,0x9C,0xFF,0x9C,0xFF,
    0x9C,0xFF,0x9C,0xFF,0x9C,0xFF,0x9C,0xFF,0x9C,0xFF,0x9C,0xFF,0x9C,0xFF,0x9C,0xFF,
    0x9C,0xFF,0x9C,0xFF,0x9C,0xFF,0x9C,0xFF,0x9C,0xFF,0x9C,0xFF,0x9C,0xFF,0x9C,0xFF,
    0x9C,0xFF,0x9C,0xFF,0x9C,0xFF,0x9C,0xFF,0x9C,0xFF,0x9C,0xFF,0x9C,0xFF,0x9C,0xFF,
    0x9C,0xFF,0x9C,0xFF,0x9C,0xFF,0x9C,0xFF,0x9C,0xFF,0x9C,0xFF,0x9C,0xFF,0x9C,0xFF,
    0x9C,0xFF,0x9C,0xFF,0x9C,0xFF,0x9C,0xFF,0x9C,0xFF,0x9C,0xFF,0x9C,0xFF,0x9C,0xFF,
    0x9C,0xFF,0x9C,0xFF,0x9C,0xFF,0x9C,0xFF,0x9C,0xFF,0x9C,0xFF,0x9C,0xFF,0x9C,0xFF,
    0x9C,0xFF,0x9C,0xFF,0x9C,0xFF,0x9C,0xFF,0x9C,0xFF,0x9C,0xFF,0x9C,0xFF,0x9C,0xFF,
    0x9C,0xFF,0x9C,0xFF,0x9C,0xFF,0x9C,0xFF,0x9C,0xFF,0x9C,0xFF,0x9C,0xFF,0x9C,0xFF,
    0x9C,0xFF,0x9C,0xFF,0x9C,0xFF,0x9C,0xFF,0x9C,0xFF,0x9C,0xFF,0x9C,0xFF,0x9C,0xFF,
    0x9C,0xFF,0x9C,0xFF,0x9C,0xFF,0x9C,0xFF,0x9C,0xFF,0x9C,0xFF,0x9C,0xFF,0x9C,0xFF,
    0x9C,0xFF,0x9C,0xFF,0x9C,0xFF,0x9C,0xFF,0x9C,0xFF,0x9C,0xFF,0x9C,0xFF,0x9C,0xFF,
    0x9C,0xFF,0x9C,0xFF,0x9C,0xFF,0x9C,0xFF,0x9C,0xFF,0x9C,0xFF,0x9C,0xFF,0x9C,0xFF,
    0x9C,0xFF,0x9C,0xFF,0x9C,0xFF,0x9C,0xFF,0x9C,0xFF,0x9C,0xFF,0x9C,0xFF,0x9C,0xFF,
    0x9C,0xFF,0x9C,0xFF,0x9C,0xFF,0x9C,0xFF,0x9C,0xFF,0x9C,0xFF,0x9C,0xFF,0x9C,0xFF,
    0x9C,0xFF,0x9C,0xFF,0x9C,0xFF,0x9C,0xFF,0x9C,0xFF,0x9C,0xFF,0x9C,0xFF,0x9C,0xFF,
    0x9C,0xFF,0x9C,0xFF,0x9C,0xFF,0x9C,0xFF,0x9C,0xFF,0x9C,0xFF,0x9C,0xFF,0x9C,0xFF,
    0x9C,0xFF,0x9C,0xFF,0x9C,0xFF,0x9C,0xFF,0x9C,0xFF,0x9C,0xFF,0x9C,0xFF,0x9C,0xFF,
    0x9C,0xFF,0x9C,0xFF,0x9C,0xFF,0x9C,0xFF,0x9C,0xFF,0x9C,0xFF,0x9C,0xFF,0x9C,0xFF,
    0x9C,0xFF,0x9C,0xFF,0x9C,0xFF,0x9C,0xFF,0x9C,0xFF,0x9C,0xFF,0x9C,0xFF,0x9C,0xFF,
    0x9C,0xFF,0x9C,0xFF,0x9C,0xFF,0x9C,0xFF,0x9C,0xFF,0x9C,0xFF,0x9C,0xFF,0x9C,0xFF,
    0x9C,0xFF,0x9C,0xFF,0x9C,0xFF,0x9C,0xFF,0x9C,0xFF,0x9C,0xFF,0x9C,0xFF,0x9C,0xFF,
    0x9C,0xFF,0x9C,0xFF,0x9C,0xFF,0x9C,0xFF,0x9C,0xFF,0x9C,0xFF,0x9C,0xFF,0x9C,0xFF,
    0x9C,0xFF,0x9C,0xFF,0x9C,0xFF,0x9C,0xFF,0x9C,0xFF,0x9C,0xFF,0x9C,0xFF,0x9C,0xFF,
    0x9C,0xFF,0x9C,0xFF,0x9C,0xFF,0x9C,0xFF,0x9C,0xFF,0x9C,0xFF,0x9C,0xFF,0x9C,0xFF,
    0x9C,0xFF,0x9C,0xFF,0x9C,0xFF,0x9C,0xFF,0x9C,0xFF,0x9C,0xFF,0x9C,0xFF,0x9C,0xFF,
    0x9C,0xFF,0x9C,0xFF,0x9C,0xFF,0x9C,0xFF,0x9C,0xFF,0x9C,0xFF,0x9C,0xFF,0x9C,0xFF,
    0x9C,0xFF,0x9C,0xFF,0x9C,0xFF,0x9C,0xFF,0x9C,0xFF,0x9C,0xFF,0x9C,0xFF,0x9C,0xFF,
    0x9C,0xFF,0x9C,0xFF,0x9C,0xFF,0x9C,0xFF,0x9C,0xFF,0x9C,0xFF,0x9C,0xFF,0x9C,0xFF,
    0x9C,0xFF,0x9C,0xFF,0x9C,0xFF,0x9C,0xFF,0x9C,0xFF,0x9C,0xFF,0x9C,0xFF,0x9C,0xFF,
    0x9C,0xFF,0x9C,0xFF,0x9C,0xFF,0x9C,0xFF,0x9C,0xFF,0x9C,0xFF,0x9C,0xFF,0x9C,0xFF,
    0x9C,0xFF,0x9C,0xFF,0x9C,0xFF,0x9C,0xFF,0x9C,0xFF,0x9C,0xFF,0x9C,0xFF,0x9C,0xFF,
    0x9C,0xFF,0x9C,0xFF,0x9C,0xFF,0x9C,0xFF,0x9C,0xFF,0x9C,0xFF,0x9C,0xFF,0x9C,0xFF,
    0x9C,0xFF,0x9C,0xFF,0x9C,0xFF,0x9C,0xFF,0x9C,0xFF,0x9C,0xFF,0x9C,0xFF,0x9C,0xFF,
    0x9C,0xFF,0x9C,0xFF,0x9C,0xFF,0x9C,0xFF,0x9C,0xFF,0x9C,0xFF,0x9C,0xFF,0x9C,0xFF,
    0x9C,0xFF,0x9C,0xFF,0x9C,0xFF,0x9C,0xFF,0x9C,0xFF,0x9C,0xFF,0x9C,0xFF,0x9C,0xFF,
    0x9C,0xFF,0x9C,0xFF,0x9C,0xFF,0x9C,0xFF,0x9C,0xFF,0x9C,0xFF,0x9C,0xFF,0x9C,0xFF,
    0x9C,0xFF,0x9C,0xFF,0x9C,0xFF,0x9C,0xFF,0x9C,0xFF,0x9C,0xFF,0x9C,0xFF,0x9C,0xFF,
    0x9C,0xFF,0x9C,0xFF,0x9C,0xFF,0x9C,0xFF,0x9C,0xFF,0x9C,0xFF,0x9C,0xFF,0x9C,0xFF,
    0x9C,0xFF,0x9C,0xFF,0x9C,0xFF,0x9C,0xFF,0x9C,0xFF,0x9C,0xFF,0x9C,0xFF,0x9C,0xFF,
    0x9C,0xFF,0x9C,0xFF,0x9C,0xFF,0x9C,0xFF,0x9C,0xFF,0x9C,0xFF,0x9C,0xFF,0x9C,0xFF,
    0x9C,0xFF,0x9C,0xFF,0x9C,0xFF,0x9C,0xFF,0x9C,0xFF,0x9C,0xFF,0x9C,0xFF,0x9C,0xFF,
    0x9C,0xFF,0x9C,0xFF,0x9C,0xFF,0x9C,0xFF,0x9C,0xFF,0x9C,0xFF,0x9C,0xFF,0x9C,0xFF,
    0x9C,0xFF,0x9C,0xFF,0x9C,0xFF,0x9C,0xFF,0x9C,0xFF,0x9C,0xFF,0x9C,0xFF,0x9C,0xFF,
    0x9C,0xFF,0x9C,0xFF,0x9C,0xFF,0x9C,0xFF,0x9C,0xFF,0x9C,0xFF,0x9C,0xFF,0x9C,0xFF,
    0x9C,0xFF,0x9C,0xFF,0x9C,0xFF,0x9C,0xFF,0x9C,0xFF,0x9C,0xFF,0x9C,0xFF,0x9C,0xFF,
    0x9C,0xFF,0x9C,0xFF,0x9C,0xFF,0x9C,0xFF,0x9C,0xFF,0x9C,0xFF,0x9C,0xFF,0x9C,0xFF,
    0x9C,0xFF,0x9C,0xFF,0x9C,0xFF,0x9C,0xFF,0x9C,0xFF,0x9C,0xFF,0x9C,0xFF,0x9C,0xFF,
    0x9C,0xFF,0x9C,0xFF,0x9C,0xFF,0x9C,0xFF,0x9C,0xFF,0x9C,0xFF,0x9C,0xFF,0x9C,0xFF,
    0x9C,0xFF,0x9C,0xFF,0x9C,0xFF,0x9C,0xFF,0x9C,0xFF,0x9C,0xFF,0x9C,0xFF,0x9C,0xFF,
    0x9C,0xFF,0x9C,0xFF,0x9C,0xFF,0x9C,0xFF,0x9C,0xFF,0x9C,0xFF,0x9C,0xFF,0x9C,0xFF,
    0x9C,0xFF,0x9C,0xFF,0x9C,0xFF,0x9C,0xFF,0x9C,0xFF,0x9C,0xFF,0x9C,0xFF,0x9C,0xFF,
    0x9C,0xFF,0x9C,0xFF,0x9C,0xFF,0x9C,0xFF,0x9C,0xFF,0x9C,0xFF,0x9C,0xFF,0x9C,0xFF,
    0x9C,0xFF,0x9C,0xFF,0x9C,0xFF,0x9C,0xFF,0x9C,0xFF,0x9C,0xFF,0x9C,0xFF,0x9C,0xFF,
    0x9C,0xFF,0x9C,0xFF,0x9C,0xFF,0x9C,0xFF,0x9C,0xFF,0x9C,0xFF,0x9C,0xFF,0x9C,0xFF,
    0x9C,0xFF,0x9C,0xFF,0x9C,0xFF,0x9C,0xFF,0x9C,0xFF,0x9C,0xFF,0x9C,0xFF,0x9C,0xFF,
    0x9C,0xFF,0x9C,0xFF,0x9C,0xFF,0x9C,0xFF,0x9C,0xFF,0x9C,0xFF,0x9C,0xFF,0x9C,0xFF,
    0x9C,0xFF,0x9C,0xFF,0x9C,0xFF,0x9C,0xFF,0x9C,0xFF,0x9C,0xFF,0x9C,0xFF,0x9C,0xFF,
    0x9C,0xFF,0x9C,0xFF,0x9C,0xFF,0x9C,0xFF,0x9C,0xFF,0x9C,0xFF,0x9C,0xFF,0x9C,0xFF,
    0x9C,0xFF,0x9C,0xFF,0x9C,0xFF,0x9C,0xFF,0x9C,0xFF,0x9C,0xFF,0x9C,0xFF,0x9C,0xFF,
    0x9C,0xFF,0x9C,0xFF,0x9C,0xFF,0x9C,0xFF,0x9C,0xFF,0x9C,0xFF,0x9C,0xFF,0x9C,0xFF,
    0x9C,0xFF,0x9C,0xFF,0x9C,0xFF,0x9C,0xFF,0x9C,0xFF,0x9C,0xFF,0x9C,0xFF,0x9C,0xFF,
    0x9C,0xFF,0x9C,0xFF,0x9C,0xFF,0x9C,0xFF,0x9C,0xFF,0x9C,0xFF,0x9C,0xFF,0x9C,0xFF,
    0x9C,0xFF,0x9C,0xFF,0x9C,0xFF,0x9C,0xFF,0x9C,0xFF,0x9C,0xFF,0x9C,0xFF,0x9C,0xFF,
    0x9C,0xFF,0x9C,0xFF,0x9C,0xFF,0x9C,0xFF,0x9C,0xFF,0x9C,0xFF,0x9C,0xFF,0x9C,0xFF,
    0x9C,0xFF,0x9C,0xFF,0x9C,0xFF,0x9C,0xFF,0x9C,0xFF,0x9C,0xFF,0x9C,0xFF,0x9C,0xFF,
    0x9C,0xFF,0x9C,0xFF,0x9C,0xFF,0x9C,0xFF,0x9C,0xFF,0x9C,0xFF,0x9C,0xFF,0x9C,0xFF,
    0x9C,0xFF,0x9C,0xFF,0x9C,0xFF,0x9C,0xFF,0x9C,0xFF,0x9C,0xFF,0x9C,0xFF,0x9C,0xFF,
    0x9C,0xFF,0x9C,0xFF,0x9C,0xFF,0x9C,0xFF,0x9C,0xFF,0x9C,0xFF,0x9C,0xFF,0x9C,0xFF,
    0x9C,0xFF,0x9C,0xFF,0x9C,0xFF,0x9C,0xFF,0x9C,0xFF,0x9C,0xFF,0x9C,0xFF,0x9C,0xFF,
    0x9C,0xFF,0x9C,0xFF,0x9C,0xFF,0x9C,0xFF,0x9C,0xFF,0x9C,0xFF,0x9C,0xFF,0x9C,0xFF,
    0x9C,0xFF,0x9C,0xFF,0x9C,0xFF,0x9C,0xFF,0x9C,0xFF,0x9C,0xFF,0x9C,0xFF,0x9C,0xFF,
    0x9C,0xFF,0x9C,0xFF,0x9C,0xFF,0x9C,0xFF,0x9C,0xFF,0x9C,0xFF,0x9C,0xFF,0x9C,0xFF,
    0x9C,0xFF,0x9C,0xFF,0x9C,0xFF,0x9C,0xFF,0x9C,0xFF,0x9C,0xFF,0x9C,0xFF,0x9C,0xFF,
    0x9C,0xFF,0x9C,0xFF,0x9C,0xFF,0x9C,0xFF,0x9C,0xFF,0x9C,0xFF,0x9C,0xFF,0x9C,0xFF,
    0x9C,0xFF,0x9C,0xFF,0x9C,0xFF,0x9C,0xFF,0x9C,0xFF,0x9C,0xFF,0x9C,0xFF,0x9C,0xFF,
    0x9C,0xFF,0x9C,0xFF,0x9C,0xFF,0x9C,0xFF,0x9C,0xFF,0x9C,0xFF,0x9C,0xFF,0x9C,0xFF,
    0x9C,0xFF,0x9C,0xFF,0x9C,0xFF,0x9C,0xFF,0x9C,0xFF,0x9C,0xFF,0x9C,0xFF,0x9C,0xFF,
    0x9C,0xFF,0x9C,0xFF,0x9C,0xFF,0x9C,0xFF,0x9C,0xFF,0x9C,0xFF,0x9C,0xFF,0x9C,0xFF,
    0x9C,0xFF,0x9C,0xFF,0x9C,0xFF,0x9C,0xFF,0x9C,0xFF,0x9C,0xFF,0x9C,0xFF,0x9C,0xFF,
    0x9C,0xFF,0x9C,0xFF,0x9C,0xFF,0x9C,0xFF,0x9C,0xFF,0x9C,0xFF,0x9C,0xFF,0x9C,0xFF,
    0x9C,0xFF,0x9C,0xFF,0x9C,0xFF,0x9C,0xFF,0x9C,0xFF,0x9C,0xFF,0x9C,0xFF,0x9C,0xFF,
    0x9C,0xFF,0x9C,0xFF,0x9C,0xFF,0x9C,0xFF,0x9C,0xFF,0x9C,0xFF,0x9C,0xFF,0x9C,0xFF,
    0x9C,0xFF,0x9C,0xFF,0x9C,0xFF,0x9C,0xFF,0x9C,0xFF,0x9C,0xFF,0x9C,0xFF,0x9C,0xFF,
    0x9C,0xFF,0x9C,0xFF,0x9C,0xFF,0x9C,0xFF,0x9C,0xFF,0x9C,0xFF,0x9C,0xFF,0x9C,0xFF,
    0x9C,0xFF,0x9C,0xFF,0x9C,0xFF,0x9C,0xFF,0x9C,0xFF,0x9C,0xFF,0x9C,0xFF,0x9C,0xFF,
    0x9C,0xFF,0x9C,0xFF,0x9C,0xFF,0x9C,0xFF,0x9C,0xFF,0x9C,0xFF,0x9C,0xFF,0x9C,0xFF,
    0x9C,0xFF,0x9C,0xFF,0x9C,0xFF,0x9C,0xFF,0x9C,0xFF,0x9C,0xFF,0x9C,0xFF,0x9C,0xFF,
    0x9C,0xFF,0x9C,0xFF,0x9C,0xFF,0x9C,0xFF,0x9C,0xFF,0x9C,0xFF,0x9C,0xFF,0x9C,0xFF,
    0x9C,0xFF,0x9C,0xFF,0x9C,0xFF,0x9C,0xFF,0x9C,0xFF,0x9C,0xFF,0x9C,0xFF,0x9C,0xFF,
    0x9C,0xFF,0x9C,0xFF,0x9C,0xFF,0x9C,0xFF,0x9C,0xFF,0x9C,0xFF,0x9C,0xFF,0x9C,0xFF,
    0x9C,0xFF,0x9C,0xFF,0x9C,0xFF,0x9C,0xFF,0x9C,0xFF,0x9C,0xFF,0x9C,0xFF,0x9C,0xFF,
    0x9C,0xFF,0x9C,0xFF,0x9C,0xFF,0x9C,0xFF,0x9C,0xFF,0x9C,0xFF,0x9C,0xFF,0x9C,0xFF,
    0x9C,0xFF,0x9C,0xFF,0x9C,0xFF,0x9C,0xFF,0x9C,0xFF,0x9C,0xFF,0x9C,0xFF,0x9C,0xFF,
    0x9C,0xFF,0x9C,0xFF,0x9C,0xFF,0x9C,0xFF,0x9C,0xFF,0x9C,0xFF,0x9C,0xFF,0x9C,0xFF,
    0x9C,0xFF,0x9C,0xFF,0x9C,0xFF,0x9C,0xFF,0x9C,0xFF,0x9C,0xFF,0x9C,0xFF,0x9C,0xFF,
    0x9C,0xFF,0x9C,0xFF,0x9C,0xFF,0x9C,0xFF,0x9C,0xFF,0x9C,0xFF,0x9C,0xFF,0x9C,0xFF,
    0x9C,0xFF,0x9C,0xFF,0x9C,0xFF,0x9C,0xFF,0x9C,0xFF,0x9C,0xFF,0x9C,0xFF,0x9C,0xFF,
    0x9C,0xFF,0x9C,0xFF,0x9C,0xFF,0x9C,0xFF,0x9C,0xFF,0x9C,0xFF,0x9C,0xFF,0x9C,0xFF,
    0x9C,0xFF,0x9C,0xFF,0x9C,0xFF,0x9C,0xFF,0x9C,0xFF,0x9C,0xFF,0x9C,0xFF,0x9C,0xFF,
    0x9C,0xFF,0x9C,0xFF,0x9C,0xFF,0x9C,0xFF,0x9C,0xFF,0x9C,0xFF,0x9C,0xFF,0x9C,0xFF,
    0x9C,0xFF,0x9C,0xFF,0x9C,0xFF,0x9C,0xFF,0x9C,0xFF,0x9C,0xFF,0x9C,0xFF,0x9C,0xFF,
    0x9C,0xFF,0x9C,0xFF,0x9C,0xFF,0x9C,0xFF,0x9C,0xFF,0x9C,0xFF,0x9C,0xFF,0x9C,0xFF,
    0x9C,0xFF,0x9C,0xFF,0x9C,0xFF,0x9C,0xFF,0x9C,0xFF,0x9C,0xFF,0x9C,0xFF,0x9C,0xFF,
    0x9C,0xFF,0x9C,0xFF,0x9C,0xFF,0x9C,0xFF,0x9C,0xFF,0x9C,0xFF,0x9C,0xFF,0x9C,0xFF,
    0x9C,0xFF,0x9C,0xFF,0x9C,0xFF,0x9C,0xFF,0x9C,0xFF,0x9C,0xFF,0x9C,0xFF,0x9C,0xFF,
    0x9C,0xFF,0x9C,0xFF,0x9C,0xFF,0x9C,0xFF,0x9C,0xFF,0x9C,0xFF,0x9C,0xFF,0x9C,0xFF,
    0x9C,0xFF,0x9C,0xFF,0x9C,0xFF,0x9C,0xFF,0x9C,0xFF,0x9C,0xFF,0x9C,0xFF,0x9C,0xFF,
    0x9C,0xFF,0x9C,0xFF,0x9C,0xFF,0x9C,0xFF,0x9C,0xFF,0x9C,0xFF,0x9C,0xFF,0x9C,0xFF,
    0x9C,0xFF,0x9C,0xFF,0x9C,0xFF,0x9C,0xFF,0x9C,0xFF,0x9C,0xFF,0x9C,0xFF,0x9C,0xFF,
    0x9C,0xFF,0x9C,0xFF,0x9C,0xFF,0x9C,0xFF,0x9C,0xFF,0x9C,0xFF,0x9C,0xFF,0x9C,0xFF,
    0x9C,0xFF,0x9C,0xFF,0x9C,0xFF,0x9C,0xFF,0x9C,0xFF,0x9C,0xFF,0x9C,0xFF,0x9C,0xFF,
    0x9C,0xFF,0x9C,0xFF,0x9C,0xFF,0x9C,0xFF,0x9C,0xFF,0x9C,0xFF,0x9C,0xFF,0x9C,0xFF,
    0x9C,0xFF,0x9C,0xFF,0x9C,0xFF,0x9C,0xFF,0x9C,0xFF,0x9C,0xFF,0x9C,0xFF,0x9C,0xFF,
    0x9C,0xFF,0x9C,0xFF,0x9C,0xFF,0x9C,0xFF,0x9C,0xFF,0x9C,0xFF,0x9C,0xFF,0x9C,0xFF,
    0x9C,0xFF,0x9C,0xFF,0x9C,0xFF,0x9C,0xFF,0x9C,0xFF,0x9C,0xFF,0x9C,0xFF,0x9C,0xFF,
    0x9C,0xFF,0x9C,0xFF,0x9C,0xFF,0x9C,0xFF,0x9C,0xFF,0x9C,0xFF,0x9C,0xFF,0x9C,0xFF,
    0x9C,0xFF,0x9C,0xFF,0x9C,0xFF,0x9C,0xFF,0x9C,0xFF,0x9C,0xFF,0x9C,0xFF,0x9C,0xFF,
    0x9C,0xFF,0x9C,0xFF,0x9C,0xFF,0x9C,0xFF,0x9C,0xFF,0x9C,0xFF,0x9C,0xFF,0x9C,0xFF,
    0x9C,0xFF,0x9C,0xFF,0x9C,0xFF,0x9C,0xFF,0x9C,0xFF,0x9C,0xFF,0x9C,0xFF,0x9C,0xFF,
    0x9C,0xFF,0x9C,0xFF,0x9C,0xFF,0x9C,0xFF,0x9C,0xFF,0x9C,0xFF,0x9C,0xFF,0x9C,0xFF,
    0x9C,0xFF,0x9C,0xFF,0x9C,0xFF,0x9C,0xFF,0x9C,0xFF,0x9C,0xFF,0x9C,0xFF,0x9C,0xFF,
    0x9C,0xFF,0x9C,0xFF,0x9C,0xFF,0x9C,0xFF,0x9C,0xFF,0x9C,0xFF,0x9C,0xFF,0x9C,0xFF,
    0x9C,0xFF,0x9C,0xFF,0x9C,0xFF,0x9C,0xFF,0x9C,0xFF,0x9C,0xFF,0x9C,0xFF,0x9C,0xFF,
    0x9C,0xFF,0x9C,0xFF,0x9C,0xFF,0x9C,0xFF,0x9C,0xFF,0x9C,0xFF,0x9C,0xFF,0x9C,0xFF,
    0x9C,0xFF,0x9C,0xFF,0x9C,0xFF,0x9C,0xFF,0x9C,0xFF,0x9C,0xFF,0x9C,0xFF,0x9C,0xFF,
    0x9C,0xFF,0x9C,0xFF,0x9C,0xFF,0x9C,0xFF,0x9C,0xFF,0x9C,0xFF,0x9C,0xFF,0x9C,0xFF,
    0x9C,0xFF,0x9C,0xFF,0x9C,0xFF,0x9C,0xFF,0x9C,0xFF,0x9C,0xFF,0x9C,0xFF,0x9C,0xFF,
    0x9C,0xFF,0x9C,0xFF,0x9C,0xFF,0x9C,0xFF,0x9C,0xFF,0x9C,0xFF,0x9C,0xFF,0x9C,0xFF,
    0x9C,0xFF,0x9C,0xFF,0x9C,0xFF,0x9C,0xFF,0x9C,0xFF,0x9C,0xFF,0x9C,0xFF,0x9C,0xFF,
    0x9C,0xFF,0x9C,0xFF,0x9C,0xFF,0x9C,0xFF,0x9C,0xFF,0x9C,0xFF,0x9C,0xFF,0x9C,0xFF,
    0x9C,0xFF,0x9C,0xFF,0x9C,0xFF,0x9C,0xFF,0x9C,0xFF,0x9C,0xFF,0x9C,0xFF,0x9C,0xFF,
    0x9C,0xFF,0x9C,0xFF,0x9C,0xFF,0x9C,0xFF,0x9C,0xFF,0x9C,0xFF,0x9C,0xFF,0x9C,0xFF,
    0x9C,0xFF,0x9C,0xFF,0x9C,0xFF,0x9C,0xFF,0x9C,0xFF,0x9C,0xFF,0x9C,0xFF,0x9C,0xFF,
    0x9C,0xFF,0x9C,0xFF,0x9C,0xFF,0x9C,0xFF,0x9C,0xFF,0x9C,0xFF,0x9C,0xFF,0x9C,0xFF,
    0x9C,0xFF,0x9C,0xFF,0x9C,0xFF,0x9C,0xFF,0x9C,0xFF,0x9C,0xFF,0x9C,0xFF,0x9C,0xFF,
    0x9C,0xFF,0x9C,0xFF,0x9C,0xFF,0x9C,0xFF,0x9C,0xFF,0x9C,0xFF,0x9C,0xFF,0x9C,0xFF,
    0x9C,0xFF,0x9C,0xFF,0x9C,0xFF,0x9C,0xFF,0x9C,0xFF,0x9C,0xFF,0x9C,0xFF,0x9C,0xFF,
    0x9C,0xFF,0x9C,0xFF,0x9C,0xFF,0x9C,0xFF,0x9C,0xFF,0x9C,0xFF,0x9C,0xFF,0x9C,0xFF,
    0x9C,0xFF,0x9C,0xFF,0x9C,0xFF,0x9C,0xFF,0x9C,0xFF,0x9C,0xFF,0x9C,0xFF,0x9C,0xFF,
    0x9C,0xFF,0x9C,0xFF,0x9C,0xFF,0x9C,0xFF,0x9C,0xFF,0x9C,0xFF,0x9C,0xFF,0x9C,0xFF,
    0x9C,0xFF,0x9C,0xFF,0x9C,0xFF,0x9C,0xFF,0x9C,0xFF,0x9C,0xFF,0x9C,0xFF,0x9C,0xFF,
    0x9C,0xFF,0x9C,0xFF,0x9C,0xFF,0x9C,0xFF,0x9C,0xFF,0x9C,0xFF,0x9C,0xFF,0x9C,0xFF,
    0x9C,0xFF,0x9C,0xFF,0x9C,0xFF,0x9C,0xFF,0x9C,0xFF,0x9C,0xFF,0x9C,0xFF,0x9C,0xFF,
    0x9C,0xFF,0x9C,0xFF,0x9C,0xFF,0x9C,0xFF,0x9C,0xFF,0x9C,0xFF,0x9C,0xFF,0x9C,0xFF,
    0x9C,0xFF,0x9C,0xFF,0x9C,0xFF,0x9C,0xFF,0x9C,0xFF,0x9C,0xFF,0x9C,0xFF,0x9C,0xFF,
    0x9C,0xFF,0x9C,0xFF,0x9C,0xFF,0x9C,0xFF,0x9C,0xFF,0x9C,0xFF,0x9C,0xFF,0x9C,0xFF,
    0x9C,0xFF,0x9C,0xFF,0x9C,0xFF,0x9C,0xFF,0x9C,0xFF,0x9C,0xFF,0x9C,0xFF,0x9C,0xFF,
    0x9C,0xFF,0x9C,0xFF,0x9C,0xFF,0x9C,0xFF,0x9C,0xFF,0x9C,0xFF,0x9C,0xFF,0x9C,0xFF,
    0x9C,0xFF,0x9C,0xFF,0x9C,0xFF,0x9C,0xFF,0x9C,0xFF,0x9C,0xFF,0x9C,0xFF,0x9C,0xFF,
    0x9C,0xFF,0x9C,0xFF,0x9C,0xFF,0x9C,0xFF,0x9C,0xFF,0x9C,0xFF,0x9C,0xFF,0x9C,0xFF,
    0x9C,0xFF,0x9C,0xFF,0x9C,0xFF,0x9C,0xFF,0x9C,0xFF,0x9C,0xFF,0x9C,0xFF,0x9C,0xFF,
    0x9C,0xFF,0x9C,0xFF,0x9C,0xFF,0x9C,0xFF,0x9C,0xFF,0x9C,0xFF,0x9C,0xFF,0x9C,0xFF,
    0x9C,0xFF,0x9C,0xFF,0x9C,0xFF,0x9C,0xFF,0x9C,0xFF,0x9C,0xFF,0x9C,0xFF,0x9C,0xFF,
    0x9C,0xFF,0x9C,0xFF,0x9C,0xFF,0x9C,0xFF,0x9C,0xFF,0x9C,0xFF,0x9C,0xFF,0x9C,0xFF,
    0x9C,0xFF,0x9C,0xFF,0x9C,0xFF,0x9C,0xFF,0x9C,0xFF,0x9C,0xFF,0x9C,0xFF,0x9C,0xFF,
    0x9C,0xFF,0x9C,0xFF,0x9C,0xFF,0x9C,0xFF,0x9C,0xFF,0x9C,0xFF,0x9C,0xFF,0x9C,0xFF,
    0x9C,0xFF,0x9C,0xFF,0x9C,0xFF,0x9C,0xFF,0x9C,0xFF,0x9C,0xFF,0x9C,0xFF,0x9C,0xFF,
    0x9C,0xFF,0x9C,0xFF,0x9C,0xFF,0x9C,0xFF,0x9C,0xFF,0x9C,0xFF,0x9C,0xFF,0x9C,0xFF,
    0x9C,0xFF,0x9C,0xFF,0x9C,0xFF,0x9C,0xFF,0x9C,0xFF,0x9C,0xFF,0x9C,0xFF,0x9C,0xFF,
    0x9C,0xFF,0x9C,0xFF,0x9C,0xFF,0x9C,0xFF,0x9C,0xFF,0x9C,0xFF,0x9C,0xFF,0x9C,0xFF,
    0x9C,0xFF,0x9C,0xFF,0x9C,0xFF,0x9C,0xFF,0x9C,0xFF,0x9C,0xFF,0x9C,0xFF,0x9C,0xFF,
    0x9C,0xFF,0x9C,0xFF,0x9C,0xFF,0x9C,0xFF,0x9C,0xFF,0x9C,0xFF,0x9C,0xFF,0x9C,0xFF,
    0x9C,0xFF,0x9C,0xFF,0x9C,0xFF,0x9C,0xFF,0x9C,0xFF,0x9C,0xFF,0x9C,0xFF,0x9C,0xFF,
    0x9C,0xFF,0x9C,0xFF,0x9C,0xFF,0x9C,0xFF,0x9C,0xFF,0x9C,0xFF,0x9C,0xFF,0x9C,0xFF,
    0x9C,0xFF,0x9C,0xFF,0x9C,0xFF,0x9C,0xFF,0x9C,0xFF,0x9C,0xFF,0x9C,0xFF,0x9C,0xFF,
    0x9C,0xFF,0x9C,0xFF,0x9C,0xFF,0x9C,0xFF,0x9C,0xFF,0x9C,0xFF,0x9C,0xFF,0x9C,0xFF,
    0x9C,0xFF,0x9C,0xFF,0x9C,0xFF,0x9C,0xFF,0x9C,0xFF,0x9C,0xFF,0x9C,0xFF,0x9C,0xFF,
    0x9C,0xFF,0x9C,0xFF,0x9C,0xFF,0x9C,0xFF,0x9C,0xFF,0x9C,0xFF,0x9C,0xFF,0x9C,0xFF,
    0x9C,0xFF,0x9C,0xFF,0x9C,0xFF,0x9C,0xFF,0x9C,0xFF,0x9C,0xFF,0x9C,0xFF,0x9C,0xFF,
    0x9C,0xFF,0x9C,0xFF,0x9C,0xFF,0x9C,0xFF,0x9C,0xFF,0x9C,0xFF,0x9C,0xFF,0x9C,0xFF,
    0x9C,0xFF,0x9C,0xFF,0x9C,0xFF,0x9C,0xFF,0x9C,0xFF,0x9C,0xFF,0x9C,0xFF,0x9C,0xFF,
    0x9C,0xFF,0x9C,0xFF,0x9C,0xFF,0x9C,0xFF,0x9C,0xFF,0x9C,0xFF,0x9C,0xFF,0x9C,0xFF,
    0x9C,0xFF,0x9C,0xFF,0x9C,0xFF,0x9C,0xFF,0x9C,0xFF,0x9C,0xFF,0x9C,0xFF,0x9C,0xFF,
    0x9C,0xFF,0x9C,0xFF,0x9C,0xFF,0x9C,0xFF,0x9C,0xFF,0x9C,0xFF,0x9C,0xFF,0x9C,0xFF,
    0x9C,0xFF,0x9C,0xFF,0x9C,0xFF,0x9C,0xFF,0x9C,0xFF,0x9C,0xFF,0x9C,0xFF,0x9C,0xFF,
    0x9C,0xFF,0x9C,0xFF,0x9C,0xFF,0x9C,0xFF,0x9C,0xFF,0x9C,0xFF,0x9C,0xFF,0x9C,0xFF,
    0x9C,0xFF,0x9C,0xFF,0x9C,0xFF,0x9C,0xFF,0x9C,0xFF,0x9C,0xFF,0x9C,0xFF,0x9C,0xFF,
    0x9C,0xFF,0x9C,0xFF,0x9C,0xFF,0x9C,0xFF,0x9C,0xFF,0x9C,0xFF,0x9C,0xFF,0x9C,0xFF,
    0x9C,0xFF,0x9C,0xFF,0x9C,0xFF,0x9C,0xFF,0x9C,0xFF,0x9C,0xFF,0x9C,0xFF,0x9C,0xFF,
    0x9C,0xFF,0x9C,0xFF,0x9C,0xFF,0x9C,0xFF,0x9C,0xFF,0x9C,0xFF,0x9C,0xFF,0x9C,0xFF,
    0x9C,0xFF,0x9C,0xFF,0x9C,0xFF,0x9C,0xFF,0x9C,0xFF,0x9C,0xFF,0x9C,0xFF,0x9C,0xFF,
    0x9C,0xFF,0x9C,0xFF,0x9C,0xFF,0x9C,0xFF,0x9C,0xFF,0x9C,0xFF,0x9C,0xFF,0x9C,0xFF,
    0x9C,0xFF,0x9C,0xFF,0x9C,0xFF,0x9C,0xFF,0x9C,0xFF,0x9C,0xFF,0x9C,0xFF,0x9C,0xFF,
    0x9C,0xFF,0x9C,0xFF,0x9C,0xFF,0x9C,0xFF,0x9C,0xFF,0x9C,0xFF,0x9C,0xFF,0x9C,0xFF,
    0x9C,0xFF,0x9C,0xFF,0x9C,0xFF,0x9C,0xFF,0x9C,0xFF,0x9C,0xFF,0x9C,0xFF,0x9C,0xFF,
    0x9C,0xFF,0x9C,0xFF,0x9C,0xFF,0x9C,0xFF,0x9C,0xFF,0x9C,0xFF,0x9C,0xFF,0x9C,0xFF,
    0x9C,0xFF,0x9C,0xFF,0x9C,0xFF,0x9C,0xFF,0x9C,0xFF,0x9C,0xFF,0x9C,0xFF,0x9C,0xFF,
    0x9C,0xFF,0x9C,0xFF,0x9C,0xFF,0x9C,0xFF,0x9C,0xFF,0x9C,0xFF,0x9C,0xFF,0x9C,0xFF,
    0x9C,0xFF,0x9C,0xFF,0x9C,0xFF,0x9C,0xFF,0x9C,0xFF,0x9C,0xFF,0x9C,0xFF,0x9C,0xFF,
    0x9C,0xFF,0x9C,0xFF,0x9C,0xFF,0x9C,0xFF,0x9C,0xFF,0x9C,0xFF,0x9C,0xFF,0x9C,0xFF,
    0x9C,0xFF,0x9C,0xFF,0x9C,0xFF,0x9C,0xFF,0x9C,0xFF,0x9C,0xFF,0x9C,0xFF,0x9C,0xFF,
    0x9C,0xFF,0x9C,0xFF,0x9C,0xFF,0x9C,0xFF,0x9C,0xFF,0x9C,0xFF,0x9C,0xFF,0x9C,0xFF,
    0x9C,0xFF,0x9C,0xFF,0x9C,0xFF,0x9C,0xFF,0x9C,0xFF,0x9C,0xFF,0x9C,0xFF,0x9C,0xFF,
    0x9C,0xFF,0x9C,0xFF,0x9C,0xFF,0x9C,0xFF,0x9C,0xFF,0x9C,0xFF,0x9C,0xFF,0x9C,0xFF,
    0x9C,0xFF,0x9C,0xFF,0x9C,0xFF,0x9C,0xFF,0x9C,0xFF,0x9C,0xFF,0x9C,0xFF,0x9C,0xFF,
    0x9C,0xFF,0x9C,0xFF,0x9C,0xFF,0x9C,0xFF,0x9C,0xFF,0x9C,0xFF,0x9C,0xFF,0x9C,0xFF,
    0x9C,0xFF,0x9C,0xFF,0x9C,0xFF,0x9C,0xFF,0x9C,0xFF,0x9C,0xFF,0x9C,0xFF,0x9C,0xFF,
    0x9C,0xFF,0x9C,0xFF,0x9C,0xFF,0x9C,0xFF,0x9C,0xFF,0x9C,0xFF,0x9C,0xFF,0x9C,0xFF,
    0x9C,0xFF,0x9C,0xFF,0x9C,0xFF,0x9C,0xFF,0x9C,0xFF,0x9C,0xFF,0x9C,0xFF,0x9C,0xFF,
    0x9C,0xFF,0x9C,0xFF,0x9C,0xFF,0x9C,0xFF,0x9C,0xFF,0x9C,0xFF,0x9C,0xFF,0x9C,0xFF,
    0x9C,0xFF,0x9C,0xFF,0x9C,0xFF,0x9C,0xFF,0x9C,0xFF,0x9C,0xFF,0x9C,0xFF,0x9C,0xFF,
    0x9C,0xFF,0x9C,0xFF,0x9C,0xFF,0x9C,0xFF,0x9C,0xFF,0x9C,0xFF,0x9C,0xFF,0x9C,0xFF,
    0x9C,0xFF,0x9C,0xFF,0x9C,0xFF,0x9C,0xFF,0x9C,0xFF,0x9C,0xFF,0x9C,0xFF,0x9C,0xFF,
    0x9C,0xFF,0x9C,0xFF,0x9C,0xFF,0x9C,0xFF,0x9C,0xFF,0x9C,0xFF,0x9C,0xFF,0x9C,0xFF,
    0x9C,0xFF,0x9C,0xFF,0x9C,0xFF,0x9C,0xFF,0x9C,0xFF,0x9C,0xFF,0x9C,0xFF,0x9C,0xFF,
    0x9C,0xFF,0x9C,0xFF,0x9C,0xFF,0x9C,0xFF,0x9C,0xFF,0x9C,0xFF,0x9C,0xFF,0x9C,0xFF,
    0x9C,0xFF,0x9C,0xFF,0x9C,0xFF,0x9C,0xFF,0x9C,0xFF,0x9C,0xFF,0x9C,0xFF,0x9C,0xFF,
    0x9C,0xFF,0x9C,0xFF,0x9C,0xFF,0x9C,0xFF,0x9C,0xFF,0x9C,0xFF,0x9C,0xFF,0x9C,0xFF,
    0x9C,0xFF,0x9C,0xFF,0x9C,0xFF,0x9C,0xFF,0x9C,0xFF,0x9C,0xFF,0x9C,0xFF,0x9C,0xFF,
    0x9C,0xFF,0x9C,0xFF,0x9C,0xFF,0x9C,0xFF,0x9C,0xFF,0x9C,0xFF,0x9B,0xFF,0x9B,0xFF,
    0x9B,0xFF,0x9B,0xFF,0x9B,0xFF,0x9B,0xFF,0x9B,0xFF,0x9B,0xFF,0x9B,0xFF,0x9B,0xFF,
    0x9B,0xFF,0x9B,0xFF,0x9B,0xFF,0x9B,0xFF,0x9B,0xFF,0x9B,0xFF,0x9B,0xFF,0x9B,0xFF,
    0x9B,0xFF,0x9B,0xFF,0x9B,0xFF,0x9C,0xFF,0x9C,0xFF,0x9C,0xFF,0x9C,0xFF,0x9C,0xFF,
    0x9C,0xFF,0x9C,0xFF,0x9C,0xFF,0x9C,0xFF,0x9C,0xFF,0x9C,0xFF,0x9C,0xFF,0x9C,0xFF,
    0x9C,0xFF,0x9C,0xFF,0x9C,0xFF,0x9C,0xFF,0x9C,0xFF,0x9C,0xFF,0x9C,0xFF,0x9C,0xFF,
    0x9C,0xFF,0x9C,0xFF,0x9C,0xFF,0x9C,0xFF,0x9C,0xFF,0x9C,0xFF,0x9C,0xFF,0x9C,0xFF,
    0x9C,0xFF,0x9C,0xFF,0x9C,0xFF,0x9C,0xFF,0x9C,0xFF,0x9C,0xFF,0x9C,0xFF,0x9C,0xFF,
    0x9C,0xFF,0x9C,0xFF,0x9C,0xFF,0x9C,0xFF,0x9C,0xFF,0x9C,0xFF,0x9C,0xFF,0x9C,0xFF,
    0x9C,0xFF,0x9C,0xFF,0x9C,0xFF,0x9C,0xFF,0x9C,0xFF,0x9C,0xFF,0x9C,0xFF,0x9C,0xFF,
    0x9C,0xFF,0x9C,0xFF,0x9C,0xFF,0x9C,0xFF,0x9C,0xFF,0x9C,0xFF,0x9C,0xFF,0x9C,0xFF,
    0x9C,0xFF,0x9C,0xFF,0x9C,0xFF,0x9C,0xFF,0x9C,0xFF,0x9C,0xFF,0x9C,0xFF,0x9C,0xFF,
    0x9C,0xFF,0x9C,0xFF,0x9C,0xFF,0x9C,0xFF,0x9C,0xFF,0x9C,0xFF,0x9C,0xFF,0x9C,0xFF,
    0x9C,0xFF,0x9C,0xFF,0x9C,0xFF,0x9C,0xFF,0x9C,0xFF,0x9C,0xFF,0x9C,0xFF,0x9C,0xFF,
    0x9C,0xFF,0x9C,0xFF,0x9C,0xFF,0x9C,0xFF,0x9C,0xFF,0x9C,0xFF,0x9C,0xFF,0x9C,0xFF,
    0x9C,0xFF,0x9C,0xFF,0x9C,0xFF,0x9C,0xFF,0x9C,0xFF,0x9C,0xFF,0x9C,0xFF,0x9C,0xFF,
    0x9C,0xFF,0x9C,0xFF,0x9C,0xFF,0x9C,0xFF,0x9C,0xFF,0x9C,0xFF,0x9C,0xFF,0x9C,0xFF,
    0x9C,0xFF,0x9C,0xFF,0x9C,0xFF,0x9C,0xFF,0x9C,0xFF,0x9C,0xFF,0x9C,0xFF,0x9C,0xFF,
    0x9C,0xFF,0x9C,0xFF,0x9C,0xFF,0x9C,0xFF,0x9C,0xFF,0x9C,0xFF,0x9C,0xFF,0x9C,0xFF,
    0x9C,0xFF,0x9C,0xFF,0x9C,0xFF,0x9C,0xFF,0x9C,0xFF,0x9C,0xFF,0x9C,0xFF,0x9C,0xFF,
    0x9C,0xFF,0x9C,0xFF,0x9C,0xFF,0x9C,0xFF,0x9C,0xFF,0x9C,0xFF,0x9C,0xFF,0x9C,0xFF,
    0x9C,0xFF,0x9C,0xFF,0x9C,0xFF,0x9C,0xFF,0x9C,0xFF,0x9C,0xFF,0x9B,0xFF,0x9B,0xFF,
    0x9B,0xFF,0x9B,0xFF,0x9B,0xFF,0x9B,0xFF,0x9B,0xFF,0x9B,0xFF,0x9B,0xFF,0x9B,0xFF,
    0x9B,0xFF,0x9B,0xFF,0x9B,0xFF,0x9B,0xFF,0x9B,0xFF,0x9B,0xFF,0x9B,0xFF,0x9B,0xFF,
    0x9B,0xFF,0x9B,0xFF,0x9B,0xFF,0x9B,0xFF,0x9B,0xFF,0x9B,0xFF,0x9B,0xFF,0x9B,0xFF,
    0x9B,0xFF,0x9B,0xFF,0x9B,0xFF,0x9B,0xFF,0x9B,0xFF,0x9B,0xFF,0x9B,0xFF,0x9B,0xFF,
    0x9B,0xFF,0x9B,0xFF,0x9B,0xFF,0x9C,0xFF,0x9C,0xFF,0x9C,0xFF,0x9C,0xFF,0x9C,0xFF,
    0x9C,0xFF,0x9C,0xFF,0x9C,0xFF,0x9C,0xFF,0x9C,0xFF,0x9C,0xFF,0x9C,0xFF,0x9C,0xFF,
    0x9C,0xFF,0x9C,0xFF,0x9C,0xFF,0x9C,0xFF,0x9C,0xFF,0x9C,0xFF,0x9C,0xFF,0x9C,0xFF,
    0x9C,0xFF,0x9C,0xFF,0x9C,0xFF,0x9C,0xFF,0x9C,0xFF,0x9C,0xFF,0x9C,0xFF,0x9C,0xFF,
    0x9C,0xFF,0x9C,0xFF,0x9C,0xFF,0x9C,0xFF,0x9C,0xFF,0x9C,0xFF,0x9C,0xFF,0x9C,0xFF,
    0x9C,0xFF,0x9C,0xFF,0x9C,0xFF,0x9C,0xFF,0x9C,0xFF,0x9C,0xFF,0x9C,0xFF,0x9C,0xFF,
    0x9C,0xFF,0x9C,0xFF,0x9C,0xFF,0x9C,0xFF,0x9C,0xFF,0x9C,0xFF,0x9C,0xFF,0x9C,0xFF,
    0x9C,0xFF,0x9C,0xFF,0x9C,0xFF,0x9C,0xFF,0x9C,0xFF,0x9C,0xFF,0x9C,0xFF,0x9C,0xFF,
    0x9C,0xFF,0x9C,0xFF,0x9C,0xFF,0x9C,0xFF,0x9C,0xFF,0x9C,0xFF,0x9C,0xFF,0x9C,0xFF,
    0x9C,0xFF,0x9C,0xFF,0x9C,0xFF,0x9C,0xFF,0x9C,0xFF,0x9C,0xFF,0x9C,0xFF,0x9C,0xFF,
    0x9C,0xFF,0x9C,0xFF,0x9C,0xFF,0x9C,0xFF,0x9C,0xFF,0x9C,0xFF,0x9C,0xFF,0x9C,0xFF,
    0x9C,0xFF,0x9C,0xFF,0x9C,0xFF,0x9C,0xFF,0x9C,0xFF,0x9C,0xFF,0x9C,0xFF,0x9C,0xFF,
    0x9C,0xFF,0x9C,0xFF,0x9C,0xFF,0x9C,0xFF,0x9C,0xFF,0x9C,0xFF,0x9C,0xFF,0x9C,0xFF,
    0x9C,0xFF,0x9C,0xFF,0x9C,0xFF,0x9C,0xFF,0x9C,0xFF,0x9C,0xFF,0x9C,0xFF,0x9C,0xFF,
    0x9C,0xFF,0x9C,0xFF,0x9C,0xFF,0x9C,0xFF,0x9C,0xFF,0x9C,0xFF,0x9C,0xFF,0x9C,0xFF,
    0x9C,0xFF,0x9C,0xFF,0x9C,0xFF,0x9C,0xFF,0x9C,0xFF,0x9C,0xFF,0x9C,0xFF,0x9C,0xFF,
    0x9C,0xFF,0x9C,0xFF,0x9C,0xFF,0x9C,0xFF,0x9C,0xFF,0x9C,0xFF,0x9C,0xFF,0x9C,0xFF,
    0x9C,0xFF,0x9B,0xFF,0x9B,0xFF,0x9B,0xFF,0x9B,0xFF,0x9B,0xFF,0x9B,0xFF,0x9B,0xFF,
    0x9B,0xFF,0x9B,0xFF,0x9B,0xFF,0x9B,0xFF,0x9B,0xFF,0x9B,0xFF,0x9B,0xFF,0x9B,0xFF,
    0x9B,0xFF,0x9B,0xFF,0x9B,0xFF,0x9B,0xFF,0x9B,0xFF,0x9B,0xFF,0x9B,0xFF,0x9B,0xFF,
    0x9B,0xFF,0x9B,0xFF,0x9B,0xFF,0x9B,0xFF,0x9B,0xFF,0x9B,0xFF,0x9B,0xFF,0x9B,0xFF,
    0x9B,0xFF,0x9B,0xFF,0x9B,0xFF,0x9B,0xFF,0x9B,0xFF,0x9B,0xFF,0x9B,0xFF,0x9B,0xFF,
    0x9B,0xFF,0x9B,0xFF,0x9B,0xFF,0x9B,0xFF,0x9B,0xFF,0x9B,0xFF,0x9B,0xFF,0x9B,0xFF,
    0x9C,0xFF,0x9C,0xFF,0x9C,0xFF,0x9C,0xFF,0x9C,0xFF,0x9C,0xFF,0x9C,0xFF,0x9C,0xFF,
    0x9C,0xFF,0x9C,0xFF,0x9C,0xFF,0x9C,0xFF,0x9C,0xFF,0x9C,0xFF,0x9C,0xFF,0x9C,0xFF,
    0x9C,0xFF,0x9C,0xFF,0x9C,0xFF,0x9C,0xFF,0x9C,0xFF,0x9C,0xFF,0x9C,0xFF,0x9C,0xFF,
    0x9C,0xFF,0x9C,0xFF,0x9C,0xFF,0x9C,0xFF,0x9C,0xFF,0x9C,0xFF,0x9C,0xFF,0x9C,0xFF,
    0x9C,0xFF,0x9C,0xFF,0x9C,0xFF,0x9C,0xFF,0x9C,0xFF,0x9C,0xFF,0x9C,0xFF,0x9C,0xFF,
    0x9C,0xFF,0x9C,0xFF,0x9C,0xFF,0x9C,0xFF,0x9C,0xFF,0x9C,0xFF,0x9C,0xFF,0x9C,0xFF,
    0x9C,0xFF,0x9C,0xFF,0x9C,0xFF,0x9C,0xFF,0x9C,0xFF,0x9C,0xFF,0x9C,0xFF,0x9C,0xFF,
    0x9C,0xFF,0x9C,0xFF,0x9C,0xFF,0x9C,0xFF,0x9C,0xFF,0x9C,0xFF,0x9C,0xFF,0x9C,0xFF,
    0x9C,0xFF,0x9C,0xFF,0x9C,0xFF,0x9C,0xFF,0x9C,0xFF,0x9C,0xFF,0x9C,0xFF,0x9C,0xFF,
    0x9C,0xFF,0x9C,0xFF,0x9C,0xFF,0x9C,0xFF,0x9C,0xFF,0x9C,0xFF,0x9C,0xFF,0x9C,0xFF,
    0x9C,0xFF,0x9C,0xFF,0x9C,0xFF,0x9C,0xFF,0x9C,0xFF,0x9C,0xFF,0x9C,0xFF,0x9C,0xFF,
    0x9C,0xFF,0x9C,0xFF,0x9C,0xFF,0x9C,0xFF,0x9C,0xFF,0x9C,0xFF,0x9C,0xFF,0x9C,0xFF,
    0x9C,0xFF,0x9C,0xFF,0x9C,0xFF,0x9C,0xFF,0x9C,0xFF,0x9C,0xFF,0x9C,0xFF,0x9C,0xFF,
    0x9C,0xFF,0x9C,0xFF,0x9C,0xFF,0x9C,0xFF,0x9C,0xFF,0x9C,0xFF,0x9C,0xFF,0x9C,0xFF,
    0x9C,0xFF,0x9C,0xFF,0x9C,0xFF,0x9C,0xFF,0x9C,0xFF,0x9C,0xFF,0x9C,0xFF,0x9C,0xFF,
    0x9C,0xFF,0x9C,0xFF,0x9C,0xFF,0x9C,0xFF,0x9C,0xFF,0x9B,0xFF,0x9B,0xFF,0x9B,0xFF,
    0x9B,0xFF,0x9B,0xFF,0x9B,0xFF,0x9B,0xFF,0x9B,0xFF,0x9B,0xFF,0x9B,0xFF,0x9B,0xFF,
    0x9B,0xFF,0x9B,0xFF,0x9B,0xFF,0x9B,0xFF,0x9B,0xFF,0x9B,0xFF,0x9B,0xFF,0x9B,0xFF,
    0x9B,0xFF,0x9B,0xFF,0x9B,0xFF,0x9B,0xFF,0x9B,0xFF,0x9B,0xFF,0x9B,0xFF,0x9B,0xFF,
    0x9B,0xFF,0x9B,0xFF,0x9B,0xFF,0x9B,0xFF,0x9B,0xFF,0x9B,0xFF,0x9B,0xFF,0x9B,0xFF,
    0x9B,0xFF,0x9B,0xFF,0x9B,0xFF,0x9B,0xFF,0x9B,0xFF,0x9B,0xFF,0x9B,0xFF,0x9B,0xFF,
    0x9B,0xFF,0x9B,0xFF,0x9B,0xFF,0x9B,0xFF,0x9B,0xFF,0x9B,0xFF,0x9B,0xFF,0x9B,0xFF,
    0x9B,0xFF,0x9B,0xFF,0x9B,0xFF,0x9B,0xFF,0x9C,0xFF,0x9C,0xFF,0x9C,0xFF,0x9C,0xFF,
    0x9C,0xFF,0x9C,0xFF,0x9C,0xFF,0x9C,0xFF,0x9C,0xFF,0x9C,0xFF,0x9C,0xFF,0x9C,0xFF,
    0x9C,0xFF,0x9C,0xFF,0x9C,0xFF,0x9C,0xFF,0x9C,0xFF,0x9C,0xFF,0x9C,0xFF,0x9C,0xFF,
    0x9C,0xFF,0x9C,0xFF,0x9C,0xFF,0x9C,0xFF,0x9C,0xFF,0x9C,0xFF,0x9C,0xFF,0x9C,0xFF,
    0x9C,0xFF,0x9C,0xFF,0x9C,0xFF,0x9C,0xFF,0x9C,0xFF,0x9C,0xFF,0x9C,0xFF,0x9C,0xFF,
    0x9C,0xFF,0x9C,0xFF,0x9C,0xFF,0x9C,0xFF,0x9C,0xFF,0x9C,0xFF,0x9C,0xFF,0x9C,0xFF,
    0x9C,0xFF,0x9C,0xFF,0x9C,0xFF,0x9C,0xFF,0x9C,0xFF,0x9C,0xFF,0x9C,0xFF,0x9C,0xFF,
    0x9C,0xFF,0x9C,0xFF,0x9C,0xFF,0x9C,0xFF,0x9C,0xFF,0x9C,0xFF,0x9C,0xFF,0x9C,0xFF,
    0x9C,0xFF,0x9C,0xFF,0x9C,0xFF,0x9C,0xFF,0x9C,0xFF,0x9C,0xFF,0x9C,0xFF,0x9C,0xFF,
    0x9C,0xFF,0x9C,0xFF,0x9C,0xFF,0x9C,0xFF,0x9C,0xFF,0x9C,0xFF,0x9C,0xFF,0x9C,0xFF,
    0x9C,0xFF,0x9C,0xFF,0x9C,0xFF,0x9C,0xFF,0x9C,0xFF,0x9C,0xFF,0x9C,0xFF,0x9C,0xFF,
    0x9C,0xFF,0x9C,0xFF,0x9C,0xFF,0x9C,0xFF,0x9C,0xFF,0x9C,0xFF,0x9C,0xFF,0x9C,0xFF,
    0x9C,0xFF,0x9C,0xFF,0x9C,0xFF,0x9C,0xFF,0x9C,0xFF,0x9C,0xFF,0x9C,0xFF,0x9C,0xFF,
    0x9C,0xFF,0x9C,0xFF,0x9C,0xFF,0x9C,0xFF,0x9C,0xFF,0x9C,0xFF,0x9C,0xFF,0x9C,0xFF,
    0x9C,0xFF,0x9C,0xFF,0x9C,0xFF,0x9C,0xFF,0x9C,0xFF,0x9C,0xFF,0x9C,0xFF,0x9C,0xFF,
    0x9C,0xFF,0x9B,0xFF,0x9B,0xFF,0x9B,0xFF,0x9B,0xFF,0x9B,0xFF,0x9B,0xFF,0x9B,0xFF,
    0x9B,0xFF,0x9B,0xFF,0x9B,0xFF,0x9B,0xFF,0x9B,0xFF,0x9B,0xFF,0x9B,0xFF,0x9B,0xFF,
    0x9B,0xFF,0x9B,0xFF,0x9B,0xFF,0x9B,0xFF,0x9B,0xFF,0x9B,0xFF,0x9B,0xFF,0x9B,0xFF,
    0x9B,0xFF,0x9B,0xFF,0x9B,0xFF,0x9B,0xFF,0x9B,0xFF,0x9B,0xFF,0x9B,0xFF,0x9B,0xFF,
    0x9B,0xFF,0x9B,0xFF,0x9B,0xFF,0x9B,0xFF,0x9B,0xFF,0x9B,0xFF,0x9B,0xFF,0x9B,0xFF,
    0x9B,0xFF,0x9B,0xFF,0x9B,0xFF,0x9B,0xFF,0x9B,0xFF,0x9B,0xFF,0x9B,0xFF,0x9B,0xFF,
    0x9B,0xFF,0x9B,0xFF,0x9B,0xFF,0x9B,0xFF,0x9B,0xFF,0x9B,0xFF,0x9B,0xFF,0x9B,0xFF,
    0x9B,0xFF,0x9B,0xFF,0x9B,0xFF,0x9B,0xFF,0x9B,0xFF,0x9B,0xFF,0x9B,0xFF,0x9B,0xFF,
    0x9C,0xFF,0x9C,0xFF,0x9C,0xFF,0x9C,0xFF,0x9C,0xFF,0x9C,0xFF,0x9C,0xFF,0x9C,0xFF,
    0x9C,0xFF,0x9C,0xFF,0x9C,0xFF,0x9C,0xFF,0x9C,0xFF,0x9C,0xFF,0x9C,0xFF,0x9C,0xFF,
    0x9C,0xFF,0x9C,0xFF,0x9C,0xFF,0x9C,0xFF,0x9C,0xFF,0x9C,0xFF,0x9C,0xFF,0x9C,0xFF,
    0x9C,0xFF,0x9C,0xFF,0x9C,0xFF,0x9C,0xFF,0x9C,0xFF,0x9C,0xFF,0x9C,0xFF,0x9C,0xFF,
    0x9C,0xFF,0x9C,0xFF,0x9C,0xFF,0x9C,0xFF,0x9C,0xFF,0x9C,0xFF,0x9C,0xFF,0x9C,0xFF,
    0x9C,0xFF,0x9C,0xFF,0x9C,0xFF,0x9C,0xFF,0x9C,0xFF,0x9C,0xFF,0x9C,0xFF,0x9C,0xFF,
    0x9C,0xFF,0x9C,0xFF,0x9C,0xFF,0x9C,0xFF,0x9C,0xFF,0x9C,0xFF,0x9C,0xFF,0x9C,0xFF,
    0x9C,0xFF,0x9C,0xFF,0x9C,0xFF,0x9C,0xFF,0x9C,0xFF,0x9C,0xFF,0x9C,0xFF,0x9C,0xFF,
    0x9C,0xFF,0x9C,0xFF,0x9C,0xFF,0x9C,0xFF,0x9C,0xFF,0x9C,0xFF,0x9C,0xFF,0x9C,0xFF,
    0x9C,0xFF,0x9C,0xFF,0x9C,0xFF,0x9C,0xFF,0x9C,0xFF,0x9C,0xFF,0x9C,0xFF,0x9C,0xFF,
    0x9C,0xFF,0x9C,0xFF,0x9C,0xFF,0x9C,0xFF,0x9C,0xFF,0x9C,0xFF,0x9C,0xFF,0x9C,0xFF,
    0x9C,0xFF,0x9C,0xFF,0x9C,0xFF,0x9C,0xFF,0x9C,0xFF,0x9C,0xFF,0x9C,0xFF,0x9C,0xFF,
    0x9C,0xFF,0x9C,0xFF,0x9C,0xFF,0x9C,0xFF,0x9C,0xFF,0x9C,0xFF,0x9C,0xFF,0x9C,0xFF,
    0x9C,0xFF,0x9C,0xFF,0x9C,0xFF,0x9C,0xFF,0x9C,0xFF,0x9C,0xFF,0x9B,0xFF,0x9B,0xFF,
    0x9B,0xFF,0x9B,0xFF,0x9B,0xFF,0x9B,0xFF,0x9B,0xFF,0x9B,0xFF,0x9B,0xFF,0x9B,0xFF,
    0x9B,0xFF,0x9B,0xFF,0x9B,0xFF,0x9B,0xFF,0x9B,0xFF,0x9B,0xFF,0x9B,0xFF,0x9B,0xFF,
    0x9B,0xFF,0x9B,0xFF,0x9B,0xFF,0x9B,0xFF,0x9B,0xFF,0x9B,0xFF,0x9B,0xFF,0x9B,0xFF,
    0x9B,0xFF,0x9B,0xFF,0x9B,0xFF,0x9B,0xFF,0x9B,0xFF,0x9B,0xFF,0x9B,0xFF,0x9B,0xFF,
    0x9B,0xFF,0x9B,0xFF,0x9B,0xFF,0x9B,0xFF,0x9B,0xFF,0x9B,0xFF,0x9B,0xFF,0x9B,0xFF,
    0x9B,0xFF,0x9B,0xFF,0x9B,0xFF,0x9B,0xFF,0x9B,0xFF,0x9B,0xFF,0x9B,0xFF,0x9B,0xFF,
    0x9B,0xFF,0x9B,0xFF,0x9B,0xFF,0x9B,0xFF,0x9B,0xFF,0x9B,0xFF,0x9B,0xFF,0x9B,0xFF,
    0x9B,0xFF,0x9B,0xFF,0x9B,0xFF,0x9B,0xFF,0x9B,0xFF,0x9B,0xFF,0x9B,0xFF,0x9B,0xFF,
    0x9B,0xFF,0x9B,0xFF,0x9B,0xFF,0x9C,0xFF,0x9C,0xFF,0x9C,0xFF,0x9C,0xFF,0x9C,0xFF,
    0x9C,0xFF,0x9C,0xFF,0x9C,0xFF,0x9C,0xFF,0x9C,0xFF,0x9C,0xFF,0x9C,0xFF,0x9C,0xFF,
    0x9C,0xFF,0x9C,0xFF,0x9C,0xFF,0x9C,0xFF,0x9C,0xFF,0x9C,0xFF,0x9C,0xFF,0x9C,0xFF,
    0x9C,0xFF,0x9C,0xFF,0x9C,0xFF,0x9C,0xFF,0x9C,0xFF,0x9C,0xFF,0x9C,0xFF,0x9C,0xFF,
    0x9C,0xFF,0x9C,0xFF,0x9C,0xFF,0x9C,0xFF,0x9C,0xFF,0x9C,0xFF,0x9C,0xFF,0x9C,0xFF,
    0x9C,0xFF,0x9C,0xFF,0x9C,0xFF,0x9C,0xFF,0x9C,0xFF,0x9C,0xFF,0x9C,0xFF,0x9C,0xFF,
    0x9C,0xFF,0x9C,0xFF,0x9C,0xFF,0x9C,0xFF,0x9C,0xFF,0x9C,0xFF,0x9C,0xFF,0x9C,0xFF,
    0x9C,0xFF,0x9C,0xFF,0x9C,0xFF,0x9C,0xFF,0x9C,0xFF,0x9C,0xFF,0x9C,0xFF,0x9C,0xFF,
    0x9C,0xFF,0x9C,0xFF,0x9C,0xFF,0x9C,0xFF,0x9C,0xFF,0x9C,0xFF,0x9C,0xFF,0x9C,0xFF,
    0x9C,0xFF,0x9C,0xFF,0x9C,0xFF,0x9C,0xFF,0x9C,0xFF,0x9C,0xFF,0x9C,0xFF,0x9C,0xFF,
    0x9C,0xFF,0x9C,0xFF,0x9C,0xFF,0x9C,0xFF,0x9C,0xFF,0x9C,0xFF,0x9C,0xFF,0x9C,0xFF,
    0x9C,0xFF,0x9C,0xFF,0x9C,0xFF,0x9C,0xFF,0x9C,0xFF,0x9C,0xFF,0x9C,0xFF,0x9C,0xFF,
    0x9C,0xFF,0x9C,0xFF,0x9C,0xFF,0x9C,0xFF,0x9C,0xFF,0x9C,0xFF,0x9C,0xFF,0x9C,0xFF,
    0x9C,0xFF,0x9C,0xFF,0x9C,0xFF,0x9C,0xFF,0x9B,0xFF,0x9B,0xFF,0x9B,0xFF,0x9B,0xFF,
    0x9B,0xFF,0x9B,0xFF,0x9B,0xFF,0x9B,0xFF,0x9B,0xFF,0x9B,0xFF,0x9B,0xFF,0x9B,0xFF,
    0x9B,0xFF,0x9B,0xFF,0x9B,0xFF,0x9B,0xFF,0x9B,0xFF,0x9B,0xFF,0x9B,0xFF,0x9B,0xFF,
    0x9B,0xFF,0x9B,0xFF,0x9B,0xFF,0x9B,0xFF,0x9B,0xFF,0x9B,0xFF,0x9B,0xFF,0x9B,0xFF,
    0x9B,0xFF,0x9B,0xFF,0x9B,0xFF,0x9B,0xFF,0x9B,0xFF,0x9B,0xFF,0x9B,0xFF,0x9B,0xFF,
    0x9B,0xFF,0x9B,0xFF,0x9B,0xFF,0x9B,0xFF,0x9B,0xFF,0x9B,0xFF,0x9B,0xFF,0x9B,0xFF,
    0x9B,0xFF,0x9B,0xFF,0x9B,0xFF,0x9B,0xFF,0x9B,0xFF,0x9B,0xFF,0x9B,0xFF,0x9B,0xFF,
    0x9B,0xFF,0x9B,0xFF,0x9B,0xFF,0x9B,0xFF,0x9B,0xFF,0x9B,0xFF,0x9B,0xFF,0x9B,0xFF,
    0x9B,0xFF,0x9B,0xFF,0x9B,0xFF,0x9B,0xFF,0x9B,0xFF,0x9B,0xFF,0x9B,0xFF,0x9B,0xFF,
    0x9B,0xFF,0x9B,0xFF,0x9B,0xFF,0x9B,0xFF,0x9B,0xFF,0x9C,0xFF,0x9C,0xFF,0x9C,0xFF,
    0x9C,0xFF,0x9C,0xFF,0x9C,0xFF,0x9C,0xFF,0x9C,0xFF,0x9C,0xFF,0x9C,0xFF,0x9C,0xFF,
    0x9C,0xFF,0x9C,0xFF,0x9C,0xFF,0x9C,0xFF,0x9C,0xFF,0x9C,0xFF,0x9C,0xFF,0x9C,0xFF,
    0x9C,0xFF,0x9C,0xFF,0x9C,0xFF,0x9C,0xFF,0x9C,0xFF,0x9C,0xFF,0x9C,0xFF,0x9C,0xFF,
    0x9C,0xFF,0x9C,0xFF,0x9C,0xFF,0x9C,0xFF,0x9C,0xFF,0x9C,0xFF,0x9C,0xFF,0x9C,0xFF,
    0x9C,0xFF,0x9C,0xFF,0x9C,0xFF,0x9C,0xFF,0x9C,0xFF,0x9C,0xFF,0x9C,0xFF,0x9C,0xFF,
    0x9C,0xFF,0x9C,0xFF,0x9C,0xFF,0x9C,0xFF,0x9C,0xFF,0x9C,0xFF,0x9C,0xFF,0x9C,0xFF,
    0x9C,0xFF,0x9C,0xFF,0x9C,0xFF,0x9C,0xFF,0x9C,0xFF,0x9C,0xFF,0x9C,0xFF,0x9C,0xFF,
    0x9C,0xFF,0x9C,0xFF,0x9C,0xFF,0x9C,0xFF,0x9C,0xFF,0x9C,0xFF,0x9C,0xFF,0x9C,0xFF,
    0x9C,0xFF,0x9C,0xFF,0x9C,0xFF,0x9C,0xFF,0x9C,0xFF,0x9C,0xFF,0x9C,0xFF,0x9C,0xFF,
    0x9C,0xFF,0x9C,0xFF,0x9C,0xFF,0x9C,0xFF,0x9C,0xFF,0x9C,0xFF,0x9C,0xFF,0x9C,0xFF,
    0x9C,0xFF,0x9C,0xFF,0x9C,0xFF,0x9C,0xFF,0x9C,0xFF,0x9C,0xFF,0x9C,0xFF,0x9C,0xFF,
    0x9C,0xFF,0x9C,0xFF,0x9C,0xFF,0x9C,0xFF,0x9C,0xFF,0x9C,0xFF,0x9C,0xFF,0x9C,0xFF,
    0x9C,0xFF,0x9B,0xFF,0x9B,0xFF,0x9B,0xFF,0x9B,0xFF,0x9B,0xFF,0x9B,0xFF,0x9B,0xFF,
    0x9B,0xFF,0x9B,0xFF,0x9B,0xFF,0x9B,0xFF,0x9B,0xFF,0x9B,0xFF,0x9B,0xFF,0x9B,0xFF,
    0x9B,0xFF,0x9B,0xFF,0x9B,0xFF,0x9B,0xFF,0x9B,0xFF,0x9B,0xFF,0x9B,0xFF,0x9B,0xFF,
    0x9B,0xFF,0x9B,0xFF,0x9B,0xFF,0x9B,0xFF,0x9B,0xFF,0x9B,0xFF,0x9B,0xFF,0x9B,0xFF,
    0x9B,0xFF,0x9B,0xFF,0x9B,0xFF,0x9B,0xFF,0x9B,0xFF,0x9B,0xFF,0x9B,0xFF,0x9B,0xFF,
    0x9B,0xFF,0x9B,0xFF,0x9B,0xFF,0x9B,0xFF,0x9B,0xFF,0x9B,0xFF,0x9B,0xFF,0x9B,0xFF,
    0x9B,0xFF,0x9B,0xFF,0x9B,0xFF,0x9B,0xFF,0x9B,0xFF,0x9B,0xFF,0x9B,0xFF,0x9B,0xFF,
    0x9B,0xFF,0x9B,0xFF,0x9B,0xFF,0x9B,0xFF,0x9B,0xFF,0x9B,0xFF,0x9B,0xFF,0x9B,0xFF,
    0x9B,0xFF,0x9B,0xFF,0x9B,0xFF,0x9B,0xFF,0x9B,0xFF,0x9B,0xFF,0x9B,0xFF,0x9B,0xFF,
    0x9B,0xFF,0x9B,0xFF,0x9B,0xFF,0x9B,0xFF,0x9B,0xFF,0x9B,0xFF,0x9B,0xFF,0x9B,0xFF,
    0x9C,0xFF,0x9C,0xFF,0x9C,0xFF,0x9C,0xFF,0x9C,0xFF,0x9C,0xFF,0x9C,0xFF,0x9C,0xFF,
    0x9C,0xFF,0x9C,0xFF,0x9C,0xFF,0x9C,0xFF,0x9C,0xFF,0x9C,0xFF,0x9C,0xFF,0x9C,0xFF,
    0x9C,0xFF,0x9C,0xFF,0x9C,0xFF,0x9C,0xFF,0x9C,0xFF,0x9C,0xFF,0x9C,0xFF,0x9C,0xFF,
    0x9C,0xFF,0x9C,0xFF,0x9C,0xFF,0x9C,0xFF,0x9C,0xFF,0x9C,0xFF,0x9C,0xFF,0x9C,0xFF,
    0x9C,0xFF,0x9C,0xFF,0x9C,0xFF,0x9C,0xFF,0x9C,0xFF,0x9C,0xFF,0x9C,0xFF,0x9C,0xFF,
    0x9C,0xFF,0x9C,0xFF,0x9C,0xFF,0x9C,0xFF,0x9C,0xFF,0x9C,0xFF,0x9C,0xFF,0x9C,0xFF,
    0x9C,0xFF,0x9C,0xFF,0x9C,0xFF,0x9C,0xFF,0x9C,0xFF,0x9C,0xFF,0x9C,0xFF,0x9C,0xFF,
    0x9C,0xFF,0x9C,0xFF,0x9C,0xFF,0x9C,0xFF,0x9C,0xFF,0x9C,0xFF,0x9C,0xFF,0x9C,0xFF,
    0x9C,0xFF,0x9C,0xFF,0x9C,0xFF,0x9C,0xFF,0x9C,0xFF,0x9C,0xFF,0x9C,0xFF,0x9C,0xFF,
    0x9C,0xFF,0x9C,0xFF,0x9C,0xFF,0x9C,0xFF,0x9C,0xFF,0x9C,0xFF,0x9C,0xFF,0x9C,0xFF,
    0x9C,0xFF,0x9C,0xFF,0x9C,0xFF,0x9C,0xFF,0x9C,0xFF,0x9C,0xFF,0x9C,0xFF,0x9C,0xFF,
    0x9C,0xFF,0x9C,0xFF,0x9C,0xFF,0x9C,0xFF,0x9C,0xFF,0x9C,0xFF,0x9C,0xFF,0x9B,0xFF,
    0x9B,0xFF,0x9B,0xFF,0x9B,0xFF,0x9B,0xFF,0x9B,0xFF,0x9B,0xFF,0x9B,0xFF,0x9B,0xFF,
    0x9B,0xFF,0x9B,0xFF,0x9B,0xFF,0x9B,0xFF,0x9B,0xFF,0x9B,0xFF,0x9B,0xFF,0x9B,0xFF,
    0x9B,0xFF,0x9B,0xFF,0x9B,0xFF,0x9B,0xFF,0x9B,0xFF,0x9B,0xFF,0x9B,0xFF,0x9B,0xFF,
    0x9B,0xFF,0x9B,0xFF,0x9B,0xFF,0x9B,0xFF,0x9B,0xFF,0x9B,0xFF,0x9B,0xFF,0x9B,0xFF,
    0x9B,0xFF,0x9B,0xFF,0x9B,0xFF,0x9B,0xFF,0x9B,0xFF,0x9B,0xFF,0x9B,0xFF,0x9B,0xFF,
    0x9B,0xFF,0x9B,0xFF,0x9B,0xFF,0x9B,0xFF,0x9B,0xFF,0x9B,0xFF,0x9B,0xFF,0x9B,0xFF,
    0x9B,0xFF,0x9B,0xFF,0x9B,0xFF,0x9B,0xFF,0x9B,0xFF,0x9B,0xFF,0x9B,0xFF,0x9B,0xFF,
    0x9B,0xFF,0x9B,0xFF,0x9B,0xFF,0x9B,0xFF,0x9B,0xFF,0x9B,0xFF,0x9B,0xFF,0x9B,0xFF,
    0x9B,0xFF,0x9B,0xFF,0x9B,0xFF,0x9B,0xFF,0x9B,0xFF,0x9B,0xFF,0x9B,0xFF,0x9B,0xFF,
    0x9B,0xFF,0x9B,0xFF,0x9B,0xFF,0x9B,0xFF,0x9B,0xFF,0x9B,0xFF,0x9B,0xFF,0x9B,0xFF,
    0x9B,0xFF,0x9B,0xFF,0x9C,0xFF,0x9C,0xFF,0x9C,0xFF,0x9C,0xFF,0x9C,0xFF,0x9C,0xFF,
    0x9C,0xFF,0x9C,0xFF,0x9C,0xFF,0x9C,0xFF,0x9C,0xFF,0x9C,0xFF,0x9C,0xFF,0x9C,0xFF,
    0x9C,0xFF,0x9C,0xFF,0x9C,0xFF,0x9C,0xFF,0x9C,0xFF,0x9C,0xFF,0x9C,0xFF,0x9C,0xFF,
    0x9C,0xFF,0x9C,0xFF,0x9C,0xFF,0x9C,0xFF,0x9C,0xFF,0x9C,0xFF,0x9C,0xFF,0x9C,0xFF,
    0x9C,0xFF,0x9C,0xFF,0x9C,0xFF,0x9C,0xFF,0x9C,0xFF,0x9C,0xFF,0x9C,0xFF,0x9C,0xFF,
    0x9C,0xFF,0x9C,0xFF,0x9C,0xFF,0x9C,0xFF,0x9C,0xFF,0x9C,0xFF,0x9C,0xFF,0x9C,0xFF,
    0x9C,0xFF,0x9C,0xFF,0x9C,0xFF,0x9C,0xFF,0x9C,0xFF,0x9C,0xFF,0x9C,0xFF,0x9C,0xFF,
    0x9C,0xFF,0x9C,0xFF,0x9C,0xFF,0x9C,0xFF,0x9C,0xFF,0x9C,0xFF,0x9C,0xFF,0x9C,0xFF,
    0x9C,0xFF,0x9C,0xFF,0x9C,0xFF,0x9C,0xFF,0x9C,0xFF,0x9C,0xFF,0x9C,0xFF,0x9C,0xFF,
    0x9C,0xFF,0x9C,0xFF,0x9C,0xFF,0x9C,0xFF,0x9C,0xFF,0x9C,0xFF,0x9C,0xFF,0x9C,0xFF,
    0x9C,0xFF,0x9C,0xFF,0x9C,0xFF,0x9C,0xFF,0x9C,0xFF,0x9C,0xFF,0x9C,0xFF,0x9C,0xFF,
    0x9C,0xFF,0x9C,0xFF,0x9C,0xFF,0x9C,0xFF,0x9C,0xFF,0x9B,0xFF,0x9B,0xFF,0x9B,0xFF,
    0x9B,0xFF,0x9B,0xFF,0x9B,0xFF,0x9B,0xFF,0x9B,0xFF,0x9B,0xFF,0x9B,0xFF,0x9B,0xFF,
    0x9B,0xFF,0x9B,0xFF,0x9B,0xFF,0x9B,0xFF,0x9B,0xFF,0x9B,0xFF,0x9B,0xFF,0x9B,0xFF,
    0x9B,0xFF,0x9B,0xFF,0x9B,0xFF,0x9B,0xFF,0x9B,0xFF,0x9B,0xFF,0x9B,0xFF,0x9B,0xFF,
    0x9B,0xFF,0x9B,0xFF,0x9B,0xFF,0x9B,0xFF,0x9B,0xFF,0x9B,0xFF,0x9B,0xFF,0x9B,0xFF,
    0x9B,0xFF,0x9B,0xFF,0x7B,0xFF,0x7B,0xFF,0x7B,0xFF,0x7B,0xFF,0x7B,0xFF,0x7B,0xFF,
    0x7B,0xFF,0x7B,0xFF,0x7B,0xFF,0x7B,0xFF,0x7B,0xFF,0x7B,0xFF,0x7B,0xFF,0x9B,0xFF,
    0x9B,0xFF,0x9B,0xFF,0x9B,0xFF,0x9B,0xFF,0x9B,0xFF,0x9B,0xFF,0x9B,0xFF,0x9B,0xFF,
    0x9B,0xFF,0x9B,0xFF,0x9B,0xFF,0x9B,0xFF,0x9B,0xFF,0x9B,0xFF,0x9B,0xFF,0x9B,0xFF,
    0x9B,0xFF,0x9B,0xFF,0x9B,0xFF,0x9B,0xFF,0x9B,0xFF,0x9B,0xFF,0x9B,0xFF,0x9B,0xFF,
    0x9B,0xFF,0x9B,0xFF,0x9B,0xFF,0x9B,0xFF,0x9B,0xFF,0x9B,0xFF,0x9B,0xFF,0x9B,0xFF,
    0x9B,0xFF,0x9B,0xFF,0x9B,0xFF,0x9B,0xFF,0x9C,0xFF,0x9C,0xFF,0x9C,0xFF,0x9C,0xFF,
    0x9C,0xFF,0x9C,0xFF,0x9C,0xFF,0x9C,0xFF,0x9C,0xFF,0x9C,0xFF,0x9C,0xFF,0x9C,0xFF,
    0x9C,0xFF,0x9C,0xFF,0x9C,0xFF,0x9C,0xFF,0x9C,0xFF,0x9C,0xFF,0x9C,0xFF,0x9C,0xFF,
    0x9C,0xFF,0x9C,0xFF,0x9C,0xFF,0x9C,0xFF,0x9C,0xFF,0x9C,0xFF,0x9C,0xFF,0x9C,0xFF,
    0x9C,0xFF,0x9C,0xFF,0x9C,0xFF,0x9C,0xFF,0x9C,0xFF,0x9C,0xFF,0x9C,0xFF,0x9C,0xFF,
    0x9C,0xFF,0x9C,0xFF,0x9C,0xFF,0x9C,0xFF,0x9C,0xFF,0x9C,0xFF,0x9C,0xFF,0x9C,0xFF,
    0x9C,0xFF,0x9C,0xFF,0x9C,0xFF,0x9C,0xFF,0x9C,0xFF,0x9C,0xFF,0x9C,0xFF,0x9C,0xFF,
    0x9C,0xFF,0x9C,0xFF,0x9C,0xFF,0x9C,0xFF,0x9C,0xFF,0x9C,0xFF,0x9C,0xFF,0x9C,0xFF,
    0x9C,0xFF,0x9C,0xFF,0x9C,0xFF,0x9C,0xFF,0x9C,0xFF,0x9C,0xFF,0x9C,0xFF,0x9C,0xFF,
    0x9C,0xFF,0x9C,0xFF,0x9C,0xFF,0x9C,0xFF,0x9C,0xFF,0x9C,0xFF,0x9C,0xFF,0x9C,0xFF,
    0x9C,0xFF,0x9C,0xFF,0x9C,0xFF,0x9C,0xFF,0x9C,0xFF,0x9C,0xFF,0x9C,0xFF,0x9C,0xFF,
    0x9C,0xFF,0x9C,0xFF,0x9C,0xFF,0x9B,0xFF,0x9B,0xFF,0x9B,0xFF,0x9B,0xFF,0x9B,0xFF,
    0x9B,0xFF,0x9B,0xFF,0x9B,0xFF,0x9B,0xFF,0x9B,0xFF,0x9B,0xFF,0x9B,0xFF,0x9B,0xFF,
    0x9B,0xFF,0x9B,0xFF,0x9B,0xFF,0x9B,0xFF,0x9B,0xFF,0x9B,0xFF,0x9B,0xFF,0x9B,0xFF,
    0x9B,0xFF,0x9B,0xFF,0x9B,0xFF,0x9B,0xFF,0x9B,0xFF,0x9B,0xFF,0x9B,0xFF,0x9B,0xFF,
    0x9B,0xFF,0x9B,0xFF,0x7B,0xFF,0x7B,0xFF,0x7B,0xFF,0x7A,0xFF,0x7A,0xFF,0x7A,0xFF,
    0x7A,0xFF,0x7A,0xFF,0x7A,0xFF,0x7A,0xFF,0x7A,0xFF,0x7A,0xFF,0x7A,0xFF,0x7A,0xFF,
    0x7A,0xFF,0x7A,0xFF,0x7A,0xFF,0x7A,0xFF,0x7A,0xFF,0x7A,0xFF,0x7A,0xFF,0x7A,0xFF,
    0x7A,0xFF,0x7A,0xFF,0x7A,0xFF,0x7A,0xFF,0x7B,0xFF,0x7B,0xFF,0x7B,0xFF,0x9B,0xFF,
    0x9B,0xFF,0x9B,0xFF,0x9B,0xFF,0x9B,0xFF,0x9B,0xFF,0x9B,0xFF,0x9B,0xFF,0x9B,0xFF,
    0x9B,0xFF,0x9B,0xFF,0x9B,0xFF,0x9B,0xFF,0x9B,0xFF,0x9B,0xFF,0x9B,0xFF,0x9B,0xFF,
    0x9B,0xFF,0x9B,0xFF,0x9B,0xFF,0x9B,0xFF,0x9B,0xFF,0x9B,0xFF,0x9B,0xFF,0x9B,0xFF,
    0x9B,0xFF,0x9B,0xFF,0x9B,0xFF,0x9B,0xFF,0x9B,0xFF,0x9B,0xFF,0x9C,0xFF,0x9C,0xFF,
    0x9C,0xFF,0x9C,0xFF,0x9C,0xFF,0x9C,0xFF,0x9C,0xFF,0x9C,0xFF,0x9C,0xFF,0x9C,0xFF,
    0x9C,0xFF,0x9C,0xFF,0x9C,0xFF,0x9C,0xFF,0x9C,0xFF,0x9C,0xFF,0x9C,0xFF,0x9C,0xFF,
    0x9C,0xFF,0x9C,0xFF,0x9C,0xFF,0x9C,0xFF,0x9C,0xFF,0x9C,0xFF,0x9C,0xFF,0x9C,0xFF,
    0x9C,0xFF,0x9C,0xFF,0x9C,0xFF,0x9C,0xFF,0x9C,0xFF,0x9C,0xFF,0x9C,0xFF,0x9C,0xFF,
    0x9C,0xFF,0x9C,0xFF,0x9C,0xFF,0x9C,0xFF,0x9C,0xFF,0x9C,0xFF,0x9C,0xFF,0x9C,0xFF,
    0x9C,0xFF,0x9C,0xFF,0x9C,0xFF,0x9C,0xFF,0x9C,0xFF,0x9C,0xFF,0x9C,0xFF,0x9C,0xFF,
    0x9C,0xFF,0x9C,0xFF,0x9C,0xFF,0x9C,0xFF,0x9C,0xFF,0x9C,0xFF,0x9C,0xFF,0x9C,0xFF,
    0x9C,0xFF,0x9C,0xFF,0x9C,0xFF,0x9C,0xFF,0x9C,0xFF,0x9C,0xFF,0x9C,0xFF,0x9C,0xFF,
    0x9C,0xFF,0x9C,0xFF,0x9C,0xFF,0x9C,0xFF,0x9C,0xFF,0x9C,0xFF,0x9C,0xFF,0x9C,0xFF,
    0x9C,0xFF,0x9C,0xFF,0x9C,0xFF,0x9C,0xFF,0x9C,0xFF,0x9C,0xFF,0x9C,0xFF,0x9C,0xFF,
    0x9C,0xFF,0x9B,0xFF,0x9B,0xFF,0x9B,0xFF,0x9B,0xFF,0x9B,0xFF,0x9B,0xFF,0x9B,0xFF,
    0x9B,0xFF,0x9B,0xFF,0x9B,0xFF,0x9B,0xFF,0x9B,0xFF,0x9B,0xFF,0x9B,0xFF,0x9B,0xFF,
    0x9B,0xFF,0x9B,0xFF,0x9B,0xFF,0x9B,0xFF,0x9B,0xFF,0x9B,0xFF,0x9B,0xFF,0x9B,0xFF,
    0x9B,0xFF,0x9B,0xFF,0x9B,0xFF,0x9B,0xFF,0x9B,0xFF,0x7B,0xFF,0x7B,0xFF,0x7A,0xFF,
    0x7A,0xFF,0x7A,0xFF,0x7A,0xFF,0x7A,0xFF,0x7A,0xFF,0x7A,0xFF,0x7A,0xFF,0x7A,0xFF,
    0x7A,0xFF,0x7A,0xFF,0x7A,0xFF,0x7A,0xFF,0x7A,0xFF,0x7A,0xFF,0x7A,0xFF,0x7A,0xFF,
    0x7A,0xFF,0x7A,0xFF,0x7A,0xFF,0x7A,0xFF,0x7A,0xFF,0x7A,0xFF,0x7A,0xFF,0x7A,0xFF,
    0x7A,0xFF,0x7A,0xFF,0x7A,0xFF,0x7A,0xFF,0x7A,0xFF,0x7A,0xFF,0x7A,0xFF,0x7A,0xFF,
    0x7A,0xFF,0x7A,0xFF,0x7B,0xFF,0x7B,0xFF,0x9B,0xFF,0x9B,0xFF,0x9B,0xFF,0x9B,0xFF,
    0x9B,0xFF,0x9B,0xFF,0x9B,0xFF,0x9B,0xFF,0x9B,0xFF,0x9B,0xFF,0x9B,0xFF,0x9B,0xFF,
    0x9B,0xFF,0x9B,0xFF,0x9B,0xFF,0x9B,0xFF,0x9B,0xFF,0x9B,0xFF,0x9B,0xFF,0x9B,0xFF,
    0x9B,0xFF,0x9B,0xFF,0x9B,0xFF,0x9B,0xFF,0x9B,0xFF,0x9B,0xFF,0x9B,0xFF,0x9B,0xFF,
    0x9C,0xFF,0x9C,0xFF,0x9C,0xFF,0x9C,0xFF,0x9C,0xFF,0x9C,0xFF,0x9C,0xFF,0x9C,0xFF,
    0x9C,0xFF,0x9C,0xFF,0x9C,0xFF,0x9C,0xFF,0x9C,0xFF,0x9C,0xFF,0x9C,0xFF,0x9C,0xFF,
    0x9C,0xFF,0x9C,0xFF,0x9C,0xFF,0x9C,0xFF,0x9C,0xFF,0x9C,0xFF,0x9C,0xFF,0x9C,0xFF,
    0x9C,0xFF,0x9C,0xFF,0x9C,0xFF,0x9C,0xFF,0x9C,0xFF,0x9C,0xFF,0x9C,0xFF,0x9C,0xFF,
    0x9C,0xFF,0x9C,0xFF,0x9C,0xFF,0x9C,0xFF,0x9C,0xFF,0x9C,0xFF,0x9C,0xFF,0x9C,0xFF,
    0x9C,0xFF,0x9C,0xFF,0x9C,0xFF,0x9C,0xFF,0x9C,0xFF,0x9C,0xFF,0x9C,0xFF,0x9C,0xFF,
    0x9C,0xFF,0x9C,0xFF,0x9C,0xFF,0x9C,0xFF,0x9C,0xFF,0x9C,0xFF,0x9C,0xFF,0x9C,0xFF,
    0x9C,0xFF,0x9C,0xFF,0x9C,0xFF,0x9C,0xFF,0x9C,0xFF,0x9C,0xFF,0x9C,0xFF,0x9C,0xFF,
    0x9C,0xFF,0x9C,0xFF,0x9C,0xFF,0x9C,0xFF,0x9C,0xFF,0x9C,0xFF,0x9C,0xFF,0x9C,0xFF,
    0x9C,0xFF,0x9C,0xFF,0x9C,0xFF,0x9C,0xFF,0x9C,0xFF,0x9C,0xFF,0x9C,0xFF,0x9C,0xFF,
    0x9B,0xFF,0x9B,0xFF,0x9B,0xFF,0x9B,0xFF,0x9B,0xFF,0x9B,0xFF,0x9B,0xFF,0x9B,0xFF,
    0x9B,0xFF,0x9B,0xFF,0x9B,0xFF,0x9B,0xFF,0x9B,0xFF,0x9B,0xFF,0x9B,0xFF,0x9B,0xFF,
    0x9B,0xFF,0x9B,0xFF,0x9B,0xFF,0x9B,0xFF,0x9B,0xFF,0x9B,0xFF,0x9B,0xFF,0x9B,0xFF,
    0x9B,0xFF,0x9B,0xFF,0x7B,0xFF,0x7B,0xFF,0x7A,0xFF,0x7A,0xFF,0x7A,0xFF,0x7A,0xFF,
    0x7A,0xFF,0x7A,0xFF,0x7A,0xFF,0x7A,0xFF,0x7A,0xFF,0x7A,0xFF,0x7A,0xFF,0x7A,0xFF,
    0x7A,0xFF,0x7A,0xFF,0x7A,0xFF,0x7A,0xFF,0x7A,0xFF,0x7A,0xFF,0x7A,0xFF,0x7A,0xFF,
    0x7A,0xFF,0x7A,0xFF,0x7A,0xFF,0x7A,0xFF,0x7A,0xFF,0x7A,0xFF,0x7A,0xFF,0x7A,0xFF,
    0x7A,0xFF,0x7A,0xFF,0x7A,0xFF,0x7A,0xFF,0x7A,0xFF,0x7A,0xFF,0x7A,0xFF,0x7A,0xFF,
    0x7A,0xFF,0x7A,0xFF,0x7A,0xFF,0x7A,0xFF,0x7A,0xFF,0x7B,0xFF,0x7B,0xFF,0x9B,0xFF,
    0x9B,0xFF,0x9B,0xFF,0x9B,0xFF,0x9B,0xFF,0x9B,0xFF,0x9B,0xFF,0x9B,0xFF,0x9B,0xFF,
    0x9B,0xFF,0x9B,0xFF,0x9B,0xFF,0x9B,0xFF,0x9B,0xFF,0x9B,0xFF,0x9B,0xFF,0x9B,0xFF,
    0x9B,0xFF,0x9B,0xFF,0x9B,0xFF,0x9B,0xFF,0x9B,0xFF,0x9B,0xFF,0x9B,0xFF,0x9B,0xFF,
    0x9B,0xFF,0x9C,0xFF,0x9C,0xFF,0x9C,0xFF,0x9C,0xFF,0x9C,0xFF,0x9C,0xFF,0x9C,0xFF,
    0x9C,0xFF,0x9C,0xFF,0x9C,0xFF,0x9C,0xFF,0x9C,0xFF,0x9C,0xFF,0x9C,0xFF,0x9C,0xFF,
    0x9C,0xFF,0x9C,0xFF,0x9C,0xFF,0x9C,0xFF,0x9C,0xFF,0x9C,0xFF,0x9C,0xFF,0x9C,0xFF,
    0x9C,0xFF,0x9C,0xFF,0x9C,0xFF,0x9C,0xFF,0x9C,0xFF,0x9C,0xFF,0x9C,0xFF,0x9C,0xFF,
    0x9C,0xFF,0x9C,0xFF,0x9C,0xFF,0x9C,0xFF,0x9C,0xFF,0x9C,0xFF,0x9C,0xFF,0x9C,0xFF,
    0x9C,0xFF,0x9C,0xFF,0x9C,0xFF,0x9C,0xFF,0x9C,0xFF,0x9C,0xFF,0x9C,0xFF,0x9C,0xFF,
    0x9C,0xFF,0x9C,0xFF,0x9C,0xFF,0x9C,0xFF,0x9C,0xFF,0x9C,0xFF,0x9C,0xFF,0x9C,0xFF,
    0x9C,0xFF,0x9C,0xFF,0x9C,0xFF,0x9C,0xFF,0x9C,0xFF,0x9C,0xFF,0x9C,0xFF,0x9C,0xFF,
    0x9C,0xFF,0x9C,0xFF,0x9C,0xFF,0x9C,0xFF,0x9C,0xFF,0x9C,0xFF,0x9C,0xFF,0x9C,0xFF,
    0x9C,0xFF,0x9C,0xFF,0x9C,0xFF,0x9C,0xFF,0x9C,0xFF,0x9C,0xFF,0x9B,0xFF,0x9B,0xFF,
    0x9B,0xFF,0x9B,0xFF,0x9B,0xFF,0x9B,0xFF,0x9B,0xFF,0x9B,0xFF,0x9B,0xFF,0x9B,0xFF,
    0x9B,0xFF,0x9B,0xFF,0x9B,0xFF,0x9B,0xFF,0x9B,0xFF,0x9B,0xFF,0x9B,0xFF,0x9B,0xFF,
    0x9B,0xFF,0x9B,0xFF,0x9B,0xFF,0x9B,0xFF,0x9B,0xFF,0x9B,0xFF,0x9B,0xFF,0x7B,0xFF,
    0x7A,0xFF,0x7A,0xFF,0x7A,0xFF,0x7A,0xFF,0x7A,0xFF,0x7A,0xFF,0x7A,0xFF,0x7A,0xFF,
    0x7A,0xFF,0x7A,0xFF,0x7A,0xFF,0x7A,0xFF,0x7A,0xFF,0x7A,0xFF,0x7A,0xFF,0x7A,0xFF,
    0x7A,0xFF,0x7A,0xFF,0x7A,0xFF,0x7A,0xFF,0x7A,0xFF,0x7A,0xFF,0x7A,0xFF,0x7A,0xFF,
    0x7A,0xFF,0x7A,0xFF,0x7A,0xFF,0x7A,0xFF,0x7A,0xFF,0x7A,0xFF,0x7A,0xFF,0x7A,0xFF,
    0x7A,0xFF,0x7A,0xFF,0x7A,0xFF,0x7A,0xFF,0x7A,0xFF,0x7A,0xFF,0x7A,0xFF,0x7A,0xFF,
    0x7A,0xFF,0x7A,0xFF,0x7A,0xFF,0x7A,0xFF,0x7A,0xFF,0x7A,0xFF,0x7A,0xFF,0x7A,0xFF,
    0x7A,0xFF,0x7B,0xFF,0x9B,0xFF,0x9B,0xFF,0x9B,0xFF,0x9B,0xFF,0x9B,0xFF,0x9B,0xFF,
    0x9B,0xFF,0x9B,0xFF,0x9B,0xFF,0x9B,0xFF,0x9B,0xFF,0x9B,0xFF,0x9B,0xFF,0x9B,0xFF,
    0x9B,0xFF,0x9B,0xFF,0x9B,0xFF,0x9B,0xFF,0x9B,0xFF,0x9B,0xFF,0x9B,0xFF,0x9B,0xFF,
    0x9B,0xFF,0x9B,0xFF,0x9B,0xFF,0x9C,0xFF,0x9C,0xFF,0x9C,0xFF,0x9C,0xFF,0x9C,0xFF,
    0x9C,0xFF,0x9C,0xFF,0x9C,0xFF,0x9C,0xFF,0x9C,0xFF,0x9C,0xFF,0x9C,0xFF,0x9C,0xFF,
    0x9C,0xFF,0x9C,0xFF,0x9C,0xFF,0x9C,0xFF,0x9C,0xFF,0x9C,0xFF,0x9C,0xFF,0x9C,0xFF,
    0x9C,0xFF,0x9C,0xFF,0x9C,0xFF,0x9C,0xFF,0x9C,0xFF,0x9C,0xFF,0x9C,0xFF,0x9C,0xFF,
    0x9C,0xFF,0x9C,0xFF,0x9C,0xFF,0x9C,0xFF,0x9C,0xFF,0x9C,0xFF,0x9C,0xFF,0x9C,0xFF,
    0x9C,0xFF,0x9C,0xFF,0x9C,0xFF,0x9C,0xFF,0x9C,0xFF,0x9C,0xFF,0x9C,0xFF,0x9C,0xFF,
    0x9C,0xFF,0x9C,0xFF,0x9C,0xFF,0x9C,0xFF,0x9C,0xFF,0x9C,0xFF,0x9C,0xFF,0x9C,0xFF,
    0x9C,0xFF,0x9C,0xFF,0x9C,0xFF,0x9C,0xFF,0x9C,0xFF,0x9C,0xFF,0x9C,0xFF,0x9C,0xFF,
    0x9C,0xFF,0x9C,0xFF,0x9C,0xFF,0x9C,0xFF,0x9C,0xFF,0x9C,0xFF,0x9C,0xFF,0x9C,0xFF,
    0x9C,0xFF,0x9C,0xFF,0x9C,0xFF,0x9C,0xFF,0x9C,0xFF,0x9B,0xFF,0x9B,0xFF,0x9B,0xFF,
    0x9B,0xFF,0x9B,0xFF,0x9B,0xFF,0x9B,0xFF,0x9B,0xFF,0x9B,0xFF,0x9B,0xFF,0x9B,0xFF,
    0x9B,0xFF,0x9B,0xFF,0x9B,0xFF,0x9B,0xFF,0x9B,0xFF,0x9B,0xFF,0x9B,0xFF,0x9B,0xFF,
    0x9B,0xFF,0x9B,0xFF,0x9B,0xFF,0x9B,0xFF,0x7B,0xFF,0x7B,0xFF,0x7A,0xFF,0x7A,0xFF,
    0x7A,0xFF,0x7A,0xFF,0x7A,0xFF,0x7A,0xFF,0x7A,0xFF,0x7A,0xFF,0x7A,0xFF,0x7A,0xFF,
    0x7A,0xFF,0x7A,0xFF,0x7A,0xFF,0x7A,0xFF,0x7A,0xFF,0x7A,0xFF,0x7A,0xFF,0x7A,0xFF,
    0x7A,0xFF,0x7A,0xFF,0x7A,0xFF,0x7A,0xFF,0x7A,0xFF,0x7A,0xFF,0x7A,0xFF,0x7A,0xFF,
    0x7A,0xFF,0x7A,0xFF,0x7A,0xFF,0x7A,0xFF,0x7A,0xFF,0x7A,0xFF,0x7A,0xFF,0x7A,0xFF,
    0x7A,0xFF,0x7A,0xFF,0x7A,0xFF,0x7A,0xFF,0x7A,0xFF,0x7A,0xFF,0x7A,0xFF,0x7A,0xFF,
    0x7A,0xFF,0x7A,0xFF,0x7A,0xFF,0x7A,0xFF,0x7A,0xFF,0x7A,0xFF,0x7A,0xFF,0x7A,0xFF,
    0x7A,0xFF,0x7A,0xFF,0x7A,0xFF,0x7B,0xFF,0x7B,0xFF,0x9B,0xFF,0x9B,0xFF,0x9B,0xFF,
    0x9B,0xFF,0x9B,0xFF,0x9B,0xFF,0x9B,0xFF,0x9B,0xFF,0x9B,0xFF,0x9B,0xFF,0x9B,0xFF,
    0x9B,0xFF,0x9B,0xFF,0x9B,0xFF,0x9B,0xFF,0x9B,0xFF,0x9B,0xFF,0x9B,0xFF,0x9B,0xFF,
    0x9B,0xFF,0x9B,0xFF,0x9B,0xFF,0x9B,0xFF,0x9C,0xFF,0x9C,0xFF,0x9C,0xFF,0x9C,0xFF,
    0x9C,0xFF,0x9C,0xFF,0x9C,0xFF,0x9C,0xFF,0x9C,0xFF,0x9C,0xFF,0x9C,0xFF,0x9C,0xFF,
    0x9C,0xFF,0x9C,0xFF,0x9C,0xFF,0x9C,0xFF,0x9C,0xFF,0x9C,0xFF,0x9C,0xFF,0x9C,0xFF,
    0x9C,0xFF,0x9C,0xFF,0x9C,0xFF,0x9C,0xFF,0x9C,0xFF,0x9C,0xFF,0x9C,0xFF,0x9C,0xFF,
    0x9C,0xFF,0x9C,0xFF,0x9C,0xFF,0x9C,0xFF,0x9C,0xFF,0x9C,0xFF,0x9C,0xFF,0x9C,0xFF,
    0x9C,0xFF,0x9C,0xFF,0x9C,0xFF,0x9C,0xFF,0x9C,0xFF,0x9C,0xFF,0x9C,0xFF,0x9C,0xFF,
    0x9C,0xFF,0x9C,0xFF,0x9C,0xFF,0x9C,0xFF,0x9C,0xFF,0x9C,0xFF,0x9C,0xFF,0x9C,0xFF,
    0x9C,0xFF,0x9C,0xFF,0x9C,0xFF,0x9C,0xFF,0x9C,0xFF,0x9C,0xFF,0x9C,0xFF,0x9C,0xFF,
    0x9C,0xFF,0x9C,0xFF,0x9C,0xFF,0x9C,0xFF,0x9C,0xFF,0x9C,0xFF,0x9C,0xFF,0x9C,0xFF,
    0x9C,0xFF,0x9C,0xFF,0x9C,0xFF,0x9C,0xFF,0x9B,0xFF,0x9B,0xFF,0x9B,0xFF,0x9B,0xFF,
    0x9B,0xFF,0x9B,0xFF,0x9B,0xFF,0x9B,0xFF,0x9B,0xFF,0x9B,0xFF,0x9B,0xFF,0x9B,0xFF,
    0x9B,0xFF,0x9B,0xFF,0x9B,0xFF,0x9B,0xFF,0x9B,0xFF,0x9B,0xFF,0x9B,0xFF,0x9B,0xFF,
    0x9B,0xFF,0x9B,0xFF,0x7B,0xFF,0x7A,0xFF,0x7A,0xFF,0x7A,0xFF,0x7A,0xFF,0x7A,0xFF,
    0x7A,0xFF,0x7A,0xFF,0x7A,0xFF,0x7A,0xFF,0x7A,0xFF,0x7A,0xFF,0x7A,0xFF,0x7A,0xFF,
    0x7A,0xFF,0x7A,0xFF,0x7A,0xFF,0x7A,0xFF,0x7A,0xFF,0x7A,0xFF,0x7A,0xFF,0x7A,0xFF,
    0x7A,0xFF,0x7A,0xFF,0x7A,0xFF,0x7A,0xFF,0x7A,0xFF,0x7A,0xFF,0x7A,0xFF,0x7A,0xFF,
    0x7A,0xFF,0x7A,0xFF,0x7A,0xFF,0x7A,0xFF,0x7A,0xFF,0x7A,0xFF,0x7A,0xFF,0x7A,0xFF,
    0x7A,0xFF,0x7A,0xFF,0x7A,0xFF,0x7A,0xFF,0x7A,0xFF,0x7A,0xFF,0x7A,0xFF,0x7A,0xFF,
    0x7A,0xFF,0x7A,0xFF,0x7A,0xFF,0x7A,0xFF,0x7A,0xFF,0x7A,0xFF,0x7A,0xFF,0x7A,0xFF,
    0x7A,0xFF,0x7A,0xFF,0x7A,0xFF,0x7A,0xFF,0x7A,0xFF,0x7A,0xFF,0x7B,0xFF,0x9B,0xFF,
    0x9B,0xFF,0x9B,0xFF,0x9B,0xFF,0x9B,0xFF,0x9B,0xFF,0x9B,0xFF,0x9B,0xFF,0x9B,0xFF,
    0x9B,0xFF,0x9B,0xFF,0x9B,0xFF,0x9B,0xFF,0x9B,0xFF,0x9B,0xFF,0x9B,0xFF,0x9B,0xFF,
    0x9B,0xFF,0x9B,0xFF,0x9B,0xFF,0x9B,0xFF,0x9B,0xFF,0x9C,0xFF,0x9C,0xFF,0x9C,0xFF,
    0x9C,0xFF,0x9C,0xFF,0x9C,0xFF,0x9C,0xFF,0x9C,0xFF,0x9C,0xFF,0x9C,0xFF,0x9C,0xFF,
    0x9C,0xFF,0x9C,0xFF,0x9C,0xFF,0x9C,0xFF,0x9C,0xFF,0x9C,0xFF,0x9C,0xFF,0x9C,0xFF,
    0x9C,0xFF,0x9C,0xFF,0x9C,0xFF,0x9C,0xFF,0x9C,0xFF,0x9C,0xFF,0x9C,0xFF,0x9C,0xFF,
    0x9C,0xFF,0x9C,0xFF,0x9C,0xFF,0x9C,0xFF,0x9C,0xFF,0x9C,0xFF,0x9C,0xFF,0x9C,0xFF,
    0x9C,0xFF,0x9C,0xFF,0x9C,0xFF,0x9C,0xFF,0x9C,0xFF,0x9C,0xFF,0x9C,0xFF,0x9C,0xFF,
    0x9C,0xFF,0x9C,0xFF,0x9C,0xFF,0x9C,0xFF,0x9C,0xFF,0x9C,0xFF,0x9C,0xFF,0x9C,0xFF,
    0x9C,0xFF,0x9C,0xFF,0x9C,0xFF,0x9C,0xFF,0x9C,0xFF,0x9C,0xFF,0x9C,0xFF,0x9C,0xFF,
    0x9C,0xFF,0x9C,0xFF,0x9C,0xFF,0x9C,0xFF,0x9C,0xFF,0x9C,0xFF,0x9C,0xFF,0x9C,0xFF,
    0x9C,0xFF,0x9C,0xFF,0x9C,0xFF,0x9B,0xFF,0x9B,0xFF,0x9B,0xFF,0x9B,0xFF,0x9B,0xFF,
    0x9B,0xFF,0x9B,0xFF,0x9B,0xFF,0x9B,0xFF,0x9B,0xFF,0x9B,0xFF,0x9B,0xFF,0x9B,0xFF,
    0x9B,0xFF,0x9B,0xFF,0x9B,0xFF,0x9B,0xFF,0x9B,0xFF,0x9B,0xFF,0x9B,0xFF,0x9B,0xFF,
    0x7B,0xFF,0x7A,0xFF,0x7A,0xFF,0x7A,0xFF,0x7A,0xFF,0x7A,0xFF,0x7A,0xFF,0x7A,0xFF,
    0x7A,0xFF,0x7A,0xFF,0x7A,0xFF,0x7A,0xFF,0x7A,0xFF,0x7A,0xFF,0x7A,0xFF,0x7A,0xFF,
    0x7A,0xFF,0x7A,0xFF,0x7A,0xFF,0x7A,0xFF,0x7A,0xFF,0x7A,0xFF,0x79,0xFF,0x79,0xFF,
    0x79,0xFF,0x79,0xFF,0x79,0xFF,0x79,0xFF,0x79,0xFF,0x79,0xFF,0x79,0xFF,0x79,0xFF,
    0x79,0xFF,0x79,0xFF,0x79,0xFF,0x79,0xFF,0x79,0xFF,0x79,0xFF,0x79,0xFF,0x79,0xFF,
    0x79,0xFF,0x79,0xFF,0x79,0xFF,0x7A,0xFF,0x7A,0xFF,0x7A,0xFF,0x7A,0xFF,0x7A,0xFF,
    0x7A,0xFF,0x7A,0xFF,0x7A,0xFF,0x7A,0xFF,0x7A,0xFF,0x7A,0xFF,0x7A,0xFF,0x7A,0xFF,
    0x7A,0xFF,0x7A,0xFF,0x7A,0xFF,0x7A,0xFF,0x7A,0xFF,0x7A,0xFF,0x7A,0xFF,0x7A,0xFF,
    0x7B,0xFF,0x9B,0xFF,0x9B,0xFF,0x9B,0xFF,0x9B,0xFF,0x9B,0xFF,0x9B,0xFF,0x9B,0xFF,
    0x9B,0xFF,0x9B,0xFF,0x9B,0xFF,0x9B,0xFF,0x9B,0xFF,0x9B,0xFF,0x9B,0xFF,0x9B,0xFF,
    0x9B,0xFF,0x9B,0xFF,0x9B,0xFF,0x9B,0xFF,0x9B,0xFF,0x9B,0xFF,0x9C,0xFF,0x9C,0xFF,
    0x9C,0xFF,0x9C,0xFF,0x9C,0xFF,0x9C,0xFF,0x9C,0xFF,0x9C,0xFF,0x9C,0xFF,0x9C,0xFF,
    0x9C,0xFF,0x9C,0xFF,0x9C,0xFF,0x9C,0xFF,0x9C,0xFF,0x9C,0xFF,0x9C,0xFF,0x9C,0xFF,
    0x9C,0xFF,0x9C,0xFF,0x9C,0xFF,0x9C,0xFF,0x9C,0xFF,0x9C,0xFF,0x9C,0xFF,0x9C,0xFF,
    0x9C,0xFF,0x9C,0xFF,0x9C,0xFF,0x9C,0xFF,0x9C,0xFF,0x9C,0xFF,0x9C,0xFF,0x9C,0xFF,
    0x9C,0xFF,0x9C,0xFF,0x9C,0xFF,0x9C,0xFF,0x9C,0xFF,0x9C,0xFF,0x9C,0xFF,0x9C,0xFF,
    0x9C,0xFF,0x9C,0xFF,0x9C,0xFF,0x9C,0xFF,0x9C,0xFF,0x9C,0xFF,0x9C,0xFF,0x9C,0xFF,
    0x9C,0xFF,0x9C,0xFF,0x9C,0xFF,0x9C,0xFF,0x9C,0xFF,0x9C,0xFF,0x9C,0xFF,0x9C,0xFF,
    0x9C,0xFF,0x9C,0xFF,0x9C,0xFF,0x9C,0xFF,0x9C,0xFF,0x9C,0xFF,0x9C,0xFF,0x9C,0xFF,
    0x9C,0xFF,0x9B,0xFF,0x9B,0xFF,0x9B,0xFF,0x9B,0xFF,0x9B,0xFF,0x9B,0xFF,0x9B,0xFF,
    0x9B,0xFF,0x9B,0xFF,0x9B,0xFF,0x9B,0xFF,0x9B,0xFF,0x9B,0xFF,0x9B,0xFF,0x9B,0xFF,
    0x9B,0xFF,0x9B,0xFF,0x9B,0xFF,0x9B,0xFF,0x9B,0xFF,0x9B,0xFF,0x7B,0xFF,0x7A,0xFF,
    0x7A,0xFF,0x7A,0xFF,0x7A,0xFF,0x7A,0xFF,0x7A,0xFF,0x7A,0xFF,0x7A,0xFF,0x7A,0xFF,
    0x7A,0xFF,0x7A,0xFF,0x7A,0xFF,0x7A,0xFF,0x7A,0xFF,0x7A,0xFF,0x7A,0xFF,0x7A,0xFF,
    0x7A,0xFF,0x79,0xFF,0x79,0xFF,0x79,0xFF,0x79,0xFF,0x79,0xFF,0x79,0xFF,0x79,0xFF,
    0x79,0xFF,0x79,0xFF,0x79,0xFF,0x79,0xFF,0x79,0xFF,0x79,0xFF,0x79,0xFF,0x79,0xFF,
    0x79,0xFF,0x79,0xFF,0x79,0xFF,0x79,0xFF,0x79,0xFF,0x79,0xFF,0x79,0xFF,0x79,0xFF,
    0x79,0xFF,0x79,0xFF,0x79,0xFF,0x79,0xFF,0x79,0xFF,0x79,0xFF,0x79,0xFF,0x79,0xFF,
    0x7A,0xFF,0x7A,0xFF,0x7A,0xFF,0x7A,0xFF,0x7A,0xFF,0x7A,0xFF,0x7A,0xFF,0x7A,0xFF,
    0x7A,0xFF,0x7A,0xFF,0x7A,0xFF,0x7A,0xFF,0x7A,0xFF,0x7A,0xFF,0x7A,0xFF,0x7A,0xFF,
    0x7A,0xFF,0x7A,0xFF,0x7B,0xFF,0x9B,0xFF,0x9B,0xFF,0x9B,0xFF,0x9B,0xFF,0x9B,0xFF,
    0x9B,0xFF,0x9B,0xFF,0x9B,0xFF,0x9B,0xFF,0x9B,0xFF,0x9B,0xFF,0x9B,0xFF,0x9B,0xFF,
    0x9B,0xFF,0x9B,0xFF,0x9B,0xFF,0x9B,0xFF,0x9B,0xFF,0x9B,0xFF,0x9B,0xFF,0x9B,0xFF,
    0x9C,0xFF,0x9C,0xFF,0x9C,0xFF,0x9C,0xFF,0x9C,0xFF,0x9C,0xFF,0x9C,0xFF,0x9C,0xFF,
    0x9C,0xFF,0x9C,0xFF,0x9C,0xFF,0x9C,0xFF,0x9C,0xFF,0x9C,0xFF,0x9C,0xFF,0x9C,0xFF,
    0x9C,0xFF,0x9C,0xFF,0x9C,0xFF,0x9C,0xFF,0x9C,0xFF,0x9C,0xFF,0x9C,0xFF,0x9C,0xFF,
    0x9C,0xFF,0x9C,0xFF,0x9C,0xFF,0x9C,0xFF,0x9C,0xFF,0x9C,0xFF,0x9C,0xFF,0x9C,0xFF,
    0x9C,0xFF,0x9C,0xFF,0x9C,0xFF,0x9C,0xFF,0x9C,0xFF,0x9C,0xFF,0x9C,0xFF,0x9C,0xFF,
    0x9C,0xFF,0x9C,0xFF,0x9C,0xFF,0x9C,0xFF,0x9C,0xFF,0x9C,0xFF,0x9C,0xFF,0x9C,0xFF,
    0x9C,0xFF,0x9C,0xFF,0x9C,0xFF,0x9C,0xFF,0x9C,0xFF,0x9C,0xFF,0x9C,0xFF,0x9C,0xFF,
    0x9C,0xFF,0x9C,0xFF,0x9C,0xFF,0x9C,0xFF,0x9C,0xFF,0x9C,0xFF,0x9C,0xFF,0x9C,0xFF,
    0x9B,0xFF,0x9B,0xFF,0x9B,0xFF,0x9B,0xFF,0x9B,0xFF,0x9B,0xFF,0x9B,0xFF,0x9B,0xFF,
    0x9B,0xFF,0x9B,0xFF,0x9B,0xFF,0x9B,0xFF,0x9B,0xFF,0x9B,0xFF,0x9B,0xFF,0x9B,0xFF,
    0x9B,0xFF,0x9B,0xFF,0x9B,0xFF,0x9B,0xFF,0x9B,0xFF,0x7B,0xFF,0x7A,0xFF,0x7A,0xFF,
    0x7A,0xFF,0x7A,0xFF,0x7A,0xFF,0x7A,0xFF,0x7A,0xFF,0x7A,0xFF,0x7A,0xFF,0x7A,0xFF,
    0x7A,0xFF,0x7A,0xFF,0x7A,0xFF,0x7A,0xFF,0x7A,0xFF,0x7A,0xFF,0x79,0xFF,0x79,0xFF,
    0x79,0xFF,0x79,0xFF,0x79,0xFF,0x79,0xFF,0x79,0xFF,0x79,0xFF,0x79,0xFF,0x79,0xFF,
    0x79,0xFF,0x79,0xFF,0x79,0xFF,0x79,0xFF,0x79,0xFF,0x79,0xFF,0x79,0xFF,0x79,0xFF,
    0x79,0xFF,0x79,0xFF,0x79,0xFF,0x79,0xFF,0x79,0xFF,0x79,0xFF,0x79,0xFF,0x79,0xFF,
    0x79,0xFF,0x79,0xFF,0x79,0xFF,0x79,0xFF,0x79,0xFF,0x79,0xFF,0x79,0xFF,0x79,0xFF,
    0x79,0xFF,0x79,0xFF,0x79,0xFF,0x7A,0xFF,0x7A,0xFF,0x7A,0xFF,0x7A,0xFF,0x7A,0xFF,
    0x7A,0xFF,0x7A,0xFF,0x7A,0xFF,0x7A,0xFF,0x7A,0xFF,0x7A,0xFF,0x7A,0xFF,0x7A,0xFF,
    0x7A,0xFF,0x7A,0xFF,0x7A,0xFF,0x7B,0xFF,0x9B,0xFF,0x9B,0xFF,0x9B,0xFF,0x9B,0xFF,
    0x9B,0xFF,0x9B,0xFF,0x9B,0xFF,0x9B,0xFF,0x9B,0xFF,0x9B,0xFF,0x9B,0xFF,0x9B,0xFF,
    0x9B,0xFF,0x9B,0xFF,0x9B,0xFF,0x9B,0xFF,0x9B,0xFF,0x9B,0xFF,0x9B,0xFF,0x9B,0xFF,
    0x9B,0xFF,0x9C,0xFF,0x9C,0xFF,0x9C,0xFF,0x9C,0xFF,0x9C,0xFF,0x9C,0xFF,0x9C,0xFF,
    0x9C,0xFF,0x9C,0xFF,0x9C,0xFF,0x9C,0xFF,0x9C,0xFF,0x9C,0xFF,0x9C,0xFF,0x9C,0xFF,
    0x9C,0xFF,0x9C,0xFF,0x9C,0xFF,0x9C,0xFF,0x9C,0xFF,0x9C,0xFF,0x9C,0xFF,0x9C,0xFF,
    0x9C,0xFF,0x9C,0xFF,0x9C,0xFF,0x9C,0xFF,0x9C,0xFF,0x9C,0xFF,0x9C,0xFF,0x9C,0xFF,
    0x9C,0xFF,0x9C,0xFF,0x9C,0xFF,0x9C,0xFF,0x9C,0xFF,0x9C,0xFF,0x9C,0xFF,0x9C,0xFF,
    0x9C,0xFF,0x9C,0xFF,0x9C,0xFF,0x9C,0xFF,0x9C,0xFF,0x9C,0xFF,0x9C,0xFF,0x9C,0xFF,
    0x9C,0xFF,0x9C,0xFF,0x9C,0xFF,0x9C,0xFF,0x9C,0xFF,0x9C,0xFF,0x9C,0xFF,0x9C,0xFF,
    0x9C,0xFF,0x9C,0xFF,0x9C,0xFF,0x9C,0xFF,0x9C,0xFF,0x9C,0xFF,0x9C,0xFF,0x9C,0xFF,
    0x9B,0xFF,0x9B,0xFF,0x9B,0xFF,0x9B,0xFF,0x9B,0xFF,0x9B,0xFF,0x9B,0xFF,0x9B,0xFF,
    0x9B,0xFF,0x9B,0xFF,0x9B,0xFF,0x9B,0xFF,0x9B,0xFF,0x9B,0xFF,0x9B,0xFF,0x9B,0xFF,
    0x9B,0xFF,0x9B,0xFF,0x9B,0xFF,0x7B,0xFF,0x7A,0xFF,0x7A,0xFF,0x7A,0xFF,0x7A,0xFF,
    0x7A,0xFF,0x7A,0xFF,0x7A,0xFF,0x7A,0xFF,0x7A,0xFF,0x7A,0xFF,0x7A,0xFF,0x7A,0xFF,
    0x7A,0xFF,0x7A,0xFF,0x7A,0xFF,0x7A,0xFF,0x79,0xFF,0x79,0xFF,0x79,0xFF,0x79,0xFF,
    0x79,0xFF,0x79,0xFF,0x79,0xFF,0x79,0xFF,0x79,0xFF,0x79,0xFF,0x79,0xFF,0x79,0xFF,
    0x79,0xFF,0x79,0xFF,0x79,0xFF,0x79,0xFF,0x79,0xFF,0x79,0xFF,0x79,0xFF,0x79,0xFF,
    0x79,0xFF,0x79,0xFF,0x79,0xFF,0x79,0xFF,0x79,0xFF,0x79,0xFF,0x79,0xFF,0x79,0xFF,
    0x79,0xFF,0x79,0xFF,0x79,0xFF,0x79,0xFF,0x79,0xFF,0x79,0xFF,0x79,0xFF,0x79,0xFF,
    0x79,0xFF,0x79,0xFF,0x79,0xFF,0x79,0xFF,0x79,0xFF,0x7A,0xFF,0x7A,0xFF,0x7A,0xFF,
    0x7A,0xFF,0x7A,0xFF,0x7A,0xFF,0x7A,0xFF,0x7A,0xFF,0x7A,0xFF,0x7A,0xFF,0x7A,0xFF,
    0x7A,0xFF,0x7A,0xFF,0x7A,0xFF,0x7A,0xFF,0x7A,0xFF,0x7B,0xFF,0x9B,0xFF,0x9B,0xFF,
    0x9B,0xFF,0x9B,0xFF,0x9B,0xFF,0x9B,0xFF,0x9B,0xFF,0x9B,0xFF,0x9B,0xFF,0x9B,0xFF,
    0x9B,0xFF,0x9B,0xFF,0x9B,0xFF,0x9B,0xFF,0x9B,0xFF,0x9B,0xFF,0x9B,0xFF,0x9B,0xFF,
    0x9B,0xFF,0x9C,0xFF,0x9C,0xFF,0x9C,0xFF,0x9C,0xFF,0x9C,0xFF,0x9C,0xFF,0x9C,0xFF,
    0x9C,0xFF,0x9C,0xFF,0x9C,0xFF,0x9C,0xFF,0x9C,0xFF,0x9C,0xFF,0x9C,0xFF,0x9C,0xFF,
    0x9C,0xFF,0x9C,0xFF,0x9C,0xFF,0x9C,0xFF,0x9C,0xFF,0x9C,0xFF,0x9C,0xFF,0x9C,0xFF,
    0x9C,0xFF,0x9C,0xFF,0x9C,0xFF,0x9C,0xFF,0x9C,0xFF,0x9C,0xFF,0x9C,0xFF,0x9C,0xFF,
    0x9C,0xFF,0x9C,0xFF,0x9C,0xFF,0x9C,0xFF,0x9C,0xFF,0x9C,0xFF,0x9C,0xFF,0x9C,0xFF,
    0x9C,0xFF,0x9C,0xFF,0x9C,0xFF,0x9C,0xFF,0x9C,0xFF,0x9C,0xFF,0x9C,0xFF,0x9C,0xFF,
    0x9C,0xFF,0x9C,0xFF,0x9C,0xFF,0x9C,0xFF,0x9C,0xFF,0x9C,0xFF,0x9C,0xFF,0x9C,0xFF,
    0x9C,0xFF,0x9C,0xFF,0x9C,0xFF,0x9C,0xFF,0x9C,0xFF,0x9C,0xFF,0x9C,0xFF,0x9B,0xFF,
    0x9B,0xFF,0x9B,0xFF,0x9B,0xFF,0x9B,0xFF,0x9B,0xFF,0x9B,0xFF,0x9B,0xFF,0x9B,0xFF,
    0x9B,0xFF,0x9B,0xFF,0x9B,0xFF,0x9B,0xFF,0x9B,0xFF,0x9B,0xFF,0x9B,0xFF,0x9B,0xFF,
    0x9B,0xFF,0x9B,0xFF,0x7B,0xFF,0x7A,0xFF,0x7A,0xFF,0x7A,0xFF,0x7A,0xFF,0x7A,0xFF,
    0x7A,0xFF,0x7A,0xFF,0x7A,0xFF,0x7A,0xFF,0x7A,0xFF,0x7A,0xFF,0x7A,0xFF,0x7A,0xFF,
    0x7A,0xFF,0x79,0xFF,0x79,0xFF,0x79,0xFF,0x79,0xFF,0x79,0xFF,0x79,0xFF,0x79,0xFF,
    0x79,0xFF,0x79,0xFF,0x79,0xFF,0x79,0xFF,0x79,0xFF,0x79,0xFF,0x79,0xFF,0x79,0xFF,
    0x79,0xFF,0x79,0xFF,0x79,0xFF,0x78,0xFF,0x78,0xFF,0x78,0xFF,0x78,0xFF,0x78,0xFF,
    0x78,0xFF,0x78,0xFF,0x78,0xFF,0x78,0xFF,0x78,0xFF,0x78,0xFF,0x79,0xFF,0x79,0xFF,
    0x79,0xFF,0x79,0xFF,0x79,0xFF,0x79,0xFF,0x79,0xFF,0x79,0xFF,0x79,0xFF,0x79,0xFF,
    0x79,0xFF,0x79,0xFF,0x79,0xFF,0x79,0xFF,0x79,0xFF,0x79,0xFF,0x79,0xFF,0x79,0xFF,
    0x7A,0xFF,0x7A,0xFF,0x7A,0xFF,0x7A,0xFF,0x7A,0xFF,0x7A,0xFF,0x7A,0xFF,0x7A,0xFF,
    0x7A,0xFF,0x7A,0xFF,0x7A,0xFF,0x7A,0xFF,0x7A,0xFF,0x7A,0xFF,0x7B,0xFF,0x9B,0xFF,
    0x9B,0xFF,0x9B,0xFF,0x9B,0xFF,0x9B,0xFF,0x9B,0xFF,0x9B,0xFF,0x9B,0xFF,0x9B,0xFF,
    0x9B,0xFF,0x9B,0xFF,0x9B,0xFF,0x9B,0xFF,0x9B,0xFF,0x9B,0xFF,0x9B,0xFF,0x9B,0xFF,
    0x9B,0xFF,0x9B,0xFF,0x9C,0xFF,0x9C,0xFF,0x9C,0xFF,0x9C,0xFF,0x9C,0xFF,0x9C,0xFF,
    0x9C,0xFF,0x9C,0xFF,0x9C,0xFF,0x9C,0xFF,0x9C,0xFF,0x9C,0xFF,0x9C,0xFF,0x9C,0xFF,
    0x9C,0xFF,0x9C,0xFF,0x9C,0xFF,0x9C,0xFF,0x9C,0xFF,0x9C,0xFF,0x9C,0xFF,0x9C,0xFF,
    0x9C,0xFF,0x9C,0xFF,0x9C,0xFF,0x9C,0xFF,0x9C,0xFF,0x9C,0xFF,0x9C,0xFF,0x9C,0xFF,
    0x9C,0xFF,0x9C,0xFF,0x9C,0xFF,0x9C,0xFF,0x9C,0xFF,0x9C,0xFF,0x9C,0xFF,0x9C,0xFF,
    0x9C,0xFF,0x9C,0xFF,0x9C,0xFF,0x9C,0xFF,0x9C,0xFF,0x9C,0xFF,0x9C,0xFF,0x9C,0xFF,
    0x9C,0xFF,0x9C,0xFF,0x9C,0xFF,0x9C,0xFF,0x9C,0xFF,0x9C,0xFF,0x9C,0xFF,0x9C,0xFF,
    0x9C,0xFF,0x9C,0xFF,0x9C,0xFF,0x9C,0xFF,0x9C,0xFF,0x9C,0xFF,0x9B,0xFF,0x9B,0xFF,
    0x9B,0xFF,0x9B,0xFF,0x9B,0xFF,0x9B,0xFF,0x9B,0xFF,0x9B,0xFF,0x9B,0xFF,0x9B,0xFF,
    0x9B,0xFF,0x9B,0xFF,0x9B,0xFF,0x9B,0xFF,0x9B,0xFF,0x9B,0xFF,0x9B,0xFF,0x9B,0xFF,
    0x9B,0xFF,0x7B,0xFF,0x7A,0xFF,0x7A,0xFF,0x7A,0xFF,0x7A,0xFF,0x7A,0xFF,0x7A,0xFF,
    0x7A,0xFF,0x7A,0xFF,0x7A,0xFF,0x7A,0xFF,0x7A,0xFF,0x7A,0xFF,0x7A,0xFF,0x79,0xFF,
    0x79,0xFF,0x79,0xFF,0x79,0xFF,0x79,0xFF,0x79,0xFF,0x79,0xFF,0x79,0xFF,0x79,0xFF,
    0x79,0xFF,0x79,0xFF,0x79,0xFF,0x79,0xFF,0x79,0xFF,0x79,0xFF,0x78,0xFF,0x78,0xFF,
    0x78,0xFF,0x78,0xFF,0x78,0xFF,0x78,0xFF,0x78,0xFF,0x78,0xFF,0x78,0xFF,0x78,0xFF,
    0x78,0xFF,0x78,0xFF,0x78,0xFF,0x78,0xFF,0x78,0xFF,0x78,0xFF,0x78,0xFF,0x78,0xFF,
    0x78,0xFF,0x78,0xFF,0x78,0xFF,0x79,0xFF,0x79,0xFF,0x79,0xFF,0x79,0xFF,0x79,0xFF,
    0x79,0xFF,0x79,0xFF,0x79,0xFF,0x79,0xFF,0x79,0xFF,0x79,0xFF,0x79,0xFF,0x79,0xFF,
    0x79,0xFF,0x79,0xFF,0x7A,0xFF,0x7A,0xFF,0x7A,0xFF,0x7A,0xFF,0x7A,0xFF,0x7A,0xFF,
    0x7A,0xFF,0x7A,0xFF,0x7A,0xFF,0x7A,0xFF,0x7A,0xFF,0x7A,0xFF,0x7A,0xFF,0x7B,0xFF,
    0x9B,0xFF,0x9B,0xFF,0x9B,0xFF,0x9B,0xFF,0x9B,0xFF,0x9B,0xFF,0x9B,0xFF,0x9B,0xFF,
    0x9B,0xFF,0x9B,0xFF,0x9B,0xFF,0x9B,0xFF,0x9B,0xFF,0x9B,0xFF,0x9B,0xFF,0x9B,0xFF,
    0x9B,0xFF,0x9B,0xFF,0x9B,0xFF,0x9C,0xFF,0x9C,0xFF,0x9C,0xFF,0x9C,0xFF,0x9C,0xFF,
    0x9C,0xFF,0x9C,0xFF,0x9C,0xFF,0x9C,0xFF,0x9C,0xFF,0x9C,0xFF,0x9C,0xFF,0x9C,0xFF,
    0x9C,0xFF,0x9C,0xFF,0x9C,0xFF,0x9C,0xFF,0x9C,0xFF,0x9C,0xFF,0x9C,0xFF,0x9C,0xFF,
    0x9C,0xFF,0x9C,0xFF,0x9C,0xFF,0x9C,0xFF,0x9C,0xFF,0x9C,0xFF,0x9C,0xFF,0x9C,0xFF,
    0x9C,0xFF,0x9C,0xFF,0x9C,0xFF,0x9C,0xFF,0x9C,0xFF,0x9C,0xFF,0x9C,0xFF,0x9C,0xFF,
    0x9C,0xFF,0x9C,0xFF,0x9C,0xFF,0x9C,0xFF,0x9C,0xFF,0x9C,0xFF,0x9C,0xFF,0x9C,0xFF,
    0x9C,0xFF,0x9C,0xFF,0x9C,0xFF,0x9C,0xFF,0x9C,0xFF,0x9C,0xFF,0x9C,0xFF,0x9C,0xFF,
    0x9C,0xFF,0x9C,0xFF,0x9C,0xFF,0x9C,0xFF,0x9C,0xFF,0x9B,0xFF,0x9B,0xFF,0x9B,0xFF,
    0x9B,0xFF,0x9B,0xFF,0x9B,0xFF,0x9B,0xFF,0x9B,0xFF,0x9B,0xFF,0x9B,0xFF,0x9B,0xFF,
    0x9B,0xFF,0x9B,0xFF,0x9B,0xFF,0x9B,0xFF,0x9B,0xFF,0x9B,0xFF,0x9B,0xFF,0x9B,0xFF,
    0x7B,0xFF,0x7A,0xFF,0x7A,0xFF,0x7A,0xFF,0x7A,0xFF,0x7A,0xFF,0x7A,0xFF,0x7A,0xFF,
    0x7A,0xFF,0x7A,0xFF,0x7A,0xFF,0x7A,0xFF,0x7A,0xFF,0x7A,0xFF,0x79,0xFF,0x79,0xFF,
    0x79,0xFF,0x79,0xFF,0x79,0xFF,0x79,0xFF,0x79,0xFF,0x79,0xFF,0x79,0xFF,0x79,0xFF,
    0x79,0xFF,0x79,0xFF,0x78,0xFF,0x78,0xFF,0x78,0xFF,0x78,0xFF,0x78,0xFF,0x78,0xFF,
    0x78,0xFF,0x78,0xFF,0x78,0xFF,0x78,0xFF,0x78,0xFF,0x78,0xFF,0x78,0xFF,0x58,0xFF,
    0x58,0xFF,0x58,0xFF,0x78,0xFF,0x78,0xFF,0x78,0xFF,0x78,0xFF,0x78,0xFF,0x78,0xFF,
    0x78,0xFF,0x78,0xFF,0x78,0xFF,0x78,0xFF,0x78,0xFF,0x78,0xFF,0x78,0xFF,0x79,0xFF,
    0x79,0xFF,0x79,0xFF,0x79,0xFF,0x79,0xFF,0x79,0xFF,0x79,0xFF,0x79,0xFF,0x79,0xFF,
    0x79,0xFF,0x79,0xFF,0x79,0xFF,0x7A,0xFF,0x7A,0xFF,0x7A,0xFF,0x7A,0xFF,0x7A,0xFF,
    0x7A,0xFF,0x7A,0xFF,0x7A,0xFF,0x7A,0xFF,0x7A,0xFF,0x7A,0xFF,0x7A,0xFF,0x7A,0xFF,
    0x7B,0xFF,0x9B,0xFF,0x9B,0xFF,0x9B,0xFF,0x9B,0xFF,0x9B,0xFF,0x9B,0xFF,0x9B,0xFF,
    0x9B,0xFF,0x9B,0xFF,0x9B,0xFF,0x9B,0xFF,0x9B,0xFF,0x9B,0xFF,0x9B,0xFF,0x9B,0xFF,
    0x9B,0xFF,0x9B,0xFF,0x9B,0xFF,0x9B,0xFF,0x9C,0xFF,0x9C,0xFF,0x9C,0xFF,0x9C,0xFF,
    0x9C,0xFF,0x9C,0xFF,0x9C,0xFF,0x9C,0xFF,0x9C,0xFF,0x9C,0xFF,0x9C,0xFF,0x9C,0xFF,
    0x9C,0xFF,0x9C,0xFF,0x9C,0xFF,0x9C,0xFF,0x9C,0xFF,0x9C,0xFF,0x9C,0xFF,0x9C,0xFF,
    0x9C,0xFF,0x9C,0xFF,0x9C,0xFF,0x9C,0xFF,0x9C,0xFF,0x9C,0xFF,0x9C,0xFF,0x9C,0xFF,
    0x9C,0xFF,0x9C,0xFF,0x9C,0xFF,0x9C,0xFF,0x9C,0xFF,0x9C,0xFF,0x9C,0xFF,0x9C,0xFF,
    0x9C,0xFF,0x9C,0xFF,0x9C,0xFF,0x9C,0xFF,0x9C,0xFF,0x9C,0xFF,0x9C,0xFF,0x9C,0xFF,
    0x9C,0xFF,0x9C,0xFF,0x9C,0xFF,0x9C,0xFF,0x9C,0xFF,0x9C,0xFF,0x9C,0xFF,0x9C,0xFF,
    0x9C,0xFF,0x9C,0xFF,0x9C,0xFF,0x9C,0xFF,0x9C,0xFF,0x9B,0xFF,0x9B,0xFF,0x9B,0xFF,
    0x9B,0xFF,0x9B,0xFF,0x9B,0xFF,0x9B,0xFF,0x9B,0xFF,0x9B,0xFF,0x9B,0xFF,0x9B,0xFF,
    0x9B,0xFF,0x9B,0xFF,0x9B,0xFF,0x9B,0xFF,0x9B,0xFF,0x9B,0xFF,0x9B,0xFF,0x7B,0xFF,
    0x7A,0xFF,0x7A,0xFF,0x7A,0xFF,0x7A,0xFF,0x7A,0xFF,0x7A,0xFF,0x7A,0xFF,0x7A,0xFF,
    0x7A,0xFF,0x7A,0xFF,0x7A,0xFF,0x7A,0xFF,0x79,0xFF,0x79,0xFF,0x79,0xFF,0x79,0xFF,
    0x79,0xFF,0x79,0xFF,0x79,0xFF,0x79,0xFF,0x79,0xFF,0x79,0xFF,0x79,0xFF,0x79,0xFF,
    0x78,0xFF,0x78,0xFF,0x78,0xFF,0x78,0xFF,0x78,0xFF,0x78,0xFF,0x78,0xFF,0x78,0xFF,
    0x58,0xFF,0x58,0xFF,0x58,0xFF,0x58,0xFF,0x58,0xFF,0x58,0xFF,0x58,0xFF,0x58,0xFF,
    0x58,0xFF,0x58,0xFF,0x58,0xFF,0x58,0xFF,0x58,0xFF,0x58,0xFF,0x58,0xFF,0x58,0xFF,
    0x58,0xFF,0x78,0xFF,0x78,0xFF,0x78,0xFF,0x78,0xFF,0x78,0xFF,0x78,0xFF,0x78,0xFF,
    0x78,0xFF,0x79,0xFF,0x79,0xFF,0x79,0xFF,0x79,0xFF,0x79,0xFF,0x79,0xFF,0x79,0xFF,
    0x79,0xFF,0x79,0xFF,0x79,0xFF,0x79,0xFF,0x79,0xFF,0x7A,0xFF,0x7A,0xFF,0x7A,0xFF,
    0x7A,0xFF,0x7A,0xFF,0x7A,0xFF,0x7A,0xFF,0x7A,0xFF,0x7A,0xFF,0x7A,0xFF,0x7A,0xFF,
    0x7A,0xFF,0x7B,0xFF,0x9B,0xFF,0x9B,0xFF,0x9B,0xFF,0x9B,0xFF,0x9B,0xFF,0x9B,0xFF,
    0x9B,0xFF,0x9B,0xFF,0x9B,0xFF,0x9B,0xFF,0x9B,0xFF,0x9B,0xFF,0x9B,0xFF,0x9B,0xFF,
    0x9B,0xFF,0x9B,0xFF,0x9B,0xFF,0x9B,0xFF,0x9C,0xFF,0x9C,0xFF,0x9C,0xFF,0x9C,0xFF,
    0x9C,0xFF,0x9C,0xFF,0x9C,0xFF,0x9C,0xFF,0x9C,0xFF,0x9C,0xFF,0x9C,0xFF,0x9C,0xFF,
    0x9C,0xFF,0x9C,0xFF,0x9C,0xFF,0x9C,0xFF,0x9C,0xFF,0x9C,0xFF,0x9C,0xFF,0x9C,0xFF,
    0x9C,0xFF,0x9C,0xFF,0x9C,0xFF,0x9C,0xFF,0x9C,0xFF,0x9C,0xFF,0x9C,0xFF,0x9C,0xFF,
    0x9C,0xFF,0x9C,0xFF,0x9C,0xFF,0x9C,0xFF,0x9C,0xFF,0x9C,0xFF,0x9C,0xFF,0x9C,0xFF,
    0x9C,0xFF,0x9C,0xFF,0x9C,0xFF,0x9C,0xFF,0x9C,0xFF,0x9C,0xFF,0x9C,0xFF,0x9C,0xFF,
    0x9C,0xFF,0x9C,0xFF,0x9C,0xFF,0x9C,0xFF,0x9C,0xFF,0x9C,0xFF,0x9C,0xFF,0x9C,0xFF,
    0x9C,0xFF,0x9C,0xFF,0x9C,0xFF,0x9C,0xFF,0x9B,0xFF,0x9B,0xFF,0x9B,0xFF,0x9B,0xFF,
    0x9B,0xFF,0x9B,0xFF,0x9B,0xFF,0x9B,0xFF,0x9B,0xFF,0x9B,0xFF,0x9B,0xFF,0x9B,0xFF,
    0x9B,0xFF,0x9B,0xFF,0x9B,0xFF,0x9B,0xFF,0x9B,0xFF,0x9B,0xFF,0x7B,0xFF,0x7A,0xFF,
    0x7A,0xFF,0x7A,0xFF,0x7A,0xFF,0x7A,0xFF,0x7A,0xFF,0x7A,0xFF,0x7A,0xFF,0x7A,0xFF,
    0x7A,0xFF,0x7A,0xFF,0x7A,0xFF,0x79,0xFF,0x79,0xFF,0x79,0xFF,0x79,0xFF,0x79,0xFF,
    0x79,0xFF,0x79,0xFF,0x79,0xFF,0x79,0xFF,0x79,0xFF,0x79,0xFF,0x78,0xFF,0x78,0xFF,
    0x78,0xFF,0x78,0xFF,0x78,0xFF,0x78,0xFF,0x58,0xFF,0x58,0xFF,0x58,0xFF,0x58,0xFF,
    0x58,0xFF,0x58,0xFF,0x58,0xFF,0x57,0xFF,0x57,0xFF,0x57,0xFF,0x57,0xFF,0x57,0xFF,
    0x57,0xFF,0x57,0xFF,0x57,0xFF,0x57,0xFF,0x57,0xFF,0x57,0xFF,0x58,0xFF,0x58,0xFF,
    0x58,0xFF,0x58,0xFF,0x58,0xFF,0x58,0xFF,0x58,0xFF,0x78,0xFF,0x78,0xFF,0x78,0xFF,
    0x78,0xFF,0x78,0xFF,0x78,0xFF,0x79,0xFF,0x79,0xFF,0x79,0xFF,0x79,0xFF,0x79,0xFF,
    0x79,0xFF,0x79,0xFF,0x79,0xFF,0x79,0xFF,0x79,0xFF,0x79,0xFF,0x7A,0xFF,0x7A,0xFF,
    0x7A,0xFF,0x7A,0xFF,0x7A,0xFF,0x7A,0xFF,0x7A,0xFF,0x7A,0xFF,0x7A,0xFF,0x7A,0xFF,
    0x7A,0xFF,0x7A,0xFF,0x7B,0xFF,0x9B,0xFF,0x9B,0xFF,0x9B,0xFF,0x9B,0xFF,0x9B,0xFF,
    0x9B,0xFF,0x9B,0xFF,0x9B,0xFF,0x9B,0xFF,0x9B,0xFF,0x9B,0xFF,0x9B,0xFF,0x9B,0xFF,
    0x9B,0xFF,0x9B,0xFF,0x9B,0xFF,0x9B,0xFF,0x9B,0xFF,0x9C,0xFF,0x9C,0xFF,0x9C,0xFF,
    0x9C,0xFF,0x9C,0xFF,0x9C,0xFF,0x9C,0xFF,0x9C,0xFF,0x9C,0xFF,0x9C,0xFF,0x9C,0xFF,
    0x9C,0xFF,0x9C,0xFF,0x9C,0xFF,0x9C,0xFF,0x9C,0xFF,0x9C,0xFF,0x9C,0xFF,0x9C,0xFF,
    0x9C,0xFF,0x9C,0xFF,0x9C,0xFF,0x9C,0xFF,0x9C,0xFF,0x9C,0xFF,0x9C,0xFF,0x9C,0xFF,
    0x9C,0xFF,0x9C,0xFF,0x9C,0xFF,0x9C,0xFF,0x9C,0xFF,0x9C,0xFF,0x9C,0xFF,0x9C,0xFF,
    0x9C,0xFF,0x9C,0xFF,0x9C,0xFF,0x9C,0xFF,0x9C,0xFF,0x9C,0xFF,0x9C,0xFF,0x9C,0xFF,
    0x9C,0xFF,0x9C,0xFF,0x9C,0xFF,0x9C,0xFF,0x9C,0xFF,0x9C,0xFF,0x9C,0xFF,0x9C,0xFF,
    0x9C,0xFF,0x9C,0xFF,0x9C,0xFF,0x9B,0xFF,0x9B,0xFF,0x9B,0xFF,0x9B,0xFF,0x9B,0xFF,
    0x9B,0xFF,0x9B,0xFF,0x9B,0xFF,0x9B,0xFF,0x9B,0xFF,0x9B,0xFF,0x9B,0xFF,0x9B,0xFF,
    0x9B,0xFF,0x9B,0xFF,0x9B,0xFF,0x9B,0xFF,0x9B,0xFF,0x7B,0xFF,0x7A,0xFF,0x7A,0xFF,
    0x7A,0xFF,0x7A,0xFF,0x7A,0xFF,0x7A,0xFF,0x7A,0xFF,0x7A,0xFF,0x7A,0xFF,0x7A,0xFF,
    0x7A,0xFF,0x7A,0xFF,0x79,0xFF,0x79,0xFF,0x79,0xFF,0x79,0xFF,0x79,0xFF,0x79,0xFF,
    0x79,0xFF,0x79,0xFF,0x79,0xFF,0x79,0xFF,0x78,0xFF,0x78,0xFF,0x78,0xFF,0x78,0xFF,
    0x78,0xFF,0x78,0xFF,0x58,0xFF,0x58,0xFF,0x58,0xFF,0x58,0xFF,0x58,0xFF,0x57,0xFF,
    0x57,0xFF,0x57,0xFF,0x57,0xFF,0x57,0xFF,0x57,0xFF,0x57,0xFF,0x57,0xFF,0x57,0xFF,
    0x57,0xFF,0x57,0xFF,0x57,0xFF,0x57,0xFF,0x57,0xFF,0x57,0xFF,0x57,0xFF,0x57,0xFF,
    0x57,0xFF,0x57,0xFF,0x58,0xFF,0x58,0xFF,0x58,0xFF,0x58,0xFF,0x58,0xFF,0x78,0xFF,
    0x78,0xFF,0x78,0xFF,0x78,0xFF,0x78,0xFF,0x78,0xFF,0x79,0xFF,0x79,0xFF,0x79,0xFF,
    0x79,0xFF,0x79,0xFF,0x79,0xFF,0x79,0xFF,0x79,0xFF,0x79,0xFF,0x79,0xFF,0x7A,0xFF,
    0x7A,0xFF,0x7A,0xFF,0x7A,0xFF,0x7A,0xFF,0x7A,0xFF,0x7A,0xFF,0x7A,0xFF,0x7A,0xFF,
    0x7A,0xFF,0x7A,0xFF,0x7A,0xFF,0x7B,0xFF,0x9B,0xFF,0x9B,0xFF,0x9B,0xFF,0x9B,0xFF,
    0x9B,0xFF,0x9B,0xFF,0x9B,0xFF,0x9B,0xFF,0x9B,0xFF,0x9B,0xFF,0x9B,0xFF,0x9B,0xFF,
    0x9B,0xFF,0x9B,0xFF,0x9B,0xFF,0x9B,0xFF,0x9B,0xFF,0x9B,0xFF,0x9C,0xFF,0x9C,0xFF,
    0x9C,0xFF,0x9C,0xFF,0x9C,0xFF,0x9C,0xFF,0x9C,0xFF,0x9C,0xFF,0x9C,0xFF,0x9C,0xFF,
    0x9C,0xFF,0x9C,0xFF,0x9C,0xFF,0x9C,0xFF,0x9C,0xFF,0x9C,0xFF,0x9C,0xFF,0x9C,0xFF,
    0x9C,0xFF,0x9C,0xFF,0x9C,0xFF,0x9C,0xFF,0x9C,0xFF,0x9C,0xFF,0x9C,0xFF,0x9C,0xFF,
    0x9C,0xFF,0x9C,0xFF,0x9C,0xFF,0x9C,0xFF,0x9C,0xFF,0x9C,0xFF,0x9C,0xFF,0x9C,0xFF,
    0x9C,0xFF,0x9C,0xFF,0x9C,0xFF,0x9C,0xFF,0x9C,0xFF,0x9C,0xFF,0x9C,0xFF,0x9C,0xFF,
    0x9C,0xFF,0x9C,0xFF,0x9C,0xFF,0x9C,0xFF,0x9C,0xFF,0x9C,0xFF,0x9C,0xFF,0x9C,0xFF,
    0x9C,0xFF,0x9C,0xFF,0x9C,0xFF,0x9B,0xFF,0x9B,0xFF,0x9B,0xFF,0x9B,0xFF,0x9B,0xFF,
    0x9B,0xFF,0x9B,0xFF,0x9B,0xFF,0x9B,0xFF,0x9B,0xFF,0x9B,0xFF,0x9B,0xFF,0x9B,0xFF,
    0x9B,0xFF,0x9B,0xFF,0x9B,0xFF,0x9B,0xFF,0x9B,0xFF,0x7A,0xFF,0x7A,0xFF,0x7A,0xFF,
    0x7A,0xFF,0x7A,0xFF,0x7A,0xFF,0x7A,0xFF,0x7A,0xFF,0x7A,0xFF,0x7A,0xFF,0x7A,0xFF,
    0x7A,0xFF,0x79,0xFF,0x79,0xFF,0x79,0xFF,0x79,0xFF,0x79,0xFF,0x79,0xFF,0x79,0xFF,
    0x79,0xFF,0x79,0xFF,0x79,0xFF,0x78,0xFF,0x78,0xFF,0x78,0xFF,0x78,0xFF,0x78,0xFF,
    0x58,0xFF,0x58,0xFF,0x58,0xFF,0x58,0xFF,0x57,0xFF,0x57,0xFF,0x57,0xFF,0x57,0xFF,
    0x57,0xFF,0x57,0xFF,0x57,0xFF,0x57,0xFF,0x57,0xFF,0x57,0xFF,0x57,0xFF,0x57,0xFF,
    0x57,0xFF,0x57,0xFF,0x57,0xFF,0x57,0xFF,0x57,0xFF,0x57,0xFF,0x57,0xFF,0x57,0xFF,
    0x57,0xFF,0x57,0xFF,0x57,0xFF,0x57,0xFF,0x57,0xFF,0x58,0xFF,0x58,0xFF,0x58,0xFF,
    0x58,0xFF,0x78,0xFF,0x78,0xFF,0x78,0xFF,0x78,0xFF,0x78,0xFF,0x79,0xFF,0x79,0xFF,
    0x79,0xFF,0x79,0xFF,0x79,0xFF,0x79,0xFF,0x79,0xFF,0x79,0xFF,0x79,0xFF,0x79,0xFF,
    0x7A,0xFF,0x7A,0xFF,0x7A,0xFF,0x7A,0xFF,0x7A,0xFF,0x7A,0xFF,0x7A,0xFF,0x7A,0xFF,
    0x7A,0xFF,0x7A,0xFF,0x7A,0xFF,0x7A,0xFF,0x9B,0xFF,0x9B,0xFF,0x9B,0xFF,0x9B,0xFF,
    0x9B,0xFF,0x9B,0xFF,0x9B,0xFF,0x9B,0xFF,0x9B,0xFF,0x9B,0xFF,0x9B,0xFF,0x9B,0xFF,
    0x9B,0xFF,0x9B,0xFF,0x9B,0xFF,0x9B,0xFF,0x9B,0xFF,0x9B,0xFF,0x9C,0xFF,0x9C,0xFF,
    0x9C,0xFF,0x9C,0xFF,0x9C,0xFF,0x9C,0xFF,0x9C,0xFF,0x9C,0xFF,0x9C,0xFF,0x9C,0xFF,
    0x9C,0xFF,0x9C,0xFF,0x9C,0xFF,0x9C,0xFF,0x9C,0xFF,0x9C,0xFF,0x9C,0xFF,0x9C,0xFF,
    0x9C,0xFF,0x9C,0xFF,0x9C,0xFF,0x9C,0xFF,0x9C,0xFF,0x9C,0xFF,0x9C,0xFF,0x9C,0xFF,
    0x9C,0xFF,0x9C,0xFF,0x9C,0xFF,0x9C,0xFF,0x9C,0xFF,0x9C,0xFF,0x9C,0xFF,0x9C,0xFF,
    0x9C,0xFF,0x9C,0xFF,0x9C,0xFF,0x9C,0xFF,0x9C,0xFF,0x9C,0xFF,0x9C,0xFF,0x9C,0xFF,
    0x9C,0xFF,0x9C,0xFF,0x9C,0xFF,0x9C,0xFF,0x9C,0xFF,0x9C,0xFF,0x9C,0xFF,0x9C,0xFF,
    0x9C,0xFF,0x9C,0xFF,0x9C,0xFF,0x9B,0xFF,0x9B,0xFF,0x9B,0xFF,0x9B,0xFF,0x9B,0xFF,
    0x9B,0xFF,0x9B,0xFF,0x9B,0xFF,0x9B,0xFF,0x9B,0xFF,0x9B,0xFF,0x9B,0xFF,0x9B,0xFF,
    0x9B,0xFF,0x9B,0xFF,0x9B,0xFF,0x9B,0xFF,0x7B,0xFF,0x7A,0xFF,0x7A,0xFF,0x7A,0xFF,
    0x7A,0xFF,0x7A,0xFF,0x7A,0xFF,0x7A,0xFF,0x7A,0xFF,0x7A,0xFF,0x7A,0xFF,0x7A,0xFF,
    0x79,0xFF,0x79,0xFF,0x79,0xFF,0x79,0xFF,0x79,0xFF,0x79,0xFF,0x79,0xFF,0x79,0xFF,
    0x79,0xFF,0x79,0xFF,0x78,0xFF,0x78,0xFF,0x78,0xFF,0x78,0xFF,0x78,0xFF,0x58,0xFF,
    0x58,0xFF,0x58,0xFF,0x57,0xFF,0x57,0xFF,0x57,0xFF,0x57,0xFF,0x57,0xFF,0x57,0xFF,
    0x57,0xFF,0x57,0xFF,0x57,0xFF,0x57,0xFF,0x57,0xFF,0x57,0xFF,0x57,0xFF,0x56,0xFF,
    0x56,0xFF,0x56,0xFF,0x57,0xFF,0x57,0xFF,0x57,0xFF,0x57,0xFF,0x57,0xFF,0x57,0xFF,
    0x57,0xFF,0x57,0xFF,0x57,0xFF,0x57,0xFF,0x57,0xFF,0x57,0xFF,0x57,0xFF,0x58,0xFF,
    0x58,0xFF,0x58,0xFF,0x78,0xFF,0x78,0xFF,0x78,0xFF,0x78,0xFF,0x78,0xFF,0x79,0xFF,
    0x79,0xFF,0x79,0xFF,0x79,0xFF,0x79,0xFF,0x79,0xFF,0x79,0xFF,0x79,0xFF,0x79,0xFF,
    0x79,0xFF,0x7A,0xFF,0x7A,0xFF,0x7A,0xFF,0x7A,0xFF,0x7A,0xFF,0x7A,0xFF,0x7A,0xFF,
    0x7A,0xFF,0x7A,0xFF,0x7A,0xFF,0x7A,0xFF,0x7B,0xFF,0x9B,0xFF,0x9B,0xFF,0x9B,0xFF,
    0x9B,0xFF,0x9B,0xFF,0x9B,0xFF,0x9B,0xFF,0x9B,0xFF,0x9B,0xFF,0x9B,0xFF,0x9B,0xFF,
    0x9B,0xFF,0x9B,0xFF,0x9B,0xFF,0x9B,0xFF,0x9B,0xFF,0x9B,0xFF,0x9C,0xFF,0x9C,0xFF,
    0x9C,0xFF,0x9C,0xFF,0x9C,0xFF,0x9C,0xFF,0x9C,0xFF,0x9C,0xFF,0x9C,0xFF,0x9C,0xFF,
    0x9C,0xFF,0x9C,0xFF,0x9C,0xFF,0x9C,0xFF,0x9C,0xFF,0x9C,0xFF,0x9C,0xFF,0x9C,0xFF,
    0x9C,0xFF,0x9C,0xFF,0x9C,0xFF,0x9C,0xFF,0x9C,0xFF,0x9C,0xFF,0x9C,0xFF,0x9C,0xFF,
    0x9C,0xFF,0x9C,0xFF,0x9C,0xFF,0x9C,0xFF,0x9C,0xFF,0x9C,0xFF,0x9C,0xFF,0x9C,0xFF,
    0x9C,0xFF,0x9C,0xFF,0x9C,0xFF,0x9C,0xFF,0x9C,0xFF,0x9C,0xFF,0x9C,0xFF,0x9C,0xFF,
    0x9C,0xFF,0x9C,0xFF,0x9C,0xFF,0x9C,0xFF,0x9C,0xFF,0x9C,0xFF,0x9C,0xFF,0x9C,0xFF,
    0x9C,0xFF,0x9C,0xFF,0x9B,0xFF,0x9B,0xFF,0x9B,0xFF,0x9B,0xFF,0x9B,0xFF,0x9B,0xFF,
    0x9B,0xFF,0x9B,0xFF,0x9B,0xFF,0x9B,0xFF,0x9B,0xFF,0x9B,0xFF,0x9B,0xFF,0x9B,0xFF,
    0x9B,0xFF,0x9B,0xFF,0x9B,0xFF,0x9B,0xFF,0x7A,0xFF,0x7A,0xFF,0x7A,0xFF,0x7A,0xFF,
    0x7A,0xFF,0x7A,0xFF,0x7A,0xFF,0x7A,0xFF,0x7A,0xFF,0x7A,0xFF,0x7A,0xFF,0x7A,0xFF,
    0x79,0xFF,0x79,0xFF,0x79,0xFF,0x79,0xFF,0x79,0xFF,0x79,0xFF,0x79,0xFF,0x79,0xFF,
    0x79,0xFF,0x78,0xFF,0x78,0xFF,0x78,0xFF,0x78,0xFF,0x58,0xFF,0x58,0xFF,0x58,0xFF,
    0x58,0xFF,0x57,0xFF,0x57,0xFF,0x57,0xFF,0x57,0xFF,0x57,0xFF,0x57,0xFF,0x57,0xFF,
    0x57,0xFF,0x57,0xFF,0x56,0xFF,0x56,0xFF,0x56,0xFF,0x56,0xFF,0x56,0xFF,0x56,0xFF,
    0x56,0xFF,0x56,0xFF,0x56,0xFF,0x56,0xFF,0x56,0xFF,0x56,0xFF,0x56,0xFF,0x57,0xFF,
    0x57,0xFF,0x57,0xFF,0x57,0xFF,0x57,0xFF,0x57,0xFF,0x57,0xFF,0x57,0xFF,0x57,0xFF,
    0x58,0xFF,0x58,0xFF,0x58,0xFF,0x58,0xFF,0x78,0xFF,0x78,0xFF,0x78,0xFF,0x78,0xFF,
    0x79,0xFF,0x79,0xFF,0x79,0xFF,0x79,0xFF,0x79,0xFF,0x79,0xFF,0x79,0xFF,0x79,0xFF,
    0x79,0xFF,0x7A,0xFF,0x7A,0xFF,0x7A,0xFF,0x7A,0xFF,0x7A,0xFF,0x7A,0xFF,0x7A,0xFF,
    0x7A,0xFF,0x7A,0xFF,0x7A,0xFF,0x7A,0xFF,0x7A,0xFF,0x9B,0xFF,0x9B,0xFF,0x9B,0xFF,
    0x9B,0xFF,0x9B,0xFF,0x9B,0xFF,0x9B,0xFF,0x9B,0xFF,0x9B,0xFF,0x9B,0xFF,0x9B,0xFF,
    0x9B,0xFF,0x9B,0xFF,0x9B,0xFF,0x9B,0xFF,0x9B,0xFF,0x9B,0xFF,0x9B,0xFF,0x9C,0xFF,
    0x9C,0xFF,0x9C,0xFF,0x9C,0xFF,0x9C,0xFF,0x9C,0xFF,0x9C,0xFF,0x9C,0xFF,0x9C,0xFF,
    0x9C,0xFF,0x9C,0xFF,0x9C,0xFF,0x9C,0xFF,0x9C,0xFF,0x9C,0xFF,0x9C,0xFF,0x9C,0xFF,
    0x9C,0xFF,0x9C,0xFF,0x9C,0xFF,0x9C,0xFF,0x9C,0xFF,0x9C,0xFF,0x9C,0xFF,0x9C,0xFF,
    0x9C,0xFF,0x9C,0xFF,0x9C,0xFF,0x9C,0xFF,0x9C,0xFF,0x9C,0xFF,0x9C,0xFF,0x9C,0xFF,
    0x9C,0xFF,0x9C,0xFF,0x9C,0xFF,0x9C,0xFF,0x9C,0xFF,0x9C,0xFF,0x9C,0xFF,0x9C,0xFF,
    0x9C,0xFF,0x9C,0xFF,0x9C,0xFF,0x9C,0xFF,0x9C,0xFF,0x9C,0xFF,0x9C,0xFF,0x9C,0xFF,
    0x9C,0xFF,0x9C,0xFF,0x9B,0xFF,0x9B,0xFF,0x9B,0xFF,0x9B,0xFF,0x9B,0xFF,0x9B,0xFF,
    0x9B,0xFF,0x9B,0xFF,0x9B,0xFF,0x9B,0xFF,0x9B,0xFF,0x9B,0xFF,0x9B,0xFF,0x9B,0xFF,
    0x9B,0xFF,0x9B,0xFF,0x9B,0xFF,0x7B,0xFF,0x7A,0xFF,0x7A,0xFF,0x7A,0xFF,0x7A,0xFF,
    0x7A,0xFF,0x7A,0xFF,0x7A,0xFF,0x7A,0xFF,0x7A,0xFF,0x7A,0xFF,0x7A,0xFF,0x79,0xFF,
    0x79,0xFF,0x79,0xFF,0x79,0xFF,0x79,0xFF,0x79,0xFF,0x79,0xFF,0x79,0xFF,0x79,0xFF,
    0x78,0xFF,0x78,0xFF,0x78,0xFF,0x78,0xFF,0x58,0xFF,0x58,0xFF,0x58,0xFF,0x58,0xFF,
    0x57,0xFF,0x57,0xFF,0x57,0xFF,0x57,0xFF,0x57,0xFF,0x57,0xFF,0x57,0xFF,0x56,0xFF,
    0x56,0xFF,0x56,0xFF,0x56,0xFF,0x56,0xFF,0x56,0xFF,0x56,0xFF,0x56,0xFF,0x56,0xFF,
    0x56,0xFF,0x56,0xFF,0x56,0xFF,0x56,0xFF,0x56,0xFF,0x56,0xFF,0x56,0xFF,0x56,0xFF,
    0x56,0xFF,0x56,0xFF,0x57,0xFF,0x57,0xFF,0x57,0xFF,0x57,0xFF,0x57,0xFF,0x57,0xFF,
    0x57,0xFF,0x58,0xFF,0x58,0xFF,0x58,0xFF,0x58,0xFF,0x78,0xFF,0x78,0xFF,0x78,0xFF,
    0x78,0xFF,0x79,0xFF,0x79,0xFF,0x79,0xFF,0x79,0xFF,0x79,0xFF,0x79,0xFF,0x79,0xFF,
    0x79,0xFF,0x79,0xFF,0x7A,0xFF,0x7A,0xFF,0x7A,0xFF,0x7A,0xFF,0x7A,0xFF,0x7A,0xFF,
    0x7A,0xFF,0x7A,0xFF,0x7A,0xFF,0x7A,0xFF,0x7A,0xFF,0x7B,0xFF,0x9B,0xFF,0x9B,0xFF,
    0x9B,0xFF,0x9B,0xFF,0x9B,0xFF,0x9B,0xFF,0x9B,0xFF,0x9B,0xFF,0x9B,0xFF,0x9B,0xFF,
    0x9B,0xFF,0x9B,0xFF,0x9B,0xFF,0x9B,0xFF,0x9B,0xFF,0x9B,0xFF,0x9B,0xFF,0x9C,0xFF,
    0x9C,0xFF,0x9C,0xFF,0x9C,0xFF,0x9C,0xFF,0x9C,0xFF,0x9C,0xFF,0x9C,0xFF,0x9C,0xFF,
    0x9C,0xFF,0x9C,0xFF,0x9C,0xFF,0x9C,0xFF,0x9C,0xFF,0x9C,0xFF,0x9C,0xFF,0x9C,0xFF,
    0x9C,0xFF,0x9C,0xFF,0x9C,0xFF,0x9C,0xFF,0x9C,0xFF,0x9C,0xFF,0x9C,0xFF,0x9C,0xFF,
    0x9C,0xFF,0x9C,0xFF,0x9C,0xFF,0x9C,0xFF,0x9C,0xFF,0x9C,0xFF,0x9C,0xFF,0x9C,0xFF,
    0x9C,0xFF,0x9C,0xFF,0x9C,0xFF,0x9C,0xFF,0x9C,0xFF,0x9C,0xFF,0x9C,0xFF,0x9C,0xFF,
    0x9C,0xFF,0x9C,0xFF,0x9C,0xFF,0x9C,0xFF,0x9C,0xFF,0x9C,0xFF,0x9C,0xFF,0x9C,0xFF,
    0x9C,0xFF,0x9C,0xFF,0x9B,0xFF,0x9B,0xFF,0x9B,0xFF,0x9B,0xFF,0x9B,0xFF,0x9B,0xFF,
    0x9B,0xFF,0x9B,0xFF,0x9B,0xFF,0x9B,0xFF,0x9B,0xFF,0x9B,0xFF,0x9B,0xFF,0x9B,0xFF,
    0x9B,0xFF,0x9B,0xFF,0x9B,0xFF,0x7B,0xFF,0x7A,0xFF,0x7A,0xFF,0x7A,0xFF,0x7A,0xFF,
    0x7A,0xFF,0x7A,0xFF,0x7A,0xFF,0x7A,0xFF,0x7A,0xFF,0x7A,0xFF,0x7A,0xFF,0x79,0xFF,
    0x79,0xFF,0x79,0xFF,0x79,0xFF,0x79,0xFF,0x79,0xFF,0x79,0xFF,0x79,0xFF,0x78,0xFF,
    0x78,0xFF,0x78,0xFF,0x78,0xFF,0x78,0xFF,0x58,0xFF,0x58,0xFF,0x58,0xFF,0x57,0xFF,
    0x57,0xFF,0x57,0xFF,0x57,0xFF,0x57,0xFF,0x57,0xFF,0x57,0xFF,0x56,0xFF,0x56,0xFF,
    0x56,0xFF,0x56,0xFF,0x56,0xFF,0x56,0xFF,0x56,0xFF,0x56,0xFF,0x56,0xFF,0x55,0xFF,
    0x55,0xFF,0x55,0xFF,0x56,0xFF,0x56,0xFF,0x56,0xFF,0x56,0xFF,0x56,0xFF,0x56,0xFF,
    0x56,0xFF,0x56,0xFF,0x56,0xFF,0x57,0xFF,0x57,0xFF,0x57,0xFF,0x57,0xFF,0x57,0xFF,
    0x57,0xFF,0x57,0xFF,0x58,0xFF,0x58,0xFF,0x58,0xFF,0x78,0xFF,0x78,0xFF,0x78,0xFF,
    0x78,0xFF,0x78,0xFF,0x79,0xFF,0x79,0xFF,0x79,0xFF,0x79,0xFF,0x79,0xFF,0x79,0xFF,
    0x79,0xFF,0x79,0xFF,0x7A,0xFF,0x7A,0xFF,0x7A,0xFF,0x7A,0xFF,0x7A,0xFF,0x7A,0xFF,
    0x7A,0xFF,0x7A,0xFF,0x7A,0xFF,0x7A,0xFF,0x7A,0xFF,0x7B,0xFF,0x9B,0xFF,0x9B,0xFF,
    0x9B,0xFF,0x9B,0xFF,0x9B,0xFF,0x9B,0xFF,0x9B,0xFF,0x9B,0xFF,0x9B,0xFF,0x9B,0xFF,
    0x9B,0xFF,0x9B,0xFF,0x9B,0xFF,0x9B,0xFF,0x9B,0xFF,0x9B,0xFF,0x9B,0xFF,0x9C,0xFF,
    0x9C,0xFF,0x9C,0xFF,0x9C,0xFF,0x9C,0xFF,0x9C,0xFF,0x9C,0xFF,0x9C,0xFF,0x9C,0xFF,
    0x9C,0xFF,0x9C,0xFF,0x9C,0xFF,0x9C,0xFF,0x9C,0xFF,0x9C,0xFF,0x9C,0xFF,0x9C,0xFF,
    0x9C,0xFF,0x9C,0xFF,0x9C,0xFF,0x9C,0xFF,0x9C,0xFF,0x9C,0xFF,0x9C,0xFF,0x9C,0xFF,
    0x9C,0xFF,0x9C,0xFF,0x9C,0xFF,0x9C,0xFF,0x9C,0xFF,0x9C,0xFF,0x9C,0xFF,0x9C,0xFF,
    0x9C,0xFF,0x9C,0xFF,0x9C,0xFF,0x9C,0xFF,0x9C,0xFF,0x9C,0xFF,0x9C,0xFF,0x9C,0xFF,
    0x9C,0xFF,0x9C,0xFF,0x9C,0xFF,0x9C,0xFF,0x9C,0xFF,0x9C,0xFF,0x9C,0xFF,0x9C,0xFF,
    0x9C,0xFF,0x9B,0xFF,0x9B,0xFF,0x9B,0xFF,0x9B,0xFF,0x9B,0xFF,0x9B,0xFF,0x9B,0xFF,
    0x9B,0xFF,0x9B,0xFF,0x9B,0xFF,0x9B,0xFF,0x9B,0xFF,0x9B,0xFF,0x9B,0xFF,0x9B,0xFF,
    0x9B,0xFF,0x9B,0xFF,0x9B,0xFF,0x7A,0xFF,0x7A,0xFF,0x7A,0xFF,0x7A,0xFF,0x7A,0xFF,
    0x7A,0xFF,0x7A,0xFF,0x7A,0xFF,0x7A,0xFF,0x7A,0xFF,0x7A,0xFF,0x79,0xFF,0x79,0xFF,
    0x79,0xFF,0x79,0xFF,0x79,0xFF,0x79,0xFF,0x79,0xFF,0x79,0xFF,0x79,0xFF,0x78,0xFF,
    0x78,0xFF,0x78,0xFF,0x78,0xFF,0x58,0xFF,0x58,0xFF,0x58,0xFF,0x57,0xFF,0x57,0xFF,
    0x57,0xFF,0x57,0xFF,0x57,0xFF,0x57,0xFF,0x57,0xFF,0x56,0xFF,0x56,0xFF,0x56,0xFF,
    0x56,0xFF,0x56,0xFF,0x56,0xFF,0x56,0xFF,0x55,0xFF,0x35,0xFF,0x35,0xFF,0x35,0xFF,
    0x35,0xFF,0x35,0xFF,0x35,0xFF,0x35,0xFF,0x55,0xFF,0x56,0xFF,0x56,0xFF,0x56,0xFF,
    0x56,0xFF,0x56,0xFF,0x56,0xFF,0x56,0xFF,0x57,0xFF,0x57,0xFF,0x57,0xFF,0x57,0xFF,
    0x57,0xFF,0x57,0xFF,0x57,0xFF,0x58,0xFF,0x58,0xFF,0x58,0xFF,0x78,0xFF,0x78,0xFF,
    0x78,0xFF,0x78,0xFF,0x79,0xFF,0x79,0xFF,0x79,0xFF,0x79,0xFF,0x79,0xFF,0x79,0xFF,
    0x79,0xFF,0x79,0xFF,0x79,0xFF,0x7A,0xFF,0x7A,0xFF,0x7A,0xFF,0x7A,0xFF,0x7A,0xFF,
    0x7A,0xFF,0x7A,0xFF,0x7A,0xFF,0x7A,0xFF,0x7A,0xFF,0x7A,0xFF,0x9B,0xFF,0x9B,0xFF,
    0x9B,0xFF,0x9B,0xFF,0x9B,0xFF,0x9B,0xFF,0x9B,0xFF,0x9B,0xFF,0x9B,0xFF,0x9B,0xFF,
    0x9B,0xFF,0x9B,0xFF,0x9B,0xFF,0x9B,0xFF,0x9B,0xFF,0x9B,0xFF,0x9B,0xFF,0x9B,0xFF,
    0x9C,0xFF,0x9C,0xFF,0x9C,0xFF,0x9C,0xFF,0x9C,0xFF,0x9C,0xFF,0x9C,0xFF,0x9C,0xFF,
    0x9C,0xFF,0x9C,0xFF,0x9C,0xFF,0x9C,0xFF,0x9C,0xFF,0x9C,0xFF,0x9C,0xFF,0x9C,0xFF,
    0x9C,0xFF,0x9C,0xFF,0x9C,0xFF,0x9C,0xFF,0x9C,0xFF,0x9C,0xFF,0x9C,0xFF,0x9C,0xFF,
    0x9C,0xFF,0x9C,0xFF,0x9C,0xFF,0x9C,0xFF,0x9C,0xFF,0x9C,0xFF,0x9C,0xFF,0x9C,0xFF,
    0x9C,0xFF,0x9C,0xFF,0x9C,0xFF,0x9C,0xFF,0x9C,0xFF,0x9C,0xFF,0x9C,0xFF,0x9C,0xFF,
    0x9C,0xFF,0x9C,0xFF,0x9C,0xFF,0x9C,0xFF,0x9C,0xFF,0x9C,0xFF,0x9C,0xFF,0x9C,0xFF,
    0x9C,0xFF,0x9B,0xFF,0x9B,0xFF,0x9B,0xFF,0x9B,0xFF,0x9B,0xFF,0x9B,0xFF,0x9B,0xFF,
    0x9B,0xFF,0x9B,0xFF,0x9B,0xFF,0x9B,0xFF,0x9B,0xFF,0x9B,0xFF,0x9B,0xFF,0x9B,0xFF,
    0x9B,0xFF,0x9B,0xFF,0x7B,0xFF,0x7A,0xFF,0x7A,0xFF,0x7A,0xFF,0x7A,0xFF,0x7A,0xFF,
    0x7A,0xFF,0x7A,0xFF,0x7A,0xFF,0x7A,0xFF,0x7A,0xFF,0x7A,0xFF,0x79,0xFF,0x79,0xFF,
    0x79,0xFF,0x79,0xFF,0x79,0xFF,0x79,0xFF,0x79,0xFF,0x79,0xFF,0x79,0xFF,0x78,0xFF,
    0x78,0xFF,0x78,0xFF,0x78,0xFF,0x58,0xFF,0x58,0xFF,0x58,0xFF,0x57,0xFF,0x57,0xFF,
    0x57,0xFF,0x57,0xFF,0x57,0xFF,0x57,0xFF,0x56,0xFF,0x56,0xFF,0x56,0xFF,0x56,0xFF,
    0x56,0xFF,0x56,0xFF,0x55,0xFF,0x35,0xFF,0x35,0xFF,0x35,0xFF,0x35,0xFF,0x35,0xFF,
    0x35,0xFF,0x35,0xFF,0x35,0xFF,0x35,0xFF,0x35,0xFF,0x35,0xFF,0x55,0xFF,0x56,0xFF,
    0x56,0xFF,0x56,0xFF,0x56,0xFF,0x56,0xFF,0x56,0xFF,0x57,0xFF,0x57,0xFF,0x57,0xFF,
    0x57,0xFF,0x57,0xFF,0x57,0xFF,0x58,0xFF,0x58,0xFF,0x58,0xFF,0x78,0xFF,0x78,0xFF,
    0x78,0xFF,0x78,0xFF,0x79,0xFF,0x79,0xFF,0x79,0xFF,0x79,0xFF,0x79,0xFF,0x79,0xFF,
    0x79,0xFF,0x79,0xFF,0x79,0xFF,0x7A,0xFF,0x7A,0xFF,0x7A,0xFF,0x7A,0xFF,0x7A,0xFF,
    0x7A,0xFF,0x7A,0xFF,0x7A,0xFF,0x7A,0xFF,0x7A,0xFF,0x7A,0xFF,0x7B,0xFF,0x9B,0xFF,
    0x9B,0xFF,0x9B,0xFF,0x9B,0xFF,0x9B,0xFF,0x9B,0xFF,0x9B,0xFF,0x9B,0xFF,0x9B,0xFF,
    0x9B,0xFF,0x9B,0xFF,0x9B,0xFF,0x9B,0xFF,0x9B,0xFF,0x9B,0xFF,0x9B,0xFF,0x9B,0xFF,
    0x9C,0xFF,0x9C,0xFF,0x9C,0xFF,0x9C,0xFF,0x9C,0xFF,0x9C,0xFF,0x9C,0xFF,0x9C,0xFF,
    0x9C,0xFF,0x9C,0xFF,0x9C,0xFF,0x9C,0xFF,0x9C,0xFF,0x9C,0xFF,0x9C,0xFF,0x9C,0xFF,
    0x9C,0xFF,0x9C,0xFF,0x9C,0xFF,0x9C,0xFF,0x9C,0xFF,0x9C,0xFF,0x9C,0xFF,0x9C,0xFF,
    0x9C,0xFF,0x9C,0xFF,0x9C,0xFF,0x9C,0xFF,0x9C,0xFF,0x9C,0xFF,0x9C,0xFF,0x9C,0xFF,
    0x9C,0xFF,0x9C,0xFF,0x9C,0xFF,0x9C,0xFF,0x9C,0xFF,0x9C,0xFF,0x9C,0xFF,0x9C,0xFF,
    0x9C,0xFF,0x9C,0xFF,0x9C,0xFF,0x9C,0xFF,0x9C,0xFF,0x9C,0xFF,0x9C,0xFF,0x9C,0xFF,
    0x9C,0xFF,0x9B,0xFF,0x9B,0xFF,0x9B,0xFF,0x9B,0xFF,0x9B,0xFF,0x9B,0xFF,0x9B,0xFF,
    0x9B,0xFF,0x9B,0xFF,0x9B,0xFF,0x9B,0xFF,0x9B,0xFF,0x9B,0xFF,0x9B,0xFF,0x9B,0xFF,
    0x9B,0xFF,0x9B,0xFF,0x7B,0xFF,0x7A,0xFF,0x7A,0xFF,0x7A,0xFF,0x7A,0xFF,0x7A,0xFF,
    0x7A,0xFF,0x7A,0xFF,0x7A,0xFF,0x7A,0xFF,0x7A,0xFF,0x7A,0xFF,0x79,0xFF,0x79,0xFF,
    0x79,0xFF,0x79,0xFF,0x79,0xFF,0x79,0xFF,0x79,0xFF,0x79,0xFF,0x78,0xFF,0x78,0xFF,
    0x78,0xFF,0x78,0xFF,0x78,0xFF,0x58,0xFF,0x58,0xFF,0x57,0xFF,0x57,0xFF,0x57,0xFF,
    0x57,0xFF,0x57,0xFF,0x57,0xFF,0x57,0xFF,0x56,0xFF,0x56,0xFF,0x56,0xFF,0x56,0xFF,
    0x56,0xFF,0x55,0xFF,0x35,0xFF,0x35,0xFF,0x35,0xFF,0x35,0xFF,0x35,0xFF,0x34,0xFF,
    0x34,0xFF,0x34,0xFF,0x35,0xFF,0x35,0xFF,0x35,0xFF,0x35,0xFF,0x35,0xFF,0x55,0xFF,
    0x56,0xFF,0x56,0xFF,0x56,0xFF,0x56,0xFF,0x56,0xFF,0x57,0xFF,0x57,0xFF,0x57,0xFF,
    0x57,0xFF,0x57,0xFF,0x57,0xFF,0x57,0xFF,0x58,0xFF,0x58,0xFF,0x78,0xFF,0x78,0xFF,
    0x78,0xFF,0x78,0xFF,0x78,0xFF,0x79,0xFF,0x79,0xFF,0x79,0xFF,0x79,0xFF,0x79,0xFF,
    0x79,0xFF,0x79,0xFF,0x79,0xFF,0x7A,0xFF,0x7A,0xFF,0x7A,0xFF,0x7A,0xFF,0x7A,0xFF,
    0x7A,0xFF,0x7A,0xFF,0x7A,0xFF,0x7A,0xFF,0x7A,0xFF,0x7A,0xFF,0x7B,0xFF,0x9B,0xFF,
    0x9B,0xFF,0x9B,0xFF,0x9B,0xFF,0x9B,0xFF,0x9B,0xFF,0x9B,0xFF,0x9B,0xFF,0x9B,0xFF,
    0x9B,0xFF,0x9B,0xFF,0x9B,0xFF,0x9B,0xFF,0x9B,0xFF,0x9B,0xFF,0x9B,0xFF,0x9B,0xFF,
    0x9C,0xFF,0x9C,0xFF,0x9C,0xFF,0x9C,0xFF,0x9C,0xFF,0x9C,0xFF,0x9C,0xFF,0x9C,0xFF,
    0x9C,0xFF,0x9C,0xFF,0x9C,0xFF,0x9C,0xFF,0x9C,0xFF,0x9C,0xFF,0x9C,0xFF,0x9C,0xFF,
    0x9C,0xFF,0x9C,0xFF,0x9C,0xFF,0x9C,0xFF,0x9C,0xFF,0x9C,0xFF,0x9C,0xFF,0x9C,0xFF,
    0x9C,0xFF,0x9C,0xFF,0x9C,0xFF,0x9C,0xFF,0x9C,0xFF,0x9C,0xFF,0x9C,0xFF,0x9C,0xFF,
    0x9C,0xFF,0x9C,0xFF,0x9C,0xFF,0x9C,0xFF,0x9C,0xFF,0x9C,0xFF,0x9C,0xFF,0x9C,0xFF,
    0x9C,0xFF,0x9C,0xFF,0x9C,0xFF,0x9C,0xFF,0x9C,0xFF,0x9C,0xFF,0x9C,0xFF,0x9C,0xFF,
    0x9C,0xFF,0x9B,0xFF,0x9B,0xFF,0x9B,0xFF,0x9B,0xFF,0x9B,0xFF,0x9B,0xFF,0x9B,0xFF,
    0x9B,0xFF,0x9B,0xFF,0x9B,0xFF,0x9B,0xFF,0x9B,0xFF,0x9B,0xFF,0x9B,0xFF,0x9B,0xFF,
    0x9B,0xFF,0x9B,0xFF,0x7B,0xFF,0x7A,0xFF,0x7A,0xFF,0x7A,0xFF,0x7A,0xFF,0x7A,0xFF,
    0x7A,0xFF,0x7A,0xFF,0x7A,0xFF,0x7A,0xFF,0x7A,0xFF,0x7A,0xFF,0x79,0xFF,0x79,0xFF,
    0x79,0xFF,0x79,0xFF,0x79,0xFF,0x79,0xFF,0x79,0xFF,0x79,0xFF,0x78,0xFF,0x78,0xFF,
    0x78,0xFF,0x78,0xFF,0x58,0xFF,0x58,0xFF,0x58,0xFF,0x57,0xFF,0x57,0xFF,0x57,0xFF,
    0x57,0xFF,0x57,0xFF,0x57,0xFF,0x57,0xFF,0x56,0xFF,0x56,0xFF,0x56,0xFF,0x56,0xFF,
    0x56,0xFF,0x55,0xFF,0x35,0xFF,0x35,0xFF,0x35,0xFF,0x35,0xFF,0x34,0xFF,0x34,0xFF,
    0x34,0xFF,0x34,0xFF,0x34,0xFF,0x35,0xFF,0x35,0xFF,0x35,0xFF,0x35,0xFF,0x55,0xFF,
    0x56,0xFF,0x56,0xFF,0x56,0xFF,0x56,0xFF,0x56,0xFF,0x57,0xFF,0x57,0xFF,0x57,0xFF,
    0x57,0xFF,0x57,0xFF,0x57,0xFF,0x57,0xFF,0x58,0xFF,0x58,0xFF,0x58,0xFF,0x78,0xFF,
    0x78,0xFF,0x78,0xFF,0x78,0xFF,0x79,0xFF,0x79,0xFF,0x79,0xFF,0x79,0xFF,0x79,0xFF,
    0x79,0xFF,0x79,0xFF,0x79,0xFF,0x7A,0xFF,0x7A,0xFF,0x7A,0xFF,0x7A,0xFF,0x7A,0xFF,
    0x7A,0xFF,0x7A,0xFF,0x7A,0xFF,0x7A,0xFF,0x7A,0xFF,0x7A,0xFF,0x7B,0xFF,0x9B,0xFF,
    0x9B,0xFF,0x9B,0xFF,0x9B,0xFF,0x9B,0xFF,0x9B,0xFF,0x9B,0xFF,0x9B,0xFF,0x9B,0xFF,
    0x9B,0xFF,0x9B,0xFF,0x9B,0xFF,0x9B,0xFF,0x9B,0xFF,0x9B,0xFF,0x9B,0xFF,0x9B,0xFF,
    0x9C,0xFF,0x9C,0xFF,0x9C,0xFF,0x9C,0xFF,0x9C,0xFF,0x9C,0xFF,0x9C,0xFF,0x9C,0xFF,
    0x9C,0xFF,0x9C,0xFF,0x9C,0xFF,0x9C,0xFF,0x9C,0xFF,0x9C,0xFF,0x9C,0xFF,0x9C,0xFF,
    0x9C,0xFF,0x9C,0xFF,0x9C,0xFF,0x9C,0xFF,0x9C,0xFF,0x9C,0xFF,0x9C,0xFF,0x9C,0xFF,
    0x9C,0xFF,0x9C,0xFF,0x9C,0xFF,0x9C,0xFF,0x9C,0xFF,0x9C,0xFF,0x9C,0xFF,0x9C,0xFF,
    0x9C,0xFF,0x9C,0xFF,0x9C,0xFF,0x9C,0xFF,0x9C,0xFF,0x9C,0xFF,0x9C,0xFF,0x9C,0xFF,
    0x9C,0xFF,0x9C,0xFF,0x9C,0xFF,0x9C,0xFF,0x9C,0xFF,0x9C,0xFF,0x9C,0xFF,0x9C,0xFF,
    0x9C,0xFF,0x9B,0xFF,0x9B,0xFF,0x9B,0xFF,0x9B,0xFF,0x9B,0xFF,0x9B,0xFF,0x9B,0xFF,
    0x9B,0xFF,0x9B,0xFF,0x9B,0xFF,0x9B,0xFF,0x9B,0xFF,0x9B,0xFF,0x9B,0xFF,0x9B,0xFF,
    0x9B,0xFF,0x9B,0xFF,0x7B,0xFF,0x7A,0xFF,0x7A,0xFF,0x7A,0xFF,0x7A,0xFF,0x7A,0xFF,
    0x7A,0xFF,0x7A,0xFF,0x7A,0xFF,0x7A,0xFF,0x7A,0xFF,0x7A,0xFF,0x79,0xFF,0x79,0xFF,
    0x79,0xFF,0x79,0xFF,0x79,0xFF,0x79,0xFF,0x79,0xFF,0x79,0xFF,0x78,0xFF,0x78,0xFF,
    0x78,0xFF,0x78,0xFF,0x78,0xFF,0x58,0xFF,0x58,0xFF,0x57,0xFF,0x57,0xFF,0x57,0xFF,
    0x57,0xFF,0x57,0xFF,0x57,0xFF,0x57,0xFF,0x56,0xFF,0x56,0xFF,0x56,0xFF,0x56,0xFF,
    0x56,0xFF,0x55,0xFF,0x35,0xFF,0x35,0xFF,0x35,0xFF,0x35,0xFF,0x35,0xFF,0x34,0xFF,
    0x34,0xFF,0x34,0xFF,0x35,0xFF,0x35,0xFF,0x35,0xFF,0x35,0xFF,0x35,0xFF,0x55,0xFF,
    0x56,0xFF,0x56,0xFF,0x56,0xFF,0x56,0xFF,0x56,0xFF,0x57,0xFF,0x57,0xFF,0x57,0xFF,
    0x57,0xFF,0x57,0xFF,0x57,0xFF,0x57,0xFF,0x58,0xFF,0x58,0xFF,0x78,0xFF,0x78,0xFF,
    0x78,0xFF,0x78,0xFF,0x78,0xFF,0x79,0xFF,0x79,0xFF,0x79,0xFF,0x79,0xFF,0x79,0xFF,
    0x79,0xFF,0x79,0xFF,0x79,0xFF,0x7A,0xFF,0x7A,0xFF,0x7A,0xFF,0x7A,0xFF,0x7A,0xFF,
    0x7A,0xFF,0x7A,0xFF,0x7A,0xFF,0x7A,0xFF,0x7A,0xFF,0x7A,0xFF,0x7B,0xFF,0x9B,0xFF,
    0x9B,0xFF,0x9B,0xFF,0x9B,0xFF,0x9B,0xFF,0x9B,0xFF,0x9B,0xFF,0x9B,0xFF,0x9B,0xFF,
    0x9B,0xFF,0x9B,0xFF,0x9B,0xFF,0x9B,0xFF,0x9B,0xFF,0x9B,0xFF,0x9B,0xFF,0x9B,0xFF,
    0x9C,0xFF,0x9C,0xFF,0x9C,0xFF,0x9C,0xFF,0x9C,0xFF,0x9C,0xFF,0x9C,0xFF,0x9C,0xFF,
    0x9C,0xFF,0x9C,0xFF,0x9C,0xFF,0x9C,0xFF,0x9C,0xFF,0x9C,0xFF,0x9C,0xFF,0x9C,0xFF,
    0x9C,0xFF,0x9C,0xFF,0x9C,0xFF,0x9C,0xFF,0x9C,0xFF,0x9C,0xFF,0x9C,0xFF,0x9C,0xFF,
    0x9C,0xFF,0x9C,0xFF,0x9C,0xFF,0x9C,0xFF,0x9C,0xFF,0x9C,0xFF,0x9C,0xFF,0x9C,0xFF,
    0x9C,0xFF,0x9C,0xFF,0x9C,0xFF,0x9C,0xFF,0x9C,0xFF,0x9C,0xFF,0x9C,0xFF,0x9C,0xFF,
    0x9C,0xFF,0x9C,0xFF,0x9C,0xFF,0x9C,0xFF,0x9C,0xFF,0x9C,0xFF,0x9C,0xFF,0x9C,0xFF,
    0x9C,0xFF,0x9B,0xFF,0x9B,0xFF,0x9B,0xFF,0x9B,0xFF,0x9B,0xFF,0x9B,0xFF,0x9B,0xFF,
    0x9B,0xFF,0x9B,0xFF,0x9B,0xFF,0x9B,0xFF,0x9B,0xFF,0x9B,0xFF,0x9B,0xFF,0x9B,0xFF,
    0x9B,0xFF,0x9B,0xFF,0x7B,0xFF,0x7A,0xFF,0x7A,0xFF,0x7A,0xFF,0x7A,0xFF,0x7A,0xFF,
    0x7A,0xFF,0x7A,0xFF,0x7A,0xFF,0x7A,0xFF,0x7A,0xFF,0x7A,0xFF,0x79,0xFF,0x79,0xFF,
    0x79,0xFF,0x79,0xFF,0x79,0xFF,0x79,0xFF,0x79,0xFF,0x79,0xFF,0x79,0xFF,0x78,0xFF,
    0x78,0xFF,0x78,0xFF,0x78,0xFF,0x58,0xFF,0x58,0xFF,0x58,0xFF,0x57,0xFF,0x57,0xFF,
    0x57,0xFF,0x57,0xFF,0x57,0xFF,0x57,0xFF,0x56,0xFF,0x56,0xFF,0x56,0xFF,0x56,0xFF,
    0x56,0xFF,0x56,0xFF,0x55,0xFF,0x35,0xFF,0x35,0xFF,0x35,0xFF,0x35,0xFF,0x35,0xFF,
    0x35,0xFF,0x35,0xFF,0x35,0xFF,0x35,0xFF,0x35,0xFF,0x35,0xFF,0x55,0xFF,0x56,0xFF,
    0x56,0xFF,0x56,0xFF,0x56,0xFF,0x56,0xFF,0x56,0xFF,0x57,0xFF,0x57,0xFF,0x57,0xFF,
    0x57,0xFF,0x57,0xFF,0x57,0xFF,0x58,0xFF,0x58,0xFF,0x58,0xFF,0x78,0xFF,0x78,0xFF,
    0x78,0xFF,0x78,0xFF,0x79,0xFF,0x79,0xFF,0x79,0xFF,0x79,0xFF,0x79,0xFF,0x79,0xFF,
    0x79,0xFF,0x79,0xFF,0x79,0xFF,0x7A,0xFF,0x7A,0xFF,0x7A,0xFF,0x7A,0xFF,0x7A,0xFF,
    0x7A,0xFF,0x7A,0xFF,0x7A,0xFF,0x7A,0xFF,0x7A,0xFF,0x7A,0xFF,0x7B,0xFF,0x9B,0xFF,
    0x9B,0xFF,0x9B,0xFF,0x9B,0xFF,0x9B,0xFF,0x9B,0xFF,0x9B,0xFF,0x9B,0xFF,0x9B,0xFF,
    0x9B,0xFF,0x9B,0xFF,0x9B,0xFF,0x9B,0xFF,0x9B,0xFF,0x9B,0xFF,0x9B,0xFF,0x9B,0xFF,
    0x9C,0xFF,0x9C,0xFF,0x9C,0xFF,0x9C,0xFF,0x9C,0xFF,0x9C,0xFF,0x9C,0xFF,0x9C,0xFF,
    0x9C,0xFF,0x9C,0xFF,0x9C,0xFF,0x9C,0xFF,0x9C,0xFF,0x9C,0xFF,0x9C,0xFF,0x9C,0xFF,
    0x9C,0xFF,0x9C,0xFF,0x9C,0xFF,0x9C,0xFF,0x9C,0xFF,0x9C,0xFF,0x9C,0xFF,0x9C,0xFF,
    0x9C,0xFF,0x9C,0xFF,0x9C,0xFF,0x9C,0xFF,0x9C,0xFF,0x9C,0xFF,0x9C,0xFF,0x9C,0xFF,
    0x9C,0xFF,0x9C,0xFF,0x9C,0xFF,0x9C,0xFF,0x9C,0xFF,0x9C,0xFF,0x9C,0xFF,0x9C,0xFF,
    0x9C,0xFF,0x9C,0xFF,0x9C,0xFF,0x9C,0xFF,0x9C,0xFF,0x9C,0xFF,0x9C,0xFF,0x9C,0xFF,
    0x9C,0xFF,0x9B,0xFF,0x9B,0xFF,0x9B,0xFF,0x9B,0xFF,0x9B,0xFF,0x9B,0xFF,0x9B,0xFF,
    0x9B,0xFF,0x9B,0xFF,0x9B,0xFF,0x9B,0xFF,0x9B,0xFF,0x9B,0xFF,0x9B,0xFF,0x9B,0xFF,
    0x9B,0xFF,0x9B,0xFF,0x9B,0xFF,0x7A,0xFF,0x7A,0xFF,0x7A,0xFF,0x7A,0xFF,0x7A,0xFF,
    0x7A,0xFF,0x7A,0xFF,0x7A,0xFF,0x7A,0xFF,0x7A,0xFF,0x7A,0xFF,0x79,0xFF,0x79,0xFF,
    0x79,0xFF,0x79,0xFF,0x79,0xFF,0x79,0xFF,0x79,0xFF,0x79,0xFF,0x79,0xFF,0x78,0xFF,
    0x78,0xFF,0x78,0xFF,0x78,0xFF,0x58,0xFF,0x58,0xFF,0x58,0xFF,0x57,0xFF,0x57,0xFF,
    0x57,0xFF,0x57,0xFF,0x57,0xFF,0x57,0xFF,0x57,0xFF,0x56,0xFF,0x56,0xFF,0x56,0xFF,
    0x56,0xFF,0x56,0xFF,0x56,0xFF,0x56,0xFF,0x55,0xFF,0x35,0xFF,0x35,0xFF,0x35,0xFF,
    0x35,0xFF,0x35,0xFF,0x35,0xFF,0x35,0xFF,0x55,0xFF,0x56,0xFF,0x56,0xFF,0x56,0xFF,
    0x56,0xFF,0x56,0xFF,0x56,0xFF,0x56,0xFF,0x57,0xFF,0x57,0xFF,0x57,0xFF,0x57,0xFF,
    0x57,0xFF,0x57,0xFF,0x57,0xFF,0x58,0xFF,0x58,0xFF,0x58,0xFF,0x78,0xFF,0x78,0xFF,
    0x78,0xFF,0x78,0xFF,0x79,0xFF,0x79,0xFF,0x79,0xFF,0x79,0xFF,0x79,0xFF,0x79,0xFF,
    0x79,0xFF,0x79,0xFF,0x79,0xFF,0x7A,0xFF,0x7A,0xFF,0x7A,0xFF,0x7A,0xFF,0x7A,0xFF,
    0x7A,0xFF,0x7A,0xFF,0x7A,0xFF,0x7A,0xFF,0x7A,0xFF,0x7A,0xFF,0x9B,0xFF,0x9B,0xFF,
    0x9B,0xFF,0x9B,0xFF,0x9B,0xFF,0x9B,0xFF,0x9B,0xFF,0x9B,0xFF,0x9B,0xFF,0x9B,0xFF,
    0x9B,0xFF,0x9B,0xFF,0x9B,0xFF,0x9B,0xFF,0x9B,0xFF,0x9B,0xFF,0x9B,0xFF,0x9B,0xFF,
    0x9C,0xFF,0x9C,0xFF,0x9C,0xFF,0x9C,0xFF,0x9C,0xFF,0x9C,0xFF,0x9C,0xFF,0x9C,0xFF,
    0x9C,0xFF,0x9C,0xFF,0x9C,0xFF,0x9C,0xFF,0x9C,0xFF,0x9C,0xFF,0x9C,0xFF,0x9C,0xFF,
    0x9C,0xFF,0x9C,0xFF,0x9C,0xFF,0x9C,0xFF,0x9C,0xFF,0x9C,0xFF,0x9C,0xFF,0x9C,0xFF,
    0x9C,0xFF,0x9C,0xFF,0x9C,0xFF,0x9C,0xFF,0x9C,0xFF,0x9C,0xFF,0x9C,0xFF,0x9C,0xFF,
    0x9C,0xFF,0x9C,0xFF,0x9C,0xFF,0x9C,0xFF,0x9C,0xFF,0x9C,0xFF,0x9C,0xFF,0x9C,0xFF,
    0x9C,0xFF,0x9C,0xFF,0x9C,0xFF,0x9C,0xFF,0x9C,0xFF,0x9C,0xFF,0x9C,0xFF,0x9C,0xFF,
    0x9C,0xFF,0x9C,0xFF,0x9B,0xFF,0x9B,0xFF,0x9B,0xFF,0x9B,0xFF,0x9B,0xFF,0x9B,0xFF,
    0x9B,0xFF,0x9B,0xFF,0x9B,0xFF,0x9B,0xFF,0x9B,0xFF,0x9B,0xFF,0x9B,0xFF,0x9B,0xFF,
    0x9B,0xFF,0x9B,0xFF,0x9B,0xFF,0x7B,0xFF,0x7A,0xFF,0x7A,0xFF,0x7A,0xFF,0x7A,0xFF,
    0x7A,0xFF,0x7A,0xFF,0x7A,0xFF,0x7A,0xFF,0x7A,0xFF,0x7A,0xFF,0x7A,0xFF,0x79,0xFF,
    0x79,0xFF,0x79,0xFF,0x79,0xFF,0x79,0xFF,0x79,0xFF,0x79,0xFF,0x79,0xFF,0x78,0xFF,
    0x78,0xFF,0x78,0xFF,0x78,0xFF,0x78,0xFF,0x58,0xFF,0x58,0xFF,0x58,0xFF,0x57,0xFF,
    0x57,0xFF,0x57,0xFF,0x57,0xFF,0x57,0xFF,0x57,0xFF,0x57,0xFF,0x56,0xFF,0x56,0xFF,
    0x56,0xFF,0x56,0xFF,0x56,0xFF,0x56,0xFF,0x56,0xFF,0x56,0xFF,0x56,0xFF,0x55,0xFF,
    0x55,0xFF,0x55,0xFF,0x56,0xFF,0x56,0xFF,0x56,0xFF,0x56,0xFF,0x56,0xFF,0x56,0xFF,
    0x56,0xFF,0x56,0xFF,0x56,0xFF,0x57,0xFF,0x57,0xFF,0x57,0xFF,0x57,0xFF,0x57,0xFF,
    0x57,0xFF,0x57,0xFF,0x58,0xFF,0x58,0xFF,0x58,0xFF,0x78,0xFF,0x78,0xFF,0x78,0xFF,
    0x78,0xFF,0x78,0xFF,0x79,0xFF,0x79,0xFF,0x79,0xFF,0x79,0xFF,0x79,0xFF,0x79,0xFF,
    0x79,0xFF,0x79,0xFF,0x7A,0xFF,0x7A,0xFF,0x7A,0xFF,0x7A,0xFF,0x7A,0xFF,0x7A,0xFF,
    0x7A,0xFF,0x7A,0xFF,0x7A,0xFF,0x7A,0xFF,0x7A,0xFF,0x7B,0xFF,0x9B,0xFF,0x9B,0xFF,
    0x9B,0xFF,0x9B,0xFF,0x9B,0xFF,0x9B,0xFF,0x9B,0xFF,0x9B,0xFF,0x9B,0xFF,0x9B,0xFF,
    0x9B,0xFF,0x9B,0xFF,0x9B,0xFF,0x9B,0xFF,0x9B,0xFF,0x9B,0xFF,0x9B,0xFF,0x9C,0xFF,
    0x9C,0xFF,0x9C,0xFF,0x9C,0xFF,0x9C,0xFF,0x9C,0xFF,0x9C,0xFF,0x9C,0xFF,0x9C,0xFF,
    0x9C,0xFF,0x9C,0xFF,0x9C,0xFF,0x9C,0xFF,0x9C,0xFF,0x9C,0xFF,0x9C,0xFF,0x9C,0xFF,
    0x9C,0xFF,0x9C,0xFF,0x9C,0xFF,0x9C,0xFF,0x9C,0xFF,0x9C,0xFF,0x9C,0xFF,0x9C,0xFF,
    0x9C,0xFF,0x9C,0xFF,0x9C,0xFF,0x9C,0xFF,0x9C,0xFF,0x9C,0xFF,0x9C,0xFF,0x9C,0xFF,
    0x9C,0xFF,0x9C,0xFF,0x9C,0xFF,0x9C,0xFF,0x9C,0xFF,0x9C,0xFF,0x9C,0xFF,0x9C,0xFF,
    0x9C,0xFF,0x9C,0xFF,0x9C,0xFF,0x9C,0xFF,0x9C,0xFF,0x9C,0xFF,0x9C,0xFF,0x9C,0xFF,
    0x9C,0xFF,0x9C,0xFF,0x9B,0xFF,0x9B,0xFF,0x9B,0xFF,0x9B,0xFF,0x9B,0xFF,0x9B,0xFF,
    0x9B,0xFF,0x9B,0xFF,0x9B,0xFF,0x9B,0xFF,0x9B,0xFF,0x9B,0xFF,0x9B,0xFF,0x9B,0xFF,
    0x9B,0xFF,0x9B,0xFF,0x9B,0xFF,0x7B,0xFF,0x7A,0xFF,0x7A,0xFF,0x7A,0xFF,0x7A,0xFF,
    0x7A,0xFF,0x7A,0xFF,0x7A,0xFF,0x7A,0xFF,0x7A,0xFF,0x7A,0xFF,0x7A,0xFF,0x79,0xFF,
    0x79,0xFF,0x79,0xFF,0x79,0xFF,0x79,0xFF,0x79,0xFF,0x79,0xFF,0x79,0xFF,0x79,0xFF,
    0x78,0xFF,0x78,0xFF,0x78,0xFF,0x78,0xFF,0x58,0xFF,0x58,0xFF,0x58,0xFF,0x58,0xFF,
    0x57,0xFF,0x57,0xFF,0x57,0xFF,0x57,0xFF,0x57,0xFF,0x57,0xFF,0x57,0xFF,0x56,0xFF,
    0x56,0xFF,0x56,0xFF,0x56,0xFF,0x56,0xFF,0x56,0xFF,0x56,0xFF,0x56,0xFF,0x56,0xFF,
    0x56,0xFF,0x56,0xFF,0x56,0xFF,0x56,0xFF,0x56,0xFF,0x56,0xFF,0x56,0xFF,0x56,0xFF,
    0x56,0xFF,0x56,0xFF,0x57,0xFF,0x57,0xFF,0x57,0xFF,0x57,0xFF,0x57,0xFF,0x57,0xFF,
    0x57,0xFF,0x58,0xFF,0x58,0xFF,0x58,0xFF,0x58,0xFF,0x78,0xFF,0x78,0xFF,0x78,0xFF,
    0x78,0xFF,0x79,0xFF,0x79,0xFF,0x79,0xFF,0x79,0xFF,0x79,0xFF,0x79,0xFF,0x79,0xFF,
    0x79,0xFF,0x79,0xFF,0x7A,0xFF,0x7A,0xFF,0x7A,0xFF,0x7A,0xFF,0x7A,0xFF,0x7A,0xFF,
    0x7A,0xFF,0x7A,0xFF,0x7A,0xFF,0x7A,0xFF,0x7A,0xFF,0x7B,0xFF,0x9B,0xFF,0x9B,0xFF,
    0x9B,0xFF,0x9B,0xFF,0x9B,0xFF,0x9B,0xFF,0x9B,0xFF,0x9B,0xFF,0x9B,0xFF,0x9B,0xFF,
    0x9B,0xFF,0x9B,0xFF,0x9B,0xFF,0x9B,0xFF,0x9B,0xFF,0x9B,0xFF,0x9B,0xFF,0x9C,0xFF,
    0x9C,0xFF,0x9C,0xFF,0x9C,0xFF,0x9C,0xFF,0x9C,0xFF,0x9C,0xFF,0x9C,0xFF,0x9C,0xFF,
    0x9C,0xFF,0x9C,0xFF,0x9C,0xFF,0x9C,0xFF,0x9C,0xFF,0x9C,0xFF,0x9C,0xFF,0x9C,0xFF,
    0x9C,0xFF,0x9C,0xFF,0x9C,0xFF,0x9C,0xFF,0x9C,0xFF,0x9C,0xFF,0x9C,0xFF,0x9C,0xFF,
    0x9C,0xFF,0x9C,0xFF,0x9C,0xFF,0x9C,0xFF,0x9C,0xFF,0x9C,0xFF,0x9C,0xFF,0x9C,0xFF,
    0x9C,0xFF,0x9C,0xFF,0x9C,0xFF,0x9C,0xFF,0x9C,0xFF,0x9C,0xFF,0x9C,0xFF,0x9C,0xFF,
    0x9C,0xFF,0x9C,0xFF,0x9C,0xFF,0x9C,0xFF,0x9C,0xFF,0x9C,0xFF,0x9C,0xFF,0x9C,0xFF,
    0x9C,0xFF,0x9C,0xFF,0x9B,0xFF,0x9B,0xFF,0x9B,0xFF,0x9B,0xFF,0x9B,0xFF,0x9B,0xFF,
    0x9B,0xFF,0x9B,0xFF,0x9B,0xFF,0x9B,0xFF,0x9B,0xFF,0x9B,0xFF,0x9B,0xFF,0x9B,0xFF,
    0x9B,0xFF,0x9B,0xFF,0x9B,0xFF,0x9B,0xFF,0x7A,0xFF,0x7A,0xFF,0x7A,0xFF,0x7A,0xFF,
    0x7A,0xFF,0x7A,0xFF,0x7A,0xFF,0x7A,0xFF,0x7A,0xFF,0x7A,0xFF,0x7A,0xFF,0x7A,0xFF,
    0x79,0xFF,0x79,0xFF,0x79,0xFF,0x79,0xFF,0x79,0xFF,0x79,0xFF,0x79,0xFF,0x79,0xFF,
    0x79,0xFF,0x78,0xFF,0x78,0xFF,0x78,0xFF,0x78,0xFF,0x58,0xFF,0x58,0xFF,0x58,0xFF,
    0x58,0xFF,0x57,0xFF,0x57,0xFF,0x57,0xFF,0x57,0xFF,0x57,0xFF,0x57,0xFF,0x57,0xFF,
    0x57,0xFF,0x57,0xFF,0x56,0xFF,0x56,0xFF,0x56,0xFF,0x56,0xFF,0x56,0xFF,0x56,0xFF,
    0x56,0xFF,0x56,0xFF,0x56,0xFF,0x56,0xFF,0x56,0xFF,0x56,0xFF,0x56,0xFF,0x57,0xFF,
    0x57,0xFF,0x57,0xFF,0x57,0xFF,0x57,0xFF,0x57,0xFF,0x57,0xFF,0x57,0xFF,0x57,0xFF,
    0x58,0xFF,0x58,0xFF,0x58,0xFF,0x58,0xFF,0x78,0xFF,0x78,0xFF,0x78,0xFF,0x78,0xFF,
    0x79,0xFF,0x79,0xFF,0x79,0xFF,0x79,0xFF,0x79,0xFF,0x79,0xFF,0x79,0xFF,0x79,0xFF,
    0x79,0xFF,0x7A,0xFF,0x7A,0xFF,0x7A,0xFF,0x7A,0xFF,0x7A,0xFF,0x7A,0xFF,0x7A,0xFF,
    0x7A,0xFF,0x7A,0xFF,0x7A,0xFF,0x7A,0xFF,0x7A,0xFF,0x9B,0xFF,0x9B,0xFF,0x9B,0xFF,
    0x9B,0xFF,0x9B,0xFF,0x9B,0xFF,0x9B,0xFF,0x9B,0xFF,0x9B,0xFF,0x9B,0xFF,0x9B,0xFF,
    0x9B,0xFF,0x9B,0xFF,0x9B,0xFF,0x9B,0xFF,0x9B,0xFF,0x9B,0xFF,0x9B,0xFF,0x9C,0xFF,
    0x9C,0xFF,0x9C,0xFF,0x9C,0xFF,0x9C,0xFF,0x9C,0xFF,0x9C,0xFF,0x9C,0xFF,0x9C,0xFF,
    0x9C,0xFF,0x9C,0xFF,0x9C,0xFF,0x9C,0xFF,0x9C,0xFF,0x9C,0xFF,0x9C,0xFF,0x9C,0xFF,
    0x9C,0xFF,0x9C,0xFF,0x9C,0xFF,0x9C,0xFF,0x9C,0xFF,0x9C,0xFF,0x9C,0xFF,0x9C,0xFF,
    0x9C,0xFF,0x9C,0xFF,0x9C,0xFF,0x9C,0xFF,0x9C,0xFF,0x9C,0xFF,0x9C,0xFF,0x9C,0xFF,
    0x9C,0xFF,0x9C,0xFF,0x9C,0xFF,0x9C,0xFF,0x9C,0xFF,0x9C,0xFF,0x9C,0xFF,0x9C,0xFF,
    0x9C,0xFF,0x9C,0xFF,0x9C,0xFF,0x9C,0xFF,0x9C,0xFF,0x9C,0xFF,0x9C,0xFF,0x9C,0xFF,
    0x9C,0xFF,0x9C,0xFF,0x9C,0xFF,0x9B,0xFF,0x9B,0xFF,0x9B,0xFF,0x9B,0xFF,0x9B,0xFF,
    0x9B,0xFF,0x9B,0xFF,0x9B,0xFF,0x9B,0xFF,0x9B,0xFF,0x9B,0xFF,0x9B,0xFF,0x9B,0xFF,
    0x9B,0xFF,0x9B,0xFF,0x9B,0xFF,0x9B,0xFF,0x7B,0xFF,0x7A,0xFF,0x7A,0xFF,0x7A,0xFF,
    0x7A,0xFF,0x7A,0xFF,0x7A,0xFF,0x7A,0xFF,0x7A,0xFF,0x7A,0xFF,0x7A,0xFF,0x7A,0xFF,
    0x79,0xFF,0x79,0xFF,0x79,0xFF,0x79,0xFF,0x79,0xFF,0x79,0xFF,0x79,0xFF,0x79,0xFF,
    0x79,0xFF,0x79,0xFF,0x78,0xFF,0x78,0xFF,0x78,0xFF,0x78,0xFF,0x78,0xFF,0x58,0xFF,
    0x58,0xFF,0x58,0xFF,0x57,0xFF,0x57,0xFF,0x57,0xFF,0x57,0xFF,0x57,0xFF,0x57,0xFF,
    0x57,0xFF,0x57,0xFF,0x57,0xFF,0x57,0xFF,0x57,0xFF,0x57,0xFF,0x57,0xFF,0x56,0xFF,
    0x56,0xFF,0x56,0xFF,0x57,0xFF,0x57,0xFF,0x57,0xFF,0x57,0xFF,0x57,0xFF,0x57,0xFF,
    0x57,0xFF,0x57,0xFF,0x57,0xFF,0x57,0xFF,0x57,0xFF,0x57,0xFF,0x57,0xFF,0x58,0xFF,
    0x58,0xFF,0x58,0xFF,0x78,0xFF,0x78,0xFF,0x78,0xFF,0x78,0xFF,0x78,0xFF,0x79,0xFF,
    0x79,0xFF,0x79,0xFF,0x79,0xFF,0x79,0xFF,0x79,0xFF,0x79,0xFF,0x79,0xFF,0x79,0xFF,
    0x79,0xFF,0x7A,0xFF,0x7A,0xFF,0x7A,0xFF,0x7A,0xFF,0x7A,0xFF,0x7A,0xFF,0x7A,0xFF,
    0x7A,0xFF,0x7A,0xFF,0x7A,0xFF,0x7A,0xFF,0x7B,0xFF,0x9B,0xFF,0x9B,0xFF,0x9B,0xFF,
    0x9B,0xFF,0x9B,0xFF,0x9B,0xFF,0x9B,0xFF,0x9B,0xFF,0x9B,0xFF,0x9B,0xFF,0x9B,0xFF,
    0x9B,0xFF,0x9B,0xFF,0x9B,0xFF,0x9B,0xFF,0x9B,0xFF,0x9B,0xFF,0x9C,0xFF,0x9C,0xFF,
    0x9C,0xFF,0x9C,0xFF,0x9C,0xFF,0x9C,0xFF,0x9C,0xFF,0x9C,0xFF,0x9C,0xFF,0x9C,0xFF,
    0x9C,0xFF,0x9C,0xFF,0x9C,0xFF,0x9C,0xFF,0x9C,0xFF,0x9C,0xFF,0x9C,0xFF,0x9C,0xFF,
    0x9C,0xFF,0x9C,0xFF,0x9C,0xFF,0x9C,0xFF,0x9C,0xFF,0x9C,0xFF,0x9C,0xFF,0x9C,0xFF,
    0x9C,0xFF,0x9C,0xFF,0x9C,0xFF,0x9C,0xFF,0x9C,0xFF,0x9C,0xFF,0x9C,0xFF,0x9C,0xFF,
    0x9C,0xFF,0x9C,0xFF,0x9C,0xFF,0x9C,0xFF,0x9C,0xFF,0x9C,0xFF,0x9C,0xFF,0x9C,0xFF,
    0x9C,0xFF,0x9C,0xFF,0x9C,0xFF,0x9C,0xFF,0x9C,0xFF,0x9C,0xFF,0x9C,0xFF,0x9C,0xFF,
    0x9C,0xFF,0x9C,0xFF,0x9C,0xFF,0x9B,0xFF,0x9B,0xFF,0x9B,0xFF,0x9B,0xFF,0x9B,0xFF,
    0x9B,0xFF,0x9B,0xFF,0x9B,0xFF,0x9B,0xFF,0x9B,0xFF,0x9B,0xFF,0x9B,0xFF,0x9B,0xFF,
    0x9B,0xFF,0x9B,0xFF,0x9B,0xFF,0x9B,0xFF,0x9B,0xFF,0x7A,0xFF,0x7A,0xFF,0x7A,0xFF,
    0x7A,0xFF,0x7A,0xFF,0x7A,0xFF,0x7A,0xFF,0x7A,0xFF,0x7A,0xFF,0x7A,0xFF,0x7A,0xFF,
    0x7A,0xFF,0x79,0xFF,0x79,0xFF,0x79,0xFF,0x79,0xFF,0x79,0xFF,0x79,0xFF,0x79,0xFF,
    0x79,0xFF,0x79,0xFF,0x79,0xFF,0x78,0xFF,0x78,0xFF,0x78,0xFF,0x78,0xFF,0x78,0xFF,
    0x58,0xFF,0x58,0xFF,0x58,0xFF,0x58,0xFF,0x57,0xFF,0x57,0xFF,0x57,0xFF,0x57,0xFF,
    0x57,0xFF,0x57,0xFF,0x57,0xFF,0x57,0xFF,0x57,0xFF,0x57,0xFF,0x57,0xFF,0x57,0xFF,
    0x57,0xFF,0x57,0xFF,0x57,0xFF,0x57,0xFF,0x57,0xFF,0x57,0xFF,0x57,0xFF,0x57,0xFF,
    0x57,0xFF,0x57,0xFF,0x57,0xFF,0x57,0xFF,0x57,0xFF,0x58,0xFF,0x58,0xFF,0x58,0xFF,
    0x58,0xFF,0x78,0xFF,0x78,0xFF,0x78,0xFF,0x78,0xFF,0x78,0xFF,0x79,0xFF,0x79,0xFF,
    0x79,0xFF,0x79,0xFF,0x79,0xFF,0x79,0xFF,0x79,0xFF,0x79,0xFF,0x79,0xFF,0x79,0xFF,
    0x7A,0xFF,0x7A,0xFF,0x7A,0xFF,0x7A,0xFF,0x7A,0xFF,0x7A,0xFF,0x7A,0xFF,0x7A,0xFF,
    0x7A,0xFF,0x7A,0xFF,0x7A,0xFF,0x7A,0xFF,0x9B,0xFF,0x9B,0xFF,0x9B,0xFF,0x9B,0xFF,
    0x9B,0xFF,0x9B,0xFF,0x9B,0xFF,0x9B,0xFF,0x9B,0xFF,0x9B,0xFF,0x9B,0xFF,0x9B,0xFF,
    0x9B,0xFF,0x9B,0xFF,0x9B,0xFF,0x9B,0xFF,0x9B,0xFF,0x9B,0xFF,0x9C,0xFF,0x9C,0xFF,
    0x9C,0xFF,0x9C,0xFF,0x9C,0xFF,0x9C,0xFF,0x9C,0xFF,0x9C,0xFF,0x9C,0xFF,0x9C,0xFF,
    0x9C,0xFF,0x9C,0xFF,0x9C,0xFF,0x9C,0xFF,0x9C,0xFF,0x9C,0xFF,0x9C,0xFF,0x9C,0xFF,
    0x9C,0xFF,0x9C,0xFF,0x9C,0xFF,0x9C,0xFF,0x9C,0xFF,0x9C,0xFF,0x9C,0xFF,0x9C,0xFF,
    0x9C,0xFF,0x9C,0xFF,0x9C,0xFF,0x9C,0xFF,0x9C,0xFF,0x9C,0xFF,0x9C,0xFF,0x9C,0xFF,
    0x9C,0xFF,0x9C,0xFF,0x9C,0xFF,0x9C,0xFF,0x9C,0xFF,0x9C,0xFF,0x9C,0xFF,0x9C,0xFF,
    0x9C,0xFF,0x9C,0xFF,0x9C,0xFF,0x9C,0xFF,0x9C,0xFF,0x9C,0xFF,0x9C,0xFF,0x9C,0xFF,
    0x9C,0xFF,0x9C,0xFF,0x9C,0xFF,0x9B,0xFF,0x9B,0xFF,0x9B,0xFF,0x9B,0xFF,0x9B,0xFF,
    0x9B,0xFF,0x9B,0xFF,0x9B,0xFF,0x9B,0xFF,0x9B,0xFF,0x9B,0xFF,0x9B,0xFF,0x9B,0xFF,
    0x9B,0xFF,0x9B,0xFF,0x9B,0xFF,0x9B,0xFF,0x9B,0xFF,0x7B,0xFF,0x7A,0xFF,0x7A,0xFF,
    0x7A,0xFF,0x7A,0xFF,0x7A,0xFF,0x7A,0xFF,0x7A,0xFF,0x7A,0xFF,0x7A,0xFF,0x7A,0xFF,
    0x7A,0xFF,0x7A,0xFF,0x79,0xFF,0x79,0xFF,0x79,0xFF,0x79,0xFF,0x79,0xFF,0x79,0xFF,
    0x79,0xFF,0x79,0xFF,0x79,0xFF,0x79,0xFF,0x78,0xFF,0x78,0xFF,0x78,0xFF,0x78,0xFF,
    0x78,0xFF,0x78,0xFF,0x58,0xFF,0x58,0xFF,0x58,0xFF,0x58,0xFF,0x58,0xFF,0x57,0xFF,
    0x57,0xFF,0x57,0xFF,0x57,0xFF,0x57,0xFF,0x57,0xFF,0x57,0xFF,0x57,0xFF,0x57,0xFF,
    0x57,0xFF,0x57,0xFF,0x57,0xFF,0x57,0xFF,0x57,0xFF,0x57,0xFF,0x57,0xFF,0x57,0xFF,
    0x57,0xFF,0x57,0xFF,0x58,0xFF,0x58,0xFF,0x58,0xFF,0x58,0xFF,0x58,0xFF,0x78,0xFF,
    0x78,0xFF,0x78,0xFF,0x78,0xFF,0x78,0xFF,0x78,0xFF,0x79,0xFF,0x79,0xFF,0x79,0xFF,
    0x79,0xFF,0x79,0xFF,0x79,0xFF,0x79,0xFF,0x79,0xFF,0x79,0xFF,0x79,0xFF,0x7A,0xFF,
    0x7A,0xFF,0x7A,0xFF,0x7A,0xFF,0x7A,0xFF,0x7A,0xFF,0x7A,0xFF,0x7A,0xFF,0x7A,0xFF,
    0x7A,0xFF,0x7A,0xFF,0x7A,0xFF,0x7B,0xFF,0x9B,0xFF,0x9B,0xFF,0x9B,0xFF,0x9B,0xFF,
    0x9B,0xFF,0x9B,0xFF,0x9B,0xFF,0x9B,0xFF,0x9B,0xFF,0x9B,0xFF,0x9B,0xFF,0x9B,0xFF,
    0x9B,0xFF,0x9B,0xFF,0x9B,0xFF,0x9B,0xFF,0x9B,0xFF,0x9B,0xFF,0x9C,0xFF,0x9C,0xFF,
    0x9C,0xFF,0x9C,0xFF,0x9C,0xFF,0x9C,0xFF,0x9C,0xFF,0x9C,0xFF,0x9C,0xFF,0x9C,0xFF,
    0x9C,0xFF,0x9C,0xFF,0x9C,0xFF,0x9C,0xFF,0x9C,0xFF,0x9C,0xFF,0x9C,0xFF,0x9C,0xFF,
    0x9C,0xFF,0x9C,0xFF,0x9C,0xFF,0x9C,0xFF,0x9C,0xFF,0x9C,0xFF,0x9C,0xFF,0x9C,0xFF,
    0x9C,0xFF,0x9C,0xFF,0x9C,0xFF,0x9C,0xFF,0x9C,0xFF,0x9C,0xFF,0x9C,0xFF,0x9C,0xFF,
    0x9C,0xFF,0x9C,0xFF,0x9C,0xFF,0x9C,0xFF,0x9C,0xFF,0x9C,0xFF,0x9C,0xFF,0x9C,0xFF,
    0x9C,0xFF,0x9C,0xFF,0x9C,0xFF,0x9C,0xFF,0x9C,0xFF,0x9C,0xFF,0x9C,0xFF,0x9C,0xFF,
    0x9C,0xFF,0x9C,0xFF,0x9C,0xFF,0x9C,0xFF,0x9B,0xFF,0x9B,0xFF,0x9B,0xFF,0x9B,0xFF,
    0x9B,0xFF,0x9B,0xFF,0x9B,0xFF,0x9B,0xFF,0x9B,0xFF,0x9B,0xFF,0x9B,0xFF,0x9B,0xFF,
    0x9B,0xFF,0x9B,0xFF,0x9B,0xFF,0x9B,0xFF,0x9B,0xFF,0x9B,0xFF,0x7B,0xFF,0x7A,0xFF,
    0x7A,0xFF,0x7A,0xFF,0x7A,0xFF,0x7A,0xFF,0x7A,0xFF,0x7A,0xFF,0x7A,0xFF,0x7A,0xFF,
    0x7A,0xFF,0x7A,0xFF,0x7A,0xFF,0x79,0xFF,0x79,0xFF,0x79,0xFF,0x79,0xFF,0x79,0xFF,
    0x79,0xFF,0x79,0xFF,0x79,0xFF,0x79,0xFF,0x79,0xFF,0x79,0xFF,0x78,0xFF,0x78,0xFF,
    0x78,0xFF,0x78,0xFF,0x78,0xFF,0x78,0xFF,0x58,0xFF,0x58,0xFF,0x58,0xFF,0x58,0xFF,
    0x58,0xFF,0x58,0xFF,0x58,0xFF,0x57,0xFF,0x57,0xFF,0x57,0xFF,0x57,0xFF,0x57,0xFF,
    0x57,0xFF,0x57,0xFF,0x57,0xFF,0x57,0xFF,0x57,0xFF,0x57,0xFF,0x58,0xFF,0x58,0xFF,
    0x58,0xFF,0x58,0xFF,0x58,0xFF,0x58,0xFF,0x58,0xFF,0x78,0xFF,0x78,0xFF,0x78,0xFF,
    0x78,0xFF,0x78,0xFF,0x78,0xFF,0x79,0xFF,0x79,0xFF,0x79,0xFF,0x79,0xFF,0x79,0xFF,
    0x79,0xFF,0x79,0xFF,0x79,0xFF,0x79,0xFF,0x79,0xFF,0x79,0xFF,0x7A,0xFF,0x7A,0xFF,
    0x7A,0xFF,0x7A,0xFF,0x7A,0xFF,0x7A,0xFF,0x7A,0xFF,0x7A,0xFF,0x7A,0xFF,0x7A,0xFF,
    0x7A,0xFF,0x7A,0xFF,0x7B,0xFF,0x9B,0xFF,0x9B,0xFF,0x9B,0xFF,0x9B,0xFF,0x9B,0xFF,
    0x9B,0xFF,0x9B,0xFF,0x9B,0xFF,0x9B,0xFF,0x9B,0xFF,0x9B,0xFF,0x9B,0xFF,0x9B,0xFF,
    0x9B,0xFF,0x9B,0xFF,0x9B,0xFF,0x9B,0xFF,0x9B,0xFF,0x9C,0xFF,0x9C,0xFF,0x9C,0xFF,
    0x9C,0xFF,0x9C,0xFF,0x9C,0xFF,0x9C,0xFF,0x9C,0xFF,0x9C,0xFF,0x9C,0xFF,0x9C,0xFF,
    0x9C,0xFF,0x9C,0xFF,0x9C,0xFF,0x9C,0xFF,0x9C,0xFF,0x9C,0xFF,0x9C,0xFF,0x9C,0xFF,
    0x9C,0xFF,0x9C,0xFF,0x9C,0xFF,0x9C,0xFF,0x9C,0xFF,0x9C,0xFF,0x9C,0xFF,0x9C,0xFF,
    0x9C,0xFF,0x9C,0xFF,0x9C,0xFF,0x9C,0xFF,0x9C,0xFF,0x9C,0xFF,0x9C,0xFF,0x9C,0xFF,
    0x9C,0xFF,0x9C,0xFF,0x9C,0xFF,0x9C,0xFF,0x9C,0xFF,0x9C,0xFF,0x9C,0xFF,0x9C,0xFF,
    0x9C,0xFF,0x9C,0xFF,0x9C,0xFF,0x9C,0xFF,0x9C,0xFF,0x9C,0xFF,0x9C,0xFF,0x9C,0xFF,
    0x9C,0xFF,0x9C,0xFF,0x9C,0xFF,0x9C,0xFF,0x9C,0xFF,0x9B,0xFF,0x9B,0xFF,0x9B,0xFF,
    0x9B,0xFF,0x9B,0xFF,0x9B,0xFF,0x9B,0xFF,0x9B,0xFF,0x9B,0xFF,0x9B,0xFF,0x9B,0xFF,
    0x9B,0xFF,0x9B,0xFF,0x9B,0xFF,0x9B,0xFF,0x9B,0xFF,0x9B,0xFF,0x9B,0xFF,0x7B,0xFF,
    0x7A,0xFF,0x7A,0xFF,0x7A,0xFF,0x7A,0xFF,0x7A,0xFF,0x7A,0xFF,0x7A,0xFF,0x7A,0xFF,
    0x7A,0xFF,0x7A,0xFF,0x7A,0xFF,0x7A,0xFF,0x79,0xFF,0x79,0xFF,0x79,0xFF,0x79,0xFF,
    0x79,0xFF,0x79,0xFF,0x79,0xFF,0x79,0xFF,0x79,0xFF,0x79,0xFF,0x79,0xFF,0x79,0xFF,
    0x78,0xFF,0x78,0xFF,0x78,0xFF,0x78,0xFF,0x78,0xFF,0x78,0xFF,0x78,0xFF,0x78,0xFF,
    0x58,0xFF,0x58,0xFF,0x58,0xFF,0x58,0xFF,0x58,0xFF,0x58,0xFF,0x58,0xFF,0x58,0xFF,
    0x58,0xFF,0x58,0xFF,0x58,0xFF,0x58,0xFF,0x58,0xFF,0x58,0xFF,0x58,0xFF,0x58,0xFF,
    0x58,0xFF,0x78,0xFF,0x78,0xFF,0x78,0xFF,0x78,0xFF,0x78,0xFF,0x78,0xFF,0x78,0xFF,
    0x78,0xFF,0x79,0xFF,0x79,0xFF,0x79,0xFF,0x79,0xFF,0x79,0xFF,0x79,0xFF,0x79,0xFF,
    0x79,0xFF,0x79,0xFF,0x79,0xFF,0x79,0xFF,0x79,0xFF,0x7A,0xFF,0x7A,0xFF,0x7A,0xFF,
    0x7A,0xFF,0x7A,0xFF,0x7A,0xFF,0x7A,0xFF,0x7A,0xFF,0x7A,0xFF,0x7A,0xFF,0x7A,0xFF,
    0x7A,0xFF,0x7B,0xFF,0x9B,0xFF,0x9B,0xFF,0x9B,0xFF,0x9B,0xFF,0x9B,0xFF,0x9B,0xFF,
    0x9B,0xFF,0x9B,0xFF,0x9B,0xFF,0x9B,0xFF,0x9B,0xFF,0x9B,0xFF,0x9B,0xFF,0x9B,0xFF,
    0x9B,0xFF,0x9B,0xFF,0x9B,0xFF,0x9B,0xFF,0x9C,0xFF,0x9C,0xFF,0x9C,0xFF,0x9C,0xFF,
    0x9C,0xFF,0x9C,0xFF,0x9C,0xFF,0x9C,0xFF,0x9C,0xFF,0x9C,0xFF,0x9C,0xFF,0x9C,0xFF,
    0x9C,0xFF,0x9C,0xFF,0x9C,0xFF,0x9C,0xFF,0x9C,0xFF,0x9C,0xFF,0x9C,0xFF,0x9C,0xFF,
    0x9C,0xFF,0x9C,0xFF,0x9C,0xFF,0x9C,0xFF,0x9C,0xFF,0x9C,0xFF,0x9C,0xFF,0x9C,0xFF,
    0x9C,0xFF,0x9C,0xFF,0x9C,0xFF,0x9C,0xFF,0x9C,0xFF,0x9C,0xFF,0x9C,0xFF,0x9C,0xFF,
    0x9C,0xFF,0x9C,0xFF,0x9C,0xFF,0x9C,0xFF,0x9C,0xFF,0x9C,0xFF,0x9C,0xFF,0x9C,0xFF,
    0x9C,0xFF,0x9C,0xFF,0x9C,0xFF,0x9C,0xFF,0x9C,0xFF,0x9C,0xFF,0x9C,0xFF,0x9C,0xFF,
    0x9C,0xFF,0x9C,0xFF,0x9C,0xFF,0x9C,0xFF,0x9C,0xFF,0x9B,0xFF,0x9B,0xFF,0x9B,0xFF,
    0x9B,0xFF,0x9B,0xFF,0x9B,0xFF,0x9B,0xFF,0x9B,0xFF,0x9B,0xFF,0x9B,0xFF,0x9B,0xFF,
    0x9B,0xFF,0x9B,0xFF,0x9B,0xFF,0x9B,0xFF,0x9B,0xFF,0x9B,0xFF,0x9B,0xFF,0x9B,0xFF,
    0x7B,0xFF,0x7A,0xFF,0x7A,0xFF,0x7A,0xFF,0x7A,0xFF,0x7A,0xFF,0x7A,0xFF,0x7A,0xFF,
    0x7A,0xFF,0x7A,0xFF,0x7A,0xFF,0x7A,0xFF,0x7A,0xFF,0x7A,0xFF,0x79,0xFF,0x79,0xFF,
    0x79,0xFF,0x79,0xFF,0x79,0xFF,0x79,0xFF,0x79,0xFF,0x79,0xFF,0x79,0xFF,0x79,0xFF,
    0x79,0xFF,0x79,0xFF,0x78,0xFF,0x78,0xFF,0x78,0xFF,0x78,0xFF,0x78,0xFF,0x78,0xFF,
    0x78,0xFF,0x78,0xFF,0x78,0xFF,0x78,0xFF,0x78,0xFF,0x78,0xFF,0x78,0xFF,0x58,0xFF,
    0x58,0xFF,0x58,0xFF,0x78,0xFF,0x78,0xFF,0x78,0xFF,0x78,0xFF,0x78,0xFF,0x78,0xFF,
    0x78,0xFF,0x78,0xFF,0x78,0xFF,0x78,0xFF,0x78,0xFF,0x78,0xFF,0x78,0xFF,0x79,0xFF,
    0x79,0xFF,0x79,0xFF,0x79,0xFF,0x79,0xFF,0x79,0xFF,0x79,0xFF,0x79,0xFF,0x79,0xFF,
    0x79,0xFF,0x79,0xFF,0x79,0xFF,0x7A,0xFF,0x7A,0xFF,0x7A,0xFF,0x7A,0xFF,0x7A,0xFF,
    0x7A,0xFF,0x7A,0xFF,0x7A,0xFF,0x7A,0xFF,0x7A,0xFF,0x7A,0xFF,0x7A,0xFF,0x7A,0xFF,
    0x7B,0xFF,0x9B,0xFF,0x9B,0xFF,0x9B,0xFF,0x9B,0xFF,0x9B,0xFF,0x9B,0xFF,0x9B,0xFF,
    0x9B,0xFF,0x9B,0xFF,0x9B,0xFF,0x9B,0xFF,0x9B,0xFF,0x9B,0xFF,0x9B,0xFF,0x9B,0xFF,
    0x9B,0xFF,0x9B,0xFF,0x9B,0xFF,0x9B,0xFF,0x9C,0xFF,0x9C,0xFF,0x9C,0xFF,0x9C,0xFF,
    0x9C,0xFF,0x9C,0xFF,0x9C,0xFF,0x9C,0xFF,0x9C,0xFF,0x9C,0xFF,0x9C,0xFF,0x9C,0xFF,
    0x9C,0xFF,0x9C,0xFF,0x9C,0xFF,0x9C,0xFF,0x9C,0xFF,0x9C,0xFF,0x9C,0xFF,0x9C,0xFF,
    0x9C,0xFF,0x9C,0xFF,0x9C,0xFF,0x9C,0xFF,0x9C,0xFF,0x9C,0xFF,0x9C,0xFF,0x9C,0xFF,
    0x9C,0xFF,0x9C,0xFF,0x9C,0xFF,0x9C,0xFF,0x9C,0xFF,0x9C,0xFF,0x9C,0xFF,0x9C,0xFF,
    0x9C,0xFF,0x9C,0xFF,0x9C,0xFF,0x9C,0xFF,0x9C,0xFF,0x9C,0xFF,0x9C,0xFF,0x9C,0xFF,
    0x9C,0xFF,0x9C,0xFF,0x9C,0xFF,0x9C,0xFF,0x9C,0xFF,0x9C,0xFF,0x9C,0xFF,0x9C,0xFF,
    0x9C,0xFF,0x9C,0xFF,0x9C,0xFF,0x9C,0xFF,0x9C,0xFF,0x9C,0xFF,0x9B,0xFF,0x9B,0xFF,
    0x9B,0xFF,0x9B,0xFF,0x9B,0xFF,0x9B,0xFF,0x9B,0xFF,0x9B,0xFF,0x9B,0xFF,0x9B,0xFF,
    0x9B,0xFF,0x9B,0xFF,0x9B,0xFF,0x9B,0xFF,0x9B,0xFF,0x9B,0xFF,0x9B,0xFF,0x9B,0xFF,
    0x9B,0xFF,0x7B,0xFF,0x7A,0xFF,0x7A,0xFF,0x7A,0xFF,0x7A,0xFF,0x7A,0xFF,0x7A,0xFF,
    0x7A,0xFF,0x7A,0xFF,0x7A,0xFF,0x7A,0xFF,0x7A,0xFF,0x7A,0xFF,0x7A,0xFF,0x79,0xFF,
    0x79,0xFF,0x79,0xFF,0x79,0xFF,0x79,0xFF,0x79,0xFF,0x79,0xFF,0x79,0xFF,0x79,0xFF,
    0x79,0xFF,0x79,0xFF,0x79,0xFF,0x79,0xFF,0x79,0xFF,0x79,0xFF,0x78,0xFF,0x78,0xFF,
    0x78,0xFF,0x78,0xFF,0x78,0xFF,0x78,0xFF,0x78,0xFF,0x78,0xFF,0x78,0xFF,0x78,0xFF,
    0x78,0xFF,0x78,0xFF,0x78,0xFF,0x78,0xFF,0x78,0xFF,0x78,0xFF,0x78,0xFF,0x78,0xFF,
    0x78,0xFF,0x78,0xFF,0x78,0xFF,0x79,0xFF,0x79,0xFF,0x79,0xFF,0x79,0xFF,0x79,0xFF,
    0x79,0xFF,0x79,0xFF,0x79,0xFF,0x79,0xFF,0x79,0xFF,0x79,0xFF,0x79,0xFF,0x79,0xFF,
    0x79,0xFF,0x79,0xFF,0x7A,0xFF,0x7A,0xFF,0x7A,0xFF,0x7A,0xFF,0x7A,0xFF,0x7A,0xFF,
    0x7A,0xFF,0x7A,0xFF,0x7A,0xFF,0x7A,0xFF,0x7A,0xFF,0x7A,0xFF,0x7A,0xFF,0x7B,0xFF,
    0x9B,0xFF,0x9B,0xFF,0x9B,0xFF,0x9B,0xFF,0x9B,0xFF,0x9B,0xFF,0x9B,0xFF,0x9B,0xFF,
    0x9B,0xFF,0x9B,0xFF,0x9B,0xFF,0x9B,0xFF,0x9B,0xFF,0x9B,0xFF,0x9B,0xFF,0x9B,0xFF,
    0x9B,0xFF,0x9B,0xFF,0x9B,0xFF,0x9C,0xFF,0x9C,0xFF,0x9C,0xFF,0x9C,0xFF,0x9C,0xFF,
    0x9C,0xFF,0x9C,0xFF,0x9C,0xFF,0x9C,0xFF,0x9C,0xFF,0x9C,0xFF,0x9C,0xFF,0x9C,0xFF,
    0x9C,0xFF,0x9C,0xFF,0x9C,0xFF,0x9C,0xFF,0x9C,0xFF,0x9C,0xFF,0x9C,0xFF,0x9C,0xFF,
    0x9C,0xFF,0x9C,0xFF,0x9C,0xFF,0x9C,0xFF,0x9C,0xFF,0x9C,0xFF,0x9C,0xFF,0x9C,0xFF,
    0x9C,0xFF,0x9C,0xFF,0x9C,0xFF,0x9C,0xFF,0x9C,0xFF,0x9C,0xFF,0x9C,0xFF,0x9C,0xFF,
    0x9C,0xFF,0x9C,0xFF,0x9C,0xFF,0x9C,0xFF,0x9C,0xFF,0x9C,0xFF,0x9C,0xFF,0x9C,0xFF,
    0x9C,0xFF,0x9C,0xFF,0x9C,0xFF,0x9C,0xFF,0x9C,0xFF,0x9C,0xFF,0x9C,0xFF,0x9C,0xFF,
    0x9C,0xFF,0x9C,0xFF,0x9C,0xFF,0x9C,0xFF,0x9C,0xFF,0x9C,0xFF,0x9C,0xFF,0x9B,0xFF,
    0x9B,0xFF,0x9B,0xFF,0x9B,0xFF,0x9B,0xFF,0x9B,0xFF,0x9B,0xFF,0x9B,0xFF,0x9B,0xFF,
    0x9B,0xFF,0x9B,0xFF,0x9B,0xFF,0x9B,0xFF,0x9B,0xFF,0x9B,0xFF,0x9B,0xFF,0x9B,0xFF,
    0x9B,0xFF,0x9B,0xFF,0x7B,0xFF,0x7A,0xFF,0x7A,0xFF,0x7A,0xFF,0x7A,0xFF,0x7A,0xFF,
    0x7A,0xFF,0x7A,0xFF,0x7A,0xFF,0x7A,0xFF,0x7A,0xFF,0x7A,0xFF,0x7A,0xFF,0x7A,0xFF,
    0x7A,0xFF,0x79,0xFF,0x79,0xFF,0x79,0xFF,0x79,0xFF,0x79,0xFF,0x79,0xFF,0x79,0xFF,
    0x79,0xFF,0x79,0xFF,0x79,0xFF,0x79,0xFF,0x79,0xFF,0x79,0xFF,0x79,0xFF,0x79,0xFF,
    0x79,0xFF,0x79,0xFF,0x79,0xFF,0x78,0xFF,0x78,0xFF,0x78,0xFF,0x78,0xFF,0x78,0xFF,
    0x78,0xFF,0x78,0xFF,0x78,0xFF,0x78,0xFF,0x78,0xFF,0x78,0xFF,0x79,0xFF,0x79,0xFF,
    0x79,0xFF,0x79,0xFF,0x79,0xFF,0x79,0xFF,0x79,0xFF,0x79,0xFF,0x79,0xFF,0x79,0xFF,
    0x79,0xFF,0x79,0xFF,0x79,0xFF,0x79,0xFF,0x79,0xFF,0x79,0xFF,0x79,0xFF,0x79,0xFF,
    0x7A,0xFF,0x7A,0xFF,0x7A,0xFF,0x7A,0xFF,0x7A,0xFF,0x7A,0xFF,0x7A,0xFF,0x7A,0xFF,
    0x7A,0xFF,0x7A,0xFF,0x7A,0xFF,0x7A,0xFF,0x7A,0xFF,0x7A,0xFF,0x7B,0xFF,0x9B,0xFF,
    0x9B,0xFF,0x9B,0xFF,0x9B,0xFF,0x9B,0xFF,0x9B,0xFF,0x9B,0xFF,0x9B,0xFF,0x9B,0xFF,
    0x9B,0xFF,0x9B,0xFF,0x9B,0xFF,0x9B,0xFF,0x9B,0xFF,0x9B,0xFF,0x9B,0xFF,0x9B,0xFF,
    0x9B,0xFF,0x9B,0xFF,0x9C,0xFF,0x9C,0xFF,0x9C,0xFF,0x9C,0xFF,0x9C,0xFF,0x9C,0xFF,
    0x9C,0xFF,0x9C,0xFF,0x9C,0xFF,0x9C,0xFF,0x9C,0xFF,0x9C,0xFF,0x9C,0xFF,0x9C,0xFF,
    0x9C,0xFF,0x9C,0xFF,0x9C,0xFF,0x9C,0xFF,0x9C,0xFF,0x9C,0xFF,0x9C,0xFF,0x9C,0xFF,
    0x9C,0xFF,0x9C,0xFF,0x9C,0xFF,0x9C,0xFF,0x9C,0xFF,0x9C,0xFF,0x9C,0xFF,0x9C,0xFF,
    0x9C,0xFF,0x9C,0xFF,0x9C,0xFF,0x9C,0xFF,0x9C,0xFF,0x9C,0xFF,0x9C,0xFF,0x9C,0xFF,
    0x9C,0xFF,0x9C,0xFF,0x9C,0xFF,0x9C,0xFF,0x9C,0xFF,0x9C,0xFF,0x9C,0xFF,0x9C,0xFF,
    0x9C,0xFF,0x9C,0xFF,0x9C,0xFF,0x9C,0xFF,0x9C,0xFF,0x9C,0xFF,0x9C,0xFF,0x9C,0xFF,
    0x9C,0xFF,0x9C,0xFF,0x9C,0xFF,0x9C,0xFF,0x9C,0xFF,0x9C,0xFF,0x9C,0xFF,0x9C,0xFF,
    0x9B,0xFF,0x9B,0xFF,0x9B,0xFF,0x9B,0xFF,0x9B,0xFF,0x9B,0xFF,0x9B,0xFF,0x9B,0xFF,
    0x9B,0xFF,0x9B,0xFF,0x9B,0xFF,0x9B,0xFF,0x9B,0xFF,0x9B,0xFF,0x9B,0xFF,0x9B,0xFF,
    0x9B,0xFF,0x9B,0xFF,0x9B,0xFF,0x7B,0xFF,0x7A,0xFF,0x7A,0xFF,0x7A,0xFF,0x7A,0xFF,
    0x7A,0xFF,0x7A,0xFF,0x7A,0xFF,0x7A,0xFF,0x7A,0xFF,0x7A,0xFF,0x7A,0xFF,0x7A,0xFF,
    0x7A,0xFF,0x7A,0xFF,0x7A,0xFF,0x7A,0xFF,0x79,0xFF,0x79,0xFF,0x79,0xFF,0x79,0xFF,
    0x79,0xFF,0x79,0xFF,0x79,0xFF,0x79,0xFF,0x79,0xFF,0x79,0xFF,0x79,0xFF,0x79,0xFF,
    0x79,0xFF,0x79,0xFF,0x79,0xFF,0x79,0xFF,0x79,0xFF,0x79,0xFF,0x79,0xFF,0x79,0xFF,
    0x79,0xFF,0x79,0xFF,0x79,0xFF,0x79,0xFF,0x79,0xFF,0x79,0xFF,0x79,0xFF,0x79,0xFF,
    0x79,0xFF,0x79,0xFF,0x79,0xFF,0x79,0xFF,0x79,0xFF,0x79,0xFF,0x79,0xFF,0x79,0xFF,
    0x79,0xFF,0x79,0xFF,0x79,0xFF,0x79,0xFF,0x79,0xFF,0x7A,0xFF,0x7A,0xFF,0x7A,0xFF,
    0x7A,0xFF,0x7A,0xFF,0x7A,0xFF,0x7A,0xFF,0x7A,0xFF,0x7A,0xFF,0x7A,0xFF,0x7A,0xFF,
    0x7A,0xFF,0x7A,0xFF,0x7A,0xFF,0x7A,0xFF,0x7A,0xFF,0x7B,0xFF,0x9B,0xFF,0x9B,0xFF,
    0x9B,0xFF,0x9B,0xFF,0x9B,0xFF,0x9B,0xFF,0x9B,0xFF,0x9B,0xFF,0x9B,0xFF,0x9B,0xFF,
    0x9B,0xFF,0x9B,0xFF,0x9B,0xFF,0x9B,0xFF,0x9B,0xFF,0x9B,0xFF,0x9B,0xFF,0x9B,0xFF,
    0x9B,0xFF,0x9C,0xFF,0x9C,0xFF,0x9C,0xFF,0x9C,0xFF,0x9C,0xFF,0x9C,0xFF,0x9C,0xFF,
    0x9C,0xFF,0x9C,0xFF,0x9C,0xFF,0x9C,0xFF,0x9C,0xFF,0x9C,0xFF,0x9C,0xFF,0x9C,0xFF,
    0x9C,0xFF,0x9C,0xFF,0x9C,0xFF,0x9C,0xFF,0x9C,0xFF,0x9C,0xFF,0x9C,0xFF,0x9C,0xFF,
    0x9C,0xFF,0x9C,0xFF,0x9C,0xFF,0x9C,0xFF,0x9C,0xFF,0x9C,0xFF,0x9C,0xFF,0x9C,0xFF,
    0x9C,0xFF,0x9C,0xFF,0x9C,0xFF,0x9C,0xFF,0x9C,0xFF,0x9C,0xFF,0x9C,0xFF,0x9C,0xFF,
    0x9C,0xFF,0x9C,0xFF,0x9C,0xFF,0x9C,0xFF,0x9C,0xFF,0x9C,0xFF,0x9C,0xFF,0x9C,0xFF,
    0x9C,0xFF,0x9C,0xFF,0x9C,0xFF,0x9C,0xFF,0x9C,0xFF,0x9C,0xFF,0x9C,0xFF,0x9C,0xFF,
    0x9C,0xFF,0x9C,0xFF,0x9C,0xFF,0x9C,0xFF,0x9C,0xFF,0x9C,0xFF,0x9C,0xFF,0x9C,0xFF,
    0x9B,0xFF,0x9B,0xFF,0x9B,0xFF,0x9B,0xFF,0x9B,0xFF,0x9B,0xFF,0x9B,0xFF,0x9B,0xFF,
    0x9B,0xFF,0x9B,0xFF,0x9B,0xFF,0x9B,0xFF,0x9B,0xFF,0x9B,0xFF,0x9B,0xFF,0x9B,0xFF,
    0x9B,0xFF,0x9B,0xFF,0x9B,0xFF,0x9B,0xFF,0x9B,0xFF,0x7B,0xFF,0x7A,0xFF,0x7A,0xFF,
    0x7A,0xFF,0x7A,0xFF,0x7A,0xFF,0x7A,0xFF,0x7A,0xFF,0x7A,0xFF,0x7A,0xFF,0x7A,0xFF,
    0x7A,0xFF,0x7A,0xFF,0x7A,0xFF,0x7A,0xFF,0x7A,0xFF,0x7A,0xFF,0x79,0xFF,0x79,0xFF,
    0x79,0xFF,0x79,0xFF,0x79,0xFF,0x79,0xFF,0x79,0xFF,0x79,0xFF,0x79,0xFF,0x79,0xFF,
    0x79,0xFF,0x79,0xFF,0x79,0xFF,0x79,0xFF,0x79,0xFF,0x79,0xFF,0x79,0xFF,0x79,0xFF,
    0x79,0xFF,0x79,0xFF,0x79,0xFF,0x79,0xFF,0x79,0xFF,0x79,0xFF,0x79,0xFF,0x79,0xFF,
    0x79,0xFF,0x79,0xFF,0x79,0xFF,0x79,0xFF,0x79,0xFF,0x79,0xFF,0x79,0xFF,0x79,0xFF,
    0x79,0xFF,0x79,0xFF,0x79,0xFF,0x7A,0xFF,0x7A,0xFF,0x7A,0xFF,0x7A,0xFF,0x7A,0xFF,
    0x7A,0xFF,0x7A,0xFF,0x7A,0xFF,0x7A,0xFF,0x7A,0xFF,0x7A,0xFF,0x7A,0xFF,0x7A,0xFF,
    0x7A,0xFF,0x7A,0xFF,0x7A,0xFF,0x7B,0xFF,0x9B,0xFF,0x9B,0xFF,0x9B,0xFF,0x9B,0xFF,
    0x9B,0xFF,0x9B,0xFF,0x9B,0xFF,0x9B,0xFF,0x9B,0xFF,0x9B,0xFF,0x9B,0xFF,0x9B,0xFF,
    0x9B,0xFF,0x9B,0xFF,0x9B,0xFF,0x9B,0xFF,0x9B,0xFF,0x9B,0xFF,0x9B,0xFF,0x9B,0xFF,
    0x9B,0xFF,0x9C,0xFF,0x9C,0xFF,0x9C,0xFF,0x9C,0xFF,0x9C,0xFF,0x9C,0xFF,0x9C,0xFF,
    0x9C,0xFF,0x9C,0xFF,0x9C,0xFF,0x9C,0xFF,0x9C,0xFF,0x9C,0xFF,0x9C,0xFF,0x9C,0xFF,
    0x9C,0xFF,0x9C,0xFF,0x9C,0xFF,0x9C,0xFF,0x9C,0xFF,0x9C,0xFF,0x9C,0xFF,0x9C,0xFF,
    0x9C,0xFF,0x9C,0xFF,0x9C,0xFF,0x9C,0xFF,0x9C,0xFF,0x9C,0xFF,0x9C,0xFF,0x9C,0xFF,
    0x9C,0xFF,0x9C,0xFF,0x9C,0xFF,0x9C,0xFF,0x9C,0xFF,0x9C,0xFF,0x9C,0xFF,0x9C,0xFF,
    0x9C,0xFF,0x9C,0xFF,0x9C,0xFF,0x9C,0xFF,0x9C,0xFF,0x9C,0xFF,0x9C,0xFF,0x9C,0xFF,
    0x9C,0xFF,0x9C,0xFF,0x9C,0xFF,0x9C,0xFF,0x9C,0xFF,0x9C,0xFF,0x9C,0xFF,0x9C,0xFF,
    0x9C,0xFF,0x9C,0xFF,0x9C,0xFF,0x9C,0xFF,0x9C,0xFF,0x9C,0xFF,0x9C,0xFF,0x9C,0xFF,
    0x9C,0xFF,0x9B,0xFF,0x9B,0xFF,0x9B,0xFF,0x9B,0xFF,0x9B,0xFF,0x9B,0xFF,0x9B,0xFF,
    0x9B,0xFF,0x9B,0xFF,0x9B,0xFF,0x9B,0xFF,0x9B,0xFF,0x9B,0xFF,0x9B,0xFF,0x9B,0xFF,
    0x9B,0xFF,0x9B,0xFF,0x9B,0xFF,0x9B,0xFF,0x9B,0xFF,0x9B,0xFF,0x7B,0xFF,0x7A,0xFF,
    0x7A,0xFF,0x7A,0xFF,0x7A,0xFF,0x7A,0xFF,0x7A,0xFF,0x7A,0xFF,0x7A,0xFF,0x7A,0xFF,
    0x7A,0xFF,0x7A,0xFF,0x7A,0xFF,0x7A,0xFF,0x7A,0xFF,0x7A,0xFF,0x7A,0xFF,0x7A,0xFF,
    0x7A,0xFF,0x79,0xFF,0x79,0xFF,0x79,0xFF,0x79,0xFF,0x79,0xFF,0x79,0xFF,0x79,0xFF,
    0x79,0xFF,0x79,0xFF,0x79,0xFF,0x79,0xFF,0x79,0xFF,0x79,0xFF,0x79,0xFF,0x79,0xFF,
    0x79,0xFF,0x79,0xFF,0x79,0xFF,0x79,0xFF,0x79,0xFF,0x79,0xFF,0x79,0xFF,0x79,0xFF,
    0x79,0xFF,0x79,0xFF,0x79,0xFF,0x79,0xFF,0x79,0xFF,0x79,0xFF,0x79,0xFF,0x79,0xFF,
    0x7A,0xFF,0x7A,0xFF,0x7A,0xFF,0x7A,0xFF,0x7A,0xFF,0x7A,0xFF,0x7A,0xFF,0x7A,0xFF,
    0x7A,0xFF,0x7A,0xFF,0x7A,0xFF,0x7A,0xFF,0x7A,0xFF,0x7A,0xFF,0x7A,0xFF,0x7A,0xFF,
    0x7A,0xFF,0x7A,0xFF,0x7B,0xFF,0x9B,0xFF,0x9B,0xFF,0x9B,0xFF,0x9B,0xFF,0x9B,0xFF,
    0x9B,0xFF,0x9B,0xFF,0x9B,0xFF,0x9B,0xFF,0x9B,0xFF,0x9B,0xFF,0x9B,0xFF,0x9B,0xFF,
    0x9B,0xFF,0x9B,0xFF,0x9B,0xFF,0x9B,0xFF,0x9B,0xFF,0x9B,0xFF,0x9B,0xFF,0x9B,0xFF,
    0x9C,0xFF,0x9C,0xFF,0x9C,0xFF,0x9C,0xFF,0x9C,0xFF,0x9C,0xFF,0x9C,0xFF,0x9C,0xFF,
    0x9C,0xFF,0x9C,0xFF,0x9C,0xFF,0x9C,0xFF,0x9C,0xFF,0x9C,0xFF,0x9C,0xFF,0x9C,0xFF,
    0x9C,0xFF,0x9C,0xFF,0x9C,0xFF,0x9C,0xFF,0x9C,0xFF,0x9C,0xFF,0x9C,0xFF,0x9C,0xFF,
    0x9C,0xFF,0x9C,0xFF,0x9C,0xFF,0x9C,0xFF,0x9C,0xFF,0x9C,0xFF,0x9C,0xFF,0x9C,0xFF,
    0x9C,0xFF,0x9C,0xFF,0x9C,0xFF,0x9C,0xFF,0x9C,0xFF,0x9C,0xFF,0x9C,0xFF,0x9C,0xFF,
    0x9C,0xFF,0x9C,0xFF,0x9C,0xFF,0x9C,0xFF,0x9C,0xFF,0x9C,0xFF,0x9C,0xFF,0x9C,0xFF,
    0x9C,0xFF,0x9C,0xFF,0x9C,0xFF,0x9C,0xFF,0x9C,0xFF,0x9C,0xFF,0x9C,0xFF,0x9C,0xFF,
    0x9C,0xFF,0x9C,0xFF,0x9C,0xFF,0x9C,0xFF,0x9C,0xFF,0x9C,0xFF,0x9C,0xFF,0x9C,0xFF,
    0x9C,0xFF,0x9C,0xFF,0x9C,0xFF,0x9B,0xFF,0x9B,0xFF,0x9B,0xFF,0x9B,0xFF,0x9B,0xFF,
    0x9B,0xFF,0x9B,0xFF,0x9B,0xFF,0x9B,0xFF,0x9B,0xFF,0x9B,0xFF,0x9B,0xFF,0x9B,0xFF,
    0x9B,0xFF,0x9B,0xFF,0x9B,0xFF,0x9B,0xFF,0x9B,0xFF,0x9B,0xFF,0x9B,0xFF,0x9B,0xFF,
    0x7B,0xFF,0x7A,0xFF,0x7A,0xFF,0x7A,0xFF,0x7A,0xFF,0x7A,0xFF,0x7A,0xFF,0x7A,0xFF,
    0x7A,0xFF,0x7A,0xFF,0x7A,0xFF,0x7A,0xFF,0x7A,0xFF,0x7A,0xFF,0x7A,0xFF,0x7A,0xFF,
    0x7A,0xFF,0x7A,0xFF,0x7A,0xFF,0x7A,0xFF,0x7A,0xFF,0x7A,0xFF,0x79,0xFF,0x79,0xFF,
    0x79,0xFF,0x79,0xFF,0x79,0xFF,0x79,0xFF,0x79,0xFF,0x79,0xFF,0x79,0xFF,0x79,0xFF,
    0x79,0xFF,0x79,0xFF,0x79,0xFF,0x79,0xFF,0x79,0xFF,0x79,0xFF,0x79,0xFF,0x79,0xFF,
    0x79,0xFF,0x79,0xFF,0x79,0xFF,0x7A,0xFF,0x7A,0xFF,0x7A,0xFF,0x7A,0xFF,0x7A,0xFF,
    0x7A,0xFF,0x7A,0xFF,0x7A,0xFF,0x7A,0xFF,0x7A,0xFF,0x7A,0xFF,0x7A,0xFF,0x7A,0xFF,
    0x7A,0xFF,0x7A,0xFF,0x7A,0xFF,0x7A,0xFF,0x7A,0xFF,0x7A,0xFF,0x7A,0xFF,0x7A,0xFF,
    0x7B,0xFF,0x9B,0xFF,0x9B,0xFF,0x9B,0xFF,0x9B,0xFF,0x9B,0xFF,0x9B,0xFF,0x9B,0xFF,
    0x9B,0xFF,0x9B,0xFF,0x9B,0xFF,0x9B,0xFF,0x9B,0xFF,0x9B,0xFF,0x9B,0xFF,0x9B,0xFF,
    0x9B,0xFF,0x9B,0xFF,0x9B,0xFF,0x9B,0xFF,0x9B,0xFF,0x9B,0xFF,0x9C,0xFF,0x9C,0xFF,
    0x9C,0xFF,0x9C,0xFF,0x9C,0xFF,0x9C,0xFF,0x9C,0xFF,0x9C,0xFF,0x9C,0xFF,0x9C,0xFF,
    0x9C,0xFF,0x9C,0xFF,0x9C,0xFF,0x9C,0xFF,0x9C,0xFF,0x9C,0xFF,0x9C,0xFF,0x9C,0xFF,
    0x9C,0xFF,0x9C,0xFF,0x9C,0xFF,0x9C,0xFF,0x9C,0xFF,0x9C,0xFF,0x9C,0xFF,0x9C,0xFF,
    0x9C,0xFF,0x9C,0xFF,0x9C,0xFF,0x9C,0xFF,0x9C,0xFF,0x9C,0xFF,0x9C,0xFF,0x9C,0xFF,
    0x9C,0xFF,0x9C,0xFF,0x9C,0xFF,0x9C,0xFF,0x9C,0xFF,0x9C,0xFF,0x9C,0xFF,0x9C,0xFF,
    0x9C,0xFF,0x9C,0xFF,0x9C,0xFF,0x9C,0xFF,0x9C,0xFF,0x9C,0xFF,0x9C,0xFF,0x9C,0xFF,
    0x9C,0xFF,0x9C,0xFF,0x9C,0xFF,0x9C,0xFF,0x9C,0xFF,0x9C,0xFF,0x9C,0xFF,0x9C,0xFF,
    0x9C,0xFF,0x9C,0xFF,0x9C,0xFF,0x9C,0xFF,0x9C,0xFF,0x9C,0xFF,0x9C,0xFF,0x9C,0xFF,
    0x9C,0xFF,0x9C,0xFF,0x9C,0xFF,0x9C,0xFF,0x9B,0xFF,0x9B,0xFF,0x9B,0xFF,0x9B,0xFF,
    0x9B,0xFF,0x9B,0xFF,0x9B,0xFF,0x9B,0xFF,0x9B,0xFF,0x9B,0xFF,0x9B,0xFF,0x9B,0xFF,
    0x9B,0xFF,0x9B,0xFF,0x9B,0xFF,0x9B,0xFF,0x9B,0xFF,0x9B,0xFF,0x9B,0xFF,0x9B,0xFF,
    0x9B,0xFF,0x9B,0xFF,0x7B,0xFF,0x7A,0xFF,0x7A,0xFF,0x7A,0xFF,0x7A,0xFF,0x7A,0xFF,
    0x7A,0xFF,0x7A,0xFF,0x7A,0xFF,0x7A,0xFF,0x7A,0xFF,0x7A,0xFF,0x7A,0xFF,0x7A,0xFF,
    0x7A,0xFF,0x7A,0xFF,0x7A,0xFF,0x7A,0xFF,0x7A,0xFF,0x7A,0xFF,0x7A,0xFF,0x7A,0xFF,
    0x7A,0xFF,0x7A,0xFF,0x7A,0xFF,0x7A,0xFF,0x7A,0xFF,0x7A,0xFF,0x7A,0xFF,0x7A,0xFF,
    0x7A,0xFF,0x7A,0xFF,0x7A,0xFF,0x7A,0xFF,0x7A,0xFF,0x7A,0xFF,0x7A,0xFF,0x7A,0xFF,
    0x7A,0xFF,0x7A,0xFF,0x7A,0xFF,0x7A,0xFF,0x7A,0xFF,0x7A,0xFF,0x7A,0xFF,0x7A,0xFF,
    0x7A,0xFF,0x7A,0xFF,0x7A,0xFF,0x7A,0xFF,0x7A,0xFF,0x7A,0xFF,0x7A,0xFF,0x7A,0xFF,
    0x7A,0xFF,0x7A,0xFF,0x7A,0xFF,0x7A,0xFF,0x7A,0xFF,0x7A,0xFF,0x7B,0xFF,0x9B,0xFF,
    0x9B,0xFF,0x9B,0xFF,0x9B,0xFF,0x9B,0xFF,0x9B,0xFF,0x9B,0xFF,0x9B,0xFF,0x9B,0xFF,
    0x9B,0xFF,0x9B,0xFF,0x9B,0xFF,0x9B,0xFF,0x9B,0xFF,0x9B,0xFF,0x9B,0xFF,0x9B,0xFF,
    0x9B,0xFF,0x9B,0xFF,0x9B,0xFF,0x9B,0xFF,0x9B,0xFF,0x9C,0xFF,0x9C,0xFF,0x9C,0xFF,
    0x9C,0xFF,0x9C,0xFF,0x9C,0xFF,0x9C,0xFF,0x9C,0xFF,0x9C,0xFF,0x9C,0xFF,0x9C,0xFF,
    0x9C,0xFF,0x9C,0xFF,0x9C,0xFF,0x9C,0xFF,0x9C,0xFF,0x9C,0xFF,0x9C,0xFF,0x9C,0xFF,
    0x9C,0xFF,0x9C,0xFF,0x9C,0xFF,0x9C,0xFF,0x9C,0xFF,0x9C,0xFF,0x9C,0xFF,0x9C,0xFF,
    0x9C,0xFF,0x9C,0xFF,0x9C,0xFF,0x9C,0xFF,0x9C,0xFF,0x9C,0xFF,0x9C,0xFF,0x9C,0xFF,
    0x9C,0xFF,0x9C,0xFF,0x9C,0xFF,0x9C,0xFF,0x9C,0xFF,0x9C,0xFF,0x9C,0xFF,0x9C,0xFF,
    0x9C,0xFF,0x9C,0xFF,0x9C,0xFF,0x9C,0xFF,0x9C,0xFF,0x9C,0xFF,0x9C,0xFF,0x9C,0xFF,
    0x9C,0xFF,0x9C,0xFF,0x9C,0xFF,0x9C,0xFF,0x9C,0xFF,0x9C,0xFF,0x9C,0xFF,0x9C,0xFF,
    0x9C,0xFF,0x9C,0xFF,0x9C,0xFF,0x9C,0xFF,0x9C,0xFF,0x9C,0xFF,0x9C,0xFF,0x9C,0xFF,
    0x9C,0xFF,0x9C,0xFF,0x9C,0xFF,0x9C,0xFF,0x9C,0xFF,0x9B,0xFF,0x9B,0xFF,0x9B,0xFF,
    0x9B,0xFF,0x9B,0xFF,0x9B,0xFF,0x9B,0xFF,0x9B,0xFF,0x9B,0xFF,0x9B,0xFF,0x9B,0xFF,
    0x9B,0xFF,0x9B,0xFF,0x9B,0xFF,0x9B,0xFF,0x9B,0xFF,0x9B,0xFF,0x9B,0xFF,0x9B,0xFF,
    0x9B,0xFF,0x9B,0xFF,0x9B,0xFF,0x9B,0xFF,0x7B,0xFF,0x7B,0xFF,0x7A,0xFF,0x7A,0xFF,
    0x7A,0xFF,0x7A,0xFF,0x7A,0xFF,0x7A,0xFF,0x7A,0xFF,0x7A,0xFF,0x7A,0xFF,0x7A,0xFF,
    0x7A,0xFF,0x7A,0xFF,0x7A,0xFF,0x7A,0xFF,0x7A,0xFF,0x7A,0xFF,0x7A,0xFF,0x7A,0xFF,
    0x7A,0xFF,0x7A,0xFF,0x7A,0xFF,0x7A,0xFF,0x7A,0xFF,0x7A,0xFF,0x7A,0xFF,0x7A,0xFF,
    0x7A,0xFF,0x7A,0xFF,0x7A,0xFF,0x7A,0xFF,0x7A,0xFF,0x7A,0xFF,0x7A,0xFF,0x7A,0xFF,
    0x7A,0xFF,0x7A,0xFF,0x7A,0xFF,0x7A,0xFF,0x7A,0xFF,0x7A,0xFF,0x7A,0xFF,0x7A,0xFF,
    0x7A,0xFF,0x7A,0xFF,0x7A,0xFF,0x7A,0xFF,0x7A,0xFF,0x7A,0xFF,0x7A,0xFF,0x7A,0xFF,
    0x7A,0xFF,0x7A,0xFF,0x7A,0xFF,0x7B,0xFF,0x7B,0xFF,0x9B,0xFF,0x9B,0xFF,0x9B,0xFF,
    0x9B,0xFF,0x9B,0xFF,0x9B,0xFF,0x9B,0xFF,0x9B,0xFF,0x9B,0xFF,0x9B,0xFF,0x9B,0xFF,
    0x9B,0xFF,0x9B,0xFF,0x9B,0xFF,0x9B,0xFF,0x9B,0xFF,0x9B,0xFF,0x9B,0xFF,0x9B,0xFF,
    0x9B,0xFF,0x9B,0xFF,0x9B,0xFF,0x9B,0xFF,0x9C,0xFF,0x9C,0xFF,0x9C,0xFF,0x9C,0xFF,
    0x9C,0xFF,0x9C,0xFF,0x9C,0xFF,0x9C,0xFF,0x9C,0xFF,0x9C,0xFF,0x9C,0xFF,0x9C,0xFF,
    0x9C,0xFF,0x9C,0xFF,0x9C,0xFF,0x9C,0xFF,0x9C,0xFF,0x9C,0xFF,0x9C,0xFF,0x9C,0xFF,
    0x9C,0xFF,0x9C,0xFF,0x9C,0xFF,0x9C,0xFF,0x9C,0xFF,0x9C,0xFF,0x9C,0xFF,0x9C,0xFF,
    0x9C,0xFF,0x9C,0xFF,0x9C,0xFF,0x9C,0xFF,0x9C,0xFF,0x9C,0xFF,0x9C,0xFF,0x9C,0xFF,
    0x9C,0xFF,0x9C,0xFF,0x9C,0xFF,0x9C,0xFF,0x9C,0xFF,0x9C,0xFF,0x9C,0xFF,0x9C,0xFF,
    0x9C,0xFF,0x9C,0xFF,0x9C,0xFF,0x9C,0xFF,0x9C,0xFF,0x9C,0xFF,0x9C,0xFF,0x9C,0xFF,
    0x9C,0xFF,0x9C,0xFF,0x9C,0xFF,0x9C,0xFF,0x9C,0xFF,0x9C,0xFF,0x9C,0xFF,0x9C,0xFF,
    0x9C,0xFF,0x9C,0xFF,0x9C,0xFF,0x9C,0xFF,0x9C,0xFF,0x9C,0xFF,0x9C,0xFF,0x9C,0xFF,
    0x9C,0xFF,0x9C,0xFF,0x9C,0xFF,0x9C,0xFF,0x9C,0xFF,0x9C,0xFF,0x9B,0xFF,0x9B,0xFF,
    0x9B,0xFF,0x9B,0xFF,0x9B,0xFF,0x9B,0xFF,0x9B,0xFF,0x9B,0xFF,0x9B,0xFF,0x9B,0xFF,
    0x9B,0xFF,0x9B,0xFF,0x9B,0xFF,0x9B,0xFF,0x9B,0xFF,0x9B,0xFF,0x9B,0xFF,0x9B,0xFF,
    0x9B,0xFF,0x9B,0xFF,0x9B,0xFF,0x9B,0xFF,0x9B,0xFF,0x9B,0xFF,0x9B,0xFF,0x7B,0xFF,
    0x7A,0xFF,0x7A,0xFF,0x7A,0xFF,0x7A,0xFF,0x7A,0xFF,0x7A,0xFF,0x7A,0xFF,0x7A,0xFF,
    0x7A,0xFF,0x7A,0xFF,0x7A,0xFF,0x7A,0xFF,0x7A,0xFF,0x7A,0xFF,0x7A,0xFF,0x7A,0xFF,
    0x7A,0xFF,0x7A,0xFF,0x7A,0xFF,0x7A,0xFF,0x7A,0xFF,0x7A,0xFF,0x7A,0xFF,0x7A,0xFF,
    0x7A,0xFF,0x7A,0xFF,0x7A,0xFF,0x7A,0xFF,0x7A,0xFF,0x7A,0xFF,0x7A,0xFF,0x7A,0xFF,
    0x7A,0xFF,0x7A,0xFF,0x7A,0xFF,0x7A,0xFF,0x7A,0xFF,0x7A,0xFF,0x7A,0xFF,0x7A,0xFF,
    0x7A,0xFF,0x7A,0xFF,0x7A,0xFF,0x7A,0xFF,0x7A,0xFF,0x7A,0xFF,0x7A,0xFF,0x7A,0xFF,
    0x7A,0xFF,0x7B,0xFF,0x9B,0xFF,0x9B,0xFF,0x9B,0xFF,0x9B,0xFF,0x9B,0xFF,0x9B,0xFF,
    0x9B,0xFF,0x9B,0xFF,0x9B,0xFF,0x9B,0xFF,0x9B,0xFF,0x9B,0xFF,0x9B,0xFF,0x9B,0xFF,
    0x9B,0xFF,0x9B,0xFF,0x9B,0xFF,0x9B,0xFF,0x9B,0xFF,0x9B,0xFF,0x9B,0xFF,0x9B,0xFF,
    0x9B,0xFF,0x9B,0xFF,0x9B,0xFF,0x9C,0xFF,0x9C,0xFF,0x9C,0xFF,0x9C,0xFF,0x9C,0xFF,
    0x9C,0xFF,0x9C,0xFF,0x9C,0xFF,0x9C,0xFF,0x9C,0xFF,0x9C,0xFF,0x9C,0xFF,0x9C,0xFF,
    0x9C,0xFF,0x9C,0xFF,0x9C,0xFF,0x9C,0xFF,0x9C,0xFF,0x9C,0xFF,0x9C,0xFF,0x9C,0xFF,
    0x9C,0xFF,0x9C,0xFF,0x9C,0xFF,0x9C,0xFF,0x9C,0xFF,0x9C,0xFF,0x9C,0xFF,0x9C,0xFF,
    0x9C,0xFF,0x9C,0xFF,0x9C,0xFF,0x9C,0xFF,0x9C,0xFF,0x9C,0xFF,0x9C,0xFF,0x9C,0xFF,
    0x9C,0xFF,0x9C,0xFF,0x9C,0xFF,0x9C,0xFF,0x9C,0xFF,0x9C,0xFF,0x9C,0xFF,0x9C,0xFF,
    0x9C,0xFF,0x9C,0xFF,0x9C,0xFF,0x9C,0xFF,0x9C,0xFF,0x9C,0xFF,0x9C,0xFF,0x9C,0xFF,
    0x9C,0xFF,0x9C,0xFF,0x9C,0xFF,0x9C,0xFF,0x9C,0xFF,0x9C,0xFF,0x9C,0xFF,0x9C,0xFF,
    0x9C,0xFF,0x9C,0xFF,0x9C,0xFF,0x9C,0xFF,0x9C,0xFF,0x9C,0xFF,0x9C,0xFF,0x9C,0xFF,
    0x9C,0xFF,0x9C,0xFF,0x9C,0xFF,0x9C,0xFF,0x9C,0xFF,0x9C,0xFF,0x9C,0xFF,0x9C,0xFF,
    0x9B,0xFF,0x9B,0xFF,0x9B,0xFF,0x9B,0xFF,0x9B,0xFF,0x9B,0xFF,0x9B,0xFF,0x9B,0xFF,
    0x9B,0xFF,0x9B,0xFF,0x9B,0xFF,0x9B,0xFF,0x9B,0xFF,0x9B,0xFF,0x9B,0xFF,0x9B,0xFF,
    0x9B,0xFF,0x9B,0xFF,0x9B,0xFF,0x9B,0xFF,0x9B,0xFF,0x9B,0xFF,0x9B,0xFF,0x9B,0xFF,
    0x9B,0xFF,0x9B,0xFF,0x7B,0xFF,0x7B,0xFF,0x7A,0xFF,0x7A,0xFF,0x7A,0xFF,0x7A,0xFF,
    0x7A,0xFF,0x7A,0xFF,0x7A,0xFF,0x7A,0xFF,0x7A,0xFF,0x7A,0xFF,0x7A,0xFF,0x7A,0xFF,
    0x7A,0xFF,0x7A,0xFF,0x7A,0xFF,0x7A,0xFF,0x7A,0xFF,0x7A,0xFF,0x7A,0xFF,0x7A,0xFF,
    0x7A,0xFF,0x7A,0xFF,0x7A,0xFF,0x7A,0xFF,0x7A,0xFF,0x7A,0xFF,0x7A,0xFF,0x7A,0xFF,
    0x7A,0xFF,0x7A,0xFF,0x7A,0xFF,0x7A,0xFF,0x7A,0xFF,0x7A,0xFF,0x7A,0xFF,0x7A,0xFF,
    0x7A,0xFF,0x7A,0xFF,0x7A,0xFF,0x7A,0xFF,0x7A,0xFF,0x7B,0xFF,0x7B,0xFF,0x9B,0xFF,
    0x9B,0xFF,0x9B,0xFF,0x9B,0xFF,0x9B,0xFF,0x9B,0xFF,0x9B,0xFF,0x9B,0xFF,0x9B,0xFF,
    0x9B,0xFF,0x9B,0xFF,0x9B,0xFF,0x9B,0xFF,0x9B,0xFF,0x9B,0xFF,0x9B,0xFF,0x9B,0xFF,
    0x9B,0xFF,0x9B,0xFF,0x9B,0xFF,0x9B,0xFF,0x9B,0xFF,0x9B,0xFF,0x9B,0xFF,0x9B,0xFF,
    0x9B,0xFF,0x9C,0xFF,0x9C,0xFF,0x9C,0xFF,0x9C,0xFF,0x9C,0xFF,0x9C,0xFF,0x9C,0xFF,
    0x9C,0xFF,0x9C,0xFF,0x9C,0xFF,0x9C,0xFF,0x9C,0xFF,0x9C,0xFF,0x9C,0xFF,0x9C,0xFF,
    0x9C,0xFF,0x9C,0xFF,0x9C,0xFF,0x9C,0xFF,0x9C,0xFF,0x9C,0xFF,0x9C,0xFF,0x9C,0xFF,
    0x9C,0xFF,0x9C,0xFF,0x9C,0xFF,0x9C,0xFF,0x9C,0xFF,0x9C,0xFF,0x9C,0xFF,0x9C,0xFF,
    0x9C,0xFF,0x9C,0xFF,0x9C,0xFF,0x9C,0xFF,0x9C,0xFF,0x9C,0xFF,0x9C,0xFF,0x9C,0xFF,
    0x9C,0xFF,0x9C,0xFF,0x9C,0xFF,0x9C,0xFF,0x9C,0xFF,0x9C,0xFF,0x9C,0xFF,0x9C,0xFF,
    0x9C,0xFF,0x9C,0xFF,0x9C,0xFF,0x9C,0xFF,0x9C,0xFF,0x9C,0xFF,0x9C,0xFF,0x9C,0xFF,
    0x9C,0xFF,0x9C,0xFF,0x9C,0xFF,0x9C,0xFF,0x9C,0xFF,0x9C,0xFF,0x9C,0xFF,0x9C,0xFF,
    0x9C,0xFF,0x9C,0xFF,0x9C,0xFF,0x9C,0xFF,0x9C,0xFF,0x9C,0xFF,0x9C,0xFF,0x9C,0xFF,
    0x9C,0xFF,0x9C,0xFF,0x9C,0xFF,0x9C,0xFF,0x9C,0xFF,0x9C,0xFF,0x9C,0xFF,0x9C,0xFF,
    0x9C,0xFF,0x9B,0xFF,0x9B,0xFF,0x9B,0xFF,0x9B,0xFF,0x9B,0xFF,0x9B,0xFF,0x9B,0xFF,
    0x9B,0xFF,0x9B,0xFF,0x9B,0xFF,0x9B,0xFF,0x9B,0xFF,0x9B,0xFF,0x9B,0xFF,0x9B,0xFF,
    0x9B,0xFF,0x9B,0xFF,0x9B,0xFF,0x9B,0xFF,0x9B,0xFF,0x9B,0xFF,0x9B,0xFF,0x9B,0xFF,
    0x9B,0xFF,0x9B,0xFF,0x9B,0xFF,0x9B,0xFF,0x9B,0xFF,0x7B,0xFF,0x7B,0xFF,0x7A,0xFF,
    0x7A,0xFF,0x7A,0xFF,0x7A,0xFF,0x7A,0xFF,0x7A,0xFF,0x7A,0xFF,0x7A,0xFF,0x7A,0xFF,
    0x7A,0xFF,0x7A,0xFF,0x7A,0xFF,0x7A,0xFF,0x7A,0xFF,0x7A,0xFF,0x7A,0xFF,0x7A,0xFF,
    0x7A,0xFF,0x7A,0xFF,0x7A,0xFF,0x7A,0xFF,0x7A,0xFF,0x7A,0xFF,0x7A,0xFF,0x7A,0xFF,
    0x7A,0xFF,0x7A,0xFF,0x7A,0xFF,0x7A,0xFF,0x7A,0xFF,0x7A,0xFF,0x7A,0xFF,0x7A,0xFF,
    0x7A,0xFF,0x7A,0xFF,0x7B,0xFF,0x7B,0xFF,0x9B,0xFF,0x9B,0xFF,0x9B,0xFF,0x9B,0xFF,
    0x9B,0xFF,0x9B,0xFF,0x9B,0xFF,0x9B,0xFF,0x9B,0xFF,0x9B,0xFF,0x9B,0xFF,0x9B,0xFF,
    0x9B,0xFF,0x9B,0xFF,0x9B,0xFF,0x9B,0xFF,0x9B,0xFF,0x9B,0xFF,0x9B,0xFF,0x9B,0xFF,
    0x9B,0xFF,0x9B,0xFF,0x9B,0xFF,0x9B,0xFF,0x9B,0xFF,0x9B,0xFF,0x9B,0xFF,0x9B,0xFF,
    0x9C,0xFF,0x9C,0xFF,0x9C,0xFF,0x9C,0xFF,0x9C,0xFF,0x9C,0xFF,0x9C,0xFF,0x9C,0xFF,
    0x9C,0xFF,0x9C,0xFF,0x9C,0xFF,0x9C,0xFF,0x9C,0xFF,0x9C,0xFF,0x9C,0xFF,0x9C,0xFF,
    0x9C,0xFF,0x9C,0xFF,0x9C,0xFF,0x9C,0xFF,0x9C,0xFF,0x9C,0xFF,0x9C,0xFF,0x9C,0xFF,
    0x9C,0xFF,0x9C,0xFF,0x9C,0xFF,0x9C,0xFF,0x9C,0xFF,0x9C,0xFF,0x9C,0xFF,0x9C,0xFF,
    0x9C,0xFF,0x9C,0xFF,0x9C,0xFF,0x9C,0xFF,0x9C,0xFF,0x9C,0xFF,0x9C,0xFF,0x9C,0xFF,
    0x9C,0xFF,0x9C,0xFF,0x9C,0xFF,0x9C,0xFF,0x9C,0xFF,0x9C,0xFF,0x9C,0xFF,0x9C,0xFF,
    0x9C,0xFF,0x9C,0xFF,0x9C,0xFF,0x9C,0xFF,0x9C,0xFF,0x9C,0xFF,0x9C,0xFF,0x9C,0xFF,
    0x9C,0xFF,0x9C,0xFF,0x9C,0xFF,0x9C,0xFF,0x9C,0xFF,0x9C,0xFF,0x9C,0xFF,0x9C,0xFF,
    0x9C,0xFF,0x9C,0xFF,0x9C,0xFF,0x9C,0xFF,0x9C,0xFF,0x9C,0xFF,0x9C,0xFF,0x9C,0xFF,
    0x9C,0xFF,0x9C,0xFF,0x9C,0xFF,0x9C,0xFF,0x9C,0xFF,0x9C,0xFF,0x9C,0xFF,0x9C,0xFF,
    0x9C,0xFF,0x9C,0xFF,0x9C,0xFF,0x9B,0xFF,0x9B,0xFF,0x9B,0xFF,0x9B,0xFF,0x9B,0xFF,
    0x9B,0xFF,0x9B,0xFF,0x9B,0xFF,0x9B,0xFF,0x9B,0xFF,0x9B,0xFF,0x9B,0xFF,0x9B,0xFF,
    0x9B,0xFF,0x9B,0xFF,0x9B,0xFF,0x9B,0xFF,0x9B,0xFF,0x9B,0xFF,0x9B,0xFF,0x9B,0xFF,
    0x9B,0xFF,0x9B,0xFF,0x9B,0xFF,0x9B,0xFF,0x9B,0xFF,0x9B,0xFF,0x9B,0xFF,0x9B,0xFF,
    0x9B,0xFF,0x9B,0xFF,0x7B,0xFF,0x7B,0xFF,0x7B,0xFF,0x7A,0xFF,0x7A,0xFF,0x7A,0xFF,
    0x7A,0xFF,0x7A,0xFF,0x7A,0xFF,0x7A,0xFF,0x7A,0xFF,0x7A,0xFF,0x7A,0xFF,0x7A,0xFF,
    0x7A,0xFF,0x7A,0xFF,0x7A,0xFF,0x7A,0xFF,0x7A,0xFF,0x7A,0xFF,0x7A,0xFF,0x7A,0xFF,
    0x7A,0xFF,0x7A,0xFF,0x7A,0xFF,0x7A,0xFF,0x7B,0xFF,0x7B,0xFF,0x7B,0xFF,0x9B,0xFF,
    0x9B,0xFF,0x9B,0xFF,0x9B,0xFF,0x9B,0xFF,0x9B,0xFF,0x9B,0xFF,0x9B,0xFF,0x9B,0xFF,
    0x9B,0xFF,0x9B,0xFF,0x9B,0xFF,0x9B,0xFF,0x9B,0xFF,0x9B,0xFF,0x9B,0xFF,0x9B,0xFF,
    0x9B,0xFF,0x9B,0xFF,0x9B,0xFF,0x9B,0xFF,0x9B,0xFF,0x9B,0xFF,0x9B,0xFF,0x9B,0xFF,
    0x9B,0xFF,0x9B,0xFF,0x9B,0xFF,0x9B,0xFF,0x9B,0xFF,0x9B,0xFF,0x9C,0xFF,0x9C,0xFF,
    0x9C,0xFF,0x9C,0xFF,0x9C,0xFF,0x9C,0xFF,0x9C,0xFF,0x9C,0xFF,0x9C,0xFF,0x9C,0xFF,
    0x9C,0xFF,0x9C,0xFF,0x9C,0xFF,0x9C,0xFF,0x9C,0xFF,0x9C,0xFF,0x9C,0xFF,0x9C,0xFF,
    0x9C,0xFF,0x9C,0xFF,0x9C,0xFF,0x9C,0xFF,0x9C,0xFF,0x9C,0xFF,0x9C,0xFF,0x9C,0xFF,
    0x9C,0xFF,0x9C,0xFF,0x9C,0xFF,0x9C,0xFF,0x9C,0xFF,0x9C,0xFF,0x9C,0xFF,0x9C,0xFF,
    0x9C,0xFF,0x9C,0xFF,0x9C,0xFF,0x9C,0xFF,0x9C,0xFF,0x9C,0xFF,0x9C,0xFF,0x9C,0xFF,
    0x9C,0xFF,0x9C,0xFF,0x9C,0xFF,0x9C,0xFF,0x9C,0xFF,0x9C,0xFF,0x9C,0xFF,0x9C,0xFF,
    0x9C,0xFF,0x9C,0xFF,0x9C,0xFF,0x9C,0xFF,0x9C,0xFF,0x9C,0xFF,0x9C,0xFF,0x9C,0xFF,
    0x9C,0xFF,0x9C,0xFF,0x9C,0xFF,0x9C,0xFF,0x9C,0xFF,0x9C,0xFF,0x9C,0xFF,0x9C,0xFF,
    0x9C,0xFF,0x9C,0xFF,0x9C,0xFF,0x9C,0xFF,0x9C,0xFF,0x9C,0xFF,0x9C,0xFF,0x9C,0xFF,
    0x9C,0xFF,0x9C,0xFF,0x9C,0xFF,0x9C,0xFF,0x9C,0xFF,0x9C,0xFF,0x9C,0xFF,0x9C,0xFF,
    0x9C,0xFF,0x9C,0xFF,0x9C,0xFF,0x9C,0xFF,0x9C,0xFF,0x9B,0xFF,0x9B,0xFF,0x9B,0xFF,
    0x9B,0xFF,0x9B,0xFF,0x9B,0xFF,0x9B,0xFF,0x9B,0xFF,0x9B,0xFF,0x9B,0xFF,0x9B,0xFF,
    0x9B,0xFF,0x9B,0xFF,0x9B,0xFF,0x9B,0xFF,0x9B,0xFF,0x9B,0xFF,0x9B,0xFF,0x9B,0xFF,
    0x9B,0xFF,0x9B,0xFF,0x9B,0xFF,0x9B,0xFF,0x9B,0xFF,0x9B,0xFF,0x9B,0xFF,0x9B,0xFF,
    0x9B,0xFF,0x9B,0xFF,0x9B,0xFF,0x9B,0xFF,0x9B,0xFF,0x9B,0xFF,0x9B,0xFF,0x9B,0xFF,
    0x9B,0xFF,0x9B,0xFF,0x7B,0xFF,0x7B,0xFF,0x7B,0xFF,0x7B,0xFF,0x7B,0xFF,0x7B,0xFF,
    0x7B,0xFF,0x7B,0xFF,0x7B,0xFF,0x7B,0xFF,0x7B,0xFF,0x7B,0xFF,0x7B,0xFF,0x9B,0xFF,
    0x9B,0xFF,0x9B,0xFF,0x9B,0xFF,0x9B,0xFF,0x9B,0xFF,0x9B,0xFF,0x9B,0xFF,0x9B,0xFF,
    0x9B,0xFF,0x9B,0xFF,0x9B,0xFF,0x9B,0xFF,0x9B,0xFF,0x9B,0xFF,0x9B,0xFF,0x9B,0xFF,
    0x9B,0xFF,0x9B,0xFF,0x9B,0xFF,0x9B,0xFF,0x9B,0xFF,0x9B,0xFF,0x9B,0xFF,0x9B,0xFF,
    0x9B,0xFF,0x9B,0xFF,0x9B,0xFF,0x9B,0xFF,0x9B,0xFF,0x9B,0xFF,0x9B,0xFF,0x9B,0xFF,
    0x9B,0xFF,0x9B,0xFF,0x9B,0xFF,0x9B,0xFF,0x9C,0xFF,0x9C,0xFF,0x9C,0xFF,0x9C,0xFF,
    0x9C,0xFF,0x9C,0xFF,0x9C,0xFF,0x9C,0xFF,0x9C,0xFF,0x9C,0xFF,0x9C,0xFF,0x9C,0xFF,
    0x9C,0xFF,0x9C,0xFF,0x9C,0xFF,0x9C,0xFF,0x9C,0xFF,0x9C,0xFF,0x9C,0xFF,0x9C,0xFF,
    0x9C,0xFF,0x9C,0xFF,0x9C,0xFF,0x9C,0xFF,0x9C,0xFF,0x9C,0xFF,0x9C,0xFF,0x9C,0xFF,
    0x9C,0xFF,0x9C,0xFF,0x9C,0xFF,0x9C,0xFF,0x9C,0xFF,0x9C,0xFF,0x9C,0xFF,0x9C,0xFF,
    0x9C,0xFF,0x9C,0xFF,0x9C,0xFF,0x9C,0xFF,0x9C,0xFF,0x9C,0xFF,0x9C,0xFF,0x9C,0xFF,
    0x9C,0xFF,0x9C,0xFF,0x9C,0xFF,0x9C,0xFF,0x9C,0xFF,0x9C,0xFF,0x9C,0xFF,0x9C,0xFF,
    0x9C,0xFF,0x9C,0xFF,0x9C,0xFF,0x9C,0xFF,0x9C,0xFF,0x9C,0xFF,0x9C,0xFF,0x9C,0xFF,
    0x9C,0xFF,0x9C,0xFF,0x9C,0xFF,0x9C,0xFF,0x9C,0xFF,0x9C,0xFF,0x9C,0xFF,0x9C,0xFF,
    0x9C,0xFF,0x9C,0xFF,0x9C,0xFF,0x9C,0xFF,0x9C,0xFF,0x9C,0xFF,0x9C,0xFF,0x9C,0xFF,
    0x9C,0xFF,0x9C,0xFF,0x9C,0xFF,0x9C,0xFF,0x9C,0xFF,0x9C,0xFF,0x9C,0xFF,0x9C,0xFF,
    0x9C,0xFF,0x9C,0xFF,0x9C,0xFF,0x9C,0xFF,0x9C,0xFF,0x9C,0xFF,0x9C,0xFF,0x9B,0xFF,
    0x9B,0xFF,0x9B,0xFF,0x9B,0xFF,0x9B,0xFF,0x9B,0xFF,0x9B,0xFF,0x9B,0xFF,0x9B,0xFF,
    0x9B,0xFF,0x9B,0xFF,0x9B,0xFF,0x9B,0xFF,0x9B,0xFF,0x9B,0xFF,0x9B,0xFF,0x9B,0xFF,
    0x9B,0xFF,0x9B,0xFF,0x9B,0xFF,0x9B,0xFF,0x9B,0xFF,0x9B,0xFF,0x9B,0xFF,0x9B,0xFF,
    0x9B,0xFF,0x9B,0xFF,0x9B,0xFF,0x9B,0xFF,0x9B,0xFF,0x9B,0xFF,0x9B,0xFF,0x9B,0xFF,
    0x9B,0xFF,0x9B,0xFF,0x9B,0xFF,0x9B,0xFF,0x9B,0xFF,0x9B,0xFF,0x9B,0xFF,0x9B,0xFF,
    0x9B,0xFF,0x9B,0xFF,0x9B,0xFF,0x9B,0xFF,0x9B,0xFF,0x9B,0xFF,0x9B,0xFF,0x9B,0xFF,
    0x9B,0xFF,0x9B,0xFF,0x9B,0xFF,0x9B,0xFF,0x9B,0xFF,0x9B,0xFF,0x9B,0xFF,0x9B,0xFF,
    0x9B,0xFF,0x9B,0xFF,0x9B,0xFF,0x9B,0xFF,0x9B,0xFF,0x9B,0xFF,0x9B,0xFF,0x9B,0xFF,
    0x9B,0xFF,0x9B,0xFF,0x9B,0xFF,0x9B,0xFF,0x9B,0xFF,0x9B,0xFF,0x9B,0xFF,0x9B,0xFF,
    0x9B,0xFF,0x9B,0xFF,0x9B,0xFF,0x9B,0xFF,0x9B,0xFF,0x9B,0xFF,0x9B,0xFF,0x9B,0xFF,
    0x9B,0xFF,0x9B,0xFF,0x9C,0xFF,0x9C,0xFF,0x9C,0xFF,0x9C,0xFF,0x9C,0xFF,0x9C,0xFF,
    0x9C,0xFF,0x9C,0xFF,0x9C,0xFF,0x9C,0xFF,0x9C,0xFF,0x9C,0xFF,0x9C,0xFF,0x9C,0xFF,
    0x9C,0xFF,0x9C,0xFF,0x9C,0xFF,0x9C,0xFF,0x9C,0xFF,0x9C,0xFF,0x9C,0xFF,0x9C,0xFF,
    0x9C,0xFF,0x9C,0xFF,0x9C,0xFF,0x9C,0xFF,0x9C,0xFF,0x9C,0xFF,0x9C,0xFF,0x9C,0xFF,
    0x9C,0xFF,0x9C,0xFF,0x9C,0xFF,0x9C,0xFF,0x9C,0xFF,0x9C,0xFF,0x9C,0xFF,0x9C,0xFF,
    0x9C,0xFF,0x9C,0xFF,0x9C,0xFF,0x9C,0xFF,0x9C,0xFF,0x9C,0xFF,0x9C,0xFF,0x9C,0xFF,
    0x9C,0xFF,0x9C,0xFF,0x9C,0xFF,0x9C,0xFF,0x9C,0xFF,0x9C,0xFF,0x9C,0xFF,0x9C,0xFF,
    0x9C,0xFF,0x9C,0xFF,0x9C,0xFF,0x9C,0xFF,0x9C,0xFF,0x9C,0xFF,0x9C,0xFF,0x9C,0xFF,
    0x9C,0xFF,0x9C,0xFF,0x9C,0xFF,0x9C,0xFF,0x9C,0xFF,0x9C,0xFF,0x9C,0xFF,0x9C,0xFF,
    0x9C,0xFF,0x9C,0xFF,0x9C,0xFF,0x9C,0xFF,0x9C,0xFF,0x9C,0xFF,0x9C,0xFF,0x9C,0xFF,
    0x9C,0xFF,0x9C,0xFF,0x9C,0xFF,0x9C,0xFF,0x9C,0xFF,0x9C,0xFF,0x9C,0xFF,0x9C,0xFF,
    0x9C,0xFF,0x9C,0xFF,0x9C,0xFF,0x9C,0xFF,0x9C,0xFF,0x9C,0xFF,0x9C,0xFF,0x9C,0xFF,
    0x9C,0xFF,0x9B,0xFF,0x9B,0xFF,0x9B,0xFF,0x9B,0xFF,0x9B,0xFF,0x9B,0xFF,0x9B,0xFF,
    0x9B,0xFF,0x9B,0xFF,0x9B,0xFF,0x9B,0xFF,0x9B,0xFF,0x9B,0xFF,0x9B,0xFF,0x9B,0xFF,
    0x9B,0xFF,0x9B,0xFF,0x9B,0xFF,0x9B,0xFF,0x9B,0xFF,0x9B,0xFF,0x9B,0xFF,0x9B,0xFF,
    0x9B,0xFF,0x9B,0xFF,0x9B,0xFF,0x9B,0xFF,0x9B,0xFF,0x9B,0xFF,0x9B,0xFF,0x9B,0xFF,
    0x9B,0xFF,0x9B,0xFF,0x9B,0xFF,0x9B,0xFF,0x9B,0xFF,0x9B,0xFF,0x9B,0xFF,0x9B,0xFF,
    0x9B,0xFF,0x9B,0xFF,0x9B,0xFF,0x9B,0xFF,0x9B,0xFF,0x9B,0xFF,0x9B,0xFF,0x9B,0xFF,
    0x9B,0xFF,0x9B,0xFF,0x9B,0xFF,0x9B,0xFF,0x9B,0xFF,0x9B,0xFF,0x9B,0xFF,0x9B,0xFF,
    0x9B,0xFF,0x9B,0xFF,0x9B,0xFF,0x9B,0xFF,0x9B,0xFF,0x9B,0xFF,0x9B,0xFF,0x9B,0xFF,
    0x9B,0xFF,0x9B,0xFF,0x9B,0xFF,0x9B,0xFF,0x9B,0xFF,0x9B,0xFF,0x9B,0xFF,0x9B,0xFF,
    0x9B,0xFF,0x9B,0xFF,0x9B,0xFF,0x9B,0xFF,0x9B,0xFF,0x9B,0xFF,0x9B,0xFF,0x9B,0xFF,
    0x9C,0xFF,0x9C,0xFF,0x9C,0xFF,0x9C,0xFF,0x9C,0xFF,0x9C,0xFF,0x9C,0xFF,0x9C,0xFF,
    0x9C,0xFF,0x9C,0xFF,0x9C,0xFF,0x9C,0xFF,0x9C,0xFF,0x9C,0xFF,0x9C,0xFF,0x9C,0xFF,
    0x9C,0xFF,0x9C,0xFF,0x9C,0xFF,0x9C,0xFF,0x9C,0xFF,0x9C,0xFF,0x9C,0xFF,0x9C,0xFF,
    0x9C,0xFF,0x9C,0xFF,0x9C,0xFF,0x9C,0xFF,0x9C,0xFF,0x9C,0xFF,0x9C,0xFF,0x9C,0xFF,
    0x9C,0xFF,0x9C,0xFF,0x9C,0xFF,0x9C,0xFF,0x9C,0xFF,0x9C,0xFF,0x9C,0xFF,0x9C,0xFF,
    0x9C,0xFF,0x9C,0xFF,0x9C,0xFF,0x9C,0xFF,0x9C,0xFF,0x9C,0xFF,0x9C,0xFF,0x9C,0xFF,
    0x9C,0xFF,0x9C,0xFF,0x9C,0xFF,0x9C,0xFF,0x9C,0xFF,0x9C,0xFF,0x9C,0xFF,0x9C,0xFF,
    0x9C,0xFF,0x9C,0xFF,0x9C,0xFF,0x9C,0xFF,0x9C,0xFF,0x9C,0xFF,0x9C,0xFF,0x9C,0xFF,
    0x9C,0xFF,0x9C,0xFF,0x9C,0xFF,0x9C,0xFF,0x9C,0xFF,0x9C,0xFF,0x9C,0xFF,0x9C,0xFF,
    0x9C,0xFF,0x9C,0xFF,0x9C,0xFF,0x9C,0xFF,0x9C,0xFF,0x9C,0xFF,0x9C,0xFF,0x9C,0xFF,
    0x9C,0xFF,0x9C,0xFF,0x9C,0xFF,0x9C,0xFF,0x9C,0xFF,0x9C,0xFF,0x9C,0xFF,0x9C,0xFF,
    0x9C,0xFF,0x9C,0xFF,0x9C,0xFF,0x9C,0xFF,0x9C,0xFF,0x9C,0xFF,0x9C,0xFF,0x9C,0xFF,
    0x9C,0xFF,0x9C,0xFF,0x9C,0xFF,0x9C,0xFF,0x9B,0xFF,0x9B,0xFF,0x9B,0xFF,0x9B,0xFF,
    0x9B,0xFF,0x9B,0xFF,0x9B,0xFF,0x9B,0xFF,0x9B,0xFF,0x9B,0xFF,0x9B,0xFF,0x9B,0xFF,
    0x9B,0xFF,0x9B,0xFF,0x9B,0xFF,0x9B,0xFF,0x9B,0xFF,0x9B,0xFF,0x9B,0xFF,0x9B,0xFF,
    0x9B,0xFF,0x9B,0xFF,0x9B,0xFF,0x9B,0xFF,0x9B,0xFF,0x9B,0xFF,0x9B,0xFF,0x9B,0xFF,
    0x9B,0xFF,0x9B,0xFF,0x9B,0xFF,0x9B,0xFF,0x9B,0xFF,0x9B,0xFF,0x9B,0xFF,0x9B,0xFF,
    0x9B,0xFF,0x9B,0xFF,0x9B,0xFF,0x9B,0xFF,0x9B,0xFF,0x9B,0xFF,0x9B,0xFF,0x9B,0xFF,
    0x9B,0xFF,0x9B,0xFF,0x9B,0xFF,0x9B,0xFF,0x9B,0xFF,0x9B,0xFF,0x9B,0xFF,0x9B,0xFF,
    0x9B,0xFF,0x9B,0xFF,0x9B,0xFF,0x9B,0xFF,0x9B,0xFF,0x9B,0xFF,0x9B,0xFF,0x9B,0xFF,
    0x9B,0xFF,0x9B,0xFF,0x9B,0xFF,0x9B,0xFF,0x9B,0xFF,0x9B,0xFF,0x9B,0xFF,0x9B,0xFF,
    0x9B,0xFF,0x9B,0xFF,0x9B,0xFF,0x9B,0xFF,0x9B,0xFF,0x9C,0xFF,0x9C,0xFF,0x9C,0xFF,
    0x9C,0xFF,0x9C,0xFF,0x9C,0xFF,0x9C,0xFF,0x9C,0xFF,0x9C,0xFF,0x9C,0xFF,0x9C,0xFF,
    0x9C,0xFF,0x9C,0xFF,0x9C,0xFF,0x9C,0xFF,0x9C,0xFF,0x9C,0xFF,0x9C,0xFF,0x9C,0xFF,
    0x9C,0xFF,0x9C,0xFF,0x9C,0xFF,0x9C,0xFF,0x9C,0xFF,0x9C,0xFF,0x9C,0xFF,0x9C,0xFF,
    0x9C,0xFF,0x9C,0xFF,0x9C,0xFF,0x9C,0xFF,0x9C,0xFF,0x9C,0xFF,0x9C,0xFF,0x9C,0xFF,
    0x9C,0xFF,0x9C,0xFF,0x9C,0xFF,0x9C,0xFF,0x9C,0xFF,0x9C,0xFF,0x9C,0xFF,0x9C,0xFF,
    0x9C,0xFF,0x9C,0xFF,0x9C,0xFF,0x9C,0xFF,0x9C,0xFF,0x9C,0xFF,0x9C,0xFF,0x9C,0xFF,
    0x9C,0xFF,0x9C,0xFF,0x9C,0xFF,0x9C,0xFF,0x9C,0xFF,0x9C,0xFF,0x9C,0xFF,0x9C,0xFF,
    0x9C,0xFF,0x9C,0xFF,0x9C,0xFF,0x9C,0xFF,0x9C,0xFF,0x9C,0xFF,0x9C,0xFF,0x9C,0xFF,
    0x9C,0xFF,0x9C,0xFF,0x9C,0xFF,0x9C,0xFF,0x9C,0xFF,0x9C,0xFF,0x9C,0xFF,0x9C,0xFF,
    0x9C,0xFF,0x9C,0xFF,0x9C,0xFF,0x9C,0xFF,0x9C,0xFF,0x9C,0xFF,0x9C,0xFF,0x9C,0xFF,
    0x9C,0xFF,0x9C,0xFF,0x9C,0xFF,0x9C,0xFF,0x9C,0xFF,0x9C,0xFF,0x9C,0xFF,0x9C,0xFF,
    0x9C,0xFF,0x9C,0xFF,0x9C,0xFF,0x9C,0xFF,0x9C,0xFF,0x9C,0xFF,0x9C,0xFF,0x9C,0xFF,
    0x9C,0xFF,0x9C,0xFF,0x9C,0xFF,0x9C,0xFF,0x9C,0xFF,0x9C,0xFF,0x9B,0xFF,0x9B,0xFF,
    0x9B,0xFF,0x9B,0xFF,0x9B,0xFF,0x9B,0xFF,0x9B,0xFF,0x9B,0xFF,0x9B,0xFF,0x9B,0xFF,
    0x9B,0xFF,0x9B,0xFF,0x9B,0xFF,0x9B,0xFF,0x9B,0xFF,0x9B,0xFF,0x9B,0xFF,0x9B,0xFF,
    0x9B,0xFF,0x9B,0xFF,0x9B,0xFF,0x9B,0xFF,0x9B,0xFF,0x9B,0xFF,0x9B,0xFF,0x9B,0xFF,
    0x9B,0xFF,0x9B,0xFF,0x9B,0xFF,0x9B,0xFF,0x9B,0xFF,0x9B,0xFF,0x9B,0xFF,0x9B,0xFF,
    0x9B,0xFF,0x9B,0xFF,0x9B,0xFF,0x9B,0xFF,0x9B,0xFF,0x9B,0xFF,0x9B,0xFF,0x9B,0xFF,
    0x9B,0xFF,0x9B,0xFF,0x9B,0xFF,0x9B,0xFF,0x9B,0xFF,0x9B,0xFF,0x9B,0xFF,0x9B,0xFF,
    0x9B,0xFF,0x9B,0xFF,0x9B,0xFF,0x9B,0xFF,0x9B,0xFF,0x9B,0xFF,0x9B,0xFF,0x9B,0xFF,
    0x9B,0xFF,0x9B,0xFF,0x9B,0xFF,0x9B,0xFF,0x9B,0xFF,0x9B,0xFF,0x9B,0xFF,0x9B,0xFF,
    0x9B,0xFF,0x9B,0xFF,0x9B,0xFF,0x9C,0xFF,0x9C,0xFF,0x9C,0xFF,0x9C,0xFF,0x9C,0xFF,
    0x9C,0xFF,0x9C,0xFF,0x9C,0xFF,0x9C,0xFF,0x9C,0xFF,0x9C,0xFF,0x9C,0xFF,0x9C,0xFF,
    0x9C,0xFF,0x9C,0xFF,0x9C,0xFF,0x9C,0xFF,0x9C,0xFF,0x9C,0xFF,0x9C,0xFF,0x9C,0xFF,
    0x9C,0xFF,0x9C,0xFF,0x9C,0xFF,0x9C,0xFF,0x9C,0xFF,0x9C,0xFF,0x9C,0xFF,0x9C,0xFF,
    0x9C,0xFF,0x9C,0xFF,0x9C,0xFF,0x9C,0xFF,0x9C,0xFF,0x9C,0xFF,0x9C,0xFF,0x9C,0xFF,
    0x9C,0xFF,0x9C,0xFF,0x9C,0xFF,0x9C,0xFF,0x9C,0xFF,0x9C,0xFF,0x9C,0xFF,0x9C,0xFF,
    0x9C,0xFF,0x9C,0xFF,0x9C,0xFF,0x9C,0xFF,0x9C,0xFF,0x9C,0xFF,0x9C,0xFF,0x9C,0xFF,
    0x9C,0xFF,0x9C,0xFF,0x9C,0xFF,0x9C,0xFF,0x9C,0xFF,0x9C,0xFF,0x9C,0xFF,0x9C,0xFF,
    0x9C,0xFF,0x9C,0xFF,0x9C,0xFF,0x9C,0xFF,0x9C,0xFF,0x9C,0xFF,0x9C,0xFF,0x9C,0xFF,
    0x9C,0xFF,0x9C,0xFF,0x9C,0xFF,0x9C,0xFF,0x9C,0xFF,0x9C,0xFF,0x9C,0xFF,0x9C,0xFF,
    0x9C,0xFF,0x9C,0xFF,0x9C,0xFF,0x9C,0xFF,0x9C,0xFF,0x9C,0xFF,0x9C,0xFF,0x9C,0xFF,
    0x9C,0xFF,0x9C,0xFF,0x9C,0xFF,0x9C,0xFF,0x9C,0xFF,0x9C,0xFF,0x9C,0xFF,0x9C,0xFF,
    0x9C,0xFF,0x9C,0xFF,0x9C,0xFF,0x9C,0xFF,0x9C,0xFF,0x9C,0xFF,0x9C,0xFF,0x9C,0xFF,
    0x9C,0xFF,0x9C,0xFF,0x9C,0xFF,0x9C,0xFF,0x9C,0xFF,0x9C,0xFF,0x9C,0xFF,0x9C,0xFF,
    0x9C,0xFF,0x9B,0xFF,0x9B,0xFF,0x9B,0xFF,0x9B,0xFF,0x9B,0xFF,0x9B,0xFF,0x9B,0xFF,
    0x9B,0xFF,0x9B,0xFF,0x9B,0xFF,0x9B,0xFF,0x9B,0xFF,0x9B,0xFF,0x9B,0xFF,0x9B,0xFF,
    0x9B,0xFF,0x9B,0xFF,0x9B,0xFF,0x9B,0xFF,0x9B,0xFF,0x9B,0xFF,0x9B,0xFF,0x9B,0xFF,
    0x9B,0xFF,0x9B,0xFF,0x9B,0xFF,0x9B,0xFF,0x9B,0xFF,0x9B,0xFF,0x9B,0xFF,0x9B,0xFF,
    0x9B,0xFF,0x9B,0xFF,0x9B,0xFF,0x9B,0xFF,0x9B,0xFF,0x9B,0xFF,0x9B,0xFF,0x9B,0xFF,
    0x9B,0xFF,0x9B,0xFF,0x9B,0xFF,0x9B,0xFF,0x9B,0xFF,0x9B,0xFF,0x9B,0xFF,0x9B,0xFF,
    0x9B,0xFF,0x9B,0xFF,0x9B,0xFF,0x9B,0xFF,0x9B,0xFF,0x9B,0xFF,0x9B,0xFF,0x9B,0xFF,
    0x9B,0xFF,0x9B,0xFF,0x9B,0xFF,0x9B,0xFF,0x9B,0xFF,0x9B,0xFF,0x9B,0xFF,0x9B,0xFF,
    0x9C,0xFF,0x9C,0xFF,0x9C,0xFF,0x9C,0xFF,0x9C,0xFF,0x9C,0xFF,0x9C,0xFF,0x9C,0xFF,
    0x9C,0xFF,0x9C,0xFF,0x9C,0xFF,0x9C,0xFF,0x9C,0xFF,0x9C,0xFF,0x9C,0xFF,0x9C,0xFF,
    0x9C,0xFF,0x9C,0xFF,0x9C,0xFF,0x9C,0xFF,0x9C,0xFF,0x9C,0xFF,0x9C,0xFF,0x9C,0xFF,
    0x9C,0xFF,0x9C,0xFF,0x9C,0xFF,0x9C,0xFF,0x9C,0xFF,0x9C,0xFF,0x9C,0xFF,0x9C,0xFF,
    0x9C,0xFF,0x9C,0xFF,0x9C,0xFF,0x9C,0xFF,0x9C,0xFF,0x9C,0xFF,0x9C,0xFF,0x9C,0xFF,
    0x9C,0xFF,0x9C,0xFF,0x9C,0xFF,0x9C,0xFF,0x9C,0xFF,0x9C,0xFF,0x9C,0xFF,0x9C,0xFF,
    0x9C,0xFF,0x9C,0xFF,0x9C,0xFF,0x9C,0xFF,0x9C,0xFF,0x9C,0xFF,0x9C,0xFF,0x9C,0xFF,
    0x9C,0xFF,0x9C,0xFF,0x9C,0xFF,0x9C,0xFF,0x9C,0xFF,0x9C,0xFF,0x9C,0xFF,0x9C,0xFF,
    0x9C,0xFF,0x9C,0xFF,0x9C,0xFF,0x9C,0xFF,0x9C,0xFF,0x9C,0xFF,0x9C,0xFF,0x9C,0xFF,
    0x9C,0xFF,0x9C,0xFF,0x9C,0xFF,0x9C,0xFF,0x9C,0xFF,0x9C,0xFF,0x9C,0xFF,0x9C,0xFF,
    0x9C,0xFF,0x9C,0xFF,0x9C,0xFF,0x9C,0xFF,0x9C,0xFF,0x9C,0xFF,0x9C,0xFF,0x9C,0xFF,
    0x9C,0xFF,0x9C,0xFF,0x9C,0xFF,0x9C,0xFF,0x9C,0xFF,0x9C,0xFF,0x9C,0xFF,0x9C,0xFF,
    0x9C,0xFF,0x9C,0xFF,0x9C,0xFF,0x9C,0xFF,0x9C,0xFF,0x9C,0xFF,0x9C,0xFF,0x9C,0xFF,
    0x9C,0xFF,0x9C,0xFF,0x9C,0xFF,0x9C,0xFF,0x9C,0xFF,0x9C,0xFF,0x9C,0xFF,0x9C,0xFF,
    0x9C,0xFF,0x9C,0xFF,0x9C,0xFF,0x9C,0xFF,0x9C,0xFF,0x9B,0xFF,0x9B,0xFF,0x9B,0xFF,
    0x9B,0xFF,0x9B,0xFF,0x9B,0xFF,0x9B,0xFF,0x9B,0xFF,0x9B,0xFF,0x9B,0xFF,0x9B,0xFF,
    0x9B,0xFF,0x9B,0xFF,0x9B,0xFF,0x9B,0xFF,0x9B,0xFF,0x9B,0xFF,0x9B,0xFF,0x9B,0xFF,
    0x9B,0xFF,0x9B,0xFF,0x9B,0xFF,0x9B,0xFF,0x9B,0xFF,0x9B,0xFF,0x9B,0xFF,0x9B,0xFF,
    0x9B,0xFF,0x9B,0xFF,0x9B,0xFF,0x9B,0xFF,0x9B,0xFF,0x9B,0xFF,0x9B,0xFF,0x9B,0xFF,
    0x9B,0xFF,0x9B,0xFF,0x9B,0xFF,0x9B,0xFF,0x9B,0xFF,0x9B,0xFF,0x9B,0xFF,0x9B,0xFF,
    0x9B,0xFF,0x9B,0xFF,0x9B,0xFF,0x9B,0xFF,0x9B,0xFF,0x9B,0xFF,0x9B,0xFF,0x9B,0xFF,
    0x9B,0xFF,0x9B,0xFF,0x9B,0xFF,0x9B,0xFF,0x9C,0xFF,0x9C,0xFF,0x9C,0xFF,0x9C,0xFF,
    0x9C,0xFF,0x9C,0xFF,0x9C,0xFF,0x9C,0xFF,0x9C,0xFF,0x9C,0xFF,0x9C,0xFF,0x9C,0xFF,
    0x9C,0xFF,0x9C,0xFF,0x9C,0xFF,0x9C,0xFF,0x9C,0xFF,0x9C,0xFF,0x9C,0xFF,0x9C,0xFF,
    0x9C,0xFF,0x9C,0xFF,0x9C,0xFF,0x9C,0xFF,0x9C,0xFF,0x9C,0xFF,0x9C,0xFF,0x9C,0xFF,
    0x9C,0xFF,0x9C,0xFF,0x9C,0xFF,0x9C,0xFF,0x9C,0xFF,0x9C,0xFF,0x9C,0xFF,0x9C,0xFF,
    0x9C,0xFF,0x9C,0xFF,0x9C,0xFF,0x9C,0xFF,0x9C,0xFF,0x9C,0xFF,0x9C,0xFF,0x9C,0xFF,
    0x9C,0xFF,0x9C,0xFF,0x9C,0xFF,0x9C,0xFF,0x9C,0xFF,0x9C,0xFF,0x9C,0xFF,0x9C,0xFF,
    0x9C,0xFF,0x9C,0xFF,0x9C,0xFF,0x9C,0xFF,0x9C,0xFF,0x9C,0xFF,0x9C,0xFF,0x9C,0xFF,
    0x9C,0xFF,0x9C,0xFF,0x9C,0xFF,0x9C,0xFF,0x9C,0xFF,0x9C,0xFF,0x9C,0xFF,0x9C,0xFF,
    0x9C,0xFF,0x9C,0xFF,0x9C,0xFF,0x9C,0xFF,0x9C,0xFF,0x9C,0xFF,0x9C,0xFF,0x9C,0xFF,
    0x9C,0xFF,0x9C,0xFF,0x9C,0xFF,0x9C,0xFF,0x9C,0xFF,0x9C,0xFF,0x9C,0xFF,0x9C,0xFF,
    0x9C,0xFF,0x9C,0xFF,0x9C,0xFF,0x9C,0xFF,0x9C,0xFF,0x9C,0xFF,0x9C,0xFF,0x9C,0xFF,
    0x9C,0xFF,0x9C,0xFF,0x9C,0xFF,0x9C,0xFF,0x9C,0xFF,0x9C,0xFF,0x9C,0xFF,0x9C,0xFF,
    0x9C,0xFF,0x9C,0xFF,0x9C,0xFF,0x9C,0xFF,0x9C,0xFF,0x9C,0xFF,0x9C,0xFF,0x9C,0xFF,
    0x9C,0xFF,0x9C,0xFF,0x9C,0xFF,0x9C,0xFF,0x9C,0xFF,0x9C,0xFF,0x9C,0xFF,0x9C,0xFF,
    0x9C,0xFF,0x9C,0xFF,0x9C,0xFF,0x9C,0xFF,0x9C,0xFF,0x9C,0xFF,0x9C,0xFF,0x9C,0xFF,
    0x9C,0xFF,0x9B,0xFF,0x9B,0xFF,0x9B,0xFF,0x9B,0xFF,0x9B,0xFF,0x9B,0xFF,0x9B,0xFF,
    0x9B,0xFF,0x9B,0xFF,0x9B,0xFF,0x9B,0xFF,0x9B,0xFF,0x9B,0xFF,0x9B,0xFF,0x9B,0xFF,
    0x9B,0xFF,0x9B,0xFF,0x9B,0xFF,0x9B,0xFF,0x9B,0xFF,0x9B,0xFF,0x9B,0xFF,0x9B,0xFF,
    0x9B,0xFF,0x9B,0xFF,0x9B,0xFF,0x9B,0xFF,0x9B,0xFF,0x9B,0xFF,0x9B,0xFF,0x9B,0xFF,
    0x9B,0xFF,0x9B,0xFF,0x9B,0xFF,0x9B,0xFF,0x9B,0xFF,0x9B,0xFF,0x9B,0xFF,0x9B,0xFF,
    0x9B,0xFF,0x9B,0xFF,0x9B,0xFF,0x9B,0xFF,0x9B,0xFF,0x9B,0xFF,0x9B,0xFF,0x9B,0xFF,
    0x9C,0xFF,0x9C,0xFF,0x9C,0xFF,0x9C,0xFF,0x9C,0xFF,0x9C,0xFF,0x9C,0xFF,0x9C,0xFF,
    0x9C,0xFF,0x9C,0xFF,0x9C,0xFF,0x9C,0xFF,0x9C,0xFF,0x9C,0xFF,0x9C,0xFF,0x9C,0xFF,
    0x9C,0xFF,0x9C,0xFF,0x9C,0xFF,0x9C,0xFF,0x9C,0xFF,0x9C,0xFF,0x9C,0xFF,0x9C,0xFF,
    0x9C,0xFF,0x9C,0xFF,0x9C,0xFF,0x9C,0xFF,0x9C,0xFF,0x9C,0xFF,0x9C,0xFF,0x9C,0xFF,
    0x9C,0xFF,0x9C,0xFF,0x9C,0xFF,0x9C,0xFF,0x9C,0xFF,0x9C,0xFF,0x9C,0xFF,0x9C,0xFF,
    0x9C,0xFF,0x9C,0xFF,0x9C,0xFF,0x9C,0xFF,0x9C,0xFF,0x9C,0xFF,0x9C,0xFF,0x9C,0xFF,
    0x9C,0xFF,0x9C,0xFF,0x9C,0xFF,0x9C,0xFF,0x9C,0xFF,0x9C,0xFF,0x9C,0xFF,0x9C,0xFF,
    0x9C,0xFF,0x9C,0xFF,0x9C,0xFF,0x9C,0xFF,0x9C,0xFF,0x9C,0xFF,0x9C,0xFF,0x9C,0xFF,
    0x9C,0xFF,0x9C,0xFF,0x9C,0xFF,0x9C,0xFF,0x9C,0xFF,0x9C,0xFF,0x9C,0xFF,0x9C,0xFF,
    0x9C,0xFF,0x9C,0xFF,0x9C,0xFF,0x9C,0xFF,0x9C,0xFF,0x9C,0xFF,0x9C,0xFF,0x9C,0xFF,
    0x9C,0xFF,0x9C,0xFF,0x9C,0xFF,0x9C,0xFF,0x9C,0xFF,0x9C,0xFF,0x9C,0xFF,0x9C,0xFF,
    0x9C,0xFF,0x9C,0xFF,0x9C,0xFF,0x9C,0xFF,0x9C,0xFF,0x9C,0xFF,0x9C,0xFF,0x9C,0xFF,
    0x9C,0xFF,0x9C,0xFF,0x9C,0xFF,0x9C,0xFF,0x9C,0xFF,0x9C,0xFF,0x9C,0xFF,0x9C,0xFF,
    0x9C,0xFF,0x9C,0xFF,0x9C,0xFF,0x9C,0xFF,0x9C,0xFF,0x9C,0xFF,0x9C,0xFF,0x9C,0xFF,
    0x9C,0xFF,0x9C,0xFF,0x9C,0xFF,0x9C,0xFF,0x9C,0xFF,0x9C,0xFF,0x9C,0xFF,0x9C,0xFF,
    0x9C,0xFF,0x9C,0xFF,0x9C,0xFF,0x9C,0xFF,0x9C,0xFF,0x9C,0xFF,0x9C,0xFF,0x9C,0xFF,
    0x9C,0xFF,0x9C,0xFF,0x9C,0xFF,0x9C,0xFF,0x9C,0xFF,0x9C,0xFF,0x9B,0xFF,0x9B,0xFF,
    0x9B,0xFF,0x9B,0xFF,0x9B,0xFF,0x9B,0xFF,0x9B,0xFF,0x9B,0xFF,0x9B,0xFF,0x9B,0xFF,
    0x9B,0xFF,0x9B,0xFF,0x9B,0xFF,0x9B,0xFF,0x9B,0xFF,0x9B,0xFF,0x9B,0xFF,0x9B,0xFF,
    0x9B,0xFF,0x9B,0xFF,0x9B,0xFF,0x9B,0xFF,0x9B,0xFF,0x9B,0xFF,0x9B,0xFF,0x9B,0xFF,
    0x9B,0xFF,0x9B,0xFF,0x9B,0xFF,0x9B,0xFF,0x9B,0xFF,0x9B,0xFF,0x9B,0xFF,0x9B,0xFF,
    0x9B,0xFF,0x9B,0xFF,0x9B,0xFF,0x9C,0xFF,0x9C,0xFF,0x9C,0xFF,0x9C,0xFF,0x9C,0xFF,
    0x9C,0xFF,0x9C,0xFF,0x9C,0xFF,0x9C,0xFF,0x9C,0xFF,0x9C,0xFF,0x9C,0xFF,0x9C,0xFF,
    0x9C,0xFF,0x9C,0xFF,0x9C,0xFF,0x9C,0xFF,0x9C,0xFF,0x9C,0xFF,0x9C,0xFF,0x9C,0xFF,
    0x9C,0xFF,0x9C,0xFF,0x9C,0xFF,0x9C,0xFF,0x9C,0xFF,0x9C,0xFF,0x9C,0xFF,0x9C,0xFF,
    0x9C,0xFF,0x9C,0xFF,0x9C,0xFF,0x9C,0xFF,0x9C,0xFF,0x9C,0xFF,0x9C,0xFF,0x9C,0xFF,
    0x9C,0xFF,0x9C,0xFF,0x9C,0xFF,0x9C,0xFF,0x9C,0xFF,0x9C,0xFF,0x9C,0xFF,0x9C,0xFF,
    0x9C,0xFF,0x9C,0xFF,0x9C,0xFF,0x9C,0xFF,0x9C,0xFF,0x9C,0xFF,0x9C,0xFF,0x9C,0xFF,
    0x9C,0xFF,0x9C,0xFF,0x9C,0xFF,0x9C,0xFF,0x9C,0xFF,0x9C,0xFF,0x9C,0xFF,0x9C,0xFF,
    0x9C,0xFF,0x9C,0xFF,0x9C,0xFF,0x9C,0xFF,0x9C,0xFF,0x9C,0xFF,0x9C,0xFF,0x9C,0xFF,
    0x9C,0xFF,0x9C,0xFF,0x9C,0xFF,0x9C,0xFF,0x9C,0xFF,0x9C,0xFF,0x9C,0xFF,0x9C,0xFF,
    0x9C,0xFF,0x9C,0xFF,0x9C,0xFF,0x9C,0xFF,0x9C,0xFF,0x9C,0xFF,0x9C,0xFF,0x9C,0xFF,
    0x9C,0xFF,0x9C,0xFF,0x9C,0xFF,0x9C,0xFF,0x9C,0xFF,0x9C,0xFF,0x9C,0xFF,0x9C,0xFF,
    0x9C,0xFF,0x9C,0xFF,0x9C,0xFF,0x9C,0xFF,0x9C,0xFF,0x9C,0xFF,0x9C,0xFF,0x9C,0xFF,
    0x9C,0xFF,0x9C,0xFF,0x9C,0xFF,0x9C,0xFF,0x9C,0xFF,0x9C,0xFF,0x9C,0xFF,0x9C,0xFF,
    0x9C,0xFF,0x9C,0xFF,0x9C,0xFF,0x9C,0xFF,0x9C,0xFF,0x9C,0xFF,0x9C,0xFF,0x9C,0xFF,
    0x9C,0xFF,0x9C,0xFF,0x9C,0xFF,0x9C,0xFF,0x9C,0xFF,0x9C,0xFF,0x9C,0xFF,0x9C,0xFF,
    0x9C,0xFF,0x9C,0xFF,0x9C,0xFF,0x9C,0xFF,0x9C,0xFF,0x9C,0xFF,0x9C,0xFF,0x9C,0xFF,
    0x9C,0xFF,0x9C,0xFF,0x9C,0xFF,0x9C,0xFF,0x9C,0xFF,0x9C,0xFF,0x9C,0xFF,0x9C,0xFF,
    0x9C,0xFF,0x9C,0xFF,0x9C,0xFF,0x9C,0xFF,0x9C,0xFF,0x9C,0xFF,0x9B,0xFF,0x9B,0xFF,
    0x9B,0xFF,0x9B,0xFF,0x9B,0xFF,0x9B,0xFF,0x9B,0xFF,0x9B,0xFF,0x9B,0xFF,0x9B,0xFF,
    0x9B,0xFF,0x9B,0xFF,0x9B,0xFF,0x9B,0xFF,0x9B,0xFF,0x9B,0xFF,0x9B,0xFF,0x9B,0xFF,
    0x9B,0xFF,0x9B,0xFF,0x9B,0xFF,0x9C,0xFF,0x9C,0xFF,0x9C,0xFF,0x9C,0xFF,0x9C,0xFF,
    0x9C,0xFF,0x9C,0xFF,0x9C,0xFF,0x9C,0xFF,0x9C,0xFF,0x9C,0xFF,0x9C,0xFF,0x9C,0xFF,
    0x9C,0xFF,0x9C,0xFF,0x9C,0xFF,0x9C,0xFF,0x9C,0xFF,0x9C,0xFF,0x9C,0xFF,0x9C,0xFF,
    0x9C,0xFF,0x9C,0xFF,0x9C,0xFF,0x9C,0xFF,0x9C,0xFF,0x9C,0xFF,0x9C,0xFF,0x9C,0xFF,
    0x9C,0xFF,0x9C,0xFF,0x9C,0xFF,0x9C,0xFF,0x9C,0xFF,0x9C,0xFF,0x9C,0xFF,0x9C,0xFF,
    0x9C,0xFF,0x9C,0xFF,0x9C,0xFF,0x9C,0xFF,0x9C,0xFF,0x9C,0xFF,0x9C,0xFF,0x9C,0xFF,
    0x9C,0xFF,0x9C,0xFF,0x9C,0xFF,0x9C,0xFF,0x9C,0xFF,0x9C,0xFF,0x9C,0xFF,0x9C,0xFF,
    0x9C,0xFF,0x9C,0xFF,0x9C,0xFF,0x9C,0xFF,0x9C,0xFF,0x9C,0xFF,0x9C,0xFF,0x9C,0xFF,
    0x9C,0xFF,0x9C,0xFF,0x9C,0xFF,0x9C,0xFF,0x9C,0xFF,0x9C,0xFF,0x9C,0xFF,0x9C,0xFF,
    0x9C,0xFF,0x9C,0xFF,0x9C,0xFF,0x9C,0xFF,0x9C,0xFF,0x9C,0xFF,0x9C,0xFF,0x9C,0xFF,
    0x9C,0xFF,0x9C,0xFF,0x9C,0xFF,0x9C,0xFF,0x9C,0xFF,0x9C,0xFF,0x9C,0xFF,0x9C,0xFF,
    0x9C,0xFF,0x9C,0xFF,0x9C,0xFF,0x9C,0xFF,0x9C,0xFF,0x9C,0xFF,0x9C,0xFF,0x9C,0xFF,
    0x9C,0xFF,0x9C,0xFF,0x9C,0xFF,0x9C,0xFF,0x9C,0xFF,0x9C,0xFF,0x9C,0xFF,0x9C,0xFF,
    0x9C,0xFF,0x9C,0xFF,0x9C,0xFF,0x9C,0xFF,0x9C,0xFF,0x9C,0xFF,0x9C,0xFF,0x9C,0xFF,
    0x9C,0xFF,0x9C,0xFF,0x9C,0xFF,0x9C,0xFF,0x9C,0xFF,0x9C,0xFF,0x9C,0xFF,0x9C,0xFF,
    0x9C,0xFF,0x9C,0xFF,0x9C,0xFF,0x9C,0xFF,0x9C,0xFF,0x9C,0xFF,0x9C,0xFF,0x9C,0xFF,
    0x9C,0xFF,0x9C,0xFF,0x9C,0xFF,0x9C,0xFF,0x9C,0xFF,0x9C,0xFF,0x9C,0xFF,0x9C,0xFF,
    0x9C,0xFF,0x9C,0xFF,0x9C,0xFF,0x9C,0xFF,0x9C,0xFF,0x9C,0xFF,0x9C,0xFF,0x9C,0xFF,
    0x9C,0xFF,0x9C,0xFF,0x9C,0xFF,0x9C,0xFF,0x9C,0xFF,0x9C,0xFF,0x9C,0xFF,0x9C,0xFF,
    0x9C,0xFF,0x9C,0xFF,0x9C,0xFF,0x9C,0xFF,0x9C,0xFF,0x9C,0xFF,0x9C,0xFF,0x9C,0xFF,
    0x9C,0xFF,0x9C,0xFF,0x9C,0xFF,0x9C,0xFF,0x9C,0xFF,0x9C,0xFF,0x9C,0xFF,0x9C,0xFF,
    0x9C,0xFF,0x9C,0xFF,0x9C,0xFF,0x9C,0xFF,0x9C,0xFF,0x9C,0xFF,0x9C,0xFF,0x9C,0xFF,
    0x9C,0xFF,0x9C,0xFF,0x9C,0xFF,0x9C,0xFF,0x9C,0xFF,0x9C,0xFF,0x9C,0xFF,0x9C,0xFF,
    0x9C,0xFF,0x9C,0xFF,0x9C,0xFF,0x9C,0xFF,0x9C,0xFF,0x9C,0xFF,0x9C,0xFF,0x9C,0xFF,
    0x9C,0xFF,0x9C,0xFF,0x9C,0xFF,0x9C,0xFF,0x9C,0xFF,0x9C,0xFF,0x9C,0xFF,0x9C,0xFF,
    0x9C,0xFF,0x9C,0xFF,0x9C,0xFF,0x9C,0xFF,0x9C,0xFF,0x9C,0xFF,0x9C,0xFF,0x9C,0xFF,
    0x9C,0xFF,0x9C,0xFF,0x9C,0xFF,0x9C,0xFF,0x9C,0xFF,0x9C,0xFF,0x9C,0xFF,0x9C,0xFF,
    0x9C,0xFF,0x9C,0xFF,0x9C,0xFF,0x9C,0xFF,0x9C,0xFF,0x9C,0xFF,0x9C,0xFF,0x9C,0xFF,
    0x9C,0xFF,0x9C,0xFF,0x9C,0xFF,0x9C,0xFF,0x9C,0xFF,0x9C,0xFF,0x9C,0xFF,0x9C,0xFF,
    0x9C,0xFF,0x9C,0xFF,0x9C,0xFF,0x9C,0xFF,0x9C,0xFF,0x9C,0xFF,0x9C,0xFF,0x9C,0xFF,
    0x9C,0xFF,0x9C,0xFF,0x9C,0xFF,0x9C,0xFF,0x9C,0xFF,0x9C,0xFF,0x9C,0xFF,0x9C,0xFF,
    0x9C,0xFF,0x9C,0xFF,0x9C,0xFF,0x9C,0xFF,0x9C,0xFF,0x9C,0xFF,0x9C,0xFF,0x9C,0xFF,
    0x9C,0xFF,0x9C,0xFF,0x9C,0xFF,0x9C,0xFF,0x9C,0xFF,0x9C,0xFF,0x9C,0xFF,0x9C,0xFF,
    0x9C,0xFF,0x9C,0xFF,0x9C,0xFF,0x9C,0xFF,0x9C,0xFF,0x9C,0xFF,0x9C,0xFF,0x9C,0xFF,
    0x9C,0xFF,0x9C,0xFF,0x9C,0xFF,0x9C,0xFF,0x9C,0xFF,0x9C,0xFF,0x9C,0xFF,0x9C,0xFF,
    0x9C,0xFF,0x9C,0xFF,0x9C,0xFF,0x9C,0xFF,0x9C,0xFF,0x9C,0xFF,0x9C,0xFF,0x9C,0xFF,
    0x9C,0xFF,0x9C,0xFF,0x9C,0xFF,0x9C,0xFF,0x9C,0xFF,0x9C,0xFF,0x9C,0xFF,0x9C,0xFF,
    0x9C,0xFF,0x9C,0xFF,0x9C,0xFF,0x9C,0xFF,0x9C,0xFF,0x9C,0xFF,0x9C,0xFF,0x9C,0xFF,
    0x9C,0xFF,0x9C,0xFF,0x9C,0xFF,0x9C,0xFF,0x9C,0xFF,0x9C,0xFF,0x9C,0xFF,0x9C,0xFF,
    0x9C,0xFF,0x9C,0xFF,0x9C,0xFF,0x9C,0xFF,0x9C,0xFF,0x9C,0xFF,0x9C,0xFF,0x9C,0xFF,
    0x9C,0xFF,0x9C,0xFF,0x9C,0xFF,0x9C,0xFF,0x9C,0xFF,0x9C,0xFF,0x9C,0xFF,0x9C,0xFF,
    0x9C,0xFF,0x9C,0xFF,0x9C,0xFF,0x9C,0xFF,0x9C,0xFF,0x9C,0xFF,0x9C,0xFF,0x9C,0xFF,
    0x9C,0xFF,0x9C,0xFF,0x9C,0xFF,0x9C,0xFF,0x9C,0xFF,0x9C,0xFF,0x9C,0xFF,0x9C,0xFF,
    0x9C,0xFF,0x9C,0xFF,0x9C,0xFF,0x9C,0xFF,0x9C,0xFF,0x9C,0xFF,0x9C,0xFF,0x9C,0xFF,
    0x9C,0xFF,0x9C,0xFF,0x9C,0xFF,0x9C,0xFF,0x9C,0xFF,0x9C,0xFF,0x9C,0xFF,0x9C,0xFF,
    0x9C,0xFF,0x9C,0xFF,0x9C,0xFF,0x9C,0xFF,0x9C,0xFF,0x9C,0xFF,0x9C,0xFF,0x9C,0xFF,
    0x9C,0xFF,0x9C,0xFF,0x9C,0xFF,0x9C,0xFF,0x9C,0xFF,0x9C,0xFF,0x9C,0xFF,0x9C,0xFF,
    0x9C,0xFF,0x9C,0xFF,0x9C,0xFF,0x9C,0xFF,0x9C,0xFF,0x9C,0xFF,0x9C,0xFF,0x9C,0xFF,
    0x9C,0xFF,0x9C,0xFF,0x9C,0xFF,0x9C,0xFF,0x9C,0xFF,0x9C,0xFF,0x9C,0xFF,0x9C,0xFF,
    0x9C,0xFF,0x9C,0xFF,0x9C,0xFF,0x9C,0xFF,0x9C,0xFF,0x9C,0xFF,0x9C,0xFF,0x9C,0xFF,
    0x9C,0xFF,0x9C,0xFF,0x9C,0xFF,0x9C,0xFF,0x9C,0xFF,0x9C,0xFF,0x9C,0xFF,0x9C,0xFF,
    0x9C,0xFF,0x9C,0xFF,0x9C,0xFF,0x9C,0xFF,0x9C,0xFF,0x9C,0xFF,0x9C,0xFF,0x9C,0xFF,
    0x9C,0xFF,0x9C,0xFF,0x9C,0xFF,0x9C,0xFF,0x9C,0xFF,0x9C,0xFF,0x9C,0xFF,0x9C,0xFF,
    0x9C,0xFF,0x9C,0xFF,0x9C,0xFF,0x9C,0xFF,0x9C,0xFF,0x9C,0xFF,0x9C,0xFF,0x9C,0xFF,
    0x9C,0xFF,0x9C,0xFF,0x9C,0xFF,0x9C,0xFF,0x9C,0xFF,0x9C,0xFF,0x9C,0xFF,0x9C,0xFF,
    0x9C,0xFF,0x9C,0xFF,0x9C,0xFF,0x9C,0xFF,0x9C,0xFF,0x9C,0xFF,0x9C,0xFF,0x9C,0xFF,
    0x9C,0xFF,0x9C,0xFF,0x9C,0xFF,0x9C,0xFF,0x9C,0xFF,0x9C,0xFF,0x9C,0xFF,0x9C,0xFF,
    0x9C,0xFF,0x9C,0xFF,0x9C,0xFF,0x9C,0xFF,0x9C,0xFF,0x9C,0xFF,0x9C,0xFF,0x9C,0xFF,
    0x9C,0xFF,0x9C,0xFF,0x9C,0xFF,0x9C,0xFF,0x9C,0xFF,0x9C,0xFF,0x9C,0xFF,0x9C,0xFF,
    0x9C,0xFF,0x9C,0xFF,0x9C,0xFF,0x9C,0xFF,0x9C,0xFF,0x9C,0xFF,0x9C,0xFF,0x9C,0xFF,
    0x9C,0xFF,0x9C,0xFF,0x9C,0xFF,0x9C,0xFF,0x9C,0xFF,0x9C,0xFF,0x9C,0xFF,0x9C,0xFF,
    0x9C,0xFF,0x9C,0xFF,0x9C,0xFF,0x9C,0xFF,0x9C,0xFF,0x9C,0xFF,0x9C,0xFF,0x9C,0xFF,
    0x9C,0xFF,0x9C,0xFF,0x9C,0xFF,0x9C,0xFF,0x9C,0xFF,0x9C,0xFF,0x9C,0xFF,0x9C,0xFF,
    0x9C,0xFF,0x9C,0xFF,0x9C,0xFF,0x9C,0xFF,0x9C,0xFF,0x9C,0xFF,0x9C,0xFF,0x9C,0xFF,
    0x9C,0xFF,0x9C,0xFF,0x9C,0xFF,0x9C,0xFF,0x9C,0xFF,0x9C,0xFF,0x9C,0xFF,0x9C,0xFF,
    0x9C,0xFF,0x9C,0xFF,0x9C,0xFF,0x9C,0xFF,0x9C,0xFF,0x9C,0xFF,0x9C,0xFF,0x9C,0xFF,
    0x9C,0xFF,0x9C,0xFF,0x9C,0xFF,0x9C,0xFF,0x9C,0xFF,0x9C,0xFF,0x9C,0xFF,0x9C,0xFF,
    0x9C,0xFF,0x9C,0xFF,0x9C,0xFF,0x9C,0xFF,0x9C,0xFF,0x9C,0xFF,0x9C,0xFF,0x9C,0xFF,
    0x9C,0xFF,0x9C,0xFF,0x9C,0xFF,0x9C,0xFF,0x9C,0xFF,0x9C,0xFF,0x9C,0xFF,0x9C,0xFF,
    0x9C,0xFF,0x9C,0xFF,0x9C,0xFF,0x9C,0xFF,0x9C,0xFF,0x9C,0xFF,0x9C,0xFF,0x9C,0xFF,
    0x9C,0xFF,0x9C,0xFF,0x9C,0xFF,0x9C,0xFF,0x9C,0xFF,0x9C,0xFF,0x9C,0xFF,0x9C,0xFF,
    0x9C,0xFF,0x9C,0xFF,0x9C,0xFF,0x9C,0xFF,0x9C,0xFF,0x9C,0xFF,0x9C,0xFF,0x9C,0xFF,
    0x9C,0xFF,0x9C,0xFF,0x9C,0xFF,0x9C,0xFF,0x9C,0xFF,0x9C,0xFF,0x9C,0xFF,0x9C,0xFF,
    0x9C,0xFF,0x9C,0xFF,0x9C,0xFF,0x9C,0xFF,0x9C,0xFF,0x9C,0xFF,0x9C,0xFF,0x9C,0xFF,
    0x9C,0xFF,0x9C,0xFF,0x9C,0xFF,0x9C,0xFF,0x9C,0xFF,0x9C,0xFF,0x9C,0xFF,0x9C,0xFF,
    0x9C,0xFF,0x9C,0xFF,0x9C,0xFF,0x9C,0xFF,0x9C,0xFF,0x9C,0xFF,0x9C,0xFF,0x9C,0xFF,
    0x9C,0xFF,0x9C,0xFF,0x9C,0xFF,0x9C,0xFF,0x9C,0xFF,0x9C,0xFF,0x9C,0xFF,0x9C,0xFF,
    0x9C,0xFF,0x9C,0xFF,0x9C,0xFF,0x9C,0xFF,0x9C,0xFF,0x9C,0xFF,0x9C,0xFF,0x9C,0xFF,
    0x9C,0xFF,0x9C,0xFF,0x9C,0xFF,0x9C,0xFF,0x9C,0xFF,0x9C,0xFF,0x9C,0xFF,0x9C,0xFF,
    0x9C,0xFF,0x9C,0xFF,0x9C,0xFF,0x9C,0xFF,0x9C,0xFF,0x9C,0xFF,0x9C,0xFF,0x9C,0xFF,
    0x9C,0xFF,0x9C,0xFF,0x9C,0xFF,0x9C,0xFF,0x9C,0xFF,0x9C,0xFF,0x9C,0xFF,0x9C,0xFF,
    0x9C,0xFF,0x9C,0xFF,0x9C,0xFF,0x9C,0xFF,0x9C,0xFF,0x9C,0xFF,0x9C,0xFF,0x9C,0xFF,
    0x9C,0xFF,0x9C,0xFF,0x9C,0xFF,0x9C,0xFF,0x9C,0xFF,0x9C,0xFF,0x9C,0xFF,0x9C,0xFF,
    0x9C,0xFF,0x9C,0xFF,0x9C,0xFF,0x9C,0xFF,0x9C,0xFF,0x9C,0xFF,0x9C,0xFF,0x9C,0xFF,
    0x9C,0xFF,0x9C,0xFF,0x9C,0xFF,0x9C,0xFF,0x9C,0xFF,0x9C,0xFF,0x9C,0xFF,0x9C,0xFF,
    0x9C,0xFF,0x9C,0xFF,0x9C,0xFF,0x9C,0xFF,0x9C,0xFF,0x9C,0xFF,0x9C,0xFF,0x9C,0xFF,
    0x9C,0xFF,0x9C,0xFF,0x9C,0xFF,0x9C,0xFF,0x9C,0xFF,0x9C,0xFF,0x9C,0xFF,0x9C,0xFF,
    0x9C,0xFF,0x9C,0xFF,0x9C,0xFF,0x9C,0xFF,0x9C,0xFF,0x9C,0xFF,0x9C,0xFF,0x9C,0xFF,
    0x9C,0xFF,0x9C,0xFF,0x9C,0xFF,0x9C,0xFF,0x9C,0xFF,0x9C,0xFF,0x9C,0xFF,0x9C,0xFF,
    0x9C,0xFF,0x9C,0xFF,0x9C,0xFF,0x9C,0xFF,0x9C,0xFF,0x9C,0xFF,0x9C,0xFF,0x9C,0xFF,
    0x9C,0xFF,0x9C,0xFF,0x9C,0xFF,0x9C,0xFF,0x9C,0xFF,0x9C,0xFF,0x9C,0xFF,0x9C,0xFF,
    0x9C,0xFF,0x9C,0xFF,0x9C,0xFF,0x9C,0xFF,0x9C,0xFF,0x9C,0xFF,0x9C,0xFF,0x9C,0xFF,
    0x9C,0xFF,0x9C,0xFF,0x9C,0xFF,0x9C,0xFF,0x9C,0xFF,0x9C,0xFF,0x9C,0xFF,0x9C,0xFF,
    0x9C,0xFF,0x9C,0xFF,0x9C,0xFF,0x9C,0xFF,0x9C,0xFF,0x9C,0xFF,0x9C,0xFF,0x9C,0xFF,
    0x9C,0xFF,0x9C,0xFF,0x9C,0xFF,0x9C,0xFF,0x9C,0xFF,0x9C,0xFF,0x9C,0xFF,0x9C,0xFF,
    0x9C,0xFF,0x9C,0xFF,0x9C,0xFF,0x9C,0xFF,0x9C,0xFF,0x9C,0xFF,0x9C,0xFF,0x9C,0xFF,
    0x9C,0xFF,0x9C,0xFF,0x9C,0xFF,0x9C,0xFF,0x9C,0xFF,0x9C,0xFF,0x9C,0xFF,0x9C,0xFF,
    0x9C,0xFF,0x9C,0xFF,0x9C,0xFF,0x9C,0xFF,0x9C,0xFF,0x9C,0xFF,0x9C,0xFF,0x9C,0xFF,
    0x9C,0xFF,0x9C,0xFF,0x9C,0xFF,0x9C,0xFF,0x9C,0xFF,0x9C,0xFF,0x9C,0xFF,0x9C,0xFF,
    0x9C,0xFF,0x9C,0xFF,0x9C,0xFF,0x9C,0xFF,0x9C,0xFF,0x9C,0xFF,0x9C,0xFF,0x9C,0xFF,
    0x9C,0xFF,0x9C,0xFF,0x9C,0xFF,0x9C,0xFF,0x9C,0xFF,0x9C,0xFF,0x9C,0xFF,0x9C,0xFF,
    0x9C,0xFF,0x9C,0xFF,0x9C,0xFF,0x9C,0xFF,0x9C,0xFF,0x9C,0xFF,0x9C,0xFF,0x9C,0xFF,
    0x9C,0xFF,0x9C,0xFF,0x9C,0xFF,0x9C,0xFF,0x9C,0xFF,0x9C,0xFF,0x9C,0xFF,0x9C,0xFF,
    0x9C,0xFF,0x9C,0xFF,0x9C,0xFF,0x9C,0xFF,0x9C,0xFF,0x9C,0xFF,0x9C,0xFF,0x9C,0xFF,
    0x9C,0xFF,0x9C,0xFF,0x9C,0xFF,0x9C,0xFF,0x9C,0xFF,0x9C,0xFF,0x9C,0xFF,0x9C,0xFF,
    0x9C,0xFF,0x9C,0xFF,0x9C,0xFF,0x9C,0xFF,0x9C,0xFF,0x9C,0xFF,0x9C,0xFF,0x9C,0xFF,
    0x9C,0xFF,0x9C,0xFF,0x9C,0xFF,0x9C,0xFF,0x9C,0xFF,0x9C,0xFF,0x9C,0xFF,0x9C,0xFF,
    0x9C,0xFF,0x9C,0xFF,0x9C,0xFF,0x9C,0xFF,0x9C,0xFF,0x9C,0xFF,0x9C,0xFF,0x9C,0xFF,
    0x9C,0xFF,0x9C,0xFF,0x9C,0xFF,0x9C,0xFF,0x9C,0xFF,0x9C,0xFF,0x9C,0xFF,0x9C,0xFF,
    0x9C,0xFF,0x9C,0xFF,0x9C,0xFF,0x9C,0xFF,0x9C,0xFF,0x9C,0xFF,0x9C,0xFF,0x9C,0xFF,
    0x9C,0xFF,0x9C,0xFF,0x9C,0xFF,0x9C,0xFF,0x9C,0xFF,0x9C,0xFF,0x9C,0xFF,0x9C,0xFF,
    0x9C,0xFF,0x9C,0xFF,0x9C,0xFF,0x9C,0xFF,0x9C,0xFF,0x9C,0xFF,0x9C,0xFF,0x9C,0xFF,
    0x9C,0xFF,0x9C,0xFF,0x9C,0xFF,0x9C,0xFF,0x9C,0xFF,0x9C,0xFF,0x9C,0xFF,0x9C,0xFF,
    0x9C,0xFF,0x9C,0xFF,0x9C,0xFF,0x9C,0xFF,0x9C,0xFF,0x9C,0xFF,0x9C,0xFF,0x9C,0xFF,
    0x9C,0xFF,0x9C,0xFF,0x9C,0xFF,0x9C,0xFF,0x9C,0xFF,0x9C,0xFF,0x9C,0xFF,0x9C,0xFF,
    0x9C,0xFF,0x9C,0xFF,0x9C,0xFF,0x9C,0xFF,0x9C,0xFF,0x9C,0xFF,0x9C,0xFF,0x9C,0xFF,
    0x9C,0xFF,0x9C,0xFF,0x9C,0xFF,0x9C,0xFF,0x9C,0xFF,0x9C,0xFF,0x9C,0xFF,0x9C,0xFF,
    0x9C,0xFF,0x9C,0xFF,0x9C,0xFF,0x9C,0xFF,0x9C,0xFF,0x9C,0xFF,0x9C,0xFF,0x9C,0xFF,
    0x9C,0xFF,0x9C,0xFF,0x9C,0xFF,0x9C,0xFF,0x9C,0xFF,0x9C,0xFF,0x9C,0xFF,0x9C,0xFF,
    0x9C,0xFF,0x9C,0xFF,0x9C,0xFF,0x9C,0xFF,0x9C,0xFF,0x9C,0xFF,0x9C,0xFF,0x9C,0xFF,
    0x9C,0xFF,0x9C,0xFF,0x9C,0xFF,0x9C,0xFF,0x9C,0xFF,0x9C,0xFF,0x9C,0xFF,0x9C,0xFF,
    0x9C,0xFF,0x9C,0xFF,0x9C,0xFF,0x9C,0xFF,0x9C,0xFF,0x9C,0xFF,0x9C,0xFF,0x9C,0xFF,
    0x9C,0xFF,0x9C,0xFF,0x9C,0xFF,0x9C,0xFF,0x9C,0xFF,0x9C,0xFF,0x9C,0xFF,0x9C,0xFF,
    0x9C,0xFF,0x9C,0xFF,0x9C,0xFF,0x9C,0xFF,0x9C,0xFF,0x9C,0xFF,0x9C,0xFF,0x9C,0xFF,
    0x9C,0xFF,0x9C,0xFF,0x9C,0xFF,0x9C,0xFF,0x9C,0xFF,0x9C,0xFF,0x9C,0xFF,0x9C,0xFF,
    0x9C,0xFF,0x9C,0xFF,0x9C,0xFF,0x9C,0xFF,0x9C,0xFF,0x9C,0xFF,0x9C,0xFF,0x9C,0xFF,
    0x9C,0xFF,0x9C,0xFF,0x9C,0xFF,0x9C,0xFF,0x9C,0xFF,0x9C,0xFF,0x9C,0xFF,0x9C,0xFF,
    0x9C,0xFF,0x9C,0xFF,0x9C,0xFF,0x9C,0xFF,0x9C,0xFF,0x9C,0xFF,0x9C,0xFF,0x9C,0xFF,
    0x9C,0xFF,0x9C,0xFF,0x9C,0xFF,0x9C,0xFF,0x9C,0xFF,0x9C,0xFF,0x9C,0xFF,0x9C,0xFF,
    0x9C,0xFF,0x9C,0xFF,0x9C,0xFF,0x9C,0xFF,0x9C,0xFF,0x9C,0xFF,0x9C,0xFF,0x9C,0xFF,
    0x9C,0xFF,0x9C,0xFF,0x9C,0xFF,0x9C,0xFF,0x9C,0xFF,0x9C,0xFF,0x9C,0xFF,0x9C,0xFF,
    0x9C,0xFF,0x9C,0xFF,0x9C,0xFF,0x9C,0xFF,0x9C,0xFF,0x9C,0xFF,0x9C,0xFF,0x9C,0xFF,
    0x9C,0xFF,0x9C,0xFF,0x9C,0xFF,0x9C,0xFF,0x9C,0xFF,0x9C,0xFF,0x9C,0xFF,0x9C,0xFF,
    0x9C,0xFF,0x9C,0xFF,0x9C,0xFF,0x9C,0xFF,0x9C,0xFF,0x9C,0xFF,0x9C,0xFF,0x9C,0xFF,
    0x9C,0xFF,0x9C,0xFF,0x9C,0xFF,0x9C,0xFF,0x9C,0xFF,0x9C,0xFF,0x9C,0xFF,0x9C,0xFF,
    0x9C,0xFF,0x9C,0xFF,0x9C,0xFF,0x9C,0xFF,0x9C,0xFF,0x9C,0xFF,0x9C,0xFF,0x9C,0xFF,
    0x9C,0xFF,0x9C,0xFF,0x9C,0xFF,0x9C,0xFF,0x9C,0xFF,0x9C,0xFF,0x9C,0xFF,0x9C,0xFF,
    0x9C,0xFF,0x9C,0xFF,0x9C,0xFF,0x9C,0xFF,0x9C,0xFF,0x9C,0xFF,0x9C,0xFF,0x9C,0xFF,
    0x9C,0xFF,0x9C,0xFF,0x9C,0xFF,0x9C,0xFF,0x9C,0xFF,0x9C,0xFF,0x9C,0xFF,0x9C,0xFF,
    0x9C,0xFF,0x9C,0xFF,0x9C,0xFF,0x9C,0xFF,0x9C,0xFF,0x9C,0xFF,0x9C,0xFF,0x9C,0xFF,
    0x9C,0xFF,0x9C,0xFF,0x9C,0xFF,0x9C,0xFF,0x9C,0xFF,0x9C,0xFF,0x9C,0xFF,0x9C,0xFF,
    0x9C,0xFF,0x9C,0xFF,0x9C,0xFF,0x9C,0xFF,0x9C,0xFF,0x9C,0xFF,0x9C,0xFF,0x9C,0xFF,
    0x9C,0xFF,0x9C,0xFF,0x9C,0xFF,0x9C,0xFF,0x9C,0xFF,0x9C,0xFF,0x9C,0xFF,0x9C,0xFF,
    0x9C,0xFF,0x9C,0xFF,0x9C,0xFF,0x9C,0xFF,0x9C,0xFF,0x9C,0xFF,0x9C,0xFF,0x9C,0xFF,
    0x9C,0xFF,0x9C,0xFF,0x9C,0xFF,0x9C,0xFF,0x9C,0xFF,0x9C,0xFF,0x9C,0xFF,0x9C,0xFF,
    0x9C,0xFF,0x9C,0xFF,0x9C,0xFF,0x9C,0xFF,0x9C,0xFF,0x9C,0xFF,0x9C,0xFF,0x9C,0xFF,
    0x9C,0xFF,0x9C,0xFF,0x9C,0xFF,0x9C,0xFF,0x9C,0xFF,0x9C,0xFF,0x9C,0xFF,0x9C,0xFF,
    0x9C,0xFF,0x9C,0xFF,0x9C,0xFF,0x9C,0xFF,0x9C,0xFF,0x9C,0xFF,0x9C,0xFF,0x9C,0xFF,
    0x9C,0xFF,0x9C,0xFF,0x9C,0xFF,0x9C,0xFF,0x9C,0xFF,0x9C,0xFF,0x9C,0xFF,0x9C,0xFF,
    0x9C,0xFF,0x9C,0xFF,0x9C,0xFF,0x9C,0xFF,0x9C,0xFF,0x9C,0xFF,0x9C,0xFF,0x9C,0xFF,
    0x9C,0xFF,0x9C,0xFF,0x9C,0xFF,0x9C,0xFF,0x9C,0xFF,0x9C,0xFF,0x9C,0xFF,0x9C,0xFF,
    0x9C,0xFF,0x9C,0xFF,0x9C,0xFF,0x9C,0xFF,0x9C,0xFF,0x9C,0xFF,0x9C,0xFF,0x9C,0xFF,
    0x9C,0xFF,0x9C,0xFF,0x9C,0xFF,0x9C,0xFF,0x9C,0xFF,0x9C,0xFF,0x9C,0xFF,0x9C,0xFF,
    0x9C,0xFF,0x9C,0xFF,0x9C,0xFF,0x9C,0xFF,0x9C,0xFF,0x9C,0xFF,0x9C,0xFF,0x9C,0xFF,
    0x9C,0xFF,0x9C,0xFF,0x9C,0xFF,0x9C,0xFF,0x9C,0xFF,0x9C,0xFF,0x9C,0xFF,0x9C,0xFF,
    0x9C,0xFF,0x9C,0xFF,0x9C,0xFF,0x9C,0xFF,0x9C,0xFF,0x9C,0xFF,0x9C,0xFF,0x9C,0xFF,
    0x9C,0xFF,0x9C,0xFF,0x9C,0xFF,0x9C,0xFF,0x9C,0xFF,0x9C,0xFF,0x9C,0xFF,0x9C,0xFF,
    0x9C,0xFF,0x9C,0xFF,0x9C,0xFF,0x9C,0xFF,0x9C,0xFF,0x9C,0xFF,0x9C,0xFF,0x9C,0xFF,
    0x9C,0xFF,0x9C,0xFF,0x9C,0xFF,0x9C,0xFF,0x9C,0xFF,0x9C,0xFF,0x9C,0xFF,0x9C,0xFF,
    0x9C,0xFF,0x9C,0xFF,0x9C,0xFF,0x9C,0xFF,0x9C,0xFF,0x9C,0xFF,0x9C,0xFF,0x9C,0xFF,
    0x9C,0xFF,0x9C,0xFF,0x9C,0xFF,0x9C,0xFF,0x9C,0xFF,0x9C,0xFF,0x9C,0xFF,0x9C,0xFF,
    0x9C,0xFF,0x9C,0xFF,0x9C,0xFF,0x9C,0xFF,0x9C,0xFF,0x9C,0xFF,0x9C,0xFF,0x9C,0xFF,
    0x9C,0xFF,0x9C,0xFF,0x9C,0xFF,0x9C,0xFF,0x9C,0xFF,0x9C,0xFF,0x9C,0xFF,0x9C,0xFF,
    0x9C,0xFF,0x9C,0xFF,0x9C,0xFF,0x9C,0xFF,0x9C,0xFF,0x9C,0xFF,0x9C,0xFF,0x9C,0xFF,
    0x9C,0xFF,0x9C,0xFF,0x9C,0xFF,0x9C,0xFF,0x9C,0xFF,0x9C,0xFF,0x9C,0xFF,0x9C,0xFF,
    0x9C,0xFF,0x9C,0xFF,0x9C,0xFF,0x9C,0xFF,0x9C,0xFF,0x9C,0xFF,0x9C,0xFF,0x9C,0xFF,
    0x9C,0xFF,0x9C,0xFF,0x9C,0xFF,0x9C,0xFF,0x9C,0xFF,0x9C,0xFF,0x9C,0xFF,0x9C,0xFF,
    0x9C,0xFF,0x9C,0xFF,0x9C,0xFF,0x9C,0xFF,0x9C,0xFF,0x9C,0xFF,0x9C,0xFF,0x9C,0xFF,
    0x9C,0xFF,0x9C,0xFF,0x9C,0xFF,0x9C,0xFF,0x9C,0xFF,0x9C,0xFF,0x9C,0xFF,0x9C,0xFF,
    0x9C,0xFF,0x9C,0xFF,0x9C,0xFF,0x9C,0xFF,0x9C,0xFF,0x9C,0xFF,0x9C,0xFF,0x9C,0xFF,
    0x9C,0xFF,0x9C,0xFF,0x9C,0xFF,0x9C,0xFF,0x9C,0xFF,0x9C,0xFF,0x9C,0xFF,0x9C,0xFF,
    0x9C,0xFF,0x9C,0xFF,0x9C,0xFF,0x9C,0xFF,0x9C,0xFF,0x9C,0xFF,0x9C,0xFF,0x9C,0xFF,
    0x9C,0xFF,0x9C,0xFF,0x9C,0xFF,0x9C,0xFF,0x9C,0xFF,0x9C,0xFF,0x9C,0xFF,0x9C,0xFF,
    0x9C,0xFF,0x9C,0xFF,0x9C,0xFF,0x9C,0xFF,0x9C,0xFF,0x9C,0xFF,0x9C,0xFF,0x9C,0xFF,
    0x9C,0xFF,0x9C,0xFF,0x9C,0xFF,0x9C,0xFF,0x9C,0xFF,0x9C,0xFF,0x9C,0xFF,0x9C,0xFF,
    0x9C,0xFF,0x9C,0xFF,0x9C,0xFF,0x9C,0xFF,0x9C,0xFF,0x9C,0xFF,0x9C,0xFF,0x9C,0xFF,
    0x9C,0xFF,0x9C,0xFF,0x9C,0xFF,0x9C,0xFF,0x9C,0xFF,0x9C,0xFF,0x9C,0xFF,0x9C,0xFF,
    0x9C,0xFF,0x9C,0xFF,0x9C,0xFF,0x9C,0xFF,0x9C,0xFF,0x9C,0xFF,0x9C,0xFF,0x9C,0xFF,
    0x9C,0xFF,0x9C,0xFF,0x9C,0xFF,0x9C,0xFF,0x9C,0xFF,0x9C,0xFF,0x9C,0xFF,0x9C,0xFF,
    0x9C,0xFF,0x9C,0xFF,0x9C,0xFF,0x9C,0xFF,0x9C,0xFF,0x9C,0xFF,0x9C,0xFF,0x9C,0xFF,
    0x9C,0xFF,0x9C,0xFF,0x9C,0xFF,0x9C,0xFF,0x9C,0xFF,0x9C,0xFF,0x9C,0xFF,0x9C,0xFF,
    0x9C,0xFF,0x9C,0xFF,0x9C,0xFF,0x9C,0xFF,0x9C,0xFF,0x9C,0xFF,0x9C,0xFF,0x9C,0xFF,
    0x9C,0xFF,0x9C,0xFF,0x9C,0xFF,0x9C,0xFF,0x9C,0xFF,0x9C,0xFF,0x9C,0xFF,0x9C,0xFF,
    0x9C,0xFF,0x9C,0xFF,0x9C,0xFF,0x9C,0xFF,0x9C,0xFF,0x9C,0xFF,0x9C,0xFF,0x9C,0xFF,
    0x9C,0xFF,0x9C,0xFF,0x9C,0xFF,0x9C,0xFF,0x9C,0xFF,0x9C,0xFF,0x9C,0xFF,0x9C,0xFF,
    0x9C,0xFF,0x9C,0xFF,0x9C,0xFF,0x9C,0xFF,0x9C,0xFF,0x9C,0xFF,0x9C,0xFF,0x9C,0xFF,
    0x9C,0xFF,0x9C,0xFF,0x9C,0xFF,0x9C,0xFF,0x9C,0xFF,0x9C,0xFF,0x9C,0xFF,0x9C,0xFF,
    0x9C,0xFF,0x9C,0xFF,0x9C,0xFF,0x9C,0xFF,0x9C,0xFF,0x9C,0xFF,0x9C,0xFF,0x9C,0xFF,
    0x9C,0xFF,0x9C,0xFF,0x9C,0xFF,0x9C,0xFF,0x9C,0xFF,0x9C,0xFF,0x9C,0xFF,0x9C,0xFF,
    0x9C,0xFF,0x9C,0xFF,0x9C,0xFF,0x9C,0xFF,0x9C,0xFF,0x9C,0xFF,0x9C,0xFF,0x9C,0xFF,
    0x9C,0xFF,0x9C,0xFF,0x9C,0xFF,0x9C,0xFF,0x9C,0xFF,0x9C,0xFF,0x9C,0xFF,0x9C,0xFF,
    0x9C,0xFF,0x9C,0xFF,0x9C,0xFF,0x9C,0xFF,0x9C,0xFF,0x9C,0xFF,0x9C,0xFF,0x9C,0xFF,
    0x9C,0xFF,0x9C,0xFF,0x9C,0xFF,0x9C,0xFF,0x9C,0xFF,0x9C,0xFF,0x9C,0xFF,0x9C,0xFF,
    0x9C,0xFF,0x9C,0xFF,0x9C,0xFF,0x9C,0xFF,0x9C,0xFF,0x9C,0xFF,0x9C,0xFF,0x9C,0xFF,
    0x9C,0xFF,0x9C,0xFF,0x9C,0xFF,0x9C,0xFF,0x9C,0xFF,0x9C,0xFF,0x9C,0xFF,0x9C,0xFF,
    0x9C,0xFF,0x9C,0xFF,0x9C,0xFF,0x9C,0xFF,0x9C,0xFF,0x9C,0xFF,0x9C,0xFF,0x9C,0xFF,
    0x9C,0xFF,0x9C,0xFF,0x9C,0xFF,0x9C,0xFF,0x9C,0xFF,0x9C,0xFF,0x9C,0xFF,0x9C,0xFF,
    0x9C,0xFF,0x9C,0xFF,0x9C,0xFF,0x9C,0xFF,0x9C,0xFF,0x9C,0xFF,0x9C,0xFF,0x9C,0xFF,
    0x9C,0xFF,0x9C,0xFF,0x9C,0xFF,0x9C,0xFF,0x9C,0xFF,0x9C,0xFF,0x9C,0xFF,0x9C,0xFF,
    0x9C,0xFF,0x9C,0xFF,0x9C,0xFF,0x9C,0xFF,0x9C,0xFF,0x9C,0xFF,0x9C,0xFF,0x9C,0xFF,
    0x9C,0xFF,0x9C,0xFF,0x9C,0xFF,0x9C,0xFF,0x9C,0xFF,0x9C,0xFF,0x9C,0xFF,0x9C,0xFF,
    0x9C,0xFF,0x9C,0xFF,0x9C,0xFF,0x9C,0xFF,0x9C,0xFF,0x9C,0xFF,0x9C,0xFF,0x9C,0xFF,
    0x9C,0xFF,0x9C,0xFF,0x9C,0xFF,0x9C,0xFF,0x9C,0xFF,0x9C,0xFF,0x9C,0xFF,0x9C,0xFF,
    0x9C,0xFF,0x9C,0xFF,0x9C,0xFF,0x9C,0xFF,0x9C,0xFF,0x9C,0xFF,0x9C,0xFF,0x9C,0xFF,
    0x9C,0xFF,0x9C,0xFF,0x9C,0xFF,0x9C,0xFF,0x9C,0xFF,0x9C,0xFF,0x9C,0xFF,0x9C,0xFF,
    0x9C,0xFF,0x9C,0xFF,0x9C,0xFF,0x9C,0xFF,0x9C,0xFF,0x9C,0xFF,0x9C,0xFF,0x9C,0xFF,
    0x9C,0xFF,0x9C,0xFF,0x9C,0xFF,0x9C,0xFF,0x9C,0xFF,0x9C,0xFF,0x9C,0xFF,0x9C,0xFF,
    0x9C,0xFF,0x9C,0xFF,0x9C,0xFF,0x9C,0xFF,0x9C,0xFF,0x9C,0xFF,0x9C,0xFF,0x9C,0xFF,
    0x9C,0xFF,0x9C,0xFF,0x9C,0xFF,0x9C,0xFF,0x9C,0xFF,0x9C,0xFF,0x9C,0xFF,0x9C,0xFF,
    0x9C,0xFF,0x9C,0xFF,0x9C,0xFF,0x9C,0xFF,0x9C,0xFF,0x9C,0xFF,0x9C,0xFF,0x9C,0xFF,
    0x9C,0xFF,0x9C,0xFF,0x9C,0xFF,0x9C,0xFF,0x9C,0xFF,0x9C,0xFF,0x9C,0xFF,0x9C,0xFF,
    0x9C,0xFF,0x9C,0xFF,0x9C,0xFF,0x9C,0xFF,0x9C,0xFF,0x9C,0xFF,0x9C,0xFF,0x9C,0xFF,
    0x9C,0xFF,0x9C,0xFF,0x9C,0xFF,0x9C,0xFF,0x9C,0xFF,0x9C,0xFF,0x9C,0xFF,0x9C,0xFF,
    0x9C,0xFF,0x9C,0xFF,0x9C,0xFF,0x9C,0xFF,0x9C,0xFF,0x9C,0xFF,0x9C,0xFF,0x9C,0xFF,
    0x9C,0xFF,0x9C,0xFF,0x9C,0xFF,0x9C,0xFF,0x9C,0xFF,0x9C,0xFF,0x9C,0xFF,0x9C,0xFF,
    0x9C,0xFF,0x9C,0xFF,0x9C,0xFF,0x9C,0xFF,0x9C,0xFF,0x9C,0xFF,0x9C,0xFF,0x9C,0xFF,
    0x9C,0xFF,0x9C,0xFF,0x9C,0xFF,0x9C,0xFF,0x9C,0xFF,0x9C,0xFF,0x9C,0xFF,0x9C,0xFF,
    0x9C,0xFF,0x9C,0xFF,0x9C,0xFF,0x9C,0xFF,0x9C,0xFF,0x9C,0xFF,0x9C,0xFF,0x9C,0xFF,
    0x9C,0xFF,0x9C,0xFF,0x9C,0xFF,0x9C,0xFF,0x9C,0xFF,0x9C,0xFF,0x9C,0xFF,0x9C,0xFF,
    0x9C,0xFF,0x9C,0xFF,0x9C,0xFF,0x9C,0xFF,0x9C,0xFF,0x9C,0xFF,0x9C,0xFF,0x9C,0xFF,
    0x9C,0xFF,0x9C,0xFF,0x9C,0xFF,0x9C,0xFF,0x9C,0xFF,0x9C,0xFF,0x9C,0xFF,0x9C,0xFF,
    0x9C,0xFF,0x9C,0xFF,0x9C,0xFF,0x9C,0xFF,0x9C,0xFF,0x9C,0xFF,0x9C,0xFF,0x9C,0xFF,
    0x9C,0xFF,0x9C,0xFF,0x9C,0xFF,0x9C,0xFF,0x9C,0xFF,0x9C,0xFF,0x9C,0xFF,0x9C,0xFF,
    0x9C,0xFF,0x9C,0xFF,0x9C,0xFF,0x9C,0xFF,0x9C,0xFF,0x9C,0xFF,0x9C,0xFF,0x9C,0xFF,
    0x9C,0xFF,0x9C,0xFF,0x9C,0xFF,0x9C,0xFF,0x9C,0xFF,0x9C,0xFF,0x9C,0xFF,0x9C,0xFF,
    0x9C,0xFF,0x9C,0xFF,0x9C,0xFF,0x9C,0xFF,0x9C,0xFF,0x9C,0xFF,0x9C,0xFF,0x9C,0xFF,
    0x9C,0xFF,0x9C,0xFF,0x9C,0xFF,0x9C,0xFF,0x9C,0xFF,0x9C,0xFF,0x9C,0xFF,0x9C,0xFF,
    0x9C,0xFF,0x9C,0xFF,0x9C,0xFF,0x9C,0xFF,0x9C,0xFF,0x9C,0xFF,0x9C,0xFF,0x9C,0xFF,
    0x9C,0xFF,0x9C,0xFF,0x9C,0xFF,0x9C,0xFF,0x9C,0xFF,0x9C,0xFF,0x9C,0xFF,0x9C,0xFF,
    0x9C,0xFF,0x9C,0xFF,0x9C,0xFF,0x9C,0xFF,0x9C,0xFF,0x9C,0xFF,0x9C,0xFF,0x9C,0xFF,
    0x9C,0xFF,0x9C,0xFF,0x9C,0xFF,0x9C,0xFF,0x9C,0xFF,0x9C,0xFF,0x9C,0xFF,0x9C,0xFF,
    0x9C,0xFF,0x9C,0xFF,0x9C,0xFF,0x9C,0xFF,0x9C,0xFF,0x9C,0xFF,0x9C,0xFF,0x9C,0xFF,
    0x9C,0xFF,0x9C,0xFF,0x9C,0xFF,0x9C,0xFF,0x9C,0xFF,0x9C,0xFF,0x9C,0xFF,0x9C,0xFF,
    0x9C,0xFF,0x9C,0xFF,0x9C,0xFF,0x9C,0xFF,0x9C,0xFF,0x9C,0xFF,0x9C,0xFF,0x9C,0xFF,
    0x9C,0xFF,0x9C,0xFF,0x9C,0xFF,0x9C,0xFF,0x9C,0xFF,0x9C,0xFF,0x9C,0xFF,0x9C,0xFF,
    0x9C,0xFF,0x9C,0xFF,0x9C,0xFF,0x9C,0xFF,0x9C,0xFF,0x9C,0xFF,0x9C,0xFF,0x9C,0xFF,
    0x9C,0xFF,0x9C,0xFF,0x9C,0xFF,0x9C,0xFF,0x9C,0xFF,0x9C,0xFF,0x9C,0xFF,0x9C,0xFF,
    0x9C,0xFF,0x9C,0xFF,0x9C,0xFF,0x9C,0xFF,0x9C,0xFF,0x9C,0xFF,0x9C,0xFF,0x9C,0xFF,
    0x9C,0xFF,0x9C,0xFF,0x9C,0xFF,0x9C,0xFF,0x9C,0xFF,0x9C,0xFF,0x9C,0xFF,0x9C,0xFF,
    0x9C,0xFF,0x9C,0xFF,0x9C,0xFF,0x9C,0xFF,0x9C,0xFF,0x9C,0xFF,0x9C,0xFF,0x9C,0xFF,
    0x9C,0xFF,0x9C,0xFF,0x9C,0xFF,0x9C,0xFF,0x9C,0xFF,0x9C,0xFF,0x9C,0xFF,0x9C,0xFF,
    0x9C,0xFF,0x9C,0xFF,0x9C,0xFF,0x9C,0xFF,0x9C,0xFF,0x9C,0xFF,0x9C,0xFF,0x9C,0xFF,
    0x9C,0xFF,0x9C,0xFF,0x9C,0xFF,0x9C,0xFF,0x9C,0xFF,0x9C,0xFF,0x9C,0xFF,0x9C,0xFF,
    0x9C,0xFF,0x9C,0xFF,0x9C,0xFF,0x9C,0xFF,0x9C,0xFF,0x9C,0xFF,0x9C,0xFF,0x9C,0xFF,
    0x9C,0xFF,0x9C,0xFF,0x9C,0xFF,0x9C,0xFF,0x9C,0xFF,0x9C,0xFF,0x9C,0xFF,0x9C,0xFF,
    0x9C,0xFF,0x9C,0xFF,0x9C,0xFF,0x9C,0xFF,0x9C,0xFF,0x9C,0xFF,0x9C,0xFF,0x9C,0xFF,
    0x9C,0xFF,0x9C,0xFF,0x9C,0xFF,0x9C,0xFF,0x9C,0xFF,0x9C,0xFF,0x9C,0xFF,0x9C,0xFF,
    0x9C,0xFF,0x9C,0xFF,0x9C,0xFF,0x9C,0xFF,0x9C,0xFF,0x9C,0xFF,0x9C,0xFF,0x9C,0xFF,
    0x9C,0xFF,0x9C,0xFF,0x9C,0xFF,0x9C,0xFF,0x9C,0xFF,0x9C,0xFF,0x9C,0xFF,0x9C,0xFF,
    0x9C,0xFF,0x9C,0xFF,0x9C,0xFF,0x9C,0xFF,0x9C,0xFF,0x9C,0xFF,0x9C,0xFF,0x9C,0xFF,
    0x9C,0xFF,0x9C,0xFF,0x9C,0xFF,0x9C,0xFF,0x9C,0xFF,0x9C,0xFF,0x9C,0xFF,0x9C,0xFF,
    0x9C,0xFF,0x9C,0xFF,0x9C,0xFF,0x9C,0xFF,0x9C,0xFF,0x9C,0xFF,0x9C,0xFF,0x9C,0xFF,
    0x9C,0xFF,0x9C,0xFF,0x9C,0xFF,0x9C,0xFF,0x9C,0xFF,0x9C,0xFF,0x9C,0xFF,0x9C,0xFF,
    0x9C,0xFF,0x9C,0xFF,0x9C,0xFF,0x9C,0xFF,0x9C,0xFF,0x9C,0xFF,0x9C,0xFF,0x9C,0xFF,
    0x9C,0xFF,0x9C,0xFF,0x9C,0xFF,0x9C,0xFF,0x9C,0xFF,0x9C,0xFF,0x9C,0xFF,0x9C,0xFF,
    0x9C,0xFF,0x9C,0xFF,0x9C,0xFF,0x9C,0xFF,0x9C,0xFF,0x9C,0xFF,0x9C,0xFF,0x9C,0xFF,
    0x9C,0xFF,0x9C,0xFF,0x9C,0xFF,0x9C,0xFF,0x9C,0xFF,0x9C,0xFF,0x9C,0xFF,0x9C,0xFF,
    0x9C,0xFF,0x9C,0xFF,0x9C,0xFF,0x9C,0xFF,0x9C,0xFF,0x9C,0xFF,0x9C,0xFF,0x9C,0xFF,
    0x9C,0xFF,0x9C,0xFF,0x9C,0xFF,0x9C,0xFF,0x9C,0xFF,0x9C,0xFF,0x9C,0xFF,0x9C,0xFF,
    0x9C,0xFF,0x9C,0xFF,0x9C,0xFF,0x9C,0xFF,0x9C,0xFF,0x9C,0xFF,0x9C,0xFF,0x9C,0xFF,
    0x9C,0xFF,0x9C,0xFF,0x9C,0xFF,0x9C,0xFF,0x9C,0xFF,0x9C,0xFF,0x9C,0xFF,0x9C,0xFF,
    0x9C,0xFF,0x9C,0xFF,0x9C,0xFF,0x9C,0xFF,0x9C,0xFF,0x9C,0xFF,0x9C,0xFF,0x9C,0xFF,
    0x9C,0xFF,0x9C,0xFF,0x9C,0xFF,0x9C,0xFF,0x9C,0xFF,0x9C,0xFF,0x9C,0xFF,0x9C,0xFF,
    0x9C,0xFF,0x9C,0xFF,0x9C,0xFF,0x9C,0xFF,0x9C,0xFF,0x9C,0xFF,0x9C,0xFF,0x9C,0xFF,
    0x9C,0xFF,0x9C,0xFF,0x9C,0xFF,0x9C,0xFF,0x9C,0xFF,0x9C,0xFF,0x9C,0xFF,0x9C,0xFF,
    0x9C,0xFF,0x9C,0xFF,0x9C,0xFF,0x9C,0xFF,0x9C,0xFF,0x9C,0xFF,0x9C,0xFF,0x9C,0xFF,
    0x9C,0xFF,0x9C,0xFF,0x9C,0xFF,0x9C,0xFF,0x9C,0xFF,0x9C,0xFF,0x9C,0xFF,0x9C,0xFF,
    0x9C,0xFF,0x9C,0xFF,0x9C,0xFF,0x9C,0xFF,0x9C,0xFF,0x9C,0xFF,0x9C,0xFF,0x9C,0xFF,
    0x9C,0xFF,0x9C,0xFF,0x9C,0xFF,0x9C,0xFF,0x9C,0xFF,0x9C,0xFF,0x9C,0xFF,0x9C,0xFF,
    0x9C,0xFF,0x9C,0xFF,0x9C,0xFF,0x9C,0xFF,0x9C,0xFF,0x9C,0xFF,0x9C,0xFF,0x9C,0xFF,
    0x9C,0xFF,0x9C,0xFF,0x9C,0xFF,0x9C,0xFF,0x9C,0xFF,0x9C,0xFF,0x9C,0xFF,0x9C,0xFF,
    0x9C,0xFF,0x9C,0xFF,0x9C,0xFF,0x9C,0xFF,0x9C,0xFF,0x9C,0xFF,0x9C,0xFF,0x9C,0xFF,
    0x9C,0xFF,0x9C,0xFF,0x9C,0xFF,0x9C,0xFF,0x9C,0xFF,0x9C,0xFF,0x9C,0xFF,0x9C,0xFF,
    0x9C,0xFF,0x9C,0xFF,0x9C,0xFF,0x9C,0xFF,0x9C,0xFF,0x9C,0xFF,0x9C,0xFF,0x9C,0xFF,
    0x9C,0xFF,0x9C,0xFF,0x9C,0xFF,0x9C,0xFF,0x9C,0xFF,0x9C,0xFF,0x9C,0xFF,0x9C,0xFF,
    0x9C,0xFF,0x9C,0xFF,0x9C,0xFF,0x9C,0xFF,0x9C,0xFF,0x9C,0xFF,0x9C,0xFF,0x9C,0xFF,
    0x9C,0xFF,0x9C,0xFF,0x9C,0xFF,0x9C,0xFF,0x9C,0xFF,0x9C,0xFF,0x9C,0xFF,0x9C,0xFF,
    0x9C,0xFF,0x9C,0xFF,0x9C,0xFF,0x9C,0xFF,0x9C,0xFF,0x9C,0xFF,0x9C,0xFF,0x9C,0xFF,
    0x9C,0xFF,0x9C,0xFF,0x9C,0xFF,0x9C,0xFF,0x9C,0xFF,0x9C,0xFF,0x9C,0xFF,0x9C,0xFF,
    0x9C,0xFF,0x9C,0xFF,0x9C,0xFF,0x9C,0xFF,0x9C,0xFF,0x9C,0xFF,0x9C,0xFF,0x9C,0xFF,
    0x9C,0xFF,0x9C,0xFF,0x9C,0xFF,0x9C,0xFF,0x9C,0xFF,0x9C,0xFF,0x9C,0xFF,0x9C,0xFF,
    0x9C,0xFF,0x9C,0xFF,0x9C,0xFF,0x9C,0xFF,0x9C,0xFF,0x9C,0xFF,0x9C,0xFF,0x9C,0xFF,
    0x9C,0xFF,0x9C,0xFF,0x9C,0xFF,0x9C,0xFF,0x9C,0xFF,0x9C,0xFF,0x9C,0xFF,0x9C,0xFF,
    0x9C,0xFF,0x9C,0xFF,0x9C,0xFF,0x9C,0xFF,0x9C,0xFF,0x9C,0xFF,0x9C,0xFF,0x9C,0xFF,
    0x9C,0xFF,0x9C,0xFF,0x9C,0xFF,0x9C,0xFF,0x9C,0xFF,0x9C,0xFF,0x9C,0xFF,0x9C,0xFF,
    0x9C,0xFF,0x9C,0xFF,0x9C,0xFF,0x9C,0xFF,0x9C,0xFF,0x9C,0xFF,0x9C,0xFF,0x9C,0xFF,
    0x9C,0xFF,0x9C,0xFF,0x9C,0xFF,0x9C,0xFF,0x9C,0xFF,0x9C,0xFF,0x9C,0xFF,0x9C,0xFF,
    0x9C,0xFF,0x9C,0xFF,0x9C,0xFF,0x9C,0xFF,0x9C,0xFF,0x9C,0xFF,0x9C,0xFF,0x9C,0xFF,
    0x9C,0xFF,0x9C,0xFF,0x9C,0xFF,0x9C,0xFF,0x9C,0xFF,0x9C,0xFF,0x9C,0xFF,0x9C,0xFF,
    0x9C,0xFF,0x9C,0xFF,0x9C,0xFF,0x9C,0xFF,0x9C,0xFF,0x9C,0xFF,0x9C,0xFF,0x9C,0xFF,
    0x9C,0xFF,0x9C,0xFF,0x9C,0xFF,0x9C,0xFF,0x9C,0xFF,0x9C,0xFF,0x9C,0xFF,0x9C,0xFF,
    0x9C,0xFF,0x9C,0xFF,0x9C,0xFF,0x9C,0xFF,0x9C,0xFF,0x9C,0xFF,0x9C,0xFF,0x9C,0xFF,
    0x9C,0xFF,0x9C,0xFF,0x9C,0xFF,0x9C,0xFF,0x9C,0xFF,0x9C,0xFF,0x9C,0xFF,0x9C,0xFF,
    0x9C,0xFF,0x9C,0xFF,0x9C,0xFF,0x9C,0xFF,0x9C,0xFF,0x9C,0xFF,0x9C,0xFF,0x9C,0xFF,
    0x9C,0xFF,0x9C,0xFF,0x9C,0xFF,0x9C,0xFF,0x9C,0xFF,0x9C,0xFF,0x9C,0xFF,0x9C,0xFF,
    0x9C,0xFF,0x9C,0xFF,0x9C,0xFF,0x9C,0xFF,0x9C,0xFF,0x9C,0xFF,0x9C,0xFF,0x9C,0xFF,
    0x9C,0xFF,0x9C,0xFF,0x9C,0xFF,0x9C,0xFF,0x9C,0xFF,0x9C,0xFF,0x9C,0xFF,0x9C,0xFF,
    0x9C,0xFF,0x9C,0xFF,0x9C,0xFF,0x9C,0xFF,0x9C,0xFF,0x9C,0xFF,0x9C,0xFF,0x9C,0xFF,
    0x9C,0xFF,0x9C,0xFF,0x9C,0xFF,0x9C,0xFF,0x9C,0xFF,0x9C,0xFF,0x9C,0xFF,0x9C,0xFF,
    0x9C,0xFF,0x9C,0xFF,0x9C,0xFF,0x9C,0xFF,0x9C,0xFF,0x9C,0xFF,0x9C,0xFF,0x9C,0xFF,
    0x9C,0xFF,0x9C,0xFF,0x9C,0xFF,0x9C,0xFF,0x9C,0xFF,0x9C,0xFF,0x9C,0xFF,0x9C,0xFF,
    0x9C,0xFF,0x9C,0xFF,0x9C,0xFF,0x9C,0xFF,0x9C,0xFF,0x9C,0xFF,0x9C,0xFF,0x9C,0xFF,
    0x9C,0xFF,0x9C,0xFF,0x9C,0xFF,0x9C,0xFF,0x9C,0xFF,0x9C,0xFF,0x9C,0xFF,0x9C,0xFF,
    0x9C,0xFF,0x9C,0xFF,0x9C,0xFF,0x9C,0xFF,0x9C,0xFF,0x9C,0xFF,0x9C,0xFF,0x9C,0xFF,
    0x9C,0xFF,0x9C,0xFF,0x9C,0xFF,0x9C,0xFF,0x9C,0xFF,0x9C,0xFF,0x9C,0xFF,0x9C,0xFF,
    0x9C,0xFF,0x9C,0xFF,0x9C,0xFF,0x9C,0xFF,0x9C,0xFF,0x9C,0xFF,0x9C,0xFF,0x9C,0xFF,
    0x9C,0xFF,0x9C,0xFF,0x9C,0xFF,0x9C,0xFF,0x9C,0xFF,0x9C,0xFF,0x9C,0xFF,0x9C,0xFF,
    0x9C,0xFF,0x9C,0xFF,0x9C,0xFF,0x9C,0xFF,0x9C,0xFF,0x9C,0xFF,0x9C,0xFF,0x9C,0xFF,
    0x9C,0xFF,0x9C,0xFF,0x9C,0xFF,0x9C,0xFF,0x9C,0xFF,0x9C,0xFF,0x9C,0xFF,0x9C,0xFF,
    0x9C,0xFF,0x9C,0xFF,0x9C,0xFF,0x9C,0xFF,0x9C,0xFF,0x9C,0xFF,0x9C,0xFF,0x9C,0xFF,
    0x9C,0xFF,0x9C,0xFF,0x9C,0xFF,0x9C,0xFF,0x9C,0xFF,0x9C,0xFF,0x9C,0xFF,0x9C,0xFF,
    0x9C,0xFF,0x9C,0xFF,0x9C,0xFF,0x9C,0xFF,0x9C,0xFF,0x9C,0xFF,0x9C,0xFF,0x9C,0xFF,
    0x9C,0xFF,0x9C,0xFF,0x9C,0xFF,0x9C,0xFF,0x9C,0xFF,0x9C,0xFF,0x9C,0xFF,0x9C,0xFF,
    0x9C,0xFF,0x9C,0xFF,0x9C,0xFF,0x9C,0xFF,0x9C,0xFF,0x9C,0xFF,0x9C,0xFF,0x9C,0xFF,
    0x9C,0xFF,0x9C,0xFF,0x9C,0xFF,0x9C,0xFF,0x9C,0xFF,0x9C,0xFF,0x9C,0xFF,0x9C,0xFF,
    0x9C,0xFF,0x9C,0xFF,0x9C,0xFF,0x9C,0xFF,0x9C,0xFF,0x9C,0xFF,0x9C,0xFF,0x9C,0xFF,
    0x9C,0xFF,0x9C,0xFF,0x9C,0xFF,0x9C,0xFF,0x9C,0xFF,0x9C,0xFF,0x9C,0xFF,0x9C,0xFF,
    0x9C,0xFF,0x9C,0xFF,0x9C,0xFF,0x9C,0xFF,0x9C,0xFF,0x9C,0xFF,0x9C,0xFF,0x9C,0xFF,
    0x9C,0xFF,0x9C,0xFF,0x9C,0xFF,0x9C,0xFF,0x9C,0xFF,0x9C,0xFF,0x9C,0xFF,0x9C,0xFF,
    0x9C,0xFF,0x9C,0xFF,0x9C,0xFF,0x9C,0xFF,0x9C,0xFF,0x9C,0xFF,0x9C,0xFF,0x9C,0xFF,
    0x9C,0xFF,0x9C,0xFF,0x9C,0xFF,0x9C,0xFF,0x9C,0xFF,0x9C,0xFF,0x9C,0xFF,0x9C,0xFF,
    0x9C,0xFF,0x9C,0xFF,0x9C,0xFF,0x9C,0xFF,0x9C,0xFF,0x9C,0xFF,0x9C,0xFF,0x9C,0xFF,
    0x9C,0xFF,0x9C,0xFF,0x9C,0xFF,0x9C,0xFF,0x9C,0xFF,0x9C,0xFF,0x9C,0xFF,0x9C,0xFF,
    0x9C,0xFF,0x9C,0xFF,0x9C,0xFF,0x9C,0xFF,0x9C,0xFF,0x9C,0xFF,0x9C,0xFF,0x9C,0xFF,
    0x9C,0xFF,0x9C,0xFF,0x9C,0xFF,0x9C,0xFF,0x9C,0xFF,0x9C,0xFF,0x9C,0xFF,0x9C,0xFF,
    0x9C,0xFF,0x9C,0xFF,0x9C,0xFF,0x9C,0xFF,0x9C,0xFF,0x9C,0xFF,0x9C,0xFF,0x9C,0xFF,
    0x9C,0xFF,0x9C,0xFF,0x9C,0xFF,0x9C,0xFF,0x9C,0xFF,0x9C,0xFF,0x9C,0xFF,0x9C,0xFF,
    0x9C,0xFF,0x9C,0xFF,0x9C,0xFF,0x9C,0xFF,0x9C,0xFF,0x9C,0xFF,0x9C,0xFF,0x9C,0xFF,
    0x9C,0xFF,0x9C,0xFF,0x9C,0xFF,0x9C,0xFF,0x9C,0xFF,0x9C,0xFF,0x9C,0xFF,0x9C,0xFF,
    0x9C,0xFF,0x9C,0xFF,0x9C,0xFF,0x9C,0xFF,0x9C,0xFF,0x9C,0xFF,0x9C,0xFF,0x9C,0xFF,
    0x9C,0xFF,0x9C,0xFF,0x9C,0xFF,0x9C,0xFF,0x9C,0xFF,0x9C,0xFF,0x9C,0xFF,0x9C,0xFF,
    0x9C,0xFF,0x9C,0xFF,0x9C,0xFF,0x9C,0xFF,0x9C,0xFF,0x9C,0xFF,0x9C,0xFF,0x9C,0xFF,
    0x9C,0xFF,0x9C,0xFF,0x9C,0xFF,0x9C,0xFF,0x9C,0xFF,0x9C,0xFF,0x9C,0xFF,0x9C,0xFF,
    0x9C,0xFF,0x9C,0xFF,0x9C,0xFF,0x9C,0xFF,0x9C,0xFF,0x9C,0xFF,0x9C,0xFF,0x9C,0xFF,
    0x9C,0xFF,0x9C,0xFF,0x9C,0xFF,0x9C,0xFF,0x9C,0xFF,0x9C,0xFF,0x9C,0xFF,0x9C,0xFF,
    0x9C,0xFF,0x9C,0xFF,0x9C,0xFF,0x9C,0xFF,0x9C,0xFF,0x9C,0xFF,0x9C,0xFF,0x9C,0xFF,
    0x9C,0xFF,0x9C,0xFF,0x9C,0xFF,0x9C,0xFF,0x9C,0xFF,0x9C,0xFF,0x9C,0xFF,0x9C,0xFF,
    0x9C,0xFF,0x9C,0xFF,0x9C,0xFF,0x9C,0xFF,0x9C,0xFF,0x9C,0xFF,0x9C,0xFF,0x9C,0xFF,
    0x9C,0xFF,0x9C,0xFF,0x9C,0xFF,0x9C,0xFF,0x9C,0xFF,0x9C,0xFF,0x9C,0xFF,0x9C,0xFF,
    0x9C,0xFF,0x9C,0xFF,0x9C,0xFF,0x9C,0xFF,0x9C,0xFF,0x9C,0xFF,0x9C,0xFF,0x9C,0xFF,
    0x9C,0xFF,0x9C,0xFF,0x9C,0xFF,0x9C,0xFF,0x9C,0xFF,0x9C,0xFF,0x9C,0xFF,0x9C,0xFF,
    0x9C,0xFF,0x9C,0xFF,0x9C,0xFF,0x9C,0xFF,0x9C,0xFF,0x9C,0xFF,0x9C,0xFF,0x9C,0xFF,
    0x9C,0xFF,0x9C,0xFF,0x9C,0xFF,0x9C,0xFF,0x9C,0xFF,0x9C,0xFF,0x9C,0xFF,0x9C,0xFF,
    0x9C,0xFF,0x9C,0xFF,0x9C,0xFF,0x9C,0xFF,0x9C,0xFF,0x9C,0xFF,0x9C,0xFF,0x9C,0xFF,
    0x9C,0xFF,0x9C,0xFF,0x9C,0xFF,0x9C,0xFF,0x9C,0xFF,0x9C,0xFF,0x9C,0xFF,0x9C,0xFF,
    0x9C,0xFF,0x9C,0xFF,0x9C,0xFF,0x9C,0xFF,0x9C,0xFF,0x9C,0xFF,0x9C,0xFF,0x9C,0xFF,
    0x9C,0xFF,0x9C,0xFF,0x9C,0xFF,0x9C,0xFF,0x9C,0xFF,0x9C,0xFF,0x9C,0xFF,0x9C,0xFF,
    0x9C,0xFF,0x9C,0xFF,0x9C,0xFF,0x9C,0xFF,0x9C,0xFF,0x9C,0xFF,0x9C,0xFF,0x9C,0xFF,
    0x9C,0xFF,0x9C,0xFF,0x9C,0xFF,0x9C,0xFF,0x9C,0xFF,0x9C,0xFF,0x9C,0xFF,0x9C,0xFF,
    0x9C,0xFF,0x9C,0xFF,0x9C,0xFF,0x9C,0xFF,0x9C,0xFF,0x9C,0xFF,0x9C,0xFF,0x9C,0xFF,
    0x9C,0xFF,0x9C,0xFF,0x9C,0xFF,0x9C,0xFF,0x9C,0xFF,0x9C,0xFF,0x9C,0xFF,0x9C,0xFF,
    0x9C,0xFF,0x9C,0xFF,0x9C,0xFF,0x9C,0xFF,0x9C,0xFF,0x9C,0xFF,0x9C,0xFF,0x9C,0xFF,
    0x9C,0xFF,0x9C,0xFF,0x9C,0xFF,0x9C,0xFF,0x9C,0xFF,0x9C,0xFF,0x9C,0xFF,0x9C,0xFF,
    0x9C,0xFF,0x9C,0xFF,0x9C,0xFF,0x9C,0xFF,0x9C,0xFF,0x9C,0xFF,0x9C,0xFF,0x9C,0xFF,
    0x9C,0xFF,0x9C,0xFF,0x9C,0xFF,0x9C,0xFF,0x9C,0xFF,0x9C,0xFF,0x9C,0xFF,0x9C,0xFF,
    0x9C,0xFF,0x9C,0xFF,0x9C,0xFF,0x9C,0xFF,0x9C,0xFF,0x9C,0xFF,0x9C,0xFF,0x9C,0xFF,
    0x9C,0xFF,0x9C,0xFF,0x9C,0xFF,0x9C,0xFF,0x9C,0xFF,0x9C,0xFF,0x9C,0xFF,0x9C,0xFF,
    0x9C,0xFF,0x9C,0xFF,0x9C,0xFF,0x9C,0xFF,0x9C,0xFF,0x9C,0xFF,0x9C,0xFF,0x9C,0xFF,
    0x9C,0xFF,0x9C,0xFF,0x9C,0xFF,0x9C,0xFF,0x9C,0xFF,0x9C,0xFF,0x9C,0xFF,0x9C,0xFF,
    0x9C,0xFF,0x9C,0xFF,0x9C,0xFF,0x9C,0xFF,0x9C,0xFF,0x9C,0xFF,0x9C,0xFF,0x9C,0xFF,
    0x9C,0xFF,0x9C,0xFF,0x9C,0xFF,0x9C,0xFF,0x9C,0xFF,0x9C,0xFF,0x9C,0xFF,0x9C,0xFF,
    0x9C,0xFF,0x9C,0xFF,0x9C,0xFF,0x9C,0xFF,0x9C,0xFF,0x9C,0xFF,0x9C,0xFF,0x9C,0xFF,
    0x9C,0xFF,0x9C,0xFF,0x9C,0xFF,0x9C,0xFF,0x9C,0xFF,0x9C,0xFF,0x9C,0xFF,0x9C,0xFF,
    0x9C,0xFF,0x9C,0xFF,0x9C,0xFF,0x9C,0xFF,0x9C,0xFF,0x9C,0xFF,0x9C,0xFF,0x9C,0xFF,
    0x9C,0xFF,0x9C,0xFF,0x9C,0xFF,0x9C,0xFF,0x9C,0xFF,0x9C,0xFF,0x9C,0xFF,0x9C,0xFF,
    0x9C,0xFF,0x9C,0xFF,0x9C,0xFF,0x9C,0xFF,0x9C,0xFF,0x9C,0xFF,0x9C,0xFF,0x9C,0xFF,
    0x9C,0xFF,0x9C,0xFF,0x9C,0xFF,0x9C,0xFF,0x9C,0xFF,0x9C,0xFF,0x9C,0xFF,0x9C,0xFF,
    0x9C,0xFF,0x9C,0xFF,0x9C,0xFF,0x9C,0xFF,0x9C,0xFF,0x9C,0xFF,0x9C,0xFF,0x9C,0xFF,
    0x9C,0xFF,0x9C,0xFF,0x9C,0xFF,0x9C,0xFF,0x9C,0xFF,0x9C,0xFF,0x9C,0xFF,0x9C,0xFF,
    0x9C,0xFF,0x9C,0xFF,0x9C,0xFF,0x9C,0xFF,0x9C,0xFF,0x9C,0xFF,0x9C,0xFF,0x9C,0xFF,
    0x9C,0xFF,0x9C,0xFF,0x9C,0xFF,0x9C,0xFF,0x9C,0xFF,0x9C,0xFF,0x9C,0xFF,0x9C,0xFF,
    0x9C,0xFF,0x9C,0xFF,0x9C,0xFF,0x9C,0xFF,0x9C,0xFF,0x9C,0xFF,0x9C,0xFF,0x9C,0xFF,
    0x9C,0xFF,0x9C,0xFF,0x9C,0xFF,0x9C,0xFF,0x9C,0xFF,0x9C,0xFF,0x9C,0xFF,0x9C,0xFF,
    0x9C,0xFF,0x9C,0xFF,0x9C,0xFF,0x9C,0xFF,0x9C,0xFF,0x9C,0xFF,0x9C,0xFF,0x9C,0xFF,
    0x9C,0xFF,0x9C,0xFF,0x9C,0xFF,0x9C,0xFF,0x9C,0xFF,0x9C,0xFF,0x9C,0xFF,0x9C,0xFF,
    0x9C,0xFF,0x9C,0xFF,0x9C,0xFF,0x9C,0xFF,0x9C,0xFF,0x9C,0xFF,0x9C,0xFF,0x9C,0xFF,
    0x9C,0xFF,0x9C,0xFF,0x9C,0xFF,0x9C,0xFF,0x9C,0xFF,0x9C,0xFF,0x9C,0xFF,0x9C,0xFF,
    0x9C,0xFF,0x9C,0xFF,0x9C,0xFF,0x9C,0xFF,0x9C,0xFF,0x9C,0xFF,0x9C,0xFF,0x9C,0xFF,
    0x9C,0xFF,0x9C,0xFF,0x9C,0xFF,0x9C,0xFF,0x9C,0xFF,0x9C,0xFF,0x9C,0xFF,0x9C,0xFF,
    0x9C,0xFF,0x9C,0xFF,0x9C,0xFF,0x9C,0xFF,0x9C,0xFF,0x9C,0xFF,0x9C,0xFF,0x9C,0xFF,
    0x9C,0xFF,0x9C,0xFF,0x9C,0xFF,0x9C,0xFF,0x9C,0xFF,0x9C,0xFF,0x9C,0xFF,0x9C,0xFF,
    0x9C,0xFF,0x9C,0xFF,0x9C,0xFF,0x9C,0xFF,0x9C,0xFF,0x9C,0xFF,0x9C,0xFF,0x9C,0xFF,
    0x9C,0xFF,0x9C,0xFF,0x9C,0xFF,0x9C,0xFF,0x9C,0xFF,0x9C,0xFF,0x9C,0xFF,0x9C,0xFF,
    0x9C,0xFF,0x9C,0xFF,0x9C,0xFF,0x9C,0xFF,0x9C,0xFF,0x9C,0xFF,0x9C,0xFF,0x9C,0xFF,
    0x00,0x00,0x00,0x00,0x00,0x00,0x00,0x00,0x00,0x00,0x00,0x00,0x00,0x00,0x00,0x00,
    0x00,0x00,0x00,0x00,0x00,0x00,0x00,0x00,0x00,0x00,0x00,0x00,0x00,0x00,0x00,0x00,
    0x00,0x00,0x00,0x00,0x00,0x00,0x00,0x00,0x00,0x00,0x00,0x00,0x00,0x00,0x00,0x00,
    0x00,0x00,0x00,0x00,0x00,0x00,0x00,0x00,0x00,0x00,0x00,0x00,0x00,0x00,0x00,0x00,
    0x00,0x00,0x00,0x00,0x00,0x00,0x00,0x00,0x00,0x00,0x00,0x00,0x00,0x00,0x00,0x00,
    0x00,0x00,0x00,0x00,0x00,0x00,0x00,0x00,0x00,0x00,0x00,0x00,0x00,0x00,0x00,0x00,
    0x00,0x00,0x00,0x00,0x00,0x00,0x00,0x00,0x00,0x00,0x00,0x00,0x00,0x00,0x00,0x00,
    0x00,0x00,0x00,0x00,0x00,0x00,0x00,0x00,0x00,0x00,0x00,0x00,0x00,0x00,0x00,0x00,
    0x00,0x00,0x00,0x00,0x00,0x00,0x00,0x00,0x00,0x00,0x00,0x00,0x00,0x00,0x00,0x00,
    0x00,0x00,0x00,0x00,0x00,0x00,0x00,0x00,0x00,0x00,0x00,0x00,0x00,0x00,0x00,0x00,
    0x00,0x00,0x00,0x00,0x00,0x00,0x00,0x00,0x00,0x00,0x00,0x00,0x00,0x00,0x00,0x00,
    0x00,0x00,0x00,0x00,0x00,0x00,0x00,0x00,0x00,0x00,0x00,0x00,0x00,0x00,0x00,0x00,
    0x00,0x00,0x00,0x00,0x00,0x00,0x00,0x00,0x00,0x00,0x00,0x00,0x00,0x00,0x00,0x00,
    0x00,0x00,0x00,0x00,0x00,0x00,0x00,0x00,0x00,0x00,0x00,0x00,0x00,0x00,0x00,0x00,
    0x00,0x00,0x00,0x00,0x00,0x00,0x00,0x00,0x00,0x00,0x00,0x00,0x00,0x00,0x00,0x00,
    0x00,0x00,0x00,0x00,0x00,0x00,0x00,0x00,0x00,0x00,0x00,0x00,0x00,0x00,0x00,0x00,
    0x00,0x00,0x00,0x00,0x00,0x00,0x00,0x00,0x00,0x00,0x00,0x00,0x00,0x00,0x00,0x00,
    0x00,0x00,0x00,0x00,0x00,0x00,0x00,0x00,0x00,0x00,0x00,0x00,0x00,0x00,0x00,0x00,
    0x00,0x00,0x00,0x00,0x00,0x00,0x00,0x00,0x00,0x00,0x00,0x00,0x00,0x00,0x00,0x00,
    0x00,0x00,0x00,0x00,0x00,0x00,0x00,0x00,0x00,0x00,0x00,0x00,0x00,0x00,0x00,0x00,
    0x00,0x00,0x00,0x00,0x00,0x00,0x00,0x00,0x00,0x00,0x00,0x00,0x00,0x00,0x00,0x00,
    0x00,0x00,0x00,0x00,0x00,0x00,0x00,0x00,0x00,0x00,0x00,0x00,0x00,0x00,0x00,0x00,
    0x00,0x00,0x00,0x00,0x00,0x00,0x00,0x00,0x00,0x00,0x00,0x00,0x00,0x00,0x00,0x00,
    0x00,0x00,0x00,0x00,0x00,0x00,0x00,0x00,0x00,0x00,0x00,0x00,0x00,0x00,0x00,0x00,
    0x00,0x00,0x00,0x00,0x00,0x00,0x00,0x00,0x00,0x00,0x00,0x00,0x00,0x00,0x00,0x00,
    0x00,0x00,0x00,0x00,0x00,0x00,0x00,0x00,0x00,0x00,0x00,0x00,0x00,0x00,0x00,0x00,
    0x00,0x00,0x00,0x00,0x00,0x00,0x00,0x00,0x00,0x00,0x00,0x00,0x00,0x00,0x00,0x00,
    0x00,0x00,0x00,0x00,0x00,0x00,0x01,0x01,0x01,0x01,0x01,0x00,0x00,0x00,0x00,0x00,
    0x00,0x00,0x00,0x00,0x00,0x00,0x00,0x00,0x00,0x00,0x00,0x00,0x00,0x00,0x00,0x00,
    0x00,0x00,0x00,0x00,0x00,0x00,0x00,0x00,0x00,0x00,0x00,0x00,0x00,0x00,0x00,0x00,
    0x00,0x00,0x00,0x00,0x00,0x00,0x00,0x00,0x00,0x00,0x00,0x00,0x00,0x00,0x00,0x00,
    0x00,0x00,0x00,0x00,0x00,0x00,0x00,0x00,0x00,0x00,0x00,0x00,0x00,0x00,0x00,0x00,
    0x00,0x00,0x00,0x00,0x00,0x00,0x00,0x00,0x00,0x00,0x00,0x00,0x00,0x00,0x00,0x00,
    0x00,0x00,0x00,0x00,0x00,0x00,0x00,0x00,0x00,0x00,0x00,0x00,0x00,0x00,0x00,0x00,
    0x00,0x00,0x00,0x00,0x00,0x00,0x00,0x00,0x00,0x00,0x00,0x00,0x00,0x00,0x00,0x00,
    0x00,0x00,0x00,0x00,0x00,0x00,0x00,0x00,0x00,0x00,0x00,0x00,0x00,0x00,0x00,0x00,
    0x00,0x00,0x00,0x00,0x00,0x00,0x00,0x00,0x00,0x00,0x00,0x00,0x00,0x00,0x00,0x00,
    0x00,0x00,0x00,0x00,0x00,0x00,0x00,0x00,0x01,0x01,0x01,0x01,0x01,0x01,0x01,0x01,
    0x01,0x01,0x01,0x01,0x01,0x01,0x01,0x01,0x01,0x01,0x01,0x01,0x01,0x01,0x01,0x01,
    0x01,0x01,0x01,0x01,0x01,0x01,0x01,0x01,0x01,0x00,0x00,0x00,0x00,0x00,0x00,0x00,
    0x00,0x00,0x00,0x00,0x00,0x00,0x00,0x00,0x00,0x00,0x00,0x00,0x00,0x00,0x00,0x00,
    0x00,0x00,0x00,0x00,0x00,0x00,0x00,0x00,0x00,0x00,0x00,0x00,0x00,0x00,0x00,0x00,
    0x00,0x00,0x00,0x00,0x00,0x00,0x00,0x00,0x00,0x00,0x00,0x00,0x00,0x00,0x00,0x00,
    0x00,0x00,0x00,0x00,0x00,0x00,0x00,0x00,0x00,0x00,0x00,0x00,0x00,0x00,0x00,0x00,
    0x00,0x00,0x00,0x00,0x00,0x00,0x00,0x00,0x00,0x00,0x00,0x00,0x00,0x00,0x00,0x00,
    0x00,0x00,0x00,0x00,0x00,0x00,0x00,0x00,0x00,0x00,0x00,0x00,0x00,0x00,0x00,0x00,
    0x00,0x00,0x00,0x00,0x00,0x00,0x00,0x00,0x00,0x00,0x00,0x00,0x00,0x00,0x00,0x00,
    0x00,0x00,0x00,0x00,0x00,0x00,0x00,0x00,0x00,0x00,0x00,0x00,0x00,0x00,0x00,0x00,
    0x00,0x01,0x01,0x01,0x01,0x01,0x01,0x01,0x01,0x01,0x01,0x01,0x01,0x01,0x01,0x01,
    0x01,0x01,0x01,0x01,0x01,0x01,0x01,0x02,0x02,0x02,0x01,0x01,0x01,0x01,0x01,0x01,
    0x01,0x01,0x01,0x01,0x01,0x01,0x01,0x01,0x01,0x01,0x01,0x01,0x01,0x01,0x01,0x01,
    0x00,0x00,0x00,0x00,0x00,0x00,0x00,0x00,0x00,0x00,0x00,0x00,0x00,0x00,0x00,0x00,
    0x00,0x00,0x00,0x00,0x00,0x00,0x00,0x00,0x00,0x00,0x00,0x00,0x00,0x00,0x00,0x00,
    0x00,0x00,0x00,0x00,0x00,0x00,0x00,0x00,0x00,0x00,0x00,0x00,0x00,0x00,0x00,0x00,
    0x00,0x00,0x00,0x00,0x00,0x00,0x00,0x00,0x00,0x00,0x00,0x00,0x00,0x00,0x00,0x00,
    0x00,0x00,0x00,0x00,0x00,0x00,0x00,0x00,0x00,0x00,0x00,0x00,0x00,0x00,0x00,0x00,
    0x00,0x00,0x00,0x00,0x00,0x00,0x00,0x00,0x00,0x00,0x00,0x00,0x00,0x00,0x00,0x00,
    0x00,0x00,0x00,0x00,0x00,0x00,0x00,0x00,0x00,0x00,0x00,0x00,0x00,0x00,0x00,0x00,
    0x00,0x00,0x00,0x00,0x00,0x00,0x00,0x00,0x00,0x00,0x00,0x00,0x01,0x01,0x01,0x01,
    0x01,0x01,0x01,0x01,0x01,0x01,0x01,0x01,0x02,0x02,0x02,0x02,0x02,0x02,0x02,0x02,
    0x02,0x02,0x02,0x02,0x02,0x02,0x02,0x02,0x02,0x02,0x02,0x02,0x02,0x02,0x02,0x02,
    0x02,0x02,0x02,0x02,0x02,0x02,0x02,0x02,0x02,0x01,0x01,0x01,0x01,0x01,0x01,0x01,
    0x01,0x01,0x01,0x01,0x01,0x00,0x00,0x00,0x00,0x00,0x00,0x00,0x00,0x00,0x00,0x00,
    0x00,0x00,0x00,0x00,0x00,0x00,0x00,0x00,0x00,0x00,0x00,0x00,0x00,0x00,0x00,0x00,
    0x00,0x00,0x00,0x00,0x00,0x00,0x00,0x00,0x00,0x00,0x00,0x00,0x00,0x00,0x00,0x00,
    0x00,0x00,0x00,0x00,0x00,0x00,0x00,0x00,0x00,0x00,0x00,0x00,0x00,0x00,0x00,0x00,
    0x00,0x00,0x00,0x00,0x00,0x00,0x00,0x00,0x00,0x00,0x00,0x00,0x00,0x00,0x00,0x00,
    0x00,0x00,0x00,0x00,0x00,0x00,0x00,0x00,0x00,0x00,0x00,0x00,0x00,0x00,0x00,0x00,
    0x00,0x00,0x00,0x00,0x00,0x00,0x00,0x00,0x00,0x00,0x00,0x00,0x00,0x00,0x00,0x00,
    0x00,0x00,0x00,0x00,0x00,0x00,0x00,0x00,0x01,0x01,0x01,0x01,0x01,0x01,0x01,0x01,
    0x01,0x01,0x02,0x02,0x02,0x02,0x02,0x02,0x02,0x02,0x02,0x02,0x02,0x03,0x03,0x03,
    0x03,0x03,0x03,0x03,0x03,0x03,0x03,0x03,0x03,0x03,0x03,0x03,0x03,0x03,0x03,0x03,
    0x03,0x03,0x03,0x03,0x02,0x02,0x02,0x02,0x02,0x02,0x02,0x02,0x02,0x02,0x02,0x01,
    0x01,0x01,0x01,0x01,0x01,0x01,0x01,0x01,0x01,0x00,0x00,0x00,0x00,0x00,0x00,0x00,
    0x00,0x00,0x00,0x00,0x00,0x00,0x00,0x00,0x00,0x00,0x00,0x00,0x00,0x00,0x00,0x00,
    0x00,0x00,0x00,0x00,0x00,0x00,0x00,0x00,0x00,0x00,0x00,0x00,0x00,0x00,0x00,0x00,
    0x00,0x00,0x00,0x00,0x00,0x00,0x00,0x00,0x00,0x00,0x00,0x00,0x00,0x00,0x00,0x00,
    0x00,0x00,0x00,0x00,0x00,0x00,0x00,0x00,0x00,0x00,0x00,0x00,0x00,0x00,0x00,0x00,
    0x00,0x00,0x00,0x00,0x00,0x00,0x00,0x00,0x00,0x00,0x00,0x00,0x00,0x00,0x00,0x00,
    0x00,0x00,0x00,0x00,0x00,0x00,0x00,0x00,0x00,0x00,0x00,0x00,0x00,0x00,0x00,0x00,
    0x00,0x00,0x00,0x00,0x01,0x01,0x01,0x01,0x01,0x01,0x01,0x01,0x01,0x02,0x02,0x02,
    0x02,0x02,0x02,0x02,0x02,0x03,0x03,0x03,0x03,0x03,0x03,0x03,0x03,0x03,0x03,0x04,
    0x04,0x04,0x04,0x04,0x04,0x04,0x04,0x04,0x04,0x04,0x04,0x04,0x04,0x04,0x04,0x04,
    0x04,0x04,0x03,0x03,0x03,0x03,0x03,0x03,0x03,0x03,0x03,0x03,0x02,0x02,0x02,0x02,
    0x02,0x02,0x02,0x02,0x01,0x01,0x01,0x01,0x01,0x01,0x01,0x01,0x01,0x00,0x00,0x00,
    0x00,0x00,0x00,0x00,0x00,0x00,0x00,0x00,0x00,0x00,0x00,0x00,0x00,0x00,0x00,0x00,
    0x00,0x00,0x00,0x00,0x00,0x00,0x00,0x00,0x00,0x00,0x00,0x00,0x00,0x00,0x00,0x00,
    0x00,0x00,0x00,0x00,0x00,0x00,0x00,0x00,0x00,0x00,0x00,0x00,0x00,0x00,0x00,0x00,
    0x00,0x00,0x00,0x00,0x00,0x00,0x00,0x00,0x00,0x00,0x00,0x00,0x00,0x00,0x00,0x00,
    0x00,0x00,0x00,0x00,0x00,0x00,0x00,0x00,0x00,0x00,0x00,0x00,0x00,0x00,0x00,0x00,
    0x00,0x00,0x00,0x00,0x00,0x00,0x00,0x00,0x00,0x00,0x00,0x00,0x00,0x00,0x00,0x00,
    0x00,0x01,0x01,0x01,0x01,0x01,0x01,0x01,0x02,0x02,0x02,0x02,0x02,0x02,0x02,0x03,
    0x03,0x03,0x03,0x03,0x03,0x03,0x04,0x04,0x04,0x04,0x04,0x04,0x04,0x04,0x04,0x04,
    0x05,0x05,0x05,0x05,0x05,0x05,0x05,0x05,0x05,0x05,0x05,0x05,0x05,0x05,0x05,0x05,
    0x05,0x04,0x04,0x04,0x04,0x04,0x04,0x04,0x04,0x04,0x04,0x03,0x03,0x03,0x03,0x03,
    0x03,0x03,0x02,0x02,0x02,0x02,0x02,0x02,0x02,0x01,0x01,0x01,0x01,0x01,0x01,0x01,
    0x00,0x00,0x00,0x00,0x00,0x00,0x00,0x00,0x00,0x00,0x00,0x00,0x00,0x00,0x00,0x00,
    0x00,0x00,0x00,0x00,0x00,0x00,0x00,0x00,0x00,0x00,0x00,0x00,0x00,0x00,0x00,0x00,
    0x00,0x00,0x00,0x00,0x00,0x00,0x00,0x00,0x00,0x00,0x00,0x00,0x00,0x00,0x00,0x00,
    0x00,0x00,0x00,0x00,0x00,0x00,0x00,0x00,0x00,0x00,0x00,0x00,0x00,0x00,0x00,0x00,
    0x00,0x00,0x00,0x00,0x00,0x00,0x00,0x00,0x00,0x00,0x00,0x00,0x00,0x00,0x00,0x00,
    0x00,0x00,0x00,0x00,0x00,0x00,0x00,0x00,0x00,0x00,0x00,0x00,0x00,0x00,0x01,0x01,
    0x01,0x01,0x01,0x01,0x01,0x02,0x02,0x02,0x02,0x02,0x02,0x03,0x03,0x03,0x03,0x03,
    0x03,0x04,0x04,0x04,0x04,0x04,0x04,0x05,0x05,0x05,0x05,0x05,0x05,0x05,0x05,0x06,
    0x06,0x06,0x06,0x06,0x06,0x06,0x06,0x06,0x06,0x06,0x06,0x06,0x06,0x06,0x06,0x06,
    0x06,0x06,0x05,0x05,0x05,0x05,0x05,0x05,0x05,0x05,0x04,0x04,0x04,0x04,0x04,0x04,
    0x03,0x03,0x03,0x03,0x03,0x03,0x02,0x02,0x02,0x02,0x02,0x02,0x01,0x01,0x01,0x01,
    0x01,0x01,0x01,0x00,0x00,0x00,0x00,0x00,0x00,0x00,0x00,0x00,0x00,0x00,0x00,0x00,
    0x00,0x00,0x00,0x00,0x00,0x00,0x00,0x00,0x00,0x00,0x00,0x00,0x00,0x00,0x00,0x00,
    0x00,0x00,0x00,0x00,0x00,0x00,0x00,0x00,0x00,0x00,0x00,0x00,0x00,0x00,0x00,0x00,
    0x00,0x00,0x00,0x00,0x00,0x00,0x00,0x00,0x00,0x00,0x00,0x00,0x00,0x00,0x00,0x00,
    0x00,0x00,0x00,0x00,0x00,0x00,0x00,0x00,0x00,0x00,0x00,0x00,0x00,0x00,0x00,0x00,
    0x00,0x00,0x00,0x00,0x00,0x00,0x00,0x00,0x00,0x00,0x00,0x01,0x01,0x01,0x01,0x01,
    0x01,0x01,0x02,0x02,0x02,0x02,0x02,0x03,0x03,0x03,0x03,0x03,0x04,0x04,0x04,0x04,
    0x04,0x05,0x05,0x05,0x05,0x05,0x05,0x06,0x06,0x06,0x06,0x06,0x06,0x07,0x07,0x07,
    0x07,0x07,0x07,0x07,0x07,0x07,0x07,0x07,0x07,0x07,0x07,0x07,0x07,0x07,0x07,0x07,
    0x07,0x07,0x07,0x07,0x06,0x06,0x06,0x06,0x06,0x06,0x05,0x05,0x05,0x05,0x05,0x05,
    0x04,0x04,0x04,0x04,0x04,0x03,0x03,0x03,0x03,0x03,0x02,0x02,0x02,0x02,0x02,0x01,
    0x01,0x01,0x01,0x01,0x01,0x01,0x00,0x00,0x00,0x00,0x00,0x00,0x00,0x00,0x00,0x00,
    0x00,0x00,0x00,0x00,0x00,0x00,0x00,0x00,0x00,0x00,0x00,0x00,0x00,0x00,0x00,0x00,
    0x00,0x00,0x00,0x00,0x00,0x00,0x00,0x00,0x00,0x00,0x00,0x00,0x00,0x00,0x00,0x00,
    0x00,0x00,0x00,0x00,0x00,0x00,0x00,0x00,0x00,0x00,0x00,0x00,0x00,0x00,0x00,0x00,
    0x00,0x00,0x00,0x00,0x00,0x00,0x00,0x00,0x00,0x00,0x00,0x00,0x00,0x00,0x00,0x00,
    0x00,0x00,0x00,0x00,0x00,0x00,0x00,0x00,0x00,0x01,0x01,0x01,0x01,0x01,0x01,0x02,
    0x02,0x02,0x02,0x02,0x03,0x03,0x03,0x03,0x04,0x04,0x04,0x04,0x04,0x05,0x05,0x05,
    0x05,0x06,0x06,0x06,0x06,0x06,0x07,0x07,0x07,0x07,0x07,0x08,0x08,0x08,0x08,0x08,
    0x08,0x08,0x08,0x08,0x08,0x09,0x09,0x09,0x09,0x09,0x09,0x09,0x08,0x08,0x08,0x08,
    0x08,0x08,0x08,0x08,0x08,0x08,0x07,0x07,0x07,0x07,0x07,0x06,0x06,0x06,0x06,0x06,
    0x05,0x05,0x05,0x05,0x04,0x04,0x04,0x04,0x04,0x03,0x03,0x03,0x03,0x02,0x02,0x02,
    0x02,0x02,0x01,0x01,0x01,0x01,0x01,0x01,0x00,0x00,0x00,0x00,0x00,0x00,0x00,0x00,
    0x00,0x00,0x00,0x00,0x00,0x00,0x00,0x00,0x00,0x00,0x00,0x00,0x00,0x00,0x00,0x00,
    0x00,0x00,0x00,0x00,0x00,0x00,0x00,0x00,0x00,0x00,0x00,0x00,0x00,0x00,0x00,0x00,
    0x00,0x00,0x00,0x00,0x00,0x00,0x00,0x00,0x00,0x00,0x00,0x00,0x00,0x00,0x00,0x00,
    0x00,0x00,0x00,0x00,0x00,0x00,0x00,0x00,0x00,0x00,0x00,0x00,0x00,0x00,0x00,0x00,
    0x00,0x00,0x00,0x00,0x00,0x00,0x00,0x01,0x01,0x01,0x01,0x01,0x02,0x02,0x02,0x02,
    0x02,0x03,0x03,0x03,0x03,0x04,0x04,0x04,0x04,0x05,0x05,0x05,0x05,0x06,0x06,0x06,
    0x06,0x07,0x07,0x07,0x07,0x08,0x08,0x08,0x08,0x09,0x09,0x09,0x09,0x09,0x09,0x0A,
    0x0A,0x0A,0x0A,0x0A,0x0A,0x0A,0x0A,0x0A,0x0A,0x0A,0x0A,0x0A,0x0A,0x0A,0x0A,0x0A,
    0x0A,0x0A,0x09,0x09,0x09,0x09,0x09,0x09,0x08,0x08,0x08,0x08,0x07,0x07,0x07,0x07,
    0x06,0x06,0x06,0x06,0x05,0x05,0x05,0x05,0x04,0x04,0x04,0x04,0x03,0x03,0x03,0x03,
    0x02,0x02,0x02,0x02,0x02,0x01,0x01,0x01,0x01,0x01,0x00,0x00,0x00,0x00,0x00,0x00,
    0x00,0x00,0x00,0x00,0x00,0x00,0x00,0x00,0x00,0x00,0x00,0x00,0x00,0x00,0x00,0x00,
    0x00,0x00,0x00,0x00,0x00,0x00,0x00,0x00,0x00,0x00,0x00,0x00,0x00,0x00,0x00,0x00,
    0x00,0x00,0x00,0x00,0x00,0x00,0x00,0x00,0x00,0x00,0x00,0x00,0x00,0x00,0x00,0x00,
    0x00,0x00,0x00,0x00,0x00,0x00,0x00,0x00,0x00,0x00,0x00,0x00,0x00,0x00,0x00,0x00,
    0x00,0x00,0x00,0x00,0x00,0x01,0x01,0x01,0x01,0x01,0x02,0x02,0x02,0x02,0x02,0x03,
    0x03,0x03,0x04,0x04,0x04,0x04,0x05,0x05,0x05,0x06,0x06,0x06,0x06,0x07,0x07,0x07,
    0x08,0x08,0x08,0x09,0x09,0x09,0x09,0x0A,0x0A,0x0A,0x0A,0x0A,0x0B,0x0B,0x0B,0x0B,
    0x0B,0x0B,0x0B,0x0C,0x0C,0x0C,0x0C,0x0C,0x0C,0x0C,0x0C,0x0C,0x0C,0x0C,0x0B,0x0B,
    0x0B,0x0B,0x0B,0x0B,0x0B,0x0A,0x0A,0x0A,0x0A,0x0A,0x09,0x09,0x09,0x09,0x08,0x08,
    0x08,0x07,0x07,0x07,0x06,0x06,0x06,0x06,0x05,0x05,0x05,0x04,0x04,0x04,0x04,0x03,
    0x03,0x03,0x02,0x02,0x02,0x02,0x02,0x01,0x01,0x01,0x01,0x01,0x00,0x00,0x00,0x00,
    0x00,0x00,0x00,0x00,0x00,0x00,0x00,0x00,0x00,0x00,0x00,0x00,0x00,0x00,0x00,0x00,
    0x00,0x00,0x00,0x00,0x00,0x00,0x00,0x00,0x00,0x00,0x00,0x00,0x00,0x00,0x00,0x00,
    0x00,0x00,0x00,0x00,0x00,0x00,0x00,0x00,0x00,0x00,0x00,0x00,0x00,0x00,0x00,0x00,
    0x00,0x00,0x00,0x00,0x00,0x00,0x00,0x00,0x00,0x00,0x00,0x00,0x00,0x00,0x00,0x00,
    0x00,0x00,0x00,0x01,0x01,0x01,0x01,0x01,0x02,0x02,0x02,0x02,0x03,0x03,0x03,0x03,
    0x04,0x04,0x04,0x05,0x05,0x05,0x06,0x06,0x06,0x07,0x07,0x07,0x08,0x08,0x08,0x09,
    0x09,0x09,0x0A,0x0A,0x0A,0x0B,0x0B,0x0B,0x0B,0x0C,0x0C,0x0C,0x0C,0x0C,0x0D,0x0D,
    0x0D,0x0D,0x0D,0x0D,0x0D,0x0D,0x0E,0x0E,0x0E,0x0E,0x0E,0x0D,0x0D,0x0D,0x0D,0x0D,
    0x0D,0x0D,0x0D,0x0C,0x0C,0x0C,0x0C,0x0C,0x0B,0x0B,0x0B,0x0B,0x0A,0x0A,0x0A,0x09,
    0x09,0x09,0x08,0x08,0x08,0x07,0x07,0x07,0x06,0x06,0x06,0x05,0x05,0x05,0x04,0x04,
    0x04,0x03,0x03,0x03,0x03,0x02,0x02,0x02,0x02,0x01,0x01,0x01,0x01,0x01,0x00,0x00,
    0x00,0x00,0x00,0x00,0x00,0x00,0x00,0x00,0x00,0x00,0x00,0x00,0x00,0x00,0x00,0x00,
    0x00,0x00,0x00,0x00,0x00,0x00,0x00,0x00,0x00,0x00,0x00,0x00,0x00,0x00,0x00,0x00,
    0x00,0x00,0x00,0x00,0x00,0x00,0x00,0x00,0x00,0x00,0x00,0x00,0x00,0x00,0x00,0x00,
    0x00,0x00,0x00,0x00,0x00,0x00,0x00,0x00,0x00,0x00,0x00,0x00,0x00,0x00,0x00,0x00,
    0x00,0x01,0x01,0x01,0x01,0x01,0x02,0x02,0x02,0x02,0x03,0x03,0x03,0x04,0x04,0x04,
    0x05,0x05,0x05,0x06,0x06,0x06,0x07,0x07,0x07,0x08,0x08,0x09,0x09,0x09,0x0A,0x0A,
    0x0A,0x0B,0x0B,0x0B,0x0C,0x0C,0x0C,0x0D,0x0D,0x0D,0x0E,0x0E,0x0E,0x0E,0x0E,0x0F,
    0x0F,0x0F,0x0F,0x0F,0x0F,0x0F,0x0F,0x0F,0x10,0x0F,0x0F,0x0F,0x0F,0x0F,0x0F,0x0F,
    0x0F,0x0F,0x0E,0x0E,0x0E,0x0E,0x0E,0x0D,0x0D,0x0D,0x0C,0x0C,0x0C,0x0B,0x0B,0x0B,
    0x0A,0x0A,0x0A,0x09,0x09,0x09,0x08,0x08,0x07,0x07,0x07,0x06,0x06,0x06,0x05,0x05,
    0x05,0x04,0x04,0x04,0x03,0x03,0x03,0x02,0x02,0x02,0x02,0x01,0x01,0x01,0x01,0x01,
    0x00,0x00,0x00,0x00,0x00,0x00,0x00,0x00,0x00,0x00,0x00,0x00,0x00,0x00,0x00,0x00,
    0x00,0x00,0x00,0x00,0x00,0x00,0x00,0x00,0x00,0x00,0x00,0x00,0x00,0x00,0x00,0x00,
    0x00,0x00,0x00,0x00,0x00,0x00,0x00,0x00,0x00,0x00,0x00,0x00,0x00,0x00,0x00,0x00,
    0x00,0x00,0x00,0x00,0x00,0x00,0x00,0x00,0x00,0x00,0x00,0x00,0x00,0x00,0x00,0x01,
    0x01,0x01,0x01,0x01,0x02,0x02,0x02,0x02,0x03,0x03,0x03,0x04,0x04,0x04,0x05,0x05,
    0x05,0x06,0x06,0x07,0x07,0x07,0x08,0x08,0x09,0x09,0x09,0x0A,0x0A,0x0B,0x0B,0x0C,
    0x0C,0x0C,0x0D,0x0D,0x0D,0x0E,0x0E,0x0F,0x0F,0x0F,0x0F,0x10,0x10,0x10,0x10,0x11,
    0x11,0x11,0x11,0x11,0x11,0x11,0x12,0x12,0x12,0x12,0x12,0x11,0x11,0x11,0x11,0x11,
    0x11,0x11,0x10,0x10,0x10,0x10,0x0F,0x0F,0x0F,0x0F,0x0E,0x0E,0x0D,0x0D,0x0D,0x0C,
    0x0C,0x0C,0x0B,0x0B,0x0A,0x0A,0x09,0x09,0x09,0x08,0x08,0x07,0x07,0x07,0x06,0x06,
    0x05,0x05,0x05,0x04,0x04,0x04,0x03,0x03,0x03,0x02,0x02,0x02,0x02,0x01,0x01,0x01,
    0x01,0x01,0x00,0x00,0x00,0x00,0x00,0x00,0x00,0x00,0x00,0x00,0x00,0x00,0x00,0x00,
    0x00,0x00,0x00,0x00,0x00,0x00,0x00,0x00,0x00,0x00,0x00,0x00,0x00,0x00,0x00,0x00,
    0x00,0x00,0x00,0x00,0x00,0x00,0x00,0x00,0x00,0x00,0x00,0x00,0x00,0x00,0x00,0x00,
    0x00,0x00,0x00,0x00,0x00,0x00,0x00,0x00,0x00,0x00,0x00,0x00,0x00,0x01,0x01,0x01,
    0x01,0x01,0x02,0x02,0x02,0x02,0x03,0x03,0x03,0x04,0x04,0x04,0x05,0x05,0x05,0x06,
    0x06,0x07,0x07,0x08,0x08,0x08,0x09,0x09,0x0A,0x0A,0x0B,0x0B,0x0C,0x0C,0x0D,0x0D,
    0x0E,0x0E,0x0E,0x0F,0x0F,0x10,0x10,0x10,0x11,0x11,0x11,0x12,0x12,0x12,0x13,0x13,
    0x13,0x13,0x13,0x14,0x14,0x14,0x14,0x14,0x14,0x14,0x14,0x14,0x14,0x14,0x13,0x13,
    0x13,0x13,0x13,0x12,0x12,0x12,0x11,0x11,0x11,0x10,0x10,0x10,0x0F,0x0F,0x0E,0x0E,
    0x0E,0x0D,0x0D,0x0C,0x0C,0x0B,0x0B,0x0A,0x0A,0x09,0x09,0x08,0x08,0x08,0x07,0x07,
    0x06,0x06,0x05,0x05,0x05,0x04,0x04,0x04,0x03,0x03,0x03,0x02,0x02,0x02,0x02,0x01,
    0x01,0x01,0x01,0x01,0x00,0x00,0x00,0x00,0x00,0x00,0x00,0x00,0x00,0x00,0x00,0x00,
    0x00,0x00,0x00,0x00,0x00,0x00,0x00,0x00,0x00,0x00,0x00,0x00,0x00,0x00,0x00,0x00,
    0x00,0x00,0x00,0x00,0x00,0x00,0x00,0x00,0x00,0x00,0x00,0x00,0x00,0x00,0x00,0x00,
    0x00,0x00,0x00,0x00,0x00,0x00,0x00,0x00,0x00,0x00,0x00,0x00,0x01,0x01,0x01,0x01,
    0x01,0x02,0x02,0x02,0x03,0x03,0x03,0x04,0x04,0x04,0x05,0x05,0x05,0x06,0x06,0x07,
    0x07,0x08,0x08,0x09,0x09,0x0A,0x0A,0x0B,0x0B,0x0C,0x0C,0x0D,0x0D,0x0E,0x0E,0x0F,
    0x0F,0x10,0x10,0x11,0x11,0x12,0x12,0x12,0x13,0x13,0x14,0x14,0x14,0x15,0x15,0x15,
    0x15,0x16,0x16,0x16,0x16,0x16,0x16,0x16,0x16,0x16,0x16,0x16,0x16,0x16,0x16,0x16,
    0x15,0x15,0x15,0x15,0x14,0x14,0x14,0x13,0x13,0x12,0x12,0x12,0x11,0x11,0x10,0x10,
    0x0F,0x0F,0x0E,0x0E,0x0D,0x0D,0x0C,0x0C,0x0B,0x0B,0x0A,0x0A,0x09,0x09,0x08,0x08,
    0x07,0x07,0x06,0x06,0x05,0x05,0x05,0x04,0x04,0x04,0x03,0x03,0x03,0x02,0x02,0x02,
    0x01,0x01,0x01,0x01,0x01,0x00,0x00,0x00,0x00,0x00,0x00,0x00,0x00,0x00,0x00,0x00,
    0x00,0x00,0x00,0x00,0x00,0x00,0x00,0x00,0x00,0x00,0x00,0x00,0x00,0x00,0x00,0x00,
    0x00,0x00,0x00,0x00,0x00,0x00,0x00,0x00,0x00,0x00,0x00,0x00,0x00,0x00,0x00,0x00,
    0x00,0x00,0x00,0x00,0x00,0x00,0x00,0x00,0x00,0x00,0x00,0x01,0x01,0x01,0x01,0x02,
    0x02,0x02,0x02,0x03,0x03,0x03,0x04,0x04,0x05,0x05,0x05,0x06,0x06,0x07,0x07,0x08,
    0x08,0x09,0x09,0x0A,0x0A,0x0B,0x0C,0x0C,0x0D,0x0D,0x0E,0x0E,0x0F,0x0F,0x10,0x11,
    0x11,0x12,0x12,0x13,0x13,0x14,0x14,0x15,0x15,0x16,0x16,0x16,0x17,0x17,0x17,0x18,
    0x18,0x18,0x18,0x18,0x19,0x19,0x19,0x19,0x19,0x19,0x19,0x19,0x19,0x18,0x18,0x18,
    0x18,0x18,0x17,0x17,0x17,0x16,0x16,0x16,0x15,0x15,0x14,0x14,0x13,0x13,0x12,0x12,
    0x11,0x11,0x10,0x0F,0x0F,0x0E,0x0E,0x0D,0x0D,0x0C,0x0C,0x0B,0x0A,0x0A,0x09,0x09,
    0x08,0x08,0x07,0x07,0x06,0x06,0x05,0x05,0x05,0x04,0x04,0x03,0x03,0x03,0x02,0x02,
    0x02,0x02,0x01,0x01,0x01,0x01,0x00,0x00,0x00,0x00,0x00,0x00,0x00,0x00,0x00,0x00,
    0x00,0x00,0x00,0x00,0x00,0x00,0x00,0x00,0x00,0x00,0x00,0x00,0x00,0x00,0x00,0x00,
    0x00,0x00,0x00,0x00,0x00,0x00,0x00,0x00,0x00,0x00,0x00,0x00,0x00,0x00,0x00,0x00,
    0x00,0x00,0x00,0x00,0x00,0x00,0x00,0x00,0x00,0x01,0x01,0x01,0x01,0x01,0x02,0x02,
    0x02,0x03,0x03,0x03,0x04,0x04,0x04,0x05,0x05,0x06,0x06,0x07,0x07,0x08,0x08,0x09,
    0x09,0x0A,0x0B,0x0B,0x0C,0x0C,0x0D,0x0E,0x0E,0x0F,0x0F,0x10,0x11,0x11,0x12,0x12,
    0x13,0x14,0x14,0x15,0x15,0x16,0x16,0x17,0x17,0x18,0x18,0x19,0x19,0x1A,0x1A,0x1A,
    0x1A,0x1B,0x1B,0x1B,0x1B,0x1B,0x1B,0x1C,0x1C,0x1C,0x1B,0x1B,0x1B,0x1B,0x1B,0x1B,
    0x1A,0x1A,0x1A,0x1A,0x19,0x19,0x18,0x18,0x17,0x17,0x16,0x16,0x15,0x15,0x14,0x14,
    0x13,0x12,0x12,0x11,0x11,0x10,0x0F,0x0F,0x0E,0x0E,0x0D,0x0C,0x0C,0x0B,0x0B,0x0A,
    0x09,0x09,0x08,0x08,0x07,0x07,0x06,0x06,0x05,0x05,0x04,0x04,0x04,0x03,0x03,0x03,
    0x02,0x02,0x02,0x01,0x01,0x01,0x01,0x01,0x00,0x00,0x00,0x00,0x00,0x00,0x00,0x00,
    0x00,0x00,0x00,0x00,0x00,0x00,0x00,0x00,0x00,0x00,0x00,0x00,0x00,0x00,0x00,0x00,
    0x00,0x00,0x00,0x00,0x00,0x00,0x00,0x00,0x00,0x00,0x00,0x00,0x00,0x00,0x00,0x00,
    0x00,0x00,0x00,0x00,0x00,0x00,0x00,0x00,0x01,0x01,0x01,0x01,0x02,0x02,0x02,0x02,
    0x03,0x03,0x03,0x04,0x04,0x05,0x05,0x06,0x06,0x07,0x07,0x08,0x08,0x09,0x09,0x0A,
    0x0B,0x0B,0x0C,0x0C,0x0D,0x0E,0x0E,0x0F,0x10,0x10,0x11,0x12,0x12,0x13,0x14,0x14,
    0x15,0x16,0x16,0x17,0x18,0x18,0x19,0x19,0x1A,0x1A,0x1B,0x1B,0x1C,0x1C,0x1D,0x1D,
    0x1D,0x1E,0x1E,0x1E,0x1E,0x1E,0x1E,0x1E,0x1E,0x1E,0x1E,0x1E,0x1E,0x1E,0x1E,0x1E,
    0x1D,0x1D,0x1D,0x1C,0x1C,0x1B,0x1B,0x1A,0x1A,0x19,0x19,0x18,0x18,0x17,0x16,0x16,
    0x15,0x14,0x14,0x13,0x12,0x12,0x11,0x10,0x10,0x0F,0x0E,0x0E,0x0D,0x0C,0x0C,0x0B,
    0x0B,0x0A,0x09,0x09,0x08,0x08,0x07,0x07,0x06,0x06,0x05,0x05,0x04,0x04,0x03,0x03,
    0x03,0x02,0x02,0x02,0x02,0x01,0x01,0x01,0x01,0x00,0x00,0x00,0x00,0x00,0x00,0x00,
    0x00,0x00,0x00,0x00,0x00,0x00,0x00,0x00,0x00,0x00,0x00,0x00,0x00,0x00,0x00,0x00,
    0x00,0x00,0x00,0x00,0x00,0x00,0x00,0x00,0x00,0x00,0x00,0x00,0x00,0x00,0x00,0x00,
    0x00,0x00,0x00,0x00,0x00,0x00,0x00,0x01,0x01,0x01,0x01,0x02,0x02,0x02,0x03,0x03,
    0x03,0x04,0x04,0x04,0x05,0x05,0x06,0x06,0x07,0x07,0x08,0x09,0x09,0x0A,0x0A,0x0B,
    0x0C,0x0C,0x0D,0x0E,0x0F,0x0F,0x10,0x11,0x11,0x12,0x13,0x14,0x14,0x15,0x16,0x17,
    0x17,0x18,0x19,0x19,0x1A,0x1B,0x1B,0x1C,0x1C,0x1D,0x1E,0x1E,0x1F,0x1F,0x1F,0x20,
    0x20,0x20,0x21,0x21,0x21,0x21,0x21,0x21,0x21,0x21,0x21,0x21,0x21,0x21,0x21,0x20,
    0x20,0x20,0x1F,0x1F,0x1F,0x1E,0x1E,0x1D,0x1C,0x1C,0x1B,0x1B,0x1A,0x19,0x19,0x18,
    0x17,0x17,0x16,0x15,0x14,0x14,0x13,0x12,0x11,0x11,0x10,0x0F,0x0F,0x0E,0x0D,0x0C,
    0x0C,0x0B,0x0A,0x0A,0x09,0x09,0x08,0x07,0x07,0x06,0x06,0x05,0x05,0x04,0x04,0x04,
    0x03,0x03,0x03,0x02,0x02,0x02,0x01,0x01,0x01,0x01,0x00,0x00,0x00,0x00,0x00,0x00,
    0x00,0x00,0x00,0x00,0x00,0x00,0x00,0x00,0x00,0x00,0x00,0x00,0x00,0x00,0x00,0x00,
    0x00,0x00,0x00,0x00,0x00,0x00,0x00,0x00,0x00,0x00,0x00,0x00,0x00,0x00,0x00,0x00,
    0x00,0x00,0x00,0x00,0x00,0x00,0x01,0x01,0x01,0x01,0x02,0x02,0x02,0x03,0x03,0x03,
    0x04,0x04,0x05,0x05,0x06,0x06,0x07,0x07,0x08,0x08,0x09,0x0A,0x0A,0x0B,0x0C,0x0C,
    0x0D,0x0E,0x0F,0x0F,0x10,0x11,0x12,0x12,0x13,0x14,0x15,0x16,0x16,0x17,0x18,0x19,
    0x19,0x1A,0x1B,0x1C,0x1C,0x1D,0x1E,0x1F,0x1F,0x20,0x20,0x21,0x21,0x22,0x22,0x23,
    0x23,0x24,0x24,0x24,0x24,0x24,0x25,0x25,0x25,0x25,0x25,0x24,0x24,0x24,0x24,0x24,
    0x23,0x23,0x22,0x22,0x21,0x21,0x20,0x20,0x1F,0x1F,0x1E,0x1D,0x1C,0x1C,0x1B,0x1A,
    0x19,0x19,0x18,0x17,0x16,0x16,0x15,0x14,0x13,0x12,0x12,0x11,0x10,0x0F,0x0F,0x0E,
    0x0D,0x0C,0x0C,0x0B,0x0A,0x0A,0x09,0x08,0x08,0x07,0x07,0x06,0x06,0x05,0x05,0x04,
    0x04,0x03,0x03,0x03,0x02,0x02,0x02,0x01,0x01,0x01,0x01,0x00,0x00,0x00,0x00,0x00,
    0x00,0x00,0x00,0x00,0x00,0x00,0x00,0x00,0x00,0x00,0x00,0x00,0x00,0x00,0x00,0x00,
    0x00,0x00,0x00,0x00,0x00,0x00,0x00,0x00,0x00,0x00,0x00,0x00,0x00,0x00,0x00,0x00,
    0x00,0x00,0x00,0x00,0x00,0x01,0x01,0x01,0x01,0x02,0x02,0x02,0x03,0x03,0x03,0x04,
    0x04,0x05,0x05,0x06,0x06,0x07,0x07,0x08,0x09,0x09,0x0A,0x0B,0x0B,0x0C,0x0D,0x0E,
    0x0E,0x0F,0x10,0x11,0x12,0x12,0x13,0x14,0x15,0x16,0x17,0x18,0x18,0x19,0x1A,0x1B,
    0x1C,0x1D,0x1D,0x1E,0x1F,0x20,0x21,0x21,0x22,0x23,0x23,0x24,0x25,0x25,0x26,0x26,
    0x26,0x27,0x27,0x27,0x28,0x28,0x28,0x28,0x28,0x28,0x28,0x28,0x28,0x27,0x27,0x27,
    0x26,0x26,0x26,0x25,0x25,0x24,0x23,0x23,0x22,0x21,0x21,0x20,0x1F,0x1E,0x1D,0x1D,
    0x1C,0x1B,0x1A,0x19,0x18,0x18,0x17,0x16,0x15,0x14,0x13,0x12,0x12,0x11,0x10,0x0F,
    0x0E,0x0E,0x0D,0x0C,0x0B,0x0B,0x0A,0x09,0x09,0x08,0x07,0x07,0x06,0x06,0x05,0x05,
    0x04,0x04,0x03,0x03,0x03,0x02,0x02,0x02,0x01,0x01,0x01,0x01,0x00,0x00,0x00,0x00,
    0x00,0x00,0x00,0x00,0x00,0x00,0x00,0x00,0x00,0x00,0x00,0x00,0x00,0x00,0x00,0x00,
    0x00,0x00,0x00,0x00,0x00,0x00,0x00,0x00,0x00,0x00,0x00,0x00,0x00,0x00,0x00,0x00,
    0x00,0x00,0x00,0x00,0x01,0x01,0x01,0x01,0x02,0x02,0x02,0x03,0x03,0x03,0x04,0x04,
    0x05,0x05,0x06,0x06,0x07,0x08,0x08,0x09,0x0A,0x0A,0x0B,0x0C,0x0C,0x0D,0x0E,0x0F,
    0x10,0x10,0x11,0x12,0x13,0x14,0x15,0x16,0x17,0x18,0x19,0x1A,0x1A,0x1B,0x1C,0x1D,
    0x1E,0x1F,0x20,0x21,0x22,0x23,0x23,0x24,0x25,0x26,0x26,0x27,0x28,0x28,0x29,0x29,
    0x2A,0x2A,0x2B,0x2B,0x2B,0x2B,0x2C,0x2C,0x2C,0x2C,0x2C,0x2B,0x2B,0x2B,0x2B,0x2A,
    0x2A,0x29,0x29,0x28,0x28,0x27,0x26,0x26,0x25,0x24,0x23,0x23,0x22,0x21,0x20,0x1F,
    0x1E,0x1D,0x1C,0x1B,0x1A,0x1A,0x19,0x18,0x17,0x16,0x15,0x14,0x13,0x12,0x11,0x10,
    0x10,0x0F,0x0E,0x0D,0x0C,0x0C,0x0B,0x0A,0x0A,0x09,0x08,0x08,0x07,0x06,0x06,0x05,
    0x05,0x04,0x04,0x03,0x03,0x03,0x02,0x02,0x02,0x01,0x01,0x01,0x01,0x00,0x00,0x00,
    0x00,0x00,0x00,0x00,0x00,0x00,0x00,0x00,0x00,0x00,0x00,0x00,0x00,0x00,0x00,0x00,
    0x00,0x00,0x00,0x00,0x00,0x00,0x00,0x00,0x00,0x00,0x00,0x00,0x00,0x00,0x00,0x00,
    0x00,0x00,0x00,0x01,0x01,0x01,0x01,0x02,0x02,0x02,0x03,0x03,0x03,0x04,0x04,0x05,
    0x05,0x06,0x07,0x07,0x08,0x08,0x09,0x0A,0x0A,0x0B,0x0C,0x0D,0x0E,0x0E,0x0F,0x10,
    0x11,0x12,0x13,0x14,0x15,0x16,0x17,0x18,0x19,0x1A,0x1B,0x1C,0x1D,0x1E,0x1F,0x20,
    0x21,0x22,0x23,0x24,0x25,0x25,0x26,0x27,0x28,0x29,0x2A,0x2A,0x2B,0x2C,0x2C,0x2D,
    0x2D,0x2E,0x2E,0x2F,0x2F,0x2F,0x2F,0x2F,0x2F,0x2F,0x2F,0x2F,0x2F,0x2F,0x2E,0x2E,
    0x2D,0x2D,0x2C,0x2C,0x2B,0x2A,0x2A,0x29,0x28,0x27,0x26,0x25,0x25,0x24,0x23,0x22,
    0x21,0x20,0x1F,0x1E,0x1D,0x1C,0x1B,0x1A,0x19,0x18,0x17,0x16,0x15,0x14,0x13,0x12,
    0x11,0x10,0x0F,0x0E,0x0E,0x0D,0x0C,0x0B,0x0A,0x0A,0x09,0x08,0x08,0x07,0x07,0x06,
    0x05,0x05,0x04,0x04,0x03,0x03,0x03,0x02,0x02,0x02,0x01,0x01,0x01,0x01,0x00,0x00,
    0x00,0x00,0x00,0x00,0x00,0x00,0x00,0x00,0x00,0x00,0x00,0x00,0x00,0x00,0x00,0x00,
    0x00,0x00,0x00,0x00,0x00,0x00,0x00,0x00,0x00,0x00,0x00,0x00,0x00,0x00,0x00,0x00,
    0x00,0x00,0x01,0x01,0x01,0x01,0x02,0x02,0x02,0x03,0x03,0x03,0x04,0x04,0x05,0x05,
    0x06,0x07,0x07,0x08,0x08,0x09,0x0A,0x0B,0x0B,0x0C,0x0D,0x0E,0x0F,0x10,0x10,0x11,
    0x12,0x13,0x14,0x15,0x16,0x17,0x18,0x19,0x1B,0x1C,0x1D,0x1E,0x1F,0x20,0x21,0x22,
    0x23,0x24,0x25,0x26,0x27,0x28,0x29,0x2A,0x2B,0x2C,0x2D,0x2E,0x2F,0x2F,0x30,0x31,
    0x31,0x32,0x32,0x32,0x33,0x33,0x33,0x33,0x33,0x33,0x33,0x33,0x33,0x32,0x32,0x32,
    0x31,0x31,0x30,0x2F,0x2F,0x2E,0x2D,0x2C,0x2B,0x2A,0x29,0x28,0x27,0x26,0x25,0x24,
    0x23,0x22,0x21,0x20,0x1F,0x1E,0x1D,0x1C,0x1B,0x19,0x18,0x17,0x16,0x15,0x14,0x13,
    0x12,0x11,0x10,0x10,0x0F,0x0E,0x0D,0x0C,0x0B,0x0B,0x0A,0x09,0x08,0x08,0x07,0x07,
    0x06,0x05,0x05,0x04,0x04,0x03,0x03,0x03,0x02,0x02,0x02,0x01,0x01,0x01,0x01,0x00,
    0x00,0x00,0x00,0x00,0x00,0x00,0x00,0x00,0x00,0x00,0x00,0x00,0x00,0x00,0x00,0x00,
    0x00,0x00,0x00,0x00,0x00,0x00,0x00,0x00,0x00,0x00,0x00,0x00,0x00,0x00,0x00,0x00,
    0x00,0x01,0x01,0x01,0x01,0x02,0x02,0x02,0x03,0x03,0x03,0x04,0x04,0x05,0x05,0x06,
    0x07,0x07,0x08,0x09,0x09,0x0A,0x0B,0x0B,0x0C,0x0D,0x0E,0x0F,0x10,0x11,0x12,0x13,
    0x14,0x15,0x16,0x17,0x18,0x19,0x1A,0x1B,0x1C,0x1E,0x1F,0x20,0x21,0x22,0x23,0x25,
    0x26,0x27,0x28,0x29,0x2A,0x2B,0x2C,0x2E,0x2F,0x30,0x30,0x31,0x32,0x33,0x34,0x34,
    0x35,0x36,0x36,0x36,0x37,0x37,0x37,0x37,0x37,0x37,0x37,0x37,0x37,0x36,0x36,0x36,
    0x35,0x34,0x34,0x33,0x32,0x31,0x30,0x30,0x2F,0x2E,0x2C,0x2B,0x2A,0x29,0x28,0x27,
    0x26,0x25,0x23,0x22,0x21,0x20,0x1F,0x1E,0x1C,0x1B,0x1A,0x19,0x18,0x17,0x16,0x15,
    0x14,0x13,0x12,0x11,0x10,0x0F,0x0E,0x0D,0x0C,0x0B,0x0B,0x0A,0x09,0x09,0x08,0x07,
    0x07,0x06,0x05,0x05,0x04,0x04,0x03,0x03,0x03,0x02,0x02,0x02,0x01,0x01,0x01,0x01,
    0x00,0x00,0x00,0x00,0x00,0x00,0x00,0x00,0x00,0x00,0x00,0x00,0x00,0x00,0x00,0x00,
    0x00,0x00,0x00,0x00,0x00,0x00,0x00,0x00,0x00,0x00,0x00,0x00,0x00,0x00,0x00,0x00,
    0x00,0x01,0x01,0x01,0x02,0x02,0x02,0x03,0x03,0x03,0x04,0x04,0x05,0x05,0x06,0x07,
    0x07,0x08,0x08,0x09,0x0A,0x0B,0x0C,0x0C,0x0D,0x0E,0x0F,0x10,0x11,0x12,0x13,0x14,
    0x15,0x16,0x17,0x18,0x1A,0x1B,0x1C,0x1D,0x1E,0x20,0x21,0x22,0x23,0x25,0x26,0x27,
    0x28,0x2A,0x2B,0x2C,0x2D,0x2F,0x30,0x31,0x32,0x33,0x34,0x35,0x36,0x37,0x38,0x38,
    0x39,0x3A,0x3A,0x3B,0x3B,0x3B,0x3C,0x3C,0x3C,0x3C,0x3C,0x3B,0x3B,0x3B,0x3A,0x3A,
    0x39,0x38,0x38,0x37,0x36,0x35,0x34,0x33,0x32,0x31,0x30,0x2F,0x2D,0x2C,0x2B,0x2A,
    0x28,0x27,0x26,0x25,0x23,0x22,0x21,0x20,0x1E,0x1D,0x1C,0x1B,0x1A,0x18,0x17,0x16,
    0x15,0x14,0x13,0x12,0x11,0x10,0x0F,0x0E,0x0D,0x0C,0x0C,0x0B,0x0A,0x09,0x08,0x08,
    0x07,0x07,0x06,0x05,0x05,0x04,0x04,0x03,0x03,0x03,0x02,0x02,0x02,0x01,0x01,0x01,
    0x00,0x00,0x00,0x00,0x00,0x00,0x00,0x00,0x00,0x00,0x00,0x00,0x00,0x00,0x00,0x00,
    0x00,0x00,0x00,0x00,0x00,0x00,0x00,0x00,0x00,0x00,0x00,0x00,0x00,0x00,0x00,0x00,
    0x01,0x01,0x01,0x01,0x02,0x02,0x02,0x03,0x03,0x04,0x04,0x05,0x05,0x06,0x06,0x07,
    0x08,0x08,0x09,0x0A,0x0B,0x0C,0x0C,0x0D,0x0E,0x0F,0x10,0x11,0x12,0x13,0x14,0x15,
    0x16,0x18,0x19,0x1A,0x1B,0x1C,0x1E,0x1F,0x20,0x22,0x23,0x24,0x26,0x27,0x28,0x2A,
    0x2B,0x2C,0x2E,0x2F,0x30,0x32,0x33,0x34,0x35,0x37,0x38,0x39,0x3A,0x3B,0x3C,0x3C,
    0x3D,0x3E,0x3E,0x3F,0x3F,0x40,0x40,0x40,0x40,0x40,0x40,0x40,0x3F,0x3F,0x3E,0x3E,
    0x3D,0x3C,0x3C,0x3B,0x3A,0x39,0x38,0x37,0x35,0x34,0x33,0x32,0x30,0x2F,0x2E,0x2C,
    0x2B,0x2A,0x28,0x27,0x26,0x24,0x23,0x22,0x20,0x1F,0x1E,0x1C,0x1B,0x1A,0x19,0x18,
    0x16,0x15,0x14,0x13,0x12,0x11,0x10,0x0F,0x0E,0x0D,0x0C,0x0C,0x0B,0x0A,0x09,0x08,
    0x08,0x07,0x06,0x06,0x05,0x05,0x04,0x04,0x03,0x03,0x02,0x02,0x02,0x01,0x01,0x01,
    0x01,0x00,0x00,0x00,0x00,0x00,0x00,0x00,0x00,0x00,0x00,0x00,0x00,0x00,0x00,0x00,
    0x00,0x00,0x00,0x00,0x00,0x00,0x00,0x00,0x00,0x00,0x00,0x00,0x00,0x00,0x00,0x01,
    0x01,0x01,0x01,0x02,0x02,0x02,0x03,0x03,0x04,0x04,0x05,0x05,0x06,0x06,0x07,0x08,
    0x08,0x09,0x0A,0x0B,0x0B,0x0C,0x0D,0x0E,0x0F,0x10,0x11,0x12,0x13,0x14,0x15,0x17,
    0x18,0x19,0x1A,0x1C,0x1D,0x1E,0x1F,0x21,0x22,0x24,0x25,0x26,0x28,0x29,0x2B,0x2C,
    0x2E,0x2F,0x31,0x32,0x33,0x35,0x36,0x38,0x39,0x3A,0x3B,0x3D,0x3E,0x3F,0x40,0x41,
    0x42,0x42,0x43,0x44,0x44,0x44,0x45,0x45,0x45,0x45,0x45,0x44,0x44,0x44,0x43,0x42,
    0x42,0x41,0x40,0x3F,0x3E,0x3D,0x3B,0x3A,0x39,0x38,0x36,0x35,0x33,0x32,0x31,0x2F,
    0x2E,0x2C,0x2B,0x29,0x28,0x26,0x25,0x24,0x22,0x21,0x1F,0x1E,0x1D,0x1C,0x1A,0x19,
    0x18,0x17,0x15,0x14,0x13,0x12,0x11,0x10,0x0F,0x0E,0x0D,0x0C,0x0B,0x0B,0x0A,0x09,
    0x08,0x08,0x07,0x06,0x06,0x05,0x05,0x04,0x04,0x03,0x03,0x02,0x02,0x02,0x01,0x01,
    0x01,0x01,0x00,0x00,0x00,0x00,0x00,0x00,0x00,0x00,0x00,0x00,0x00,0x00,0x00,0x00,
    0x00,0x00,0x00,0x00,0x00,0x00,0x00,0x00,0x00,0x00,0x00,0x00,0x00,0x00,0x00,0x01,
    0x01,0x01,0x01,0x02,0x02,0x03,0x03,0x03,0x04,0x04,0x05,0x06,0x06,0x07,0x07,0x08,
    0x09,0x0A,0x0A,0x0B,0x0C,0x0D,0x0E,0x0F,0x10,0x11,0x12,0x13,0x14,0x15,0x17,0x18,
    0x19,0x1A,0x1C,0x1D,0x1E,0x20,0x21,0x23,0x24,0x26,0x27,0x29,0x2A,0x2C,0x2D,0x2F,
    0x30,0x32,0x33,0x35,0x37,0x38,0x3A,0x3B,0x3C,0x3E,0x3F,0x40,0x42,0x43,0x44,0x45,
    0x46,0x47,0x48,0x48,0x49,0x49,0x49,0x4A,0x4A,0x4A,0x49,0x49,0x49,0x48,0x48,0x47,
    0x46,0x45,0x44,0x43,0x42,0x40,0x3F,0x3E,0x3C,0x3B,0x3A,0x38,0x37,0x35,0x33,0x32,
    0x30,0x2F,0x2D,0x2C,0x2A,0x29,0x27,0x26,0x24,0x23,0x21,0x20,0x1E,0x1D,0x1C,0x1A,
    0x19,0x18,0x17,0x15,0x14,0x13,0x12,0x11,0x10,0x0F,0x0E,0x0D,0x0C,0x0B,0x0A,0x0A,
    0x09,0x08,0x07,0x07,0x06,0x06,0x05,0x04,0x04,0x03,0x03,0x03,0x02,0x02,0x01,0x01,
    0x01,0x01,0x00,0x00,0x00,0x00,0x00,0x00,0x00,0x00,0x00,0x00,0x00,0x00,0x00,0x00,
    0x00,0x00,0x00,0x00,0x00,0x00,0x00,0x00,0x00,0x00,0x00,0x00,0x00,0x00,0x01,0x01,
    0x01,0x01,0x02,0x02,0x02,0x03,0x03,0x04,0x04,0x05,0x05,0x06,0x07,0x07,0x08,0x09,
    0x09,0x0A,0x0B,0x0C,0x0D,0x0E,0x0F,0x10,0x11,0x12,0x13,0x14,0x15,0x16,0x18,0x19,
    0x1A,0x1C,0x1D,0x1E,0x20,0x21,0x23,0x24,0x26,0x27,0x29,0x2B,0x2C,0x2E,0x30,0x31,
    0x33,0x35,0x36,0x38,0x3A,0x3B,0x3D,0x3E,0x40,0x42,0x43,0x44,0x46,0x47,0x48,0x49,
    0x4B,0x4B,0x4C,0x4D,0x4E,0x4E,0x4E,0x4F,0x4F,0x4F,0x4E,0x4E,0x4E,0x4D,0x4C,0x4B,
    0x4B,0x49,0x48,0x47,0x46,0x44,0x43,0x42,0x40,0x3E,0x3D,0x3B,0x3A,0x38,0x36,0x35,
    0x33,0x31,0x30,0x2E,0x2C,0x2B,0x29,0x27,0x26,0x24,0x23,0x21,0x20,0x1E,0x1D,0x1C,
    0x1A,0x19,0x18,0x16,0x15,0x14,0x13,0x12,0x11,0x10,0x0F,0x0E,0x0D,0x0C,0x0B,0x0A,
    0x09,0x09,0x08,0x07,0x07,0x06,0x05,0x05,0x04,0x04,0x03,0x03,0x02,0x02,0x02,0x01,
    0x01,0x01,0x01,0x00,0x00,0x00,0x00,0x00,0x00,0x00,0x00,0x00,0x00,0x00,0x00,0x00,
    0x00,0x00,0x00,0x00,0x00,0x00,0x00,0x00,0x00,0x00,0x00,0x00,0x00,0x00,0x01,0x01,
    0x01,0x02,0x02,0x02,0x03,0x03,0x03,0x04,0x04,0x05,0x06,0x06,0x07,0x08,0x08,0x09,
    0x0A,0x0B,0x0C,0x0C,0x0D,0x0E,0x0F,0x10,0x12,0x13,0x14,0x15,0x16,0x18,0x19,0x1A,
    0x1C,0x1D,0x1E,0x20,0x21,0x23,0x24,0x26,0x28,0x29,0x2B,0x2D,0x2E,0x30,0x32,0x34,
    0x35,0x37,0x39,0x3B,0x3D,0x3E,0x40,0x42,0x44,0x45,0x47,0x48,0x4A,0x4B,0x4D,0x4E,
    0x4F,0x50,0x51,0x52,0x53,0x53,0x54,0x54,0x54,0x54,0x54,0x53,0x53,0x52,0x51,0x50,
    0x4F,0x4E,0x4D,0x4B,0x4A,0x48,0x47,0x45,0x44,0x42,0x40,0x3E,0x3D,0x3B,0x39,0x37,
    0x35,0x34,0x32,0x30,0x2E,0x2D,0x2B,0x29,0x28,0x26,0x24,0x23,0x21,0x20,0x1E,0x1D,
    0x1C,0x1A,0x19,0x18,0x16,0x15,0x14,0x13,0x12,0x10,0x0F,0x0E,0x0D,0x0C,0x0C,0x0B,
    0x0A,0x09,0x08,0x08,0x07,0x06,0x06,0x05,0x04,0x04,0x03,0x03,0x03,0x02,0x02,0x02,
    0x01,0x01,0x01,0x00,0x00,0x00,0x00,0x00,0x00,0x00,0x00,0x00,0x00,0x00,0x00,0x00,
    0x00,0x00,0x00,0x00,0x00,0x00,0x00,0x00,0x00,0x00,0x00,0x00,0x00,0x01,0x01,0x01,
    0x01,0x02,0x02,0x02,0x03,0x03,0x04,0x04,0x05,0x05,0x06,0x07,0x07,0x08,0x09,0x0A,
    0x0A,0x0B,0x0C,0x0D,0x0E,0x0F,0x10,0x11,0x12,0x13,0x15,0x16,0x17,0x18,0x1A,0x1B,
    0x1D,0x1E,0x20,0x21,0x23,0x24,0x26,0x28,0x29,0x2B,0x2D,0x2F,0x30,0x32,0x34,0x36,
    0x38,0x3A,0x3C,0x3E,0x40,0x41,0x43,0x45,0x47,0x49,0x4B,0x4C,0x4E,0x50,0x51,0x53,
    0x54,0x55,0x56,0x57,0x58,0x59,0x59,0x59,0x59,0x59,0x59,0x59,0x58,0x57,0x56,0x55,
    0x54,0x53,0x51,0x50,0x4E,0x4C,0x4B,0x49,0x47,0x45,0x43,0x41,0x40,0x3E,0x3C,0x3A,
    0x38,0x36,0x34,0x32,0x30,0x2F,0x2D,0x2B,0x29,0x28,0x26,0x24,0x23,0x21,0x20,0x1E,
    0x1D,0x1B,0x1A,0x18,0x17,0x16,0x15,0x13,0x12,0x11,0x10,0x0F,0x0E,0x0D,0x0C,0x0B,
    0x0A,0x0A,0x09,0x08,0x07,0x07,0x06,0x05,0x05,0x04,0x04,0x03,0x03,0x02,0x02,0x02,
    0x01,0x01,0x01,0x01,0x00,0x00,0x00,0x00,0x00,0x00,0x00,0x00,0x00,0x00,0x00,0x00,
    0x00,0x00,0x00,0x00,0x00,0x00,0x00,0x00,0x00,0x00,0x00,0x00,0x00,0x01,0x01,0x01,
    0x01,0x02,0x02,0x03,0x03,0x03,0x04,0x04,0x05,0x06,0x06,0x07,0x08,0x08,0x09,0x0A,
    0x0B,0x0C,0x0D,0x0E,0x0F,0x10,0x11,0x12,0x13,0x14,0x15,0x17,0x18,0x19,0x1B,0x1C,
    0x1E,0x1F,0x21,0x22,0x24,0x26,0x27,0x29,0x2B,0x2D,0x2F,0x30,0x32,0x34,0x36,0x38,
    0x3A,0x3C,0x3E,0x40,0x42,0x44,0x46,0x48,0x4A,0x4C,0x4E,0x50,0x52,0x54,0x56,0x57,
    0x59,0x5A,0x5B,0x5C,0x5D,0x5E,0x5F,0x5F,0x5F,0x5F,0x5F,0x5E,0x5D,0x5C,0x5B,0x5A,
    0x59,0x57,0x56,0x54,0x52,0x50,0x4E,0x4C,0x4A,0x48,0x46,0x44,0x42,0x40,0x3E,0x3C,
    0x3A,0x38,0x36,0x34,0x32,0x30,0x2F,0x2D,0x2B,0x29,0x27,0x26,0x24,0x22,0x21,0x1F,
    0x1E,0x1C,0x1B,0x19,0x18,0x17,0x15,0x14,0x13,0x12,0x11,0x10,0x0F,0x0E,0x0D,0x0C,
    0x0B,0x0A,0x09,0x08,0x08,0x07,0x06,0x06,0x05,0x04,0x04,0x03,0x03,0x03,0x02,0x02,
    0x01,0x01,0x01,0x01,0x00,0x00,0x00,0x00,0x00,0x00,0x00,0x00,0x00,0x00,0x00,0x00,
    0x00,0x00,0x00,0x00,0x00,0x00,0x00,0x00,0x00,0x00,0x00,0x00,0x00,0x01,0x01,0x01,
    0x02,0x02,0x02,0x03,0x03,0x04,0x04,0x05,0x05,0x06,0x07,0x07,0x08,0x09,0x09,0x0A,
    0x0B,0x0C,0x0D,0x0E,0x0F,0x10,0x11,0x12,0x14,0x15,0x16,0x17,0x19,0x1A,0x1C,0x1D,
    0x1F,0x20,0x22,0x24,0x25,0x27,0x29,0x2B,0x2C,0x2E,0x30,0x32,0x34,0x36,0x38,0x3A,
    0x3C,0x3F,0x41,0x43,0x45,0x47,0x49,0x4C,0x4E,0x50,0x52,0x54,0x56,0x58,0x5A,0x5C,
    0x5E,0x5F,0x61,0x62,0x63,0x64,0x64,0x65,0x65,0x65,0x64,0x64,0x63,0x62,0x61,0x5F,
    0x5E,0x5C,0x5A,0x58,0x56,0x54,0x52,0x50,0x4E,0x4C,0x49,0x47,0x45,0x43,0x41,0x3F,
    0x3C,0x3A,0x38,0x36,0x34,0x32,0x30,0x2E,0x2C,0x2B,0x29,0x27,0x25,0x24,0x22,0x20,
    0x1F,0x1D,0x1C,0x1A,0x19,0x17,0x16,0x15,0x14,0x12,0x11,0x10,0x0F,0x0E,0x0D,0x0C,
    0x0B,0x0A,0x09,0x09,0x08,0x07,0x07,0x06,0x05,0x05,0x04,0x04,0x03,0x03,0x02,0x02,
    0x02,0x01,0x01,0x01,0x00,0x00,0x00,0x00,0x00,0x00,0x00,0x00,0x00,0x00,0x00,0x00,
    0x00,0x00,0x00,0x00,0x00,0x00,0x00,0x00,0x00,0x00,0x00,0x00,0x01,0x01,0x01,0x01,
    0x02,0x02,0x02,0x03,0x03,0x04,0x04,0x05,0x05,0x06,0x07,0x07,0x08,0x09,0x0A,0x0B,
    0x0C,0x0C,0x0D,0x0E,0x10,0x11,0x12,0x13,0x14,0x15,0x17,0x18,0x1A,0x1B,0x1C,0x1E,
    0x20,0x21,0x23,0x25,0x26,0x28,0x2A,0x2C,0x2E,0x30,0x32,0x34,0x36,0x38,0x3A,0x3C,
    0x3E,0x41,0x43,0x45,0x47,0x4A,0x4C,0x4F,0x51,0x53,0x56,0x58,0x5A,0x5C,0x5E,0x60,
    0x62,0x64,0x66,0x67,0x69,0x6A,0x6A,0x6B,0x6B,0x6B,0x6A,0x6A,0x69,0x67,0x66,0x64,
    0x62,0x60,0x5E,0x5C,0x5A,0x58,0x56,0x53,0x51,0x4F,0x4C,0x4A,0x47,0x45,0x43,0x41,
    0x3E,0x3C,0x3A,0x38,0x36,0x34,0x32,0x30,0x2E,0x2C,0x2A,0x28,0x26,0x25,0x23,0x21,
    0x20,0x1E,0x1C,0x1B,0x1A,0x18,0x17,0x15,0x14,0x13,0x12,0x11,0x10,0x0E,0x0D,0x0C,
    0x0C,0x0B,0x0A,0x09,0x08,0x07,0x07,0x06,0x05,0x05,0x04,0x04,0x03,0x03,0x02,0x02,
    0x02,0x01,0x01,0x01,0x01,0x00,0x00,0x00,0x00,0x00,0x00,0x00,0x00,0x00,0x00,0x00,
    0x00,0x00,0x00,0x00,0x00,0x00,0x00,0x00,0x00,0x00,0x00,0x00,0x01,0x01,0x01,0x01,
    0x02,0x02,0x03,0x03,0x03,0x04,0x04,0x05,0x06,0x06,0x07,0x08,0x08,0x09,0x0A,0x0B,
    0x0C,0x0D,0x0E,0x0F,0x10,0x11,0x12,0x13,0x15,0x16,0x17,0x19,0x1A,0x1C,0x1D,0x1F,
    0x20,0x22,0x24,0x25,0x27,0x29,0x2B,0x2D,0x2F,0x31,0x33,0x35,0x37,0x39,0x3C,0x3E,
    0x40,0x42,0x45,0x47,0x4A,0x4C,0x4F,0x51,0x54,0x56,0x59,0x5B,0x5E,0x60,0x63,0x65,
    0x67,0x69,0x6B,0x6D,0x6E,0x70,0x70,0x71,0x71,0x71,0x70,0x70,0x6E,0x6D,0x6B,0x69,
    0x67,0x65,0x63,0x60,0x5E,0x5B,0x59,0x56,0x54,0x51,0x4F,0x4C,0x4A,0x47,0x45,0x42,
    0x40,0x3E,0x3C,0x39,0x37,0x35,0x33,0x31,0x2F,0x2D,0x2B,0x29,0x27,0x25,0x24,0x22,
    0x20,0x1F,0x1D,0x1C,0x1A,0x19,0x17,0x16,0x15,0x13,0x12,0x11,0x10,0x0F,0x0E,0x0D,
    0x0C,0x0B,0x0A,0x09,0x08,0x08,0x07,0x06,0x06,0x05,0x04,0x04,0x03,0x03,0x03,0x02,
    0x02,0x01,0x01,0x01,0x01,0x00,0x00,0x00,0x00,0x00,0x00,0x00,0x00,0x00,0x00,0x00,
    0x00,0x00,0x00,0x00,0x00,0x00,0x00,0x00,0x00,0x00,0x00,0x00,0x01,0x01,0x01,0x01,
    0x02,0x02,0x03,0x03,0x04,0x04,0x05,0x05,0x06,0x06,0x07,0x08,0x09,0x09,0x0A,0x0B,
    0x0C,0x0D,0x0E,0x0F,0x10,0x11,0x13,0x14,0x15,0x16,0x18,0x19,0x1B,0x1C,0x1E,0x1F,
    0x21,0x23,0x24,0x26,0x28,0x2A,0x2C,0x2E,0x30,0x32,0x34,0x36,0x38,0x3B,0x3D,0x3F,
    0x42,0x44,0x47,0x49,0x4C,0x4E,0x51,0x53,0x56,0x59,0x5C,0x5E,0x61,0x64,0x66,0x69,
    0x6B,0x6E,0x70,0x72,0x74,0x76,0x77,0x77,0x78,0x77,0x77,0x76,0x74,0x72,0x70,0x6E,
    0x6B,0x69,0x66,0x64,0x61,0x5E,0x5C,0x59,0x56,0x53,0x51,0x4E,0x4C,0x49,0x47,0x44,
    0x42,0x3F,0x3D,0x3B,0x38,0x36,0x34,0x32,0x30,0x2E,0x2C,0x2A,0x28,0x26,0x24,0x23,
    0x21,0x1F,0x1E,0x1C,0x1B,0x19,0x18,0x16,0x15,0x14,0x13,0x11,0x10,0x0F,0x0E,0x0D,
    0x0C,0x0B,0x0A,0x09,0x09,0x08,0x07,0x06,0x06,0x05,0x05,0x04,0x04,0x03,0x03,0x02,
    0x02,0x01,0x01,0x01,0x01,0x00,0x00,0x00,0x00,0x00,0x00,0x00,0x00,0x00,0x00,0x00,
    0x00,0x00,0x00,0x00,0x00,0x00,0x00,0x00,0x00,0x00,0x00,0x00,0x01,0x01,0x01,0x02,
    0x02,0x02,0x03,0x03,0x04,0x04,0x05,0x05,0x06,0x07,0x07,0x08,0x09,0x0A,0x0A,0x0B,
    0x0C,0x0D,0x0E,0x0F,0x10,0x12,0x13,0x14,0x15,0x17,0x18,0x1A,0x1B,0x1D,0x1E,0x20,
    0x21,0x23,0x25,0x27,0x29,0x2A,0x2C,0x2E,0x31,0x33,0x35,0x37,0x39,0x3C,0x3E,0x40,
    0x43,0x45,0x48,0x4A,0x4D,0x50,0x53,0x55,0x58,0x5B,0x5E,0x61,0x64,0x67,0x6A,0x6C,
    0x6F,0x72,0x75,0x77,0x7A,0x7B,0x7D,0x7E,0x7E,0x7E,0x7D,0x7B,0x7A,0x77,0x75,0x72,
    0x6F,0x6C,0x6A,0x67,0x64,0x61,0x5E,0x5B,0x58,0x55,0x53,0x50,0x4D,0x4A,0x48,0x45,
    0x43,0x40,0x3E,0x3C,0x39,0x37,0x35,0x33,0x31,0x2E,0x2C,0x2A,0x29,0x27,0x25,0x23,
    0x21,0x20,0x1E,0x1D,0x1B,0x1A,0x18,0x17,0x15,0x14,0x13,0x12,0x10,0x0F,0x0E,0x0D,
    0x0C,0x0B,0x0A,0x0A,0x09,0x08,0x07,0x07,0x06,0x05,0x05,0x04,0x04,0x03,0x03,0x02,
    0x02,0x02,0x01,0x01,0x01,0x00,0x00,0x00,0x00,0x00,0x00,0x00,0x00,0x00,0x00,0x00,
    0x00,0x00,0x00,0x00,0x00,0x00,0x00,0x00,0x00,0x00,0x00,0x00,0x01,0x01,0x01,0x02,
    0x02,0x02,0x03,0x03,0x04,0x04,0x05,0x05,0x06,0x07,0x07,0x08,0x09,0x0A,0x0B,0x0B,
    0x0C,0x0D,0x0E,0x10,0x11,0x12,0x13,0x14,0x16,0x17,0x18,0x1A,0x1B,0x1D,0x1E,0x20,
    0x22,0x24,0x25,0x27,0x29,0x2B,0x2D,0x2F,0x31,0x33,0x35,0x38,0x3A,0x3C,0x3F,0x41,
    0x44,0x46,0x49,0x4C,0x4E,0x51,0x54,0x57,0x5A,0x5D,0x60,0x63,0x66,0x69,0x6C,0x6F,
    0x72,0x76,0x79,0x7C,0x7F,0x81,0x83,0x85,0x85,0x85,0x83,0x81,0x7F,0x7C,0x79,0x76,
    0x72,0x6F,0x6C,0x69,0x66,0x63,0x60,0x5D,0x5A,0x57,0x54,0x51,0x4E,0x4C,0x49,0x46,
    0x44,0x41,0x3F,0x3C,0x3A,0x38,0x35,0x33,0x31,0x2F,0x2D,0x2B,0x29,0x27,0x25,0x24,
    0x22,0x20,0x1E,0x1D,0x1B,0x1A,0x18,0x17,0x16,0x14,0x13,0x12,0x11,0x10,0x0E,0x0D,
    0x0C,0x0B,0x0B,0x0A,0x09,0x08,0x07,0x07,0x06,0x05,0x05,0x04,0x04,0x03,0x03,0x02,
    0x02,0x02,0x01,0x01,0x01,0x00,0x00,0x00,0x00,0x00,0x00,0x00,0x00,0x00,0x00,0x00,
    0x00,0x00,0x00,0x00,0x00,0x00,0x00,0x00,0x00,0x00,0x00,0x01,0x01,0x01,0x01,0x02,
    0x02,0x02,0x03,0x03,0x04,0x04,0x05,0x05,0x06,0x07,0x07,0x08,0x09,0x0A,0x0B,0x0C,
    0x0D,0x0E,0x0F,0x10,0x11,0x12,0x13,0x14,0x16,0x17,0x19,0x1A,0x1B,0x1D,0x1F,0x20,
    0x22,0x24,0x26,0x27,0x29,0x2B,0x2D,0x2F,0x31,0x34,0x36,0x38,0x3A,0x3D,0x3F,0x42,
    0x44,0x47,0x49,0x4C,0x4F,0x52,0x55,0x58,0x5B,0x5E,0x61,0x64,0x67,0x6A,0x6E,0x71,
    0x74,0x78,0x7B,0x7F,0x82,0x84,0x87,0x89,0x8A,0x89,0x87,0x84,0x82,0x7F,0x7B,0x78,
    0x74,0x71,0x6E,0x6A,0x67,0x64,0x61,0x5E,0x5B,0x58,0x55,0x52,0x4F,0x4C,0x49,0x47,
    0x44,0x42,0x3F,0x3D,0x3A,0x38,0x36,0x34,0x31,0x2F,0x2D,0x2B,0x29,0x27,0x26,0x24,
    0x22,0x20,0x1F,0x1D,0x1B,0x1A,0x19,0x17,0x16,0x14,0x13,0x12,0x11,0x10,0x0F,0x0E,
    0x0D,0x0C,0x0B,0x0A,0x09,0x08,0x07,0x07,0x06,0x05,0x05,0x04,0x04,0x03,0x03,0x02,
    0x02,0x02,0x01,0x01,0x01,0x01,0x00,0x00,0x00,0x00,0x00,0x00,0x00,0x00,0x00,0x00,
    0x00,0x00,0x00,0x00,0x00,0x00,0x00,0x00,0x00,0x00,0x00,0x01,0x01,0x01,0x01,0x02,
    0x02,0x02,0x03,0x03,0x04,0x04,0x05,0x05,0x06,0x07,0x07,0x08,0x09,0x0A,0x0B,0x0C,
    0x0D,0x0E,0x0F,0x10,0x11,0x12,0x13,0x14,0x16,0x17,0x19,0x1A,0x1C,0x1D,0x1F,0x20,
    0x22,0x24,0x26,0x27,0x29,0x2B,0x2D,0x2F,0x32,0x34,0x36,0x38,0x3B,0x3D,0x3F,0x42,
    0x44,0x47,0x4A,0x4C,0x4F,0x52,0x55,0x58,0x5B,0x5E,0x61,0x64,0x68,0x6B,0x6E,0x72,
    0x75,0x79,0x7C,0x80,0x83,0x86,0x89,0x8B,0x8C,0x8B,0x89,0x86,0x83,0x80,0x7C,0x79,
    0x75,0x72,0x6E,0x6B,0x68,0x64,0x61,0x5E,0x5B,0x58,0x55,0x52,0x4F,0x4C,0x4A,0x47,
    0x44,0x42,0x3F,0x3D,0x3B,0x38,0x36,0x34,0x32,0x2F,0x2D,0x2B,0x29,0x27,0x26,0x24,
    0x22,0x20,0x1F,0x1D,0x1C,0x1A,0x19,0x17,0x16,0x14,0x13,0x12,0x11,0x10,0x0F,0x0E,
    0x0D,0x0C,0x0B,0x0A,0x09,0x08,0x07,0x07,0x06,0x05,0x05,0x04,0x04,0x03,0x03,0x02,
    0x02,0x02,0x01,0x01,0x01,0x01,0x00,0x00,0x00,0x00,0x00,0x00,0x00,0x00,0x00,0x00,
    0x00,0x00,0x00,0x00,0x00,0x00,0x00,0x00,0x00,0x00,0x00,0x01,0x01,0x01,0x01,0x02,
    0x02,0x02,0x03,0x03,0x04,0x04,0x05,0x05,0x06,0x07,0x07,0x08,0x09,0x0A,0x0B,0x0C,
    0x0D,0x0E,0x0F,0x10,0x11,0x12,0x13,0x14,0x16,0x17,0x19,0x1A,0x1B,0x1D,0x1F,0x20,
    0x22,0x24,0x26,0x27,0x29,0x2B,0x2D,0x2F,0x31,0x34,0x36,0x38,0x3A,0x3D,0x3F,0x42,
    0x44,0x47,0x49,0x4C,0x4F,0x52,0x55,0x58,0x5B,0x5E,0x61,0x64,0x67,0x6A,0x6E,0x71,
    0x74,0x78,0x7B,0x7F,0x82,0x84,0x87,0x89,0x8A,0x89,0x87,0x84,0x82,0x7F,0x7B,0x78,
    0x74,0x71,0x6E,0x6A,0x67,0x64,0x61,0x5E,0x5B,0x58,0x55,0x52,0x4F,0x4C,0x49,0x47,
    0x44,0x42,0x3F,0x3D,0x3A,0x38,0x36,0x34,0x31,0x2F,0x2D,0x2B,0x29,0x27,0x26,0x24,
    0x22,0x20,0x1F,0x1D,0x1B,0x1A,0x19,0x17,0x16,0x14,0x13,0x12,0x11,0x10,0x0F,0x0E,
    0x0D,0x0C,0x0B,0x0A,0x09,0x08,0x07,0x07,0x06,0x05,0x05,0x04,0x04,0x03,0x03,0x02,
    0x02,0x02,0x01,0x01,0x01,0x01,0x00,0x00,0x00,0x00,0x00,0x00,0x00,0x00,0x00,0x00,
    0x00,0x00,0x00,0x00,0x00,0x00,0x00,0x00,0x00,0x00,0x00,0x00,0x01,0x01,0x01,0x02,
    0x02,0x02,0x03,0x03,0x04,0x04,0x05,0x05,0x06,0x07,0x07,0x08,0x09,0x0A,0x0B,0x0B,
    0x0C,0x0D,0x0E,0x10,0x11,0x12,0x13,0x14,0x16,0x17,0x18,0x1A,0x1B,0x1D,0x1E,0x20,
    0x22,0x24,0x25,0x27,0x29,0x2B,0x2D,0x2F,0x31,0x33,0x35,0x38,0x3A,0x3C,0x3F,0x41,
    0x44,0x46,0x49,0x4C,0x4E,0x51,0x54,0x57,0x5A,0x5D,0x60,0x63,0x66,0x69,0x6C,0x6F,
    0x72,0x76,0x79,0x7C,0x7F,0x81,0x83,0x85,0x85,0x85,0x83,0x81,0x7F,0x7C,0x79,0x76,
    0x72,0x6F,0x6C,0x69,0x66,0x63,0x60,0x5D,0x5A,0x57,0x54,0x51,0x4E,0x4C,0x49,0x46,
    0x44,0x41,0x3F,0x3C,0x3A,0x38,0x35,0x33,0x31,0x2F,0x2D,0x2B,0x29,0x27,0x25,0x24,
    0x22,0x20,0x1E,0x1D,0x1B,0x1A,0x18,0x17,0x16,0x14,0x13,0x12,0x11,0x10,0x0E,0x0D,
    0x0C,0x0B,0x0B,0x0A,0x09,0x08,0x07,0x07,0x06,0x05,0x05,0x04,0x04,0x03,0x03,0x02,
    0x02,0x02,0x01,0x01,0x01,0x00,0x00,0x00,0x00,0x00,0x00,0x00,0x00,0x00,0x00,0x00,
    0x00,0x00,0x00,0x00,0x00,0x00,0x00,0x00,0x00,0x00,0x00,0x00,0x01,0x01,0x01,0x02,
    0x02,0x02,0x03,0x03,0x04,0x04,0x05,0x05,0x06,0x07,0x07,0x08,0x09,0x0A,0x0A,0x0B,
    0x0C,0x0D,0x0E,0x0F,0x10,0x12,0x13,0x14,0x15,0x17,0x18,0x1A,0x1B,0x1D,0x1E,0x20,
    0x21,0x23,0x25,0x27,0x29,0x2A,0x2C,0x2E,0x31,0x33,0x35,0x37,0x39,0x3C,0x3E,0x40,
    0x43,0x45,0x48,0x4A,0x4D,0x50,0x53,0x55,0x58,0x5B,0x5E,0x61,0x64,0x67,0x6A,0x6C,
    0x6F,0x72,0x75,0x77,0x7A,0x7B,0x7D,0x7E,0x7E,0x7E,0x7D,0x7B,0x7A,0x77,0x75,0x72,
    0x6F,0x6C,0x6A,0x67,0x64,0x61,0x5E,0x5B,0x58,0x55,0x53,0x50,0x4D,0x4A,0x48,0x45,
    0x43,0x40,0x3E,0x3C,0x39,0x37,0x35,0x33,0x31,0x2E,0x2C,0x2A,0x29,0x27,0x25,0x23,
    0x21,0x20,0x1E,0x1D,0x1B,0x1A,0x18,0x17,0x15,0x14,0x13,0x12,0x10,0x0F,0x0E,0x0D,
    0x0C,0x0B,0x0A,0x0A,0x09,0x08,0x07,0x07,0x06,0x05,0x05,0x04,0x04,0x03,0x03,0x02,
    0x02,0x02,0x01,0x01,0x01,0x00,0x00,0x00,0x00,0x00,0x00,0x00,0x00,0x00,0x00,0x00,
    0x00,0x00,0x00,0x00,0x00,0x00,0x00,0x00,0x00,0x00,0x00,0x00,0x01,0x01,0x01,0x01,
    0x02,0x02,0x03,0x03,0x04,0x04,0x05,0x05,0x06,0x06,0x07,0x08,0x09,0x09,0x0A,0x0B,
    0x0C,0x0D,0x0E,0x0F,0x10,0x11,0x13,0x14,0x15,0x16,0x18,0x19,0x1B,0x1C,0x1E,0x1F,
    0x21,0x23,0x24,0x26,0x28,0x2A,0x2C,0x2E,0x30,0x32,0x34,0x36,0x38,0x3B,0x3D,0x3F,
    0x42,0x44,0x47,0x49,0x4C,0x4E,0x51,0x53,0x56,0x59,0x5C,0x5E,0x61,0x64,0x66,0x69,
    0x6B,0x6E,0x70,0x72,0x74,0x76,0x77,0x77,0x78,0x77,0x77,0x76,0x74,0x72,0x70,0x6E,
    0x6B,0x69,0x66,0x64,0x61,0x5E,0x5C,0x59,0x56,0x53,0x51,0x4E,0x4C,0x49,0x47,0x44,
    0x42,0x3F,0x3D,0x3B,0x38,0x36,0x34,0x32,0x30,0x2E,0x2C,0x2A,0x28,0x26,0x24,0x23,
    0x21,0x1F,0x1E,0x1C,0x1B,0x19,0x18,0x16,0x15,0x14,0x13,0x11,0x10,0x0F,0x0E,0x0D,
    0x0C,0x0B,0x0A,0x09,0x09,0x08,0x07,0x06,0x06,0x05,0x05,0x04,0x04,0x03,0x03,0x02,
    0x02,0x01,0x01,0x01,0x01,0x00,0x00,0x00,0x00,0x00,0x00,0x00,0x00,0x00,0x00,0x00,
    0x00,0x00,0x00,0x00,0x00,0x00,0x00,0x00,0x00,0x00,0x00,0x00,0x01,0x01,0x01,0x01,
    0x02,0x02,0x03,0x03,0x03,0x04,0x04,0x05,0x06,0x06,0x07,0x08,0x08,0x09,0x0A,0x0B,
    0x0C,0x0D,0x0E,0x0F,0x10,0x11,0x12,0x13,0x15,0x16,0x17,0x19,0x1A,0x1C,0x1D,0x1F,
    0x20,0x22,0x24,0x25,0x27,0x29,0x2B,0x2D,0x2F,0x31,0x33,0x35,0x37,0x39,0x3C,0x3E,
    0x40,0x42,0x45,0x47,0x4A,0x4C,0x4F,0x51,0x54,0x56,0x59,0x5B,0x5E,0x60,0x63,0x65,
    0x67,0x69,0x6B,0x6D,0x6E,0x70,0x70,0x71,0x71,0x71,0x70,0x70,0x6E,0x6D,0x6B,0x69,
    0x67,0x65,0x63,0x60,0x5E,0x5B,0x59,0x56,0x54,0x51,0x4F,0x4C,0x4A,0x47,0x45,0x42,
    0x40,0x3E,0x3C,0x39,0x37,0x35,0x33,0x31,0x2F,0x2D,0x2B,0x29,0x27,0x25,0x24,0x22,
    0x20,0x1F,0x1D,0x1C,0x1A,0x19,0x17,0x16,0x15,0x13,0x12,0x11,0x10,0x0F,0x0E,0x0D,
    0x0C,0x0B,0x0A,0x09,0x08,0x08,0x07,0x06,0x06,0x05,0x04,0x04,0x03,0x03,0x03,0x02,
    0x02,0x01,0x01,0x01,0x01,0x00,0x00,0x00,0x00,0x00,0x00,0x00,0x00,0x00,0x00,0x00,
    0x00,0x00,0x00,0x00,0x00,0x00,0x00,0x00,0x00,0x00,0x00,0x00,0x01,0x01,0x01,0x01,
    0x02,0x02,0x02,0x03,0x03,0x04,0x04,0x05,0x05,0x06,0x07,0x07,0x08,0x09,0x0A,0x0B,
    0x0C,0x0C,0x0D,0x0E,0x10,0x11,0x12,0x13,0x14,0x15,0x17,0x18,0x1A,0x1B,0x1C,0x1E,
    0x20,0x21,0x23,0x25,0x26,0x28,0x2A,0x2C,0x2E,0x30,0x32,0x34,0x36,0x38,0x3A,0x3C,
    0x3E,0x41,0x43,0x45,0x47,0x4A,0x4C,0x4F,0x51,0x53,0x56,0x58,0x5A,0x5C,0x5E,0x60,
    0x62,0x64,0x66,0x67,0x69,0x6A,0x6A,0x6B,0x6B,0x6B,0x6A,0x6A,0x69,0x67,0x66,0x64,
    0x62,0x60,0x5E,0x5C,0x5A,0x58,0x56,0x53,0x51,0x4F,0x4C,0x4A,0x47,0x45,0x43,0x41,
    0x3E,0x3C,0x3A,0x38,0x36,0x34,0x32,0x30,0x2E,0x2C,0x2A,0x28,0x26,0x25,0x23,0x21,
    0x20,0x1E,0x1C,0x1B,0x1A,0x18,0x17,0x15,0x14,0x13,0x12,0x11,0x10,0x0E,0x0D,0x0C,
    0x0C,0x0B,0x0A,0x09,0x08,0x07,0x07,0x06,0x05,0x05,0x04,0x04,0x03,0x03,0x02,0x02,
    0x02,0x01,0x01,0x01,0x01,0x00,0x00,0x00,0x00,0x00,0x00,0x00,0x00,0x00,0x00,0x00,
    0x00,0x00,0x00,0x00,0x00,0x00,0x00,0x00,0x00,0x00,0x00,0x00,0x00,0x01,0x01,0x01,
    0x02,0x02,0x02,0x03,0x03,0x04,0x04,0x05,0x05,0x06,0x07,0x07,0x08,0x09,0x09,0x0A,
    0x0B,0x0C,0x0D,0x0E,0x0F,0x10,0x11,0x12,0x14,0x15,0x16,0x17,0x19,0x1A,0x1C,0x1D,
    0x1F,0x20,0x22,0x24,0x25,0x27,0x29,0x2B,0x2C,0x2E,0x30,0x32,0x34,0x36,0x38,0x3A,
    0x3C,0x3F,0x41,0x43,0x45,0x47,0x49,0x4C,0x4E,0x50,0x52,0x54,0x56,0x58,0x5A,0x5C,
    0x5E,0x5F,0x61,0x62,0x63,0x64,0x64,0x65,0x65,0x65,0x64,0x64,0x63,0x62,0x61,0x5F,
    0x5E,0x5C,0x5A,0x58,0x56,0x54,0x52,0x50,0x4E,0x4C,0x49,0x47,0x45,0x43,0x41,0x3F,
    0x3C,0x3A,0x38,0x36,0x34,0x32,0x30,0x2E,0x2C,0x2B,0x29,0x27,0x25,0x24,0x22,0x20,
    0x1F,0x1D,0x1C,0x1A,0x19,0x17,0x16,0x15,0x14,0x12,0x11,0x10,0x0F,0x0E,0x0D,0x0C,
    0x0B,0x0A,0x09,0x09,0x08,0x07,0x07,0x06,0x05,0x05,0x04,0x04,0x03,0x03,0x02,0x02,
    0x02,0x01,0x01,0x01,0x00,0x00,0x00,0x00,0x00,0x00,0x00,0x00,0x00,0x00,0x00,0x00,
    0x00,0x00,0x00,0x00,0x00,0x00,0x00,0x00,0x00,0x00,0x00,0x00,0x00,0x01,0x01,0x01,
    0x01,0x02,0x02,0x03,0x03,0x03,0x04,0x04,0x05,0x06,0x06,0x07,0x08,0x08,0x09,0x0A,
    0x0B,0x0C,0x0D,0x0E,0x0F,0x10,0x11,0x12,0x13,0x14,0x15,0x17,0x18,0x19,0x1B,0x1C,
    0x1E,0x1F,0x21,0x22,0x24,0x26,0x27,0x29,0x2B,0x2D,0x2F,0x30,0x32,0x34,0x36,0x38,
    0x3A,0x3C,0x3E,0x40,0x42,0x44,0x46,0x48,0x4A,0x4C,0x4E,0x50,0x52,0x54,0x56,0x57,
    0x59,0x5A,0x5B,0x5C,0x5D,0x5E,0x5F,0x5F,0x5F,0x5F,0x5F,0x5E,0x5D,0x5C,0x5B,0x5A,
    0x59,0x57,0x56,0x54,0x52,0x50,0x4E,0x4C,0x4A,0x48,0x46,0x44,0x42,0x40,0x3E,0x3C,
    0x3A,0x38,0x36,0x34,0x32,0x30,0x2F,0x2D,0x2B,0x29,0x27,0x26,0x24,0x22,0x21,0x1F,
    0x1E,0x1C,0x1B,0x19,0x18,0x17,0x15,0x14,0x13,0x12,0x11,0x10,0x0F,0x0E,0x0D,0x0C,
    0x0B,0x0A,0x09,0x08,0x08,0x07,0x06,0x06,0x05,0x04,0x04,0x03,0x03,0x03,0x02,0x02,
    0x01,0x01,0x01,0x01,0x00,0x00,0x00,0x00,0x00,0x00,0x00,0x00,0x00,0x00,0x00,0x00,
    0x00,0x00,0x00,0x00,0x00,0x00,0x00,0x00,0x00,0x00,0x00,0x00,0x00,0x01,0x01,0x01,
    0x01,0x02,0x02,0x02,0x03,0x03,0x04,0x04,0x05,0x05,0x06,0x07,0x07,0x08,0x09,0x0A,
    0x0A,0x0B,0x0C,0x0D,0x0E,0x0F,0x10,0x11,0x12,0x13,0x15,0x16,0x17,0x18,0x1A,0x1B,
    0x1D,0x1E,0x20,0x21,0x23,0x24,0x26,0x28,0x29,0x2B,0x2D,0x2F,0x30,0x32,0x34,0x36,
    0x38,0x3A,0x3C,0x3E,0x40,0x41,0x43,0x45,0x47,0x49,0x4B,0x4C,0x4E,0x50,0x51,0x53,
    0x54,0x55,0x56,0x57,0x58,0x59,0x59,0x59,0x59,0x59,0x59,0x59,0x58,0x57,0x56,0x55,
    0x54,0x53,0x51,0x50,0x4E,0x4C,0x4B,0x49,0x47,0x45,0x43,0x41,0x40,0x3E,0x3C,0x3A,
    0x38,0x36,0x34,0x32,0x30,0x2F,0x2D,0x2B,0x29,0x28,0x26,0x24,0x23,0x21,0x20,0x1E,
    0x1D,0x1B,0x1A,0x18,0x17,0x16,0x15,0x13,0x12,0x11,0x10,0x0F,0x0E,0x0D,0x0C,0x0B,
    0x0A,0x0A,0x09,0x08,0x07,0x07,0x06,0x05,0x05,0x04,0x04,0x03,0x03,0x02,0x02,0x02,
    0x01,0x01,0x01,0x01,0x00,0x00,0x00,0x00,0x00,0x00,0x00,0x00,0x00,0x00,0x00,0x00,
    0x00,0x00,0x00,0x00,0x00,0x00,0x00,0x00,0x00,0x00,0x00,0x00,0x00,0x00,0x01,0x01,
    0x01,0x02,0x02,0x02,0x03,0x03,0x03,0x04,0x04,0x05,0x06,0x06,0x07,0x08,0x08,0x09,
    0x0A,0x0B,0x0C,0x0C,0x0D,0x0E,0x0F,0x10,0x12,0x13,0x14,0x15,0x16,0x18,0x19,0x1A,
    0x1C,0x1D,0x1E,0x20,0x21,0x23,0x24,0x26,0x28,0x29,0x2B,0x2D,0x2E,0x30,0x32,0x34,
    0x35,0x37,0x39,0x3B,0x3D,0x3E,0x40,0x42,0x44,0x45,0x47,0x48,0x4A,0x4B,0x4D,0x4E,
    0x4F,0x50,0x51,0x52,0x53,0x53,0x54,0x54,0x54,0x54,0x54,0x53,0x53,0x52,0x51,0x50,
    0x4F,0x4E,0x4D,0x4B,0x4A,0x48,0x47,0x45,0x44,0x42,0x40,0x3E,0x3D,0x3B,0x39,0x37,
    0x35,0x34,0x32,0x30,0x2E,0x2D,0x2B,0x29,0x28,0x26,0x24,0x23,0x21,0x20,0x1E,0x1D,
    0x1C,0x1A,0x19,0x18,0x16,0x15,0x14,0x13,0x12,0x10,0x0F,0x0E,0x0D,0x0C,0x0C,0x0B,
    0x0A,0x09,0x08,0x08,0x07,0x06,0x06,0x05,0x04,0x04,0x03,0x03,0x03,0x02,0x02,0x02,
    0x01,0x01,0x01,0x00,0x00,0x00,0x00,0x00,0x00,0x00,0x00,0x00,0x00,0x00,0x00,0x00,
    0x00,0x00,0x00,0x00,0x00,0x00,0x00,0x00,0x00,0x00,0x00,0x00,0x00,0x00,0x01,0x01,
    0x01,0x01,0x02,0x02,0x02,0x03,0x03,0x04,0x04,0x05,0x05,0x06,0x07,0x07,0x08,0x09,
    0x09,0x0A,0x0B,0x0C,0x0D,0x0E,0x0F,0x10,0x11,0x12,0x13,0x14,0x15,0x16,0x18,0x19,
    0x1A,0x1C,0x1D,0x1E,0x20,0x21,0x23,0x24,0x26,0x27,0x29,0x2B,0x2C,0x2E,0x30,0x31,
    0x33,0x35,0x36,0x38,0x3A,0x3B,0x3D,0x3E,0x40,0x42,0x43,0x44,0x46,0x47,0x48,0x49,
    0x4B,0x4B,0x4C,0x4D,0x4E,0x4E,0x4E,0x4F,0x4F,0x4F,0x4E,0x4E,0x4E,0x4D,0x4C,0x4B,
    0x4B,0x49,0x48,0x47,0x46,0x44,0x43,0x42,0x40,0x3E,0x3D,0x3B,0x3A,0x38,0x36,0x35,
    0x33,0x31,0x30,0x2E,0x2C,0x2B,0x29,0x27,0x26,0x24,0x23,0x21,0x20,0x1E,0x1D,0x1C,
    0x1A,0x19,0x18,0x16,0x15,0x14,0x13,0x12,0x11,0x10,0x0F,0x0E,0x0D,0x0C,0x0B,0x0A,
    0x09,0x09,0x08,0x07,0x07,0x06,0x05,0x05,0x04,0x04,0x03,0x03,0x02,0x02,0x02,0x01,
    0x01,0x01,0x01,0x00,0x00,0x00,0x00,0x00,0x00,0x00,0x00,0x00,0x00,0x00,0x00,0x00,
    0x00,0x00,0x00,0x00,0x00,0x00,0x00,0x00,0x00,0x00,0x00,0x00,0x00,0x00,0x00,0x01,
    0x01,0x01,0x01,0x02,0x02,0x03,0x03,0x03,0x04,0x04,0x05,0x06,0x06,0x07,0x07,0x08,
    0x09,0x0A,0x0A,0x0B,0x0C,0x0D,0x0E,0x0F,0x10,0x11,0x12,0x13,0x14,0x15,0x17,0x18,
    0x19,0x1A,0x1C,0x1D,0x1E,0x20,0x21,0x23,0x24,0x26,0x27,0x29,0x2A,0x2C,0x2D,0x2F,
    0x30,0x32,0x33,0x35,0x37,0x38,0x3A,0x3B,0x3C,0x3E,0x3F,0x40,0x42,0x43,0x44,0x45,
    0x46,0x47,0x48,0x48,0x49,0x49,0x49,0x4A,0x4A,0x4A,0x49,0x49,0x49,0x48,0x48,0x47,
    0x46,0x45,0x44,0x43,0x42,0x40,0x3F,0x3E,0x3C,0x3B,0x3A,0x38,0x37,0x35,0x33,0x32,
    0x30,0x2F,0x2D,0x2C,0x2A,0x29,0x27,0x26,0x24,0x23,0x21,0x20,0x1E,0x1D,0x1C,0x1A,
    0x19,0x18,0x17,0x15,0x14,0x13,0x12,0x11,0x10,0x0F,0x0E,0x0D,0x0C,0x0B,0x0A,0x0A,
    0x09,0x08,0x07,0x07,0x06,0x06,0x05,0x04,0x04,0x03,0x03,0x03,0x02,0x02,0x01,0x01,
    0x01,0x01,0x00,0x00,0x00,0x00,0x00,0x00,0x00,0x00,0x00,0x00,0x00,0x00,0x00,0x00,
    0x00,0x00,0x00,0x00,0x00,0x00,0x00,0x00,0x00,0x00,0x00,0x00,0x00,0x00,0x00,0x01,
    0x01,0x01,0x01,0x02,0x02,0x02,0x03,0x03,0x04,0x04,0x05,0x05,0x06,0x06,0x07,0x08,
    0x08,0x09,0x0A,0x0B,0x0B,0x0C,0x0D,0x0E,0x0F,0x10,0x11,0x12,0x13,0x14,0x15,0x17,
    0x18,0x19,0x1A,0x1C,0x1D,0x1E,0x1F,0x21,0x22,0x24,0x25,0x26,0x28,0x29,0x2B,0x2C,
    0x2E,0x2F,0x31,0x32,0x33,0x35,0x36,0x38,0x39,0x3A,0x3B,0x3D,0x3E,0x3F,0x40,0x41,
    0x42,0x42,0x43,0x44,0x44,0x44,0x45,0x45,0x45,0x45,0x45,0x44,0x44,0x44,0x43,0x42,
    0x42,0x41,0x40,0x3F,0x3E,0x3D,0x3B,0x3A,0x39,0x38,0x36,0x35,0x33,0x32,0x31,0x2F,
    0x2E,0x2C,0x2B,0x29,0x28,0x26,0x25,0x24,0x22,0x21,0x1F,0x1E,0x1D,0x1C,0x1A,0x19,
    0x18,0x17,0x15,0x14,0x13,0x12,0x11,0x10,0x0F,0x0E,0x0D,0x0C,0x0B,0x0B,0x0A,0x09,
    0x08,0x08,0x07,0x06,0x06,0x05,0x05,0x04,0x04,0x03,0x03,0x02,0x02,0x02,0x01,0x01,
    0x01,0x01,0x00,0x00,0x00,0x00,0x00,0x00,0x00,0x00,0x00,0x00,0x00,0x00,0x00,0x00,
    0x00,0x00,0x00,0x00,0x00,0x00,0x00,0x00,0x00,0x00,0x00,0x00,0x00,0x00,0x00,0x00,
    0x01,0x01,0x01,0x01,0x02,0x02,0x02,0x03,0x03,0x04,0x04,0x05,0x05,0x06,0x06,0x07,
    0x08,0x08,0x09,0x0A,0x0B,0x0C,0x0C,0x0D,0x0E,0x0F,0x10,0x11,0x12,0x13,0x14,0x15,
    0x16,0x18,0x19,0x1A,0x1B,0x1C,0x1E,0x1F,0x20,0x22,0x23,0x24,0x26,0x27,0x28,0x2A,
    0x2B,0x2C,0x2E,0x2F,0x30,0x32,0x33,0x34,0x35,0x37,0x38,0x39,0x3A,0x3B,0x3C,0x3C,
    0x3D,0x3E,0x3E,0x3F,0x3F,0x40,0x40,0x40,0x40,0x40,0x40,0x40,0x3F,0x3F,0x3E,0x3E,
    0x3D,0x3C,0x3C,0x3B,0x3A,0x39,0x38,0x37,0x35,0x34,0x33,0x32,0x30,0x2F,0x2E,0x2C,
    0x2B,0x2A,0x28,0x27,0x26,0x24,0x23,0x22,0x20,0x1F,0x1E,0x1C,0x1B,0x1A,0x19,0x18,
    0x16,0x15,0x14,0x13,0x12,0x11,0x10,0x0F,0x0E,0x0D,0x0C,0x0C,0x0B,0x0A,0x09,0x08,
    0x08,0x07,0x06,0x06,0x05,0x05,0x04,0x04,0x03,0x03,0x02,0x02,0x02,0x01,0x01,0x01,
    0x01,0x00,0x00,0x00,0x00,0x00,0x00,0x00,0x00,0x00,0x00,0x00,0x00,0x00,0x00,0x00,
    0x00,0x00,0x00,0x00,0x00,0x00,0x00,0x00,0x00,0x00,0x00,0x00,0x00,0x00,0x00,0x00,
    0x00,0x01,0x01,0x01,0x02,0x02,0x02,0x03,0x03,0x03,0x04,0x04,0x05,0x05,0x06,0x07,
    0x07,0x08,0x08,0x09,0x0A,0x0B,0x0C,0x0C,0x0D,0x0E,0x0F,0x10,0x11,0x12,0x13,0x14,
    0x15,0x16,0x17,0x18,0x1A,0x1B,0x1C,0x1D,0x1E,0x20,0x21,0x22,0x23,0x25,0x26,0x27,
    0x28,0x2A,0x2B,0x2C,0x2D,0x2F,0x30,0x31,0x32,0x33,0x34,0x35,0x36,0x37,0x38,0x38,
    0x39,0x3A,0x3A,0x3B,0x3B,0x3B,0x3C,0x3C,0x3C,0x3C,0x3C,0x3B,0x3B,0x3B,0x3A,0x3A,
    0x39,0x38,0x38,0x37,0x36,0x35,0x34,0x33,0x32,0x31,0x30,0x2F,0x2D,0x2C,0x2B,0x2A,
    0x28,0x27,0x26,0x25,0x23,0x22,0x21,0x20,0x1E,0x1D,0x1C,0x1B,0x1A,0x18,0x17,0x16,
    0x15,0x14,0x13,0x12,0x11,0x10,0x0F,0x0E,0x0D,0x0C,0x0C,0x0B,0x0A,0x09,0x08,0x08,
    0x07,0x07,0x06,0x05,0x05,0x04,0x04,0x03,0x03,0x03,0x02,0x02,0x02,0x01,0x01,0x01,
    0x00,0x00,0x00,0x00,0x00,0x00,0x00,0x00,0x00,0x00,0x00,0x00,0x00,0x00,0x00,0x00,
    0x00,0x00,0x00,0x00,0x00,0x00,0x00,0x00,0x00,0x00,0x00,0x00,0x00,0x00,0x00,0x00,
    0x00,0x01,0x01,0x01,0x01,0x02,0x02,0x02,0x03,0x03,0x03,0x04,0x04,0x05,0x05,0x06,
    0x07,0x07,0x08,0x09,0x09,0x0A,0x0B,0x0B,0x0C,0x0D,0x0E,0x0F,0x10,0x11,0x12,0x13,
    0x14,0x15,0x16,0x17,0x18,0x19,0x1A,0x1B,0x1C,0x1E,0x1F,0x20,0x21,0x22,0x23,0x25,
    0x26,0x27,0x28,0x29,0x2A,0x2B,0x2C,0x2E,0x2F,0x30,0x30,0x31,0x32,0x33,0x34,0x34,
    0x35,0x36,0x36,0x36,0x37,0x37,0x37,0x37,0x37,0x37,0x37,0x37,0x37,0x36,0x36,0x36,
    0x35,0x34,0x34,0x33,0x32,0x31,0x30,0x30,0x2F,0x2E,0x2C,0x2B,0x2A,0x29,0x28,0x27,
    0x26,0x25,0x23,0x22,0x21,0x20,0x1F,0x1E,0x1C,0x1B,0x1A,0x19,0x18,0x17,0x16,0x15,
    0x14,0x13,0x12,0x11,0x10,0x0F,0x0E,0x0D,0x0C,0x0B,0x0B,0x0A,0x09,0x09,0x08,0x07,
    0x07,0x06,0x05,0x05,0x04,0x04,0x03,0x03,0x03,0x02,0x02,0x02,0x01,0x01,0x01,0x01,
    0x00,0x00,0x00,0x00,0x00,0x00,0x00,0x00,0x00,0x00,0x00,0x00,0x00,0x00,0x00,0x00,
    0x00,0x00,0x00,0x00,0x00,0x00,0x00,0x00,0x00,0x00,0x00,0x00,0x00,0x00,0x00,0x00,
    0x00,0x00,0x01,0x01,0x01,0x01,0x02,0x02,0x02,0x03,0x03,0x03,0x04,0x04,0x05,0x05,
    0x06,0x07,0x07,0x08,0x08,0x09,0x0A,0x0B,0x0B,0x0C,0x0D,0x0E,0x0F,0x10,0x10,0x11,
    0x12,0x13,0x14,0x15,0x16,0x17,0x18,0x19,0x1B,0x1C,0x1D,0x1E,0x1F,0x20,0x21,0x22,
    0x23,0x24,0x25,0x26,0x27,0x28,0x29,0x2A,0x2B,0x2C,0x2D,0x2E,0x2F,0x2F,0x30,0x31,
    0x31,0x32,0x32,0x32,0x33,0x33,0x33,0x33,0x33,0x33,0x33,0x33,0x33,0x32,0x32,0x32,
    0x31,0x31,0x30,0x2F,0x2F,0x2E,0x2D,0x2C,0x2B,0x2A,0x29,0x28,0x27,0x26,0x25,0x24,
    0x23,0x22,0x21,0x20,0x1F,0x1E,0x1D,0x1C,0x1B,0x19,0x18,0x17,0x16,0x15,0x14,0x13,
    0x12,0x11,0x10,0x10,0x0F,0x0E,0x0D,0x0C,0x0B,0x0B,0x0A,0x09,0x08,0x08,0x07,0x07,
    0x06,0x05,0x05,0x04,0x04,0x03,0x03,0x03,0x02,0x02,0x02,0x01,0x01,0x01,0x01,0x00,
    0x00,0x00,0x00,0x00,0x00,0x00,0x00,0x00,0x00,0x00,0x00,0x00,0x00,0x00,0x00,0x00,
    0x00,0x00,0x00,0x00,0x00,0x00,0x00,0x00,0x00,0x00,0x00,0x00,0x00,0x00,0x00,0x00,
    0x00,0x00,0x00,0x01,0x01,0x01,0x01,0x02,0x02,0x02,0x03,0x03,0x03,0x04,0x04,0x05,
    0x05,0x06,0x07,0x07,0x08,0x08,0x09,0x0A,0x0A,0x0B,0x0C,0x0D,0x0E,0x0E,0x0F,0x10,
    0x11,0x12,0x13,0x14,0x15,0x16,0x17,0x18,0x19,0x1A,0x1B,0x1C,0x1D,0x1E,0x1F,0x20,
    0x21,0x22,0x23,0x24,0x25,0x25,0x26,0x27,0x28,0x29,0x2A,0x2A,0x2B,0x2C,0x2C,0x2D,
    0x2D,0x2E,0x2E,0x2F,0x2F,0x2F,0x2F,0x2F,0x2F,0x2F,0x2F,0x2F,0x2F,0x2F,0x2E,0x2E,
    0x2D,0x2D,0x2C,0x2C,0x2B,0x2A,0x2A,0x29,0x28,0x27,0x26,0x25,0x25,0x24,0x23,0x22,
    0x21,0x20,0x1F,0x1E,0x1D,0x1C,0x1B,0x1A,0x19,0x18,0x17,0x16,0x15,0x14,0x13,0x12,
    0x11,0x10,0x0F,0x0E,0x0E,0x0D,0x0C,0x0B,0x0A,0x0A,0x09,0x08,0x08,0x07,0x07,0x06,
    0x05,0x05,0x04,0x04,0x03,0x03,0x03,0x02,0x02,0x02,0x01,0x01,0x01,0x01,0x00,0x00,
    0x00,0x00,0x00,0x00,0x00,0x00,0x00,0x00,0x00,0x00,0x00,0x00,0x00,0x00,0x00,0x00,
    0x00,0x00,0x00,0x00,0x00,0x00,0x00,0x00,0x00,0x00,0x00,0x00,0x00,0x00,0x00,0x00,
    0x00,0x00,0x00,0x00,0x01,0x01,0x01,0x01,0x02,0x02,0x02,0x03,0x03,0x03,0x04,0x04,
    0x05,0x05,0x06,0x06,0x07,0x08,0x08,0x09,0x0A,0x0A,0x0B,0x0C,0x0C,0x0D,0x0E,0x0F,
    0x10,0x10,0x11,0x12,0x13,0x14,0x15,0x16,0x17,0x18,0x19,0x1A,0x1A,0x1B,0x1C,0x1D,
    0x1E,0x1F,0x20,0x21,0x22,0x23,0x23,0x24,0x25,0x26,0x26,0x27,0x28,0x28,0x29,0x29,
    0x2A,0x2A,0x2B,0x2B,0x2B,0x2B,0x2C,0x2C,0x2C,0x2C,0x2C,0x2B,0x2B,0x2B,0x2B,0x2A,
    0x2A,0x29,0x29,0x28,0x28,0x27,0x26,0x26,0x25,0x24,0x23,0x23,0x22,0x21,0x20,0x1F,
    0x1E,0x1D,0x1C,0x1B,0x1A,0x1A,0x19,0x18,0x17,0x16,0x15,0x14,0x13,0x12,0x11,0x10,
    0x10,0x0F,0x0E,0x0D,0x0C,0x0C,0x0B,0x0A,0x0A,0x09,0x08,0x08,0x07,0x06,0x06,0x05,
    0x05,0x04,0x04,0x03,0x03,0x03,0x02,0x02,0x02,0x01,0x01,0x01,0x01,0x00,0x00,0x00,
    0x00,0x00,0x00,0x00,0x00,0x00,0x00,0x00,0x00,0x00,0x00,0x00,0x00,0x00,0x00,0x00,
    0x00,0x00,0x00,0x00,0x00,0x00,0x00,0x00,0x00,0x00,0x00,0x00,0x00,0x00,0x00,0x00,
    0x00,0x00,0x00,0x00,0x00,0x01,0x01,0x01,0x01,0x02,0x02,0x02,0x03,0x03,0x03,0x04,
    0x04,0x05,0x05,0x06,0x06,0x07,0x07,0x08,0x09,0x09,0x0A,0x0B,0x0B,0x0C,0x0D,0x0E,
    0x0E,0x0F,0x10,0x11,0x12,0x12,0x13,0x14,0x15,0x16,0x17,0x18,0x18,0x19,0x1A,0x1B,
    0x1C,0x1D,0x1D,0x1E,0x1F,0x20,0x21,0x21,0x22,0x23,0x23,0x24,0x25,0x25,0x26,0x26,
    0x26,0x27,0x27,0x27,0x28,0x28,0x28,0x28,0x28,0x28,0x28,0x28,0x28,0x27,0x27,0x27,
    0x26,0x26,0x26,0x25,0x25,0x24,0x23,0x23,0x22,0x21,0x21,0x20,0x1F,0x1E,0x1D,0x1D,
    0x1C,0x1B,0x1A,0x19,0x18,0x18,0x17,0x16,0x15,0x14,0x13,0x12,0x12,0x11,0x10,0x0F,
    0x0E,0x0E,0x0D,0x0C,0x0B,0x0B,0x0A,0x09,0x09,0x08,0x07,0x07,0x06,0x06,0x05,0x05,
    0x04,0x04,0x03,0x03,0x03,0x02,0x02,0x02,0x01,0x01,0x01,0x01,0x00,0x00,0x00,0x00,
    0x00,0x00,0x00,0x00,0x00,0x00,0x00,0x00,0x00,0x00,0x00,0x00,0x00,0x00,0x00,0x00,
    0x00,0x00,0x00,0x00,0x00,0x00,0x00,0x00,0x00,0x00,0x00,0x00,0x00,0x00,0x00,0x00,
    0x00,0x00,0x00,0x00,0x00,0x00,0x01,0x01,0x01,0x01,0x02,0x02,0x02,0x03,0x03,0x03,
    0x04,0x04,0x05,0x05,0x06,0x06,0x07,0x07,0x08,0x08,0x09,0x0A,0x0A,0x0B,0x0C,0x0C,
    0x0D,0x0E,0x0F,0x0F,0x10,0x11,0x12,0x12,0x13,0x14,0x15,0x16,0x16,0x17,0x18,0x19,
    0x19,0x1A,0x1B,0x1C,0x1C,0x1D,0x1E,0x1F,0x1F,0x20,0x20,0x21,0x21,0x22,0x22,0x23,
    0x23,0x24,0x24,0x24,0x24,0x24,0x25,0x25,0x25,0x25,0x25,0x24,0x24,0x24,0x24,0x24,
    0x23,0x23,0x22,0x22,0x21,0x21,0x20,0x20,0x1F,0x1F,0x1E,0x1D,0x1C,0x1C,0x1B,0x1A,
    0x19,0x19,0x18,0x17,0x16,0x16,0x15,0x14,0x13,0x12,0x12,0x11,0x10,0x0F,0x0F,0x0E,
    0x0D,0x0C,0x0C,0x0B,0x0A,0x0A,0x09,0x08,0x08,0x07,0x07,0x06,0x06,0x05,0x05,0x04,
    0x04,0x03,0x03,0x03,0x02,0x02,0x02,0x01,0x01,0x01,0x01,0x00,0x00,0x00,0x00,0x00,
    0x00,0x00,0x00,0x00,0x00,0x00,0x00,0x00,0x00,0x00,0x00,0x00,0x00,0x00,0x00,0x00,
    0x00,0x00,0x00,0x00,0x00,0x00,0x00,0x00,0x00,0x00,0x00,0x00,0x00,0x00,0x00,0x00,
    0x00,0x00,0x00,0x00,0x00,0x00,0x00,0x01,0x01,0x01,0x01,0x02,0x02,0x02,0x03,0x03,
    0x03,0x04,0x04,0x04,0x05,0x05,0x06,0x06,0x07,0x07,0x08,0x09,0x09,0x0A,0x0A,0x0B,
    0x0C,0x0C,0x0D,0x0E,0x0F,0x0F,0x10,0x11,0x11,0x12,0x13,0x14,0x14,0x15,0x16,0x17,
    0x17,0x18,0x19,0x19,0x1A,0x1B,0x1B,0x1C,0x1C,0x1D,0x1E,0x1E,0x1F,0x1F,0x1F,0x20,
    0x20,0x20,0x21,0x21,0x21,0x21,0x21,0x21,0x21,0x21,0x21,0x21,0x21,0x21,0x21,0x20,
    0x20,0x20,0x1F,0x1F,0x1F,0x1E,0x1E,0x1D,0x1C,0x1C,0x1B,0x1B,0x1A,0x19,0x19,0x18,
    0x17,0x17,0x16,0x15,0x14,0x14,0x13,0x12,0x11,0x11,0x10,0x0F,0x0F,0x0E,0x0D,0x0C,
    0x0C,0x0B,0x0A,0x0A,0x09,0x09,0x08,0x07,0x07,0x06,0x06,0x05,0x05,0x04,0x04,0x04,
    0x03,0x03,0x03,0x02,0x02,0x02,0x01,0x01,0x01,0x01,0x00,0x00,0x00,0x00,0x00,0x00,
    0x00,0x00,0x00,0x00,0x00,0x00,0x00,0x00,0x00,0x00,0x00,0x00,0x00,0x00,0x00,0x00,
    0x00,0x00,0x00,0x00,0x00,0x00,0x00,0x00,0x00,0x00,0x00,0x00,0x00,0x00,0x00,0x00,
    0x00,0x00,0x00,0x00,0x00,0x00,0x00,0x00,0x01,0x01,0x01,0x01,0x02,0x02,0x02,0x02,
    0x03,0x03,0x03,0x04,0x04,0x05,0x05,0x06,0x06,0x07,0x07,0x08,0x08,0x09,0x09,0x0A,
    0x0B,0x0B,0x0C,0x0C,0x0D,0x0E,0x0E,0x0F,0x10,0x10,0x11,0x12,0x12,0x13,0x14,0x14,
    0x15,0x16,0x16,0x17,0x18,0x18,0x19,0x19,0x1A,0x1A,0x1B,0x1B,0x1C,0x1C,0x1D,0x1D,
    0x1D,0x1E,0x1E,0x1E,0x1E,0x1E,0x1E,0x1E,0x1E,0x1E,0x1E,0x1E,0x1E,0x1E,0x1E,0x1E,
    0x1D,0x1D,0x1D,0x1C,0x1C,0x1B,0x1B,0x1A,0x1A,0x19,0x19,0x18,0x18,0x17,0x16,0x16,
    0x15,0x14,0x14,0x13,0x12,0x12,0x11,0x10,0x10,0x0F,0x0E,0x0E,0x0D,0x0C,0x0C,0x0B,
    0x0B,0x0A,0x09,0x09,0x08,0x08,0x07,0x07,0x06,0x06,0x05,0x05,0x04,0x04,0x03,0x03,
    0x03,0x02,0x02,0x02,0x02,0x01,0x01,0x01,0x01,0x00,0x00,0x00,0x00,0x00,0x00,0x00,
    0x00,0x00,0x00,0x00,0x00,0x00,0x00,0x00,0x00,0x00,0x00,0x00,0x00,0x00,0x00,0x00,
    0x00,0x00,0x00,0x00,0x00,0x00,0x00,0x00,0x00,0x00,0x00,0x00,0x00,0x00,0x00,0x00,
    0x00,0x00,0x00,0x00,0x00,0x00,0x00,0x00,0x00,0x01,0x01,0x01,0x01,0x01,0x02,0x02,
    0x02,0x03,0x03,0x03,0x04,0x04,0x04,0x05,0x05,0x06,0x06,0x07,0x07,0x08,0x08,0x09,
    0x09,0x0A,0x0B,0x0B,0x0C,0x0C,0x0D,0x0E,0x0E,0x0F,0x0F,0x10,0x11,0x11,0x12,0x12,
    0x13,0x14,0x14,0x15,0x15,0x16,0x16,0x17,0x17,0x18,0x18,0x19,0x19,0x1A,0x1A,0x1A,
    0x1A,0x1B,0x1B,0x1B,0x1B,0x1B,0x1B,0x1C,0x1C,0x1C,0x1B,0x1B,0x1B,0x1B,0x1B,0x1B,
    0x1A,0x1A,0x1A,0x1A,0x19,0x19,0x18,0x18,0x17,0x17,0x16,0x16,0x15,0x15,0x14,0x14,
    0x13,0x12,0x12,0x11,0x11,0x10,0x0F,0x0F,0x0E,0x0E,0x0D,0x0C,0x0C,0x0B,0x0B,0x0A,
    0x09,0x09,0x08,0x08,0x07,0x07,0x06,0x06,0x05,0x05,0x04,0x04,0x04,0x03,0x03,0x03,
    0x02,0x02,0x02,0x01,0x01,0x01,0x01,0x01,0x00,0x00,0x00,0x00,0x00,0x00,0x00,0x00,
    0x00,0x00,0x00,0x00,0x00,0x00,0x00,0x00,0x00,0x00,0x00,0x00,0x00,0x00,0x00,0x00,
    0x00,0x00,0x00,0x00,0x00,0x00,0x00,0x00,0x00,0x00,0x00,0x00,0x00,0x00,0x00,0x00,
    0x00,0x00,0x00,0x00,0x00,0x00,0x00,0x00,0x00,0x00,0x00,0x01,0x01,0x01,0x01,0x02,
    0x02,0x02,0x02,0x03,0x03,0x03,0x04,0x04,0x05,0x05,0x05,0x06,0x06,0x07,0x07,0x08,
    0x08,0x09,0x09,0x0A,0x0A,0x0B,0x0C,0x0C,0x0D,0x0D,0x0E,0x0E,0x0F,0x0F,0x10,0x11,
    0x11,0x12,0x12,0x13,0x13,0x14,0x14,0x15,0x15,0x16,0x16,0x16,0x17,0x17,0x17,0x18,
    0x18,0x18,0x18,0x18,0x19,0x19,0x19,0x19,0x19,0x19,0x19,0x19,0x19,0x18,0x18,0x18,
    0x18,0x18,0x17,0x17,0x17,0x16,0x16,0x16,0x15,0x15,0x14,0x14,0x13,0x13,0x12,0x12,
    0x11,0x11,0x10,0x0F,0x0F,0x0E,0x0E,0x0D,0x0D,0x0C,0x0C,0x0B,0x0A,0x0A,0x09,0x09,
    0x08,0x08,0x07,0x07,0x06,0x06,0x05,0x05,0x05,0x04,0x04,0x03,0x03,0x03,0x02,0x02,
    0x02,0x02,0x01,0x01,0x01,0x01,0x00,0x00,0x00,0x00,0x00,0x00,0x00,0x00,0x00,0x00,
    0x00,0x00,0x00,0x00,0x00,0x00,0x00,0x00,0x00,0x00,0x00,0x00,0x00,0x00,0x00,0x00,
    0x00,0x00,0x00,0x00,0x00,0x00,0x00,0x00,0x00,0x00,0x00,0x00,0x00,0x00,0x00,0x00,
    0x00,0x00,0x00,0x00,0x00,0x00,0x00,0x00,0x00,0x00,0x00,0x00,0x01,0x01,0x01,0x01,
    0x01,0x02,0x02,0x02,0x03,0x03,0x03,0x04,0x04,0x04,0x05,0x05,0x05,0x06,0x06,0x07,
    0x07,0x08,0x08,0x09,0x09,0x0A,0x0A,0x0B,0x0B,0x0C,0x0C,0x0D,0x0D,0x0E,0x0E,0x0F,
    0x0F,0x10,0x10,0x11,0x11,0x12,0x12,0x12,0x13,0x13,0x14,0x14,0x14,0x15,0x15,0x15,
    0x15,0x16,0x16,0x16,0x16,0x16,0x16,0x16,0x16,0x16,0x16,0x16,0x16,0x16,0x16,0x16,
    0x15,0x15,0x15,0x15,0x14,0x14,0x14,0x13,0x13,0x12,0x12,0x12,0x11,0x11,0x10,0x10,
    0x0F,0x0F,0x0E,0x0E,0x0D,0x0D,0x0C,0x0C,0x0B,0x0B,0x0A,0x0A,0x09,0x09,0x08,0x08,
    0x07,0x07,0x06,0x06,0x05,0x05,0x05,0x04,0x04,0x04,0x03,0x03,0x03,0x02,0x02,0x02,
    0x01,0x01,0x01,0x01,0x01,0x00,0x00,0x00,0x00,0x00,0x00,0x00,0x00,0x00,0x00,0x00,
    0x00,0x00,0x00,0x00,0x00,0x00,0x00,0x00,0x00,0x00,0x00,0x00,0x00,0x00,0x00,0x00,
    0x00,0x00,0x00,0x00,0x00,0x00,0x00,0x00,0x00,0x00,0x00,0x00,0x00,0x00,0x00,0x00,
    0x00,0x00,0x00,0x00,0x00,0x00,0x00,0x00,0x00,0x00,0x00,0x00,0x00,0x01,0x01,0x01,
    0x01,0x01,0x02,0x02,0x02,0x02,0x03,0x03,0x03,0x04,0x04,0x04,0x05,0x05,0x05,0x06,
    0x06,0x07,0x07,0x08,0x08,0x08,0x09,0x09,0x0A,0x0A,0x0B,0x0B,0x0C,0x0C,0x0D,0x0D,
    0x0E,0x0E,0x0E,0x0F,0x0F,0x10,0x10,0x10,0x11,0x11,0x11,0x12,0x12,0x12,0x13,0x13,
    0x13,0x13,0x13,0x14,0x14,0x14,0x14,0x14,0x14,0x14,0x14,0x14,0x14,0x14,0x13,0x13,
    0x13,0x13,0x13,0x12,0x12,0x12,0x11,0x11,0x11,0x10,0x10,0x10,0x0F,0x0F,0x0E,0x0E,
    0x0E,0x0D,0x0D,0x0C,0x0C,0x0B,0x0B,0x0A,0x0A,0x09,0x09,0x08,0x08,0x08,0x07,0x07,
    0x06,0x06,0x05,0x05,0x05,0x04,0x04,0x04,0x03,0x03,0x03,0x02,0x02,0x02,0x02,0x01,
    0x01,0x01,0x01,0x01,0x00,0x00,0x00,0x00,0x00,0x00,0x00,0x00,0x00,0x00,0x00,0x00,
    0x00,0x00,0x00,0x00,0x00,0x00,0x00,0x00,0x00,0x00,0x00,0x00,0x00,0x00,0x00,0x00,
    0x00,0x00,0x00,0x00,0x00,0x00,0x00,0x00,0x00,0x00,0x00,0x00,0x00,0x00,0x00,0x00,
    0x00,0x00,0x00,0x00,0x00,0x00,0x00,0x00,0x00,0x00,0x00,0x00,0x00,0x00,0x00,0x01,
    0x01,0x01,0x01,0x01,0x02,0x02,0x02,0x02,0x03,0x03,0x03,0x04,0x04,0x04,0x05,0x05,
    0x05,0x06,0x06,0x07,0x07,0x07,0x08,0x08,0x09,0x09,0x09,0x0A,0x0A,0x0B,0x0B,0x0C,
    0x0C,0x0C,0x0D,0x0D,0x0D,0x0E,0x0E,0x0F,0x0F,0x0F,0x0F,0x10,0x10,0x10,0x10,0x11,
    0x11,0x11,0x11,0x11,0x11,0x11,0x12,0x12,0x12,0x12,0x12,0x11,0x11,0x11,0x11,0x11,
    0x11,0x11,0x10,0x10,0x10,0x10,0x0F,0x0F,0x0F,0x0F,0x0E,0x0E,0x0D,0x0D,0x0D,0x0C,
    0x0C,0x0C,0x0B,0x0B,0x0A,0x0A,0x09,0x09,0x09,0x08,0x08,0x07,0x07,0x07,0x06,0x06,
    0x05,0x05,0x05,0x04,0x04,0x04,0x03,0x03,0x03,0x02,0x02,0x02,0x02,0x01,0x01,0x01,
    0x01,0x01,0x00,0x00,0x00,0x00,0x00,0x00,0x00,0x00,0x00,0x00,0x00,0x00,0x00,0x00,
    0x00,0x00,0x00,0x00,0x00,0x00,0x00,0x00,0x00,0x00,0x00,0x00,0x00,0x00,0x00,0x00,
    0x00,0x00,0x00,0x00,0x00,0x00,0x00,0x00,0x00,0x00,0x00,0x00,0x00,0x00,0x00,0x00,
    0x00,0x00,0x00,0x00,0x00,0x00,0x00,0x00,0x00,0x00,0x00,0x00,0x00,0x00,0x00,0x00,
    0x00,0x01,0x01,0x01,0x01,0x01,0x02,0x02,0x02,0x02,0x03,0x03,0x03,0x04,0x04,0x04,
    0x05,0x05,0x05,0x06,0x06,0x06,0x07,0x07,0x07,0x08,0x08,0x09,0x09,0x09,0x0A,0x0A,
    0x0A,0x0B,0x0B,0x0B,0x0C,0x0C,0x0C,0x0D,0x0D,0x0D,0x0E,0x0E,0x0E,0x0E,0x0E,0x0F,
    0x0F,0x0F,0x0F,0x0F,0x0F,0x0F,0x0F,0x0F,0x10,0x0F,0x0F,0x0F,0x0F,0x0F,0x0F,0x0F,
    0x0F,0x0F,0x0E,0x0E,0x0E,0x0E,0x0E,0x0D,0x0D,0x0D,0x0C,0x0C,0x0C,0x0B,0x0B,0x0B,
    0x0A,0x0A,0x0A,0x09,0x09,0x09,0x08,0x08,0x07,0x07,0x07,0x06,0x06,0x06,0x05,0x05,
    0x05,0x04,0x04,0x04,0x03,0x03,0x03,0x02,0x02,0x02,0x02,0x01,0x01,0x01,0x01,0x01,
    0x00,0x00,0x00,0x00,0x00,0x00,0x00,0x00,0x00,0x00,0x00,0x00,0x00,0x00,0x00,0x00,
    0x00,0x00,0x00,0x00,0x00,0x00,0x00,0x00,0x00,0x00,0x00,0x00,0x00,0x00,0x00,0x00,
    0x00,0x00,0x00,0x00,0x00,0x00,0x00,0x00,0x00,0x00,0x00,0x00,0x00,0x00,0x00,0x00,
    0x00,0x00,0x00,0x00,0x00,0x00,0x00,0x00,0x00,0x00,0x00,0x00,0x00,0x00,0x00,0x00,
    0x00,0x00,0x00,0x01,0x01,0x01,0x01,0x01,0x02,0x02,0x02,0x02,0x03,0x03,0x03,0x03,
    0x04,0x04,0x04,0x05,0x05,0x05,0x06,0x06,0x06,0x07,0x07,0x07,0x08,0x08,0x08,0x09,
    0x09,0x09,0x0A,0x0A,0x0A,0x0B,0x0B,0x0B,0x0B,0x0C,0x0C,0x0C,0x0C,0x0C,0x0D,0x0D,
    0x0D,0x0D,0x0D,0x0D,0x0D,0x0D,0x0E,0x0E,0x0E,0x0E,0x0E,0x0D,0x0D,0x0D,0x0D,0x0D,
    0x0D,0x0D,0x0D,0x0C,0x0C,0x0C,0x0C,0x0C,0x0B,0x0B,0x0B,0x0B,0x0A,0x0A,0x0A,0x09,
    0x09,0x09,0x08,0x08,0x08,0x07,0x07,0x07,0x06,0x06,0x06,0x05,0x05,0x05,0x04,0x04,
    0x04,0x03,0x03,0x03,0x03,0x02,0x02,0x02,0x02,0x01,0x01,0x01,0x01,0x01,0x00,0x00,
    0x00,0x00,0x00,0x00,0x00,0x00,0x00,0x00,0x00,0x00,0x00,0x00,0x00,0x00,0x00,0x00,
    0x00,0x00,0x00,0x00,0x00,0x00,0x00,0x00,0x00,0x00,0x00,0x00,0x00,0x00,0x00,0x00,
    0x00,0x00,0x00,0x00,0x00,0x00,0x00,0x00,0x00,0x00,0x00,0x00,0x00,0x00,0x00,0x00,
    0x00,0x00,0x00,0x00,0x00,0x00,0x00,0x00,0x00,0x00,0x00,0x00,0x00,0x00,0x00,0x00,
    0x00,0x00,0x00,0x00,0x00,0x01,0x01,0x01,0x01,0x01,0x02,0x02,0x02,0x02,0x02,0x03,
    0x03,0x03,0x04,0x04,0x04,0x04,0x05,0x05,0x05,0x06,0x06,0x06,0x06,0x07,0x07,0x07,
    0x08,0x08,0x08,0x09,0x09,0x09,0x09,0x0A,0x0A,0x0A,0x0A,0x0A,0x0B,0x0B,0x0B,0x0B,
    0x0B,0x0B,0x0B,0x0C,0x0C,0x0C,0x0C,0x0C,0x0C,0x0C,0x0C,0x0C,0x0C,0x0C,0x0B,0x0B,
    0x0B,0x0B,0x0B,0x0B,0x0B,0x0A,0x0A,0x0A,0x0A,0x0A,0x09,0x09,0x09,0x09,0x08,0x08,
    0x08,0x07,0x07,0x07,0x06,0x06,0x06,0x06,0x05,0x05,0x05,0x04,0x04,0x04,0x04,0x03,
    0x03,0x03,0x02,0x02,0x02,0x02,0x02,0x01,0x01,0x01,0x01,0x01,0x00,0x00,0x00,0x00,
    0x00,0x00,0x00,0x00,0x00,0x00,0x00,0x00,0x00,0x00,0x00,0x00,0x00,0x00,0x00,0x00,
    0x00,0x00,0x00,0x00,0x00,0x00,0x00,0x00,0x00,0x00,0x00,0x00,0x00,0x00,0x00,0x00,
    0x00,0x00,0x00,0x00,0x00,0x00,0x00,0x00,0x00,0x00,0x00,0x00,0x00,0x00,0x00,0x00,
    0x00,0x00,0x00,0x00,0x00,0x00,0x00,0x00,0x00,0x00,0x00,0x00,0x00,0x00,0x00,0x00,
    0x00,0x00,0x00,0x00,0x00,0x00,0x00,0x01,0x01,0x01,0x01,0x01,0x02,0x02,0x02,0x02,
    0x02,0x03,0x03,0x03,0x03,0x04,0x04,0x04,0x04,0x05,0x05,0x05,0x05,0x06,0x06,0x06,
    0x06,0x07,0x07,0x07,0x07,0x08,0x08,0x08,0x08,0x09,0x09,0x09,0x09,0x09,0x09,0x0A,
    0x0A,0x0A,0x0A,0x0A,0x0A,0x0A,0x0A,0x0A,0x0A,0x0A,0x0A,0x0A,0x0A,0x0A,0x0A,0x0A,
    0x0A,0x0A,0x09,0x09,0x09,0x09,0x09,0x09,0x08,0x08,0x08,0x08,0x07,0x07,0x07,0x07,
    0x06,0x06,0x06,0x06,0x05,0x05,0x05,0x05,0x04,0x04,0x04,0x04,0x03,0x03,0x03,0x03,
    0x02,0x02,0x02,0x02,0x02,0x01,0x01,0x01,0x01,0x01,0x00,0x00,0x00,0x00,0x00,0x00,
    0x00,0x00,0x00,0x00,0x00,0x00,0x00,0x00,0x00,0x00,0x00,0x00,0x00,0x00,0x00,0x00,
    0x00,0x00,0x00,0x00,0x00,0x00,0x00,0x00,0x00,0x00,0x00,0x00,0x00,0x00,0x00,0x00,
    0x00,0x00,0x00,0x00,0x00,0x00,0x00,0x00,0x00,0x00,0x00,0x00,0x00,0x00,0x00,0x00,
    0x00,0x00,0x00,0x00,0x00,0x00,0x00,0x00,0x00,0x00,0x00,0x00,0x00,0x00,0x00,0x00,
    0x00,0x00,0x00,0x00,0x00,0x00,0x00,0x00,0x00,0x01,0x01,0x01,0x01,0x01,0x01,0x02,
    0x02,0x02,0x02,0x02,0x03,0x03,0x03,0x03,0x04,0x04,0x04,0x04,0x04,0x05,0x05,0x05,
    0x05,0x06,0x06,0x06,0x06,0x06,0x07,0x07,0x07,0x07,0x07,0x08,0x08,0x08,0x08,0x08,
    0x08,0x08,0x08,0x08,0x08,0x09,0x09,0x09,0x09,0x09,0x09,0x09,0x08,0x08,0x08,0x08,
    0x08,0x08,0x08,0x08,0x08,0x08,0x07,0x07,0x07,0x07,0x07,0x06,0x06,0x06,0x06,0x06,
    0x05,0x05,0x05,0x05,0x04,0x04,0x04,0x04,0x04,0x03,0x03,0x03,0x03,0x02,0x02,0x02,
    0x02,0x02,0x01,0x01,0x01,0x01,0x01,0x01,0x00,0x00,0x00,0x00,0x00,0x00,0x00,0x00,
    0x00,0x00,0x00,0x00,0x00,0x00,0x00,0x00,0x00,0x00,0x00,0x00,0x00,0x00,0x00,0x00,
    0x00,0x00,0x00,0x00,0x00,0x00,0x00,0x00,0x00,0x00,0x00,0x00,0x00,0x00,0x00,0x00,
    0x00,0x00,0x00,0x00,0x00,0x00,0x00,0x00,0x00,0x00,0x00,0x00,0x00,0x00,0x00,0x00,
    0x00,0x00,0x00,0x00,0x00,0x00,0x00,0x00,0x00,0x00,0x00,0x00,0x00,0x00,0x00,0x00,
    0x00,0x00,0x00,0x00,0x00,0x00,0x00,0x00,0x00,0x00,0x00,0x01,0x01,0x01,0x01,0x01,
    0x01,0x01,0x02,0x02,0x02,0x02,0x02,0x03,0x03,0x03,0x03,0x03,0x04,0x04,0x04,0x04,
    0x04,0x05,0x05,0x05,0x05,0x05,0x05,0x06,0x06,0x06,0x06,0x06,0x06,0x07,0x07,0x07,
    0x07,0x07,0x07,0x07,0x07,0x07,0x07,0x07,0x07,0x07,0x07,0x07,0x07,0x07,0x07,0x07,
    0x07,0x07,0x07,0x07,0x06,0x06,0x06,0x06,0x06,0x06,0x05,0x05,0x05,0x05,0x05,0x05,
    0x04,0x04,0x04,0x04,0x04,0x03,0x03,0x03,0x03,0x03,0x02,0x02,0x02,0x02,0x02,0x01,
    0x01,0x01,0x01,0x01,0x01,0x01,0x00,0x00,0x00,0x00,0x00,0x00,0x00,0x00,0x00,0x00,
    0x00,0x00,0x00,0x00,0x00,0x00,0x00,0x00,0x00,0x00,0x00,0x00,0x00,0x00,0x00,0x00,
    0x00,0x00,0x00,0x00,0x00,0x00,0x00,0x00,0x00,0x00,0x00,0x00,0x00,0x00,0x00,0x00,
    0x00,0x00,0x00,0x00,0x00,0x00,0x00,0x00,0x00,0x00,0x00,0x00,0x00,0x00,0x00,0x00,
    0x00,0x00,0x00,0x00,0x00,0x00,0x00,0x00,0x00,0x00,0x00,0x00,0x00,0x00,0x00,0x00,
    0x00,0x00,0x00,0x00,0x00,0x00,0x00,0x00,0x00,0x00,0x00,0x00,0x00,0x00,0x01,0x01,
    0x01,0x01,0x01,0x01,0x01,0x02,0x02,0x02,0x02,0x02,0x02,0x03,0x03,0x03,0x03,0x03,
    0x03,0x04,0x04,0x04,0x04,0x04,0x04,0x05,0x05,0x05,0x05,0x05,0x05,0x05,0x05,0x06,
    0x06,0x06,0x06,0x06,0x06,0x06,0x06,0x06,0x06,0x06,0x06,0x06,0x06,0x06,0x06,0x06,
    0x06,0x06,0x05,0x05,0x05,0x05,0x05,0x05,0x05,0x05,0x04,0x04,0x04,0x04,0x04,0x04,
    0x03,0x03,0x03,0x03,0x03,0x03,0x02,0x02,0x02,0x02,0x02,0x02,0x01,0x01,0x01,0x01,
    0x01,0x01,0x01,0x00,0x00,0x00,0x00,0x00,0x00,0x00,0x00,0x00,0x00,0x00,0x00,0x00,
    0x00,0x00,0x00,0x00,0x00,0x00,0x00,0x00,0x00,0x00,0x00,0x00,0x00,0x00,0x00,0x00,
    0x00,0x00,0x00,0x00,0x00,0x00,0x00,0x00,0x00,0x00,0x00,0x00,0x00,0x00,0x00,0x00,
    0x00,0x00,0x00,0x00,0x00,0x00,0x00,0x00,0x00,0x00,0x00,0x00,0x00,0x00,0x00,0x00,
    0x00,0x00,0x00,0x00,0x00,0x00,0x00,0x00,0x00,0x00,0x00,0x00,0x00,0x00,0x00,0x00,
    0x00,0x00,0x00,0x00,0x00,0x00,0x00,0x00,0x00,0x00,0x00,0x00,0x00,0x00,0x00,0x00,
    0x00,0x01,0x01,0x01,0x01,0x01,0x01,0x01,0x02,0x02,0x02,0x02,0x02,0x02,0x02,0x03,
    0x03,0x03,0x03,0x03,0x03,0x03,0x04,0x04,0x04,0x04,0x04,0x04,0x04,0x04,0x04,0x04,
    0x05,0x05,0x05,0x05,0x05,0x05,0x05,0x05,0x05,0x05,0x05,0x05,0x05,0x05,0x05,0x05,
    0x05,0x04,0x04,0x04,0x04,0x04,0x04,0x04,0x04,0x04,0x04,0x03,0x03,0x03,0x03,0x03,
    0x03,0x03,0x02,0x02,0x02,0x02,0x02,0x02,0x02,0x01,0x01,0x01,0x01,0x01,0x01,0x01,
    0x00,0x00,0x00,0x00,0x00,0x00,0x00,0x00,0x00,0x00,0x00,0x00,0x00,0x00,0x00,0x00,
    0x00,0x00,0x00,0x00,0x00,0x00,0x00,0x00,0x00,0x00,0x00,0x00,0x00,0x00,0x00,0x00,
    0x00,0x00,0x00,0x00,0x00,0x00,0x00,0x00,0x00,0x00,0x00,0x00,0x00,0x00,0x00,0x00,
    0x00,0x00,0x00,0x00,0x00,0x00,0x00,0x00,0x00,0x00,0x00,0x00,0x00,0x00,0x00,0x00,
    0x00,0x00,0x00,0x00,0x00,0x00,0x00,0x00,0x00,0x00,0x00,0x00,0x00,0x00,0x00,0x00,
    0x00,0x00,0x00,0x00,0x00,0x00,0x00,0x00,0x00,0x00,0x00,0x00,0x00,0x00,0x00,0x00,
    0x00,0x00,0x00,0x00,0x01,0x01,0x01,0x01,0x01,0x01,0x01,0x01,0x01,0x02,0x02,0x02,
    0x02,0x02,0x02,0x02,0x02,0x03,0x03,0x03,0x03,0x03,0x03,0x03,0x03,0x03,0x03,0x04,
    0x04,0x04,0x04,0x04,0x04,0x04,0x04,0x04,0x04,0x04,0x04,0x04,0x04,0x04,0x04,0x04,
    0x04,0x04,0x03,0x03,0x03,0x03,0x03,0x03,0x03,0x03,0x03,0x03,0x02,0x02,0x02,0x02,
    0x02,0x02,0x02,0x02,0x01,0x01,0x01,0x01,0x01,0x01,0x01,0x01,0x01,0x00,0x00,0x00,
    0x00,0x00,0x00,0x00,0x00,0x00,0x00,0x00,0x00,0x00,0x00,0x00,0x00,0x00,0x00,0x00,
    0x00,0x00,0x00,0x00,0x00,0x00,0x00,0x00,0x00,0x00,0x00,0x00,0x00,0x00,0x00,0x00,
    0x00,0x00,0x00,0x00,0x00,0x00,0x00,0x00,0x00,0x00,0x00,0x00,0x00,0x00,0x00,0x00,
    0x00,0x00,0x00,0x00,0x00,0x00,0x00,0x00,0x00,0x00,0x00,0x00,0x00,0x00,0x00,0x00,
    0x00,0x00,0x00,0x00,0x00,0x00,0x00,0x00,0x00,0x00,0x00,0x00,0x00,0x00,0x00,0x00,
    0x00,0x00,0x00,0x00,0x00,0x00,0x00,0x00,0x00,0x00,0x00,0x00,0x00,0x00,0x00,0x00,
    0x00,0x00,0x00,0x00,0x00,0x00,0x00,0x00,0x01,0x01,0x01,0x01,0x01,0x01,0x01,0x01,
    0x01,0x01,0x02,0x02,0x02,0x02,0x02,0x02,0x02,0x02,0x02,0x02,0x02,0x03,0x03,0x03,
    0x03,0x03,0x03,0x03,0x03,0x03,0x03,0x03,0x03,0x03,0x03,0x03,0x03,0x03,0x03,0x03,
    0x03,0x03,0x03,0x03,0x02,0x02,0x02,0x02,0x02,0x02,0x02,0x02,0x02,0x02,0x02,0x01,
    0x01,0x01,0x01,0x01,0x01,0x01,0x01,0x01,0x01,0x00,0x00,0x00,0x00,0x00,0x00,0x00,
    0x00,0x00,0x00,0x00,0x00,0x00,0x00,0x00,0x00,0x00,0x00,0x00,0x00,0x00,0x00,0x00,
    0x00,0x00,0x00,0x00,0x00,0x00,0x00,0x00,0x00,0x00,0x00,0x00,0x00,0x00,0x00,0x00,
    0x00,0x00,0x00,0x00,0x00,0x00,0x00,0x00,0x00,0x00,0x00,0x00,0x00,0x00,0x00,0x00,
    0x00,0x00,0x00,0x00,0x00,0x00,0x00,0x00,0x00,0x00,0x00,0x00,0x00,0x00,0x00,0x00,
    0x00,0x00,0x00,0x00,0x00,0x00,0x00,0x00,0x00,0x00,0x00,0x00,0x00,0x00,0x00,0x00,
    0x00,0x00,0x00,0x00,0x00,0x00,0x00,0x00,0x00,0x00,0x00,0x00,0x00,0x00,0x00,0x00,
    0x00,0x00,0x00,0x00,0x00,0x00,0x00,0x00,0x00,0x00,0x00,0x00,0x01,0x01,0x01,0x01,
    0x01,0x01,0x01,0x01,0x01,0x01,0x01,0x01,0x02,0x02,0x02,0x02,0x02,0x02,0x02,0x02,
    0x02,0x02,0x02,0x02,0x02,0x02,0x02,0x02,0x02,0x02,0x02,0x02,0x02,0x02,0x02,0x02,
    0x02,0x02,0x02,0x02,0x02,0x02,0x02,0x02,0x02,0x01,0x01,0x01,0x01,0x01,0x01,0x01,
    0x01,0x01,0x01,0x01,0x01,0x00,0x00,0x00,0x00,0x00,0x00,0x00,0x00,0x00,0x00,0x00,
    0x00,0x00,0x00,0x00,0x00,0x00,0x00,0x00,0x00,0x00,0x00,0x00,0x00,0x00,0x00,0x00,
    0x00,0x00,0x00,0x00,0x00,0x00,0x00,0x00,0x00,0x00,0x00,0x00,0x00,0x00,0x00,0x00,
    0x00,0x00,0x00,0x00,0x00,0x00,0x00,0x00,0x00,0x00,0x00,0x00,0x00,0x00,0x00,0x00,
    0x00,0x00,0x00,0x00,0x00,0x00,0x00,0x00,0x00,0x00,0x00,0x00,0x00,0x00,0x00,0x00,
    0x00,0x00,0x00,0x00,0x00,0x00,0x00,0x00,0x00,0x00,0x00,0x00,0x00,0x00,0x00,0x00,
    0x00,0x00,0x00,0x00,0x00,0x00,0x00,0x00,0x00,0x00,0x00,0x00,0x00,0x00,0x00,0x00,
    0x00,0x00,0x00,0x00,0x00,0x00,0x00,0x00,0x00,0x00,0x00,0x00,0x00,0x00,0x00,0x00,
    0x00,0x01,0x01,0x01,0x01,0x01,0x01,0x01,0x01,0x01,0x01,0x01,0x01,0x01,0x01,0x01,
    0x01,0x01,0x01,0x01,0x01,0x01,0x01,0x02,0x02,0x02,0x01,0x01,0x01,0x01,0x01,0x01,
    0x01,0x01,0x01,0x01,0x01,0x01,0x01,0x01,0x01,0x01,0x01,0x01,0x01,0x01,0x01,0x01,
    0x00,0x00,0x00,0x00,0x00,0x00,0x00,0x00,0x00,0x00,0x00,0x00,0x00,0x00,0x00,0x00,
    0x00,0x00,0x00,0x00,0x00,0x00,0x00,0x00,0x00,0x00,0x00,0x00,0x00,0x00,0x00,0x00,
    0x00,0x00,0x00,0x00,0x00,0x00,0x00,0x00,0x00,0x00,0x00,0x00,0x00,0x00,0x00,0x00,
    0x00,0x00,0x00,0x00,0x00,0x00,0x00,0x00,0x00,0x00,0x00,0x00,0x00,0x00,0x00,0x00,
    0x00,0x00,0x00,0x00,0x00,0x00,0x00,0x00,0x00,0x00,0x00,0x00,0x00,0x00,0x00,0x00,
    0x00,0x00,0x00,0x00,0x00,0x00,0x00,0x00,0x00,0x00,0x00,0x00,0x00,0x00,0x00,0x00,
    0x00,0x00,0x00,0x00,0x00,0x00,0x00,0x00,0x00,0x00,0x00,0x00,0x00,0x00,0x00,0x00,
    0x00,0x00,0x00,0x00,0x00,0x00,0x00,0x00,0x00,0x00,0x00,0x00,0x00,0x00,0x00,0x00,
    0x00,0x00,0x00,0x00,0x00,0x00,0x00,0x00,0x01,0x01,0x01,0x01,0x01,0x01,0x01,0x01,
    0x01,0x01,0x01,0x01,0x01,0x01,0x01,0x01,0x01,0x01,0x01,0x01,0x01,0x01,0x01,0x01,
    0x01,0x01,0x01,0x01,0x01,0x01,0x01,0x01,0x01,0x00,0x00,0x00,0x00,0x00,0x00,0x00,
    0x00,0x00,0x00,0x00,0x00,0x00,0x00,0x00,0x00,0x00,0x00,0x00,0x00,0x00,0x00,0x00,
    0x00,0x00,0x00,0x00,0x00,0x00,0x00,0x00,0x00,0x00,0x00,0x00,0x00,0x00,0x00,0x00,
    0x00,0x00,0x00,0x00,0x00,0x00,0x00,0x00,0x00,0x00,0x00,0x00,0x00,0x00,0x00,0x00,
    0x00,0x00,0x00,0x00,0x00,0x00,0x00,0x00,0x00,0x00,0x00,0x00,0x00,0x00,0x00,0x00,
    0x00,0x00,0x00,0x00,0x00,0x00,0x00,0x00,0x00,0x00,0x00,0x00,0x00,0x00,0x00,0x00,
    0x00,0x00,0x00,0x00,0x00,0x00,0x00,0x00,0x00,0x00,0x00,0x00,0x00,0x00,0x00,0x00,
    0x00,0x00,0x00,0x00,0x00,0x00,0x00,0x00,0x00,0x00,0x00,0x00,0x00,0x00,0x00,0x00,
    0x00,0x00,0x00,0x00,0x00,0x00,0x00,0x00,0x00,0x00,0x00,0x00,0x00,0x00,0x00,0x00,
    0x00,0x00,0x00,0x00,0x00,0x00,0x00,0x00,0x00,0x00,0x00,0x00,0x00,0x00,0x00,0x00,
    0x00,0x00,0x00,0x00,0x00,0x00,0x01,0x01,0x01,0x01,0x01,0x00,0x00,0x00,0x00,0x00,
    0x00,0x00,0x00,0x00,0x00,0x00,0x00,0x00,0x00,0x00,0x00,0x00,0x00,0x00,0x00,0x00,
    0x00,0x00,0x00,0x00,0x00,0x00,0x00,0x00,0x00,0x00,0x00,0x00,0x00,0x00,0x00,0x00,
    0x00,0x00,0x00,0x00,0x00,0x00,0x00,0x00,0x00,0x00,0x00,0x00,0x00,0x00,0x00,0x00,
    0x00,0x00,0x00,0x00,0x00,0x00,0x00,0x00,0x00,0x00,0x00,0x00,0x00,0x00,0x00,0x00,
    0x00,0x00,0x00,0x00,0x00,0x00,0x00,0x00,0x00,0x00,0x00,0x00,0x00,0x00,0x00,0x00,
    0x00,0x00,0x00,0x00,0x00,0x00,0x00,0x00,0x00,0x00,0x00,0x00,0x00,0x00,0x00,0x00,
    0x00,0x00,0x00,0x00,0x00,0x00,0x00,0x00,0x00,0x00,0x00,0x00,0x00,0x00,0x00,0x00,
    0x00,0x00,0x00,0x00,0x00,0x00,0x00,0x00,0x00,0x00,0x00,0x00,0x00,0x00,0x00,0x00,
    0x00,0x00,0x00,0x00,0x00,0x00,0x00,0x00,0x00,0x00,0x00,0x00,0x00,0x00,0x00,0x00,
    0x00,0x00,0x00,0x00,0x00,0x00,0x00,0x00,0x00,0x00,0x00,0x00,0x00,0x00,0x00,0x00,
    0x00,0x00,0x00,0x00,0x00,0x00,0x00,0x00,0x00,0x00,0x00,0x00,0x00,0x00,0x00,0x00,
    0x00,0x00,0x00,0x00,0x00,0x00,0x00,0x00,0x00,0x00,0x00,0x00,0x00,0x00,0x00,0x00,
    0x00,0x00,0x00,0x00,0x00,0x00,0x00,0x00,0x00,0x00,0x00,0x00,0x00,0x00,0x00,0x00,
    0x00,0x00,0x00,0x00,0x00,0x00,0x00,0x00,0x00,0x00,0x00,0x00,0x00,0x00,0x00,0x00,
    0x00,0x00,0x00,0x00,0x00,0x00,0x00,0x00,0x00,0x00,0x00,0x00,0x00,0x00,0x00,0x00,
    0x00,0x00,0x00,0x00,0x00,0x00,0x00,0x00,0x00,0x00,0x00,0x00,0x00,0x00,0x00,0x00,
    0x00,0x00,0x00,0x00,0x00,0x00,0x00,0x00,0x00,0x00,0x00,0x00,0x00,0x00,0x00,0x00,
    0x00,0x00,0x00,0x00,0x00,0x00,0x00,0x00,0x00,0x00,0x00,0x00,0x00,0x00,0x00,0x00,
    0x00,0x00,0x00,0x00,0x00,0x00,0x00,0x00,0x00,0x00,0x00,0x00,0x00,0x00,0x00,0x00,
    0x00,0x00,0x00,0x00,0x00,0x00,0x00,0x00,0x00,0x00,0x00,0x00,0x00,0x00,0x00,0x00,
    0x00,0x00,0x00,0x00,0x00,0x00,0x00,0x00,0x00,0x00,0x00,0x00,0x00,0x00,0x00,0x00,
    0x00,0x00,0x00,0x00,0x00,0x00,0x00,0x00,0x00,0x00,0x00,0x00,0x00,0x00,0x00,0x00,
    0x00,0x00,0x00,0x00,0x00,0x00,0x00,0x00,0x00,0x00,0x00,0x00,0x00,0x00,0x00,0x00,
    0x00,0x00,0x00,0x00,0x00,0x00,0x00,0x00,0x00,0x00,0x00,0x00,0x00,0x00,0x00,0x00,
    0x00,0x00,0x00,0x00,0x00,0x00,0x00,0x00,0x00,0x00,0x00,0x00,0x00,0x00,0x00,0x00,
    0x00,0x00,0x00,0x00,0x00,0x00,0x00,0x00,0x00,0x00,0x00,0x00,0x00,0x00,0x00,0x00,
    0x00,0x00,0x00,0x00,0x00,0x00,0x00,0x00,0x00,0x00,0x00,0x00,0x00,0x00,0x00,0x00,
    0x00,0x00,0x00,0x00,0x00,0x00,0x00,0x00,0x00,0x00,0x00,0x00,0x00,0x00,0x00,0x00,
    0x00,0x00,0x00,0x00,0x00,0x00,0x00,0x00,0x00,0x00,0x00,0x00,0x00,0x00,0x00,0x00,
    0x00,0x00,0x00,0x00,0x00,0x00,0x00,0x00,0x00,0x00,0x00,0x00,0x00,0x00,0x00,0x00,
    0x00,0x00,0x00,0x00,0x00,0x00,0x00,0x00,0x00,0x00,0x00,0x00,0x00,0x00,0x00,0x00,
    0x00,0x00,0x00,0x00,0x00,0x00,0x00,0x00,0x00,0x00,0x00,0x00,0x00,0x00,0x00,0x00,
    0x00,0x00,0x00,0x00,0x00,0x00,0x00,0x00,0x00,0x00,0x00,0x00,0x00,0x00,0x00,0x00,
    0x00,0x00,0x00,0x00,0x00,0x00,0x00,0x00,0x00,0x00,0x00,0x00,0x00,0x00,0x00,0x00,
    0x00,0x00,0x00,0x00,0x00,0x00,0x00,0x00,0x00,0x00,0x00,0x00,0x00,0x00,0x00,0x00,
    0x00,0x00,0x00,0x00,0x00,0x00,0x00,0x00,0x00,0x00,0x00,0x00,0x00,0x00,0x00,0x00,
    0x00,0x00,0x00,0x00,0x00,0x00,0x00,0x00,0x00,0x00,0x00,0x00,0x00,0x00,0x00,0x00,
    0x00,0x00,0x00,0x00,0x00,0x00,0x00,0x00,0x00,0x00,0x00,0x00,0x00,0x00,0x00,0x00,
    0x00,0x00,0x00,0x00,0x00,0x00,0x00,0x00,0x00,0x00,0x00,0x00,0x00,0x00,0x00,0x00,
    0x00,0x00,0x00,0x00,0x00,0x00,0x00,0x00,0x00,0x00,0x00,0x00,0x00,0x00,0x00,0x00,
    0x00,0x00,0x00,0x00,0x00,0x00,0x00,0x00,0x00,0x00,0x00,0x00,0x00,0x00,0x00,0x00,
    0x00,0x00,0x00,0x00,0x00,0x00,0x00,0x00,0x00,0x00,0x00,0x00,0x00,0x00,0x00,0x00,
    0x00,0x00,0x00,0x00,0x00,0x00,0x00,0x00,0x00,0x00,0x00,0x00,0x00,0x00,0x00,0x00,
    0x00,0x00,0x00,0x00,0x00,0x00,0x00,0x00,0x00,0x00,0x00,0x00,0x00,0x00,0x00,0x00,
    0x00,0x00,0x00,0x00,0x00,0x00,0x00,0x00,0x00,0x00,0x00,0x00,0x00,0x00,0x00,0x00,
    0x00,0x00,0x00,0x00,0x00,0x00,0x00,0x00,0x00,0x00,0x00,0x00,0x00,0x00,0x00,0x00,
    0x00,0x00,0x00,0x00,0x00,0x00,0x00,0x00,0x00,0x00,0x00,0x00,0x00,0x00,0x00,0x00,
    0x00,0x00,0x00,0x00,0x00,0x00,0x00,0x00,0x00,0x00,0x00,0x00,0x00,0x00,0x00,0x00,
    0x00,0x00,0x00,0x00,0x00,0x00,0x00,0x00,0x00,0x00,0x00,0x00,0x00,0x00,0x00,0x00,
    0x00,0x00,0x00,0x00,0x00,0x00,0x00,0x00,0x00,0x00,0x00,0x00,0x00,0x00,0x00,0x00,
    0x00,0x00,0x00,0x00,0x00,0x00,0x00,0x00,0x00,0x00,0x00,0x00,0x00,0x00,0x00,0x00,
    0x00,0x00,0x00,0x00,0x00,0x00,0x00,0x00,0x00,0x00,0x00,0x00,0x00,0x00,0x00,0x00,
    0x00,0x00,0x00,0x00,0x00,0x00,0x00,0x00,0x00,0x00,0x00,0x00,0x00,0x00,0x00,0x00,
    0x00,0x00,0x00,0x00,0x00,0x00,0x00,0x00,0x00,0x00,0x00,0x00,0x00,0x00,0x00,0x00,
    0x00,0x00,0x00,0x00,0x00,0x00,0x00,0x00,0x00,0x00,0x00,0x00,0x00,0x00,0x00,0x00,
    0x00,0x00,0x00,0x00,0x00,0x00,0x00,0x00,0x00,0x00,0x00,0x00,0x00,0x00,0x00,0x00,
    0x00,0x00,0x00,0x00,0x00,0x00,0x00,0x00,0x00,0x00,0x00,0x00,0x00,0x00,0x00,0x00,
    0x00,0x00,0x00,0x00,0x00,0x00,0x00,0x00,0x00,0x00,0x00,0x00,0x00,0x00,0x00,0x00,
    0x00,0x00,0x00,0x00,0x00,0x00,0x00,0x00,0x00,0x00,0x00,0x00,0x00,0x00,0x00,0x00,
    0x00,0x00,0x00,0x00,0x00,0x00,0x00,0x00,0x00,0x00,0x00,0x00,0x00,0x00,0x00,0x00,
    0x00,0x00,0x00,0x00,0x00,0x00,0x00,0x00,0x00,0x00,0x00,0x00,0x00,0x00,0x00,0x00,
    0x00,0x00,0x00,0x00,0x00,0x00,0x00,0x00,0x00,0x00,0x00,0x00,0x00,0x00,0x00,0x00,
    0x00,0x00,0x00,0x00,0x00,0x00,0x00,0x00,0x00,0x00,0x00,0x00,0x00,0x00,0x00,0x00,
    0x00,0x00,0x00,0x00,0x00,0x00,0x00,0x00,0x00,0x00,0x00,0x00,0x00,0x00,0x00,0x00,
    0x00,0x00,0x00,0x00,0x00,0x00,0x00,0x00,0x00,0x00,0x00,0x00,0x00,0x00,0x00,0x00,
    0x00,0x00,0x00,0x00,0x00,0x00,0x00,0x00,0x00,0x00,0x00,0x00,0x00,0x00,0x00,0x00,
    0x00,0x00,0x00,0x00,0x00,0x00,0x00,0x00,0x00,0x00,0x00,0x00,0x00,0x00,0x00,0x00,
    0x00,0x00,0x00,0x00,0x00,0x00,0x00,0x00,0x00,0x00,0x00,0x00,0x00,0x00,0x00,0x00,
    0x00,0x00,0x00,0x00,0x00,0x00,0x00,0x00,0x00,0x00,0x00,0x00,0x00,0x00,0x00,0x00,
    0x00,0x00,0x00,0x00,0x00,0x00,0x00,0x00,0x00,0x00,0x00,0x00,0x00,0x00,0x00,0x00,
    0x00,0x00,0x00,0x00,0x00,0x00,0x00,0x00,0x00,0x00,0x00,0x00,0x00,0x00,0x00,0x00,
    0x00,0x00,0x00,0x00,0x00,0x00,0x00,0x00,0x00,0x00,0x00,0x00,0x00,0x00,0x00,0x00,
    0x00,0x00,0x00,0x00,0x00,0x00,0x00,0x00,0x00,0x00,0x00,0x00,0x00,0x00,0x00,0x00,
    0x00,0x00,0x00,0x00,0x00,0x00,0x00,0x00,0x00,0x00,0x00,0x00,0x00,0x00,0x00,0x00,
    0x00,0x00,0x00,0x00,0x00,0x00,0x00,0x00,0x00,0x00,0x00,0x00,0x00,0x00,0x00,0x00,
    0x00,0x00,0x00,0x00,0x00,0x00,0x00,0x00,0x00,0x00,0x00,0x00,0x00,0x00,0x00,0x00,
    0x00,0x00,0x00,0x00,0x00,0x00,0x00,0x00,0x00,0x00,0x00,0x00,0x00,0x00,0x00,0x00,
    0x00,0x00,0x00,0x00,0x00,0x00,0x00,0x00,0x00,0x00,0x00,0x00,0x00,0x00,0x00,0x00,
    0x00,0x00,0x00,0x00,0x00,0x00,0x00,0x00,0x00,0x00,0x00,0x00,0x00,0x00,0x00,0x00,
    0x00,0x00,0x00,0x00,0x00,0x00,0x00,0x00,0x00,0x00,0x00,0x00,0x00,0x00,0x00,0x00,
    0x00,0x00,0x00,0x00,0x00,0x00,0x00,0x00,0x00,0x00,0x00,0x00,0x00,0x00,0x00,0x00,
    0x00,0x00,0x00,0x00,0x00,0x00,0x00,0x00,0x00,0x00,0x00,0x00,0x00,0x00,0x00,0x00,
    0x00,0x00,0x00,0x00,0x00,0x00,0x00,0x00,0x00,0x00,0x00,0x00,0x00,0x00,0x00,0x00,
    0x00,0x00,0x00,0x00,0x00,0x00,0x00,0x00,0x00,0x00,0x00,0x00,0x00,0x00,0x00,0x00,
    0x00,0x00,0x00,0x00,0x00,0x00,0x00,0x00,0x00,0x00,0x00,0x00,0x00,0x00,0x00,0x00,
    0x00,0x00,0x00,0x00,0x00,0x00,0x00,0x00,0x00,0x00,0x00,0x00,0x00,0x00,0x00,0x00,
    0x00,0x00,0x00,0x00,0x00,0x00,0x00,0x00,0x00,0x00,0x00,0x00,0x00,0x00,0x00,0x00,
    0x00,0x00,0x00,0x00,0x00,0x00,0x00,0x00,0x00,0x00,0x00,0x00,0x00,0x00,0x00,0x00,
    0x00,0x00,0x00,0x00,0x00,0x00,0x00,0x00,0x00,0x00,0x00,0x00,0x00,0x00,0x00,0x00,
    0x00,0x00,0x00,0x00,0x00,0x00,0x00,0x00,0x00,0x00,0x00,0x00,0x00,0x00,0x00,0x00,
    0x00,0x00,0x00,0x00,0x00,0x00,0x00,0x00,0x00,0x00,0x00,0x00,0x00,0x00,0x00,0x00,
    0x00,0x00,0x00,0x00,0x00,0x00,0x00,0x00,0x00,0x00,0x00,0x00,0x00,0x00,0x00,0x00,
    0x00,0x00,0x00,0x00,0x00,0x00,0x00,0x00,0x00,0x00,0x00,0x00,0x00,0x00,0x00,0x00,
    0x00,0x00,0x00,0x00,0x00,0x00,0x00,0x00,0x00,0x00,0x00,0x00,0x00,0x00,0x00,0x00,
    0x00,0x00,0x00,0x00,0x00,0x00,0x00,0x00,0x00,0x00,0x00,0x00,0x00,0x00,0x00,0x00,
    0x00,0x00,0x00,0x00,0x00,0x00,0x00,0x00,0x00,0x00,0x00,0x00,0x00,0x00,0x00,0x00,
    0x00,0x00,0x00,0x00,0x00,0x00,0x00,0x00,0x00,0x00,0x00,0x00,0x00,0x00,0x00,0x00,
    0x00,0x00,0x00,0x00,0x00,0x00,0x00,0x00,0x00,0x00,0x00,0x00,0x00,0x00,0x00,0x00,
    0x00,0x00,0x00,0x00,0x00,0x00,0x00,0x00,0x00,0x00,0x00,0x00,0x00,0x00,0x00,0x00,
    0x00,0x00,0x00,0x00,0x00,0x00,0x00,0x00,0x00,0x00,0x00,0x00,0x00,0x00,0x00,0x00,
    0x00,0x00,0x00,0x00,0x00,0x00,0x00,0x00,0x00,0x00,0x00,0x00,0x00,0x00,0x00,0x00,
    0x00,0x00,0x00,0x00,0x00,0x00,0x00,0x00,0x00,0x00,0x00,0x00,0x00,0x00,0x00,0x00,
    0x00,0x00,0x00,0x00,0x00,0x00,0x00,0x00,0x00,0x00,0x00,0x00,0x00,0x00,0x00,0x00,
    0x00,0x00,0x00,0x00,0x00,0x00,0x00,0x00,0x00,0x00,0x00,0x00,0x00,0x00,0x00,0x00,
};

const lv_image_dsc_t ui_img_home_time_halo = {
    .header.magic = LV_IMAGE_HEADER_MAGIC,
    .header.cf = LV_COLOR_FORMAT_RGB565A8,
    .header.flags = 0,
    .header.w = 176,
    .header.h = 96,
    .header.stride = 352,
    .data_size = sizeof(ui_img_home_time_halo_data),
    .data = ui_img_home_time_halo_data,
};
