// Generated from ui_img_focus_mascot_finished.png; 88x110; LVGL 9 RGB565A8.
#include "../ui.h"

#ifndef LV_ATTRIBUTE_MEM_ALIGN
#define LV_ATTRIBUTE_MEM_ALIGN
#endif

const LV_ATTRIBUTE_MEM_ALIGN uint8_t ui_img_focus_mascot_finished_data[] = {
    0x00,0x00,0x00,0x00,0x00,0x00,0x00,0x00,0x00,0x00,0x00,0x00,0x00,0x00,0x00,0x00,
    0x00,0x00,0x00,0x00,0x00,0x00,0x00,0x00,0x00,0x00,0x00,0x00,0x00,0x00,0x00,0x00,
    0x00,0x00,0x00,0x00,0x00,0x00,0x00,0x00,0x00,0x00,0x00,0x00,0x00,0x00,0x00,0x00,
    0x00,0x00,0x6C,0xFE,0x6C,0xFE,0x6C,0xFE,0x6C,0xFE,0x6C,0xFE,0x6C,0xFE,0x6C,0xFE,
    0x6C,0xFE,0x6C,0xFE,0x6C,0xFE,0x6C,0xFE,0x6C,0xFE,0x6C,0xFE,0x6C,0xFE,0x6C,0xFE,
    0x6C,0xFE,0x6C,0xFE,0x51,0xDE,0x51,0xDE,0xEF,0xD5,0xAF,0xD5,0xD2,0xFE,0x6C,0xFE,
    0x6C,0xFE,0x8C,0xFE,0x6C,0xFE,0x6C,0xFE,0x6C,0xFE,0x6C,0xFE,0x6C,0xFE,0x6C,0xFE,
    0x6C,0xFE,0x6C,0xFE,0x6C,0xFE,0x6C,0xFE,0x6C,0xFE,0x00,0x00,0x00,0x00,0x00,0x00,
    0x00,0x00,0x00,0x00,0x00,0x00,0x00,0x00,0x00,0x00,0x00,0x00,0x00,0x00,0x00,0x00,
    0x00,0x00,0x00,0x00,0x00,0x00,0x00,0x00,0x00,0x00,0x00,0x00,0x00,0x00,0x00,0x00,
    0x00,0x00,0x00,0x00,0x00,0x00,0x00,0x00,0x00,0x00,0x00,0x00,0x00,0x00,0x00,0x00,
    0x00,0x00,0x00,0x00,0x00,0x00,0x00,0x00,0x00,0x00,0x00,0x00,0x00,0x00,0x00,0x00,
    0x00,0x00,0x00,0x00,0x00,0x00,0x00,0x00,0x00,0x00,0x00,0x00,0x00,0x00,0x00,0x00,
    0x00,0x00,0x00,0x00,0x00,0x00,0x00,0x00,0x00,0x00,0x00,0x00,0x00,0x00,0x6C,0xFE,
    0x6C,0xFE,0x6C,0xFE,0x6C,0xFE,0x6C,0xFE,0x6C,0xFE,0x6C,0xFE,0x6C,0xFE,0x6C,0xFE,
    0x6C,0xFE,0x6C,0xFE,0x6C,0xFE,0x6C,0xFE,0x6C,0xFE,0x6C,0xFE,0x0B,0xFE,0x6D,0xF6,
    0x2E,0xC5,0x8C,0xA4,0xB0,0xC5,0x6E,0xBD,0x6E,0xBD,0x4E,0xB5,0x93,0xE6,0x16,0xFF,
    0x92,0xF6,0x6C,0xFE,0x8D,0xFE,0x6C,0xFE,0x6C,0xFE,0x6C,0xFE,0x6C,0xFE,0x6C,0xFE,
    0x6C,0xFE,0x6C,0xFE,0x6C,0xFE,0x6C,0xFE,0x6C,0xFE,0x6C,0xFE,0x00,0x00,0x00,0x00,
    0x00,0x00,0x00,0x00,0x00,0x00,0x00,0x00,0x00,0x00,0x00,0x00,0x00,0x00,0x00,0x00,
    0x00,0x00,0x00,0x00,0x00,0x00,0x00,0x00,0x00,0x00,0x00,0x00,0x00,0x00,0x00,0x00,
    0x00,0x00,0x00,0x00,0x00,0x00,0x00,0x00,0x00,0x00,0x00,0x00,0x00,0x00,0x00,0x00,
    0x00,0x00,0x00,0x00,0x00,0x00,0x00,0x00,0x00,0x00,0x00,0x00,0x00,0x00,0x00,0x00,
    0x00,0x00,0x00,0x00,0x00,0x00,0x00,0x00,0x00,0x00,0x00,0x00,0x00,0x00,0x00,0x00,
    0x00,0x00,0x00,0x00,0x00,0x00,0x00,0x00,0x6C,0xFE,0x6C,0xFE,0x6C,0xFE,0x6C,0xFE,
    0x6C,0xFE,0x6C,0xFE,0x6C,0xFE,0x6C,0xFE,0x6C,0xFE,0x6C,0xFE,0x6C,0xFE,0x6C,0xFE,
    0x6C,0xFE,0x6C,0xFE,0x6C,0xFE,0x6C,0xFE,0x6C,0xFE,0x6C,0xFE,0x6C,0xFE,0xEE,0xED,
    0x4E,0xC5,0x51,0xDE,0xD4,0xFE,0x11,0xDE,0x6E,0xC5,0x2E,0xBD,0x92,0xDE,0x56,0xF7,
    0x58,0xFF,0x94,0xF6,0x6C,0xFE,0x6C,0xFE,0x2B,0xFE,0x6C,0xFE,0x6C,0xFE,0x6C,0xFE,
    0x6C,0xFE,0x6C,0xFE,0x6C,0xFE,0x6C,0xFE,0x6C,0xFE,0x6C,0xFE,0x6C,0xFE,0x00,0x00,
    0x00,0x00,0x00,0x00,0x00,0x00,0x00,0x00,0x00,0x00,0x00,0x00,0x00,0x00,0x00,0x00,
    0x00,0x00,0x00,0x00,0x00,0x00,0x00,0x00,0x00,0x00,0x00,0x00,0x00,0x00,0x00,0x00,
    0x00,0x00,0x00,0x00,0x00,0x00,0x00,0x00,0x00,0x00,0x00,0x00,0x00,0x00,0x00,0x00,
    0x00,0x00,0x00,0x00,0x00,0x00,0x00,0x00,0x00,0x00,0x00,0x00,0x00,0x00,0x00,0x00,
    0x00,0x00,0x00,0x00,0x00,0x00,0x00,0x00,0x00,0x00,0x00,0x00,0x00,0x00,0x00,0x00,
    0x00,0x00,0x00,0x00,0x00,0x00,0x6C,0xFE,0x6C,0xFE,0x6C,0xFE,0x6C,0xFE,0x6C,0xFE,
    0x6C,0xFE,0x6C,0xFE,0x6C,0xFE,0x6C,0xFE,0x6C,0xFE,0x6C,0xFE,0x6C,0xFE,0x6C,0xFE,
    0x6C,0xFE,0x6C,0xFE,0x6C,0xFE,0x6C,0xFE,0x6C,0xFE,0x6C,0xFE,0x6C,0xFE,0x6C,0xFE,
    0x6C,0xFE,0x6C,0xFE,0x6C,0xFE,0x6C,0xFE,0x6C,0xFE,0xD0,0xD5,0x8F,0xC5,0x71,0xDE,
    0x92,0xDE,0x78,0xFF,0xF1,0xE5,0x4B,0xF6,0x4C,0xF6,0x6C,0xFE,0x6C,0xFE,0x6C,0xFE,
    0x6C,0xFE,0x6C,0xFE,0x6C,0xFE,0x6C,0xFE,0x6C,0xFE,0x6C,0xFE,0x6C,0xFE,0x00,0x00,
    0x00,0x00,0x00,0x00,0x00,0x00,0x00,0x00,0x00,0x00,0x00,0x00,0x00,0x00,0x00,0x00,
    0x00,0x00,0x00,0x00,0x00,0x00,0x00,0x00,0x00,0x00,0x00,0x00,0x00,0x00,0x00,0x00,
    0x00,0x00,0x00,0x00,0x00,0x00,0x00,0x00,0x00,0x00,0x00,0x00,0x00,0x00,0x00,0x00,
    0x00,0x00,0x00,0x00,0x00,0x00,0x00,0x00,0x00,0x00,0x00,0x00,0x00,0x00,0x00,0x00,
    0x00,0x00,0x00,0x00,0x00,0x00,0x00,0x00,0x00,0x00,0x00,0x00,0x00,0x00,0x00,0x00,
    0x00,0x00,0x00,0x00,0x6C,0xFE,0x6C,0xFE,0x6C,0xFE,0x6C,0xFE,0x6C,0xFE,0x6C,0xFE,
    0x6C,0xFE,0x6C,0xFE,0x6C,0xFE,0x6C,0xFE,0x6C,0xFE,0x6C,0xFE,0x6C,0xFE,0x6C,0xFE,
    0x6C,0xFE,0x6C,0xFE,0x6C,0xFE,0x6C,0xFE,0x6C,0xFE,0x6C,0xFE,0x6C,0xFE,0x6C,0xFE,
    0x4C,0xF6,0x4C,0xF6,0x4C,0xFE,0x4C,0xFE,0x4C,0xF6,0x6C,0xFE,0x6E,0xBD,0x10,0xCE,
    0x71,0xDE,0x92,0xDE,0x16,0xF7,0x6F,0xD5,0x6C,0xFE,0x4C,0xF6,0x6C,0xFE,0x6C,0xFE,
    0x6C,0xFE,0x6C,0xFE,0x6C,0xFE,0x6C,0xFE,0x6C,0xFE,0x6C,0xFE,0x6C,0xFE,0x6C,0xFE,
    0x00,0x00,0x00,0x00,0x00,0x00,0x00,0x00,0x00,0x00,0x00,0x00,0x00,0x00,0x00,0x00,
    0x00,0x00,0x00,0x00,0x00,0x00,0x00,0x00,0x00,0x00,0x00,0x00,0x00,0x00,0x00,0x00,
    0x00,0x00,0x00,0x00,0x00,0x00,0x00,0x00,0x00,0x00,0x00,0x00,0x00,0x00,0x00,0x00,
    0x00,0x00,0x00,0x00,0x00,0x00,0x00,0x00,0x00,0x00,0x00,0x00,0x00,0x00,0x00,0x00,
    0x00,0x00,0x00,0x00,0x00,0x00,0x00,0x00,0x00,0x00,0x00,0x00,0x00,0x00,0x00,0x00,
    0x6C,0xFE,0x6C,0xFE,0x6C,0xFE,0x6C,0xFE,0x6C,0xFE,0x6C,0xFE,0x6C,0xFE,0x6C,0xFE,
    0x6C,0xFE,0x6C,0xFE,0x6C,0xFE,0x6C,0xFE,0x6C,0xFE,0x6C,0xFE,0x6C,0xFE,0x6C,0xFE,
    0x6C,0xFE,0x6C,0xFE,0x6C,0xFE,0x6C,0xFE,0x6C,0xFE,0x6C,0xFE,0x6C,0xFE,0x6C,0xFE,
    0x6C,0xFE,0x6C,0xFE,0x6C,0xFE,0x6C,0xFE,0x6D,0xFE,0x2C,0xF6,0x6E,0xFE,0xAF,0xC5,
    0xD3,0xEE,0x51,0xD6,0xF4,0xEE,0xB0,0xD5,0x8D,0xFE,0x2C,0xFE,0x2C,0xF6,0x6C,0xFE,
    0x6C,0xFE,0x6C,0xFE,0x6C,0xFE,0x6C,0xFE,0x6C,0xFE,0x6C,0xFE,0x6C,0xFE,0x6C,0xFE,
    0x6C,0xFE,0x00,0x00,0x00,0x00,0x00,0x00,0x00,0x00,0x00,0x00,0x00,0x00,0x00,0x00,
    0x00,0x00,0x00,0x00,0x00,0x00,0x00,0x00,0x00,0x00,0x00,0x00,0x00,0x00,0x00,0x00,
    0x00,0x00,0x00,0x00,0x00,0x00,0x00,0x00,0x00,0x00,0x00,0x00,0x00,0x00,0x00,0x00,
    0x00,0x00,0x00,0x00,0x00,0x00,0x00,0x00,0x00,0x00,0x00,0x00,0x00,0x00,0x00,0x00,
    0x00,0x00,0x00,0x00,0x00,0x00,0x00,0x00,0x00,0x00,0x00,0x00,0x00,0x00,0x6C,0xFE,
    0x6C,0xFE,0x6C,0xFE,0x6C,0xFE,0x6C,0xFE,0x6C,0xFE,0x6C,0xFE,0x6C,0xFE,0x6C,0xFE,
    0x6C,0xFE,0x6C,0xFE,0x6C,0xFE,0x6C,0xFE,0x6C,0xFE,0x6C,0xFE,0x6C,0xFE,0x6C,0xFE,
    0x6C,0xFE,0x8D,0xFE,0x0C,0xFE,0x0C,0xFE,0x2C,0xFE,0x6D,0xFE,0x6D,0xFE,0x6D,0xFE,
    0x6D,0xFE,0x8D,0xFE,0x6C,0xFE,0x6C,0xFE,0x4C,0xFE,0x6C,0xFE,0x6C,0xFE,0xF0,0xCD,
    0xB3,0xE6,0x11,0xCE,0x52,0xD6,0x4F,0xC5,0x8E,0xFE,0x6C,0xFE,0x8C,0xFE,0x6C,0xFE,
    0x6C,0xFE,0x6C,0xFE,0x6C,0xFE,0x6C,0xFE,0x6C,0xFE,0x6C,0xFE,0x6C,0xFE,0x6C,0xFE,
    0x6C,0xFE,0x6C,0xFE,0x00,0x00,0x00,0x00,0x00,0x00,0x00,0x00,0x00,0x00,0x00,0x00,
    0x00,0x00,0x00,0x00,0x00,0x00,0x00,0x00,0x00,0x00,0x00,0x00,0x00,0x00,0x00,0x00,
    0x00,0x00,0x00,0x00,0x00,0x00,0x00,0x00,0x00,0x00,0x00,0x00,0x00,0x00,0x00,0x00,
    0x00,0x00,0x00,0x00,0x00,0x00,0x00,0x00,0x00,0x00,0x00,0x00,0x00,0x00,0x00,0x00,
    0x00,0x00,0x00,0x00,0x00,0x00,0x00,0x00,0x00,0x00,0x00,0x00,0x6C,0xFE,0x6C,0xFE,
    0x6C,0xFE,0x6C,0xFE,0x6C,0xFE,0x6C,0xFE,0x6C,0xFE,0x6C,0xFE,0x6C,0xFE,0x6C,0xFE,
    0x6C,0xFE,0x6C,0xFE,0x6C,0xFE,0x6C,0xFE,0x6C,0xFE,0x6C,0xFE,0x8D,0xFE,0x0C,0xFE,
    0x4C,0xFE,0x6C,0xFE,0x6C,0xFE,0x6C,0xFE,0x6C,0xFE,0x6C,0xFE,0x6C,0xFE,0x6C,0xFE,
    0x6C,0xFE,0x6C,0xFE,0x6C,0xFE,0x6C,0xFE,0x6C,0xFE,0x6C,0xFE,0x4C,0xFE,0x8F,0xC5,
    0x10,0xCE,0x11,0xC6,0x51,0xD6,0x4E,0xBD,0x6C,0xFE,0x4B,0xFE,0x6C,0xFE,0x6C,0xFE,
    0x6C,0xFE,0x6C,0xFE,0x6C,0xFE,0x6C,0xFE,0x6C,0xFE,0x6C,0xFE,0x6C,0xFE,0x6C,0xFE,
    0x6C,0xFE,0x6C,0xFE,0x6C,0xFE,0x00,0x00,0x00,0x00,0x00,0x00,0x00,0x00,0x00,0x00,
    0x00,0x00,0x00,0x00,0x00,0x00,0x00,0x00,0x00,0x00,0x00,0x00,0x00,0x00,0x00,0x00,
    0x00,0x00,0x00,0x00,0x00,0x00,0x00,0x00,0x00,0x00,0x00,0x00,0x00,0x00,0x00,0x00,
    0x00,0x00,0x00,0x00,0x00,0x00,0x00,0x00,0x00,0x00,0x00,0x00,0x00,0x00,0x00,0x00,
    0x00,0x00,0x00,0x00,0x00,0x00,0x00,0x00,0x00,0x00,0x6C,0xFE,0x6C,0xFE,0x6C,0xFE,
    0x6C,0xFE,0x6C,0xFE,0x6C,0xFE,0x6C,0xFE,0x6C,0xFE,0x6C,0xFE,0x6C,0xFE,0x6C,0xFE,
    0x6C,0xFE,0x6C,0xFE,0x6C,0xFE,0x6C,0xFE,0x4C,0xF6,0x4B,0xFE,0x6C,0xFE,0x6C,0xFE,
    0x6C,0xFE,0x2A,0xCD,0x8A,0xB4,0x8B,0xB4,0xED,0xBC,0x2E,0xC5,0x6F,0xC5,0x90,0xCD,
    0xF0,0xDD,0x92,0xEE,0xB3,0xF6,0x0F,0xE6,0x0E,0xEE,0xEC,0xED,0x6C,0xFE,0x0D,0xB5,
    0x11,0xCE,0xF0,0xC5,0x6E,0xBD,0xCD,0xDD,0x4C,0xFE,0x4C,0xFE,0x6C,0xFE,0x6C,0xFE,
    0x6C,0xFE,0x6C,0xFE,0x6C,0xFE,0x6C,0xFE,0x6C,0xFE,0x6C,0xFE,0x6C,0xFE,0x6C,0xFE,
    0x6C,0xFE,0x6C,0xFE,0x6C,0xFE,0x6C,0xFE,0x00,0x00,0x00,0x00,0x00,0x00,0x00,0x00,
    0x00,0x00,0x00,0x00,0x00,0x00,0x00,0x00,0x00,0x00,0x00,0x00,0x00,0x00,0x00,0x00,
    0x00,0x00,0x00,0x00,0x00,0x00,0x00,0x00,0x00,0x00,0x00,0x00,0x00,0x00,0x00,0x00,
    0x00,0x00,0x00,0x00,0x00,0x00,0x00,0x00,0x00,0x00,0x00,0x00,0x00,0x00,0x00,0x00,
    0x00,0x00,0x00,0x00,0x00,0x00,0x00,0x00,0x6C,0xFE,0x6C,0xFE,0x6C,0xFE,0x6C,0xFE,
    0x6C,0xFE,0x6C,0xFE,0x6C,0xFE,0x6C,0xFE,0x6C,0xFE,0x6C,0xFE,0x6C,0xFE,0x6C,0xFE,
    0x6C,0xFE,0x6C,0xFE,0x4C,0xF6,0x4C,0xFE,0x6C,0xFE,0x6C,0xFE,0xC9,0xCC,0x6B,0xB4,
    0xEE,0xBC,0xD3,0xD5,0x54,0xDE,0xF7,0xEE,0x78,0xFF,0x98,0xFF,0x98,0xFF,0xB8,0xFF,
    0xD9,0xFF,0xB8,0xFF,0x77,0xFF,0x16,0xF7,0xB4,0xE6,0x95,0xE6,0x50,0xC5,0x6F,0xB5,
    0x72,0xD6,0x6E,0xBD,0x2D,0xC5,0x6C,0xFE,0x6C,0xFE,0x6C,0xFE,0x6D,0xFE,0x6C,0xFE,
    0x6C,0xFE,0x6C,0xFE,0x6C,0xFE,0x6C,0xFE,0x6C,0xFE,0x6C,0xFE,0x6C,0xFE,0x6C,0xFE,
    0x6C,0xFE,0x6C,0xFE,0x6C,0xFE,0x6C,0xFE,0x6C,0xFE,0x00,0x00,0x00,0x00,0x00,0x00,
    0x00,0x00,0x00,0x00,0x00,0x00,0x00,0x00,0x00,0x00,0x00,0x00,0x00,0x00,0x00,0x00,
    0x00,0x00,0x00,0x00,0x00,0x00,0x00,0x00,0x00,0x00,0x00,0x00,0x00,0x00,0x00,0x00,
    0x00,0x00,0x00,0x00,0x00,0x00,0x00,0x00,0x00,0x00,0x00,0x00,0x00,0x00,0x00,0x00,
    0x00,0x00,0x00,0x00,0x00,0x00,0x6C,0xFE,0x6C,0xFE,0x6C,0xFE,0x6C,0xFE,0x6C,0xFE,
    0x6C,0xFE,0x6C,0xFE,0x6C,0xFE,0x6C,0xFE,0x6C,0xFE,0x6C,0xFE,0x6C,0xFE,0x6C,0xFE,
    0x8C,0xFE,0x6C,0xFE,0x6C,0xFE,0x6C,0xFE,0xEB,0xCC,0x0E,0xC5,0xF2,0xD5,0xF6,0xEE,
    0x77,0xFF,0x77,0xF7,0x15,0xEF,0x93,0xDE,0xEF,0xCD,0xEF,0xCD,0xB3,0xEE,0x51,0xDE,
    0x10,0xD6,0x31,0xD6,0x72,0xDE,0xAF,0xC5,0x6D,0xB5,0x31,0xD6,0x95,0xDE,0xF0,0xCD,
    0xB0,0xC5,0x90,0xCD,0xF0,0xE5,0x4B,0xDD,0xEB,0xF5,0x6C,0xFE,0x6C,0xFE,0x4C,0xFE,
    0x6C,0xFE,0x6C,0xFE,0x6C,0xFE,0x6C,0xFE,0x6C,0xFE,0x6C,0xFE,0x6C,0xFE,0x6C,0xFE,
    0x6C,0xFE,0x6C,0xFE,0x6C,0xFE,0x6C,0xFE,0x6C,0xFE,0x6C,0xFE,0x00,0x00,0x00,0x00,
    0x00,0x00,0x00,0x00,0x00,0x00,0x00,0x00,0x00,0x00,0x00,0x00,0x00,0x00,0x00,0x00,
    0x00,0x00,0x00,0x00,0x00,0x00,0x00,0x00,0x00,0x00,0x00,0x00,0x00,0x00,0x00,0x00,
    0x00,0x00,0x00,0x00,0x00,0x00,0x00,0x00,0x00,0x00,0x00,0x00,0x00,0x00,0x00,0x00,
    0x00,0x00,0x00,0x00,0x6C,0xFE,0x6C,0xFE,0x6C,0xFE,0x6C,0xFE,0x6C,0xFE,0x6C,0xFE,
    0x6C,0xFE,0x6C,0xFE,0x6C,0xFE,0x6C,0xFE,0x6C,0xFE,0x6C,0xFE,0x6C,0xFE,0x4C,0xF6,
    0x6C,0xFE,0x6C,0xFE,0x4C,0xD5,0x4F,0xD5,0x95,0xE6,0xB9,0xFF,0x35,0xF7,0xB3,0xE6,
    0x72,0xDE,0x51,0xD6,0x31,0xD6,0x11,0xCE,0x31,0xD6,0x52,0xDE,0xB3,0xE6,0x51,0xDE,
    0x51,0xDE,0x71,0xDE,0x72,0xE6,0x72,0xDE,0xAF,0xBD,0x0D,0xAD,0x6B,0x94,0xED,0xA4,
    0x11,0xD6,0x78,0xFF,0xB9,0xFF,0xF6,0xF6,0x32,0xEE,0x0F,0xEE,0x6D,0xFE,0x6C,0xFE,
    0x2C,0xFE,0x8C,0xFE,0x6C,0xFE,0x6C,0xFE,0x6C,0xFE,0x6C,0xFE,0x6C,0xFE,0x6C,0xFE,
    0x6C,0xFE,0x6C,0xFE,0x6C,0xFE,0x6C,0xFE,0x6C,0xFE,0x6C,0xFE,0x6C,0xFE,0x00,0x00,
    0x00,0x00,0x00,0x00,0x00,0x00,0x00,0x00,0x00,0x00,0x00,0x00,0x00,0x00,0x00,0x00,
    0x00,0x00,0x00,0x00,0x00,0x00,0x00,0x00,0x00,0x00,0x00,0x00,0x00,0x00,0x00,0x00,
    0x00,0x00,0x00,0x00,0x00,0x00,0x00,0x00,0x00,0x00,0x00,0x00,0x00,0x00,0x00,0x00,
    0x00,0x00,0x6C,0xFE,0x6C,0xFE,0x6C,0xFE,0x6C,0xFE,0x6C,0xFE,0x6C,0xFE,0x6C,0xFE,
    0x6C,0xFE,0x6C,0xFE,0x6C,0xFE,0x6C,0xFE,0x6C,0xFE,0x6C,0xFE,0x2B,0xFE,0x6C,0xFE,
    0xCC,0xED,0x6E,0xD5,0x94,0xEE,0xFB,0xFF,0xD8,0xFF,0x71,0xDE,0x51,0xD6,0x72,0xDE,
    0x72,0xD6,0x72,0xD6,0x73,0xDE,0x93,0xDE,0x73,0xDE,0x31,0xCE,0xF0,0xCD,0xF0,0xCD,
    0xAE,0xC5,0xEC,0xAC,0xAC,0xA4,0x8F,0xBD,0xF0,0xCD,0x8C,0x9C,0xAC,0x9C,0xF0,0xCD,
    0xB3,0xE6,0x11,0xD6,0x10,0xD6,0x93,0xE6,0x58,0xFF,0x9A,0xFF,0x12,0xEE,0xE8,0xDC,
    0x6C,0xFE,0x6C,0xFE,0x4C,0xFE,0x6C,0xFE,0x6C,0xFE,0x6C,0xFE,0x6C,0xFE,0x6C,0xFE,
    0x6C,0xFE,0x6C,0xFE,0x6C,0xFE,0x6C,0xFE,0x6C,0xFE,0x6C,0xFE,0x6C,0xFE,0x6C,0xFE,
    0x00,0x00,0x00,0x00,0x00,0x00,0x00,0x00,0x00,0x00,0x00,0x00,0x00,0x00,0x00,0x00,
    0x00,0x00,0x00,0x00,0x00,0x00,0x00,0x00,0x00,0x00,0x00,0x00,0x00,0x00,0x00,0x00,
    0x00,0x00,0x00,0x00,0x00,0x00,0x00,0x00,0x00,0x00,0x00,0x00,0x00,0x00,0x00,0x00,
    0x00,0x00,0x6C,0xFE,0x6C,0xFE,0x6C,0xFE,0x6C,0xFE,0x6C,0xFE,0x6C,0xFE,0x6C,0xFE,
    0x6C,0xFE,0x6C,0xFE,0x6C,0xFE,0x6C,0xFE,0x6C,0xFE,0x6C,0xFE,0x6C,0xFE,0x4C,0xD5,
    0xD0,0xDD,0xB8,0xFF,0xFB,0xFF,0xD9,0xFF,0xB3,0xE6,0x93,0xDE,0x72,0xDE,0x72,0xDE,
    0x93,0xDE,0xB3,0xDE,0x93,0xDE,0x72,0xD6,0x72,0xDE,0x72,0xD6,0xAF,0xBD,0xF0,0xCD,
    0x8F,0xBD,0x6E,0xB5,0xD0,0xC5,0x52,0xDE,0x72,0xDE,0x11,0xD6,0x30,0xD6,0x71,0xDE,
    0xCF,0xCD,0xEC,0xAC,0xD0,0xCD,0x72,0xE6,0xF5,0xF6,0x78,0xFF,0xFD,0xFF,0x74,0xEE,
    0xCB,0xCC,0x4C,0xFE,0x6C,0xFE,0x2C,0xFE,0x6C,0xFE,0x6C,0xFE,0x6C,0xFE,0x6C,0xFE,
    0x6C,0xFE,0x6C,0xFE,0x6C,0xFE,0x6C,0xFE,0x6C,0xFE,0x6C,0xFE,0x6C,0xFE,0x6C,0xFE,
    0x6C,0xFE,0x00,0x00,0x00,0x00,0x00,0x00,0x00,0x00,0x70,0xFF,0x00,0x00,0x00,0x00,
    0x00,0x00,0x00,0x00,0x00,0x00,0x00,0x00,0x00,0x00,0x00,0x00,0x00,0x00,0x00,0x00,
    0x00,0x00,0x00,0x00,0x00,0x00,0x00,0x00,0x00,0x00,0x00,0x00,0x00,0x00,0x00,0x00,
    0x6C,0xFE,0x6C,0xFE,0x6C,0xFE,0x6C,0xFE,0x6C,0xFE,0x6C,0xFE,0x6C,0xFE,0x6C,0xFE,
    0x6C,0xFE,0x6C,0xFE,0x6C,0xFE,0x6C,0xFE,0x6C,0xFE,0x6C,0xFE,0xEB,0xC4,0x73,0xEE,
    0xF9,0xFF,0x56,0xF7,0x77,0xFF,0x36,0xF7,0xD4,0xE6,0x72,0xDE,0x72,0xDE,0xB3,0xDE,
    0x93,0xDE,0xB3,0xDE,0x93,0xDE,0x93,0xDE,0x31,0xD6,0xD0,0xC5,0xF0,0xC5,0x72,0xD6,
    0x72,0xDE,0xD3,0xE6,0x92,0xDE,0xF4,0xEE,0x56,0xFF,0x76,0xFF,0xB3,0xE6,0x31,0xDE,
    0x10,0xD6,0x51,0xDE,0xF4,0xF6,0x35,0xFF,0x36,0xFF,0xD4,0xF6,0x56,0xFF,0xFD,0xFF,
    0xBB,0xFF,0xB0,0xDD,0x4B,0xDD,0x6C,0xFE,0x6C,0xFE,0x6C,0xFE,0x6C,0xFE,0x6C,0xFE,
    0x6C,0xFE,0x6C,0xFE,0x6C,0xFE,0x6C,0xFE,0x6C,0xFE,0x6C,0xFE,0x6C,0xFE,0x6C,0xFE,
    0x6C,0xFE,0x00,0x00,0x00,0x00,0x00,0x00,0x70,0xFF,0x70,0xFF,0x00,0x00,0x00,0x00,
    0x00,0x00,0x00,0x00,0x00,0x00,0x00,0x00,0x00,0x00,0x00,0x00,0x00,0x00,0x00,0x00,
    0x00,0x00,0x00,0x00,0x00,0x00,0x00,0x00,0x00,0x00,0x00,0x00,0x00,0x00,0x6C,0xFE,
    0x6C,0xFE,0x6C,0xFE,0x6C,0xFE,0x6C,0xFE,0x6C,0xFE,0x6C,0xFE,0x6C,0xFE,0x6C,0xFE,
    0x6C,0xFE,0x6C,0xFE,0x6C,0xFE,0x2C,0xF6,0x6C,0xFE,0xAB,0xC4,0x93,0xE6,0x55,0xEF,
    0x51,0xD6,0xF4,0xEE,0x56,0xF7,0x16,0xF7,0x72,0xDE,0x72,0xDE,0xD4,0xE6,0x93,0xDE,
    0x93,0xDE,0x93,0xDE,0x93,0xDE,0x11,0xCE,0x11,0xCE,0x72,0xDE,0xB3,0xDE,0x72,0xD6,
    0x72,0xDE,0x52,0xD6,0x51,0xD6,0xB2,0xE6,0xD0,0xC5,0xEC,0xA4,0x11,0xD6,0x72,0xE6,
    0x71,0xE6,0x92,0xE6,0x51,0xDE,0x4E,0xBD,0xB0,0xCD,0xB4,0xEE,0xB2,0xF6,0xB1,0xF6,
    0xB9,0xFF,0xFF,0xFF,0x75,0xEE,0x2B,0xDD,0x6C,0xFE,0x2C,0xFE,0x6C,0xFE,0x6C,0xFE,
    0x6C,0xFE,0x6C,0xFE,0x6C,0xFE,0x6C,0xFE,0x6C,0xFE,0x6C,0xFE,0x6C,0xFE,0x6C,0xFE,
    0x6C,0xFE,0x6C,0xFE,0x00,0x00,0x00,0x00,0x70,0xFF,0x70,0xFF,0x70,0xFF,0x00,0x00,
    0x00,0x00,0x00,0x00,0x00,0x00,0x00,0x00,0x00,0x00,0x00,0x00,0x00,0x00,0x00,0x00,
    0x00,0x00,0x00,0x00,0x00,0x00,0x00,0x00,0x00,0x00,0x00,0x00,0x00,0x00,0x6C,0xFE,
    0x6C,0xFE,0x6C,0xFE,0x6C,0xFE,0x6C,0xFE,0x6C,0xFE,0x6C,0xFE,0x6C,0xFE,0x6C,0xFE,
    0x6C,0xFE,0x6C,0xFE,0x4B,0xFE,0x6C,0xFE,0x8A,0xB4,0x73,0xE6,0xD4,0xE6,0x10,0xC6,
    0xB3,0xDE,0x15,0xF7,0xB3,0xE6,0x71,0xDE,0xF3,0xF6,0xF4,0xEE,0xB3,0xDE,0x93,0xDE,
    0x93,0xDE,0x72,0xDE,0xAF,0xBD,0x11,0xCE,0xB3,0xDE,0x93,0xDE,0x72,0xD6,0x73,0xDE,
    0x72,0xD6,0x72,0xDE,0x92,0xDE,0x6B,0x94,0x6B,0x94,0xAF,0xBD,0x93,0xE6,0x92,0xE6,
    0x92,0xE6,0xF5,0xF6,0xD4,0xEE,0x73,0xE6,0x11,0xD6,0x8E,0xC5,0x71,0xE6,0xD3,0xF6,
    0xF3,0xF6,0x56,0xFF,0xFF,0xFF,0xD6,0xF6,0x2B,0xDD,0x6C,0xFE,0x2C,0xFE,0x6C,0xFE,
    0x6C,0xFE,0x6C,0xFE,0x6C,0xFE,0x6C,0xFE,0x6C,0xFE,0x6C,0xFE,0x6C,0xFE,0x6C,0xFE,
    0x6C,0xFE,0x6C,0xFE,0x6C,0xFE,0x70,0xFF,0x70,0xFF,0x70,0xFF,0x70,0xFF,0x00,0x00,
    0x00,0x00,0x00,0x00,0x00,0x00,0x00,0x00,0x00,0x00,0x00,0x00,0x00,0x00,0x00,0x00,
    0x00,0x00,0x00,0x00,0x00,0x00,0x00,0x00,0x00,0x00,0x00,0x00,0x6C,0xFE,0x6C,0xFE,
    0x6C,0xFE,0x6C,0xFE,0x6C,0xFE,0x6C,0xFE,0x6C,0xFE,0x6C,0xFE,0x6C,0xFE,0x6C,0xFE,
    0x6C,0xFE,0x4B,0xFE,0x6C,0xFE,0xAB,0xBC,0x11,0xDE,0x93,0xDE,0xF0,0xC5,0x51,0xCE,
    0xB3,0xDE,0x92,0xDE,0x71,0xDE,0xB3,0xE6,0xD3,0xEE,0xD4,0xE6,0x93,0xDE,0xB4,0xDE,
    0x93,0xDE,0xAF,0xBD,0x52,0xD6,0xB3,0xDE,0xB3,0xDE,0xB3,0xDE,0x93,0xDE,0x73,0xDE,
    0x72,0xD6,0x72,0xDE,0x6B,0x94,0x4E,0xB5,0xD3,0xE6,0xD3,0xE6,0xF4,0xEE,0x10,0xCE,
    0x10,0xD6,0x92,0xE6,0xF4,0xEE,0xD4,0xEE,0xB3,0xEE,0xB3,0xEE,0x92,0xE6,0xB3,0xEE,
    0xD4,0xF6,0xB3,0xF6,0x76,0xFF,0xFF,0xFF,0xF6,0xF6,0x2B,0xDD,0x6C,0xFE,0x6C,0xFE,
    0x6C,0xFE,0x6C,0xFE,0x6C,0xFE,0x6C,0xFE,0x6C,0xFE,0x6C,0xFE,0x6C,0xFE,0x6C,0xFE,
    0x6C,0xFE,0x6C,0xFE,0x70,0xFF,0x70,0xFF,0x70,0xFF,0x70,0xFF,0x70,0xFF,0x70,0xFF,
    0x70,0xFF,0x00,0x00,0x00,0x00,0x00,0x00,0x00,0x00,0x00,0x00,0x00,0x00,0x00,0x00,
    0x00,0x00,0x00,0x00,0x00,0x00,0x00,0x00,0x00,0x00,0x00,0x00,0x6C,0xFE,0x6C,0xFE,
    0x6C,0xFE,0x6C,0xFE,0x6C,0xFE,0x6C,0xFE,0x6C,0xFE,0x6C,0xFE,0x6C,0xFE,0x6C,0xFE,
    0x4C,0xF6,0x6C,0xFE,0xEC,0xBC,0x6F,0xCD,0x92,0xDE,0xF0,0xC5,0x31,0xCE,0x31,0xCE,
    0x72,0xD6,0x72,0xDE,0x93,0xDE,0xB2,0xDE,0x92,0xDE,0xD4,0xE6,0xD4,0xE6,0xB4,0xDE,
    0xF0,0xC5,0x72,0xD6,0xB3,0xDE,0x93,0xDE,0xB4,0xE6,0xB4,0xE6,0xB3,0xDE,0x92,0xDE,
    0x92,0xDE,0xED,0xA4,0xF1,0xC5,0xF4,0xEE,0x72,0xDE,0x72,0xDE,0x51,0xD6,0x30,0xD6,
    0x30,0xD6,0x92,0xE6,0x51,0xDE,0xB3,0xE6,0x72,0xDE,0x71,0xDE,0xD4,0xEE,0xF6,0xEE,
    0x52,0xE6,0xD3,0xF6,0x35,0xFF,0xB9,0xFF,0xFF,0xFF,0xD6,0xF6,0x6C,0xDD,0x6C,0xFE,
    0x2C,0xFE,0x6C,0xFE,0x6C,0xFE,0x6C,0xFE,0x6C,0xFE,0x6C,0xFE,0x6C,0xFE,0x6C,0xFE,
    0x70,0xFF,0x70,0xFF,0x70,0xFF,0x70,0xFF,0x70,0xFF,0x70,0xFF,0x70,0xFF,0x70,0xFF,
    0x70,0xFF,0x70,0xFF,0x70,0xFF,0x00,0x00,0x00,0x00,0x00,0x00,0x00,0x00,0x00,0x00,
    0x00,0x00,0x00,0x00,0x00,0x00,0x00,0x00,0x00,0x00,0x6C,0xFE,0x6C,0xFE,0x6C,0xFE,
    0x6C,0xFE,0x6C,0xFE,0x6C,0xFE,0x6C,0xFE,0x6C,0xFE,0x6C,0xFE,0x6C,0xFE,0x8C,0xFE,
    0x4B,0xFE,0x8B,0xDD,0xCC,0xB4,0x92,0xDE,0x10,0xC6,0x31,0xCE,0x10,0xC6,0x51,0xCE,
    0x72,0xDE,0x93,0xDE,0x92,0xDE,0x92,0xDE,0xB3,0xDE,0xF4,0xE6,0xF4,0xEE,0x52,0xD6,
    0x52,0xD6,0xB3,0xDE,0x72,0xDE,0xB3,0xDE,0xB3,0xE6,0xD4,0xE6,0xB3,0xDE,0xB3,0xE6,
    0xAF,0xBD,0x11,0xCE,0xF4,0xE6,0x93,0xDE,0x93,0xDE,0x93,0xDE,0x72,0xDE,0x72,0xDE,
    0x92,0xDE,0x92,0xDE,0x72,0xDE,0x72,0xDE,0xD4,0xE6,0x72,0xDE,0x72,0xE6,0xD3,0xEE,
    0x16,0xF7,0x30,0xE6,0x98,0xFF,0xB9,0xFF,0xFB,0xFF,0xFF,0xFF,0xB4,0xF6,0x8A,0xE5,
    0x6C,0xFE,0x4C,0xF6,0x6C,0xFE,0x6C,0xFE,0x6C,0xFE,0x6C,0xFE,0x6C,0xFE,0x6C,0xFE,
    0x6C,0xFE,0x6C,0xFE,0x6C,0xFE,0x70,0xFF,0x70,0xFF,0x70,0xFF,0x70,0xFF,0x00,0x00,
    0x00,0x00,0x00,0x00,0x00,0x00,0x00,0x00,0x00,0x00,0x00,0x00,0x00,0x00,0x00,0x00,
    0x00,0x00,0x00,0x00,0x00,0x00,0x00,0x00,0x00,0x00,0x6C,0xFE,0x6C,0xFE,0x6C,0xFE,
    0x6C,0xFE,0x6C,0xFE,0x6C,0xFE,0x6C,0xFE,0x6C,0xFE,0x6C,0xFE,0x6C,0xFE,0x4B,0xFE,
    0x6C,0xFE,0x2A,0xA4,0x10,0xD6,0xF0,0xC5,0x10,0xC6,0x10,0xC6,0xCF,0xBD,0x51,0xD6,
    0x72,0xDE,0x92,0xDE,0x92,0xDE,0x92,0xDE,0x92,0xDE,0x93,0xDE,0x31,0xCE,0x31,0xCE,
    0x72,0xD6,0x92,0xDE,0x93,0xDE,0xB3,0xDE,0xD4,0xE6,0xB3,0xDE,0xD4,0xE6,0x72,0xD6,
    0x10,0xCE,0xD4,0xE6,0x93,0xDE,0xB4,0xE6,0x93,0xDE,0x93,0xDE,0x72,0xDE,0xD4,0xE6,
    0xB3,0xE6,0xB3,0xE6,0xB3,0xE6,0xB3,0xE6,0xB3,0xE6,0xF5,0xEE,0x71,0xDE,0x91,0xE6,
    0xD4,0xEE,0xF5,0xEE,0x15,0xFF,0xFC,0xFF,0xDA,0xFF,0xFB,0xFF,0xFE,0xFF,0x52,0xF6,
    0x2D,0xFE,0x4C,0xFE,0x8D,0xFE,0x6C,0xFE,0x6C,0xFE,0x6C,0xFE,0x6C,0xFE,0x6C,0xFE,
    0x6C,0xFE,0x6C,0xFE,0x6C,0xFE,0x6C,0xFE,0x70,0xFF,0x70,0xFF,0x70,0xFF,0x00,0x00,
    0x00,0x00,0x00,0x00,0x00,0x00,0x00,0x00,0x00,0x00,0x00,0x00,0x00,0x00,0x00,0x00,
    0x00,0x00,0x00,0x00,0x00,0x00,0x00,0x00,0x6C,0xFE,0x6C,0xFE,0x6C,0xFE,0x6C,0xFE,
    0x6C,0xFE,0x6C,0xFE,0x6C,0xFE,0x6C,0xFE,0x6C,0xFE,0x6C,0xFE,0x4C,0xF6,0x6C,0xFE,
    0x4A,0xB4,0xED,0xB4,0x10,0xC6,0xF0,0xC5,0x31,0xCE,0xCF,0xBD,0xF0,0xC5,0x72,0xD6,
    0x72,0xDE,0x72,0xD6,0x72,0xDE,0x72,0xDE,0x71,0xD6,0x10,0xCE,0xD0,0xBD,0x92,0xDE,
    0x92,0xDE,0x14,0xF7,0xD3,0xEE,0xD4,0xE6,0xB3,0xDE,0xD4,0xE6,0x15,0xEF,0x31,0xCE,
    0xB3,0xDE,0xB3,0xDE,0x93,0xDE,0xB4,0xDE,0xB3,0xDE,0xB3,0xE6,0xB3,0xE6,0xD4,0xE6,
    0xB3,0xE6,0xD4,0xE6,0xD4,0xE6,0xD4,0xE6,0xB3,0xE6,0xD4,0xEE,0xB3,0xE6,0x71,0xE6,
    0x92,0xE6,0x77,0xFF,0xF4,0xF6,0xD9,0xFF,0xFB,0xFF,0xD9,0xFF,0xFA,0xFF,0xFC,0xFF,
    0x8E,0xE5,0x6C,0xFE,0x4B,0xFE,0x6C,0xFE,0x6C,0xFE,0x6C,0xFE,0x6C,0xFE,0x6C,0xFE,
    0x6C,0xFE,0x6C,0xFE,0x6C,0xFE,0x6C,0xFE,0x70,0xFF,0x70,0xFF,0x00,0x00,0x00,0x00,
    0x00,0x00,0x00,0x00,0x00,0x00,0x00,0x00,0x00,0x00,0x00,0x00,0x00,0x00,0x00,0x00,
    0x00,0x00,0x00,0x00,0x00,0x00,0x6C,0xFE,0x6C,0xFE,0x6C,0xFE,0x6C,0xFE,0x6C,0xFE,
    0x6C,0xFE,0x6C,0xFE,0x6C,0xFE,0x6C,0xFE,0x6C,0xFE,0x6C,0xFE,0x0B,0xF6,0x6D,0xFE,
    0x6C,0xA4,0x8E,0xB5,0x6E,0xB5,0xF0,0xC5,0x10,0xC6,0xCF,0xBD,0x31,0xCE,0x72,0xD6,
    0x72,0xDE,0x72,0xD6,0x72,0xD6,0x31,0xD6,0x10,0xCE,0x4E,0xAD,0x72,0xD6,0x92,0xDE,
    0xB3,0xDE,0xD3,0xE6,0xF3,0xEE,0xB3,0xE6,0xB3,0xE6,0x76,0xFF,0x72,0xDE,0x52,0xD6,
    0xB3,0xDE,0x93,0xDE,0xB3,0xDE,0xB3,0xDE,0xB3,0xE6,0x72,0xDE,0x72,0xDE,0xD4,0xE6,
    0xD4,0xE6,0xF4,0xEE,0xD4,0xEE,0xF4,0xEE,0xF5,0xEE,0xB3,0xE6,0x15,0xF7,0xB2,0xEE,
    0xB3,0xEE,0x56,0xFF,0x98,0xFF,0xF5,0xF6,0xFB,0xFF,0xFA,0xFF,0x98,0xFF,0xFC,0xFF,
    0xD7,0xF6,0x0B,0xE5,0x6C,0xFE,0x4C,0xFE,0x6C,0xFE,0x6C,0xFE,0x6C,0xFE,0x6C,0xFE,
    0x6C,0xFE,0x6C,0xFE,0x6C,0xFE,0x6C,0xFE,0x6C,0xFE,0x70,0xFF,0x00,0x00,0x00,0x00,
    0x00,0x00,0x00,0x00,0x00,0x00,0x00,0x00,0x00,0x00,0x00,0x00,0x00,0x00,0x00,0x00,
    0x00,0x00,0x00,0x00,0x00,0x00,0x6C,0xFE,0x6C,0xFE,0x6C,0xFE,0x6C,0xFE,0x6C,0xFE,
    0x6C,0xFE,0x6C,0xFE,0x6C,0xFE,0x6C,0xFE,0x6C,0xFE,0x2C,0xF6,0x6C,0xFE,0xAC,0xBC,
    0x0E,0xAD,0x2D,0xA5,0x8E,0xB5,0xF0,0xC5,0xF0,0xC5,0xF0,0xC5,0x52,0xD6,0x51,0xD6,
    0x51,0xD6,0x72,0xD6,0x31,0xCE,0x31,0xCE,0x6E,0xB5,0xCF,0xBD,0xB3,0xDE,0x93,0xDE,
    0x93,0xDE,0x93,0xDE,0xD4,0xE6,0x72,0xD6,0x35,0xF7,0xB3,0xE6,0x6F,0xB5,0x72,0xDE,
    0xD3,0xEE,0xB3,0xE6,0x93,0xDE,0xB3,0xDE,0x93,0xDE,0x52,0xD6,0x31,0xCE,0xB3,0xE6,
    0xD4,0xE6,0xD4,0xE6,0xD4,0xEE,0xD4,0xEE,0xF4,0xEE,0xB3,0xE6,0x77,0xFF,0xD4,0xEE,
    0x35,0xFF,0x77,0xFF,0xFA,0xFF,0xD4,0xF6,0x98,0xFF,0xD9,0xFF,0x98,0xFF,0x77,0xFF,
    0xFD,0xFF,0x70,0xDD,0x4C,0xFE,0x4B,0xFE,0x6C,0xFE,0x6C,0xFE,0x6C,0xFE,0x6C,0xFE,
    0x6C,0xFE,0x6C,0xFE,0x6C,0xFE,0x6C,0xFE,0x6C,0xFE,0x70,0xFF,0x00,0x00,0x00,0x00,
    0x00,0x00,0x00,0x00,0x00,0x00,0x00,0x00,0x00,0x00,0x00,0x00,0x00,0x00,0x00,0x00,
    0x00,0x00,0x00,0x00,0x6C,0xFE,0x6C,0xFE,0x6C,0xFE,0x6C,0xFE,0x6C,0xFE,0x6C,0xFE,
    0x6C,0xFE,0x6C,0xFE,0x6C,0xFE,0x6C,0xFE,0x6C,0xFE,0x4C,0xFE,0x8D,0xFE,0x6C,0xAC,
    0x6E,0xAD,0x0D,0xA5,0xAE,0xBD,0xF0,0xC5,0xD0,0xBD,0xF0,0xC5,0xF0,0xC5,0x31,0xCE,
    0x51,0xD6,0x31,0xCE,0x32,0xCE,0x11,0xC6,0x4E,0xAD,0x72,0xD6,0x72,0xD6,0x72,0xDE,
    0x93,0xDE,0x93,0xDE,0x93,0xDE,0x72,0xD6,0xF4,0xEE,0x6E,0xBD,0x32,0xCE,0xB3,0xDE,
    0xF4,0xF6,0x14,0xF7,0xB3,0xDE,0xB3,0xE6,0x15,0xEF,0x11,0xCE,0xF0,0xC5,0xF5,0xEE,
    0xF4,0xE6,0xD4,0xE6,0xD4,0xE6,0xB3,0xE6,0x35,0xF7,0x36,0xF7,0xB9,0xFF,0x16,0xEF,
    0x57,0xFF,0x97,0xFF,0x97,0xFF,0x36,0xFF,0xF3,0xF6,0x76,0xFF,0x15,0xFF,0x56,0xFF,
    0x98,0xFF,0xF6,0xF6,0xA9,0xCC,0x6C,0xFE,0x4C,0xFE,0x6C,0xFE,0x6C,0xFE,0x6C,0xFE,
    0x6C,0xFE,0x6C,0xFE,0x6C,0xFE,0x6C,0xFE,0x6C,0xFE,0x6C,0xFE,0x00,0x00,0x00,0x00,
    0x00,0x00,0x00,0x00,0x00,0x00,0x00,0x00,0x00,0x00,0x00,0x00,0x00,0x00,0x00,0x00,
    0x00,0x00,0x6C,0xFE,0x6C,0xFE,0x6C,0xFE,0x6C,0xFE,0x6C,0xFE,0x6C,0xFE,0x6C,0xFE,
    0x6C,0xFE,0x6C,0xFE,0x6C,0xFE,0x6C,0xFE,0x4C,0xFE,0x6C,0xFE,0x4D,0xCD,0xEE,0xAC,
    0x4E,0xA5,0x4D,0xAD,0x8E,0xB5,0xF0,0xC5,0x8E,0xBD,0xCF,0xC5,0xF0,0xC5,0x10,0xCE,
    0x31,0xCE,0x11,0xCE,0x11,0xC6,0xB0,0xBD,0xAF,0xBD,0xB3,0xDE,0x72,0xD6,0x72,0xD6,
    0x93,0xDE,0x93,0xDE,0x72,0xD6,0x72,0xDE,0x31,0xD6,0x8F,0xBD,0xD4,0xE6,0xD4,0xE6,
    0xD4,0xEE,0xB3,0xE6,0xB3,0xE6,0xF4,0xEE,0x56,0xFF,0x8F,0xBD,0xF0,0xC5,0x15,0xF7,
    0x16,0xEF,0xF4,0xEE,0x98,0xFF,0xF4,0xF6,0xB8,0xFF,0x98,0xFF,0x77,0xFF,0x77,0xFF,
    0x73,0xDE,0x77,0xFF,0xB2,0xEE,0x14,0xFF,0x72,0xEE,0xF4,0xF6,0xF5,0xF6,0xF5,0xF6,
    0x56,0xFF,0x99,0xFF,0x12,0xE6,0xEA,0xED,0x8D,0xFE,0x6C,0xFE,0x6C,0xFE,0x6C,0xFE,
    0x6C,0xFE,0x6C,0xFE,0x6C,0xFE,0x6C,0xFE,0x6C,0xFE,0x6C,0xFE,0x00,0x00,0x00,0x00,
    0x00,0x00,0x00,0x00,0x00,0x00,0x00,0x00,0x00,0x00,0x00,0x00,0x00,0x00,0x00,0x00,
    0x00,0x00,0x6C,0xFE,0x6C,0xFE,0x6C,0xFE,0x6C,0xFE,0x6C,0xFE,0x6C,0xFE,0x6C,0xFE,
    0x6C,0xFE,0x6C,0xFE,0x6C,0xFE,0x6C,0xFE,0x2B,0xF6,0x6C,0xFE,0xAD,0xB4,0xB0,0xC5,
    0x2E,0xAD,0x8E,0xB5,0x8F,0xB5,0x8D,0xBD,0xAE,0xCD,0x8D,0xBD,0xCE,0xBD,0xAF,0xBD,
    0x59,0xF7,0xFD,0xFF,0x12,0xC6,0xEB,0xA4,0x52,0xD6,0x73,0xD6,0x72,0xD6,0x51,0xD6,
    0x72,0xD6,0x73,0xDE,0x72,0xD6,0xB3,0xDE,0xD0,0xC5,0x32,0xCE,0xD4,0xE6,0x93,0xDE,
    0x93,0xDE,0x72,0xD6,0x93,0xDE,0xB3,0xDE,0xF4,0xE6,0xED,0xA4,0xCF,0xC5,0xD3,0xE6,
    0xD4,0xE6,0xB3,0xE6,0xB8,0xFF,0xD4,0xEE,0x98,0xFF,0x77,0xFF,0x72,0xDE,0x56,0xFF,
    0x73,0xDE,0xD4,0xE6,0x52,0xDE,0x92,0xE6,0xD3,0xEE,0xB3,0xEE,0x36,0xFF,0xD4,0xEE,
    0x57,0xFF,0xD5,0xEE,0xD7,0xEE,0xAD,0xED,0x6C,0xFE,0x4C,0xFE,0x6C,0xFE,0x6C,0xFE,
    0x6C,0xFE,0x6C,0xFE,0x6C,0xFE,0x6C,0xFE,0x6C,0xFE,0x6C,0xFE,0x00,0x00,0x00,0x00,
    0x00,0x00,0x00,0x00,0x00,0x00,0x00,0x00,0x00,0x00,0x00,0x00,0x00,0x00,0x00,0x00,
    0x6C,0xFE,0x6C,0xFE,0x6C,0xFE,0x6C,0xFE,0x6C,0xFE,0x6C,0xFE,0x6C,0xFE,0x6C,0xFE,
    0x6C,0xFE,0x6C,0xFE,0x6C,0xFE,0x8D,0xFE,0x6C,0xFE,0xEC,0xED,0xED,0xAC,0xF1,0xC5,
    0x2E,0xAD,0xAF,0xB5,0x2D,0xAD,0x53,0xDE,0x79,0xFF,0x38,0xF7,0xEC,0xAC,0x95,0xDE,
    0x7A,0xFF,0x7A,0xFF,0x96,0xDE,0xCA,0xA4,0x72,0xDE,0x73,0xD6,0x72,0xD6,0x51,0xD6,
    0x73,0xD6,0x73,0xDE,0x72,0xDE,0x73,0xD6,0x6E,0xB5,0x93,0xDE,0x93,0xDE,0x72,0xD6,
    0x93,0xDE,0x93,0xDE,0xB3,0xDE,0x93,0xDE,0x94,0xDE,0x89,0x7B,0x8F,0xBD,0x52,0xD6,
    0x72,0xDE,0x72,0xD6,0xB3,0xE6,0x72,0xDE,0xF4,0xE6,0x93,0xDE,0x52,0xD6,0xD4,0xE6,
    0x31,0xCE,0xB3,0xE6,0xB3,0xE6,0x72,0xDE,0xF4,0xEE,0x72,0xDE,0x15,0xF7,0xF4,0xF6,
    0xD4,0xEE,0x57,0xFF,0xF0,0xDD,0x6C,0xFE,0x8C,0xFE,0x6C,0xFE,0x6C,0xFE,0x6C,0xFE,
    0x6C,0xFE,0x6C,0xFE,0x6C,0xFE,0x6C,0xFE,0x6C,0xFE,0x6C,0xFE,0x00,0x00,0x00,0x00,
    0x00,0x00,0x00,0x00,0x00,0x00,0x00,0x00,0x00,0x00,0x00,0x00,0x00,0x00,0x00,0x00,
    0x6C,0xFE,0x6C,0xFE,0x6C,0xFE,0x6C,0xFE,0x6C,0xFE,0x6C,0xFE,0x6C,0xFE,0x6C,0xFE,
    0x6C,0xFE,0x6C,0xFE,0x6C,0xFE,0x6D,0xFE,0x6C,0xFE,0x2D,0xC5,0x6E,0xBD,0x6E,0xB5,
    0x2D,0xAD,0x4E,0xAD,0x90,0xB5,0x79,0xFF,0x18,0xF7,0x9A,0xFF,0xD7,0xEE,0x38,0xF7,
    0x58,0xFF,0x79,0xFF,0x74,0xD6,0xAA,0x9C,0x72,0xD6,0x73,0xD6,0x30,0xCE,0x30,0xCE,
    0xB3,0xDE,0x93,0xDE,0xB3,0xDE,0xF1,0xC5,0x8F,0xBD,0x73,0xD6,0x52,0xD6,0x72,0xD6,
    0x72,0xD6,0x73,0xD6,0x93,0xD6,0xB4,0xDE,0x12,0xCE,0xE7,0x72,0xAF,0xBD,0x52,0xD6,
    0x72,0xD6,0x72,0xDE,0x52,0xD6,0x93,0xDE,0xB3,0xDE,0x52,0xD6,0x52,0xD6,0xB3,0xE6,
    0xAF,0xBD,0x51,0xD6,0xB3,0xE6,0x93,0xDE,0xF4,0xEE,0x72,0xDE,0x92,0xE6,0xD4,0xEE,
    0x72,0xE6,0x36,0xF7,0xF1,0xDD,0xCB,0xE5,0x6C,0xFE,0x8D,0xFE,0x6C,0xFE,0x6C,0xFE,
    0x6C,0xFE,0x6C,0xFE,0x6C,0xFE,0x6C,0xFE,0x6C,0xFE,0x6C,0xFE,0x6C,0xFE,0x00,0x00,
    0x00,0x00,0x00,0x00,0x00,0x00,0x00,0x00,0x00,0x00,0x00,0x00,0x00,0x00,0x00,0x00,
    0x6C,0xFE,0x6C,0xFE,0x6C,0xFE,0x6C,0xFE,0x6C,0xFE,0x6C,0xFE,0x8B,0xFE,0x8D,0xFE,
    0x6C,0xFE,0x6C,0xFE,0x6D,0xFE,0x6C,0xFE,0x6F,0xFE,0xD0,0xC5,0x6E,0xBD,0x0D,0xA5,
    0x2D,0xAD,0x2D,0xAD,0x91,0xB5,0x7B,0xFF,0x18,0xF7,0x38,0xF7,0x38,0xFF,0x58,0xFF,
    0x38,0xFF,0x99,0xFF,0x4F,0xB5,0x0D,0xB5,0xEF,0xCD,0x72,0xD6,0x10,0xCE,0x52,0xD6,
    0x93,0xDE,0x72,0xD6,0x92,0xDE,0x6E,0xB5,0xF0,0xC5,0x11,0xCE,0x72,0xD6,0x72,0xD6,
    0x72,0xD6,0x72,0xD6,0x52,0xD6,0xD4,0xDE,0x90,0xC5,0xE9,0xB3,0xAF,0xBD,0x52,0xD6,
    0x52,0xD6,0x52,0xD6,0x72,0xD6,0x72,0xD6,0x52,0xD6,0x11,0xCE,0x52,0xD6,0xB3,0xDE,
    0x6F,0xB5,0x8F,0xBD,0x92,0xDE,0x93,0xDE,0xD4,0xE6,0x31,0xD6,0x11,0xD6,0xB3,0xEE,
    0x71,0xDE,0xB3,0xE6,0xD4,0xEE,0x2D,0xC5,0x6C,0xFE,0x4C,0xFE,0x6C,0xFE,0x6C,0xFE,
    0x6C,0xFE,0x6C,0xFE,0x6C,0xFE,0x6C,0xFE,0x6C,0xFE,0x6C,0xFE,0x6C,0xFE,0x00,0x00,
    0x00,0x00,0x00,0x00,0x00,0x00,0x00,0x00,0x00,0x00,0x00,0x00,0x00,0x00,0x00,0x00,
    0x6C,0xFE,0x6C,0xFE,0x6C,0xFE,0x6C,0xFE,0x6C,0xFE,0x6C,0xFE,0x6C,0xFE,0x6C,0xFE,
    0x0C,0xF6,0x4C,0xFE,0x6C,0xFE,0x8D,0xFE,0xD0,0xCD,0x8E,0xC5,0xED,0xA4,0x0D,0xAD,
    0x2D,0xAD,0x2D,0xAD,0x2F,0xAD,0x9B,0xFF,0x18,0xF7,0xF6,0xEE,0x94,0xEE,0xB4,0xEE,
    0xF6,0xF6,0xD5,0xF6,0x38,0xFF,0x79,0xFF,0xB6,0xE6,0x6E,0xBD,0x10,0xCE,0x52,0xD6,
    0x72,0xD6,0x72,0xD6,0x52,0xD6,0x4E,0xB5,0xF0,0xC5,0x11,0xCE,0x73,0xD6,0x72,0xD6,
    0x72,0xD6,0x72,0xD6,0x31,0xCE,0x93,0xD6,0x2F,0xCD,0xCC,0xCC,0x8F,0xBD,0x11,0xCE,
    0x52,0xD6,0x52,0xD6,0x52,0xD6,0x72,0xD6,0x72,0xD6,0x11,0xCE,0x31,0xCE,0xB3,0xDE,
    0xCD,0xA4,0xED,0xA4,0x93,0xDE,0x52,0xD6,0x93,0xDE,0x52,0xD6,0xF0,0xCD,0x93,0xE6,
    0x72,0xDE,0x51,0xDE,0x36,0xF7,0x2E,0xC5,0x70,0xF6,0x6C,0xFE,0x4C,0xF6,0x6C,0xFE,
    0x6C,0xFE,0x6C,0xFE,0x6C,0xFE,0x6C,0xFE,0x6C,0xFE,0x6C,0xFE,0x6C,0xFE,0x00,0x00,
    0x00,0x00,0x00,0x00,0x00,0x00,0x00,0x00,0x00,0x00,0x00,0x00,0x00,0x00,0x00,0x00,
    0x6C,0xFE,0x6C,0xFE,0x6C,0xFE,0x6C,0xFE,0x6C,0xFE,0x6C,0xFE,0xF0,0xDD,0xB2,0xFE,
    0x6C,0xFE,0x6C,0xFE,0xFF,0xFF,0xD0,0xCD,0x10,0xCE,0xC9,0x83,0x2E,0xAD,0x2D,0xAD,
    0x6E,0xB5,0x4E,0xAD,0x8B,0x94,0x75,0xDE,0x59,0xFF,0xD4,0xF6,0x4E,0xF6,0x2F,0xEE,
    0x30,0xE6,0x38,0xFF,0x59,0xFF,0x38,0xFF,0x9A,0xFF,0x53,0xD6,0x10,0xC6,0x51,0xCE,
    0x31,0xCE,0x72,0xDE,0x11,0xCE,0x4E,0xB5,0xD0,0xC5,0x51,0xCE,0x52,0xD6,0x52,0xD6,
    0x73,0xD6,0x52,0xD6,0x52,0xCE,0x11,0xC6,0x4F,0xDD,0x4E,0xDD,0x6E,0xB5,0x11,0xCE,
    0x73,0xDE,0x72,0xD6,0x52,0xD6,0x52,0xD6,0x52,0xD6,0x11,0xCE,0x32,0xD6,0x52,0xD6,
    0x2E,0xC5,0x6B,0xA4,0x93,0xDE,0x72,0xD6,0x93,0xDE,0x73,0xDE,0xF0,0xCD,0x72,0xDE,
    0x72,0xDE,0x51,0xDE,0x16,0xEF,0xF1,0xD5,0xEC,0xBC,0x6C,0xFE,0x0B,0xEE,0x6C,0xFE,
    0x6C,0xFE,0x6C,0xFE,0x6C,0xFE,0x6C,0xFE,0x6C,0xFE,0x6C,0xFE,0x6C,0xFE,0x00,0x00,
    0x00,0x00,0x00,0x00,0x00,0x00,0x00,0x00,0x00,0x00,0x00,0x00,0x00,0x00,0x00,0x00,
    0x6C,0xFE,0x6C,0xFE,0x6C,0xFE,0x6C,0xFE,0x0D,0xEE,0x6C,0xFE,0x8E,0xCD,0x8E,0xC5,
    0x31,0xD6,0xAE,0xC5,0xFF,0xFF,0xD0,0xCD,0xF2,0xC5,0x6C,0x94,0xB0,0xBD,0xED,0xA4,
    0xAF,0xBD,0x4E,0xAD,0x6A,0x94,0xCE,0xA4,0xB6,0xEE,0xCB,0xED,0x4C,0xF6,0x75,0xFF,
    0x4F,0xEE,0x17,0xF7,0x38,0xFF,0x17,0xFF,0xBB,0xFF,0x33,0xCE,0x31,0xCE,0x52,0xD6,
    0x31,0xCE,0x72,0xD6,0xAF,0xBD,0x0C,0xA5,0x11,0xCE,0x10,0xCE,0xF0,0xC5,0x31,0xCE,
    0x52,0xD6,0xAF,0xBD,0x73,0xCE,0xB0,0xC5,0x54,0xFE,0x6F,0xDD,0x8F,0xBD,0x31,0xCE,
    0xB4,0xDE,0x72,0xD6,0x31,0xCE,0x31,0xCE,0xF0,0xCD,0x31,0xCE,0x32,0xD6,0x11,0xC6,
    0x90,0xDD,0x4B,0xB4,0x11,0xC6,0x72,0xD6,0x73,0xDE,0x73,0xDE,0xF0,0xC5,0x52,0xDE,
    0x93,0xDE,0x71,0xDE,0xD3,0xE6,0x74,0xDE,0xAC,0xB4,0x8D,0xFE,0x2C,0xF6,0x6C,0xFE,
    0x6C,0xFE,0x6C,0xFE,0x6C,0xFE,0x6C,0xFE,0x6C,0xFE,0x6C,0xFE,0x6C,0xFE,0x6C,0xFE,
    0x00,0x00,0x00,0x00,0x00,0x00,0x00,0x00,0x00,0x00,0x00,0x00,0x00,0x00,0x00,0x00,
    0x6C,0xFE,0x6C,0xFE,0x6C,0xFE,0x6C,0xFE,0x6C,0xFE,0x0B,0xEE,0x6C,0xFE,0x10,0xDE,
    0xCF,0xCD,0xFF,0xFF,0xFF,0xFF,0x13,0xFF,0x30,0xB5,0x90,0xBD,0x8F,0xB5,0x2E,0xA5,
    0x6F,0xB5,0xAC,0x94,0x34,0xCE,0x7A,0xFF,0x38,0xFF,0xED,0xED,0x88,0xED,0x4D,0xF6,
    0x2A,0xD5,0xF7,0xF6,0x7A,0xFF,0xDC,0xFF,0xB6,0xDE,0x6E,0xB5,0x73,0xD6,0x52,0xD6,
    0x31,0xCE,0x72,0xD6,0x2D,0xAD,0x4D,0xAD,0x10,0xCE,0x8E,0xB5,0x11,0xCE,0x11,0xCE,
    0xF0,0xC5,0x8F,0xB5,0x52,0xD6,0xF2,0xCD,0x7A,0xFF,0x90,0xDD,0xAF,0xBD,0x32,0xCE,
    0x73,0xDE,0x31,0xCE,0x11,0xCE,0x73,0xDE,0xF0,0xC5,0xF0,0xC5,0xF0,0xC5,0xF0,0xC5,
    0xB0,0xD5,0xED,0xD4,0x6E,0xBD,0x72,0xD6,0x32,0xCE,0xB4,0xDE,0x11,0xCE,0x72,0xDE,
    0x93,0xDE,0x72,0xDE,0x51,0xD6,0xF6,0xEE,0x8F,0xCD,0x6C,0xFE,0x6C,0xFE,0x6C,0xFE,
    0x6C,0xFE,0x6C,0xFE,0x6C,0xFE,0x6C,0xFE,0x6C,0xFE,0x6C,0xFE,0x6C,0xFE,0x6C,0xFE,
    0x00,0x00,0x00,0x00,0x00,0x00,0x00,0x00,0x00,0x00,0x00,0x00,0x00,0x00,0x00,0x00,
    0x6C,0xFE,0x6C,0xFE,0x6C,0xFE,0x6C,0xFE,0x6C,0xFE,0x6C,0xFE,0x2C,0xF6,0xFF,0xFF,
    0xFF,0xFF,0xFF,0xFF,0xFF,0xFF,0xFF,0xFF,0xFF,0xFF,0xFF,0xFF,0x4E,0xAD,0x0D,0xA5,
    0x0D,0x9D,0x90,0xB5,0x38,0xFF,0xB6,0xEE,0xF7,0xF6,0x53,0xE6,0x4B,0xD5,0x6A,0xDD,
    0x31,0xE6,0x18,0xF7,0x34,0xD6,0xD2,0xBD,0x2D,0xAD,0x11,0xCE,0x52,0xCE,0x31,0xCE,
    0x52,0xCE,0x52,0xD6,0x4E,0xAD,0xCF,0xBD,0xAF,0xBD,0x4E,0xB5,0x11,0xCE,0xCF,0xC5,
    0x0D,0xAD,0xCC,0xA4,0x0D,0xB5,0xEE,0xB4,0x30,0xC5,0x4F,0xD5,0xD0,0xC5,0x32,0xCE,
    0x52,0xD6,0xF0,0xC5,0x73,0xD6,0x52,0xD6,0xD0,0xC5,0x11,0xCE,0x6F,0xB5,0xB0,0xC5,
    0x32,0xD6,0xB4,0xFE,0x6E,0xC5,0x73,0xD6,0xB0,0xBD,0x73,0xDE,0x31,0xD6,0x51,0xD6,
    0x93,0xDE,0x72,0xDE,0xEF,0xCD,0xD4,0xEE,0x4F,0xCD,0x6C,0xFE,0x4B,0xFE,0x6C,0xFE,
    0x6C,0xFE,0x6C,0xFE,0x6C,0xFE,0x6C,0xFE,0x6C,0xFE,0x6C,0xFE,0x6C,0xFE,0x6C,0xFE,
    0x00,0x00,0x00,0x00,0x00,0x00,0x00,0x00,0x00,0x00,0x00,0x00,0x00,0x00,0x00,0x00,
    0x6C,0xFE,0x6C,0xFE,0x6C,0xFE,0x6C,0xFE,0x6C,0xFE,0x6C,0xFE,0x6C,0xFE,0x4C,0xFE,
    0x6C,0xFE,0xFF,0xFF,0xFF,0xFF,0x2D,0xBD,0x8F,0xBD,0x0E,0xA5,0xED,0x9C,0x0E,0xA5,
    0x8B,0x8C,0x34,0xD6,0xF7,0xF6,0xD6,0xEE,0xD7,0xEE,0x38,0xF7,0xB6,0xEE,0xB5,0xEE,
    0xB5,0xEE,0x9B,0xFF,0x14,0xCE,0x2A,0x84,0xD0,0xBD,0xF0,0xC5,0x10,0xC6,0x10,0xC6,
    0x11,0xC6,0x32,0xCE,0x2E,0xAD,0x11,0xC6,0x6E,0xB5,0x2D,0xAD,0x6E,0xB5,0xAF,0xBD,
    0x2E,0xAD,0xAF,0xBD,0x90,0xCD,0x79,0xFF,0x7A,0xFF,0x12,0xE6,0x6E,0xBD,0xD0,0xC5,
    0x31,0xCE,0x31,0xCE,0x11,0xCE,0xAF,0xBD,0x11,0xCE,0xF0,0xC5,0xED,0xAC,0xF1,0xC5,
    0xD1,0xC5,0x4F,0xCD,0xED,0xB4,0x52,0xD6,0x6F,0xBD,0x11,0xCE,0x11,0xCE,0x52,0xD6,
    0x93,0xDE,0x72,0xDE,0x10,0xCE,0xB3,0xE6,0x12,0xE6,0x6C,0xFE,0x4C,0xFE,0x6C,0xFE,
    0x6C,0xFE,0x6C,0xFE,0x6C,0xFE,0x6C,0xFE,0x6C,0xFE,0x6C,0xFE,0x6C,0xFE,0x6C,0xFE,
    0x00,0x00,0x00,0x00,0x00,0x00,0x00,0x00,0x00,0x00,0x00,0x00,0x00,0x00,0x00,0x00,
    0x6C,0xFE,0x6C,0xFE,0x6C,0xFE,0x6C,0xFE,0x6C,0xFE,0x6C,0xFE,0x6C,0xFE,0x6C,0xFE,
    0x4C,0xFE,0x6C,0xFE,0xFF,0xFF,0xF2,0xCD,0x6F,0xB5,0xED,0xA4,0xED,0x9C,0x0F,0xA5,
    0x4B,0x8C,0x30,0xB5,0x7A,0xFF,0xF7,0xF6,0x9A,0xFF,0xB7,0xE6,0xF8,0xEE,0x59,0xFF,
    0xF7,0xF6,0x18,0xF7,0x59,0xFF,0xEE,0x9C,0x8F,0xB5,0xF0,0xBD,0xF0,0xC5,0x11,0xC6,
    0x11,0xC6,0xAF,0xBD,0x2E,0xAD,0xAF,0xBD,0xEC,0xA4,0xAF,0xBD,0xF0,0xC5,0x0D,0xAD,
    0x4E,0xB5,0xB0,0xC5,0xB5,0xF6,0x79,0xFF,0x79,0xFF,0xF2,0xE5,0x2D,0xB5,0x11,0xCE,
    0xB0,0xC5,0xF0,0xCD,0xF0,0xCD,0x11,0xCE,0x11,0xCE,0x52,0xDE,0xAC,0xAC,0xD0,0xC5,
    0xD5,0xEE,0x94,0xF6,0x0D,0xB5,0x0D,0xAD,0xED,0xAC,0x11,0xCE,0x10,0xCE,0x52,0xD6,
    0xB3,0xDE,0x72,0xD6,0x31,0xCE,0x93,0xDE,0xD5,0xF6,0xAF,0xFE,0x6C,0xFE,0x8D,0xFE,
    0x6C,0xFE,0x6C,0xFE,0x6C,0xFE,0x6C,0xFE,0x6C,0xFE,0x6C,0xFE,0x6C,0xFE,0x6C,0xFE,
    0x00,0x00,0x00,0x00,0x00,0x00,0x00,0x00,0x00,0x00,0x00,0x00,0x00,0x00,0x00,0x00,
    0x6C,0xFE,0x6C,0xFE,0x6C,0xFE,0x6C,0xFE,0x6C,0xFE,0x6C,0xFE,0x6C,0xFE,0x8C,0xFE,
    0x4C,0xFE,0x4D,0xF6,0xFF,0xFF,0x54,0xD6,0x6C,0x94,0x0E,0xA5,0xCD,0x94,0xCD,0x94,
    0x0A,0x7C,0x0B,0x84,0x76,0xE6,0x59,0xF7,0x75,0xD6,0x69,0x73,0x76,0xDE,0x59,0xFF,
    0x59,0xFF,0x58,0xFF,0x59,0xFF,0x4F,0xAD,0xAF,0xB5,0xF0,0xC5,0x11,0xC6,0x11,0xC6,
    0x31,0xCE,0x6F,0xB5,0x2E,0xAD,0xCF,0xC5,0x6E,0xB5,0xF0,0xC5,0x6E,0xB5,0x8B,0x9C,
    0x6E,0xB5,0x53,0xDE,0x9A,0xFF,0x58,0xFF,0x79,0xFF,0xB0,0xD5,0x6E,0xBD,0x11,0xCE,
    0xEC,0xB4,0x11,0xD6,0x11,0xCE,0x11,0xD6,0x11,0xCE,0xF1,0xD5,0x0E,0xC5,0x11,0xD6,
    0x7A,0xFF,0xBA,0xFF,0x11,0xDE,0x8E,0xC5,0x8C,0x9C,0xF0,0xC5,0x10,0xCE,0x32,0xD6,
    0xB4,0xDE,0x52,0xD6,0x52,0xCE,0x73,0xDE,0xB5,0xEE,0xB0,0xFE,0x6C,0xFE,0x8D,0xFE,
    0x6C,0xFE,0x6C,0xFE,0x6C,0xFE,0x6C,0xFE,0x6C,0xFE,0x6C,0xFE,0x6C,0xFE,0x6C,0xFE,
    0x00,0x00,0x00,0x00,0x00,0x00,0x00,0x00,0x00,0x00,0x00,0x00,0x00,0x00,0x00,0x00,
    0x6C,0xFE,0x6C,0xFE,0x6C,0xFE,0x6C,0xFE,0x6C,0xFE,0x6C,0xFE,0x6C,0xFE,0x6C,0xFE,
    0x6C,0xFE,0x53,0xDE,0xB6,0xDE,0x6C,0x94,0x6B,0x94,0x2F,0xA5,0xCE,0x94,0x8C,0x8C,
    0x6C,0x8C,0xAD,0x84,0x0B,0x7C,0x0B,0x7C,0x68,0x63,0x67,0x63,0x13,0xCE,0x9A,0xFF,
    0xD2,0xCD,0xF4,0xCD,0x79,0xF7,0x0D,0xA5,0xAF,0xB5,0xF1,0xC5,0x11,0xC6,0x31,0xCE,
    0x52,0xCE,0x90,0xBD,0x6F,0xB5,0x8F,0xBD,0x8F,0xBD,0x8F,0xBD,0x6E,0xBD,0xB0,0xCD,
    0x4E,0xBD,0x79,0xFF,0xBB,0xFF,0x9A,0xFF,0x79,0xFF,0x90,0xCD,0x52,0xD6,0x0D,0xBD,
    0x0D,0xBD,0x31,0xD6,0x11,0xD6,0x11,0xD6,0x31,0xD6,0x4E,0xD5,0xB0,0xD5,0x32,0xD6,
    0x9A,0xFF,0x7A,0xFF,0x53,0xE6,0x8E,0xC5,0x8C,0x9C,0xD0,0xC5,0xD0,0xC5,0x52,0xD6,
    0x93,0xDE,0x52,0xD6,0x11,0xC6,0x73,0xDE,0x73,0xE6,0x90,0xF6,0x6C,0xFE,0x8D,0xFE,
    0x6C,0xFE,0x6C,0xFE,0x6C,0xFE,0x6C,0xFE,0x6C,0xFE,0x6C,0xFE,0x6C,0xFE,0x6C,0xFE,
    0x00,0x00,0x00,0x00,0x00,0x00,0x00,0x00,0x00,0x00,0x00,0x00,0x00,0x00,0x00,0x00,
    0x6C,0xFE,0x6C,0xFE,0x6C,0xFE,0x6C,0xFE,0x6C,0xFE,0x6C,0xFE,0x4C,0xFE,0x6C,0xFE,
    0x8E,0xC5,0x75,0xDE,0x90,0xB5,0x0A,0x8C,0x0E,0xA5,0xCE,0x94,0xCE,0x94,0xAD,0x94,
    0x4F,0xAD,0xEE,0x94,0xAC,0x8C,0x4A,0x84,0x6B,0x84,0x4B,0x7C,0xCA,0x73,0xD6,0xEE,
    0xCF,0xA4,0xA4,0x31,0x8C,0x94,0x2E,0xA5,0xAF,0xB5,0xF1,0xC5,0xF0,0xC5,0xF1,0xC5,
    0x52,0xCE,0x6F,0xB5,0xED,0xAC,0xD0,0xC5,0xD0,0xBD,0x6E,0xBD,0x95,0xEE,0x6F,0xCD,
    0xD5,0xF6,0xF6,0xFE,0x54,0xF6,0x38,0xFF,0x79,0xFF,0xF1,0xDD,0xF0,0xD5,0x8F,0xDD,
    0xF0,0xD5,0x31,0xD6,0x11,0xD6,0x31,0xD6,0xAF,0xCD,0xD1,0xDD,0xAF,0xCD,0xB4,0xEE,
    0x79,0xFF,0x59,0xFF,0xD6,0xF6,0xCF,0xCD,0x4E,0xC5,0xD0,0xC5,0xD0,0xC5,0x52,0xD6,
    0x72,0xD6,0x11,0xCE,0xD0,0xC5,0xD0,0xC5,0xB0,0xCD,0xB0,0xFE,0x6C,0xFE,0x8D,0xFE,
    0x6C,0xFE,0x6C,0xFE,0x6C,0xFE,0x6C,0xFE,0x6C,0xFE,0x6C,0xFE,0x6C,0xFE,0x6C,0xFE,
    0x00,0x00,0x00,0x00,0x00,0x00,0x00,0x00,0x00,0x00,0x00,0x00,0x00,0x00,0x00,0x00,
    0x6C,0xFE,0x6C,0xFE,0x6C,0xFE,0x6C,0xFE,0x6C,0xFE,0x8D,0xFE,0x2C,0xF6,0x8B,0xD5,
    0x90,0xBD,0xD1,0xC5,0x6F,0xB5,0xD0,0xCD,0xEE,0x94,0xCE,0x8C,0xAD,0x8C,0xEE,0x9C,
    0xD2,0xB5,0xCE,0x8C,0x6E,0xB5,0x4E,0xAD,0xED,0x94,0x4F,0xA5,0x0B,0x7C,0x69,0x63,
    0x6A,0x63,0x08,0x53,0x6B,0x8C,0xAF,0xB5,0xD0,0xBD,0xD0,0xBD,0x11,0xC6,0x11,0xC6,
    0x31,0xCE,0x2E,0xAD,0xAC,0xA4,0xB0,0xC5,0x8F,0xBD,0xF1,0xDD,0xF2,0xE5,0x33,0xE6,
    0xF6,0xFE,0xD2,0xDD,0x12,0xE6,0x94,0xF6,0xB5,0xF6,0x6E,0xCD,0x94,0xEE,0x73,0xEE,
    0x32,0xDE,0x52,0xDE,0x52,0xDE,0xF0,0xD5,0x12,0xE6,0x12,0xDE,0xAF,0xC5,0x37,0xFF,
    0xD5,0xFE,0x38,0xFF,0xD6,0xEE,0xCF,0xC5,0xF2,0xE5,0xD1,0xCD,0xD0,0xC5,0x31,0xD6,
    0x11,0xCE,0xAF,0xBD,0xF0,0xC5,0x0E,0xAD,0xEE,0xB4,0x93,0xF6,0x6C,0xFE,0x4C,0xF6,
    0x6C,0xFE,0x6C,0xFE,0x6C,0xFE,0x6C,0xFE,0x6C,0xFE,0x6C,0xFE,0x6C,0xFE,0x6C,0xFE,
    0x00,0x00,0x00,0x00,0x00,0x00,0x00,0x00,0x00,0x00,0x00,0x00,0x00,0x00,0x00,0x00,
    0x6C,0xFE,0x6C,0xFE,0x6C,0xFE,0x6C,0xFE,0x6C,0xFE,0x0C,0xF6,0x6C,0xFE,0x4E,0xBD,
    0x6F,0xBD,0x0D,0xA5,0xF2,0xD5,0x6E,0xBD,0xEE,0x94,0x0F,0x9D,0xAD,0x94,0xEE,0x9C,
    0x50,0x9D,0x70,0xAD,0x71,0xDE,0xD0,0xBD,0x4C,0x7C,0x33,0xC6,0xAD,0x94,0xE8,0x52,
    0x29,0x53,0xCA,0x6B,0xCC,0x94,0x8F,0xB5,0xD0,0xBD,0xB0,0xBD,0x11,0xC6,0xF1,0xC5,
    0x31,0xCE,0xCD,0xA4,0x0E,0xC5,0x8F,0xDD,0x33,0xDE,0xEF,0xC4,0xAA,0x9B,0xA7,0x7A,
    0xE7,0x7A,0xC7,0x72,0xCA,0x83,0x70,0xC5,0x90,0xD5,0xF6,0xFE,0x17,0xFF,0xD0,0xDD,
    0x52,0xDE,0x11,0xDE,0xF0,0xD5,0x32,0xEE,0xF6,0xF6,0xCF,0xDD,0xD5,0xF6,0x73,0xFE,
    0x8F,0xDD,0x74,0xFE,0x93,0xEE,0x8E,0xC5,0x53,0xF6,0x8F,0xBD,0xAB,0x9C,0x11,0xCE,
    0xF0,0xC5,0xAF,0xBD,0x6E,0xB5,0x12,0xCE,0x2E,0xBD,0xAF,0xD5,0x6C,0xFE,0x4C,0xF6,
    0x6C,0xFE,0x6C,0xFE,0x6C,0xFE,0x6C,0xFE,0x6C,0xFE,0x6C,0xFE,0x6C,0xFE,0x6C,0xFE,
    0x00,0x00,0x00,0x00,0x00,0x00,0x00,0x00,0x00,0x00,0x00,0x00,0x00,0x00,0x00,0x00,
    0x6C,0xFE,0x6C,0xFE,0x6C,0xFE,0x6C,0xFE,0x8B,0xFE,0x2C,0xF6,0x8E,0xFE,0x4E,0xB5,
    0xCC,0xA4,0xAF,0xFE,0xEC,0xB4,0x6F,0xAD,0xEE,0x94,0xCE,0x94,0xEA,0x7B,0x50,0xA5,
    0x2F,0x9D,0xF1,0xBD,0x91,0xE6,0xAD,0x94,0x0B,0x7C,0x4F,0xAD,0xEB,0x7B,0xC7,0x52,
    0xAA,0x83,0x08,0x63,0xEE,0x9C,0xED,0xA4,0xF1,0xC5,0xAF,0xB5,0xD0,0xBD,0x11,0xC6,
    0x11,0xC6,0x6E,0xC5,0x6E,0xE5,0xD1,0xE5,0x66,0x62,0xA3,0x49,0xE4,0x49,0x86,0x52,
    0x65,0x52,0x85,0x5A,0x89,0x8B,0xA5,0x82,0x33,0xEE,0x9A,0xFF,0xB5,0xF6,0x53,0xEE,
    0x74,0xEE,0x53,0xE6,0xD5,0xFE,0xF6,0xFE,0x11,0xEE,0x58,0xFF,0xBA,0xFF,0xB0,0xCD,
    0x6A,0x8C,0x09,0x84,0xCF,0xC5,0x35,0xFF,0x73,0xF6,0xAC,0xA4,0xEC,0xB4,0x52,0xD6,
    0xF0,0xC5,0xAF,0xBD,0x0D,0xAD,0x52,0xDE,0x4F,0xC5,0x4D,0xC5,0x6C,0xFE,0x4C,0xF6,
    0x6C,0xFE,0x6C,0xFE,0x6C,0xFE,0x6C,0xFE,0x6C,0xFE,0x6C,0xFE,0x6C,0xFE,0x6C,0xFE,
    0x00,0x00,0x00,0x00,0x00,0x00,0x00,0x00,0x00,0x00,0x00,0x00,0x00,0x00,0x00,0x00,
    0x6C,0xFE,0x6C,0xFE,0x6C,0xFE,0x6C,0xFE,0x4C,0xF6,0x6C,0xFE,0xF1,0xCD,0x0E,0xAD,
    0x8D,0xCD,0x6E,0xFE,0xCD,0xA4,0xEE,0x9C,0xEE,0x94,0x2B,0x84,0xA9,0x7B,0x70,0xA5,
    0x4F,0xA5,0xAC,0x94,0xC9,0x73,0x2B,0x7C,0xEE,0x94,0x4C,0x84,0x8A,0x6B,0x70,0xD5,
    0x93,0xFE,0xCD,0xCC,0xED,0x9C,0x6B,0x8C,0xD0,0xBD,0xB0,0xB5,0x6F,0xB5,0xF0,0xC5,
    0x11,0xC6,0xF0,0xDD,0x6F,0xE5,0x25,0x62,0x05,0x52,0xC7,0x62,0xA9,0x63,0x88,0x53,
    0x30,0xA5,0x11,0xA5,0x0F,0xB5,0xD1,0xE5,0x2E,0xDD,0x37,0xFF,0x59,0xFF,0x9A,0xFF,
    0x79,0xFF,0x79,0xFF,0x58,0xFF,0xF6,0xFE,0x16,0xFF,0xBA,0xFF,0x2E,0xBD,0xC7,0x7B,
    0xC7,0x73,0x4A,0x84,0x28,0x84,0xCC,0xAC,0x12,0xE6,0xED,0xBC,0x6F,0xC5,0x11,0xCE,
    0x8F,0xBD,0x8F,0xBD,0xED,0xAC,0x11,0xD6,0x2E,0xBD,0x8E,0xCD,0x6C,0xFE,0x4C,0xF6,
    0x6C,0xFE,0x6C,0xFE,0x6C,0xFE,0x6C,0xFE,0x6C,0xFE,0x6C,0xFE,0x6C,0xFE,0x6C,0xFE,
    0x00,0x00,0x00,0x00,0x00,0x00,0x00,0x00,0x00,0x00,0x00,0x00,0x00,0x00,0x00,0x00,
    0x6C,0xFE,0x6C,0xFE,0x6C,0xFE,0x6C,0xFE,0x2D,0xF6,0x6C,0xFE,0x6F,0xB5,0x4E,0xB5,
    0x6C,0xFE,0xAE,0xCD,0x2F,0xA5,0xEF,0x9C,0x8D,0x8C,0xC6,0x5A,0x6C,0x8C,0x71,0xA5,
    0x2F,0x9D,0xAD,0x8C,0xAD,0x8C,0x2E,0x9D,0x0E,0x9D,0x6C,0x84,0x8D,0xA4,0xF1,0xFD,
    0xCD,0xDC,0xED,0xD4,0x0D,0xA5,0x4A,0x8C,0x4E,0xAD,0x8F,0xB5,0x0D,0xA5,0xD0,0xBD,
    0xD0,0xBD,0xAC,0xBC,0xA7,0x92,0x86,0x72,0x0F,0xAD,0x85,0x52,0x07,0x53,0x27,0x5B,
    0x2C,0x8C,0xCC,0x7B,0x6A,0x73,0x78,0xFF,0x38,0xFF,0x58,0xFF,0x58,0xFF,0x58,0xFF,
    0x58,0xFF,0x58,0xFF,0x38,0xFF,0x17,0xFF,0x58,0xFF,0xB4,0xEE,0x88,0x73,0x4D,0x84,
    0xB0,0x94,0xAD,0x94,0x4E,0xB5,0x23,0x5A,0xB0,0xE5,0x12,0xE6,0xED,0xB4,0xF1,0xCD,
    0x2E,0xB5,0x90,0xBD,0x2E,0xB5,0x6E,0xCD,0x2F,0xEE,0x4D,0xEE,0x6C,0xFE,0x6C,0xFE,
    0x6C,0xFE,0x6C,0xFE,0x6C,0xFE,0x6C,0xFE,0x6C,0xFE,0x6C,0xFE,0x6C,0xFE,0x6C,0xFE,
    0x00,0x00,0x00,0x00,0x00,0x00,0x00,0x00,0x00,0x00,0x00,0x00,0x00,0x00,0x00,0x00,
    0x6C,0xFE,0x6C,0xFE,0x6C,0xFE,0x6C,0xFE,0x0B,0xF6,0x6C,0xFE,0x2E,0xB5,0x2D,0xB5,
    0x4C,0xFE,0x6E,0xBD,0x70,0xAD,0x0F,0x9D,0x8D,0x94,0x4C,0x9C,0x8D,0x94,0x2F,0x9D,
    0x0F,0x9D,0xAD,0x94,0x0D,0xA5,0x2D,0xAD,0xAD,0x94,0x6C,0x84,0x0E,0xCD,0x70,0xED,
    0xD1,0xED,0xED,0xD4,0x8B,0x94,0x8B,0x94,0xAC,0x9C,0x90,0xB5,0xCD,0x9C,0xB0,0xBD,
    0xAF,0xBD,0x4E,0xBD,0xC6,0xA2,0xD2,0xDD,0x50,0xAD,0x64,0x42,0x07,0x5B,0x45,0x5A,
    0xA5,0x5A,0x06,0x53,0x0C,0x84,0xBA,0xFF,0x38,0xFF,0x38,0xFF,0x58,0xFF,0x58,0xFF,
    0x58,0xFF,0x58,0xFF,0x58,0xFF,0x38,0xFF,0x78,0xFF,0xB2,0xB5,0x07,0x5B,0xCB,0x7B,
    0x6E,0x8C,0x2C,0x84,0x58,0xF7,0x27,0x8B,0x0B,0xAC,0x8D,0xAC,0xED,0xAC,0x8F,0xBD,
    0x0A,0x8C,0xB0,0xC5,0x4A,0x9C,0x0B,0xC5,0x6C,0xFE,0x4C,0xFE,0x6C,0xFE,0x6C,0xFE,
    0x6C,0xFE,0x6C,0xFE,0x6C,0xFE,0x6C,0xFE,0x6C,0xFE,0x6C,0xFE,0x6C,0xFE,0x00,0x00,
    0x00,0x00,0x00,0x00,0x00,0x00,0x00,0x00,0x00,0x00,0x00,0x00,0x00,0x00,0x00,0x00,
    0x6C,0xFE,0x6C,0xFE,0x6C,0xFE,0x6C,0xFE,0x0B,0xF6,0x6C,0xFE,0xEC,0xA4,0xEC,0xA4,
    0x4B,0xFE,0x0E,0xAD,0x90,0xB5,0x8C,0x94,0xD2,0xCD,0xB2,0xCD,0xAD,0x8C,0xEE,0x94,
    0xEE,0x9C,0xEE,0x94,0xEC,0xA4,0xCC,0x9C,0x8D,0x8C,0xCE,0x9C,0xB1,0xE5,0xF2,0xF5,
    0xF2,0xF5,0xAC,0xCC,0x4A,0x8C,0x2E,0xAD,0xED,0xA4,0x6F,0xB5,0x2E,0xAD,0x4E,0xAD,
    0xD0,0xC5,0x31,0xD6,0xF3,0xE5,0x76,0xF6,0xB2,0xBD,0xC9,0x6B,0x8B,0x8C,0x83,0x41,
    0x68,0x73,0xEC,0x8C,0xB2,0xB5,0xFF,0xFF,0x58,0xFF,0x38,0xFF,0x58,0xFF,0x38,0xFF,
    0x58,0xFF,0x58,0xFF,0x59,0xFF,0x58,0xFF,0x99,0xFF,0xEF,0x9C,0x25,0x42,0xA7,0x52,
    0x07,0x5B,0x8E,0x8C,0xFC,0xFF,0x89,0xA3,0x6D,0xC4,0xA9,0x93,0xF0,0xCD,0x4B,0x94,
    0xEA,0x83,0x6F,0xBD,0x2A,0x9C,0x4E,0xF6,0x4C,0xFE,0x4C,0xFE,0x6C,0xFE,0x6C,0xFE,
    0x6C,0xFE,0x6C,0xFE,0x6C,0xFE,0x6C,0xFE,0x6C,0xFE,0x6C,0xFE,0x6C,0xFE,0x00,0x00,
    0x00,0x00,0x00,0x00,0x00,0x00,0x00,0x00,0x00,0x00,0x00,0x00,0x00,0x00,0x00,0x00,
    0x6C,0xFE,0x6C,0xFE,0x6C,0xFE,0x6C,0xFE,0xEC,0xE5,0x6C,0xFE,0xEC,0xA4,0xCC,0x9C,
    0x6C,0xFE,0x0D,0xAD,0x70,0xAD,0x8D,0x94,0xF3,0xD5,0x91,0xBD,0xAD,0x8C,0xEE,0x94,
    0xEE,0x9C,0x0F,0x9D,0x2E,0xA5,0x2F,0xA5,0x50,0xA5,0x6C,0x8C,0x0F,0xCD,0x74,0xFE,
    0x0E,0xE5,0x2B,0xCC,0x2A,0x8C,0x0D,0xA5,0x8F,0xBD,0x4E,0xAD,0x8F,0xBD,0x0D,0xAD,
    0x8E,0xB5,0xF0,0xCD,0xB5,0xF6,0x58,0xFF,0x76,0xD6,0xCD,0x8C,0xAE,0xBD,0xEB,0xBC,
    0x8D,0xBD,0x4E,0x9D,0x14,0xC6,0xFD,0xFF,0x17,0xFF,0x38,0xFF,0x58,0xFF,0x58,0xFF,
    0x58,0xFF,0x79,0xFF,0x58,0xFF,0x58,0xFF,0x79,0xFF,0x50,0xA5,0xA6,0x5A,0x69,0x73,
    0x8C,0x94,0x35,0xC6,0x39,0xFF,0x92,0xDD,0x55,0xE6,0x0E,0xC5,0x8F,0xBD,0x89,0x7B,
    0xCA,0x83,0xED,0xB4,0x72,0xE6,0xCF,0xFE,0x6C,0xFE,0x6D,0xFE,0x6C,0xFE,0x6C,0xFE,
    0x6C,0xFE,0x6C,0xFE,0x6C,0xFE,0x6C,0xFE,0x6C,0xFE,0x6C,0xFE,0x6C,0xFE,0x00,0x00,
    0x00,0x00,0x00,0x00,0x00,0x00,0x00,0x00,0x00,0x00,0x00,0x00,0x00,0x00,0x00,0x00,
    0x6C,0xFE,0x6C,0xFE,0x6C,0xFE,0x6C,0xFE,0x8D,0xFE,0x2B,0xF6,0xEE,0xDD,0xAB,0x9C,
    0xEC,0xA4,0x4F,0xBD,0x4F,0xAD,0x0E,0xB5,0xD0,0xD5,0xB1,0xCD,0x8D,0x94,0x8D,0x94,
    0xEE,0x9C,0x0E,0x9D,0x0E,0xA5,0x0F,0xA5,0x0F,0x9D,0x0F,0x9D,0x6A,0x83,0x54,0xF6,
    0x90,0xED,0x4B,0xD4,0x0A,0x8C,0x0D,0xA5,0xD0,0xBD,0xF1,0xC5,0x8F,0xB5,0x8F,0xB5,
    0x0C,0xA5,0xCF,0xCD,0x73,0xEE,0xB5,0xFE,0x17,0xFF,0xD1,0xB5,0xCE,0xBD,0x92,0xEE,
    0x0F,0xD6,0x8F,0xB5,0xBB,0xFF,0x38,0xFF,0x17,0xFF,0x38,0xFF,0x58,0xFF,0x58,0xFF,
    0x58,0xFF,0x38,0xFF,0x37,0xFF,0x58,0xFF,0x7A,0xFF,0xB1,0xB5,0x91,0xEE,0x0F,0xD6,
    0x2D,0xA5,0x9A,0xF7,0x38,0xFF,0x79,0xFF,0x0F,0xBD,0x8C,0xA4,0xCA,0x7B,0x4B,0x94,
    0x6B,0x94,0x8F,0xC5,0x52,0xDE,0xD0,0xFE,0x6C,0xFE,0x6D,0xFE,0x6C,0xFE,0x6C,0xFE,
    0x6C,0xFE,0x6C,0xFE,0x6C,0xFE,0x6C,0xFE,0x6C,0xFE,0x6C,0xFE,0x6C,0xFE,0x00,0x00,
    0x00,0x00,0x00,0x00,0x00,0x00,0x00,0x00,0x00,0x00,0x00,0x00,0x00,0x00,0x00,0x00,
    0x6C,0xFE,0x6C,0xFE,0x6C,0xFE,0x6C,0xFE,0x6C,0xFE,0x8B,0xFE,0x6C,0xFE,0x2F,0xE6,
    0xEC,0xA4,0xB1,0xC5,0x0E,0xAD,0xB0,0xC5,0xEF,0xED,0x0E,0xB5,0x0E,0x9D,0x8D,0x94,
    0xCE,0x94,0x2F,0xA5,0x2F,0xA5,0x2F,0xA5,0xCE,0x94,0xEE,0x9C,0x28,0x6B,0x69,0x8B,
    0x74,0xFE,0xD2,0xF5,0x0A,0x94,0x4E,0xAD,0x6F,0xB5,0x52,0xD6,0xD0,0xC5,0x6F,0xB5,
    0x6E,0xB5,0x0C,0xB5,0xD0,0xE5,0xB4,0xFE,0x52,0xFE,0x52,0xF6,0x32,0xDE,0x73,0xF6,
    0xD1,0xD5,0x95,0xEE,0x37,0xFF,0xF7,0xFE,0x38,0xFF,0x38,0xFF,0x58,0xFF,0x58,0xFF,
    0x59,0xFF,0x37,0xFF,0x37,0xFF,0x58,0xFF,0x99,0xFF,0x74,0xD6,0xF3,0xF6,0x31,0xCE,
    0x74,0xCE,0x79,0xFF,0x17,0xFF,0xF3,0xE5,0xEA,0x93,0xEA,0x83,0x0B,0x8C,0xAC,0x9C,
    0x0E,0xAD,0xD1,0xCD,0xF5,0xEE,0x13,0xFF,0x6C,0xFE,0x6D,0xFE,0x6C,0xFE,0x6C,0xFE,
    0x6C,0xFE,0x6C,0xFE,0x6C,0xFE,0x6C,0xFE,0x6C,0xFE,0x6C,0xFE,0x6C,0xFE,0x00,0x00,
    0x00,0x00,0x00,0x00,0x00,0x00,0x00,0x00,0x00,0x00,0x00,0x00,0x00,0x00,0x00,0x00,
    0x6C,0xFE,0x6C,0xFE,0x6C,0xFE,0x6C,0xFE,0x6C,0xFE,0x6C,0xFE,0x8B,0xFE,0x6C,0xFE,
    0x6C,0xFE,0xAF,0xFE,0x8C,0x9C,0xEC,0xAC,0x6C,0xFE,0x0E,0xAD,0x4F,0xAD,0x4C,0x8C,
    0xCE,0x94,0x0F,0xA5,0x0F,0xA5,0xAE,0x94,0xCE,0x9C,0x8D,0x94,0xCA,0x7B,0x8A,0x73,
    0x69,0x83,0x2F,0xDD,0x2E,0xCD,0x6E,0xAD,0x2E,0xAD,0x11,0xCE,0x31,0xCE,0xAF,0xBD,
    0xF0,0xC5,0xAC,0xB4,0xCC,0xCC,0xF0,0xED,0x73,0xFE,0x53,0xFE,0x94,0xFE,0x74,0xFE,
    0xB5,0xFE,0xB5,0xFE,0xD6,0xFE,0xF6,0xFE,0x17,0xFF,0x58,0xFF,0x58,0xFF,0x59,0xFF,
    0x59,0xFF,0x58,0xFF,0x58,0xFF,0x79,0xFF,0x57,0xFF,0x58,0xFF,0x16,0xF7,0xB6,0xE6,
    0x38,0xFF,0x74,0xFE,0xD5,0xFE,0x0F,0xCD,0x6D,0xA4,0xEB,0x8B,0x0B,0x8C,0xCD,0xA4,
    0x2F,0xB5,0x31,0xDE,0x57,0xFF,0xD3,0xF6,0x6C,0xFE,0x6D,0xFE,0x6C,0xFE,0x6C,0xFE,
    0x6C,0xFE,0x6C,0xFE,0x6C,0xFE,0x6C,0xFE,0x6C,0xFE,0x6C,0xFE,0x6C,0xFE,0x00,0x00,
    0x00,0x00,0x00,0x00,0x00,0x00,0x00,0x00,0x00,0x00,0x00,0x00,0x00,0x00,0x00,0x00,
    0x6C,0xFE,0x6C,0xFE,0x6C,0xFE,0x6C,0xFE,0x6C,0xFE,0x6C,0xFE,0x6C,0xFE,0x8D,0xFE,
    0xEB,0xE5,0x2D,0xF6,0x4D,0xBD,0x4A,0x94,0x0B,0xBD,0xB2,0xEE,0xB1,0xBD,0x0B,0x84,
    0x6C,0x94,0x0F,0xA5,0x4C,0x8C,0x2C,0x8C,0xAE,0x94,0xEF,0xA4,0x0B,0x84,0xAE,0x94,
    0xAE,0x94,0x86,0x62,0x68,0x8B,0x2E,0xAD,0x6C,0x94,0xF0,0xC5,0xF0,0xCD,0xF1,0xCD,
    0x31,0xCE,0x4E,0xC5,0xF1,0xE5,0xD0,0xE5,0xD1,0xED,0xB5,0xFE,0x53,0xFE,0x53,0xFE,
    0x32,0xFE,0x74,0xFE,0xD6,0xFE,0x17,0xFF,0x37,0xFF,0x58,0xFF,0x58,0xFF,0x59,0xFF,
    0x79,0xFF,0x58,0xFF,0x58,0xFF,0x57,0xFF,0x38,0xFF,0x58,0xFF,0x38,0xFF,0xF7,0xFE,
    0x95,0xFE,0x54,0xFE,0x74,0xFE,0xAE,0xBC,0x2C,0x94,0x69,0x7B,0x2C,0x8C,0x0E,0xAD,
    0xB0,0xC5,0x11,0xD6,0xF5,0xEE,0x73,0xE6,0x6C,0xFE,0x8D,0xFE,0x6C,0xFE,0x6C,0xFE,
    0x6C,0xFE,0x6C,0xFE,0x55,0xFF,0x6C,0xFE,0x6C,0xFE,0x6C,0xFE,0x6C,0xFE,0x00,0x00,
    0x00,0x00,0x00,0x00,0x00,0x00,0x00,0x00,0x00,0x00,0x00,0x00,0x00,0x00,0x00,0x00,
    0x6C,0xFE,0x6C,0xFE,0x6C,0xFE,0x6C,0xFE,0x6C,0xFE,0x6C,0xFE,0x6C,0xFE,0x6C,0xFE,
    0x6C,0xFE,0x4B,0xF6,0x6C,0xFE,0x2D,0xBD,0xCC,0xAC,0x31,0xDE,0xD1,0xBD,0x6C,0x94,
    0xAA,0x7B,0x0F,0xA5,0x2B,0x8C,0xA9,0x7B,0xCE,0x9C,0xEE,0xA4,0x6C,0x94,0xAD,0x94,
    0x71,0xB5,0xCE,0x9C,0x89,0x7B,0xAC,0xA4,0x28,0x63,0x8E,0xB5,0x8F,0xBD,0xD0,0xC5,
    0xF0,0xCD,0xAF,0xCD,0x12,0xEE,0x17,0xFF,0x74,0xFE,0xD6,0xFE,0x94,0xFE,0x94,0xFE,
    0x74,0xFE,0x94,0xFE,0xF6,0xFE,0x38,0xFF,0x38,0xFF,0x58,0xFF,0x78,0xFF,0x99,0xFF,
    0x58,0xFF,0x79,0xFF,0x78,0xFF,0x58,0xFF,0x58,0xFF,0x37,0xFF,0xF6,0xFE,0xB5,0xFE,
    0x53,0xFE,0x13,0xFE,0x95,0xFE,0x10,0xBD,0xEB,0x93,0x6A,0x73,0x2C,0x94,0x6F,0xBD,
    0xAF,0xC5,0xAF,0xCD,0x31,0xDE,0x93,0xEE,0x4C,0xFE,0x6C,0xFE,0x2C,0xFE,0x6C,0xFE,
    0x6C,0xFE,0x6C,0xFE,0x55,0xFF,0x6C,0xFE,0x6C,0xFE,0x6C,0xFE,0x6C,0xFE,0x00,0x00,
    0x00,0x00,0x00,0x00,0x00,0x00,0x00,0x00,0x00,0x00,0x00,0x00,0x00,0x00,0x00,0x00,
    0x6C,0xFE,0x6C,0xFE,0x6C,0xFE,0x6C,0xFE,0x6C,0xFE,0x6C,0xFE,0x6C,0xFE,0x6C,0xFE,
    0x6C,0xFE,0x6C,0xFE,0x4C,0xF6,0x6C,0xFE,0x6C,0xFE,0xF1,0xFE,0x4F,0xB5,0x0E,0xAD,
    0x70,0xB5,0xEE,0xAC,0x6C,0x94,0xA8,0x83,0xCD,0xA4,0x0F,0xAD,0x6C,0x94,0x8D,0x94,
    0x50,0xAD,0xEF,0x9C,0xAA,0x7B,0x8C,0x9C,0xE8,0x5A,0xAC,0x9C,0x6E,0xB5,0x8F,0xBD,
    0xD0,0xC5,0xD0,0xC5,0x32,0xE6,0xDA,0xFF,0x17,0xFF,0xF6,0xFE,0xD5,0xFE,0xD6,0xFE,
    0xD6,0xFE,0xF6,0xFE,0x38,0xFF,0x58,0xFF,0x58,0xFF,0x78,0xFF,0xF7,0xFE,0x96,0xF6,
    0x79,0xFF,0xF7,0xF6,0x79,0xFF,0x58,0xFF,0x58,0xFF,0x37,0xFF,0x16,0xFF,0xD6,0xFE,
    0xD6,0xFE,0x53,0xFE,0xD6,0xFE,0x4E,0xA4,0x8D,0x9C,0x0B,0x94,0x8F,0xCD,0xF0,0xCD,
    0xAF,0xC5,0x8E,0xC5,0xCF,0xD5,0x72,0xEE,0x4C,0xFE,0x6C,0xFE,0x2C,0xFE,0x6C,0xFE,
    0x6C,0xFE,0x55,0xFF,0x55,0xFF,0x6C,0xFE,0x6C,0xFE,0x6C,0xFE,0x6C,0xFE,0x00,0x00,
    0x00,0x00,0x00,0x00,0x00,0x00,0x00,0x00,0x00,0x00,0x00,0x00,0x00,0x00,0x00,0x00,
    0x6C,0xFE,0x6C,0xFE,0x6C,0xFE,0x6C,0xFE,0x6C,0xFE,0x6C,0xFE,0x6C,0xFE,0x6C,0xFE,
    0x6C,0xFE,0x6C,0xFE,0x6C,0xFE,0x4D,0xF6,0x4B,0xFE,0x0F,0xE6,0xEE,0xAC,0xED,0xA4,
    0xF2,0xCD,0x2F,0xBD,0x8C,0x9C,0xED,0xAC,0xAC,0xAC,0xAC,0x9C,0xEE,0xA4,0x28,0x6B,
    0x4C,0x94,0x0F,0xA5,0x4D,0x8C,0x6B,0x94,0xCB,0x7B,0x89,0x73,0x6E,0xB5,0x8F,0xB5,
    0xAF,0xBD,0x11,0xCE,0x4F,0xBD,0xB2,0xCD,0xBA,0xFF,0x58,0xFF,0x16,0xFF,0x17,0xFF,
    0x37,0xFF,0x58,0xFF,0x58,0xFF,0x58,0xFF,0x58,0xFF,0x78,0xFF,0xD6,0xFE,0xF2,0xF5,
    0xD6,0xFE,0x14,0xE6,0x79,0xFF,0x58,0xFF,0x58,0xFF,0x58,0xFF,0x37,0xFF,0x17,0xFF,
    0xB5,0xFE,0x57,0xFF,0x30,0xCD,0x8B,0x83,0xEF,0xB4,0xAC,0xC4,0xF1,0xD5,0xD0,0xC5,
    0xF0,0xD5,0x0D,0xB5,0x6E,0xC5,0x31,0xEE,0x4C,0xF6,0x6C,0xFE,0x2C,0xFE,0x55,0xFF,
    0x55,0xFF,0x55,0xFF,0x55,0xFF,0x55,0xFF,0x55,0xFF,0x55,0xFF,0x00,0x00,0x00,0x00,
    0x00,0x00,0x00,0x00,0x00,0x00,0x00,0x00,0x00,0x00,0x00,0x00,0x00,0x00,0x00,0x00,
    0x6C,0xFE,0x6C,0xFE,0x6C,0xFE,0x6C,0xFE,0x6C,0xFE,0x6C,0xFE,0x6C,0xFE,0x6C,0xFE,
    0x6C,0xFE,0x6C,0xFE,0x6C,0xFE,0x6C,0xFE,0x6C,0xFE,0xAB,0xDD,0x8F,0xFE,0xAC,0xAC,
    0x4A,0x94,0xB0,0xFE,0xF1,0xD5,0xED,0xAC,0xD2,0xD5,0x2F,0xB5,0x8C,0x9C,0xCA,0x83,
    0x0B,0x8C,0x6C,0x94,0x2C,0x84,0xCC,0xA4,0xEE,0xA4,0xAA,0x7B,0xCC,0x9C,0xAF,0xBD,
    0x6F,0xB5,0xD0,0xBD,0x6F,0xBD,0xE7,0x6A,0xCD,0xA4,0xB5,0xEE,0x79,0xFF,0x79,0xFF,
    0x79,0xFF,0x58,0xFF,0x38,0xFF,0x58,0xFF,0x58,0xFF,0x38,0xFF,0x78,0xFF,0x79,0xFF,
    0x78,0xFF,0x9A,0xFF,0x79,0xFF,0x58,0xFF,0x38,0xFF,0x38,0xFF,0x58,0xFF,0x9A,0xFF,
    0x9A,0xFF,0x91,0xD5,0x6A,0x8B,0x8E,0xA4,0xCB,0x93,0x69,0x8B,0xF1,0xCD,0xD0,0xCD,
    0x11,0xD6,0x4A,0x94,0x4E,0xBD,0x93,0xEE,0x6C,0xFE,0x4C,0xF6,0x6C,0xFE,0x6C,0xFE,
    0x6C,0xFE,0x55,0xFF,0x55,0xFF,0x6C,0xFE,0x6C,0xFE,0x6C,0xFE,0x00,0x00,0x00,0x00,
    0x00,0x00,0x00,0x00,0x00,0x00,0x00,0x00,0x00,0x00,0x00,0x00,0x00,0x00,0x00,0x00,
    0x6C,0xFE,0x6C,0xFE,0x6C,0xFE,0x6C,0xFE,0x6C,0xFE,0x6C,0xFE,0x6C,0xFE,0x6C,0xFE,
    0x6C,0xFE,0x6C,0xFE,0x6C,0xFE,0x6C,0xFE,0x6C,0xFE,0x6C,0xFE,0x6C,0xFE,0x6C,0xFE,
    0x8B,0xA4,0xEC,0xB4,0x6C,0xFE,0xCE,0xDD,0x6B,0xAC,0x91,0xC5,0x92,0xC5,0xA9,0x83,
    0xAE,0xA4,0xB6,0xE6,0xEF,0xAC,0x06,0x63,0x6B,0x9C,0x65,0x52,0x65,0x52,0x0D,0xA5,
    0xAF,0xBD,0x6F,0xB5,0xCF,0xC5,0x89,0x73,0x08,0x53,0x08,0x7B,0xB1,0xED,0x74,0xF6,
    0x38,0xFF,0x79,0xFF,0x78,0xFF,0x58,0xFF,0x38,0xFF,0x38,0xFF,0x38,0xFF,0x58,0xFF,
    0x79,0xFF,0x9A,0xFF,0x9A,0xFF,0x79,0xFF,0x78,0xFF,0x98,0xFF,0x58,0xFF,0x55,0xDE,
    0xEF,0xB4,0x0C,0x94,0xCF,0xA4,0x8E,0xA4,0x4C,0x94,0x6C,0xA4,0xF0,0xCD,0xB0,0xC5,
    0xB0,0xCD,0x90,0xC5,0x11,0xDE,0x31,0xE6,0x6C,0xFE,0x4C,0xF6,0x6C,0xFE,0x6C,0xFE,
    0x6C,0xFE,0x6C,0xFE,0x55,0xFF,0x6C,0xFE,0x6C,0xFE,0x6C,0xFE,0x00,0x00,0x00,0x00,
    0x00,0x00,0x00,0x00,0x00,0x00,0x00,0x00,0x00,0x00,0x00,0x00,0x00,0x00,0x00,0x00,
    0x00,0x00,0x00,0x00,0x6C,0xFE,0x6C,0xFE,0x6C,0xFE,0x6C,0xFE,0x6C,0xFE,0x6C,0xFE,
    0x6C,0xFE,0x6C,0xFE,0x6C,0xFE,0x6C,0xFE,0x6C,0xFE,0x6C,0xFE,0x8D,0xFE,0x6C,0xFE,
    0x6C,0xFE,0x4E,0xF6,0x4C,0xF6,0x6C,0xFE,0x8D,0xD5,0xEA,0x93,0xF1,0xD5,0xAE,0xD5,
    0x0B,0x94,0x2B,0x8C,0x6C,0x94,0x4B,0x84,0x68,0x73,0xEA,0x83,0xA5,0x52,0xC6,0x52,
    0x6B,0x8C,0xAF,0xBD,0xCF,0xC5,0x2A,0x94,0xEA,0x8B,0xC9,0xA3,0xB1,0xFD,0x2F,0xE5,
    0x2E,0xDD,0x4F,0xDD,0xF2,0xED,0x95,0xF6,0x16,0xFF,0x58,0xFF,0x98,0xFF,0xBA,0xFF,
    0xFB,0xFF,0xF1,0xC5,0xB5,0xE6,0x7A,0xFF,0x75,0xEE,0x71,0xCD,0x4D,0xA4,0x0C,0x94,
    0x8E,0x9C,0x8D,0x9C,0xCE,0xA4,0xAE,0xA4,0xCA,0x8B,0x0E,0xB5,0xB0,0xCD,0x10,0xD6,
    0x8F,0xC5,0x33,0xDE,0x6F,0xC5,0x70,0xF6,0x6C,0xFE,0x8D,0xFE,0x6C,0xFE,0x6C,0xFE,
    0x6C,0xFE,0x6C,0xFE,0x55,0xFF,0x6C,0xFE,0x6C,0xFE,0x6C,0xFE,0x00,0x00,0x00,0x00,
    0x00,0x00,0x00,0x00,0x00,0x00,0x00,0x00,0x00,0x00,0x00,0x00,0x00,0x00,0x00,0x00,
    0x00,0x00,0x00,0x00,0x00,0x00,0x6C,0xFE,0x6C,0xFE,0x6C,0xFE,0x6C,0xFE,0x6C,0xFE,
    0x6C,0xFE,0x6C,0xFE,0x6C,0xFE,0x6C,0xFE,0x6C,0xFE,0x6C,0xFE,0x6C,0xFE,0x6C,0xFE,
    0x4B,0xFE,0x6C,0xFE,0x6C,0xFE,0x4C,0xFE,0x6C,0xFE,0x6C,0xFE,0x6C,0xFE,0x6B,0xA4,
    0x0A,0x84,0xE8,0x73,0xA8,0x6B,0xC9,0x73,0x27,0x5B,0x88,0x6B,0x47,0x5B,0xA5,0x52,
    0xE9,0x93,0xEC,0xAC,0x6E,0xBD,0x4D,0xB5,0x8E,0xCD,0x2E,0xBD,0x6B,0xBC,0x2F,0xE5,
    0x4F,0xED,0xCD,0xDC,0x6C,0xD4,0x48,0x8B,0x4C,0x84,0x8D,0x9C,0x4C,0x9C,0x8E,0xB4,
    0xAD,0xB4,0x8A,0x9C,0x8A,0x94,0xEB,0x83,0x2D,0x8C,0x2E,0x8C,0x4D,0x94,0x4D,0x94,
    0x8D,0x9C,0xCD,0xA4,0x50,0xBD,0x30,0xB5,0xCE,0xB4,0x6E,0xC5,0x10,0xDE,0xCF,0xD5,
    0x8D,0xFE,0xAC,0xBC,0x4E,0xC5,0x6C,0xFE,0x4C,0xF6,0x6C,0xFE,0x6C,0xFE,0x6C,0xFE,
    0x6C,0xFE,0x6C,0xFE,0x6C,0xFE,0x6C,0xFE,0x6C,0xFE,0x6C,0xFE,0x00,0x00,0x00,0x00,
    0x00,0x00,0x00,0x00,0x00,0x00,0x00,0x00,0x00,0x00,0x00,0x00,0x00,0x00,0x00,0x00,
    0x00,0x00,0x00,0x00,0x00,0x00,0x00,0x00,0x6C,0xFE,0x6C,0xFE,0x6C,0xFE,0x6C,0xFE,
    0x6C,0xFE,0x6C,0xFE,0x6C,0xFE,0x6C,0xFE,0x6C,0xFE,0x6C,0xFE,0x6C,0xFE,0x6C,0xFE,
    0x6C,0xFE,0x4C,0xFE,0x6C,0xFE,0x6C,0xFE,0x4B,0xF6,0x6C,0xFE,0x4A,0x9C,0xE9,0x7B,
    0x8A,0x84,0x8A,0x84,0x09,0x7C,0x48,0x63,0x68,0x63,0x27,0x5B,0xE6,0x62,0x2D,0xBD,
    0x92,0xF6,0xF0,0xDD,0x6E,0xC5,0xEC,0xB4,0xCC,0xAC,0xF0,0xD5,0x8E,0xC5,0x2A,0xA4,
    0x2A,0xAC,0x8C,0xBC,0x4F,0xE5,0xC9,0xAB,0x47,0x73,0xE9,0x8B,0x88,0xA3,0x24,0xB2,
    0xC9,0xDB,0x0B,0xBD,0xAA,0xBC,0xE9,0xDB,0x2A,0xC4,0x4B,0xB4,0xCA,0xA3,0xEF,0xB4,
    0x8D,0x9C,0x8C,0xAC,0x76,0xE6,0x19,0xEF,0x8F,0xCD,0xF1,0xDD,0xF0,0xD5,0x50,0xEE,
    0xAC,0xB4,0x0D,0xC5,0x6C,0xFE,0x4C,0xFE,0x6C,0xFE,0x6C,0xFE,0x6C,0xFE,0x6C,0xFE,
    0x6C,0xFE,0x6C,0xFE,0x6C,0xFE,0x6C,0xFE,0x6C,0xFE,0x00,0x00,0x00,0x00,0x00,0x00,
    0x00,0x00,0x00,0x00,0x00,0x00,0x00,0x00,0x00,0x00,0x00,0x00,0x00,0x00,0x00,0x00,
    0x00,0x00,0x00,0x00,0x00,0x00,0x00,0x00,0x6C,0xFE,0x6C,0xFE,0x6C,0xFE,0x6C,0xFE,
    0x6C,0xFE,0x6C,0xFE,0x6C,0xFE,0x6C,0xFE,0x6C,0xFE,0x6C,0xFE,0x6C,0xFE,0x6C,0xFE,
    0x6C,0xFE,0x6C,0xFE,0x6C,0xFE,0x4C,0xFE,0x6C,0xFE,0xEE,0xE5,0xA9,0x7B,0xEB,0x94,
    0x8A,0x84,0x6A,0x84,0x2A,0x7C,0xEA,0x73,0xC9,0x73,0x47,0x6B,0xF0,0xD5,0x31,0xE6,
    0xF0,0xDD,0x31,0xE6,0x72,0xEE,0xCF,0xD5,0x8B,0xA4,0x0C,0xB5,0x10,0xD6,0xAE,0xCD,
    0x8E,0xC5,0x48,0x7B,0x27,0xA3,0x47,0xCB,0x26,0xCB,0x87,0xAB,0x4C,0xBD,0x4A,0xB4,
    0x84,0xC2,0x49,0xA4,0xCB,0xBC,0x4A,0xE4,0xAF,0xDD,0x8D,0xDD,0x0D,0xD5,0x8D,0xBC,
    0xCA,0xA3,0xB1,0xF6,0x75,0xE6,0x90,0xD5,0x4E,0xC5,0xF0,0xDD,0x8D,0xFE,0x4D,0xF6,
    0xEE,0xDD,0x6C,0xFE,0x8C,0xFE,0x6C,0xFE,0x6C,0xFE,0x6C,0xFE,0x6C,0xFE,0x6C,0xFE,
    0x6C,0xFE,0x6C,0xFE,0x6C,0xFE,0x6C,0xFE,0x6C,0xFE,0x00,0x00,0x00,0x00,0x00,0x00,
    0x00,0x00,0x00,0x00,0x00,0x00,0x00,0x00,0x00,0x00,0x00,0x00,0x00,0x00,0x00,0x00,
    0x00,0x00,0x00,0x00,0x00,0x00,0x00,0x00,0x00,0x00,0x6C,0xFE,0x6C,0xFE,0x6C,0xFE,
    0x6C,0xFE,0x6C,0xFE,0x6C,0xFE,0x6C,0xFE,0x6C,0xFE,0x6C,0xFE,0x6C,0xFE,0x6C,0xFE,
    0x6C,0xFE,0x6C,0xFE,0x6C,0xFE,0x2C,0xF6,0x6C,0xFE,0xED,0xAC,0xAB,0x94,0xCA,0x94,
    0x0B,0x9D,0xAB,0x8C,0x6A,0x84,0x8A,0x8C,0xE6,0x5A,0x8B,0xA4,0xB2,0xF6,0x72,0xEE,
    0x72,0xEE,0xF0,0xDD,0xF0,0xDD,0x93,0xEE,0xCF,0xD5,0x0D,0xB5,0xAF,0xCD,0x8E,0xCD,
    0xAC,0xB4,0x07,0xAB,0x27,0xD3,0x68,0xDB,0xE7,0x9A,0x06,0x6B,0xEB,0x84,0xCE,0x9D,
    0x69,0x9C,0xE7,0x9B,0x49,0x94,0xEC,0x9C,0xEB,0xA4,0xC8,0xA3,0xCC,0xE4,0x30,0xFE,
    0xB1,0xED,0xAD,0xDC,0x30,0xE6,0xCE,0xDD,0x6F,0xFE,0x6C,0xFE,0x6C,0xFE,0x6C,0xFE,
    0x6C,0xFE,0x0B,0xFE,0x6C,0xFE,0x6C,0xFE,0x6C,0xFE,0x6C,0xFE,0x6C,0xFE,0x6C,0xFE,
    0x6C,0xFE,0x6C,0xFE,0x6C,0xFE,0x6C,0xFE,0x00,0x00,0x00,0x00,0x00,0x00,0x00,0x00,
    0x00,0x00,0x00,0x00,0x00,0x00,0x00,0x00,0x00,0x00,0x00,0x00,0x00,0x00,0x00,0x00,
    0x00,0x00,0x00,0x00,0x00,0x00,0x00,0x00,0x00,0x00,0x6C,0xFE,0x6C,0xFE,0x6C,0xFE,
    0x6C,0xFE,0x6C,0xFE,0x6C,0xFE,0x6C,0xFE,0x6C,0xFE,0x6C,0xFE,0x6C,0xFE,0x6C,0xFE,
    0x6C,0xFE,0x6C,0xFE,0x6C,0xFE,0x4C,0xFE,0x8D,0xFE,0x8C,0x9C,0x4D,0xAD,0xAF,0xB5,
    0x4C,0xAD,0x4C,0xA5,0xAB,0x8C,0x67,0x63,0x07,0x6B,0x51,0xE6,0x31,0xE6,0x72,0xEE,
    0x71,0xEE,0xB3,0xF6,0xAE,0xDD,0x52,0xE6,0xD4,0xF6,0x8E,0xCD,0xEC,0xB4,0x0A,0xA4,
    0x47,0xBB,0x68,0xDB,0xE9,0xE3,0x67,0xDB,0x65,0xA2,0xC5,0x9A,0x26,0xAB,0x46,0x93,
    0xEA,0x9C,0x2B,0xA5,0xEB,0xA4,0x4C,0xA5,0x49,0xC4,0x6A,0xEC,0xAE,0xFD,0x6D,0xFD,
    0xF3,0xFE,0xD6,0xFE,0xEA,0xD3,0x6C,0xFE,0x6C,0xFE,0x4C,0xF6,0x6C,0xFE,0x6C,0xFE,
    0x6D,0xFE,0x6C,0xFE,0x6C,0xFE,0x6C,0xFE,0x6C,0xFE,0x6C,0xFE,0x6C,0xFE,0x6C,0xFE,
    0x6C,0xFE,0x6C,0xFE,0x6C,0xFE,0x6C,0xFE,0x00,0x00,0x00,0x00,0x00,0x00,0x00,0x00,
    0x00,0x00,0x00,0x00,0x00,0x00,0x00,0x00,0x00,0x00,0x00,0x00,0x00,0x00,0x00,0x00,
    0x00,0x00,0x00,0x00,0x00,0x00,0x00,0x00,0x00,0x00,0x6C,0xFE,0x6C,0xFE,0x6C,0xFE,
    0x6C,0xFE,0x6C,0xFE,0x6C,0xFE,0x6C,0xFE,0x6C,0xFE,0x6C,0xFE,0x6C,0xFE,0x6C,0xFE,
    0x6C,0xFE,0x6C,0xFE,0x6D,0xFE,0x6C,0xFE,0x2E,0xEE,0x6C,0x94,0xF0,0xC5,0x4E,0xAD,
    0xA8,0x6B,0x47,0x5B,0x26,0x5B,0xC3,0x29,0xCC,0xB4,0x51,0xEE,0x51,0xE6,0x93,0xF6,
    0xF5,0xF6,0xF5,0xFE,0xF5,0xFE,0x31,0xE6,0x37,0xFF,0x52,0xE6,0x4E,0xCD,0x88,0xC3,
    0x47,0xDB,0xA9,0xDB,0x0A,0xE4,0xC8,0xE3,0xC8,0xE3,0x09,0xE4,0x47,0xDB,0x09,0x9C,
    0xCD,0xA5,0xA8,0x8B,0xE9,0x8B,0x0C,0x95,0x6C,0xBD,0x8E,0xCD,0x8E,0xE5,0x72,0xFE,
    0xFC,0xFF,0xB8,0xFF,0xF2,0xFD,0x2C,0xD4,0x70,0xEE,0x6C,0xFE,0x6D,0xFE,0x6C,0xFE,
    0x6C,0xFE,0x6C,0xFE,0x6C,0xFE,0x6C,0xFE,0x6C,0xFE,0x6C,0xFE,0x6C,0xFE,0x6C,0xFE,
    0x6C,0xFE,0x6C,0xFE,0x6C,0xFE,0x00,0x00,0x00,0x00,0x00,0x00,0x00,0x00,0x00,0x00,
    0x00,0x00,0x00,0x00,0x00,0x00,0x00,0x00,0x00,0x00,0x00,0x00,0x00,0x00,0x00,0x00,
    0x00,0x00,0x00,0x00,0x00,0x00,0x00,0x00,0x00,0x00,0x6C,0xFE,0x6C,0xFE,0x6C,0xFE,
    0x6C,0xFE,0x6C,0xFE,0x6C,0xFE,0x6C,0xFE,0x6C,0xFE,0x6C,0xFE,0x6C,0xFE,0x6C,0xFE,
    0x6C,0xFE,0x6C,0xFE,0x4C,0xFE,0x4C,0xFE,0xAB,0xE5,0x0D,0xAD,0xEC,0xA4,0x06,0x53,
    0x65,0x42,0x47,0x63,0xA5,0x4A,0x86,0x52,0xCF,0xDD,0x31,0xE6,0x72,0xEE,0xD4,0xF6,
    0x78,0xFF,0x37,0xFF,0x58,0xFF,0xF5,0xF6,0x73,0xEE,0x15,0xF7,0x6B,0xBC,0xC6,0xCA,
    0x07,0xD3,0xA8,0xDB,0xA8,0xDB,0x4A,0xDC,0x4A,0xD4,0x28,0xE4,0x47,0xB3,0x49,0x7C,
    0xA8,0x93,0xC5,0xC2,0x27,0xB3,0xEA,0x83,0x46,0x9B,0x29,0xBC,0x8B,0xC4,0x31,0xFE,
    0xFD,0xFF,0x56,0xFF,0xCF,0xFD,0x32,0xFE,0x70,0xDD,0x0D,0xF6,0x4C,0xFE,0x6C,0xFE,
    0x6C,0xFE,0x6C,0xFE,0x6C,0xFE,0x6C,0xFE,0x6C,0xFE,0x6C,0xFE,0x6C,0xFE,0x6C,0xFE,
    0x6C,0xFE,0x6C,0xFE,0x6C,0xFE,0x00,0x00,0x00,0x00,0x00,0x00,0x00,0x00,0x00,0x00,
    0x00,0x00,0x00,0x00,0x00,0x00,0x00,0x00,0x00,0x00,0x00,0x00,0x00,0x00,0x00,0x00,
    0x00,0x00,0x00,0x00,0x00,0x00,0x00,0x00,0x6C,0xFE,0x6C,0xFE,0x6C,0xFE,0x6C,0xFE,
    0x6C,0xFE,0x6C,0xFE,0x6C,0xFE,0x6C,0xFE,0x6C,0xFE,0x6C,0xFE,0x6C,0xFE,0x6C,0xFE,
    0x6C,0xFE,0x6C,0xFE,0x6C,0xFE,0x6C,0xFE,0x6B,0xA4,0xC6,0x5A,0xE6,0x52,0x27,0x53,
    0x68,0x63,0x09,0x84,0x44,0x3A,0xA9,0x83,0x31,0xEE,0x51,0xE6,0x72,0xEE,0x16,0xFF,
    0x57,0xFF,0x58,0xFF,0xF6,0xF6,0xD5,0xF6,0x30,0xE6,0x11,0xDE,0x68,0xB3,0xA6,0xCA,
    0xA6,0xCA,0x47,0xD3,0xE9,0xDB,0xA8,0xD3,0xAF,0xE5,0x8A,0xE4,0xE6,0xB2,0xE5,0xA2,
    0x47,0xDB,0x09,0xF4,0x49,0xFC,0x67,0xCB,0x88,0xCB,0x89,0xFC,0x0B,0xFD,0x2C,0xFD,
    0x31,0xFE,0x93,0xFE,0x49,0xFC,0xB1,0xFD,0xD6,0xFE,0xD0,0xE5,0x6C,0xFE,0x6C,0xFE,
    0x6C,0xFE,0x6C,0xFE,0x6C,0xFE,0x6C,0xFE,0x6C,0xFE,0x6C,0xFE,0x6C,0xFE,0x6C,0xFE,
    0x6C,0xFE,0x6C,0xFE,0x00,0x00,0x00,0x00,0x00,0x00,0x00,0x00,0x00,0x00,0x00,0x00,
    0x00,0x00,0x00,0x00,0x00,0x00,0x00,0x00,0x00,0x00,0x00,0x00,0x00,0x00,0x00,0x00,
    0x00,0x00,0x00,0x00,0x00,0x00,0x6C,0xFE,0x6C,0xFE,0x6C,0xFE,0x6C,0xFE,0x6C,0xFE,
    0x6C,0xFE,0x6C,0xFE,0x6C,0xFE,0x6C,0xFE,0x6C,0xFE,0x6C,0xFE,0x6C,0xFE,0x6C,0xFE,
    0x6C,0xFE,0x6C,0xFE,0x4C,0xFE,0x4B,0x9C,0xAC,0xA4,0x06,0x53,0x47,0x5B,0x47,0x53,
    0x09,0x7C,0x67,0x63,0xC6,0x4A,0x8C,0xA4,0x93,0xF6,0x51,0xE6,0xB3,0xF6,0x37,0xFF,
    0x16,0xFF,0x37,0xFF,0xB4,0xF6,0x10,0xE6,0x8E,0xD5,0x0D,0xCD,0x48,0xC3,0x86,0xCA,
    0x85,0xC2,0x68,0xD3,0x68,0xD3,0x27,0xDB,0x6B,0xEC,0x09,0xEC,0xE9,0xEB,0xE9,0xEB,
    0xE9,0xEB,0x09,0xF4,0x8B,0xFC,0xEB,0xFC,0xCB,0xFC,0x53,0xFE,0xF1,0xFD,0xAA,0xFC,
    0x89,0xFC,0x2E,0xFD,0x0A,0xFC,0xED,0xFC,0x33,0xF6,0x31,0xEE,0x6C,0xFE,0x8D,0xFE,
    0x6C,0xFE,0x6C,0xFE,0x6C,0xFE,0x6C,0xFE,0x6C,0xFE,0x6C,0xFE,0x6C,0xFE,0x6C,0xFE,
    0x6C,0xFE,0x6C,0xFE,0x00,0x00,0x00,0x00,0x00,0x00,0x00,0x00,0x00,0x00,0x00,0x00,
    0x00,0x00,0x00,0x00,0x00,0x00,0x00,0x00,0x00,0x00,0x00,0x00,0x00,0x00,0x00,0x00,
    0x00,0x00,0x00,0x00,0x00,0x00,0x6C,0xFE,0x6C,0xFE,0x6C,0xFE,0x6C,0xFE,0x6C,0xFE,
    0x6C,0xFE,0x6C,0xFE,0x6C,0xFE,0x6C,0xFE,0x6C,0xFE,0x6C,0xFE,0x6C,0xFE,0x2C,0xF6,
    0x6C,0xFE,0xCD,0xDD,0xAC,0xA4,0x4E,0xB5,0xEA,0x73,0x27,0x53,0x07,0x53,0x27,0x5B,
    0xA8,0x73,0x47,0x5B,0x06,0x53,0xCC,0xB4,0xB4,0xF6,0x72,0xEE,0xD4,0xF6,0x16,0xFF,
    0x36,0xFF,0x36,0xFF,0x37,0xFF,0x73,0xEE,0xF0,0xDD,0x09,0xB4,0x27,0xCB,0x85,0xCA,
    0x85,0xCA,0x47,0xD3,0x88,0xDB,0xA9,0xE3,0xE9,0xEB,0xE9,0xEB,0xE8,0xEB,0xC8,0xE3,
    0xC8,0xEB,0xA8,0xEB,0xE8,0xF3,0x2E,0xFD,0x4D,0xFD,0x79,0xFF,0x17,0xFF,0x8A,0xFC,
    0x8E,0xFD,0xEC,0xFC,0xE9,0xF3,0x8C,0xFC,0xB1,0xED,0x4C,0xFE,0x6C,0xFE,0x6C,0xFE,
    0x6C,0xFE,0x6C,0xFE,0x6C,0xFE,0x6C,0xFE,0x6C,0xFE,0x6C,0xFE,0x6C,0xFE,0x6C,0xFE,
    0x6C,0xFE,0x6C,0xFE,0x00,0x00,0x00,0x00,0x00,0x00,0x00,0x00,0x00,0x00,0x00,0x00,
    0x00,0x00,0x00,0x00,0x00,0x00,0x00,0x00,0x00,0x00,0x00,0x00,0x00,0x00,0x00,0x00,
    0x00,0x00,0x00,0x00,0x6C,0xFE,0x6C,0xFE,0x6C,0xFE,0x6C,0xFE,0x6C,0xFE,0x6C,0xFE,
    0x6C,0xFE,0x6C,0xFE,0x6C,0xFE,0x6C,0xFE,0x6C,0xFE,0x6C,0xFE,0x2C,0xF6,0x6C,0xFE,
    0xE9,0xC4,0x4E,0xB5,0xD0,0xBD,0xA8,0x63,0x27,0x53,0x47,0x5B,0xC6,0x4A,0x67,0x6B,
    0xC6,0x52,0x47,0x5B,0x06,0x5B,0xEC,0xBC,0xB4,0xEE,0x72,0xEE,0x93,0xF6,0x36,0xFF,
    0x16,0xFF,0x16,0xFF,0x16,0xFF,0x57,0xFF,0x73,0xE6,0x67,0xA3,0x48,0xD3,0x85,0xCA,
    0xA5,0xCA,0x27,0xD3,0xC9,0xDB,0xC9,0xE3,0xEA,0xE3,0x09,0xEC,0xA8,0xE3,0xC8,0xE3,
    0xC8,0xEB,0xA8,0xEB,0xA8,0xEB,0x4A,0xF4,0x6A,0xFC,0xEC,0xFC,0xAB,0xFC,0xAA,0xFC,
    0x6D,0xFD,0x6D,0xFD,0xC9,0xF3,0xA9,0xFB,0x0E,0xED,0xEF,0xED,0x6C,0xFE,0x4C,0xFE,
    0x6C,0xFE,0x6C,0xFE,0x6C,0xFE,0x6C,0xFE,0x6C,0xFE,0x6C,0xFE,0x6C,0xFE,0x6C,0xFE,
    0x6C,0xFE,0x6C,0xFE,0x00,0x00,0x00,0x00,0x00,0x00,0x00,0x00,0x00,0x00,0x00,0x00,
    0x00,0x00,0x00,0x00,0x00,0x00,0x00,0x00,0x00,0x00,0x00,0x00,0x00,0x00,0x00,0x00,
    0x00,0x00,0x6C,0xFE,0x6C,0xFE,0x6C,0xFE,0x6C,0xFE,0x6C,0xFE,0x6C,0xFE,0x6C,0xFE,
    0x6C,0xFE,0x6C,0xFE,0x6C,0xFE,0x6C,0xFE,0x6C,0xFE,0x2B,0xF6,0x6C,0xFE,0x28,0xA4,
    0x2E,0xB5,0xF4,0xE6,0xC9,0x6B,0xA8,0x63,0xA8,0x6B,0x07,0x53,0x27,0x5B,0x27,0x63,
    0xE7,0x52,0xE6,0x52,0x09,0x8C,0xCC,0xBC,0x52,0xE6,0xD5,0xF6,0x72,0xEE,0x16,0xFF,
    0x58,0xFF,0x58,0xFF,0x37,0xFF,0x37,0xFF,0x73,0xEE,0xE9,0xB3,0xA9,0xDB,0xE6,0xCA,
    0x85,0xCA,0x07,0xD3,0x47,0xD3,0x88,0xDB,0x0A,0xE4,0xC9,0xE3,0xE9,0xE3,0xC9,0xE3,
    0xE9,0xEB,0xE9,0xEB,0x2A,0xEC,0xC9,0xEB,0xA8,0xEB,0x6A,0xF4,0x6A,0xFC,0x8A,0xFC,
    0x0B,0xFD,0x6C,0xFD,0x09,0xF4,0x27,0xF3,0x6C,0xEC,0xEF,0xED,0x6C,0xFE,0x4C,0xFE,
    0x6C,0xFE,0x6C,0xFE,0x6C,0xFE,0x6C,0xFE,0x6C,0xFE,0x6C,0xFE,0x6C,0xFE,0x6C,0xFE,
    0x6C,0xFE,0x6C,0xFE,0x00,0x00,0x00,0x00,0x00,0x00,0x00,0x00,0x00,0x00,0x00,0x00,
    0x00,0x00,0x00,0x00,0x00,0x00,0x00,0x00,0x00,0x00,0x00,0x00,0x00,0x00,0x00,0x00,
    0x6C,0xFE,0x6C,0xFE,0x6C,0xFE,0x6C,0xFE,0x6C,0xFE,0x6C,0xFE,0x6C,0xFE,0x6C,0xFE,
    0x6C,0xFE,0x6C,0xFE,0x6C,0xFE,0x6C,0xFE,0x2C,0xF6,0x6C,0xFE,0xCB,0xB4,0x4E,0xBD,
    0x72,0xDE,0x09,0x7C,0x68,0x5B,0xC9,0x6B,0x47,0x5B,0xE6,0x52,0x88,0x73,0xC7,0x52,
    0x89,0x63,0x28,0x53,0x4D,0xBD,0x6F,0xCD,0x53,0xE6,0xF5,0xF6,0x37,0xFF,0xD4,0xF6,
    0x30,0xEE,0x16,0xFF,0x58,0xFF,0x78,0xFF,0xF5,0xF6,0xA8,0xA3,0x89,0xCB,0x68,0xD3,
    0xC6,0xCA,0xA6,0xCA,0xE6,0xD2,0x07,0xD3,0xA8,0xDB,0xE9,0xE3,0xE9,0xE3,0x09,0xEC,
    0xE9,0xEB,0xE9,0xEB,0xE9,0xEB,0x47,0xE3,0x67,0xE3,0x67,0xE3,0x49,0xF4,0x49,0xF4,
    0x2C,0xFD,0x6C,0xFD,0xE9,0xF3,0x06,0xEB,0xE9,0xE3,0x4C,0xD5,0x4C,0xFE,0x4C,0xFE,
    0x6C,0xFE,0x6C,0xFE,0x6C,0xFE,0x6C,0xFE,0x6C,0xFE,0x6C,0xFE,0x6C,0xFE,0x6C,0xFE,
    0x6C,0xFE,0x6C,0xFE,0x00,0x00,0x00,0x00,0x00,0x00,0x00,0x00,0x00,0x00,0x00,0x00,
    0x00,0x00,0x00,0x00,0x00,0x00,0x00,0x00,0x00,0x00,0x00,0x00,0x00,0x00,0x00,0x00,
    0x6C,0xFE,0x6C,0xFE,0x6C,0xFE,0x6C,0xFE,0x6C,0xFE,0x6C,0xFE,0x6C,0xFE,0x6C,0xFE,
    0x6C,0xFE,0x6C,0xFE,0x6C,0xFE,0x4C,0xFE,0x6C,0xFE,0x0C,0xBD,0x4E,0xB5,0x8E,0xB5,
    0x88,0x63,0x48,0x5B,0x68,0x5B,0x47,0x5B,0xE6,0x4A,0x88,0x6B,0x27,0x63,0x48,0x5B,
    0x68,0x63,0xE9,0x7B,0x31,0xE6,0x11,0xE6,0x73,0xEE,0xD5,0xF6,0x37,0xFF,0x37,0xFF,
    0x16,0xFF,0x16,0xFF,0xD5,0xF6,0x93,0xF6,0xB3,0xF6,0x4F,0xC5,0x27,0xBB,0xA9,0xDB,
    0x48,0xD3,0xA5,0xD2,0xA6,0xD2,0xC6,0xCA,0x07,0xD3,0x48,0xDB,0x26,0xDB,0x67,0xE3,
    0xE9,0xEB,0x2A,0xEC,0xE9,0xEB,0xA8,0xE3,0xC8,0xE3,0xA8,0xE3,0x87,0xEB,0xE9,0xF3,
    0xCB,0xFC,0xCB,0xF4,0xC9,0xEB,0x89,0xE3,0xC9,0xCB,0x0D,0xEE,0x6C,0xFE,0x8C,0xFE,
    0x6C,0xFE,0x6C,0xFE,0x6C,0xFE,0x6C,0xFE,0x6C,0xFE,0x6C,0xFE,0x6C,0xFE,0x6C,0xFE,
    0x6C,0xFE,0x6C,0xFE,0x6C,0xFE,0x00,0x00,0x00,0x00,0x00,0x00,0x00,0x00,0x00,0x00,
    0x00,0x00,0x00,0x00,0x00,0x00,0x00,0x00,0x00,0x00,0x00,0x00,0x00,0x00,0x00,0x00,
    0x6C,0xFE,0x6C,0xFE,0x6C,0xFE,0x6C,0xFE,0x6C,0xFE,0x6C,0xFE,0x6C,0xFE,0x6C,0xFE,
    0x6C,0xFE,0x6C,0xFE,0x2C,0xF6,0x6C,0xFE,0x6D,0xC5,0x2E,0xB5,0x0D,0xA5,0x68,0x5B,
    0xA9,0x6B,0xA9,0x6B,0x68,0x5B,0x47,0x5B,0x27,0x5B,0xA7,0x7B,0xE7,0x52,0xA8,0x63,
    0x68,0x5B,0xEC,0xAC,0x51,0xEE,0xAF,0xD5,0x73,0xEE,0x52,0xEE,0x93,0xF6,0x57,0xFF,
    0x9A,0xFF,0xBA,0xFF,0x78,0xFF,0xB4,0xF6,0x52,0xEE,0x0D,0xC5,0x65,0x8A,0x48,0xCB,
    0xEA,0xDB,0xE7,0xD2,0xC6,0xD2,0xC6,0xCA,0x86,0xC2,0x24,0xCA,0x0C,0xDC,0xAA,0xDB,
    0x89,0xEB,0x88,0xE3,0x88,0xE3,0x68,0xE3,0x88,0xE3,0x47,0xE3,0x06,0xDB,0x67,0xE3,
    0xE8,0xEB,0xE9,0xF3,0xC5,0xDA,0x31,0xE5,0x7A,0xFF,0xEE,0xCC,0x2A,0xE5,0x4C,0xFE,
    0x4C,0xFE,0x6C,0xFE,0x6C,0xFE,0x6C,0xFE,0x6C,0xFE,0x6C,0xFE,0x6C,0xFE,0x6C,0xFE,
    0x6C,0xFE,0x6C,0xFE,0x6C,0xFE,0x00,0x00,0x00,0x00,0x00,0x00,0x00,0x00,0x00,0x00,
    0x00,0x00,0x00,0x00,0x00,0x00,0x00,0x00,0x00,0x00,0x00,0x00,0x00,0x00,0x00,0x00,
    0x6C,0xFE,0x6C,0xFE,0x6C,0xFE,0x6C,0xFE,0x6C,0xFE,0x6C,0xFE,0x6C,0xFE,0x6C,0xFE,
    0x6C,0xFE,0x4C,0xFE,0x6C,0xFE,0x6C,0xC5,0x0D,0xAD,0x0D,0xA5,0xC8,0x6B,0xC9,0x6B,
    0x47,0x5B,0x47,0x5B,0x47,0x5B,0x68,0x5B,0xAA,0x9C,0x06,0x5B,0x47,0x5B,0x88,0x63,
    0x07,0x5B,0xED,0xBC,0x50,0xEE,0xAE,0xD5,0x72,0xEE,0xD5,0xF6,0x16,0xFF,0x78,0xFF,
    0x58,0xFF,0xB4,0xF6,0x31,0xE6,0x94,0xEE,0xF6,0xFE,0xF6,0xFE,0xD2,0xD5,0x6C,0xCC,
    0x27,0xBB,0x68,0xC3,0xE7,0xC2,0x65,0xC2,0xA7,0xC2,0x34,0xF6,0x97,0xF6,0x25,0xC2,
    0xA6,0xDA,0x07,0xD3,0xE6,0xD2,0x07,0xDB,0x07,0xDB,0xE6,0xDA,0x06,0xDB,0x47,0xE3,
    0x47,0xE3,0xCA,0xDB,0xF0,0xE4,0x8A,0xC3,0x54,0xF6,0x79,0xFF,0x0A,0xBC,0x6C,0xFE,
    0x4B,0xFE,0x6C,0xFE,0x6C,0xFE,0x6C,0xFE,0x6C,0xFE,0x6C,0xFE,0x6C,0xFE,0x6C,0xFE,
    0x6C,0xFE,0x6C,0xFE,0x6C,0xFE,0x6C,0xFE,0x00,0x00,0x00,0x00,0x00,0x00,0x00,0x00,
    0x00,0x00,0x00,0x00,0x00,0x00,0x00,0x00,0x00,0x00,0x00,0x00,0x00,0x00,0x00,0x00,
    0x6C,0xFE,0x6C,0xFE,0x6C,0xFE,0x6C,0xFE,0x6C,0xFE,0x6C,0xFE,0x6C,0xFE,0x6C,0xFE,
    0x8C,0xFE,0x4C,0xFE,0xCC,0xDD,0xEC,0xA4,0x2D,0xA5,0x68,0x5B,0xC8,0x6B,0xE9,0x6B,
    0xE8,0x7B,0xCA,0xA4,0xA8,0x6B,0x6A,0x84,0x89,0x94,0xA6,0x42,0x68,0x5B,0xA8,0x63,
    0xC6,0x5A,0xA7,0x9B,0x30,0xEE,0xAF,0xD5,0x10,0xE6,0x72,0xF6,0xF6,0xFE,0x79,0xFF,
    0xD4,0xF6,0xB4,0xF6,0x58,0xFF,0x99,0xFF,0x78,0xFF,0x57,0xFF,0x78,0xFF,0x78,0xFF,
    0xF1,0xE5,0x78,0xFF,0x6E,0xB4,0x65,0xA2,0xD6,0xFE,0xFB,0xFF,0x91,0xE5,0x6D,0xD4,
    0x76,0xF6,0xF8,0xFE,0x49,0xC3,0xA5,0xD2,0xC6,0xD2,0xE6,0xDA,0xE6,0xDA,0x27,0xE3,
    0x64,0xCA,0x69,0xC3,0x74,0xF6,0x59,0xFF,0xBC,0xFF,0xFE,0xFF,0x30,0xD5,0x89,0xCC,
    0x6C,0xFE,0x4C,0xFE,0x6C,0xFE,0x6C,0xFE,0x6C,0xFE,0x6C,0xFE,0x6C,0xFE,0x6C,0xFE,
    0x6C,0xFE,0x6C,0xFE,0x6C,0xFE,0x6C,0xFE,0x6C,0xFE,0x00,0x00,0x00,0x00,0x00,0x00,
    0x00,0x00,0x00,0x00,0x00,0x00,0x00,0x00,0x00,0x00,0x00,0x00,0x00,0x00,0x00,0x00,
    0x6C,0xFE,0x6C,0xFE,0x6C,0xFE,0x6C,0xFE,0x6C,0xFE,0x6C,0xFE,0x6C,0xFE,0x6C,0xFE,
    0x2B,0xF6,0x6C,0xFE,0x8C,0x9C,0x6E,0xB5,0xE9,0x73,0x6A,0x84,0x0C,0xA5,0xAA,0x94,
    0x2B,0xAD,0xE8,0x7B,0xE9,0x6B,0x6B,0xB5,0x07,0x5B,0x07,0x53,0x68,0x5B,0x27,0x53,
    0x68,0x73,0x8E,0xD5,0x2C,0xCD,0xF0,0xDD,0x10,0xE6,0x51,0xEE,0xF5,0xF6,0x57,0xFF,
    0x57,0xFF,0x58,0xFF,0x58,0xFF,0x57,0xFF,0x57,0xFF,0x37,0xFF,0x16,0xFF,0xB4,0xFE,
    0x53,0xEE,0xD5,0xF6,0x8C,0xCC,0x54,0xEE,0x78,0xFF,0x17,0xFF,0x78,0xFF,0xFA,0xFF,
    0xF6,0xFE,0x8D,0xD4,0x0C,0xCC,0xA6,0xD2,0xC6,0xD2,0xE6,0xD2,0x85,0xCA,0x85,0xD2,
    0x24,0xB2,0xEF,0xDC,0x32,0xFE,0x74,0xFE,0x17,0xFF,0x79,0xFF,0x70,0xE5,0xAC,0xC4,
    0x6C,0xFE,0x4B,0xFE,0x6C,0xFE,0x6C,0xFE,0x6C,0xFE,0x6C,0xFE,0x6C,0xFE,0x6C,0xFE,
    0x6C,0xFE,0x6C,0xFE,0x6C,0xFE,0x6C,0xFE,0x6C,0xFE,0x6C,0xFE,0x00,0x00,0x00,0x00,
    0x00,0x00,0x00,0x00,0x00,0x00,0x00,0x00,0x00,0x00,0x00,0x00,0x00,0x00,0x00,0x00,
    0x6C,0xFE,0x6C,0xFE,0x6C,0xFE,0x6C,0xFE,0x6C,0xFE,0x6C,0xFE,0x6C,0xFE,0x4C,0xFE,
    0x6C,0xFE,0x6B,0x9C,0x6B,0x8C,0xEC,0x9C,0x0C,0xA5,0xCC,0x94,0x29,0x7C,0x2A,0x7C,
    0x4A,0x7C,0xA9,0x63,0x4B,0xAD,0x08,0x84,0x86,0x42,0x07,0x53,0x27,0x53,0xC5,0x4A,
    0x6B,0xA4,0x72,0xEE,0x32,0xE6,0x32,0xE6,0x31,0xE6,0x73,0xEE,0x16,0xFF,0xF5,0xFE,
    0x93,0xF6,0x16,0xFF,0x57,0xFF,0x37,0xFF,0x57,0xFF,0x37,0xFF,0x36,0xFF,0x73,0xF6,
    0x78,0xFF,0xB0,0xE5,0x11,0xFE,0xF6,0xFE,0x17,0xFF,0x18,0xFF,0xF6,0xFE,0xD5,0xFE,
    0xD6,0xFE,0xF7,0xFE,0x92,0xE5,0xA6,0xCA,0xE6,0xDA,0x85,0xCA,0xC6,0xCA,0xA6,0xC2,
    0xA6,0xBA,0x0F,0xD5,0x12,0xF6,0x94,0xFE,0x94,0xFE,0x73,0xFE,0x2F,0xDD,0x2F,0xCD,
    0x8D,0xF6,0x4C,0xFE,0x6C,0xFE,0x6C,0xFE,0x6C,0xFE,0x6C,0xFE,0x6C,0xFE,0x6C,0xFE,
    0x6C,0xFE,0x6C,0xFE,0x6C,0xFE,0x6C,0xFE,0x6C,0xFE,0x6C,0xFE,0x6C,0xFE,0x00,0x00,
    0x00,0x00,0x00,0x00,0x00,0x00,0x00,0x00,0x00,0x00,0x00,0x00,0x00,0x00,0x00,0x00,
    0x6C,0xFE,0x6C,0xFE,0x6C,0xFE,0x6C,0xFE,0x6C,0xFE,0x6C,0xFE,0x4B,0xF6,0x4C,0xFE,
    0xCC,0xE5,0xE9,0x73,0xCB,0x8C,0x6B,0x84,0xEA,0x6B,0xA9,0x6B,0x09,0x74,0xAB,0x8C,
    0x4A,0x7C,0x8B,0x8C,0x4B,0xB5,0xC6,0x52,0x08,0x53,0xE6,0x52,0x85,0x42,0x6C,0x9C,
    0x11,0xDE,0x2D,0xC5,0x11,0xE6,0xF1,0xDD,0x4E,0xCD,0xB3,0xF6,0x72,0xEE,0x72,0xEE,
    0x31,0xE6,0x93,0xEE,0x37,0xFF,0x37,0xFF,0x37,0xFF,0x57,0xFF,0xF5,0xFE,0xB4,0xF6,
    0x57,0xFF,0x6F,0xE5,0xF2,0xF5,0x53,0xF6,0xD6,0xFE,0xD6,0xFE,0xF6,0xFE,0xB5,0xFE,
    0xB5,0xFE,0x74,0xF6,0x6D,0xCC,0xE7,0xCA,0x69,0xD3,0x69,0xD3,0xAA,0xD3,0x49,0xD3,
    0x66,0xAA,0x8E,0xCC,0xF5,0xFE,0xD5,0xFE,0x73,0xFE,0x0E,0xD5,0xAD,0xC4,0xCA,0x93,
    0x6E,0xEE,0x6C,0xFE,0x2D,0xF6,0x6C,0xFE,0x6C,0xFE,0x6C,0xFE,0x6C,0xFE,0x6C,0xFE,
    0x6C,0xFE,0x6C,0xFE,0x6C,0xFE,0x6C,0xFE,0x6C,0xFE,0x6C,0xFE,0x6C,0xFE,0x00,0x00,
    0x00,0x00,0x00,0x00,0x00,0x00,0x00,0x00,0x00,0x00,0x00,0x00,0x00,0x00,0x00,0x00,
    0x6C,0xFE,0x6C,0xFE,0x6C,0xFE,0x6C,0xFE,0x6C,0xFE,0x6C,0xFE,0x4B,0xF6,0x6C,0xFE,
    0x0A,0x84,0x2B,0x7C,0x0A,0x74,0x2A,0x7C,0x8B,0x84,0x6A,0x8C,0x6A,0x7C,0x8B,0x84,
    0x6B,0x7C,0x6C,0xA5,0x49,0x8C,0x28,0x53,0x07,0x53,0x65,0x42,0x88,0x7B,0x11,0xDE,
    0xF1,0xDD,0xF0,0xDD,0xD0,0xDD,0xF1,0xDD,0x6E,0xCD,0x31,0xE6,0x72,0xEE,0x52,0xE6,
    0x73,0xEE,0x73,0xEE,0xB4,0xF6,0x16,0xFF,0xF5,0xF6,0xD4,0xF6,0x31,0xEE,0x57,0xFF,
    0x33,0xEE,0x2E,0xE5,0x12,0xFE,0x53,0xFE,0xB5,0xFE,0xD6,0xFE,0xB5,0xFE,0xB5,0xFE,
    0xD5,0xFE,0xEE,0xDC,0x08,0xBB,0x0B,0xDC,0x6C,0xE4,0x0B,0xDC,0xCA,0xD3,0x28,0xAB,
    0xE7,0x82,0xA9,0x93,0x2B,0xAC,0xEE,0xC4,0x4B,0xAC,0x68,0x93,0x69,0x8B,0x4B,0x9C,
    0x92,0xEE,0x0B,0xF6,0x6C,0xFE,0x4C,0xFE,0x6C,0xFE,0x6C,0xFE,0x6C,0xFE,0x6C,0xFE,
    0x6C,0xFE,0x6C,0xFE,0x6C,0xFE,0x6C,0xFE,0x6C,0xFE,0x6C,0xFE,0x6C,0xFE,0x6C,0xFE,
    0x00,0x00,0x00,0x00,0x00,0x00,0x00,0x00,0x00,0x00,0x00,0x00,0x00,0x00,0x00,0x00,
    0x6C,0xFE,0x6C,0xFE,0x6C,0xFE,0x6C,0xFE,0x6C,0xFE,0x4C,0xF6,0x6C,0xFE,0x4D,0xBD,
    0xEA,0x73,0x4B,0x7C,0x0A,0x74,0x4B,0x84,0x0C,0xA5,0x6A,0x84,0x6B,0x84,0x8B,0x84,
    0x8A,0x84,0x6B,0xAD,0x47,0x63,0x07,0x5B,0x48,0x6B,0xCC,0xAC,0xAF,0xD5,0xD0,0xD5,
    0x32,0xDE,0xF0,0xDD,0x8E,0xD5,0x31,0xE6,0x11,0xDE,0x8F,0xD5,0xB4,0xEE,0x73,0xEE,
    0x73,0xEE,0x73,0xEE,0x73,0xEE,0x73,0xEE,0x93,0xEE,0x31,0xE6,0x32,0xEE,0x99,0xFF,
    0x70,0xDD,0x6F,0xED,0x12,0xF6,0x70,0xDD,0x8D,0xBC,0x50,0xD5,0x90,0xDD,0xCE,0xC4,
    0xEB,0xBB,0x28,0xC3,0x48,0xCB,0x89,0xCB,0x69,0xBB,0xC7,0x92,0x28,0x83,0x8A,0x94,
    0x2C,0xAD,0x0B,0xA5,0xE6,0x62,0x44,0x4A,0xC9,0x83,0xEC,0xAC,0x6A,0x9C,0x71,0xDE,
    0x0D,0xB5,0xAB,0xBC,0x4B,0xDD,0x6C,0xFE,0x6D,0xFE,0x6C,0xFE,0x6C,0xFE,0x6C,0xFE,
    0x6C,0xFE,0x6C,0xFE,0x6C,0xFE,0x6C,0xFE,0x6C,0xFE,0x6C,0xFE,0x6C,0xFE,0x6C,0xFE,
    0x6C,0xFE,0x00,0x00,0x00,0x00,0x00,0x00,0x00,0x00,0x00,0x00,0x00,0x00,0x00,0x00,
    0x6C,0xFE,0x6C,0xFE,0x6C,0xFE,0x6C,0xFE,0x6C,0xFE,0x4B,0xF6,0x6C,0xFE,0x8C,0x8C,
    0x4B,0x7C,0x2A,0x7C,0x0A,0x74,0x8B,0x8C,0x4A,0x84,0x4A,0x7C,0x6B,0x84,0x4B,0x7C,
    0x0B,0x9D,0xE8,0x7B,0x89,0x6B,0x2E,0xC5,0xCF,0xD5,0xF0,0xDD,0xF1,0xDD,0x32,0xDE,
    0x8E,0xCD,0x4D,0xCD,0x51,0xE6,0x73,0xEE,0xF5,0xF6,0x32,0xDE,0x11,0xDE,0xD5,0xF6,
    0x73,0xE6,0x73,0xEE,0x73,0xEE,0x73,0xEE,0x93,0xEE,0x11,0xE6,0x73,0xEE,0x37,0xFF,
    0xEA,0xA3,0xA9,0xAB,0x68,0x8B,0xA9,0x7B,0xC8,0x73,0x88,0x73,0xE7,0x5A,0xA5,0x52,
    0xA5,0x5A,0x26,0x7B,0xE8,0x93,0x47,0x73,0xE9,0x7B,0xE9,0x7B,0xA8,0x73,0x8A,0x9C,
    0x2C,0xB5,0xCF,0xC5,0xCB,0xA4,0x09,0x8C,0x47,0x6B,0x06,0x63,0x29,0x8C,0xAA,0x9C,
    0x69,0x8C,0xB2,0xEE,0x72,0xEE,0x8B,0xE5,0x6C,0xFE,0x8D,0xFE,0x6C,0xFE,0x6C,0xFE,
    0x6C,0xFE,0x6C,0xFE,0x6C,0xFE,0x6C,0xFE,0x6C,0xFE,0x6C,0xFE,0x6C,0xFE,0x6C,0xFE,
    0x6C,0xFE,0x6C,0xFE,0x00,0x00,0x00,0x00,0x00,0x00,0x00,0x00,0x00,0x00,0x00,0x00,
    0x6C,0xFE,0x6C,0xFE,0x6C,0xFE,0x6C,0xFE,0x8C,0xFE,0x6C,0xFE,0xAD,0xDD,0x0A,0x7C,
    0x6B,0x7C,0x4B,0x7C,0x4A,0x84,0x4A,0x84,0x0A,0x74,0x8B,0x84,0x4B,0x7C,0xAB,0x8C,
    0x09,0x84,0xC7,0x52,0x28,0x63,0x8F,0xCD,0x52,0xE6,0x52,0xE6,0x52,0xE6,0x32,0xE6,
    0x11,0xDE,0x72,0xE6,0x93,0xEE,0x93,0xEE,0x31,0xDE,0xCF,0xDD,0x6E,0xCD,0xB0,0xD5,
    0xD5,0xF6,0xB4,0xEE,0x73,0xEE,0x73,0xEE,0x73,0xEE,0x11,0xE6,0x11,0xE6,0xD5,0xF6,
    0x0A,0xBC,0xEA,0xB3,0x47,0x6B,0x6B,0x8C,0x2A,0x84,0xC9,0x7B,0xE6,0x5A,0x07,0x5B,
    0x47,0x63,0xA7,0x6B,0xCA,0x94,0x8A,0x8C,0x4A,0x84,0xC9,0x73,0x0A,0x84,0x6D,0xBD,
    0xF0,0xD5,0xAE,0xC5,0x2C,0xB5,0xCB,0xAC,0xCF,0xCD,0x0E,0xAD,0xC7,0x83,0xEA,0x9C,
    0x0B,0xA5,0x71,0xD6,0xF8,0xFF,0xD9,0xFF,0x13,0xFF,0x6C,0xFE,0x6D,0xFE,0x6C,0xFE,
    0x6C,0xFE,0x6C,0xFE,0x6C,0xFE,0x6C,0xFE,0x6C,0xFE,0x6C,0xFE,0x6C,0xFE,0x6C,0xFE,
    0x6C,0xFE,0x6C,0xFE,0x6C,0xFE,0x6C,0xFE,0x00,0x00,0x00,0x00,0x00,0x00,0x00,0x00,
    0x6C,0xFE,0x6C,0xFE,0x6C,0xFE,0x6C,0xFE,0x2C,0xF6,0x6C,0xFE,0xE9,0x83,0x4B,0x7C,
    0x8B,0x84,0x4A,0x7C,0x6A,0x84,0x2A,0x7C,0x4A,0x7C,0x2A,0x7C,0x4A,0x7C,0x8A,0x94,
    0xE6,0x5A,0x08,0x53,0xE7,0x52,0x07,0x63,0xCD,0xAC,0x6C,0xA4,0x2E,0xBD,0xB4,0xEE,
    0x93,0xEE,0x73,0xEE,0x94,0xEE,0x10,0xDE,0x6D,0xD5,0x6E,0xCD,0x11,0xDE,0x6E,0xC5,
    0xED,0xB4,0x73,0xE6,0xF5,0xF6,0x73,0xEE,0xCF,0xDD,0xF1,0xDD,0x93,0xF6,0x8C,0xB4,
    0xCA,0xA3,0xE7,0x72,0x27,0x63,0xE9,0x8B,0x8A,0xA4,0xE9,0x93,0x0A,0x9C,0xC9,0x8B,
    0x67,0x73,0x06,0x63,0x46,0x63,0xE8,0x7B,0xC8,0x7B,0x4A,0x94,0x10,0xD6,0xB2,0xEE,
    0xB2,0xEE,0xB1,0xEE,0xF2,0xF6,0xF2,0xF6,0xF2,0xEE,0x96,0xFF,0xF0,0xCD,0xAA,0xA4,
    0x2C,0xAD,0xEF,0xC5,0xB7,0xFF,0xD7,0xFF,0x75,0xFF,0xD1,0xF6,0x6C,0xFE,0x8D,0xFE,
    0x6C,0xFE,0x6C,0xFE,0x6C,0xFE,0x6C,0xFE,0x6C,0xFE,0x6C,0xFE,0x6C,0xFE,0x6C,0xFE,
    0x6C,0xFE,0x6C,0xFE,0x6C,0xFE,0x6C,0xFE,0x6C,0xFE,0x00,0x00,0x00,0x00,0x00,0x00,
    0x6C,0xFE,0x6C,0xFE,0x6C,0xFE,0x6C,0xFE,0x4C,0xFE,0x4C,0xFE,0x48,0x6B,0x8C,0x84,
    0x4B,0x7C,0x2A,0x7C,0x8C,0x84,0x2A,0x7C,0x0A,0x74,0x0A,0x74,0x6B,0x8C,0x47,0x63,
    0x48,0x5B,0xE7,0x52,0x07,0x53,0xE7,0x52,0x65,0x42,0x28,0x73,0x73,0xE6,0x93,0xEE,
    0x73,0xE6,0x73,0xEE,0xB4,0xEE,0x73,0xE6,0x32,0xDE,0x31,0xDE,0x72,0xEE,0xAC,0xA4,
    0x2E,0xBD,0xEC,0xB4,0x8F,0xCD,0x32,0xE6,0x72,0xEE,0xF4,0xFE,0x4F,0xC5,0x24,0x4A,
    0xC6,0x5A,0x09,0x8C,0xAE,0xC5,0x50,0xDE,0x70,0xE6,0xCE,0xD5,0x0F,0xDE,0x70,0xE6,
    0x8E,0xC5,0x8B,0xA4,0x47,0x63,0xE6,0x5A,0x8B,0x9C,0xF0,0xD5,0x10,0xD6,0x10,0xD6,
    0x71,0xE6,0xB2,0xEE,0xCC,0xB4,0x8E,0xD5,0xB0,0xDD,0x51,0xE6,0x36,0xFF,0x57,0xF7,
    0x8D,0xC5,0xEE,0xC5,0x34,0xF7,0x13,0xFF,0x32,0xFF,0x54,0xFF,0x0E,0xDE,0x6C,0xFE,
    0x8D,0xFE,0x6C,0xFE,0x6C,0xFE,0x6C,0xFE,0x6C,0xFE,0x6C,0xFE,0x6C,0xFE,0x6C,0xFE,
    0x6C,0xFE,0x6C,0xFE,0x6C,0xFE,0x6C,0xFE,0x6C,0xFE,0x6C,0xFE,0x6C,0xFE,0x6C,0xFE,
    0x6C,0xFE,0x6C,0xFE,0x6C,0xFE,0x6B,0xFE,0x2C,0xF6,0xEA,0xB4,0x69,0x63,0x6B,0x7C,
    0xEA,0x6B,0x6B,0x7C,0xAC,0x84,0x2A,0x74,0x0A,0x74,0x6B,0x84,0x68,0x6B,0x08,0x53,
    0x68,0x63,0x07,0x53,0x86,0x42,0x07,0x53,0xE7,0x52,0x32,0xDE,0xF4,0xFE,0x52,0xE6,
    0x72,0xE6,0x93,0xEE,0xB4,0xEE,0x94,0xEE,0xD4,0xF6,0x73,0xE6,0xCA,0x7B,0xE9,0x83,
    0x31,0xDE,0xF0,0xD5,0x30,0xDE,0x6B,0xA4,0xC9,0x8B,0xED,0xAC,0x06,0x63,0xC8,0x7B,
    0x4C,0xB5,0x0F,0xD6,0x50,0xDE,0xEF,0xCD,0x6D,0xC5,0x0F,0xD6,0x6D,0xC5,0x0C,0xC5,
    0xAE,0xDD,0x6B,0xB4,0x4B,0xA4,0x4A,0x8C,0x8E,0xBD,0x31,0xDE,0x71,0xDE,0xCF,0xCD,
    0xCC,0xBC,0xED,0xCC,0xEE,0xDC,0x90,0xED,0xF1,0xED,0xF2,0xE5,0xEE,0xC4,0x33,0xDE,
    0xF5,0xEE,0xAE,0xC5,0x91,0xE6,0xF2,0xF6,0x91,0xEE,0xF2,0xF6,0x71,0xE6,0x8C,0xC5,
    0x6C,0xFE,0x6C,0xFE,0x6C,0xFE,0x6C,0xFE,0x6C,0xFE,0x6C,0xFE,0x6C,0xFE,0x6C,0xFE,
    0x6C,0xFE,0x6C,0xFE,0x6C,0xFE,0x6C,0xFE,0x6C,0xFE,0x6C,0xFE,0x6C,0xFE,0x6C,0xFE,
    0x6C,0xFE,0x6C,0xFE,0x6C,0xFE,0x6C,0xFE,0x6C,0xFE,0x4B,0xCD,0x2B,0x7C,0x6B,0x7C,
    0xEA,0x6B,0x6C,0x84,0x8C,0x84,0x6B,0x7C,0x6B,0x84,0x68,0x63,0x28,0x5B,0x48,0x5B,
    0xE7,0x52,0xE7,0x52,0x48,0x63,0x07,0x5B,0x89,0x63,0xEE,0xA4,0xF6,0xFE,0xD4,0xF6,
    0x73,0xEE,0x52,0xE6,0x93,0xEE,0x32,0xE6,0x6C,0x9C,0xE6,0x5A,0x64,0x52,0x32,0xDE,
    0x93,0xE6,0x32,0xDE,0x32,0xD6,0xA9,0x73,0x67,0x63,0xE8,0x7B,0x0C,0xAD,0xEE,0xCD,
    0x0F,0xD6,0xCE,0xCD,0x50,0xDE,0x0C,0xBD,0x2F,0xD5,0xB1,0xE5,0x4F,0xDD,0xD1,0xED,
    0x32,0xF6,0xB0,0xED,0x70,0xDD,0x2E,0xC5,0x6A,0x9C,0x71,0xDE,0x71,0xDE,0xED,0xC4,
    0x4F,0xED,0x4F,0xED,0x33,0xFE,0xF7,0xFE,0x58,0xFF,0x58,0xFF,0x9A,0xFF,0x33,0xDE,
    0x8C,0xB4,0x67,0x83,0x2C,0xBD,0xEE,0xD5,0x30,0xD6,0xEE,0xCD,0x50,0xDE,0x6D,0xBD,
    0x6D,0xFE,0x6C,0xFE,0x6C,0xFE,0x6C,0xFE,0x6C,0xFE,0x6C,0xFE,0x6C,0xFE,0x6C,0xFE,
    0x6C,0xFE,0x6C,0xFE,0x6C,0xFE,0x6C,0xFE,0x6C,0xFE,0x6C,0xFE,0x6C,0xFE,0x6C,0xFE,
    0x6C,0xFE,0x4C,0xFE,0x6C,0xFE,0xAE,0xFE,0x8F,0xBD,0x4F,0xAD,0x4B,0x7C,0x6B,0x7C,
    0xEA,0x6B,0x6C,0x84,0x6C,0x84,0x4B,0x7C,0x48,0x6B,0xAA,0x73,0xCB,0x73,0xC7,0x4A,
    0xC7,0x52,0x69,0x63,0x68,0x63,0xA9,0x6B,0x6B,0x7C,0x0A,0x74,0x0A,0x84,0x2B,0x8C,
    0x07,0x63,0x0A,0xAC,0xAD,0xBC,0xEB,0x83,0x24,0x3A,0x85,0x4A,0xC8,0x7B,0xD1,0xCD,
    0x73,0xE6,0xCC,0xA4,0x6A,0x8C,0x6A,0x8C,0xEB,0xA4,0xEF,0xCD,0x50,0xD6,0x0F,0xD6,
    0xEE,0xCD,0xEE,0xD5,0xEE,0xCD,0x0D,0xC5,0xF2,0xF5,0xB5,0xFE,0x17,0xFF,0x57,0xFF,
    0x37,0xFF,0x37,0xFF,0x58,0xFF,0x18,0xFF,0xB2,0xCD,0xA8,0x93,0x6B,0xB4,0x2E,0xE5,
    0x90,0xED,0x33,0xF6,0x17,0xFF,0x17,0xFF,0x17,0xFF,0x16,0xFF,0xB4,0xFE,0x57,0xFF,
    0x34,0xDE,0xAB,0xBC,0xEF,0xD5,0x11,0xD6,0x0F,0xD6,0xEF,0xCD,0x2F,0xD6,0xAE,0xC5,
    0x2E,0xE6,0x6C,0xFE,0x4C,0xFE,0x6C,0xFE,0x6C,0xFE,0x6C,0xFE,0x6C,0xFE,0x6C,0xFE,
    0x6C,0xFE,0x6C,0xFE,0x6C,0xFE,0x6C,0xFE,0x6C,0xFE,0x6C,0xFE,0x6C,0xFE,0x6C,0xFE,
    0x6C,0xFE,0x6C,0xFE,0x2C,0xEE,0x8C,0x94,0x0E,0x9D,0x6C,0x84,0x4B,0x7C,0x0A,0x74,
    0x0B,0x74,0x2B,0x7C,0x6C,0x7C,0x28,0x63,0x8A,0x73,0x2C,0x7C,0xCB,0x73,0xC7,0x52,
    0xE7,0x52,0x69,0x63,0x89,0x6B,0x4A,0x7C,0x4A,0x7C,0x6B,0x84,0x2A,0x74,0xC9,0x6B,
    0xA9,0x73,0xA9,0x83,0x27,0x63,0xC6,0x4A,0x48,0x5B,0x27,0x63,0xCC,0x9C,0x09,0x84,
    0x6A,0x94,0xAB,0x94,0x0C,0xA5,0xCB,0x9C,0xCE,0xC5,0xEF,0xCD,0x0F,0xD6,0x8E,0xC5,
    0x6D,0xBD,0x8D,0xC5,0x8B,0xB4,0x6F,0xED,0x74,0xFE,0x17,0xFF,0x17,0xFF,0x37,0xFF,
    0x17,0xFF,0x17,0xFF,0x17,0xFF,0x17,0xFF,0x79,0xFF,0x55,0xEE,0xAC,0xDC,0x90,0xF5,
    0xD1,0xED,0xF6,0xFE,0xF7,0xFE,0xF6,0xFE,0xF6,0xFE,0x17,0xFF,0xF6,0xFE,0x73,0xFE,
    0xF6,0xFE,0xD1,0xD5,0xEF,0xE5,0x51,0xDE,0x10,0xD6,0xEF,0xCD,0xEF,0xC5,0x10,0xCE,
    0xAE,0xC5,0x6C,0xFE,0x6C,0xFE,0x6C,0xFE,0x6C,0xFE,0x6C,0xFE,0x6C,0xFE,0x6C,0xFE,
    0x6C,0xFE,0x6C,0xFE,0x6C,0xFE,0x6C,0xFE,0x6C,0xFE,0x6C,0xFE,0x6C,0xFE,0x6C,0xFE,
    0x6C,0xFE,0x8C,0xD5,0xAC,0x9C,0x6F,0xB5,0xB1,0xBD,0x0B,0x74,0x2A,0x74,0x0A,0x74,
    0x2B,0x74,0x2B,0x74,0x08,0x5B,0x8A,0x73,0x6D,0x84,0xEB,0x73,0x28,0x63,0x86,0x52,
    0xEB,0x73,0x08,0x53,0xEA,0x7B,0x6B,0x7C,0x2A,0x7C,0x0A,0x74,0x4A,0x7C,0xAB,0x8C,
    0x4A,0x84,0x27,0x53,0x27,0x53,0x68,0x63,0x68,0x63,0x2A,0x84,0x2D,0xA5,0xEC,0x9C,
    0x0C,0x9D,0x0C,0xA5,0xEC,0x9C,0xEC,0xA4,0xAE,0xC5,0xCE,0xCD,0x0F,0xD6,0xCE,0xCD,
    0x4A,0xA4,0x8D,0xC4,0x6F,0xE5,0x53,0xFE,0xF6,0xFE,0xF6,0xFE,0x17,0xFF,0x17,0xFF,
    0x17,0xFF,0x38,0xFF,0x38,0xFF,0x17,0xFF,0xF6,0xFE,0x58,0xFF,0x54,0xEE,0xCC,0xDC,
    0xB5,0xFE,0x38,0xFF,0xF7,0xFE,0xF6,0xFE,0xF6,0xFE,0xF6,0xFE,0xF6,0xFE,0x32,0xFE,
    0x31,0xFE,0x13,0xDE,0xC9,0x93,0x71,0xE6,0x10,0xD6,0xEF,0xCD,0xAE,0xBD,0x0F,0xC6,
    0x6E,0xBD,0x6C,0xFE,0x4C,0xFE,0x6C,0xFE,0x4C,0xFE,0x8D,0xFE,0x8C,0xFE,0x6C,0xFE,
    0x6C,0xFE,0x6C,0xFE,0x6C,0xFE,0x6C,0xFE,0x6C,0xFE,0x6C,0xFE,0x6C,0xFE,0x6C,0xFE,
    0x6C,0xFE,0x0D,0xB5,0x0A,0x7C,0x0E,0xA5,0x4F,0xAD,0x6C,0x84,0xEA,0x6B,0x4B,0x7C,
    0x6C,0x7C,0xA7,0x52,0x08,0x63,0xEB,0x7B,0xAA,0x73,0x49,0x63,0x65,0x4A,0xEA,0x73,
    0xCA,0x6B,0x68,0x63,0x6B,0x84,0x6B,0x84,0x0A,0x74,0x6B,0x84,0x0A,0x7C,0x4A,0x84,
    0xA8,0x63,0xA8,0x63,0x4A,0x7C,0x8B,0x84,0xE9,0x73,0xEC,0x9C,0x2D,0xA5,0x2D,0xA5,
    0x0C,0xA5,0xEC,0x9C,0xEC,0xA4,0x6D,0xB5,0x8D,0xC5,0xEF,0xCD,0xEF,0xD5,0xEE,0xD5,
    0x0E,0xCD,0x12,0xFE,0x32,0xF6,0xF6,0xFE,0xF6,0xFE,0xF6,0xFE,0x16,0xFF,0x16,0xFF,
    0x17,0xFF,0x17,0xFF,0x17,0xFF,0x17,0xFF,0xF6,0xFE,0xB4,0xFE,0x58,0xFF,0x70,0xDD,
    0xB0,0xED,0x74,0xFE,0x17,0xFF,0xF6,0xFE,0xF6,0xFE,0xF6,0xFE,0x53,0xFE,0x32,0xFE,
    0x12,0xFE,0xB5,0xFE,0x69,0x7B,0x0D,0xBD,0x72,0xEE,0xCF,0xC5,0x8E,0xB5,0xEF,0xC5,
    0x4D,0xBD,0x6C,0xFE,0x4C,0xF6,0x6C,0xFE,0x6C,0xFE,0x6C,0xFE,0x6C,0xFE,0x6C,0xFE,
    0x8D,0xFE,0x8D,0xFE,0x6C,0xFE,0x6C,0xFE,0x6C,0xFE,0x6C,0xFE,0x6C,0xFE,0x6C,0xFE,
    0x6C,0xFE,0xAF,0xC5,0xCA,0x7B,0x6C,0x8C,0x0F,0xA5,0xEB,0x73,0xEA,0x73,0x2B,0x74,
    0x68,0x63,0x07,0x63,0xE9,0x7B,0x2A,0x84,0xE9,0x73,0x68,0x6B,0x68,0x73,0x2B,0x84,
    0x69,0x63,0x2A,0x84,0x8B,0x8C,0x4B,0x7C,0x6B,0x84,0x2A,0x7C,0x89,0x6B,0x0A,0x7C,
    0x4A,0x7C,0xAB,0x84,0xEC,0x94,0x4A,0x7C,0x4A,0x7C,0x4D,0xA5,0x2D,0xA5,0x2D,0xA5,
    0x2D,0xA5,0x0C,0xA5,0x6E,0xB5,0xAE,0xC5,0xCE,0xCD,0xCE,0xCD,0xCE,0xCD,0xEF,0xD5,
    0xEE,0xCC,0x33,0xFE,0x33,0xF6,0x74,0xFE,0x53,0xFE,0xB5,0xFE,0x17,0xFF,0x17,0xFF,
    0xF6,0xFE,0x16,0xFF,0xF6,0xFE,0xF6,0xFE,0xF6,0xFE,0xD5,0xFE,0x16,0xFF,0xF7,0xFE,
    0x2F,0xE5,0x6F,0xED,0x94,0xFE,0xD6,0xFE,0xD5,0xFE,0x94,0xFE,0xF1,0xFD,0x33,0xFE,
    0x32,0xFE,0xB5,0xFE,0x4C,0x8C,0x2A,0x8C,0x31,0xE6,0x8E,0xC5,0x4D,0xA5,0xCF,0xBD,
    0x0D,0xAD,0x4E,0xEE,0x6C,0xFE,0x6C,0xFE,0x8D,0xFE,0x4E,0xEE,0x2C,0xEE,0x6D,0xFE,
    0x6C,0xFE,0x6C,0xFE,0x8C,0xFE,0x6C,0xFE,0x6C,0xFE,0x6C,0xFE,0x6C,0xFE,0x6C,0xFE,
    0x6C,0xFE,0x6A,0x9C,0xA9,0x73,0x07,0x53,0xCD,0x94,0x2C,0x7C,0x48,0x5B,0xA9,0x73,
    0x09,0x7C,0x4A,0x84,0x2A,0x7C,0x6B,0x84,0x0A,0x7C,0x0A,0x74,0x2A,0x7C,0x68,0x6B,
    0x86,0x4A,0x2A,0x84,0xCB,0x94,0x8B,0x8C,0x6B,0x84,0x88,0x63,0xEA,0x73,0x6B,0x84,
    0xCC,0x8C,0xAC,0x8C,0x8B,0x84,0xC9,0x6B,0x8B,0x8C,0x2D,0xA5,0x0D,0xA5,0x0C,0x9D,
    0xEC,0x9C,0x2C,0xA5,0x6E,0xB5,0x8D,0xB5,0x8D,0xC5,0x8D,0xC5,0x2F,0xDE,0x2D,0xBD,
    0x0B,0xBC,0xEE,0xDC,0x2F,0xDD,0xB1,0xED,0xD1,0xED,0xB0,0xED,0x53,0xFE,0xF6,0xFE,
    0xF6,0xFE,0xF6,0xFE,0xF6,0xFE,0xF6,0xFE,0x17,0xFF,0x17,0xFF,0xF6,0xFE,0xF7,0xFE,
    0xF2,0xED,0x53,0xF6,0x74,0xFE,0x74,0xFE,0x94,0xFE,0x33,0xF6,0x12,0xF6,0x33,0xFE,
    0x33,0xFE,0x74,0xF6,0x2B,0x84,0xC9,0x73,0x6A,0xA4,0x8B,0xA4,0x2D,0xA5,0xAF,0xB5,
    0x8B,0x9C,0x8E,0xFE,0xCE,0xCD,0x8D,0xBD,0x2D,0xAD,0x6E,0xB5,0x31,0xD6,0x6C,0xFE,
    0x2D,0xF6,0xD1,0xFE,0x6C,0xFE,0x8D,0xFE,0x6C,0xFE,0x6C,0xFE,0x6C,0xFE,0x6C,0xFE,
    0x6C,0xFE,0x6C,0xFE,0xC9,0x73,0x48,0x5B,0xEA,0x73,0xCA,0x73,0xC8,0x83,0xAB,0x9C,
    0xA9,0x6B,0xA9,0x6B,0xEA,0x73,0x2A,0x7C,0x2A,0x7C,0xE9,0x73,0xE9,0x73,0x48,0x63,
    0x07,0x73,0x4A,0x94,0x6B,0x8C,0xCC,0x94,0x0A,0x7C,0x0A,0x7C,0xAB,0x94,0x0C,0xA5,
    0xAC,0x8C,0x8B,0x84,0x2A,0x7C,0xA8,0x63,0xCC,0x94,0x0C,0x9D,0xEC,0x9C,0xCC,0x94,
    0xEC,0x9C,0x0C,0xA5,0x2C,0xA5,0x4D,0xAD,0x0B,0xB5,0x6D,0xC5,0xCE,0xCD,0x0A,0x94,
    0x8D,0xCC,0x54,0xF6,0xD6,0xFE,0xF6,0xFE,0xF7,0xFE,0xB1,0xED,0x2E,0xE5,0xB5,0xFE,
    0xF6,0xFE,0xF6,0xFE,0xF6,0xFE,0xD5,0xFE,0xF6,0xFE,0xF6,0xFE,0xD6,0xFE,0xD6,0xFE,
    0xB1,0xED,0x73,0xFE,0x53,0xFE,0x53,0xFE,0x53,0xFE,0x53,0xFE,0x53,0xFE,0x54,0xFE,
    0x74,0xFE,0xB1,0xD5,0xC9,0x73,0xA9,0x6B,0xE9,0x8B,0x09,0x94,0x0A,0x84,0xED,0x9C,
    0x8B,0x9C,0x2C,0xAD,0x4D,0xAD,0xAE,0xB5,0x6E,0xAD,0xAE,0xB5,0xEF,0xCD,0xB2,0xEE,
    0xB2,0xE6,0x10,0xD6,0x8B,0xCD,0x6C,0xFE,0x4B,0xF6,0x6C,0xFE,0x6C,0xFE,0x6C,0xFE,
    0x6C,0xFE,0x6C,0xFE,0x0B,0xB5,0x28,0x5B,0xE8,0x5A,0x2A,0x8C,0xCC,0x9C,0x6B,0x8C,
    0xCB,0x9C,0x4A,0x8C,0xEA,0x73,0xEA,0x73,0x2A,0x7C,0x0A,0x7C,0xC9,0x6B,0xE7,0x52,
    0xA6,0x5A,0x07,0x63,0xC6,0x52,0xE9,0x83,0xC6,0x5A,0x88,0x73,0x6A,0x8C,0x8B,0x8C,
    0xEA,0x73,0x6B,0x7C,0x4B,0x7C,0xC9,0x6B,0xCC,0x94,0x4D,0xA5,0x2D,0xA5,0x8B,0x94,
    0x2A,0x8C,0x0C,0xA5,0xEC,0x9C,0x4D,0xAD,0x0C,0xA5,0xEC,0xA4,0x0A,0x84,0x4F,0xC5,
    0xF6,0xFE,0x38,0xFF,0xF6,0xFE,0xF6,0xFE,0xF7,0xFE,0xF6,0xFE,0x94,0xFE,0xD6,0xFE,
    0xF6,0xFE,0xF6,0xFE,0xB5,0xFE,0x74,0xFE,0x74,0xFE,0x94,0xFE,0x94,0xFE,0x95,0xFE,
    0xB1,0xED,0x32,0xF6,0x33,0xF6,0x32,0xFE,0xD0,0xF5,0x90,0xED,0xD2,0xE5,0xD1,0xED,
    0x95,0xFE,0xEA,0x93,0xC9,0x73,0xC9,0x73,0x68,0x6B,0x6B,0x9C,0xE9,0x83,0xA8,0x73,
    0x67,0x73,0x8A,0x94,0xCB,0x94,0x8B,0x94,0x0C,0x9D,0x4E,0xAD,0xCE,0xC5,0x0F,0xCE,
    0x6D,0xB5,0xCF,0xC5,0x4D,0xB5,0x4A,0xCD,0x4C,0xF6,0x8D,0xFE,0x6C,0xFE,0x6C,0xFE,
    0x6C,0xFE,0x2C,0xF6,0x8C,0xFE,0x48,0x63,0x0A,0x84,0x2D,0xAD,0xCC,0x9C,0x8B,0x94,
    0xAB,0x94,0xAA,0x9C,0x8A,0x94,0x0A,0x7C,0x89,0x63,0xAA,0x9C,0x49,0x94,0x48,0x5B,
    0x07,0x53,0xE7,0x52,0xC6,0x52,0x45,0x42,0x68,0x6B,0x6B,0x8C,0x6B,0x84,0x4A,0x7C,
    0x0A,0x74,0xE9,0x73,0x4A,0x7C,0xC9,0x7B,0x8E,0xC5,0x4E,0xAD,0x8B,0x94,0xC6,0x5A,
    0x4A,0x8C,0xEC,0xA4,0x0C,0xA5,0x6D,0xAD,0x8D,0xAD,0xEC,0x9C,0x2F,0xAD,0x33,0xEE,
    0xF7,0xFE,0xF7,0xFE,0xF6,0xFE,0xF6,0xFE,0xD6,0xFE,0xD6,0xFE,0xD6,0xFE,0xF6,0xFE,
    0xF6,0xFE,0xF6,0xFE,0x94,0xFE,0x74,0xFE,0x74,0xFE,0x33,0xFE,0x94,0xFE,0x54,0xF6,
    0xF2,0xED,0x53,0xFE,0x32,0xFE,0x90,0xE5,0xD2,0xDD,0x34,0xE6,0xBC,0xFF,0x14,0xE6,
    0x0E,0xD5,0x8E,0x9C,0x88,0x73,0xA8,0x6B,0xA9,0x6B,0x0A,0x84,0xEC,0xA4,0x10,0xD6,
    0xAE,0xC5,0x6D,0xBD,0x4D,0xAD,0x0C,0xA5,0x0C,0xA5,0xAB,0x94,0xEC,0xA4,0xCB,0x9C,
    0x6D,0xB5,0xCF,0xC5,0x51,0xD6,0x51,0xE6,0x6C,0xFE,0x4C,0xF6,0x6C,0xFE,0x6C,0xFE,
    0x6C,0xFE,0x6C,0xFE,0x6C,0xFE,0x8A,0x9C,0xEC,0x9C,0xCB,0x94,0xEC,0x9C,0x8B,0x94,
    0x6A,0x8C,0xCB,0x9C,0xCB,0x9C,0x0A,0x7C,0x0A,0x7C,0x6A,0x8C,0x88,0x6B,0xC9,0x6B,
    0xC9,0x6B,0x48,0x63,0xC6,0x4A,0x2A,0x84,0xEC,0x94,0x8C,0x8C,0x4B,0x84,0x4A,0x7C,
    0x6A,0x84,0x4A,0x7C,0x88,0x6B,0x07,0x6B,0x6B,0x9C,0x09,0x7C,0xA8,0x6B,0x27,0x5B,
    0x8B,0x94,0x4D,0xB5,0x6A,0x94,0x0A,0x9C,0x6C,0x9C,0xAE,0xA4,0x75,0xDE,0x54,0xF6,
    0xD6,0xFE,0xD6,0xFE,0xD6,0xFE,0xD6,0xFE,0xB6,0xFE,0xD6,0xFE,0xD6,0xFE,0xD6,0xFE,
    0xD6,0xFE,0xD5,0xFE,0xB5,0xFE,0x53,0xFE,0x53,0xFE,0x33,0xF6,0xD5,0xFE,0x91,0xD5,
    0x30,0xD5,0xB1,0xE5,0x4F,0xDD,0x34,0xDE,0xBB,0xFF,0x7A,0xFF,0x19,0xF7,0xD7,0xEE,
    0x18,0xF7,0xFD,0xFF,0x55,0xCE,0x87,0x6B,0x4B,0x7C,0xE9,0x73,0x6A,0x8C,0xAB,0x94,
    0x8E,0xB5,0xD1,0xEE,0x2F,0xDE,0x8E,0xB5,0xCF,0xBD,0xCF,0xBD,0x0F,0xD6,0x50,0xDE,
    0xF0,0xC5,0x8E,0xB5,0xCF,0xBD,0xEF,0xC5,0x4F,0xE6,0x8C,0xFE,0x4C,0xF6,0x6C,0xFE,
    0x6C,0xFE,0x6C,0xFE,0xAA,0xA4,0x8B,0x94,0xAB,0x94,0xCB,0x94,0xCB,0x94,0xCB,0x94,
    0x0B,0xA5,0xCB,0x9C,0xAB,0x94,0x6A,0x84,0x4A,0x84,0xC9,0x6B,0xA9,0x6B,0xC9,0x6B,
    0xE9,0x6B,0x68,0x63,0xE9,0x7B,0xEC,0x9C,0x6B,0x84,0x8B,0x8C,0x6A,0x84,0x6B,0x84,
    0x09,0x7C,0xE9,0x73,0x27,0x63,0x27,0x6B,0xE9,0x73,0x29,0x7C,0x6A,0x84,0x4A,0x7C,
    0xE9,0x73,0x0A,0x7C,0x27,0x6B,0x49,0x93,0x92,0xC5,0xD2,0xC5,0xF7,0xEE,0x33,0xF6,
    0x94,0xFE,0xB6,0xFE,0xB5,0xFE,0xB5,0xFE,0x95,0xFE,0x95,0xFE,0xB5,0xFE,0xB5,0xFE,
    0xB5,0xFE,0xB5,0xFE,0xB5,0xFE,0x73,0xFE,0x53,0xFE,0xB5,0xFE,0xB1,0xDD,0x71,0xD5,
    0x13,0xDE,0x14,0xDE,0x55,0xDE,0xB7,0xE6,0x53,0xE6,0x70,0xF6,0xF4,0xF6,0x39,0xF7,
    0xF7,0xF6,0x73,0xE6,0xD2,0xC5,0x26,0x5B,0xE9,0x7B,0xAA,0xAC,0xAE,0xE5,0xAE,0xCD,
    0x6A,0x94,0x2C,0xAD,0x6C,0xBD,0x4D,0xAD,0x2C,0xB5,0x2F,0xE6,0x33,0xFF,0x30,0xD6,
    0x10,0xC6,0xAF,0xB5,0xF0,0xBD,0x50,0xC6,0xCF,0xC5,0x6C,0xFE,0x4C,0xF6,0x6C,0xFE,
    0x6C,0xFE,0xCA,0xAC,0x8B,0x94,0x6B,0x8C,0x8B,0x8C,0x8B,0x8C,0x8A,0x94,0xEB,0x9C,
    0xCB,0x94,0x6A,0x84,0x4A,0x84,0x4A,0x84,0xE9,0x73,0x88,0x63,0xC9,0x6B,0xA9,0x6B,
    0xE9,0x73,0x68,0x63,0xEB,0xA4,0xEC,0x94,0xEC,0x94,0x0C,0x9D,0xEC,0x9C,0xCC,0x94,
    0x6B,0x8C,0x2A,0x84,0xC8,0x7B,0x4A,0x8C,0x6B,0x8C,0x8B,0x8C,0xAB,0x94,0xCC,0x94,
    0xEC,0x94,0x0C,0x9D,0x2A,0x8C,0xAA,0xA3,0x91,0xC5,0xF3,0xCD,0xB6,0xDE,0xF2,0xED,
    0x33,0xF6,0x53,0xF6,0x74,0xF6,0x74,0xF6,0x74,0xF6,0x74,0xF6,0x74,0xFE,0x74,0xF6,
    0x74,0xFE,0xB5,0xFE,0xB5,0xFE,0xB5,0xFE,0xB4,0xFE,0x2F,0xD5,0x0B,0xB4,0xB1,0xDD,
    0x96,0xEE,0x19,0xF7,0x39,0xF7,0x38,0xF7,0x75,0xE6,0x0D,0xE6,0x6E,0xF6,0x93,0xEE,
    0x38,0xF7,0xD6,0xEE,0x68,0x73,0x6A,0x8C,0x2C,0xAD,0x8D,0xD5,0x2C,0xFD,0x0B,0xED,
    0xAE,0xD5,0xCB,0xA4,0xE9,0x83,0xAB,0x9C,0x2C,0xC5,0x0E,0xF6,0xAD,0xCD,0xAF,0xB5,
    0xCF,0xBD,0x11,0xC6,0xAF,0xB5,0x31,0xC6,0xD0,0xBD,0x8E,0xFE,0x2C,0xF6,0x6C,0xFE,
    0x6C,0xFE,0x0B,0xB5,0x2C,0xAD,0xCC,0x94,0x2C,0xA5,0x2C,0xA5,0x0C,0xA5,0xAB,0x94,
    0xAB,0x94,0x6B,0x8C,0x2A,0x7C,0xE9,0x7B,0xE9,0x73,0x0A,0x7C,0xE9,0x73,0xE9,0x73,
    0x48,0x63,0xE7,0x5A,0x2C,0xAD,0x0C,0x9D,0x6D,0xA5,0x4D,0xA5,0x4D,0xA5,0x4D,0xA5,
    0x4D,0xAD,0xAB,0x94,0x6A,0x94,0x2A,0x84,0x8B,0x8C,0xCC,0x94,0xEC,0x9C,0x4D,0xA5,
    0x0D,0xA5,0x4D,0xA5,0x6B,0x9C,0x4C,0xBC,0x50,0xC5,0x14,0xCE,0x96,0xDE,0x75,0xE6,
    0xB0,0xE5,0x33,0xF6,0x33,0xF6,0x54,0xF6,0x74,0xF6,0x74,0xFE,0x74,0xFE,0xB5,0xFE,
    0xB5,0xFE,0x94,0xFE,0x33,0xF6,0xF1,0xED,0x2F,0xD5,0x69,0x9B,0x0E,0xDD,0xB0,0xE5,
    0x18,0xFF,0x59,0xFF,0x38,0xFF,0x54,0xE6,0xEE,0xBC,0xB5,0xEE,0xFD,0xFF,0x7A,0xF7,
    0xAD,0x9C,0x4B,0x8C,0xEC,0xA4,0x2C,0xAD,0xEB,0x9C,0x0C,0xAD,0xEB,0xE4,0x89,0xCC,
    0xCA,0xAC,0xE9,0x93,0x8A,0xA4,0x8A,0x9C,0x89,0xD4,0x0B,0xED,0xEC,0xAC,0x10,0xBE,
    0x30,0xC6,0x31,0xC6,0xD0,0xBD,0xF0,0xBD,0x4E,0xAD,0xAE,0xCD,0x2C,0xF6,0x6C,0xFE,
    0x6C,0xFE,0x0B,0xBD,0xCC,0xA4,0xEB,0xAC,0xCB,0xA4,0xAB,0x9C,0xAB,0x94,0x6A,0x8C,
    0xAB,0x94,0x4A,0x84,0xA8,0x73,0x09,0x7C,0x0A,0x7C,0x6B,0x8C,0xE9,0x83,0x07,0x63,
    0x25,0x32,0x07,0x5B,0x0C,0xA5,0x0C,0x9D,0x0C,0x9D,0x4C,0xAD,0x6D,0xB5,0xCE,0xBD,
    0xCE,0xC5,0xCB,0x94,0x8B,0x94,0x4A,0x84,0xED,0x9C,0x0D,0xA5,0x0D,0xA5,0x2D,0xA5,
    0x4D,0xAD,0x2C,0xA5,0xEA,0x93,0xAD,0xCC,0xCE,0xCC,0x96,0xDE,0xB6,0xE6,0x55,0xE6,
    0x2F,0xD5,0xB0,0xED,0x12,0xF6,0x53,0xFE,0xB1,0xE5,0x90,0xDD,0x70,0xDD,0x70,0xDD,
    0x91,0xDD,0x2F,0xD5,0xEE,0xC4,0x92,0xD5,0x10,0xAD,0x66,0x52,0x68,0x8B,0x4B,0xAC,
    0x8E,0xA4,0x4D,0x94,0xCB,0x8B,0x76,0xDE,0xBB,0xFF,0xF3,0xC5,0x35,0xCE,0x59,0xEF,
    0x88,0x73,0x8A,0x94,0x4D,0xAD,0xAF,0xBD,0x8E,0xBD,0x4C,0xBD,0xCA,0xD4,0x8D,0xD5,
    0x4A,0xAC,0x09,0xCC,0xE9,0xA3,0x6A,0xA4,0x8C,0xCC,0xB4,0xFE,0x30,0xFE,0x6B,0x9C,
    0x2E,0xA5,0xF0,0xBD,0xF0,0xBD,0xF0,0xBD,0xEF,0xC5,0xF0,0xCD,0x6C,0xFE,0x6C,0xFE,
    0x6C,0xFE,0x6C,0xFE,0x6C,0xFE,0x6C,0xFE,0x6C,0xFE,0x6C,0xFE,0x6C,0xFE,0x47,0x73,
    0x88,0x73,0xE7,0x5A,0xA6,0x5A,0x88,0x73,0x27,0x6B,0xE7,0x5A,0x66,0x42,0x86,0x42,
    0xC7,0x42,0x27,0x5B,0x4D,0xAD,0x2C,0xA5,0x8A,0x94,0x2C,0xAD,0x6D,0xB5,0x4D,0xAD,
    0xAB,0x94,0xAB,0x8C,0xEC,0x9C,0x0B,0xAD,0x0C,0xA5,0x2D,0xA5,0x2C,0xA5,0x2C,0xA5,
    0x6D,0xAD,0xEC,0xAC,0x05,0x42,0x86,0x5A,0xA6,0x6A,0xAA,0x83,0x4D,0x94,0x91,0xBD,
    0xB2,0xCD,0x6D,0xAC,0xC7,0x72,0x49,0x7B,0x0C,0x94,0x14,0xCE,0x97,0xDE,0x97,0xE6,
    0x97,0xDE,0x35,0xCE,0xD4,0xBD,0x0D,0x7C,0xA6,0x52,0x06,0x63,0x67,0x73,0xC6,0x5A,
    0x85,0x52,0xE6,0x5A,0x68,0x6B,0xAD,0x94,0x0E,0xA5,0xC9,0x7B,0x0A,0x84,0xEC,0xA4,
    0x2D,0xA5,0x4D,0xAD,0x4D,0xAD,0xAE,0xBD,0xAE,0xCD,0x8D,0xD5,0x2C,0xD5,0x0B,0xCD,
    0x2A,0xBC,0xE9,0xCB,0x2A,0xBC,0x4C,0xE5,0xD4,0xFE,0xF3,0xFE,0xCE,0xFD,0xAB,0xC4,
    0x0C,0xAD,0x0C,0xAD,0x2C,0xAD,0x2D,0xAD,0x6E,0xB5,0x6E,0xB5,0x51,0xEE,0x6C,0xFE,
    0x6C,0xFE,0x8C,0xFE,0x4C,0xF6,0x4C,0xF6,0x4C,0xF6,0x8C,0xFE,0x6C,0xFE,0x6C,0xFE,
    0x6C,0xFE,0x0C,0xE6,0x4B,0x8C,0x29,0x5B,0x49,0x5B,0xCB,0x6B,0xEB,0x73,0xCA,0x6B,
    0x69,0x5B,0x88,0x6B,0x6D,0xB5,0xCB,0x9C,0x2C,0xAD,0x4D,0xAD,0x4C,0xAD,0x0C,0xA5,
    0x4A,0x8C,0xCB,0x94,0x0C,0x9D,0x6C,0xBD,0xEC,0xA4,0x6D,0xAD,0x2C,0xA5,0x2C,0xA5,
    0xCE,0xD5,0x68,0x7B,0xE8,0x4A,0x08,0x53,0xC7,0x4A,0xC7,0x52,0xC7,0x52,0x49,0x63,
    0x87,0x52,0x69,0x6B,0x4C,0x84,0x4B,0x84,0x2A,0x84,0x8C,0x94,0x4F,0xAD,0x2C,0x84,
    0x49,0x5B,0xCA,0x73,0xC9,0x7B,0x68,0x6B,0x68,0x6B,0xE9,0x7B,0x8A,0x9C,0xAA,0xA4,
    0xE9,0x83,0xCC,0x9C,0x6D,0xAD,0x2C,0xA5,0x2C,0xA5,0x6E,0xAD,0x8E,0xB5,0x4D,0xAD,
    0x2D,0xAD,0x0D,0xAD,0x2D,0xAD,0x2D,0xAD,0x0C,0xAD,0x4D,0xB5,0x2D,0xB5,0xAB,0x9C,
    0xE9,0xA3,0x09,0xCC,0xAA,0xD4,0x4D,0xED,0xEF,0xF5,0x8E,0xFD,0x8D,0xF5,0x4D,0xE5,
    0x6C,0xFE,0x6C,0xFE,0x6C,0xFE,0x6C,0xFE,0x6D,0xCD,0x6E,0xBD,0x30,0xD6,0x6C,0xFE,
    0x6C,0xFE,0x6C,0xFE,0x6C,0xFE,0x6C,0xFE,0x6C,0xFE,0x6C,0xFE,0x6C,0xFE,0x4B,0xFE,
    0x2C,0xF6,0x6C,0xFE,0x6C,0xFE,0x0C,0xB5,0xCA,0x73,0x2C,0x74,0x6C,0x84,0x0B,0x74,
    0xCA,0x6B,0x68,0x63,0x2D,0xAD,0x4C,0xAD,0x4C,0xAD,0x6D,0xB5,0x4D,0xAD,0x2C,0xA5,
    0x6B,0x8C,0xCB,0x94,0xCC,0x94,0xEB,0xA4,0xEB,0xA4,0x6D,0xAD,0x4D,0xA5,0x0F,0xCE,
    0xE9,0x93,0xC7,0x4A,0x08,0x53,0x69,0x63,0x4B,0x7C,0xAC,0x94,0x6C,0x94,0x0A,0x84,
    0x2E,0xAD,0x11,0xC6,0x2D,0xA5,0x0D,0xA5,0x0C,0xA5,0xCC,0x9C,0x6A,0x94,0xEC,0xB4,
    0x69,0x9C,0x09,0x7C,0x4A,0x84,0x6B,0x8C,0x6B,0x8C,0x4A,0x84,0x4A,0x84,0x0C,0xAD,
    0x4C,0xB5,0xE9,0x7B,0x0C,0x9D,0x8E,0xB5,0xAE,0xB5,0xCF,0xBD,0x8E,0xB5,0x8E,0xBD,
    0x13,0xFF,0xEE,0xD5,0xAF,0xCD,0x8D,0xFE,0x8B,0x9C,0x49,0x84,0x09,0x7C,0x69,0x8C,
    0x8A,0xA4,0x2C,0xE5,0x6D,0xE5,0x4D,0xE5,0xCF,0xED,0x0F,0xEE,0xEE,0xF5,0x6C,0xE5,
    0x4C,0xFE,0x0B,0xF6,0x6C,0xFE,0x4C,0xF6,0x6C,0xFE,0x6C,0xFE,0x6C,0xFE,0x6C,0xFE,
    0x6C,0xFE,0x6C,0xFE,0x6C,0xFE,0x6C,0xFE,0x6C,0xFE,0x6C,0xFE,0x6C,0xFE,0x6C,0xFE,
    0x6C,0xFE,0x4C,0xFE,0x2C,0xF6,0x6C,0xFE,0x4D,0xF6,0x8B,0x8C,0xEA,0x73,0xEB,0x6B,
    0x4C,0x7C,0xCA,0x6B,0x4A,0x8C,0xEF,0xC5,0x8D,0xB5,0x6D,0xAD,0x6D,0xB5,0x0C,0xA5,
    0x8B,0x94,0xCB,0x94,0xCB,0x94,0x0C,0xAD,0xEB,0xA4,0x2D,0xA5,0x0F,0xCE,0x4A,0x9C,
    0x66,0x42,0x08,0x53,0xCA,0x6B,0x2B,0x7C,0x0A,0x74,0x2B,0x84,0x8C,0x94,0xD0,0xC5,
    0xD0,0xBD,0x6E,0xAD,0x2D,0xA5,0xAB,0x94,0x6B,0x8C,0xEC,0x9C,0x4B,0x8C,0x28,0x6B,
    0x68,0x7B,0xCB,0x9C,0x2C,0xA5,0x2C,0xA5,0x2C,0xA5,0x30,0xCE,0x8D,0xB5,0x2C,0xAD,
    0x6C,0xB5,0x4A,0x8C,0xE9,0x73,0x2D,0xA5,0xAF,0xB5,0xEF,0xBD,0x10,0xC6,0x0C,0xA5,
    0x8D,0xCD,0x6C,0xFE,0x6C,0xFE,0x6C,0xFE,0x4B,0xC5,0x0B,0xB5,0x8E,0xFE,0x6C,0xFE,
    0x4E,0xE6,0x8E,0xD5,0xCF,0xF5,0x6E,0xED,0xEF,0xF5,0x91,0xF6,0x0F,0xEE,0xCD,0xE5,
    0x6C,0xFE,0x4C,0xFE,0x6C,0xFE,0x6C,0xFE,0x4C,0xF6,0x4C,0xF6,0x0B,0xEE,0x6C,0xFE,
    0x6C,0xFE,0x6C,0xFE,0x6C,0xFE,0x6C,0xFE,0x6C,0xFE,0x6C,0xFE,0x6C,0xFE,0x6C,0xFE,
    0x6C,0xFE,0x6C,0xFE,0x6C,0xFE,0x4C,0xFE,0x6C,0xFE,0x6C,0xFE,0x8F,0xAD,0xEE,0x94,
    0xCB,0x6B,0x4C,0x74,0xCA,0x6B,0x6B,0x94,0x0F,0xCE,0x6E,0xB5,0x6D,0xB5,0x0C,0xA5,
    0x0C,0x9D,0x0C,0x9D,0x0C,0x9D,0x0C,0xAD,0xEB,0xB4,0x2C,0xB5,0x2A,0x9C,0xC6,0x62,
    0x47,0x73,0xA9,0x7B,0x0A,0x7C,0xEA,0x73,0xCD,0x94,0x0D,0x9D,0x6F,0xAD,0x11,0xC6,
    0x2E,0x9D,0xEC,0x9C,0x52,0xD6,0x2D,0xA5,0xAB,0x8C,0x8C,0x8C,0xA9,0x7B,0xA9,0x7B,
    0x48,0x6B,0x68,0x73,0x8D,0xB5,0xAE,0xBD,0x6E,0xB5,0x30,0xCE,0x30,0xCE,0x6C,0xB5,
    0x0F,0xCE,0x2C,0xAD,0xEB,0x9C,0x6D,0xAD,0xEB,0x9C,0xAB,0x9C,0x0C,0xA5,0x4D,0xBD,
    0xEC,0xED,0x6C,0xFE,0x4C,0xFE,0x6C,0xFE,0x6C,0xFE,0x6C,0xFE,0x6C,0xFE,0xEC,0xED,
    0x6C,0xFE,0xCB,0xAC,0x4A,0xB4,0xAB,0xD4,0x2E,0xDD,0x6D,0xBD,0xEE,0xCD,0x6C,0xFE,
    0x8C,0xFE,0x6C,0xFE,0x6C,0xFE,0x6C,0xFE,0x6C,0xFE,0x6C,0xFE,0x6C,0xFE,0x6C,0xFE,
    0x6C,0xFE,0x6C,0xFE,0x6C,0xFE,0x6C,0xFE,0x6C,0xFE,0x6C,0xFE,0x6C,0xFE,0x6C,0xFE,
    0x6C,0xFE,0x6C,0xFE,0x6C,0xFE,0x6C,0xFE,0x2C,0xEE,0x2C,0xF6,0x4A,0x84,0x2E,0x9D,
    0x4C,0x7C,0xAA,0x63,0x49,0x5B,0xA6,0x52,0xEC,0xA4,0xCF,0xBD,0x6D,0xAD,0x4E,0xAD,
    0x6E,0xB5,0x6E,0xB5,0x2D,0xAD,0xC8,0x83,0x88,0x83,0x09,0x94,0xEB,0xED,0x6C,0xFE,
    0x6C,0xFE,0x6C,0xFE,0xCB,0xE5,0x8B,0x9C,0xB0,0xB5,0x6F,0xA5,0x6E,0xA5,0x0D,0x95,
    0xED,0x94,0x6F,0xA5,0x4E,0xA5,0x2E,0x9D,0xAC,0x8C,0x0A,0x84,0x8E,0xFE,0x6C,0xFE,
    0x6C,0xFE,0x2B,0xC5,0xAB,0x9C,0x8E,0xB5,0x30,0xCE,0x8E,0xBD,0x6D,0xB5,0xCE,0xBD,
    0x50,0xD6,0xCE,0xC5,0xEE,0xCD,0xED,0xCD,0x4B,0xB5,0xCB,0xAC,0xCB,0xAC,0x6C,0xFE,
    0x6C,0xFE,0x6C,0xFE,0x6C,0xFE,0x6C,0xFE,0x4B,0xFE,0x6C,0xFE,0x6C,0xFE,0x6C,0xFE,
    0x4C,0xFE,0x6C,0xFE,0xCC,0xDD,0xEB,0xCC,0x2B,0xCD,0xAD,0xD5,0x6C,0xFE,0x8C,0xFE,
    0x6C,0xFE,0x6C,0xFE,0x6C,0xFE,0x6C,0xFE,0x6C,0xFE,0x6C,0xFE,0x6C,0xFE,0x6C,0xFE,
    0x6C,0xFE,0x6C,0xFE,0x6C,0xFE,0x6C,0xFE,0x6C,0xFE,0x6C,0xFE,0x6C,0xFE,0x6C,0xFE,
    0x6C,0xFE,0x6C,0xFE,0x6C,0xFE,0x6C,0xFE,0x2C,0xF6,0x6C,0xFE,0x88,0x7B,0xC9,0x7B,
    0xC9,0x7B,0x4C,0x8C,0x2F,0xAD,0x70,0xB5,0xEE,0xA4,0x8E,0xBD,0x6D,0xB5,0x8E,0xB5,
    0x2D,0xAD,0xAB,0xA4,0xEB,0xB4,0xCC,0xE5,0x6C,0xFE,0x6C,0xFE,0x6C,0xFE,0x2B,0xF6,
    0x2B,0xF6,0x2B,0xF6,0x6C,0xFE,0x6E,0xFE,0x2E,0xB5,0x2E,0xA5,0x6F,0xA5,0x0D,0x9D,
    0x2E,0x9D,0x4E,0xA5,0x2E,0xA5,0xED,0x9C,0xCC,0xA4,0x8E,0xFE,0x6C,0xFE,0x2C,0xF6,
    0x2C,0xF6,0x6C,0xFE,0x6C,0xFE,0x4A,0x94,0x0D,0xAD,0x0F,0xCE,0x8E,0xB5,0xAF,0xBD,
    0x71,0xD6,0xF0,0xCD,0x6C,0xFE,0x6C,0xFE,0x6C,0xFE,0x6C,0xFE,0x6C,0xFE,0x4B,0xFE,
    0x6C,0xFE,0x6C,0xFE,0x6C,0xFE,0x6C,0xFE,0x6C,0xFE,0x6C,0xFE,0x6C,0xFE,0x6C,0xFE,
    0x6C,0xFE,0x2C,0xFE,0x6C,0xFE,0x6C,0xFE,0x6C,0xFE,0x6C,0xFE,0x4C,0xFE,0x6C,0xFE,
    0x6C,0xFE,0x6C,0xFE,0x6C,0xFE,0x6C,0xFE,0x6C,0xFE,0x6C,0xFE,0x6C,0xFE,0x6C,0xFE,
    0x6C,0xFE,0x6C,0xFE,0x6C,0xFE,0x6C,0xFE,0x6C,0xFE,0x6C,0xFE,0x6C,0xFE,0x6C,0xFE,
    0x6C,0xFE,0x6C,0xFE,0x6C,0xFE,0x6C,0xFE,0x6C,0xFE,0x6C,0xFE,0x6C,0xFE,0x6C,0xFE,
    0x6C,0xFE,0xF2,0xFE,0x72,0xDE,0xF1,0xCD,0xB0,0xC5,0xED,0xA4,0x8D,0xB5,0x6A,0x94,
    0x2A,0x94,0x6C,0xFE,0x6C,0xFE,0x6C,0xFE,0x2B,0xF6,0x2C,0xF6,0x4C,0xFE,0x6C,0xFE,
    0x6C,0xFE,0x6C,0xFE,0x6C,0xFE,0x6C,0xFE,0x6C,0xFE,0x6E,0xBD,0xED,0xA4,0x2A,0x8C,
    0x8C,0x94,0xAC,0x9C,0x0C,0xB5,0x8D,0xCD,0x6C,0xFE,0x6C,0xFE,0x6D,0xFE,0x6C,0xFE,
    0x6C,0xFE,0x4C,0xFE,0x4C,0xFE,0x6C,0xFE,0xCA,0xB4,0xAA,0x9C,0x8E,0xB5,0x30,0xCE,
    0xD0,0xC5,0x6E,0xFE,0x6C,0xFE,0x6C,0xFE,0x6C,0xFE,0x6C,0xFE,0x4C,0xFE,0x6C,0xFE,
    0x6C,0xFE,0x6C,0xFE,0x6C,0xFE,0x6C,0xFE,0x6C,0xFE,0x6C,0xFE,0x6C,0xFE,0x6C,0xFE,
    0x6C,0xFE,0x6C,0xFE,0x8C,0xFE,0x4C,0xF6,0x4C,0xF6,0x8D,0xFE,0x6C,0xFE,0x6C,0xFE,
    0x6C,0xFE,0x6C,0xFE,0x6C,0xFE,0x6C,0xFE,0x6C,0xFE,0x6C,0xFE,0x6C,0xFE,0x6C,0xFE,
    0x6C,0xFE,0x6C,0xFE,0x6C,0xFE,0x6C,0xFE,0x6C,0xFE,0x6C,0xFE,0x6C,0xFE,0x6C,0xFE,
    0x6C,0xFE,0x6C,0xFE,0x6C,0xFE,0x6C,0xFE,0x6C,0xFE,0x6C,0xFE,0x0B,0xEE,0xEC,0xED,
    0x0B,0xF6,0x6C,0xFE,0x6C,0xFE,0x6C,0xFE,0xAF,0xFE,0x8E,0xCD,0x0C,0xB5,0xEB,0xB4,
    0x6C,0xFE,0x6C,0xFE,0x2C,0xFE,0x4C,0xFE,0x6C,0xFE,0x6C,0xFE,0x6C,0xFE,0x6C,0xFE,
    0x6C,0xFE,0x6C,0xFE,0x6C,0xFE,0x4C,0xFE,0x4C,0xFE,0x6C,0xFE,0x6C,0xFE,0x6C,0xFE,
    0x6C,0xFE,0x6C,0xFE,0x6C,0xFE,0x6C,0xFE,0x4C,0xFE,0x4C,0xFE,0x6C,0xFE,0x6C,0xFE,
    0x6C,0xFE,0x6C,0xFE,0x6C,0xFE,0x2C,0xF6,0x6C,0xFE,0x6C,0xFE,0x8E,0xC5,0xAF,0xBD,
    0x0F,0xDE,0x6C,0xFE,0x6C,0xFE,0x6C,0xFE,0x6C,0xFE,0x6C,0xFE,0x6C,0xFE,0x6C,0xFE,
    0x6C,0xFE,0x6C,0xFE,0x6C,0xFE,0x6C,0xFE,0x6C,0xFE,0x6C,0xFE,0x6C,0xFE,0x6C,0xFE,
    0x6C,0xFE,0x6C,0xFE,0x6C,0xFE,0x6C,0xFE,0x6C,0xFE,0x6C,0xFE,0x6C,0xFE,0x6C,0xFE,
    0x6C,0xFE,0x6C,0xFE,0x6C,0xFE,0x6C,0xFE,0x6C,0xFE,0x6C,0xFE,0x6C,0xFE,0x6C,0xFE,
    0x6C,0xFE,0x6C,0xFE,0x6C,0xFE,0x6C,0xFE,0x6C,0xFE,0x6C,0xFE,0x6C,0xFE,0x6C,0xFE,
    0x6C,0xFE,0x6C,0xFE,0x6C,0xFE,0x6C,0xFE,0x6C,0xFE,0x6C,0xFE,0x6C,0xFE,0x6C,0xFE,
    0x6C,0xFE,0x4C,0xFE,0x6D,0xFE,0x6C,0xFE,0x6C,0xFE,0x6C,0xFE,0x6C,0xFE,0x6C,0xFE,
    0x2C,0xF6,0x4C,0xFE,0x6C,0xFE,0x6C,0xFE,0x6C,0xFE,0x6C,0xFE,0x6C,0xFE,0x6C,0xFE,
    0x6C,0xFE,0x6C,0xFE,0x6C,0xFE,0x6C,0xFE,0x6C,0xFE,0x4C,0xFE,0x4C,0xFE,0x4B,0xFE,
    0x4B,0xFE,0x2C,0xF6,0x2C,0xF6,0x4C,0xFE,0x6C,0xFE,0x6C,0xFE,0x6C,0xFE,0x6C,0xFE,
    0x6C,0xFE,0x6C,0xFE,0x6C,0xFE,0x6C,0xFE,0x4C,0xFE,0x6C,0xFE,0x6C,0xFE,0x90,0xF6,
    0x4E,0xFE,0x4C,0xFE,0x6C,0xFE,0x6C,0xFE,0x6C,0xFE,0x6C,0xFE,0x6C,0xFE,0x6C,0xFE,
    0x6C,0xFE,0x6C,0xFE,0x6C,0xFE,0x6C,0xFE,0x6C,0xFE,0x6C,0xFE,0x6C,0xFE,0x6C,0xFE,
    0x6C,0xFE,0x6C,0xFE,0x6C,0xFE,0x6C,0xFE,0x6C,0xFE,0x6C,0xFE,0x6C,0xFE,0x6C,0xFE,
    0x6C,0xFE,0x6C,0xFE,0x6C,0xFE,0x6C,0xFE,0x6C,0xFE,0x6C,0xFE,0x6C,0xFE,0x6C,0xFE,
    0x00,0x00,0x00,0x00,0x00,0x00,0x00,0x00,0x00,0x00,0x00,0x00,0x00,0x00,0x00,0x00,
    0x00,0x00,0x00,0x00,0x00,0x00,0x00,0x00,0x00,0x01,0x01,0x01,0x02,0x02,0x03,0x03,
    0x04,0x05,0x06,0x07,0x08,0x09,0x0B,0x0D,0x0F,0x11,0x38,0x43,0x3D,0x41,0x26,0x17,
    0x16,0x17,0x14,0x12,0x0F,0x0D,0x0A,0x08,0x06,0x04,0x03,0x02,0x01,0x00,0x00,0x00,
    0x00,0x00,0x00,0x00,0x00,0x00,0x00,0x00,0x00,0x00,0x00,0x00,0x00,0x00,0x00,0x00,
    0x00,0x00,0x00,0x00,0x00,0x00,0x00,0x00,0x00,0x00,0x00,0x00,0x00,0x00,0x00,0x00,
    0x00,0x00,0x00,0x00,0x00,0x00,0x00,0x00,0x00,0x00,0x00,0x00,0x00,0x00,0x00,0x01,
    0x01,0x01,0x02,0x02,0x03,0x03,0x04,0x05,0x06,0x07,0x08,0x09,0x0A,0x0C,0x0E,0x13,
    0x5D,0xA9,0xDC,0xEF,0xFF,0xFA,0xD9,0x9D,0x48,0x17,0x16,0x13,0x10,0x0E,0x0C,0x09,
    0x07,0x05,0x03,0x02,0x01,0x01,0x00,0x00,0x00,0x00,0x00,0x00,0x00,0x00,0x00,0x00,
    0x00,0x00,0x00,0x00,0x00,0x00,0x00,0x00,0x00,0x00,0x00,0x00,0x00,0x00,0x00,0x00,
    0x00,0x00,0x00,0x00,0x00,0x00,0x00,0x00,0x00,0x00,0x00,0x00,0x00,0x00,0x00,0x00,
    0x00,0x00,0x00,0x00,0x01,0x01,0x01,0x02,0x02,0x02,0x03,0x04,0x04,0x05,0x06,0x07,
    0x08,0x09,0x0A,0x0B,0x0D,0x0E,0x10,0x1B,0x4A,0x3C,0x34,0x42,0x87,0xEE,0xFF,0xFF,
    0xF7,0x87,0x17,0x15,0x13,0x0F,0x0D,0x0A,0x08,0x06,0x04,0x03,0x02,0x01,0x01,0x00,
    0x00,0x00,0x00,0x00,0x00,0x00,0x00,0x00,0x00,0x00,0x00,0x00,0x00,0x00,0x00,0x00,
    0x00,0x00,0x00,0x00,0x00,0x00,0x00,0x00,0x00,0x00,0x00,0x00,0x00,0x00,0x00,0x00,
    0x00,0x00,0x00,0x00,0x00,0x00,0x00,0x00,0x00,0x00,0x00,0x01,0x01,0x01,0x02,0x03,
    0x03,0x04,0x05,0x06,0x07,0x08,0x09,0x0A,0x0B,0x0C,0x0D,0x0E,0x10,0x12,0x13,0x15,
    0x16,0x19,0x1A,0x1C,0x1D,0x4F,0xE7,0xFB,0xFE,0xFF,0x93,0x19,0x16,0x12,0x0F,0x0C,
    0x09,0x07,0x05,0x03,0x02,0x01,0x01,0x00,0x00,0x00,0x00,0x00,0x00,0x00,0x00,0x00,
    0x00,0x00,0x00,0x00,0x00,0x00,0x00,0x00,0x00,0x00,0x00,0x00,0x00,0x00,0x00,0x00,
    0x00,0x00,0x00,0x00,0x00,0x00,0x00,0x00,0x00,0x00,0x00,0x00,0x00,0x00,0x00,0x00,
    0x00,0x00,0x01,0x01,0x02,0x02,0x03,0x04,0x05,0x06,0x07,0x08,0x09,0x0B,0x0C,0x0D,
    0x0F,0x10,0x11,0x13,0x14,0x15,0x17,0x19,0x1D,0x1E,0x20,0x21,0x24,0x21,0x5F,0xFE,
    0xFD,0xFB,0xFF,0x78,0x17,0x17,0x11,0x0E,0x0B,0x08,0x06,0x04,0x03,0x02,0x01,0x01,
    0x00,0x00,0x00,0x00,0x00,0x00,0x00,0x00,0x00,0x00,0x00,0x00,0x00,0x00,0x00,0x00,
    0x00,0x00,0x00,0x00,0x00,0x00,0x00,0x00,0x00,0x00,0x00,0x00,0x00,0x00,0x00,0x00,
    0x00,0x00,0x00,0x00,0x00,0x00,0x00,0x00,0x01,0x01,0x01,0x02,0x03,0x04,0x05,0x06,
    0x07,0x08,0x0A,0x0C,0x0D,0x0E,0x10,0x12,0x13,0x15,0x16,0x18,0x19,0x1A,0x1C,0x1E,
    0x1F,0x21,0x22,0x24,0x26,0x28,0x29,0xCD,0xFF,0xFB,0xFE,0xC7,0x1B,0x18,0x14,0x10,
    0x0D,0x0A,0x08,0x06,0x04,0x03,0x02,0x01,0x01,0x00,0x00,0x00,0x00,0x00,0x00,0x00,
    0x00,0x00,0x00,0x00,0x00,0x00,0x00,0x00,0x00,0x00,0x00,0x00,0x00,0x00,0x00,0x00,
    0x00,0x00,0x00,0x00,0x00,0x00,0x00,0x00,0x00,0x00,0x00,0x00,0x00,0x00,0x00,0x01,
    0x01,0x02,0x02,0x03,0x04,0x06,0x07,0x08,0x0A,0x0C,0x0D,0x0F,0x11,0x13,0x15,0x16,
    0x18,0x1B,0x1E,0x20,0x21,0x23,0x24,0x26,0x28,0x29,0x2A,0x2B,0x2B,0x2D,0x2A,0x96,
    0xFF,0xFA,0xFE,0xD9,0x21,0x1A,0x17,0x13,0x0F,0x0C,0x0A,0x07,0x06,0x04,0x03,0x02,
    0x01,0x01,0x00,0x00,0x00,0x00,0x00,0x00,0x00,0x00,0x00,0x00,0x00,0x00,0x00,0x00,
    0x00,0x00,0x00,0x00,0x00,0x00,0x00,0x00,0x00,0x00,0x00,0x00,0x00,0x00,0x00,0x00,
    0x00,0x00,0x00,0x00,0x00,0x00,0x01,0x01,0x02,0x03,0x04,0x05,0x06,0x08,0x09,0x0B,
    0x0D,0x0F,0x12,0x14,0x16,0x18,0x1B,0x1F,0x20,0x20,0x21,0x23,0x24,0x26,0x27,0x28,
    0x2A,0x2B,0x2C,0x2E,0x2E,0x2E,0x30,0x97,0xFF,0xFA,0xFF,0xA7,0x21,0x20,0x1A,0x16,
    0x12,0x0F,0x0C,0x09,0x07,0x05,0x04,0x03,0x02,0x01,0x01,0x00,0x00,0x00,0x00,0x00,
    0x00,0x00,0x00,0x00,0x00,0x00,0x00,0x00,0x00,0x00,0x00,0x00,0x00,0x00,0x00,0x00,
    0x00,0x00,0x00,0x00,0x00,0x00,0x00,0x00,0x00,0x00,0x00,0x00,0x00,0x01,0x01,0x02,
    0x03,0x04,0x05,0x07,0x08,0x0A,0x0D,0x0F,0x11,0x14,0x16,0x19,0x1D,0x20,0x20,0x22,
    0x24,0x3C,0x5E,0x7B,0x9F,0x9D,0x9E,0x9E,0x9F,0x9F,0xA3,0x83,0x56,0x3F,0x33,0xA7,
    0xFF,0xFE,0xF9,0x4C,0x26,0x24,0x1E,0x1A,0x16,0x12,0x0F,0x0C,0x09,0x07,0x06,0x04,
    0x03,0x02,0x01,0x01,0x00,0x00,0x00,0x00,0x00,0x00,0x00,0x00,0x00,0x00,0x00,0x00,
    0x00,0x00,0x00,0x00,0x00,0x00,0x00,0x00,0x00,0x00,0x00,0x00,0x00,0x00,0x00,0x00,
    0x00,0x00,0x00,0x00,0x01,0x01,0x02,0x03,0x04,0x06,0x07,0x09,0x0B,0x0E,0x10,0x13,
    0x15,0x19,0x1D,0x20,0x21,0x24,0x39,0x7B,0xBB,0xE9,0xFF,0xFF,0xFF,0xFF,0xFF,0xFF,
    0xFF,0xFF,0xFF,0xFF,0xF8,0xE3,0xBE,0xEF,0xFF,0xFD,0x7D,0x2D,0x2B,0x29,0x23,0x1E,
    0x19,0x16,0x12,0x0F,0x0C,0x09,0x07,0x06,0x04,0x03,0x02,0x01,0x01,0x00,0x00,0x00,
    0x00,0x00,0x00,0x00,0x00,0x00,0x00,0x00,0x00,0x00,0x00,0x00,0x00,0x00,0x00,0x00,
    0x00,0x00,0x00,0x00,0x00,0x00,0x00,0x00,0x00,0x00,0x00,0x01,0x01,0x02,0x03,0x04,
    0x06,0x07,0x09,0x0C,0x0E,0x11,0x14,0x17,0x1B,0x21,0x21,0x24,0x53,0xAF,0xE9,0xFF,
    0xFF,0xFF,0xFE,0xFD,0xFC,0xFD,0xFD,0xFD,0xFD,0xFD,0xFD,0xFD,0xFF,0xFF,0xFF,0xFF,
    0xFF,0xFB,0xA5,0x69,0x31,0x2B,0x26,0x24,0x1E,0x1A,0x16,0x12,0x0F,0x0C,0x09,0x07,
    0x06,0x04,0x03,0x02,0x01,0x01,0x00,0x00,0x00,0x00,0x00,0x00,0x00,0x00,0x00,0x00,
    0x00,0x00,0x00,0x00,0x00,0x00,0x00,0x00,0x00,0x00,0x00,0x00,0x00,0x00,0x00,0x00,
    0x00,0x00,0x01,0x01,0x02,0x03,0x04,0x06,0x08,0x09,0x0C,0x0F,0x12,0x15,0x19,0x1E,
    0x20,0x23,0x40,0xAF,0xF9,0xFF,0xFF,0xFD,0xFD,0xFE,0xFF,0xFF,0xFF,0xFF,0xFF,0xFF,
    0xFF,0xFF,0xFF,0xFF,0xFE,0xFE,0xFD,0xFE,0xFF,0xFF,0xFF,0xFF,0xD5,0x80,0x32,0x27,
    0x25,0x1F,0x1A,0x16,0x12,0x0F,0x0C,0x0A,0x08,0x06,0x04,0x03,0x02,0x01,0x01,0x00,
    0x00,0x00,0x00,0x00,0x00,0x00,0x00,0x00,0x00,0x00,0x00,0x00,0x00,0x00,0x00,0x00,
    0x00,0x00,0x00,0x00,0x00,0x00,0x00,0x00,0x00,0x01,0x01,0x02,0x03,0x04,0x06,0x07,
    0x0A,0x0C,0x0F,0x12,0x16,0x1A,0x21,0x21,0x2B,0x85,0xEA,0xFF,0xFF,0xFD,0xFE,0xFF,
    0xFF,0xFF,0xFF,0xFF,0xFF,0xFF,0xFF,0xFF,0xFF,0xFF,0xFF,0xFF,0xFF,0xFF,0xFF,0xFF,
    0xFF,0xFF,0xFD,0xFF,0xFF,0xFF,0xCD,0x59,0x27,0x23,0x20,0x1A,0x16,0x13,0x0F,0x0C,
    0x0A,0x08,0x06,0x04,0x03,0x02,0x01,0x01,0x00,0x00,0x00,0x00,0x00,0x00,0x00,0x00,
    0x00,0x00,0x00,0x00,0x00,0x00,0x00,0x00,0x00,0x00,0x00,0x00,0x00,0x00,0x00,0x00,
    0x00,0x01,0x02,0x02,0x04,0x05,0x07,0x09,0x0C,0x0F,0x13,0x16,0x1A,0x21,0x22,0x4B,
    0xD0,0xFF,0xFF,0xFD,0xFE,0xFF,0xFF,0xFF,0xFF,0xFF,0xFF,0xFF,0xFF,0xFF,0xFF,0xFF,
    0xFF,0xFF,0xFF,0xFF,0xFF,0xFF,0xFF,0xFF,0xFF,0xFF,0xFF,0xFF,0xFD,0xFD,0xFF,0xF5,
    0xA0,0x2F,0x23,0x22,0x1B,0x16,0x13,0x0F,0x0D,0x0A,0x07,0x06,0x04,0x03,0x02,0x01,
    0x01,0x00,0x00,0x00,0x00,0xF0,0x00,0x00,0x00,0x00,0x00,0x00,0x00,0x00,0x00,0x00,
    0x00,0x00,0x00,0x00,0x00,0x00,0x00,0x00,0x01,0x01,0x02,0x03,0x05,0x07,0x09,0x0C,
    0x0F,0x12,0x16,0x1A,0x22,0x23,0x6D,0xF0,0xFF,0xFD,0xFE,0xFF,0xFF,0xFF,0xFF,0xFF,
    0xFF,0xFF,0xFF,0xFF,0xFF,0xFF,0xFF,0xFF,0xFF,0xFF,0xFF,0xFF,0xFF,0xFF,0xFF,0xFF,
    0xFF,0xFF,0xFF,0xFF,0xFF,0xFF,0xFD,0xFF,0xFF,0xCD,0x54,0x24,0x22,0x1B,0x16,0x13,
    0x0F,0x0C,0x09,0x07,0x05,0x04,0x02,0x02,0x01,0x00,0x00,0x00,0xF0,0xF0,0x00,0x00,
    0x00,0x00,0x00,0x00,0x00,0x00,0x00,0x00,0x00,0x00,0x00,0x00,0x00,0x00,0x00,0x01,
    0x01,0x02,0x03,0x04,0x06,0x09,0x0B,0x0E,0x12,0x16,0x1A,0x23,0x24,0x6C,0xF8,0xFF,
    0xFD,0xFF,0xFF,0xFF,0xFF,0xFF,0xFF,0xFF,0xFF,0xFF,0xFF,0xFF,0xFF,0xFF,0xFF,0xFF,
    0xFF,0xFF,0xFF,0xFF,0xFF,0xFF,0xFF,0xFF,0xFF,0xFF,0xFF,0xFF,0xFF,0xFF,0xFF,0xFE,
    0xFD,0xFF,0xF5,0x71,0x24,0x23,0x1B,0x16,0x13,0x0F,0x0C,0x09,0x07,0x05,0x03,0x02,
    0x01,0x01,0x00,0x00,0xF0,0xF0,0xF0,0x00,0x00,0x00,0x00,0x00,0x00,0x00,0x00,0x00,
    0x00,0x00,0x00,0x00,0x00,0x00,0x00,0x01,0x01,0x03,0x04,0x06,0x08,0x0A,0x0E,0x11,
    0x15,0x1A,0x21,0x23,0x6C,0xF8,0xFF,0xFD,0xFF,0xFF,0xFF,0xFF,0xFF,0xFF,0xFF,0xFF,
    0xFF,0xFF,0xFF,0xFF,0xFF,0xFF,0xFF,0xFF,0xFF,0xFF,0xFF,0xFF,0xFF,0xFF,0xFF,0xFF,
    0xFF,0xFF,0xFF,0xFF,0xFF,0xFF,0xFF,0xFF,0xFF,0xFC,0xFF,0xF9,0x70,0x24,0x23,0x1A,
    0x16,0x12,0x0E,0x0B,0x08,0x06,0x04,0x03,0x02,0x01,0x01,0xF0,0xF0,0xF0,0xF0,0x00,
    0x00,0x00,0x00,0x00,0x00,0x00,0x00,0x00,0x00,0x00,0x00,0x00,0x00,0x00,0x01,0x01,
    0x02,0x03,0x05,0x07,0x0A,0x0D,0x10,0x14,0x19,0x20,0x23,0x6B,0xF7,0xFF,0xFD,0xFF,
    0xFF,0xFF,0xFF,0xFF,0xFF,0xFF,0xFF,0xFF,0xFF,0xFF,0xFF,0xFF,0xFF,0xFF,0xFF,0xFF,
    0xFF,0xFF,0xFF,0xFF,0xFF,0xFF,0xFF,0xFF,0xFF,0xFF,0xFF,0xFF,0xFF,0xFF,0xFF,0xFF,
    0xFF,0xFF,0xFD,0xFF,0xF9,0x6F,0x24,0x22,0x1A,0x15,0x11,0x0E,0x0A,0x08,0x06,0x04,
    0x02,0x01,0xF0,0xF0,0xF0,0xF0,0xF0,0xF0,0xF0,0x00,0x00,0x00,0x00,0x00,0x00,0x00,
    0x00,0x00,0x00,0x00,0x00,0x00,0x01,0x02,0x03,0x04,0x06,0x09,0x0C,0x0F,0x13,0x18,
    0x1E,0x21,0x55,0xF7,0xFF,0xFD,0xFF,0xFF,0xFF,0xFF,0xFF,0xFF,0xFF,0xFF,0xFF,0xFF,
    0xFF,0xFF,0xFF,0xFF,0xFF,0xFF,0xFF,0xFF,0xFF,0xFF,0xFF,0xFF,0xFF,0xFF,0xFF,0xFF,
    0xFF,0xFF,0xFF,0xFF,0xFF,0xFF,0xFF,0xFF,0xFF,0xFF,0xFF,0xFD,0xFF,0xF8,0x6D,0x22,
    0x21,0x19,0x14,0x10,0x0D,0x09,0x07,0x05,0xF0,0xF0,0xF0,0xF0,0xF0,0xF0,0xF0,0xF0,
    0xF0,0xF0,0xF0,0x00,0x00,0x00,0x00,0x00,0x00,0x00,0x00,0x00,0x00,0x01,0x01,0x02,
    0x03,0x06,0x08,0x0A,0x0E,0x12,0x16,0x1C,0x22,0x2D,0xD0,0xFF,0xFD,0xFF,0xFF,0xFF,
    0xFF,0xFF,0xFF,0xFF,0xFF,0xFF,0xFF,0xFF,0xFF,0xFF,0xFF,0xFF,0xFF,0xFF,0xFF,0xFF,
    0xFF,0xFF,0xFF,0xFF,0xFF,0xFF,0xFF,0xFF,0xFF,0xFF,0xFF,0xFF,0xFF,0xFF,0xFF,0xFF,
    0xFF,0xFF,0xFF,0xFF,0xFD,0xFF,0xEE,0x47,0x21,0x1E,0x17,0x13,0x0F,0x0B,0x08,0x06,
    0x04,0x02,0x01,0xF0,0xF0,0xF0,0xF0,0x00,0x00,0x00,0x00,0x00,0x00,0x00,0x00,0x00,
    0x00,0x00,0x00,0x00,0x00,0x01,0x02,0x03,0x04,0x07,0x09,0x0D,0x10,0x14,0x19,0x21,
    0x24,0x92,0xFF,0xFD,0xFF,0xFF,0xFF,0xFF,0xFF,0xFF,0xFF,0xFF,0xFF,0xFF,0xFF,0xFF,
    0xFF,0xFF,0xFF,0xFF,0xFF,0xFF,0xFF,0xFF,0xFF,0xFF,0xFF,0xFF,0xFF,0xFF,0xFF,0xFF,
    0xFF,0xFF,0xFF,0xFF,0xFF,0xFF,0xFF,0xFF,0xFF,0xFF,0xFF,0xFF,0xFF,0xFD,0xFF,0xD9,
    0x33,0x22,0x1B,0x15,0x11,0x0D,0x0A,0x07,0x05,0x03,0x02,0x01,0xF0,0xF0,0xF0,0x00,
    0x00,0x00,0x00,0x00,0x00,0x00,0x00,0x00,0x00,0x00,0x00,0x00,0x01,0x01,0x02,0x04,
    0x06,0x08,0x0B,0x0F,0x13,0x18,0x1E,0x22,0x55,0xF6,0xFD,0xFE,0xFF,0xFF,0xFF,0xFF,
    0xFF,0xFF,0xFF,0xFF,0xFF,0xFF,0xFF,0xFF,0xFF,0xFF,0xFF,0xFF,0xFF,0xFF,0xFF,0xFF,
    0xFF,0xFF,0xFF,0xFF,0xFF,0xFF,0xFF,0xFF,0xFF,0xFF,0xFF,0xFF,0xFF,0xFF,0xFF,0xFF,
    0xFF,0xFF,0xFF,0xFF,0xFF,0xFF,0xFD,0xFF,0x9F,0x23,0x20,0x18,0x13,0x0F,0x0C,0x08,
    0x06,0x04,0x02,0x01,0xF0,0xF0,0x00,0x00,0x00,0x00,0x00,0x00,0x00,0x00,0x00,0x00,
    0x00,0x00,0x00,0x01,0x01,0x02,0x03,0x05,0x07,0x0A,0x0D,0x11,0x15,0x1A,0x22,0x29,
    0xC8,0xFF,0xFD,0xFF,0xFF,0xFF,0xFF,0xFF,0xFF,0xFF,0xFF,0xFF,0xFF,0xFF,0xFF,0xFF,
    0xFF,0xFF,0xFF,0xFF,0xFF,0xFF,0xFF,0xFF,0xFF,0xFF,0xFF,0xFF,0xFF,0xFF,0xFF,0xFF,
    0xFF,0xFF,0xFF,0xFF,0xFF,0xFF,0xFF,0xFF,0xFF,0xFF,0xFF,0xFF,0xFF,0xFF,0xFE,0xFD,
    0xF4,0x51,0x20,0x1D,0x16,0x11,0x0D,0x0A,0x07,0x04,0x03,0x02,0x01,0xF0,0x00,0x00,
    0x00,0x00,0x00,0x00,0x00,0x00,0x00,0x00,0x00,0x00,0x00,0x01,0x02,0x03,0x04,0x06,
    0x08,0x0C,0x0F,0x14,0x18,0x21,0x23,0x65,0xFD,0xFD,0xFF,0xFF,0xFF,0xFF,0xFF,0xFF,
    0xFF,0xFF,0xFF,0xFF,0xFF,0xFF,0xFF,0xFF,0xFF,0xFF,0xFF,0xFF,0xFF,0xFF,0xFF,0xFF,
    0xFF,0xFF,0xFF,0xFF,0xFF,0xFF,0xFF,0xFF,0xFF,0xFF,0xFF,0xFF,0xFF,0xFF,0xFF,0xFF,
    0xFF,0xFF,0xFF,0xFF,0xFF,0xFF,0xFF,0xFD,0xFF,0xC1,0x25,0x20,0x18,0x13,0x0F,0x0B,
    0x08,0x05,0x03,0x02,0x01,0xF0,0x00,0x00,0x00,0x00,0x00,0x00,0x00,0x00,0x00,0x00,
    0x00,0x00,0x01,0x01,0x02,0x03,0x05,0x07,0x0A,0x0E,0x12,0x16,0x1B,0x22,0x29,0xC7,
    0xFF,0xFD,0xFF,0xFF,0xFF,0xFF,0xFF,0xFF,0xFF,0xFF,0xFF,0xFF,0xFF,0xFF,0xFF,0xFF,
    0xFF,0xFF,0xFF,0xFF,0xFF,0xFF,0xFF,0xFF,0xFF,0xFF,0xFF,0xFF,0xFF,0xFF,0xFF,0xFF,
    0xFF,0xFF,0xFF,0xFF,0xFF,0xFF,0xFF,0xFF,0xFF,0xFF,0xFF,0xFF,0xFF,0xFF,0xFF,0xFF,
    0xFD,0xFC,0x5B,0x20,0x1E,0x15,0x10,0x0D,0x09,0x06,0x04,0x02,0x01,0x01,0x00,0x00,
    0x00,0x00,0x00,0x00,0x00,0x00,0x00,0x00,0x00,0x01,0x01,0x02,0x03,0x04,0x06,0x09,
    0x0C,0x10,0x14,0x19,0x20,0x24,0x53,0xFA,0xFE,0xFE,0xFF,0xFF,0xFF,0xFF,0xFF,0xFF,
    0xFF,0xFF,0xFF,0xFF,0xFF,0xFF,0xFF,0xFF,0xFF,0xFF,0xFF,0xFF,0xFF,0xFF,0xFF,0xFF,
    0xFF,0xFF,0xFF,0xFF,0xFF,0xFF,0xFF,0xFF,0xFF,0xFF,0xFF,0xFF,0xFF,0xFF,0xFF,0xFF,
    0xFF,0xFF,0xFF,0xFF,0xFF,0xFF,0xFF,0xFF,0xFD,0xFF,0xC5,0x28,0x1E,0x18,0x12,0x0E,
    0x0A,0x07,0x05,0x03,0x02,0x01,0x00,0x00,0x00,0x00,0x00,0x00,0x00,0x00,0x00,0x00,
    0x00,0x01,0x01,0x02,0x03,0x05,0x08,0x0A,0x0E,0x12,0x16,0x1B,0x24,0x27,0xA3,0xFF,
    0xFD,0xFF,0xFF,0xFF,0xFF,0xFF,0xFF,0xFF,0xFF,0xFF,0xFF,0xFF,0xFF,0xFF,0xFF,0xFF,
    0xFF,0xFF,0xFF,0xFF,0xFF,0xFF,0xFF,0xFF,0xFF,0xFF,0xFF,0xFF,0xFF,0xFF,0xFF,0xFF,
    0xFF,0xFF,0xFF,0xFF,0xFF,0xFF,0xFF,0xFF,0xFF,0xFF,0xFF,0xFF,0xFF,0xFF,0xFF,0xFF,
    0xFE,0xFF,0xE1,0x45,0x1F,0x1B,0x14,0x0F,0x0C,0x08,0x06,0x03,0x02,0x01,0x00,0x00,
    0x00,0x00,0x00,0x00,0x00,0x00,0x00,0x00,0x01,0x01,0x02,0x03,0x04,0x06,0x09,0x0C,
    0x10,0x14,0x19,0x1F,0x25,0x32,0xDF,0xFF,0xFD,0xFF,0xFF,0xFF,0xFF,0xFF,0xFF,0xFF,
    0xFF,0xFF,0xFF,0xFF,0xFF,0xFF,0xFF,0xFF,0xFF,0xFF,0xFF,0xFF,0xFF,0xFF,0xFF,0xFF,
    0xFF,0xFF,0xFF,0xFF,0xFF,0xFF,0xFF,0xFF,0xFF,0xFF,0xFF,0xFF,0xFF,0xFF,0xFF,0xFF,
    0xFF,0xFF,0xFF,0xFF,0xFF,0xFF,0xFF,0xFF,0xFD,0xFF,0x8E,0x27,0x23,0x1B,0x16,0x11,
    0x0D,0x09,0x06,0x04,0x02,0x01,0x00,0x00,0x00,0x00,0x00,0x00,0x00,0x00,0x00,0x00,
    0x01,0x01,0x02,0x04,0x05,0x07,0x0A,0x0E,0x12,0x16,0x1C,0x24,0x27,0x71,0xFE,0xFD,
    0xFF,0xFF,0xFF,0xFF,0xFF,0xFF,0xFF,0xFF,0xFF,0xFF,0xFF,0xFF,0xFF,0xFF,0xFF,0xFF,
    0xFF,0xFF,0xFF,0xFF,0xFF,0xFF,0xFF,0xFF,0xFF,0xFF,0xFF,0xFF,0xFF,0xFF,0xFF,0xFF,
    0xFF,0xFF,0xFF,0xFF,0xFF,0xFF,0xFF,0xFF,0xFF,0xFF,0xFF,0xFF,0xFF,0xFF,0xFF,0xFF,
    0xFD,0xFF,0xDE,0x37,0x24,0x1E,0x17,0x12,0x0E,0x0A,0x07,0x04,0x03,0x01,0x01,0x00,
    0x00,0x00,0x00,0x00,0x00,0x00,0x00,0x00,0x01,0x02,0x03,0x04,0x06,0x09,0x0D,0x10,
    0x14,0x19,0x21,0x24,0x36,0xDD,0xFF,0xFD,0xFF,0xFF,0xFF,0xFF,0xFF,0xFF,0xFF,0xFF,
    0xFF,0xFF,0xFF,0xFF,0xFF,0xFF,0xFF,0xFF,0xFF,0xFF,0xFF,0xFF,0xFF,0xFF,0xFF,0xFF,
    0xFF,0xFF,0xFF,0xFF,0xFF,0xFF,0xFF,0xFF,0xFF,0xFF,0xFF,0xFF,0xFF,0xFF,0xFF,0xFF,
    0xFF,0xFF,0xFF,0xFF,0xFF,0xFF,0xFF,0xFF,0xFF,0xFD,0xFF,0x9C,0x25,0x21,0x19,0x13,
    0x0F,0x0B,0x08,0x05,0x03,0x02,0x01,0x00,0x00,0x00,0x00,0x00,0x00,0x00,0x00,0x00,
    0x01,0x02,0x03,0x05,0x07,0x0A,0x0D,0x11,0x19,0x1E,0x21,0x2A,0xB4,0xFF,0xFD,0xFF,
    0xFF,0xFF,0xFF,0xFF,0xFF,0xFF,0xFF,0xFF,0xFF,0xFF,0xFF,0xFF,0xFF,0xFF,0xFF,0xFF,
    0xFF,0xFF,0xFF,0xFF,0xFF,0xFF,0xFF,0xFF,0xFF,0xFF,0xFF,0xFF,0xFF,0xFF,0xFF,0xFF,
    0xFF,0xFF,0xFF,0xFF,0xFF,0xFF,0xFF,0xFF,0xFF,0xFF,0xFF,0xFF,0xFF,0xFF,0xFF,0xFF,
    0xFF,0xFE,0xFE,0xF1,0x41,0x20,0x1C,0x15,0x10,0x0C,0x08,0x06,0x03,0x02,0x01,0x00,
    0x00,0x00,0x00,0x00,0x00,0x00,0x00,0x00,0x02,0x03,0x04,0x06,0x08,0x0B,0x26,0x20,
    0x18,0x1E,0xE6,0xB6,0xFF,0xFD,0xFF,0xFF,0xFF,0xFF,0xFF,0xFF,0xFF,0xFF,0xFF,0xFF,
    0xFF,0xFF,0xFF,0xFF,0xFF,0xFF,0xFF,0xFF,0xFF,0xFF,0xFF,0xFF,0xFF,0xFF,0xFF,0xFF,
    0xFF,0xFF,0xFF,0xFF,0xFF,0xFF,0xFF,0xFF,0xFF,0xFF,0xFF,0xFF,0xFF,0xFF,0xFF,0xFF,
    0xFF,0xFF,0xFF,0xFF,0xFF,0xFF,0xFF,0xFF,0xFF,0xFF,0xFD,0xFF,0x9E,0x22,0x1E,0x16,
    0x11,0x0C,0x09,0x06,0x04,0x02,0x01,0x00,0x00,0x00,0x00,0x00,0x00,0x00,0x00,0x00,
    0x02,0x03,0x05,0x07,0x0B,0x0D,0x46,0xCD,0xB6,0xB6,0xE6,0xFD,0xF5,0xFF,0xFF,0xFF,
    0xFF,0xFF,0xFF,0xFF,0xFF,0xFF,0xFF,0xFF,0xFF,0xFF,0xFF,0xFF,0xFF,0xFF,0xFF,0xFF,
    0xFF,0xFF,0xFF,0xFF,0xFF,0xFF,0xFF,0xFF,0xFF,0xFF,0xFF,0xFF,0xFF,0xFF,0xFF,0xFF,
    0xFF,0xFF,0xFF,0xFF,0xFF,0xFF,0xFF,0xFF,0xFF,0xFF,0xFF,0xFF,0xFF,0xFF,0xFF,0xFF,
    0xFF,0xFF,0xFD,0xFE,0xC5,0x25,0x1D,0x17,0x12,0x0D,0x09,0x06,0x04,0x02,0x01,0x01,
    0x00,0x00,0x00,0x00,0x00,0x00,0x00,0x00,0x02,0x03,0x05,0x08,0x0A,0x0F,0x12,0x4F,
    0xA3,0xE6,0xE6,0x4C,0xB8,0xFF,0xFD,0xFF,0xFF,0xFF,0xFF,0xFF,0xFF,0xFF,0xFF,0xFF,
    0xFF,0xFF,0xFF,0xFF,0xFF,0xFF,0xFF,0xFF,0xFF,0xFF,0xFF,0xFF,0xFF,0xFF,0xFF,0xFF,
    0xFF,0xFF,0xFF,0xFF,0xFF,0xFF,0xFF,0xFF,0xFF,0xFF,0xFF,0xFF,0xFF,0xFF,0xFF,0xFF,
    0xFF,0xFF,0xFF,0xFF,0xFF,0xFF,0xFF,0xFF,0xFF,0xFF,0xFD,0xFF,0x87,0x24,0x21,0x18,
    0x13,0x0E,0x0A,0x07,0x04,0x03,0x01,0x01,0x00,0x00,0x00,0x00,0x00,0x00,0x00,0x00,
    0x03,0x04,0x06,0x08,0x0C,0x0F,0x15,0xE6,0xE6,0xE6,0xE6,0xE6,0xE6,0xE6,0xFE,0xFF,
    0xFF,0xFF,0xFF,0xFF,0xFF,0xFF,0xFF,0xFF,0xFF,0xFF,0xFF,0xFF,0xFF,0xFF,0xFF,0xFF,
    0xFF,0xFF,0xFF,0xFF,0xFF,0xFF,0xFF,0xFF,0xFF,0xFF,0xFF,0xFF,0xFF,0xFF,0xFF,0xFF,
    0xFF,0xFF,0xFF,0xFF,0xFF,0xFF,0xFF,0xFF,0xFF,0xFF,0xFF,0xFF,0xFF,0xFF,0xFF,0xFF,
    0xFF,0xFF,0xFD,0xFF,0xB1,0x25,0x21,0x19,0x13,0x0E,0x0A,0x07,0x04,0x03,0x01,0x01,
    0x00,0x00,0x00,0x00,0x00,0x00,0x00,0x00,0x03,0x04,0x07,0x09,0x0D,0x10,0x15,0x1C,
    0x23,0xE6,0xE6,0x93,0xFF,0xFD,0xFF,0xFF,0xFF,0xFF,0xFF,0xFF,0xFF,0xFF,0xFF,0xFF,
    0xFF,0xFF,0xFF,0xFF,0xFF,0xFF,0xFF,0xFF,0xFF,0xFF,0xFF,0xFF,0xFF,0xFF,0xFF,0xFF,
    0xFF,0xFF,0xFF,0xFF,0xFF,0xFF,0xFF,0xFF,0xFF,0xFF,0xFF,0xFF,0xFF,0xFF,0xFF,0xFF,
    0xFF,0xFF,0xFF,0xFF,0xFF,0xFF,0xFF,0xFF,0xFF,0xFF,0xFD,0xFF,0xBC,0x26,0x21,0x19,
    0x14,0x0F,0x0B,0x07,0x05,0x03,0x02,0x01,0x00,0x00,0x00,0x00,0x00,0x00,0x00,0x00,
    0x04,0x05,0x07,0x0A,0x0E,0x12,0x16,0x1C,0x24,0x28,0xE6,0xED,0xFE,0xFE,0xFF,0xFF,
    0xFF,0xFF,0xFF,0xFF,0xFF,0xFF,0xFF,0xFF,0xFF,0xFF,0xFF,0xFF,0xFF,0xFF,0xFF,0xFF,
    0xFF,0xFF,0xFF,0xFF,0xFF,0xFF,0xFF,0xFF,0xFF,0xFF,0xFF,0xFF,0xFF,0xFF,0xFF,0xFF,
    0xFF,0xFF,0xFF,0xFF,0xFF,0xFF,0xFF,0xFF,0xFF,0xFF,0xFF,0xFF,0xFF,0xFF,0xFF,0xFF,
    0xFF,0xFF,0xFD,0xFF,0xD4,0x2E,0x20,0x1A,0x14,0x0F,0x0B,0x08,0x05,0x03,0x02,0x01,
    0x00,0x00,0x00,0x00,0x00,0x00,0x00,0x00,0x04,0x06,0x08,0x0B,0x0E,0x13,0x18,0x1F,
    0x25,0x2F,0xE6,0xFF,0xFD,0xFF,0xFF,0xFF,0xFF,0xFF,0xFF,0xFF,0xFF,0xFF,0xFF,0xFF,
    0xFF,0xFF,0xFF,0xFF,0xFF,0xFF,0xFF,0xFF,0xFF,0xFF,0xFF,0xFF,0xFF,0xFF,0xFF,0xFF,
    0xFF,0xFF,0xFF,0xFF,0xFF,0xFF,0xFF,0xFF,0xFF,0xFF,0xFF,0xFF,0xFF,0xFF,0xFF,0xFF,
    0xFF,0xFF,0xFF,0xFF,0xFF,0xFF,0xFF,0xFF,0xFF,0xFF,0xFE,0xFF,0xEE,0x39,0x20,0x1B,
    0x14,0x0F,0x0B,0x08,0x05,0x03,0x02,0x01,0x00,0x00,0x00,0x00,0x00,0x00,0x00,0x00,
    0x04,0x06,0x09,0x0C,0x0F,0x14,0x19,0x22,0x25,0x92,0xFF,0xFD,0xFF,0xFF,0xFF,0xFF,
    0xFF,0xFF,0xFF,0xFF,0xFF,0xFF,0xFF,0xFF,0xFF,0xFF,0xFF,0xFF,0xFF,0xFF,0xFF,0xFF,
    0xFF,0xFF,0xFF,0xFF,0xFF,0xFF,0xFF,0xFF,0xFF,0xFF,0xFF,0xFF,0xFF,0xFF,0xFF,0xFF,
    0xFF,0xFF,0xFF,0xFF,0xFF,0xFF,0xFF,0xFF,0xFF,0xFF,0xFF,0xFF,0xFF,0xFF,0xFF,0xFF,
    0xFF,0xFF,0xFE,0xFF,0xEA,0x38,0x20,0x1B,0x14,0x0F,0x0B,0x08,0x05,0x03,0x02,0x01,
    0x00,0x00,0x00,0x00,0x00,0x00,0x00,0x00,0x05,0x07,0x09,0x0C,0x10,0x15,0x1C,0x20,
    0x62,0xFB,0xFD,0xFE,0xFF,0xFF,0xFF,0xFF,0xFF,0xFF,0xFF,0xFF,0xFF,0xFF,0xFF,0xFF,
    0xFF,0xFF,0xFF,0xFF,0xFF,0xFF,0xFF,0xFF,0xFF,0xFF,0xFF,0xFF,0xFF,0xFF,0xFF,0xFF,
    0xFF,0xFF,0xFF,0xFF,0xFF,0xFF,0xFF,0xFF,0xFF,0xFF,0xFF,0xFF,0xFF,0xFF,0xFF,0xFF,
    0xFF,0xFF,0xFF,0xFF,0xFF,0xFF,0xFF,0xFF,0xFF,0xFF,0xFE,0xFF,0xEA,0x36,0x20,0x1B,
    0x14,0x0F,0x0B,0x08,0x05,0x03,0x02,0x01,0x00,0x00,0x00,0x00,0x00,0x00,0x00,0x00,
    0x05,0x07,0x0A,0x0D,0x11,0x16,0x1C,0x2F,0xE1,0xFF,0xFF,0xFF,0xFF,0xFF,0xFF,0xFF,
    0xFF,0xFF,0xFF,0xFF,0xFF,0xFF,0xFF,0xFF,0xFF,0xFF,0xFF,0xFF,0xFF,0xFF,0xFF,0xFF,
    0xFF,0xFF,0xFF,0xFF,0xFF,0xFF,0xFF,0xFF,0xFF,0xFF,0xFF,0xFF,0xFF,0xFF,0xFF,0xFF,
    0xFF,0xFF,0xFF,0xFF,0xFF,0xFF,0xFF,0xFF,0xFF,0xFF,0xFF,0xFF,0xFF,0xFF,0xFF,0xFF,
    0xFF,0xFF,0xFE,0xFF,0xFB,0x59,0x1F,0x1C,0x14,0x0F,0x0B,0x08,0x05,0x03,0x02,0x01,
    0x00,0x00,0x00,0x00,0x00,0x00,0x00,0x00,0x06,0x07,0x0A,0x0D,0x12,0x19,0x1B,0x70,
    0xFF,0xD5,0xE7,0xFF,0xFE,0xFF,0xFF,0xFF,0xFF,0xFF,0xFF,0xFF,0xFF,0xFF,0xFF,0xFF,
    0xFF,0xFF,0xFF,0xFF,0xFF,0xFF,0xFF,0xFF,0xFF,0xFF,0xFF,0xFF,0xFF,0xFF,0xFF,0xFF,
    0xFF,0xFF,0xFF,0xFF,0xFF,0xFF,0xFF,0xFF,0xFF,0xFF,0xFF,0xFF,0xFF,0xFF,0xFF,0xFF,
    0xFF,0xFF,0xFF,0xFF,0xFF,0xFF,0xFF,0xFF,0xFF,0xFF,0xFF,0xFD,0xFE,0x68,0x1F,0x1C,
    0x14,0x0F,0x0A,0x07,0x05,0x03,0x02,0x01,0x00,0x00,0x00,0x00,0x00,0x00,0x00,0x00,
    0x06,0x08,0x0A,0x0E,0x13,0x17,0x22,0xDC,0xD5,0x35,0xC2,0xFF,0xFD,0xFF,0xFF,0xFF,
    0xFF,0xFF,0xFF,0xFF,0xFF,0xFF,0xFF,0xFF,0xFF,0xFF,0xFF,0xFF,0xFF,0xFF,0xFF,0xFF,
    0xFF,0xFF,0xFF,0xFF,0xFF,0xFF,0xFF,0xFF,0xFF,0xFF,0xFF,0xFF,0xFF,0xFF,0xFF,0xFF,
    0xFF,0xFF,0xFF,0xFF,0xFF,0xFF,0xFF,0xFF,0xFF,0xFF,0xFF,0xFF,0xFF,0xFF,0xFF,0xFF,
    0xFF,0xFF,0xFF,0xFF,0xFF,0x66,0x1F,0x1C,0x13,0x0E,0x0A,0x07,0x04,0x03,0x01,0x01,
    0x00,0x00,0x00,0x00,0x00,0x00,0x00,0x00,0x06,0x08,0x0A,0x0E,0x15,0x16,0x6B,0xFF,
    0x4E,0x39,0xEF,0xFF,0xFE,0xFF,0xFF,0xFF,0xFF,0xFF,0xFF,0xFF,0xFF,0xFF,0xFF,0xFF,
    0xFF,0xFF,0xFF,0xFF,0xFF,0xFF,0xFF,0xFF,0xFF,0xFF,0xFF,0xFF,0xFF,0xFF,0xFF,0xFF,
    0xFF,0xFF,0xFF,0xFF,0xFF,0xFF,0xFF,0xFF,0xFF,0xFF,0xFF,0xFF,0xFF,0xFF,0xFF,0xFF,
    0xFF,0xFF,0xFF,0xFF,0xFF,0xFF,0xFF,0xFF,0xFF,0xFE,0xFF,0xE4,0xE6,0x5E,0x1E,0x1B,
    0x13,0x0E,0x0A,0x07,0x04,0x03,0x01,0x01,0x00,0x00,0x00,0x00,0x00,0x00,0x00,0x00,
    0x06,0x08,0x0A,0x0E,0x14,0x16,0xAE,0xA4,0x27,0x67,0xFE,0xFE,0xFF,0xFF,0xFF,0xFF,
    0xFF,0xFF,0xFF,0xFF,0xFF,0xFF,0xFF,0xFF,0xFF,0xFF,0xFF,0xFF,0xFF,0xFF,0xFF,0xFF,
    0xFF,0xFF,0xFF,0xFF,0xFF,0xFF,0xFF,0xFF,0xFF,0xFF,0xFF,0xFF,0xFF,0xFF,0xFF,0xFF,
    0xFF,0xFF,0xFF,0xFF,0xFF,0xFF,0xFF,0xFF,0xFF,0xFF,0xFF,0xFF,0xFF,0xFF,0xFF,0xFF,
    0xFF,0xFD,0xFF,0x9C,0x46,0x32,0x1D,0x17,0x12,0x0D,0x09,0x07,0x04,0x02,0x01,0x01,
    0x00,0x00,0x00,0x00,0x00,0x00,0x00,0x00,0x06,0x08,0x0A,0x0D,0x12,0x15,0xD1,0x7F,
    0x28,0x7C,0xFF,0xFC,0xFE,0xFF,0xFF,0xFF,0xFF,0xFF,0xFF,0xFF,0xFF,0xFF,0xFF,0xFF,
    0xFF,0xFF,0xFF,0xFF,0xFF,0xFF,0xFF,0xFF,0xFF,0xFF,0xFF,0xFF,0xFF,0xFF,0xFF,0xFF,
    0xFF,0xFF,0xFF,0xFF,0xFF,0xFF,0xFF,0xFF,0xFF,0xFF,0xFF,0xFF,0xFF,0xFF,0xFF,0xFF,
    0xFF,0xFF,0xFF,0xFF,0xFF,0xFF,0xFF,0xFF,0xFF,0xFE,0xFF,0x74,0x29,0x23,0x1C,0x16,
    0x11,0x0D,0x09,0x06,0x04,0x02,0x01,0x00,0x00,0x00,0x00,0x00,0x00,0x00,0x00,0x00,
    0x05,0x07,0x0A,0x0D,0x11,0x15,0xD4,0x96,0x26,0xA7,0xFF,0xFF,0xFF,0xFF,0xFF,0xFF,
    0xFF,0xFF,0xFF,0xFF,0xFF,0xFF,0xFF,0xFF,0xFF,0xFF,0xFF,0xFF,0xFF,0xFF,0xFF,0xFF,
    0xFF,0xFF,0xFF,0xFF,0xFF,0xFF,0xFF,0xFF,0xFF,0xFF,0xFF,0xFF,0xFF,0xFF,0xFF,0xFF,
    0xFF,0xFF,0xFF,0xFF,0xFF,0xFF,0xFF,0xFF,0xFF,0xFF,0xFF,0xFF,0xFF,0xFF,0xFF,0xFF,
    0xFE,0xFF,0xEC,0x40,0x2A,0x24,0x1B,0x16,0x11,0x0C,0x09,0x06,0x04,0x02,0x01,0x00,
    0x00,0x00,0x00,0x00,0x00,0x00,0x00,0x00,0x05,0x07,0x09,0x0C,0x12,0x13,0x9A,0xE0,
    0x22,0x9A,0xFF,0xE6,0xF0,0xFF,0xFE,0xFF,0xFF,0xFF,0xFF,0xFF,0xFF,0xFF,0xFF,0xFF,
    0xFF,0xFF,0xFF,0xFF,0xFF,0xFF,0xFF,0xFF,0xFF,0xFF,0xFF,0xFF,0xFF,0xFF,0xFF,0xFF,
    0xFF,0xFF,0xFF,0xFF,0xFF,0xFF,0xFF,0xFF,0xFF,0xFF,0xFF,0xFF,0xFF,0xFF,0xFF,0xFF,
    0xFF,0xFF,0xFF,0xFF,0xFF,0xFF,0xFF,0xFF,0xFE,0xFF,0xE6,0x39,0x27,0x22,0x1B,0x15,
    0x10,0x0C,0x08,0x06,0x03,0x02,0x01,0x00,0x00,0x00,0x00,0x00,0x00,0x00,0x00,0x00,
    0x04,0x06,0x08,0x0B,0x0F,0x13,0x2B,0xDE,0x9D,0xBC,0xFE,0x87,0xAE,0xFE,0xFD,0xFF,
    0xFF,0xFF,0xFF,0xFF,0xFF,0xFF,0xFF,0xFF,0xFF,0xFF,0xFF,0xFF,0xFF,0xFF,0xFF,0xFF,
    0xFF,0xFF,0xFF,0xFF,0xFF,0xFF,0xFF,0xFF,0xFF,0xFF,0xFF,0xFF,0xFF,0xFF,0xFF,0xFF,
    0xFF,0xFF,0xFF,0xFF,0xFF,0xFF,0xFF,0xFF,0xFF,0xFF,0xFF,0xFF,0xFF,0xFF,0xFF,0xFF,
    0xFE,0xFF,0xEA,0x3E,0x27,0x21,0x1A,0x14,0x0F,0x0B,0x08,0x05,0x03,0x02,0x01,0x00,
    0x00,0x00,0x00,0x00,0x00,0x00,0x00,0x00,0x04,0x06,0x07,0x0A,0x0D,0x11,0x14,0x32,
    0x8B,0xBC,0xFF,0x83,0x66,0xFF,0xFD,0xFF,0xFF,0xFF,0xFF,0xFF,0xFF,0xFF,0xFF,0xFF,
    0xFF,0xFF,0xFF,0xFF,0xFF,0xFF,0xFF,0xFF,0xFF,0xFF,0xFF,0xFF,0xFF,0xFF,0xFF,0xFF,
    0xFF,0xFF,0xFF,0xFF,0xFF,0xFF,0xFF,0xFF,0xFF,0xFF,0xFF,0xFF,0xFF,0xFF,0xFF,0xFF,
    0xFF,0xFF,0xFF,0xFF,0xFF,0xFF,0xFF,0xFF,0xFF,0xFE,0xFD,0x5F,0x26,0x22,0x19,0x14,
    0x0F,0x0B,0x08,0x05,0x03,0x02,0x01,0x00,0x00,0x00,0x00,0x00,0x00,0x00,0x00,0x00,
    0x03,0x05,0x06,0x08,0x0B,0x0E,0x13,0x16,0x1B,0x23,0xEF,0x95,0x2E,0xB1,0xFF,0xFD,
    0xFF,0xFF,0xFF,0xFF,0xFF,0xFF,0xFF,0xFF,0xFF,0xFF,0xFF,0xFF,0xFF,0xFF,0xFF,0xFF,
    0xFF,0xFF,0xFF,0xFF,0xFF,0xFF,0xFF,0xFF,0xFF,0xFF,0xFF,0xFF,0xFF,0xFF,0xFF,0xFF,
    0xFF,0xFF,0xFF,0xFF,0xFF,0xFF,0xFF,0xFF,0xFF,0xFF,0xFF,0xFF,0xFF,0xFF,0xFF,0xFF,
    0xFF,0xFE,0xFF,0x65,0x25,0x21,0x18,0x13,0x0E,0x0A,0x07,0x05,0x03,0x01,0x01,0x00,
    0x00,0x00,0x00,0x00,0x00,0x00,0x00,0x00,0x03,0x04,0x06,0x07,0x0A,0x0D,0x10,0x14,
    0x1D,0x1D,0x57,0xD4,0x5A,0x56,0xFF,0xFF,0xFF,0xFF,0xFF,0xFF,0xFF,0xFF,0xFF,0xFF,
    0xFF,0xFF,0xFF,0xFF,0xFF,0xFF,0xFF,0xFF,0xFF,0xFF,0xFF,0xFF,0xFF,0xFF,0xFF,0xFF,
    0xFF,0xFF,0xFF,0xFF,0xFF,0xFF,0xFF,0xFF,0xFF,0xFF,0xFF,0xFF,0xFF,0xFF,0xFF,0xFF,
    0xFF,0xFF,0xFF,0xFF,0xFF,0xFF,0xFF,0xFF,0xFF,0xFD,0xFF,0xB7,0x24,0x1E,0x18,0x12,
    0x0E,0x0A,0xE6,0x04,0x03,0x01,0x01,0x00,0x00,0x00,0x00,0x00,0x00,0x00,0x00,0x00,
    0x02,0x03,0x04,0x06,0x08,0x0A,0x0D,0x11,0x14,0x1A,0x1C,0x5C,0x76,0x5B,0xFD,0xFF,
    0xFE,0xFD,0xFF,0xFF,0xFF,0xFF,0xFF,0xFF,0xFF,0xFF,0xFF,0xFF,0xFF,0xFF,0xFF,0xFF,
    0xFF,0xFF,0xFF,0xFF,0xFF,0xFF,0xFF,0xFF,0xFF,0xFF,0xFF,0xFF,0xFF,0xFF,0xFF,0xFF,
    0xFF,0xFF,0xFF,0xFF,0xFF,0xFF,0xFF,0xFF,0xFF,0xFF,0xFF,0xFF,0xFF,0xFF,0xFF,0xFF,
    0xFF,0xFD,0xFF,0xD6,0x23,0x1C,0x17,0x12,0x0D,0x09,0xE6,0x04,0x02,0x01,0x01,0x00,
    0x00,0x00,0x00,0x00,0x00,0x00,0x00,0x00,0x02,0x02,0x03,0x05,0x07,0x09,0x0B,0x0E,
    0x11,0x15,0x1B,0x1D,0x21,0x36,0xEC,0xFD,0xFF,0xFF,0xFD,0xFE,0xFF,0xFF,0xFF,0xFF,
    0xFF,0xFF,0xFF,0xFF,0xFF,0xFF,0xFF,0xFF,0xFF,0xFF,0xFF,0xFF,0xFF,0xFF,0xFF,0xFF,
    0xFF,0xFF,0xFF,0xFF,0xFF,0xFF,0xFF,0xFF,0xFF,0xFF,0xFF,0xFF,0xFF,0xFF,0xFF,0xFF,
    0xFF,0xFF,0xFF,0xFF,0xFF,0xFF,0xFF,0xFF,0xFF,0xFD,0xFF,0xD2,0x22,0x1B,0x16,0x10,
    0x0C,0xE6,0xE6,0x04,0x02,0x01,0x01,0x00,0x00,0x00,0x00,0x00,0x00,0x00,0x00,0x00,
    0x01,0x02,0x03,0x04,0x05,0x07,0x09,0x0C,0x0E,0x12,0x15,0x1C,0x1F,0x39,0xCE,0xFF,
    0xD9,0xBD,0xFF,0xFF,0xFE,0xFF,0xFF,0xFF,0xFF,0xFF,0xFF,0xFF,0xFF,0xFF,0xFF,0xFF,
    0xFF,0xFF,0xFF,0xFF,0xFF,0xFF,0xFF,0xFF,0xFF,0xFF,0xFF,0xFF,0xFF,0xFF,0xFF,0xFF,
    0xFF,0xFF,0xFF,0xFF,0xFF,0xFF,0xFF,0xFF,0xFF,0xFF,0xFF,0xFF,0xFF,0xFF,0xFF,0xFF,
    0xFF,0xFD,0xFF,0xC6,0x20,0x19,0x15,0xE6,0xE6,0xE6,0xE6,0xE6,0xE6,0xE6,0x00,0x00,
    0x00,0x00,0x00,0x00,0x00,0x00,0x00,0x00,0x01,0x01,0x02,0x03,0x04,0x06,0x07,0x09,
    0x0C,0x0E,0x12,0x15,0x19,0x29,0x2E,0xA2,0xDD,0x38,0x90,0xEF,0xFF,0xFC,0xFE,0xFF,
    0xFF,0xFF,0xFF,0xFF,0xFF,0xFF,0xFF,0xFF,0xFF,0xFF,0xFF,0xFF,0xFF,0xFF,0xFF,0xFF,
    0xFF,0xFF,0xFF,0xFF,0xFF,0xFF,0xFF,0xFF,0xFF,0xFF,0xFF,0xFF,0xFF,0xFF,0xFF,0xFF,
    0xFF,0xFF,0xFF,0xFF,0xFF,0xFF,0xFF,0xFF,0xFD,0xFB,0xFE,0x9A,0x1D,0x1A,0x13,0x0E,
    0x0A,0xE6,0xE6,0x03,0x02,0x01,0x00,0x00,0x00,0x00,0x00,0x00,0x00,0x00,0x00,0x00,
    0x01,0x01,0x01,0x02,0x03,0x04,0x06,0x07,0x09,0x0C,0x0E,0x12,0x15,0x19,0x1D,0x21,
    0x87,0x86,0x30,0x5D,0xE9,0xFF,0xFF,0xFF,0xFF,0xFF,0xFF,0xFF,0xFF,0xFF,0xFF,0xFF,
    0xFF,0xFF,0xFF,0xFF,0xFF,0xFF,0xFF,0xFF,0xFF,0xFF,0xFF,0xFF,0xFF,0xFF,0xFF,0xFF,
    0xFF,0xFF,0xFF,0xFF,0xFF,0xFF,0xFF,0xFF,0xFF,0xFF,0xFF,0xFF,0xFF,0xFF,0xFF,0xFD,
    0xFF,0xFF,0xFF,0x70,0x1B,0x18,0x11,0x0D,0x09,0x07,0xE6,0x03,0x02,0x01,0x00,0x00,
    0x00,0x00,0x00,0x00,0x00,0x00,0x00,0x00,0x00,0x00,0x01,0x01,0x02,0x03,0x04,0x06,
    0x07,0x09,0x0C,0x0F,0x12,0x15,0x1A,0x1E,0x22,0x33,0x30,0x31,0x5D,0xCD,0x99,0x7E,
    0xFB,0xFF,0xFE,0xFF,0xFF,0xFF,0xFF,0xFF,0xFF,0xFF,0xFF,0xFF,0xFF,0xFF,0xFF,0xFF,
    0xFF,0xFF,0xFF,0xFF,0xFF,0xFF,0xFF,0xFF,0xFF,0xFF,0xFF,0xFF,0xFF,0xFF,0xFF,0xFF,
    0xFF,0xFE,0xFF,0xFF,0xFF,0xFF,0xFC,0xFF,0xBD,0xC4,0xEF,0x2D,0x18,0x14,0x0F,0x0C,
    0x08,0x06,0xE6,0x02,0x01,0x01,0x00,0x00,0x00,0x00,0x00,0x00,0x00,0x00,0x00,0x00,
    0x00,0x00,0x00,0x01,0x01,0x02,0x03,0x04,0x06,0x07,0x09,0x0C,0x0F,0x12,0x16,0x1A,
    0x21,0x24,0x29,0x30,0x34,0x39,0x3E,0x85,0xFB,0xFE,0xFF,0xFF,0xFF,0xFF,0xFF,0xFF,
    0xFF,0xFF,0xFF,0xFF,0xFF,0xFF,0xFF,0xFF,0xFF,0xFF,0xFF,0xFF,0xFF,0xFF,0xFF,0xFF,
    0xFF,0xFF,0xFF,0xFF,0xFF,0xFF,0xFF,0xFF,0xFF,0xFF,0xFF,0xFF,0xFD,0xFC,0xFF,0xC5,
    0x2D,0xAA,0x7E,0x1A,0x18,0x12,0x0E,0x0A,0x07,0x05,0x03,0x02,0x01,0x01,0x00,0x00,
    0x00,0x00,0x00,0x00,0x00,0x00,0x00,0x00,0x00,0x00,0x00,0x00,0x01,0x01,0x02,0x03,
    0x04,0x06,0x08,0x0A,0x0D,0x10,0x14,0x18,0x1C,0x22,0x27,0x2C,0x34,0x37,0x83,0xFE,
    0xFF,0xFE,0xFF,0xFF,0xFF,0xFF,0xFF,0xFF,0xFF,0xFF,0xFF,0xFF,0xFF,0xFF,0xFF,0xFF,
    0xFF,0xFF,0xFF,0xFF,0xFF,0xFF,0xFF,0xFF,0xFF,0xFF,0xFF,0xFF,0xFF,0xFF,0xFF,0xFF,
    0xFF,0xFB,0xFE,0xFE,0xFF,0xFF,0xBD,0x54,0xA8,0x7B,0x1D,0x1A,0x13,0x0F,0x0C,0x09,
    0x06,0x04,0x03,0x02,0x01,0x00,0x00,0x00,0x00,0x00,0x00,0x00,0x00,0x00,0x00,0x00,
    0x00,0x00,0x00,0x00,0x01,0x01,0x02,0x02,0x03,0x05,0x07,0x09,0x0B,0x0E,0x12,0x16,
    0x1B,0x20,0x25,0x2D,0x31,0x4A,0xED,0xFF,0xFE,0xFF,0xFF,0xFF,0xFF,0xFF,0xFF,0xFF,
    0xFF,0xFF,0xFF,0xFF,0xFF,0xFF,0xFF,0xFF,0xFF,0xFF,0xFF,0xFF,0xFF,0xFF,0xFF,0xFF,
    0xFF,0xFF,0xFF,0xFF,0xFF,0xFF,0xFE,0xFF,0xF9,0x6F,0xD2,0xFF,0xD8,0x82,0x31,0x34,
    0x46,0x1F,0x1B,0x15,0x11,0x0D,0x0A,0x08,0x05,0x03,0x02,0x01,0x01,0x00,0x00,0x00,
    0x00,0x00,0x00,0x00,0x00,0x00,0x00,0x00,0x00,0x00,0x00,0x00,0x00,0x01,0x01,0x02,
    0x03,0x04,0x06,0x08,0x0A,0x0D,0x11,0x15,0x1A,0x1F,0x25,0x2D,0x30,0x88,0xFF,0xFD,
    0xFF,0xFF,0xFF,0xFF,0xFF,0xFF,0xFF,0xFF,0xFF,0xFF,0xFF,0xFF,0xFF,0xFF,0xFF,0xFF,
    0xFF,0xFF,0xFF,0xFF,0xFF,0xFF,0xFF,0xFF,0xFF,0xFF,0xFF,0xFF,0xFF,0xFF,0xFF,0xFE,
    0xFD,0xAC,0x77,0x74,0x42,0x32,0x2D,0x27,0x21,0x1E,0x17,0x13,0x0F,0x0C,0x09,0x06,
    0x04,0x03,0x02,0x01,0x00,0x00,0x00,0x00,0x00,0x00,0x00,0x00,0x00,0x00,0x00,0x00,
    0x00,0x00,0x00,0x00,0x00,0x01,0x01,0x02,0x03,0x04,0x06,0x08,0x0A,0x0D,0x11,0x15,
    0x1A,0x1F,0x25,0x2C,0x33,0xC5,0xFE,0xFD,0xFF,0xFF,0xFF,0xFF,0xFF,0xFF,0xFF,0xFF,
    0xFF,0xFF,0xFF,0xFF,0xFF,0xFF,0xFF,0xFF,0xFF,0xFF,0xFF,0xFF,0xFF,0xFF,0xFF,0xFF,
    0xFF,0xFF,0xFF,0xFF,0xFF,0xFF,0xFF,0xFF,0xFE,0xFF,0xBE,0x3B,0x36,0x34,0x2A,0x24,
    0x20,0x1A,0x15,0x11,0x0D,0x0A,0x07,0x05,0x03,0x02,0x01,0x01,0x00,0x00,0x00,0x00,
    0x00,0x00,0x00,0x00,0x00,0x00,0x00,0x00,0x00,0x00,0x00,0x00,0x00,0x01,0x01,0x02,
    0x03,0x04,0x06,0x08,0x0B,0x0E,0x12,0x16,0x1B,0x20,0x27,0x2C,0x40,0xE9,0xFF,0xFE,
    0xFF,0xFF,0xFF,0xFF,0xFF,0xFF,0xFF,0xFF,0xFF,0xFF,0xFF,0xFF,0xFF,0xFF,0xFF,0xFF,
    0xFF,0xFF,0xFF,0xFF,0xFF,0xFF,0xFF,0xFF,0xFF,0xFF,0xFF,0xFF,0xFF,0xFF,0xFF,0xFF,
    0xFF,0xFC,0xFF,0xD3,0x55,0x2E,0x29,0x22,0x1D,0x18,0x13,0x0F,0x0C,0x08,0x06,0x04,
    0x03,0x02,0x01,0x00,0x00,0x00,0x00,0x00,0x00,0x00,0x00,0x00,0x00,0x00,0x00,0x00,
    0x00,0x00,0x00,0x00,0x00,0x01,0x01,0x02,0x03,0x05,0x07,0x09,0x0C,0x0F,0x14,0x18,
    0x1D,0x22,0x2A,0x2F,0x39,0xE6,0xFF,0xFE,0xFF,0xFF,0xFF,0xFF,0xFF,0xFF,0xFF,0xFF,
    0xFF,0xFF,0xFF,0xFF,0xFF,0xFF,0xFF,0xFF,0xFF,0xFF,0xFF,0xFF,0xFF,0xFF,0xFF,0xFF,
    0xFF,0xFF,0xFF,0xFF,0xFF,0xFF,0xFF,0xFF,0xFF,0xFF,0xFC,0xFF,0xD7,0x39,0x28,0x22,
    0x1B,0x16,0x12,0x0D,0x0A,0x07,0x05,0x03,0x02,0x01,0x01,0x00,0x00,0x00,0x00,0x00,
    0x00,0x00,0x00,0x00,0x00,0x00,0x00,0x00,0x00,0x00,0x00,0x00,0x01,0x01,0x02,0x03,
    0x04,0x06,0x08,0x0B,0x0E,0x12,0x16,0x1B,0x20,0x26,0x2C,0x30,0x7B,0xF8,0xFE,0xFE,
    0xFF,0xFF,0xFF,0xFF,0xFF,0xFF,0xFF,0xFF,0xFF,0xFF,0xFF,0xFF,0xFF,0xFF,0xFF,0xFF,
    0xFF,0xFF,0xFF,0xFF,0xFF,0xFF,0xFF,0xFF,0xFF,0xFF,0xFF,0xFF,0xFF,0xFF,0xFF,0xFF,
    0xFF,0xFF,0xFF,0xFB,0xFF,0x87,0x26,0x23,0x1A,0x15,0x10,0x0D,0x09,0x07,0x04,0x03,
    0x02,0x01,0x00,0x00,0x00,0x00,0x00,0x00,0x00,0x00,0x00,0x00,0x00,0x00,0x00,0x00,
    0x00,0x00,0x00,0x01,0x01,0x02,0x03,0x04,0x06,0x08,0x0A,0x0D,0x11,0x14,0x19,0x1E,
    0x24,0x28,0x2F,0x9D,0xFE,0xFF,0xFF,0xFF,0xFF,0xFF,0xFF,0xFF,0xFF,0xFF,0xFF,0xFF,
    0xFF,0xFF,0xFF,0xFF,0xFF,0xFF,0xFF,0xFF,0xFF,0xFF,0xFF,0xFF,0xFF,0xFF,0xFF,0xFF,
    0xFF,0xFF,0xFF,0xFF,0xFF,0xFF,0xFF,0xFF,0xFF,0xFF,0xFE,0xFE,0xF5,0x68,0x25,0x21,
    0x1A,0x14,0x10,0x0C,0x09,0x06,0x04,0x02,0x01,0x01,0x00,0x00,0x00,0x00,0x00,0x00,
    0x00,0x00,0x00,0x00,0x00,0x00,0x00,0x00,0x00,0x00,0x00,0x01,0x02,0x03,0x04,0x06,
    0x08,0x0A,0x0D,0x10,0x14,0x18,0x1C,0x24,0x27,0x39,0xC0,0xFF,0xFE,0xFE,0xFF,0xFF,
    0xFF,0xFF,0xFF,0xFF,0xFF,0xFF,0xFF,0xFF,0xFF,0xFF,0xFF,0xFF,0xFF,0xFF,0xFF,0xFF,
    0xFF,0xFF,0xFF,0xFF,0xFF,0xFF,0xFF,0xFF,0xFF,0xFF,0xFF,0xFF,0xFF,0xFF,0xFF,0xFF,
    0xFF,0xFF,0xFD,0xFF,0xDC,0x2F,0x26,0x20,0x1A,0x14,0x10,0x0C,0x08,0x06,0x04,0x02,
    0x01,0x01,0x00,0x00,0x00,0x00,0x00,0x00,0x00,0x00,0x00,0x00,0x00,0x00,0x00,0x00,
    0x00,0x00,0x01,0x02,0x02,0x04,0x05,0x07,0x09,0x0C,0x0F,0x13,0x17,0x1C,0x23,0x26,
    0x37,0xC7,0xFF,0xFD,0xFE,0xFF,0xFF,0xFF,0xFF,0xFF,0xFF,0xFF,0xFF,0xFF,0xFF,0xFF,
    0xFF,0xFF,0xFF,0xFF,0xFF,0xFF,0xFF,0xFF,0xFF,0xFF,0xFF,0xFF,0xFF,0xFF,0xFF,0xFF,
    0xFF,0xFF,0xFF,0xFF,0xFF,0xFF,0xFF,0xFF,0xFF,0xFF,0xFE,0xFF,0xF9,0x51,0x26,0x22,
    0x1A,0x15,0x10,0x0C,0x08,0x06,0x04,0x02,0x01,0x01,0x00,0x00,0x00,0x00,0x00,0x00,
    0x00,0x00,0x00,0x00,0x00,0x00,0x00,0x00,0x00,0x01,0x01,0x02,0x03,0x05,0x07,0x09,
    0x0C,0x0F,0x13,0x17,0x1B,0x23,0x25,0x49,0xC8,0xFF,0xFC,0xFF,0xFF,0xFF,0xFF,0xFF,
    0xFF,0xFF,0xFF,0xFF,0xFF,0xFF,0xFF,0xFF,0xFF,0xFF,0xFF,0xFF,0xFF,0xFF,0xFF,0xFF,
    0xFF,0xFF,0xFF,0xFF,0xFF,0xFF,0xFF,0xFF,0xFF,0xFF,0xFF,0xFF,0xFF,0xFF,0xFF,0xFF,
    0xFF,0xFF,0xFE,0xFF,0xFD,0x55,0x27,0x23,0x1B,0x15,0x11,0x0D,0x09,0x06,0x04,0x02,
    0x01,0x01,0x00,0x00,0x00,0x00,0x00,0x00,0x00,0x00,0x00,0x00,0x00,0x00,0x00,0x00,
    0x01,0x01,0x02,0x03,0x04,0x06,0x09,0x0B,0x0F,0x12,0x16,0x1B,0x23,0x24,0x55,0xE8,
    0xFF,0xFD,0xFF,0xFF,0xFF,0xFF,0xFF,0xFF,0xFF,0xFF,0xFF,0xFF,0xFF,0xFF,0xFF,0xFF,
    0xFF,0xFF,0xFF,0xFF,0xFF,0xFF,0xFF,0xFF,0xFF,0xFF,0xFF,0xFF,0xFF,0xFF,0xFF,0xFF,
    0xFF,0xFF,0xFF,0xFF,0xFF,0xFF,0xFF,0xFF,0xFF,0xFF,0xFE,0xFF,0xFC,0x56,0x2A,0x24,
    0x1C,0x17,0x12,0x0E,0x0A,0x07,0x04,0x03,0x02,0x01,0x00,0x00,0x00,0x00,0x00,0x00,
    0x00,0x00,0x00,0x00,0x00,0x00,0x00,0x00,0x01,0x02,0x03,0x04,0x06,0x08,0x0B,0x0E,
    0x12,0x15,0x1A,0x21,0x24,0x54,0xEA,0xFF,0xFC,0xFF,0xFF,0xFF,0xFF,0xFF,0xFF,0xFF,
    0xFF,0xFF,0xFF,0xFF,0xFF,0xFF,0xFF,0xFF,0xFF,0xFF,0xFF,0xFF,0xFF,0xFF,0xFF,0xFF,
    0xFF,0xFF,0xFF,0xFF,0xFF,0xFF,0xFF,0xFF,0xFF,0xFF,0xFF,0xFF,0xFF,0xFF,0xFF,0xFF,
    0xFF,0xFF,0xFE,0xFF,0xFD,0x54,0x2B,0x26,0x1E,0x19,0x13,0x0F,0x0B,0x08,0x06,0x03,
    0x02,0x01,0x01,0x00,0x00,0x00,0x00,0x00,0x00,0x00,0x00,0x00,0x00,0x00,0x00,0x00,
    0x02,0x02,0x04,0x06,0x07,0x0A,0x0D,0x10,0x15,0x19,0x21,0x23,0x51,0xE8,0xFF,0xFD,
    0xFF,0xFF,0xFF,0xFF,0xFF,0xFF,0xFF,0xFF,0xFF,0xFF,0xFF,0xFF,0xFF,0xFF,0xFF,0xFF,
    0xFF,0xFF,0xFF,0xFF,0xFF,0xFF,0xFF,0xFF,0xFF,0xFF,0xFF,0xFF,0xFF,0xFF,0xFF,0xFF,
    0xFF,0xFF,0xFF,0xFF,0xFF,0xFF,0xFF,0xFF,0xFF,0xFF,0xFF,0xFD,0xFF,0xBA,0x36,0x29,
    0x21,0x1B,0x15,0x11,0x0D,0x09,0x07,0x04,0x03,0x02,0x01,0x00,0x00,0x00,0x00,0x00,
    0x00,0x00,0x00,0x00,0x00,0x00,0x00,0x00,0x02,0x03,0x05,0x07,0x09,0x0C,0x10,0x14,
    0x18,0x1F,0x22,0x42,0xE8,0xFF,0xFD,0xFF,0xFF,0xFF,0xFF,0xFF,0xFF,0xFF,0xFF,0xFF,
    0xFF,0xFF,0xFF,0xFF,0xFF,0xFF,0xFF,0xFF,0xFF,0xFF,0xFF,0xFF,0xFF,0xFF,0xFF,0xFF,
    0xFF,0xFF,0xFF,0xFF,0xFF,0xFF,0xFF,0xFF,0xFF,0xFF,0xFF,0xFF,0xFF,0xFF,0xFF,0xFF,
    0xFF,0xFF,0xFF,0xFF,0xFD,0xFF,0xA2,0x29,0x25,0x1D,0x18,0x13,0x0F,0x0B,0x08,0x06,
    0x04,0x02,0x01,0x01,0x00,0x00,0x00,0x00,0x00,0x00,0x00,0x00,0x00,0x00,0x00,0x00,
    0x03,0x04,0x06,0x08,0x0B,0x0E,0x12,0x17,0x1D,0x22,0x31,0xC5,0xFF,0xFD,0xFF,0xFF,
    0xFF,0xFF,0xFF,0xFF,0xFF,0xFF,0xFF,0xFF,0xFF,0xFF,0xFF,0xFF,0xFF,0xFF,0xFF,0xFF,
    0xFF,0xFF,0xFF,0xFF,0xFF,0xFF,0xFF,0xFF,0xFF,0xFF,0xFF,0xFF,0xFF,0xFF,0xFF,0xFF,
    0xFF,0xFF,0xFF,0xFF,0xFF,0xFF,0xFF,0xFF,0xFF,0xFF,0xFF,0xFF,0xFE,0xFD,0xF4,0x4B,
    0x26,0x22,0x1A,0x15,0x11,0x0D,0x0A,0x07,0x05,0x03,0x02,0x01,0x01,0x00,0x00,0x00,
    0x00,0x00,0x00,0x00,0x00,0x00,0x00,0x00,0x04,0x06,0x07,0x0A,0x0D,0x11,0x15,0x1A,
    0x22,0x25,0xA2,0xFF,0xFC,0xFF,0xFF,0xFF,0xFF,0xFF,0xFF,0xFF,0xFF,0xFF,0xFF,0xFF,
    0xFF,0xFF,0xFF,0xFF,0xFF,0xFF,0xFF,0xFF,0xFF,0xFF,0xFF,0xFF,0xFF,0xFF,0xFF,0xFF,
    0xFF,0xFF,0xFF,0xFF,0xFF,0xFF,0xFF,0xFF,0xFF,0xFF,0xFF,0xFF,0xFF,0xFF,0xFF,0xFF,
    0xFF,0xFF,0xFF,0xFF,0xFF,0xFD,0xFF,0xA4,0x29,0x25,0x1E,0x18,0x13,0x0F,0x0C,0x09,
    0x06,0x04,0x03,0x02,0x01,0x01,0x00,0x00,0x00,0x00,0x00,0x00,0x00,0x00,0x00,0x00,
    0x05,0x07,0x09,0x0C,0x0F,0x14,0x18,0x20,0x23,0x71,0xFF,0xFD,0xFE,0xFF,0xFF,0xFF,
    0xFF,0xFF,0xFF,0xFF,0xFF,0xFF,0xFF,0xFF,0xFF,0xFF,0xFF,0xFF,0xFF,0xFF,0xFF,0xFF,
    0xFF,0xFF,0xFF,0xFF,0xFF,0xFF,0xFF,0xFF,0xFF,0xFF,0xFF,0xFF,0xFF,0xFF,0xFF,0xFF,
    0xFF,0xFF,0xFF,0xFF,0xFF,0xFF,0xFF,0xFF,0xFF,0xFF,0xFF,0xFF,0xFF,0xFD,0xFE,0xD8,
    0x34,0x27,0x22,0x1B,0x16,0x12,0x0E,0x0B,0x08,0x06,0x04,0x03,0x02,0x01,0x01,0x00,
    0x00,0x00,0x00,0x00,0x00,0x00,0x00,0x00,0x07,0x08,0x0B,0x0E,0x12,0x16,0x1D,0x22,
    0x35,0xE5,0xFF,0xFD,0xFF,0xFF,0xFF,0xFF,0xFF,0xFF,0xFF,0xFF,0xFF,0xFF,0xFF,0xFF,
    0xFF,0xFF,0xFF,0xFF,0xFF,0xFF,0xFF,0xFF,0xFF,0xFF,0xFF,0xFF,0xFF,0xFF,0xFF,0xFF,
    0xFF,0xFF,0xFF,0xFF,0xFF,0xFF,0xFF,0xFF,0xFF,0xFF,0xFF,0xFF,0xFF,0xFF,0xFF,0xFF,
    0xFF,0xFF,0xFF,0xFF,0xFF,0xFE,0xFF,0xF2,0x3F,0x2A,0x27,0x1F,0x1A,0x15,0x11,0x0D,
    0x0A,0x08,0x06,0x04,0x03,0x02,0x01,0x00,0x00,0x00,0x00,0x00,0x00,0x00,0x00,0x00,
    0x08,0x0A,0x0D,0x10,0x15,0x1A,0x21,0x24,0x9E,0xFF,0xFD,0xFF,0xFF,0xFF,0xFF,0xFF,
    0xFF,0xFF,0xFF,0xFF,0xFF,0xFF,0xFF,0xFF,0xFF,0xFF,0xFF,0xFF,0xFF,0xFF,0xFF,0xFF,
    0xFF,0xFF,0xFF,0xFF,0xFF,0xFF,0xFF,0xFF,0xFF,0xFF,0xFF,0xFF,0xFF,0xFF,0xFF,0xFF,
    0xFF,0xFF,0xFF,0xFF,0xFF,0xFF,0xFF,0xFF,0xFF,0xFF,0xFF,0xFF,0xFF,0xFE,0xFF,0xFA,
    0x9B,0x30,0x28,0x25,0x1D,0x19,0x14,0x10,0x0D,0x0A,0x07,0x05,0x03,0x02,0x01,0x01,
    0x00,0x00,0x00,0x00,0x00,0x00,0x00,0x00,0x0A,0x0D,0x0F,0x13,0x18,0x1E,0x22,0x51,
    0xF6,0xFD,0xFE,0xFF,0xFF,0xFF,0xFF,0xFF,0xFF,0xFF,0xFF,0xFF,0xFF,0xFF,0xFF,0xFF,
    0xFF,0xFF,0xFF,0xFF,0xFF,0xFF,0xFF,0xFF,0xFF,0xFF,0xFF,0xFF,0xFF,0xFF,0xFF,0xFF,
    0xFF,0xFF,0xFF,0xFF,0xFF,0xFF,0xFF,0xFF,0xFF,0xFF,0xFF,0xFF,0xFF,0xFF,0xFF,0xFF,
    0xFF,0xFF,0xFF,0xFF,0xFF,0xFF,0xFF,0xFF,0xFF,0xC2,0x4C,0x27,0x24,0x1C,0x18,0x13,
    0x0F,0x0C,0x09,0x07,0x05,0x03,0x02,0x01,0x01,0x00,0x00,0x00,0x00,0x00,0x00,0x00,
    0x0C,0x0F,0x12,0x16,0x1B,0x22,0x25,0xB3,0xFF,0xFD,0xFF,0xFF,0xFF,0xFF,0xFF,0xFF,
    0xFF,0xFF,0xFF,0xFF,0xFF,0xFF,0xFF,0xFF,0xFF,0xFF,0xFF,0xFF,0xFF,0xFF,0xFF,0xFF,
    0xFF,0xFF,0xFF,0xFF,0xFF,0xFF,0xFF,0xFF,0xFF,0xFF,0xFF,0xFF,0xFF,0xFF,0xFF,0xFF,
    0xFF,0xFF,0xFF,0xFF,0xFF,0xFF,0xFF,0xFF,0xFF,0xFF,0xFF,0xFF,0xFF,0xFF,0xFF,0xFF,
    0xFC,0xFF,0xE1,0x39,0x25,0x23,0x1B,0x16,0x12,0x0E,0x0B,0x09,0x06,0x04,0x03,0x02,
    0x01,0x01,0x00,0x00,0x00,0x00,0x00,0x00,0x0F,0x11,0x15,0x19,0x1F,0x23,0x3B,0xE9,
    0xFE,0xFD,0xFF,0xFF,0xFF,0xFF,0xFF,0xFF,0xFF,0xFF,0xFF,0xFF,0xFF,0xFF,0xFF,0xFF,
    0xFF,0xFF,0xFF,0xFF,0xFF,0xFF,0xFF,0xFF,0xFF,0xFF,0xFF,0xFF,0xFF,0xFF,0xFF,0xFF,
    0xFF,0xFF,0xFF,0xFF,0xFF,0xFF,0xFF,0xFF,0xFF,0xFF,0xFF,0xFF,0xFF,0xFF,0xFF,0xFF,
    0xFF,0xFF,0xFF,0xFF,0xFF,0xFF,0xFF,0xFF,0xFF,0xFD,0xFF,0xCE,0x4F,0x24,0x23,0x1A,
    0x15,0x12,0x0E,0x0B,0x08,0x06,0x04,0x03,0x02,0x01,0x01,0x01,0x00,0x00,0x00,0x00,
    0x11,0x14,0x18,0x1C,0x24,0x26,0x83,0xFF,0xFD,0xFF,0xFF,0xFF,0xFF,0xFF,0xFF,0xFF,
    0xFF,0xFF,0xFF,0xFF,0xFF,0xFF,0xFF,0xFF,0xFF,0xFF,0xFF,0xFF,0xFF,0xFF,0xFF,0xFF,
    0xFF,0xFF,0xFF,0xFF,0xFF,0xFF,0xFF,0xFF,0xFF,0xFF,0xFF,0xFF,0xFF,0xFF,0xFF,0xFF,
    0xFF,0xFF,0xFF,0xFF,0xFF,0xFF,0xFF,0xFF,0xFF,0xFF,0xFF,0xFF,0xFF,0xFF,0xFF,0xFF,
    0xFF,0xFF,0xFD,0xFF,0xE6,0x50,0x23,0x20,0x19,0x15,0x11,0x0D,0x0A,0x08,0x06,0x04,
    0x03,0x02,0x01,0x01,0x01,0x00,0x00,0x00,0x14,0x17,0x1A,0x1F,0x25,0x2C,0xC5,0xFF,
    0xFD,0xFF,0xFF,0xFF,0xFF,0xFF,0xFF,0xFF,0xFF,0xFF,0xFF,0xFF,0xFF,0xFF,0xFF,0xFF,
    0xFF,0xFF,0xFF,0xFF,0xFF,0xFF,0xFF,0xFF,0xFF,0xFF,0xFF,0xFF,0xFF,0xFF,0xFF,0xFF,
    0xFF,0xFF,0xFF,0xFF,0xFF,0xFF,0xFF,0xFF,0xFF,0xFF,0xFF,0xFF,0xFF,0xFF,0xFF,0xFF,
    0xFF,0xFF,0xFF,0xFF,0xFF,0xFF,0xFF,0xFF,0xFF,0xFF,0xFF,0xFC,0xFF,0xE5,0x60,0x22,
    0x1E,0x18,0x14,0x10,0x0D,0x0A,0x08,0x06,0x04,0x03,0x02,0x02,0x01,0x01,0x01,0x01,
    0x17,0x1A,0x1E,0x25,0x2A,0x47,0xF1,0xFF,0xFE,0xFF,0xFF,0xFF,0xFF,0xFF,0xFF,0xFF,
    0xFF,0xFF,0xFF,0xFF,0xFF,0xFF,0xFF,0xFF,0xFF,0xFF,0xFF,0xFF,0xFF,0xFF,0xFF,0xFF,
    0xFF,0xFF,0xFF,0xFF,0xFF,0xFF,0xFF,0xFF,0xFF,0xFF,0xFF,0xFF,0xFF,0xFF,0xFF,0xFF,
    0xFF,0xFF,0xFF,0xFF,0xFF,0xFF,0xFF,0xFF,0xFF,0xFF,0xFF,0xFF,0xFF,0xFF,0xFF,0xFF,
    0xFF,0xFF,0xFF,0xFF,0xFD,0xFF,0xFC,0x5F,0x21,0x1F,0x18,0x14,0x10,0x0D,0x0A,0x08,
    0x07,0x05,0x04,0x03,0x02,0x02,0x01,0x01,0x1A,0x1D,0x22,0x25,0x2A,0x43,0xF4,0xFF,
    0xFE,0xFF,0xFF,0xFF,0xFF,0xFF,0xFF,0xFF,0xFF,0xFF,0xFF,0xFF,0xFF,0xFF,0xFF,0xFF,
    0xFF,0xFF,0xFF,0xFF,0xFF,0xFF,0xFF,0xFF,0xFF,0xFF,0xFF,0xFF,0xFF,0xFF,0xFF,0xFF,
    0xFF,0xFF,0xFF,0xFF,0xFF,0xFF,0xFF,0xFF,0xFF,0xFF,0xFF,0xFF,0xFF,0xFF,0xFF,0xFF,
    0xFF,0xFF,0xFF,0xFF,0xFF,0xFF,0xFF,0xFF,0xFF,0xFF,0xFF,0xFF,0xFF,0xFC,0xFF,0xC3,
    0x26,0x21,0x1B,0x17,0x13,0x10,0x0D,0x0B,0x09,0x07,0x06,0x05,0x04,0x03,0x02,0x02,
    0x1C,0x22,0x24,0x32,0x91,0xBF,0xFA,0xFF,0xFF,0xFF,0xFF,0xFF,0xFF,0xFF,0xFF,0xFF,
    0xFF,0xFF,0xFF,0xFF,0xFF,0xFF,0xFF,0xFF,0xFF,0xFF,0xFF,0xFF,0xFF,0xFF,0xFF,0xFF,
    0xFF,0xFF,0xFF,0xFF,0xFF,0xFF,0xFF,0xFF,0xFF,0xFF,0xFF,0xFF,0xFF,0xFF,0xFF,0xFF,
    0xFF,0xFF,0xFF,0xFF,0xFF,0xFF,0xFF,0xFF,0xFF,0xFF,0xFF,0xFF,0xFF,0xFF,0xFF,0xFF,
    0xFF,0xFF,0xFF,0xFF,0xFF,0xFE,0xFE,0xEC,0x3D,0x25,0x22,0x1B,0x18,0x14,0x11,0x0E,
    0x0C,0x0A,0x08,0x07,0x06,0x04,0x04,0x03,0x1F,0x22,0x31,0xC3,0xFF,0xFF,0xFF,0xFF,
    0xFF,0xFF,0xFF,0xFF,0xFF,0xFF,0xFF,0xFF,0xFF,0xFF,0xFF,0xFF,0xFF,0xFF,0xFF,0xFF,
    0xFF,0xFF,0xFF,0xFF,0xFF,0xFF,0xFF,0xFF,0xFF,0xFF,0xFF,0xFF,0xFF,0xFF,0xFF,0xFF,
    0xFF,0xFF,0xFF,0xFF,0xFF,0xFF,0xFF,0xFF,0xFF,0xFF,0xFF,0xFF,0xFF,0xFF,0xFF,0xFF,
    0xFF,0xFF,0xFF,0xFF,0xFF,0xFF,0xFF,0xFF,0xFF,0xFF,0xFF,0xFF,0xFF,0xFF,0xFD,0xFF,
    0x86,0x29,0x27,0x20,0x1C,0x18,0x15,0x12,0x0F,0x0D,0x0B,0x09,0x08,0x06,0x05,0x04,
    0x21,0x3B,0xC0,0xFF,0xFC,0xFD,0xFF,0xFF,0xFF,0xFF,0xFF,0xFF,0xFF,0xFF,0xFF,0xFF,
    0xFF,0xFF,0xFF,0xFF,0xFF,0xFF,0xFF,0xFF,0xFF,0xFF,0xFF,0xFF,0xFF,0xFF,0xFF,0xFF,
    0xFF,0xFF,0xFF,0xFF,0xFF,0xFF,0xFF,0xFF,0xFF,0xFF,0xFF,0xFF,0xFF,0xFF,0xFF,0xFF,
    0xFF,0xFF,0xFF,0xFF,0xFF,0xFF,0xFF,0xFF,0xFF,0xFF,0xFF,0xFF,0xFF,0xFF,0xFF,0xFF,
    0xFF,0xFF,0xFF,0xFF,0xFF,0xFF,0xFD,0xFF,0xC4,0x2E,0x2A,0x25,0x22,0x1E,0x1A,0x16,
    0x13,0x10,0x0E,0x0C,0x0A,0x08,0x07,0x06,0x23,0x68,0xFF,0xFD,0xFE,0xFF,0xFF,0xFF,
    0xFF,0xFF,0xFF,0xFF,0xFF,0xFF,0xFF,0xFF,0xFF,0xFF,0xFF,0xFF,0xFF,0xFF,0xFF,0xFF,
    0xFF,0xFF,0xFF,0xFF,0xFF,0xFF,0xFF,0xFF,0xFF,0xFF,0xFF,0xFF,0xFF,0xFF,0xFF,0xFF,
    0xFF,0xFF,0xFF,0xFF,0xFF,0xFF,0xFF,0xFF,0xFF,0xFF,0xFF,0xFF,0xFF,0xFF,0xFF,0xFF,
    0xFF,0xFF,0xFF,0xFF,0xFF,0xFF,0xFF,0xFF,0xFF,0xFF,0xFF,0xFF,0xFF,0xFF,0xFD,0xFF,
    0xCA,0x33,0x31,0x2D,0x26,0x21,0x1E,0x1A,0x18,0x15,0x11,0x0F,0x0D,0x0B,0x09,0x08,
    0x25,0x71,0xFC,0xFE,0xFF,0xFF,0xFF,0xFF,0xFF,0xFF,0xFF,0xFF,0xFF,0xFF,0xFF,0xFF,
    0xFF,0xFF,0xFF,0xFF,0xFF,0xFF,0xFF,0xFF,0xFF,0xFF,0xFF,0xFF,0xFF,0xFF,0xFF,0xFF,
    0xFF,0xFF,0xFF,0xFF,0xFF,0xFF,0xFF,0xFF,0xFF,0xFF,0xFF,0xFF,0xFF,0xFF,0xFF,0xFF,
    0xFF,0xFF,0xFF,0xFF,0xFF,0xFF,0xFF,0xFF,0xFF,0xFF,0xFF,0xFF,0xFF,0xFF,0xFF,0xFF,
    0xFF,0xFF,0xFF,0xFF,0xFF,0xFF,0xFE,0xFF,0xE3,0x44,0x33,0x2F,0x2D,0x39,0x2D,0x23,
    0x1B,0x18,0x16,0x12,0x10,0x0E,0x0C,0x0A,0x26,0x72,0xFA,0xFE,0xFF,0xFF,0xFF,0xFF,
    0xFF,0xFF,0xFF,0xFF,0xFF,0xFF,0xFF,0xFF,0xFF,0xFF,0xFF,0xFF,0xFF,0xFF,0xFF,0xFF,
    0xFF,0xFF,0xFF,0xFF,0xFF,0xFF,0xFF,0xFF,0xFF,0xFF,0xFF,0xFF,0xFF,0xFF,0xFF,0xFF,
    0xFF,0xFF,0xFF,0xFF,0xFF,0xFF,0xFF,0xFF,0xFF,0xFF,0xFF,0xFF,0xFF,0xFF,0xFF,0xFF,
    0xFF,0xFF,0xFF,0xFF,0xFF,0xFF,0xFF,0xFF,0xFF,0xFF,0xFF,0xFF,0xFF,0xFF,0xFE,0xFF,
    0xDC,0x47,0x75,0x95,0xCE,0xED,0x9E,0x24,0x2A,0x2B,0x19,0x17,0x13,0x10,0x0E,0x0D,
    0x26,0x29,0x9F,0xFF,0xFD,0xFF,0xFF,0xFF,0xFF,0xFF,0xFF,0xFF,0xFF,0xFF,0xFF,0xFF,
    0xFF,0xFF,0xFF,0xFF,0xFF,0xFF,0xFF,0xFF,0xFF,0xFF,0xFF,0xFF,0xFF,0xFF,0xFF,0xFF,
    0xFF,0xFF,0xFF,0xFF,0xFF,0xFF,0xFF,0xFF,0xFF,0xFF,0xFF,0xFF,0xFF,0xFF,0xFF,0xFF,
    0xFF,0xFF,0xFF,0xFF,0xFF,0xFF,0xFF,0xFF,0xFF,0xFF,0xFF,0xFF,0xFF,0xFF,0xFF,0xFF,
    0xFF,0xFF,0xFF,0xFF,0xFF,0xFF,0xFE,0xFF,0xF0,0xD5,0xFF,0xFF,0xFF,0xFF,0xD6,0x8D,
    0xC1,0xD4,0x34,0x19,0x18,0x13,0x10,0x0F,0x26,0x29,0x53,0xFA,0xFF,0xFE,0xFF,0xFF,
    0xFF,0xFF,0xFF,0xFF,0xFF,0xFF,0xFF,0xFF,0xFF,0xFF,0xFF,0xFF,0xFF,0xFF,0xFF,0xFF,
    0xFF,0xFF,0xFF,0xFF,0xFF,0xFF,0xFF,0xFF,0xFF,0xFF,0xFF,0xFF,0xFF,0xFF,0xFF,0xFF,
    0xFF,0xFF,0xFF,0xFF,0xFF,0xFF,0xFF,0xFF,0xFF,0xFF,0xFF,0xFF,0xFF,0xFF,0xFF,0xFF,
    0xFF,0xFF,0xFF,0xFF,0xFF,0xFF,0xFF,0xFF,0xFF,0xFF,0xFF,0xFF,0xFF,0xFF,0xFF,0xFF,
    0xFF,0xFF,0xFE,0xFD,0xFD,0xFE,0xFF,0xFF,0xFF,0xFF,0xD2,0x31,0x1A,0x16,0x13,0x11,
    0x25,0x2A,0x2E,0xC4,0xFF,0xFD,0xFF,0xFF,0xFF,0xFF,0xFF,0xFF,0xFF,0xFF,0xFF,0xFF,
    0xFF,0xFF,0xFF,0xFF,0xFF,0xFF,0xFF,0xFF,0xFF,0xFF,0xFF,0xFF,0xFF,0xFF,0xFF,0xFF,
    0xFF,0xFF,0xFF,0xFF,0xFF,0xFF,0xFF,0xFF,0xFF,0xFF,0xFF,0xFF,0xFF,0xFF,0xFF,0xFF,
    0xFF,0xFF,0xFF,0xFF,0xFF,0xFF,0xFF,0xFF,0xFF,0xFF,0xFF,0xFF,0xFF,0xFF,0xFF,0xFF,
    0xFF,0xFF,0xFF,0xFF,0xFF,0xFF,0xFF,0xFF,0xFE,0xFE,0xFF,0xFF,0xFF,0xFF,0xFE,0xFD,
    0xFD,0xFC,0xFF,0x5A,0x1B,0x1B,0x15,0x13,0x23,0x29,0x29,0xBB,0xFF,0xFD,0xFF,0xFF,
    0xFF,0xFF,0xFF,0xFF,0xFF,0xFF,0xFF,0xFF,0xFF,0xFF,0xFF,0xFF,0xFF,0xFF,0xFF,0xFF,
    0xFF,0xFF,0xFF,0xFF,0xFF,0xFF,0xFF,0xFF,0xFF,0xFF,0xFF,0xFF,0xFF,0xFF,0xFF,0xFF,
    0xFF,0xFF,0xFF,0xFF,0xFF,0xFF,0xFF,0xFF,0xFF,0xFF,0xFF,0xFF,0xFF,0xFF,0xFF,0xFF,
    0xFF,0xFF,0xFF,0xFF,0xFF,0xFF,0xFF,0xFF,0xFF,0xFF,0xFF,0xFF,0xFF,0xFF,0xFF,0xFF,
    0xFF,0xFF,0xFF,0xFF,0xFF,0xFF,0xFF,0xFF,0xFF,0xFE,0xFD,0xD5,0x3D,0x1A,0x18,0x14,
    0x21,0x24,0x74,0xF6,0xFE,0xFE,0xFF,0xFF,0xFF,0xFF,0xFF,0xFF,0xFF,0xFF,0xFF,0xFF,
    0xFF,0xFF,0xFF,0xFF,0xFF,0xFF,0xFF,0xFF,0xFF,0xFF,0xFF,0xFF,0xFF,0xFF,0xFF,0xFF,
    0xFF,0xFF,0xFF,0xFF,0xFF,0xFF,0xFF,0xFF,0xFF,0xFF,0xFF,0xFF,0xFF,0xFF,0xFF,0xFF,
    0xFF,0xFF,0xFF,0xFF,0xFF,0xFF,0xFF,0xFF,0xFF,0xFF,0xFF,0xFF,0xFF,0xFF,0xFF,0xFF,
    0xFF,0xFF,0xFF,0xFF,0xFF,0xFF,0xFF,0xFF,0xFF,0xFF,0xFF,0xFF,0xFF,0xFF,0xFF,0xFF,
    0xFF,0xFF,0xFC,0xFF,0x92,0x1A,0x1A,0x15,0x1E,0x61,0xF6,0xFF,0xFC,0xFD,0xFD,0xFE,
    0xFF,0xFF,0xFF,0xFF,0xFF,0xFF,0xFF,0xFF,0xFF,0xFF,0xFF,0xFF,0xFF,0xFF,0xFF,0xFF,
    0xFF,0xFF,0xFF,0xFF,0xFF,0xFF,0xFF,0xFF,0xFF,0xFF,0xFF,0xFF,0xFF,0xFF,0xFF,0xFF,
    0xFF,0xFF,0xFF,0xFF,0xFF,0xFF,0xFF,0xFF,0xFF,0xFF,0xFF,0xFF,0xFF,0xFF,0xFF,0xFF,
    0xFF,0xFF,0xFF,0xFF,0xFF,0xFF,0xFF,0xFF,0xFF,0xFF,0xFF,0xFF,0xFF,0xFF,0xFF,0xFF,
    0xFF,0xFF,0xFF,0xFF,0xFF,0xFF,0xFF,0xFF,0xFE,0xFF,0xFC,0xFD,0xD1,0x1F,0x19,0x15,
    0x1B,0x8C,0xFF,0xFF,0xFF,0xFF,0xFF,0xFF,0xFD,0xFD,0xFF,0xFF,0xFF,0xFF,0xFF,0xFF,
    0xFF,0xFF,0xFF,0xFF,0xFF,0xFF,0xFF,0xFF,0xFF,0xFF,0xFF,0xFF,0xFF,0xFF,0xFF,0xFF,
    0xFF,0xFF,0xFF,0xFF,0xFF,0xFF,0xFF,0xFF,0xFF,0xFF,0xFF,0xFF,0xFF,0xFF,0xFF,0xFF,
    0xFF,0xFF,0xFF,0xFF,0xFF,0xFF,0xFF,0xFF,0xFF,0xFF,0xFF,0xFF,0xFF,0xFF,0xFF,0xFF,
    0xFF,0xFF,0xFF,0xFF,0xFF,0xFF,0xFF,0xFF,0xFF,0xFF,0xFF,0xFF,0xFF,0xFF,0xFF,0xFF,
    0xFF,0xFD,0xFC,0xFC,0xF4,0x39,0x18,0x15,0x18,0x3E,0x85,0x64,0x8A,0xA8,0xCF,0xFC,
    0xFF,0xFF,0xFE,0xFE,0xFF,0xFF,0xFF,0xFF,0xFF,0xFF,0xFF,0xFF,0xFF,0xFF,0xFF,0xFF,
    0xFF,0xFF,0xFF,0xFF,0xFF,0xFF,0xFF,0xFF,0xFF,0xFF,0xFF,0xFF,0xFF,0xFF,0xFF,0xFF,
    0xFF,0xFF,0xFF,0xFF,0xFF,0xFF,0xFF,0xFF,0xFF,0xFF,0xFF,0xFF,0xFF,0xFF,0xFF,0xFF,
    0xFF,0xFF,0xFF,0xFF,0xFF,0xFF,0xFF,0xFF,0xFE,0xFE,0xFF,0xFE,0xFE,0xFF,0xFF,0xFF,
    0xFF,0xFF,0xFF,0xFF,0xFF,0xFF,0xFF,0xFC,0xF8,0xFF,0xFF,0xFF,0xFF,0x76,0x16,0x14,
    0x15,0x16,0x19,0x1B,0x1F,0x22,0x26,0x85,0xB8,0xD3,0xFF,0xFF,0xFD,0xFF,0xFF,0xFF,
    0xFF,0xFF,0xFF,0xFF,0xFF,0xFF,0xFF,0xFF,0xFF,0xFF,0xFF,0xFF,0xFF,0xFF,0xFF,0xFF,
    0xFF,0xFF,0xFF,0xFF,0xFF,0xFF,0xFF,0xFF,0xFF,0xFF,0xFF,0xFF,0xFF,0xFF,0xFF,0xFF,
    0xFF,0xFF,0xFF,0xFF,0xFF,0xFF,0xFF,0xFF,0xFF,0xFF,0xFF,0xFF,0xFF,0xFF,0xFF,0xFF,
    0xFF,0xFF,0xFE,0xFF,0xFF,0xFF,0xFD,0xFD,0xFD,0xFF,0xFF,0xFF,0xFF,0xFD,0xFF,0xCA,
    0x4D,0x79,0x73,0x9A,0xF1,0xE2,0x27,0x13,0x11,0x14,0x18,0x1A,0x1D,0x20,0x21,0x25,
    0x28,0x32,0x84,0xF6,0xFF,0xFD,0xFE,0xFF,0xFF,0xFF,0xFF,0xFF,0xFF,0xFF,0xFF,0xFF,
    0xFF,0xFF,0xFF,0xFF,0xFF,0xFF,0xFF,0xFF,0xFF,0xFF,0xFF,0xFF,0xFF,0xFF,0xFF,0xFF,
    0xFF,0xFF,0xFF,0xFF,0xFF,0xFF,0xFF,0xFF,0xFF,0xFF,0xFF,0xFF,0xFF,0xFF,0xFF,0xFF,
    0xFF,0xFF,0xFF,0xFF,0xFF,0xFF,0xFF,0xFF,0xE2,0xF9,0xFF,0xD8,0xF6,0xFD,0xFF,0xFF,
    0xFF,0xFD,0xFF,0xFF,0xFF,0xFD,0xFE,0xC4,0x27,0x23,0x1F,0x1C,0x37,0x80,0x30,0x11,
    0x0E,0x0F,0x11,0x13,0x16,0x19,0x1C,0x21,0x26,0x26,0x2A,0x55,0xC2,0xFF,0xFF,0xFF,
    0xFF,0xFF,0xFF,0xFF,0xFF,0xFF,0xFF,0xFF,0xFF,0xFF,0xFF,0xFF,0xFF,0xFF,0xFE,0xFD,
    0xFD,0xFD,0xFE,0xFF,0xFF,0xFF,0xFF,0xFF,0xFF,0xFF,0xFF,0xFF,0xFF,0xFF,0xFE,0xFD,
    0xFD,0xFE,0xFF,0xFF,0xFF,0xFF,0xFF,0xFF,0xFF,0xFF,0xFF,0xFF,0xFF,0xFE,0xFE,0xF6,
    0x50,0x76,0x90,0x35,0xB7,0xFF,0xD2,0x8A,0xD1,0xFF,0xFD,0xFE,0xFE,0xFB,0xFF,0xB4,
    0x25,0x23,0x1F,0x1B,0x16,0x13,0x11,0x0F,0x0B,0x0C,0x0E,0x0F,0x12,0x14,0x17,0x1A,
    0x1E,0x22,0x28,0x28,0x31,0x8D,0xED,0xFF,0xFE,0xFF,0xFF,0xFF,0xFF,0xFF,0xFF,0xFF,
    0xFF,0xFF,0xFF,0xFD,0xFD,0xFE,0xFF,0xFF,0xFF,0xFF,0xFF,0xFF,0xFF,0xFF,0xFF,0xFF,
    0xFF,0xFF,0xFF,0xFF,0xFF,0xFD,0xFF,0xFF,0xFF,0xFF,0xFD,0xFF,0xFF,0xFF,0xFF,0xFF,
    0xFF,0xFE,0xFD,0xFD,0xFD,0xFD,0xFF,0xFF,0x5F,0x2F,0x2D,0x2D,0x50,0x70,0x39,0x2B,
    0x3F,0xD4,0xFF,0xFF,0xFF,0xFF,0xF5,0x4B,0x1E,0x1D,0x18,0x15,0x15,0x13,0x0F,0x0D,
    0x08,0x09,0x0A,0x0C,0x0E,0x10,0x13,0x15,0x19,0x1C,0x1F,0x25,0x27,0x2A,0xAE,0xFC,
    0xFA,0xFE,0xFF,0xFF,0xFF,0xFF,0xFF,0xFF,0xFF,0xFD,0xFE,0xFF,0xFF,0xFF,0xCF,0x94,
    0x92,0xB8,0xE2,0xFF,0xFD,0xFE,0xFF,0xFF,0xFF,0xFF,0xFF,0xFE,0xFD,0xFF,0xD9,0xC6,
    0xC8,0xEC,0xFF,0xFD,0xFE,0xFF,0xFF,0xFF,0xFF,0xFF,0xFF,0xFF,0xFF,0xFF,0xF8,0x7B,
    0x32,0x2B,0x29,0x27,0x26,0x25,0x25,0x2A,0x25,0x5B,0xDD,0xF0,0xF0,0xE4,0x73,0x1C,
    0x1B,0x17,0x15,0x12,0x10,0x0E,0x0C,0x0A,0x06,0x07,0x08,0x09,0x0B,0x0D,0x0F,0x11,
    0x14,0x17,0x1A,0x1E,0x24,0x28,0xB6,0xFF,0xFF,0xFF,0xFD,0xFD,0xFD,0xFF,0xFF,0xFE,
    0xFD,0xFF,0xFF,0xDA,0xA7,0x6F,0x34,0x31,0x31,0x31,0x3C,0x9F,0xFF,0xFD,0xFD,0xFD,
    0xFD,0xFD,0xFD,0xFF,0xFF,0xBB,0x3C,0x34,0x34,0x4F,0xBC,0xFF,0xFF,0xFD,0xFF,0xFD,
    0xFE,0xE1,0x79,0x76,0x74,0x76,0x59,0x26,0x24,0x22,0x21,0x20,0x22,0x22,0x20,0x1F,
    0x21,0x1F,0x29,0x39,0x38,0x2C,0x1A,0x19,0x15,0x13,0x11,0x0F,0x0D,0x0B,0x0A,0x08,
    0x04,0x05,0x06,0x07,0x08,0x0A,0x0C,0x0E,0x10,0x13,0x16,0x19,0x1D,0x20,0x6A,0x93,
    0xA9,0xF4,0xFF,0xFF,0xFF,0xFE,0xFC,0xFF,0xFF,0xC5,0x6F,0x38,0x2D,0x2C,0x2C,0x2D,
    0x2D,0x2E,0x2C,0x33,0x9D,0xFF,0xFF,0xFF,0xFF,0xFF,0xFF,0xF8,0x95,0x32,0x2F,0x31,
    0x30,0x2F,0x2F,0x90,0xF4,0xFF,0xFE,0xFC,0xFF,0x89,0x2B,0x29,0x27,0x25,0x22,0x22,
    0x1F,0x1D,0x1C,0x1B,0x1A,0x1A,0x1A,0x19,0x19,0x1A,0x19,0x18,0x18,0x16,0x17,0x14,
    0x12,0x10,0x0E,0x0C,0x0A,0x09,0x08,0x07,0x03,0x03,0x04,0x05,0x06,0x07,0x09,0x0B,
    0x0D,0x10,0x12,0x15,0x19,0x1C,0x1F,0x22,0x26,0x46,0x72,0xA3,0xD5,0xFF,0xFF,0xF8,
    0x83,0x2C,0x2B,0x2A,0x2B,0x2A,0x28,0x26,0x26,0x27,0x28,0x28,0x29,0x7F,0xBA,0xB4,
    0xB9,0xA3,0x79,0x50,0x2B,0x2A,0x2B,0x2A,0x2A,0x2C,0x2B,0x2B,0x50,0xBA,0xFF,0xFF,
    0xC3,0x2F,0x29,0x27,0x25,0x23,0x20,0x1B,0x1A,0x18,0x17,0x16,0x15,0x15,0x15,0x15,
    0x15,0x15,0x15,0x16,0x15,0x13,0x11,0x10,0x0E,0x0D,0x0B,0x09,0x08,0x07,0x06,0x05,
    0x02,0x02,0x03,0x03,0x04,0x06,0x07,0x08,0x0A,0x0D,0x0F,0x12,0x15,0x18,0x1E,0x23,
    0x24,0x24,0x27,0x28,0x30,0x5F,0x8E,0x5B,0x29,0x29,0x2A,0x26,0x24,0x23,0x22,0x22,
    0x22,0x22,0x23,0x25,0x27,0x26,0x26,0x27,0x27,0x27,0x27,0x27,0x28,0x27,0x26,0x26,
    0x26,0x26,0x26,0x29,0x27,0x27,0x65,0xD3,0x51,0x24,0x25,0x20,0x1E,0x1C,0x1A,0x18,
    0x16,0x14,0x13,0x12,0x12,0x11,0x11,0x11,0x11,0x11,0x10,0x10,0x0F,0x0F,0x0E,0x0D,
    0x0B,0x0A,0x09,0x07,0x06,0x05,0x04,0x03,0x01,0x01,0x02,0x02,0x03,0x04,0x05,0x07,
    0x08,0x0B,0x0D,0x10,0x13,0x16,0x19,0x1C,0x1F,0x23,0x27,0x28,0x26,0x27,0x27,0x26,
    0x29,0x25,0x23,0x22,0x20,0x20,0x1F,0x1F,0x1F,0x1F,0x20,0x20,0x21,0x24,0x25,0x26,
    0x26,0x27,0x27,0x26,0x23,0x23,0x22,0x22,0x22,0x22,0x22,0x23,0x25,0x23,0x23,0x32,
    0x26,0x21,0x1F,0x1C,0x1B,0x19,0x16,0x14,0x13,0x11,0x10,0x0F,0x0E,0x0E,0x0E,0x0E,
    0x0E,0x0E,0x0E,0x0D,0x0D,0x0C,0x0B,0x0A,0x09,0x08,0x07,0x06,0x04,0x04,0x03,0x02,
};

const lv_image_dsc_t ui_img_focus_mascot_finished = {
    .header.magic = LV_IMAGE_HEADER_MAGIC,
    .header.cf = LV_COLOR_FORMAT_RGB565A8,
    .header.flags = 0,
    .header.w = 88,
    .header.h = 110,
    .header.stride = 176,
    .data_size = sizeof(ui_img_focus_mascot_finished_data),
    .data = ui_img_focus_mascot_finished_data,
};
