// Generated from ui_img_focus_mascot_paused.png; 88x110; LVGL 9 RGB565A8.
#include "../ui.h"

#ifndef LV_ATTRIBUTE_MEM_ALIGN
#define LV_ATTRIBUTE_MEM_ALIGN
#endif

const LV_ATTRIBUTE_MEM_ALIGN uint8_t ui_img_focus_mascot_paused_data[] = {
    0x00,0x00,0x00,0x00,0x00,0x00,0x00,0x00,0x00,0x00,0x00,0x00,0x00,0x00,0x00,0x00,
    0x00,0x00,0x00,0x00,0x00,0x00,0x00,0x00,0x00,0x00,0x00,0x00,0x00,0x00,0x00,0x00,
    0x00,0x00,0x00,0x00,0x00,0x00,0x00,0x00,0x00,0x00,0x00,0x00,0x00,0x00,0x00,0x00,
    0x00,0x00,0x00,0x00,0x00,0x00,0x00,0x00,0x38,0xA6,0x38,0xA6,0x38,0xA6,0x38,0xA6,
    0x38,0xA6,0x38,0xA6,0x38,0xA6,0x38,0xA6,0x38,0xA6,0x38,0xA6,0x38,0xA6,0x38,0xA6,
    0x38,0xA6,0x38,0xA6,0xD4,0xB5,0xB3,0xB5,0x52,0xAD,0x32,0xA5,0x78,0xC6,0x38,0xA6,
    0x38,0xA6,0x77,0xAE,0x38,0xA6,0x38,0xA6,0x38,0xA6,0x38,0xA6,0x38,0xA6,0x38,0xA6,
    0x38,0xA6,0x38,0xA6,0x38,0xA6,0x38,0xA6,0x00,0x00,0x00,0x00,0x00,0x00,0x00,0x00,
    0x00,0x00,0x00,0x00,0x00,0x00,0x00,0x00,0x00,0x00,0x00,0x00,0x00,0x00,0x00,0x00,
    0x00,0x00,0x00,0x00,0x00,0x00,0x00,0x00,0x00,0x00,0x00,0x00,0x00,0x00,0x00,0x00,
    0x00,0x00,0x00,0x00,0x00,0x00,0x00,0x00,0x00,0x00,0x00,0x00,0x00,0x00,0x00,0x00,
    0x00,0x00,0x00,0x00,0x00,0x00,0x00,0x00,0x00,0x00,0x00,0x00,0x00,0x00,0x00,0x00,
    0x00,0x00,0x00,0x00,0x00,0x00,0x00,0x00,0x00,0x00,0x00,0x00,0x00,0x00,0x00,0x00,
    0x00,0x00,0x00,0x00,0x00,0x00,0x00,0x00,0x00,0x00,0x00,0x00,0x00,0x00,0x00,0x00,
    0x00,0x00,0x00,0x00,0x38,0xA6,0x38,0xA6,0x38,0xA6,0x38,0xA6,0x38,0xA6,0x38,0xA6,
    0x38,0xA6,0x38,0xA6,0x38,0xA6,0x38,0xA6,0x38,0xA6,0x38,0xA6,0x75,0xAD,0x15,0xAE,
    0xD0,0x9C,0x4E,0x8C,0x31,0xAD,0xEF,0xA4,0xEF,0xA4,0xCF,0xA4,0xF4,0xC5,0x77,0xDE,
    0x15,0xCE,0x38,0xA6,0x58,0xAE,0x38,0xA6,0x38,0xA6,0x38,0xA6,0x38,0xA6,0x38,0xA6,
    0x38,0xA6,0x38,0xA6,0x38,0xA6,0x38,0xA6,0x00,0x00,0x00,0x00,0x00,0x00,0x00,0x00,
    0x00,0x00,0x00,0x00,0x00,0x00,0x00,0x00,0x00,0x00,0x00,0x00,0x00,0x00,0x00,0x00,
    0x00,0x00,0x00,0x00,0x00,0x00,0x00,0x00,0x00,0x00,0x00,0x00,0x00,0x00,0x00,0x00,
    0x00,0x00,0x00,0x00,0x00,0x00,0x00,0x00,0x00,0x00,0x00,0x00,0x00,0x00,0x00,0x00,
    0x00,0x00,0x00,0x00,0x00,0x00,0x00,0x00,0x00,0x00,0x00,0x00,0x00,0x00,0x00,0x00,
    0x00,0x00,0x00,0x00,0x00,0x00,0x00,0x00,0x00,0x00,0x00,0x00,0x00,0x00,0x00,0x00,
    0x00,0x00,0x00,0x00,0x00,0x00,0x00,0x00,0x00,0x00,0x00,0x00,0x00,0x00,0x38,0xA6,
    0x38,0xA6,0x38,0xA6,0x38,0xA6,0x38,0xA6,0x38,0xA6,0x38,0xA6,0x38,0xA6,0x38,0xA6,
    0x38,0xA6,0x38,0xA6,0x38,0xA6,0x38,0xA6,0x38,0xA6,0x38,0xA6,0x38,0xA6,0x74,0xA5,
    0xD1,0xA4,0xB4,0xB5,0x58,0xCE,0x94,0xB5,0xF0,0xA4,0xCF,0xA4,0xF3,0xC5,0x96,0xD6,
    0x97,0xDE,0x15,0xCE,0x38,0xA6,0x38,0xA6,0xB6,0xA5,0x38,0xA6,0x38,0xA6,0x38,0xA6,
    0x38,0xA6,0x38,0xA6,0x38,0xA6,0x38,0xA6,0x38,0xA6,0x00,0x00,0x00,0x00,0x00,0x00,
    0x00,0x00,0x00,0x00,0x00,0x00,0x00,0x00,0x00,0x00,0x00,0x00,0x00,0x00,0x00,0x00,
    0x00,0x00,0x00,0x00,0x00,0x00,0x00,0x00,0x00,0x00,0x00,0x00,0x00,0x00,0x00,0x00,
    0x00,0x00,0x00,0x00,0x00,0x00,0x00,0x00,0x00,0x00,0x00,0x00,0x00,0x00,0x00,0x00,
    0x00,0x00,0x00,0x00,0x00,0x00,0x00,0x00,0x00,0x00,0x00,0x00,0x00,0x00,0x00,0x00,
    0x00,0x00,0x00,0x00,0x00,0x00,0x00,0x00,0x00,0x00,0x00,0x00,0x00,0x00,0x00,0x00,
    0x00,0x00,0x00,0x00,0x00,0x00,0x00,0x00,0x00,0x00,0x00,0x00,0x38,0xA6,0x38,0xA6,
    0x38,0xA6,0x38,0xA6,0x38,0xA6,0x38,0xA6,0x38,0xA6,0x38,0xA6,0x38,0xA6,0x38,0xA6,
    0x38,0xA6,0x38,0xA6,0x38,0xA6,0x38,0xA6,0x38,0xA6,0x38,0xA6,0x38,0xA6,0x38,0xA6,
    0x38,0xA6,0x38,0xA6,0x38,0xA6,0x38,0xA6,0x38,0xA6,0x53,0xAD,0x10,0xA5,0xD2,0xBD,
    0xF3,0xC5,0xB7,0xDE,0x72,0xBD,0xD5,0x9D,0xD6,0x9D,0x38,0xA6,0x38,0xA6,0x38,0xA6,
    0x38,0xA6,0x38,0xA6,0x38,0xA6,0x38,0xA6,0x38,0xA6,0x00,0x00,0x00,0x00,0x00,0x00,
    0x00,0x00,0x00,0x00,0x00,0x00,0x00,0x00,0x00,0x00,0x00,0x00,0x00,0x00,0x00,0x00,
    0x00,0x00,0x00,0x00,0x00,0x00,0x00,0x00,0x00,0x00,0x00,0x00,0x00,0x00,0x00,0x00,
    0x00,0x00,0x00,0x00,0x00,0x00,0x00,0x00,0x00,0x00,0x00,0x00,0x00,0x00,0x00,0x00,
    0x00,0x00,0x00,0x00,0x00,0x00,0x00,0x00,0x00,0x00,0x00,0x00,0x00,0x00,0x00,0x00,
    0x00,0x00,0x00,0x00,0x00,0x00,0x00,0x00,0x00,0x00,0x00,0x00,0x00,0x00,0x00,0x00,
    0x00,0x00,0x00,0x00,0x00,0x00,0x00,0x00,0x38,0xA6,0x38,0xA6,0x38,0xA6,0x38,0xA6,
    0x38,0xA6,0x38,0xA6,0x38,0xA6,0x38,0xA6,0x38,0xA6,0x38,0xA6,0x38,0xA6,0x38,0xA6,
    0x38,0xA6,0x38,0xA6,0x38,0xA6,0x38,0xA6,0x38,0xA6,0x38,0xA6,0x38,0xA6,0x38,0xA6,
    0xF7,0x9D,0xF7,0x9D,0xF7,0xA5,0xF7,0xA5,0xD6,0xA5,0x38,0xA6,0xD1,0x9C,0x91,0xB5,
    0xD2,0xBD,0xF3,0xC5,0x76,0xD6,0x11,0xAD,0x38,0xA6,0xF5,0xA5,0x38,0xA6,0x38,0xA6,
    0x38,0xA6,0x38,0xA6,0x38,0xA6,0x38,0xA6,0x38,0xA6,0x38,0xA6,0x00,0x00,0x00,0x00,
    0x00,0x00,0x00,0x00,0x00,0x00,0x00,0x00,0x00,0x00,0x00,0x00,0x00,0x00,0x00,0x00,
    0x00,0x00,0x00,0x00,0x00,0x00,0x00,0x00,0x00,0x00,0x00,0x00,0x00,0x00,0x00,0x00,
    0x00,0x00,0x00,0x00,0x00,0x00,0x00,0x00,0x00,0x00,0x00,0x00,0x00,0x00,0x00,0x00,
    0x00,0x00,0x00,0x00,0x00,0x00,0x00,0x00,0x00,0x00,0x00,0x00,0x00,0x00,0x00,0x00,
    0x00,0x00,0x00,0x00,0x00,0x00,0x00,0x00,0x00,0x00,0x00,0x00,0x00,0x00,0x00,0x00,
    0x00,0x00,0x00,0x00,0x00,0x00,0x38,0xA6,0x38,0xA6,0x38,0xA6,0x38,0xA6,0x38,0xA6,
    0x38,0xA6,0x38,0xA6,0x38,0xA6,0x38,0xA6,0x38,0xA6,0x38,0xA6,0x38,0xA6,0x38,0xA6,
    0x38,0xA6,0x38,0xA6,0x38,0xA6,0x38,0xA6,0x38,0xA6,0x38,0xA6,0x38,0xA6,0x38,0xA6,
    0x38,0xA6,0x38,0xA6,0x38,0xA6,0x38,0xA6,0x58,0xAE,0xB6,0x9D,0x39,0xAE,0x30,0xAD,
    0x34,0xCE,0xB2,0xBD,0x35,0xCE,0x31,0xB5,0x58,0xAE,0xD6,0xA5,0xB6,0x95,0x38,0xA6,
    0x38,0xA6,0x38,0xA6,0x38,0xA6,0x38,0xA6,0x38,0xA6,0x38,0xA6,0x38,0xA6,0x00,0x00,
    0x00,0x00,0x00,0x00,0x00,0x00,0x00,0x00,0x00,0x00,0x00,0x00,0x00,0x00,0x00,0x00,
    0x00,0x00,0x00,0x00,0x00,0x00,0x00,0x00,0x00,0x00,0x00,0x00,0x00,0x00,0x00,0x00,
    0x00,0x00,0x00,0x00,0x00,0x00,0x00,0x00,0x00,0x00,0x00,0x00,0x00,0x00,0x00,0x00,
    0x00,0x00,0x00,0x00,0x00,0x00,0x00,0x00,0x00,0x00,0x00,0x00,0x00,0x00,0x00,0x00,
    0x00,0x00,0x00,0x00,0x00,0x00,0x00,0x00,0x00,0x00,0x00,0x00,0x00,0x00,0x00,0x00,
    0x00,0x00,0x38,0xA6,0x38,0xA6,0x38,0xA6,0x38,0xA6,0x38,0xA6,0x38,0xA6,0x38,0xA6,
    0x38,0xA6,0x38,0xA6,0x38,0xA6,0x38,0xA6,0x38,0xA6,0x38,0xA6,0x38,0xA6,0x38,0xA6,
    0x38,0xA6,0x58,0xAE,0x96,0xA5,0xB6,0xA5,0xB6,0xA5,0x17,0xA6,0x17,0xA6,0x17,0xAE,
    0x17,0xAE,0x58,0xAE,0x17,0xAE,0x16,0xA6,0x17,0xAE,0x17,0xA6,0x38,0xA6,0x52,0xAD,
    0x14,0xC6,0x92,0xB5,0xB2,0xBD,0xF0,0xAC,0x79,0xB6,0x38,0xA6,0x57,0xAE,0x38,0xA6,
    0x38,0xA6,0x38,0xA6,0x38,0xA6,0x38,0xA6,0x38,0xA6,0x38,0xA6,0x38,0xA6,0x38,0xA6,
    0x00,0x00,0x00,0x00,0x00,0x00,0x00,0x00,0x00,0x00,0x00,0x00,0x00,0x00,0x00,0x00,
    0x00,0x00,0x00,0x00,0x00,0x00,0x00,0x00,0x00,0x00,0x00,0x00,0x00,0x00,0x00,0x00,
    0x00,0x00,0x00,0x00,0x00,0x00,0x00,0x00,0x00,0x00,0x00,0x00,0x00,0x00,0x00,0x00,
    0x00,0x00,0x00,0x00,0x00,0x00,0x00,0x00,0x00,0x00,0x00,0x00,0x00,0x00,0x00,0x00,
    0x00,0x00,0x00,0x00,0x00,0x00,0x00,0x00,0x00,0x00,0x00,0x00,0x00,0x00,0x00,0x00,
    0x38,0xA6,0x38,0xA6,0x38,0xA6,0x38,0xA6,0x38,0xA6,0x38,0xA6,0x38,0xA6,0x38,0xA6,
    0x38,0xA6,0x38,0xA6,0x38,0xA6,0x38,0xA6,0x38,0xA6,0x38,0xA6,0x58,0xAE,0xB6,0xA5,
    0xF7,0xA5,0x38,0xA6,0x38,0xA6,0x38,0xA6,0x38,0xA6,0x38,0xA6,0x38,0xA6,0x38,0xA6,
    0x38,0xA6,0x38,0xA6,0x38,0xA6,0x38,0xA6,0x38,0xA6,0x38,0xA6,0x17,0xA6,0x11,0xA5,
    0x92,0xB5,0x71,0xAD,0xB2,0xB5,0xD0,0xA4,0x38,0xA6,0xF6,0x9D,0x38,0xA6,0x38,0xA6,
    0x38,0xA6,0x38,0xA6,0x38,0xA6,0x38,0xA6,0x38,0xA6,0x38,0xA6,0x38,0xA6,0x38,0xA6,
    0x38,0xA6,0x00,0x00,0x00,0x00,0x00,0x00,0x00,0x00,0x00,0x00,0x00,0x00,0x00,0x00,
    0x00,0x00,0x00,0x00,0x00,0x00,0x00,0x00,0x00,0x00,0x00,0x00,0x00,0x00,0x00,0x00,
    0x00,0x00,0x00,0x00,0x00,0x00,0x00,0x00,0x00,0x00,0x00,0x00,0x00,0x00,0x00,0x00,
    0x00,0x00,0x00,0x00,0x00,0x00,0x00,0x00,0x00,0x00,0x00,0x00,0x00,0x00,0x00,0x00,
    0x00,0x00,0x00,0x00,0x00,0x00,0x00,0x00,0x00,0x00,0x00,0x00,0x00,0x00,0x38,0xA6,
    0x38,0xA6,0x38,0xA6,0x38,0xA6,0x38,0xA6,0x38,0xA6,0x38,0xA6,0x38,0xA6,0x38,0xA6,
    0x38,0xA6,0x38,0xA6,0x38,0xA6,0x38,0xA6,0xF7,0x9D,0xF6,0x9D,0x38,0xA6,0x38,0xA6,
    0x38,0xA6,0x6F,0x8C,0xED,0x83,0x0D,0x8C,0x8F,0x94,0xD0,0x9C,0xF0,0xA4,0x31,0xAD,
    0x72,0xB5,0x14,0xCE,0x15,0xCE,0x72,0xBD,0x93,0xB5,0x53,0x9D,0x38,0xA6,0x8F,0x94,
    0x92,0xB5,0x71,0xAD,0xEF,0xA4,0x32,0xA5,0xF7,0x9D,0x17,0xAE,0x38,0xA6,0x38,0xA6,
    0x38,0xA6,0x38,0xA6,0x38,0xA6,0x38,0xA6,0x38,0xA6,0x38,0xA6,0x38,0xA6,0x38,0xA6,
    0x38,0xA6,0x38,0xA6,0x00,0x00,0x00,0x00,0x00,0x00,0x00,0x00,0x00,0x00,0x00,0x00,
    0x00,0x00,0x00,0x00,0x00,0x00,0x00,0x00,0x00,0x00,0x00,0x00,0x00,0x00,0x00,0x00,
    0x00,0x00,0x00,0x00,0x00,0x00,0x00,0x00,0x00,0x00,0x00,0x00,0x00,0x00,0x00,0x00,
    0x00,0x00,0x00,0x00,0x00,0x00,0x00,0x00,0x00,0x00,0x00,0x00,0x00,0x00,0x00,0x00,
    0x00,0x00,0x00,0x00,0x00,0x00,0x00,0x00,0x00,0x00,0x00,0x00,0x38,0xA6,0x38,0xA6,
    0x38,0xA6,0x38,0xA6,0x38,0xA6,0x38,0xA6,0x38,0xA6,0x38,0xA6,0x38,0xA6,0x38,0xA6,
    0x38,0xA6,0x38,0xA6,0xF7,0x9D,0xF7,0xA5,0x38,0xA6,0x38,0xA6,0x0E,0x7C,0x0D,0x8C,
    0x8F,0x9C,0x53,0xB5,0xB4,0xBD,0x56,0xCE,0xB7,0xDE,0xD8,0xE6,0xD7,0xDE,0xD8,0xE6,
    0x19,0xE7,0xF8,0xE6,0xB7,0xDE,0x56,0xD6,0x15,0xC6,0xF5,0xC5,0xD1,0xA4,0xF0,0xA4,
    0xD3,0xBD,0xEF,0xA4,0xAF,0x9C,0x38,0xA6,0x37,0x9E,0x16,0xA6,0x58,0xAE,0x38,0xA6,
    0x38,0xA6,0x38,0xA6,0x38,0xA6,0x38,0xA6,0x38,0xA6,0x38,0xA6,0x38,0xA6,0x38,0xA6,
    0x38,0xA6,0x38,0xA6,0x38,0xA6,0x00,0x00,0x00,0x00,0x00,0x00,0x00,0x00,0x00,0x00,
    0x00,0x00,0x00,0x00,0x00,0x00,0x00,0x00,0x00,0x00,0x00,0x00,0x00,0x00,0x00,0x00,
    0x00,0x00,0x00,0x00,0x00,0x00,0x00,0x00,0x00,0x00,0x00,0x00,0x00,0x00,0x00,0x00,
    0x00,0x00,0x00,0x00,0x00,0x00,0x00,0x00,0x00,0x00,0x00,0x00,0x00,0x00,0x00,0x00,
    0x00,0x00,0x00,0x00,0x00,0x00,0x00,0x00,0x00,0x00,0x38,0xA6,0x38,0xA6,0x38,0xA6,
    0x38,0xA6,0x38,0xA6,0x38,0xA6,0x38,0xA6,0x38,0xA6,0x38,0xA6,0x38,0xA6,0x38,0xA6,
    0x57,0xAE,0x16,0xA6,0x38,0xA6,0x38,0xA6,0x4F,0x94,0xAF,0xA4,0x73,0xB5,0x36,0xCE,
    0xB7,0xDE,0xB7,0xDE,0x55,0xCE,0xF4,0xC5,0x71,0xB5,0x51,0xB5,0x14,0xCE,0xB2,0xC5,
    0x71,0xB5,0x92,0xBD,0xD3,0xC5,0x31,0xAD,0xEF,0xA4,0x92,0xB5,0xF4,0xC5,0x71,0xAD,
    0x31,0xAD,0x31,0xAD,0x73,0xBD,0xCF,0xAC,0x75,0x9D,0x38,0xA6,0x38,0xA6,0x17,0xAE,
    0x38,0xA6,0x38,0xA6,0x38,0xA6,0x38,0xA6,0x38,0xA6,0x38,0xA6,0x38,0xA6,0x38,0xA6,
    0x38,0xA6,0x38,0xA6,0x38,0xA6,0x38,0xA6,0x00,0x00,0x00,0x00,0x00,0x00,0x00,0x00,
    0x00,0x00,0x00,0x00,0x00,0x00,0x00,0x00,0x00,0x00,0x00,0x00,0x00,0x00,0x00,0x00,
    0x00,0x00,0x00,0x00,0x00,0x00,0x00,0x00,0x00,0x00,0x00,0x00,0x00,0x00,0x00,0x00,
    0x00,0x00,0x00,0x00,0x00,0x00,0x00,0x00,0x00,0x00,0x00,0x00,0x00,0x00,0x00,0x00,
    0x00,0x00,0x00,0x00,0x00,0x00,0x00,0x00,0x38,0xA6,0x38,0xA6,0x38,0xA6,0x38,0xA6,
    0x38,0xA6,0x38,0xA6,0x38,0xA6,0x38,0xA6,0x38,0xA6,0x38,0xA6,0x38,0xA6,0xF7,0x9D,
    0x38,0xA6,0x38,0xA6,0xB1,0x94,0xF0,0xAC,0xF5,0xCD,0xF8,0xE6,0x76,0xD6,0x14,0xC6,
    0xD3,0xBD,0xB2,0xBD,0x92,0xB5,0x72,0xB5,0x92,0xB5,0xB3,0xBD,0x14,0xCE,0xB2,0xC5,
    0xB2,0xC5,0xD2,0xC5,0xD3,0xC5,0xD3,0xC5,0x10,0xA5,0xAE,0x9C,0x2C,0x84,0x8E,0x94,
    0x92,0xB5,0xB7,0xDE,0xF8,0xE6,0x56,0xD6,0xB3,0xCD,0x92,0xC5,0x16,0xAE,0x38,0xA6,
    0xB6,0xA5,0x57,0xAE,0x38,0xA6,0x38,0xA6,0x38,0xA6,0x38,0xA6,0x38,0xA6,0x38,0xA6,
    0x38,0xA6,0x38,0xA6,0x38,0xA6,0x38,0xA6,0x38,0xA6,0x00,0x00,0x00,0x00,0x00,0x00,
    0x00,0x00,0x00,0x00,0x00,0x00,0x00,0x00,0x00,0x00,0x00,0x00,0x00,0x00,0x00,0x00,
    0x00,0x00,0x00,0x00,0x00,0x00,0x00,0x00,0x00,0x00,0x00,0x00,0x00,0x00,0x00,0x00,
    0x00,0x00,0x00,0x00,0x00,0x00,0x00,0x00,0x00,0x00,0x00,0x00,0x00,0x00,0x00,0x00,
    0x00,0x00,0x00,0x00,0x00,0x00,0x38,0xA6,0x38,0xA6,0x38,0xA6,0x38,0xA6,0x38,0xA6,
    0x38,0xA6,0x38,0xA6,0x38,0xA6,0x38,0xA6,0x38,0xA6,0x38,0xA6,0xB5,0xA5,0x38,0xA6,
    0x34,0x95,0x10,0xAD,0xF4,0xCD,0x5A,0xEF,0xF8,0xE6,0xD2,0xC5,0xB2,0xBD,0xD3,0xBD,
    0xD3,0xBD,0xD3,0xBD,0xD3,0xBD,0xF3,0xBD,0xF3,0xBD,0x92,0xB5,0x71,0xAD,0x71,0xAD,
    0x30,0xAD,0x6E,0x94,0x4D,0x94,0x10,0xA5,0x51,0xAD,0x4D,0x8C,0x4E,0x8C,0x71,0xB5,
    0xF4,0xC5,0x92,0xBD,0x71,0xB5,0xF4,0xCD,0xB7,0xDE,0xD9,0xE6,0x93,0xC5,0x4D,0x9C,
    0x38,0xA6,0x38,0xA6,0xF7,0xAD,0x38,0xA6,0x38,0xA6,0x38,0xA6,0x38,0xA6,0x38,0xA6,
    0x38,0xA6,0x38,0xA6,0x38,0xA6,0x38,0xA6,0x38,0xA6,0x38,0xA6,0x00,0x00,0x00,0x00,
    0x00,0x00,0x00,0x00,0x00,0x00,0x00,0x00,0x00,0x00,0x00,0x00,0x00,0x00,0x00,0x00,
    0x00,0x00,0x00,0x00,0x00,0x00,0x00,0x00,0x00,0x00,0x00,0x00,0x00,0x00,0x00,0x00,
    0x00,0x00,0x00,0x00,0x00,0x00,0x00,0x00,0x00,0x00,0x00,0x00,0x00,0x00,0x00,0x00,
    0x00,0x00,0x00,0x00,0x38,0xA6,0x38,0xA6,0x38,0xA6,0x38,0xA6,0x38,0xA6,0x38,0xA6,
    0x38,0xA6,0x38,0xA6,0x38,0xA6,0x38,0xA6,0x38,0xA6,0x16,0xA6,0x38,0xA6,0xB0,0x9C,
    0x52,0xBD,0xD8,0xE6,0x5A,0xEF,0xF8,0xE6,0x13,0xC6,0xF3,0xC5,0xD3,0xBD,0xD3,0xBD,
    0xF3,0xC5,0xF4,0xC5,0xF4,0xC5,0xD3,0xBD,0xD3,0xBD,0xD3,0xBD,0x10,0xA5,0x71,0xAD,
    0x10,0xA5,0xF0,0xA4,0x51,0xAD,0xB3,0xBD,0xD3,0xC5,0x92,0xB5,0x92,0xBD,0xD3,0xC5,
    0x31,0xAD,0x8E,0x94,0x51,0xB5,0xD3,0xC5,0x35,0xD6,0xB7,0xDE,0x7B,0xEF,0xF4,0xCD,
    0x6E,0xA4,0xD5,0xAD,0x38,0xA6,0xB6,0xA5,0x38,0xA6,0x38,0xA6,0x38,0xA6,0x38,0xA6,
    0x38,0xA6,0x38,0xA6,0x38,0xA6,0x38,0xA6,0x38,0xA6,0x38,0xA6,0x38,0xA6,0x00,0x00,
    0x00,0x00,0x00,0x00,0x00,0x00,0x00,0x00,0x00,0x00,0x00,0x00,0x00,0x00,0x00,0x00,
    0x00,0x00,0x00,0x00,0x00,0x00,0x00,0x00,0x00,0x00,0x00,0x00,0x00,0x00,0x00,0x00,
    0x00,0x00,0x00,0x00,0x00,0x00,0x00,0x00,0x00,0x00,0x00,0x00,0x00,0x00,0x00,0x00,
    0x00,0x00,0x00,0x00,0x38,0xA6,0x38,0xA6,0x38,0xA6,0x38,0xA6,0x38,0xA6,0x38,0xA6,
    0x38,0xA6,0x38,0xA6,0x38,0xA6,0x38,0xA6,0x16,0xAE,0x38,0xA6,0x8E,0x9C,0xD3,0xCD,
    0x18,0xE7,0x96,0xD6,0x97,0xDE,0x76,0xD6,0x34,0xCE,0xD3,0xBD,0xD3,0xBD,0x14,0xC6,
    0xF3,0xC5,0xF3,0xC5,0xF3,0xBD,0xF3,0xBD,0xB2,0xB5,0x51,0xAD,0x51,0xAD,0xD3,0xBD,
    0xF3,0xC5,0x14,0xC6,0xF3,0xC5,0x54,0xCE,0x96,0xDE,0xB7,0xDE,0xF4,0xC5,0x92,0xBD,
    0x71,0xB5,0xB2,0xC5,0x55,0xD6,0x76,0xD6,0x76,0xD6,0x34,0xD6,0x96,0xDE,0x5B,0xEF,
    0xF9,0xE6,0x52,0xBD,0xCF,0xA4,0x38,0xA6,0x16,0xA6,0x38,0xA6,0x38,0xA6,0x38,0xA6,
    0x38,0xA6,0x38,0xA6,0x38,0xA6,0x38,0xA6,0x38,0xA6,0x38,0xA6,0x38,0xA6,0x38,0xA6,
    0x00,0x00,0x00,0x00,0x00,0x00,0x00,0x00,0x00,0x00,0x00,0x00,0x00,0x00,0x00,0x00,
    0x00,0x00,0x00,0x00,0x00,0x00,0x00,0x00,0x00,0x00,0x00,0x00,0x00,0x00,0x00,0x00,
    0x00,0x00,0x00,0x00,0x00,0x00,0x00,0x00,0x00,0x00,0x00,0x00,0x00,0x00,0x00,0x00,
    0x00,0x00,0x38,0xA6,0x38,0xA6,0x38,0xA6,0x38,0xA6,0x38,0xA6,0x38,0xA6,0x38,0xA6,
    0x38,0xA6,0x38,0xA6,0x38,0xA6,0xB5,0x9D,0x38,0xA6,0x4E,0x94,0xF4,0xCD,0x96,0xD6,
    0xB2,0xBD,0x34,0xCE,0x96,0xD6,0x76,0xD6,0xD3,0xC5,0xD3,0xC5,0x14,0xC6,0xF4,0xC5,
    0xF4,0xC5,0xF3,0xC5,0xF3,0xC5,0x92,0xB5,0x92,0xB5,0xD3,0xBD,0xF3,0xC5,0xD3,0xBD,
    0xD3,0xBD,0xB2,0xBD,0xB2,0xBD,0xF3,0xC5,0x51,0xAD,0x6E,0x94,0x92,0xBD,0xF3,0xC5,
    0xD3,0xC5,0xF3,0xC5,0xB2,0xC5,0xCF,0xA4,0x31,0xAD,0x14,0xCE,0x13,0xCE,0x13,0xD6,
    0xF8,0xE6,0x7C,0xEF,0xF4,0xCD,0xAF,0xAC,0x38,0xA6,0xD5,0xA5,0x38,0xA6,0x38,0xA6,
    0x38,0xA6,0x38,0xA6,0x38,0xA6,0x38,0xA6,0x38,0xA6,0x38,0xA6,0x38,0xA6,0x38,0xA6,
    0x00,0x00,0x00,0x00,0x00,0x00,0x00,0x00,0x00,0x00,0x00,0x00,0x00,0x00,0x00,0x00,
    0x00,0x00,0x00,0x00,0x00,0x00,0x00,0x00,0x00,0x00,0x00,0x00,0x00,0x00,0x00,0x00,
    0x00,0x00,0x00,0x00,0x00,0x00,0x00,0x00,0x00,0x00,0x00,0x00,0x00,0x00,0x00,0x00,
    0x00,0x00,0x38,0xA6,0x38,0xA6,0x38,0xA6,0x38,0xA6,0x38,0xA6,0x38,0xA6,0x38,0xA6,
    0x38,0xA6,0x38,0xA6,0xF6,0x9D,0x38,0xA6,0x0D,0x8C,0xF3,0xC5,0x34,0xC6,0x71,0xAD,
    0xF4,0xC5,0x75,0xD6,0x14,0xC6,0xD2,0xC5,0x34,0xD6,0x35,0xCE,0xF4,0xC5,0xF3,0xC5,
    0xF3,0xC5,0xD3,0xBD,0x30,0xA5,0x92,0xB5,0xF4,0xC5,0xF3,0xC5,0xB3,0xBD,0xF3,0xBD,
    0xD3,0xBD,0xD3,0xBD,0xF3,0xC5,0x2D,0x84,0x0C,0x84,0x30,0xAD,0xF3,0xC5,0xF3,0xC5,
    0xF3,0xC5,0x55,0xD6,0x35,0xCE,0xF3,0xC5,0x72,0xB5,0x10,0xAD,0xD3,0xC5,0x34,0xD6,
    0x34,0xD6,0xB7,0xDE,0x7D,0xEF,0x36,0xD6,0xCF,0xAC,0x38,0xA6,0xD5,0xA5,0x38,0xA6,
    0x38,0xA6,0x38,0xA6,0x38,0xA6,0x38,0xA6,0x38,0xA6,0x38,0xA6,0x38,0xA6,0x38,0xA6,
    0x38,0xA6,0x00,0x00,0x00,0x00,0x00,0x00,0x00,0x00,0x00,0x00,0x00,0x00,0x00,0x00,
    0x00,0x00,0x00,0x00,0x00,0x00,0x00,0x00,0x00,0x00,0x00,0x00,0x00,0x00,0x00,0x00,
    0x00,0x00,0x00,0x00,0x00,0x00,0x00,0x00,0x00,0x00,0x00,0x00,0x00,0x00,0x00,0x00,
    0x38,0xA6,0x38,0xA6,0x38,0xA6,0x38,0xA6,0x38,0xA6,0x38,0xA6,0x38,0xA6,0x38,0xA6,
    0x38,0xA6,0xF6,0x9D,0x38,0xA6,0x2E,0x8C,0x92,0xBD,0xF3,0xC5,0x71,0xAD,0xB2,0xB5,
    0xF4,0xC5,0xF3,0xC5,0xD2,0xBD,0x14,0xC6,0x34,0xCE,0x14,0xCE,0xF4,0xC5,0x14,0xC6,
    0xF3,0xC5,0x10,0xA5,0xB3,0xBD,0x14,0xC6,0x14,0xC6,0xF4,0xC5,0xF3,0xC5,0xF3,0xBD,
    0xD3,0xBD,0xD3,0xBD,0x0D,0x84,0xCF,0x9C,0x14,0xCE,0x14,0xCE,0x55,0xCE,0x71,0xB5,
    0x91,0xB5,0xF3,0xC5,0x35,0xCE,0x14,0xCE,0x14,0xCE,0x14,0xCE,0xF3,0xC5,0x14,0xCE,
    0x35,0xD6,0x14,0xD6,0xB7,0xDE,0x7D,0xEF,0x56,0xD6,0xAE,0xAC,0x38,0xA6,0x16,0xA6,
    0x38,0xA6,0x38,0xA6,0x38,0xA6,0x38,0xA6,0x38,0xA6,0x38,0xA6,0x38,0xA6,0x38,0xA6,
    0x38,0xA6,0x00,0x00,0x00,0x00,0x00,0x00,0x00,0x00,0x00,0x00,0x00,0x00,0x00,0x00,
    0x00,0x00,0x00,0x00,0x00,0x00,0x00,0x00,0x00,0x00,0x00,0x00,0x00,0x00,0x00,0x00,
    0x00,0x00,0x00,0x00,0x00,0x00,0x00,0x00,0x00,0x00,0x00,0x00,0x00,0x00,0x38,0xA6,
    0x38,0xA6,0x38,0xA6,0x38,0xA6,0x38,0xA6,0x38,0xA6,0x38,0xA6,0x38,0xA6,0x38,0xA6,
    0xF7,0x9D,0x38,0xA6,0x6F,0x8C,0x10,0xAD,0xF3,0xBD,0x71,0xAD,0x92,0xB5,0x92,0xB5,
    0xB3,0xBD,0xF3,0xBD,0xF3,0xC5,0xF3,0xC5,0xF3,0xC5,0x14,0xC6,0x14,0xC6,0xF4,0xC5,
    0x51,0xAD,0xD3,0xBD,0x14,0xC6,0xF3,0xBD,0x14,0xC6,0x14,0xC6,0x14,0xC6,0xF3,0xC5,
    0xF3,0xC5,0x8E,0x94,0x71,0xAD,0x35,0xCE,0xD3,0xBD,0xD3,0xBD,0xB2,0xBD,0x91,0xB5,
    0x91,0xB5,0xF3,0xC5,0xB2,0xBD,0x14,0xCE,0xD3,0xC5,0xD3,0xC5,0x34,0xCE,0x56,0xCE,
    0xD3,0xC5,0x34,0xD6,0x75,0xDE,0xF8,0xE6,0x7D,0xEF,0x36,0xD6,0xF0,0xAC,0x38,0xA6,
    0xB6,0xA5,0x38,0xA6,0x38,0xA6,0x38,0xA6,0x38,0xA6,0x38,0xA6,0x38,0xA6,0x38,0xA6,
    0x38,0xA6,0x38,0xA6,0x00,0x00,0x00,0x00,0x00,0x00,0x00,0x00,0x00,0x00,0x00,0x00,
    0x00,0x00,0x00,0x00,0x00,0x00,0x00,0x00,0x00,0x00,0x00,0x00,0x00,0x00,0x00,0x00,
    0x00,0x00,0x00,0x00,0x00,0x00,0x00,0x00,0x00,0x00,0x00,0x00,0x00,0x00,0x38,0xA6,
    0x38,0xA6,0x38,0xA6,0x38,0xA6,0x38,0xA6,0x38,0xA6,0x38,0xA6,0x38,0xA6,0x57,0xAE,
    0xF6,0x9D,0xD2,0x84,0x6E,0x9C,0xF3,0xC5,0x71,0xAD,0x92,0xB5,0x71,0xAD,0xB2,0xB5,
    0xD3,0xBD,0xF3,0xC5,0xF3,0xC5,0xF3,0xC5,0x14,0xC6,0x34,0xCE,0x55,0xCE,0xB3,0xBD,
    0xB3,0xBD,0x14,0xC6,0xD3,0xBD,0xF4,0xC5,0x14,0xC6,0x14,0xC6,0xF4,0xC5,0x14,0xC6,
    0x10,0xA5,0x92,0xB5,0x34,0xCE,0xF3,0xC5,0xF3,0xC5,0xF3,0xC5,0xD3,0xBD,0xD3,0xBD,
    0xF3,0xC5,0xF3,0xC5,0xD3,0xBD,0xD3,0xC5,0x34,0xCE,0xD3,0xBD,0xF3,0xC5,0x14,0xCE,
    0x56,0xD6,0xB2,0xC5,0xD8,0xE6,0xF8,0xE6,0x1A,0xE7,0x7D,0xEF,0x15,0xD6,0xEF,0xAC,
    0x38,0xA6,0xF7,0x9D,0x38,0xA6,0x38,0xA6,0x38,0xA6,0x38,0xA6,0x38,0xA6,0x38,0xA6,
    0x38,0xA6,0x38,0xA6,0x00,0x00,0x00,0x00,0x00,0x00,0x00,0x00,0x00,0x00,0x00,0x00,
    0x00,0x00,0x00,0x00,0x00,0x00,0x00,0x00,0x00,0x00,0x00,0x00,0x00,0x00,0x00,0x00,
    0x00,0x00,0x00,0x00,0x00,0x00,0x00,0x00,0x00,0x00,0x00,0x00,0x38,0xA6,0x38,0xA6,
    0x38,0xA6,0x38,0xA6,0x38,0xA6,0x38,0xA6,0x38,0xA6,0x38,0xA6,0x38,0xA6,0xF6,0x9D,
    0x38,0xA6,0xCC,0x83,0x91,0xB5,0x71,0xAD,0x71,0xAD,0x91,0xAD,0x51,0xAD,0xB2,0xBD,
    0xD3,0xBD,0xF3,0xC5,0xF3,0xC5,0xF3,0xC5,0xF3,0xBD,0xF3,0xC5,0x92,0xB5,0x92,0xB5,
    0xD3,0xBD,0xF3,0xC5,0xF3,0xC5,0x14,0xC6,0x14,0xC6,0x14,0xC6,0x14,0xC6,0xD3,0xBD,
    0x71,0xB5,0x14,0xC6,0xF3,0xC5,0x14,0xC6,0xF3,0xC5,0xF3,0xC5,0xF3,0xC5,0x14,0xC6,
    0xF4,0xC5,0xF4,0xC5,0xF4,0xC5,0xF4,0xC5,0xF4,0xC5,0x35,0xCE,0xD2,0xC5,0xF3,0xC5,
    0x34,0xCE,0x35,0xCE,0x75,0xDE,0x5A,0xEF,0x19,0xE7,0x1A,0xE7,0x7C,0xEF,0xD3,0xCD,
    0xD4,0xBD,0xF7,0xA5,0x58,0xAE,0x38,0xA6,0x38,0xA6,0x38,0xA6,0x38,0xA6,0x38,0xA6,
    0x38,0xA6,0x38,0xA6,0x38,0xA6,0x00,0x00,0x00,0x00,0x00,0x00,0x00,0x00,0x00,0x00,
    0x00,0x00,0x00,0x00,0x00,0x00,0x00,0x00,0x00,0x00,0x00,0x00,0x00,0x00,0x00,0x00,
    0x00,0x00,0x00,0x00,0x00,0x00,0x00,0x00,0x00,0x00,0x00,0x00,0x38,0xA6,0x38,0xA6,
    0x38,0xA6,0x38,0xA6,0x38,0xA6,0x38,0xA6,0x38,0xA6,0x38,0xA6,0xF7,0x9D,0x38,0xA6,
    0xAD,0x7B,0x8F,0x9C,0x71,0xAD,0x51,0xAD,0x92,0xB5,0x50,0xAD,0x71,0xAD,0xD3,0xBD,
    0xD3,0xBD,0xD3,0xBD,0xD3,0xBD,0xD3,0xBD,0xD2,0xBD,0x71,0xB5,0x31,0xAD,0xF3,0xBD,
    0xF3,0xC5,0x54,0xD6,0x34,0xCE,0x14,0xCE,0xF4,0xC5,0x34,0xCE,0x55,0xCE,0x92,0xB5,
    0xF4,0xC5,0xF4,0xC5,0xF3,0xC5,0xF4,0xC5,0xF4,0xC5,0xF4,0xC5,0xF4,0xC5,0x14,0xC6,
    0x14,0xC6,0x34,0xCE,0x34,0xCE,0x34,0xCE,0x14,0xC6,0x34,0xCE,0xF4,0xC5,0xF2,0xC5,
    0xF3,0xC5,0x97,0xDE,0x35,0xD6,0xF9,0xE6,0x3A,0xEF,0x19,0xE7,0x19,0xE7,0x3A,0xEF,
    0x30,0xBD,0x38,0xA6,0xF6,0xAD,0x38,0xA6,0x38,0xA6,0x38,0xA6,0x38,0xA6,0x38,0xA6,
    0x38,0xA6,0x38,0xA6,0x38,0xA6,0x00,0x00,0x00,0x00,0x00,0x00,0x00,0x00,0x00,0x00,
    0x00,0x00,0x00,0x00,0x00,0x00,0x00,0x00,0x00,0x00,0x00,0x00,0x00,0x00,0x00,0x00,
    0x00,0x00,0x00,0x00,0x00,0x00,0x00,0x00,0x00,0x00,0x38,0xA6,0x38,0xA6,0x38,0xA6,
    0x38,0xA6,0x38,0xA6,0x38,0xA6,0x38,0xA6,0x38,0xA6,0x38,0xA6,0x95,0x95,0x18,0xA6,
    0x0D,0x8C,0x10,0xA5,0xEF,0x9C,0x51,0xAD,0x71,0xAD,0x50,0xA5,0x92,0xB5,0xD3,0xBD,
    0xD3,0xBD,0xD3,0xBD,0xD3,0xBD,0x92,0xB5,0x71,0xB5,0xCF,0x9C,0xD3,0xBD,0xF3,0xBD,
    0x14,0xC6,0x14,0xCE,0x34,0xCE,0x13,0xC6,0x14,0xC6,0xB6,0xDE,0xD3,0xBD,0xB2,0xBD,
    0xF4,0xC5,0xF3,0xC5,0xF4,0xC5,0xF4,0xC5,0xF4,0xC5,0xF3,0xC5,0xD3,0xBD,0x14,0xC6,
    0x34,0xCE,0x35,0xCE,0x34,0xCE,0x35,0xCE,0x55,0xCE,0xF4,0xC5,0x76,0xD6,0xF3,0xCD,
    0x14,0xCE,0x96,0xDE,0xD8,0xDE,0x55,0xD6,0x3A,0xEF,0x19,0xEF,0xD8,0xE6,0x3A,0xEF,
    0x36,0xD6,0xAF,0xAC,0x38,0xA6,0xF7,0xAD,0x38,0xA6,0x38,0xA6,0x38,0xA6,0x38,0xA6,
    0x38,0xA6,0x38,0xA6,0x38,0xA6,0x38,0xA6,0x00,0x00,0x00,0x00,0x00,0x00,0x00,0x00,
    0x00,0x00,0x00,0x00,0x00,0x00,0x00,0x00,0x00,0x00,0x00,0x00,0x00,0x00,0x00,0x00,
    0x00,0x00,0x00,0x00,0x00,0x00,0x00,0x00,0x38,0xA6,0x38,0xA6,0x38,0xA6,0x38,0xA6,
    0x38,0xA6,0x38,0xA6,0x38,0xA6,0x38,0xA6,0x38,0xA6,0xB6,0x9D,0x38,0xA6,0x2E,0x8C,
    0xAF,0x9C,0xAE,0x94,0x0F,0xA5,0x51,0xAD,0x71,0xAD,0x51,0xAD,0xB2,0xB5,0xB2,0xB5,
    0xB2,0xB5,0xD3,0xBD,0x92,0xB5,0x92,0xB5,0xF0,0xA4,0x30,0xAD,0xF3,0xC5,0xF3,0xBD,
    0xF3,0xC5,0xF3,0xBD,0x34,0xCE,0xD3,0xBD,0x75,0xD6,0x14,0xCE,0xF0,0xA4,0xD3,0xBD,
    0x34,0xCE,0xF4,0xC5,0xF4,0xC5,0xF4,0xC5,0xF4,0xC5,0xB2,0xBD,0x92,0xB5,0x14,0xC6,
    0x34,0xCE,0x34,0xCE,0x34,0xCE,0x34,0xCE,0x34,0xCE,0x14,0xCE,0xB7,0xDE,0x34,0xCE,
    0x75,0xDE,0xD7,0xE6,0x19,0xEF,0x35,0xD6,0xD7,0xE6,0x19,0xE7,0xD7,0xE6,0xB7,0xDE,
    0x5B,0xEF,0x11,0xB5,0xF7,0x9D,0xF6,0x9D,0x38,0xA6,0x38,0xA6,0x38,0xA6,0x38,0xA6,
    0x38,0xA6,0x38,0xA6,0x38,0xA6,0x38,0xA6,0x00,0x00,0x00,0x00,0x00,0x00,0x00,0x00,
    0x00,0x00,0x00,0x00,0x00,0x00,0x00,0x00,0x00,0x00,0x00,0x00,0x00,0x00,0x00,0x00,
    0x00,0x00,0x00,0x00,0x00,0x00,0x00,0x00,0x38,0xA6,0x38,0xA6,0x38,0xA6,0x38,0xA6,
    0x38,0xA6,0x38,0xA6,0x38,0xA6,0x38,0xA6,0x38,0xA6,0xF7,0x9D,0x59,0xAE,0x2E,0x94,
    0xCF,0x9C,0x8E,0x8C,0x10,0xA5,0x51,0xAD,0x51,0xAD,0x51,0xAD,0x51,0xAD,0x92,0xB5,
    0xB2,0xBD,0x92,0xB5,0x92,0xB5,0x72,0xAD,0xCF,0x9C,0xD3,0xBD,0xD3,0xBD,0xD3,0xBD,
    0xF3,0xC5,0xF3,0xC5,0xF3,0xC5,0xD3,0xBD,0x35,0xCE,0xEF,0xA4,0x92,0xB5,0xF4,0xC5,
    0x34,0xD6,0x55,0xD6,0x14,0xC6,0x14,0xC6,0x55,0xCE,0x72,0xB5,0x71,0xAD,0x55,0xCE,
    0x35,0xCE,0x34,0xCE,0x14,0xCE,0x14,0xC6,0x75,0xD6,0x76,0xD6,0xF8,0xE6,0x76,0xCE,
    0x97,0xDE,0xD7,0xE6,0xD7,0xE6,0x96,0xDE,0x34,0xD6,0xB6,0xDE,0x76,0xDE,0x96,0xDE,
    0xD8,0xE6,0x36,0xD6,0x2D,0x9C,0x38,0xA6,0xF6,0xA5,0x38,0xA6,0x38,0xA6,0x38,0xA6,
    0x38,0xA6,0x38,0xA6,0x38,0xA6,0x38,0xA6,0x00,0x00,0x00,0x00,0x00,0x00,0x00,0x00,
    0x00,0x00,0x00,0x00,0x00,0x00,0x00,0x00,0x00,0x00,0x00,0x00,0x00,0x00,0x00,0x00,
    0x00,0x00,0x00,0x00,0x00,0x00,0x38,0xA6,0x38,0xA6,0x38,0xA6,0x38,0xA6,0x38,0xA6,
    0x38,0xA6,0x38,0xA6,0x38,0xA6,0x38,0xA6,0xF7,0xA5,0x38,0xA6,0xB1,0x94,0x8F,0x94,
    0xCF,0x94,0xCF,0x9C,0x10,0xA5,0x51,0xAD,0x10,0xA5,0x50,0xAD,0x71,0xAD,0x71,0xB5,
    0x92,0xB5,0x72,0xB5,0x72,0xAD,0x31,0xA5,0x30,0xA5,0xF4,0xC5,0xB2,0xBD,0xD3,0xBD,
    0xF3,0xBD,0xF3,0xBD,0xD3,0xBD,0xD3,0xBD,0xB2,0xB5,0x10,0xA5,0x14,0xC6,0x34,0xCE,
    0x34,0xCE,0xF4,0xC5,0x14,0xC6,0x34,0xCE,0x96,0xDE,0x10,0xA5,0x71,0xAD,0x75,0xD6,
    0x76,0xD6,0x35,0xCE,0xD8,0xE6,0x55,0xD6,0xF8,0xE6,0xD7,0xDE,0xB7,0xDE,0xB7,0xDE,
    0xD3,0xC5,0xD7,0xDE,0xF3,0xCD,0x75,0xDE,0xF3,0xCD,0x34,0xD6,0x55,0xD6,0x55,0xD6,
    0x96,0xDE,0xD9,0xE6,0x93,0xBD,0x53,0x9D,0x58,0xAE,0x38,0xA6,0x38,0xA6,0x38,0xA6,
    0x38,0xA6,0x38,0xA6,0x38,0xA6,0x38,0xA6,0x38,0xA6,0x00,0x00,0x00,0x00,0x00,0x00,
    0x00,0x00,0x00,0x00,0x00,0x00,0x00,0x00,0x00,0x00,0x00,0x00,0x00,0x00,0x00,0x00,
    0x00,0x00,0x00,0x00,0x00,0x00,0x38,0xA6,0x38,0xA6,0x38,0xA6,0x38,0xA6,0x38,0xA6,
    0x38,0xA6,0x38,0xA6,0x38,0xA6,0x38,0xA6,0xB5,0x9D,0x38,0xA6,0x4E,0x94,0x31,0xAD,
    0xCF,0x94,0x10,0xA5,0x10,0xA5,0x0F,0xA5,0x0F,0xAD,0x0F,0xA5,0x30,0xA5,0x10,0xA5,
    0x98,0xDE,0x1B,0xE7,0x72,0xAD,0x6D,0x94,0xB3,0xBD,0xD3,0xBD,0xD3,0xBD,0xB2,0xBD,
    0xD3,0xBD,0xF3,0xBD,0xD3,0xBD,0xF4,0xC5,0x31,0xAD,0x92,0xB5,0x14,0xC6,0xF3,0xC5,
    0xF4,0xC5,0xD3,0xBD,0xF3,0xC5,0xF4,0xC5,0x35,0xCE,0x8E,0x94,0x31,0xAD,0x14,0xCE,
    0x34,0xCE,0xF4,0xC5,0xF8,0xE6,0x34,0xCE,0xD7,0xE6,0x97,0xDE,0xD3,0xC5,0x96,0xDE,
    0xD3,0xBD,0x14,0xCE,0xB3,0xBD,0xF3,0xC5,0x34,0xCE,0xF3,0xCD,0x76,0xDE,0x34,0xCE,
    0x97,0xDE,0x35,0xCE,0x36,0xCE,0x32,0xAD,0x38,0xA6,0xF7,0xAD,0x38,0xA6,0x38,0xA6,
    0x38,0xA6,0x38,0xA6,0x38,0xA6,0x38,0xA6,0x38,0xA6,0x00,0x00,0x00,0x00,0x00,0x00,
    0x00,0x00,0x00,0x00,0x00,0x00,0x00,0x00,0x00,0x00,0x00,0x00,0x00,0x00,0x00,0x00,
    0x00,0x00,0x00,0x00,0x38,0xA6,0x38,0xA6,0x38,0xA6,0x38,0xA6,0x38,0xA6,0x38,0xA6,
    0x38,0xA6,0x38,0xA6,0x38,0xA6,0x58,0xAE,0x57,0xA6,0x54,0x95,0x6E,0x94,0x72,0xAD,
    0xCF,0x9C,0x10,0xA5,0xAF,0x94,0xB3,0xBD,0xD8,0xE6,0x97,0xD6,0x6D,0x94,0xF5,0xC5,
    0xD9,0xE6,0xD9,0xDE,0xF5,0xC5,0x4C,0x8C,0xD3,0xBD,0xD3,0xBD,0xB2,0xBD,0xB2,0xBD,
    0xD3,0xBD,0xD3,0xBD,0xD3,0xBD,0xD3,0xBD,0xF0,0x9C,0xF4,0xC5,0xF3,0xBD,0xD3,0xBD,
    0xF3,0xC5,0xF3,0xBD,0xF4,0xC5,0xF4,0xBD,0xF4,0xBD,0x4A,0x6B,0x10,0xA5,0xB3,0xBD,
    0xD3,0xBD,0xD3,0xBD,0xF4,0xC5,0xD3,0xBD,0x34,0xCE,0xF4,0xC5,0xB2,0xBD,0x34,0xCE,
    0x92,0xB5,0xF4,0xC5,0xF4,0xC5,0xD3,0xBD,0x34,0xCE,0xD3,0xC5,0x75,0xD6,0x35,0xD6,
    0x34,0xCE,0x97,0xDE,0x72,0xB5,0x38,0xA6,0x57,0xAE,0x38,0xA6,0x38,0xA6,0x38,0xA6,
    0x38,0xA6,0x38,0xA6,0x38,0xA6,0x38,0xA6,0x38,0xA6,0x00,0x00,0x00,0x00,0x00,0x00,
    0x00,0x00,0x00,0x00,0x00,0x00,0x00,0x00,0x00,0x00,0x00,0x00,0x00,0x00,0x00,0x00,
    0x00,0x00,0x00,0x00,0x38,0xA6,0x38,0xA6,0x38,0xA6,0x38,0xA6,0x38,0xA6,0x38,0xA6,
    0x38,0xA6,0x38,0xA6,0x38,0xA6,0x17,0xA6,0x38,0xA6,0xB0,0x94,0xF0,0xA4,0xEF,0xA4,
    0xAE,0x94,0xCF,0x9C,0x11,0xA5,0xB8,0xDE,0x77,0xD6,0xD9,0xE6,0x36,0xCE,0x77,0xD6,
    0x97,0xDE,0xB8,0xDE,0xD4,0xBD,0x4C,0x8C,0xD3,0xBD,0xD3,0xBD,0x92,0xB5,0x92,0xB5,
    0xF4,0xC5,0xF3,0xBD,0xF4,0xC5,0x72,0xAD,0x10,0xA5,0xD3,0xBD,0xB2,0xB5,0xD3,0xBD,
    0xD3,0xBD,0xD3,0xBD,0xF3,0xBD,0x14,0xC6,0x92,0xB5,0xE9,0x62,0x10,0xA5,0xB3,0xBD,
    0xD3,0xBD,0xF3,0xBD,0xB2,0xBD,0xF3,0xC5,0xF4,0xC5,0xB2,0xB5,0xB3,0xBD,0xF4,0xC5,
    0x10,0xA5,0xB2,0xBD,0x14,0xC6,0xF3,0xC5,0x34,0xCE,0xD3,0xBD,0xF3,0xC5,0x35,0xCE,
    0xD3,0xC5,0x76,0xD6,0x72,0xBD,0x32,0x9D,0x57,0xAE,0x58,0xAE,0x38,0xA6,0x38,0xA6,
    0x38,0xA6,0x38,0xA6,0x38,0xA6,0x38,0xA6,0x38,0xA6,0x00,0x00,0x00,0x00,0x00,0x00,
    0x00,0x00,0x00,0x00,0x00,0x00,0x00,0x00,0x00,0x00,0x00,0x00,0x00,0x00,0x00,0x00,
    0x00,0x00,0x38,0xA6,0x38,0xA6,0x38,0xA6,0x38,0xA6,0x38,0xA6,0x56,0xAE,0x58,0xAE,
    0x38,0xA6,0x38,0xA6,0x17,0xA6,0x38,0xA6,0x17,0xB6,0x31,0xAD,0xF0,0xA4,0x8E,0x94,
    0xAF,0x94,0xAF,0x94,0x11,0xA5,0xD9,0xE6,0x77,0xD6,0x98,0xDE,0x77,0xDE,0x97,0xDE,
    0x97,0xDE,0xD9,0xE6,0xD0,0xA4,0xAE,0x9C,0x71,0xAD,0xD3,0xBD,0x71,0xAD,0xB2,0xBD,
    0xF3,0xBD,0xD3,0xBD,0xF3,0xBD,0xF0,0x9C,0x71,0xAD,0x72,0xB5,0xB3,0xBD,0xD3,0xBD,
    0xB3,0xBD,0xD3,0xBD,0xB3,0xBD,0x14,0xC6,0x11,0xAD,0xCB,0x93,0x10,0xA5,0xB2,0xBD,
    0xB2,0xBD,0xB3,0xBD,0xD3,0xBD,0xD3,0xBD,0xB3,0xBD,0x92,0xB5,0xB3,0xBD,0xF4,0xC5,
    0xF0,0xA4,0x10,0xA5,0xF3,0xC5,0xF3,0xC5,0x14,0xCE,0xB2,0xBD,0x92,0xBD,0x14,0xCE,
    0xD2,0xC5,0xF4,0xCD,0x14,0xCE,0xAF,0xA4,0x38,0xA6,0xF7,0xA5,0x38,0xA6,0x38,0xA6,
    0x38,0xA6,0x38,0xA6,0x38,0xA6,0x38,0xA6,0x38,0xA6,0x38,0xA6,0x00,0x00,0x00,0x00,
    0x00,0x00,0x00,0x00,0x00,0x00,0x00,0x00,0x00,0x00,0x00,0x00,0x00,0x00,0x00,0x00,
    0x00,0x00,0x38,0xA6,0x38,0xA6,0x38,0xA6,0x38,0xA6,0x38,0xA6,0x38,0xA6,0x38,0xA6,
    0x95,0xA5,0xF6,0xA5,0x38,0xA6,0x59,0xAE,0x31,0xAD,0x10,0xAD,0x8E,0x94,0xAF,0x94,
    0xAF,0x9C,0xAF,0x94,0xD0,0x9C,0xDA,0xE6,0x77,0xD6,0x36,0xD6,0xF4,0xCD,0x14,0xCE,
    0x56,0xD6,0x35,0xD6,0x97,0xDE,0xB8,0xDE,0x15,0xC6,0xEF,0xA4,0x92,0xB5,0xB2,0xBD,
    0xD3,0xBD,0xD3,0xBD,0xB2,0xB5,0xCF,0x9C,0x51,0xAD,0x92,0xB5,0xD3,0xBD,0xD3,0xBD,
    0xB3,0xBD,0xD3,0xBD,0x92,0xB5,0xF4,0xBD,0xD0,0xAC,0x6E,0xAC,0x10,0xA5,0x72,0xB5,
    0xB2,0xB5,0xB2,0xBD,0xB2,0xBD,0xB3,0xBD,0xD3,0xBD,0x72,0xB5,0x92,0xB5,0xF4,0xC5,
    0x6E,0x94,0x8E,0x94,0xF4,0xC5,0xB3,0xBD,0xF4,0xC5,0xB3,0xBD,0x71,0xB5,0xF3,0xC5,
    0xD3,0xC5,0xB2,0xC5,0x76,0xD6,0xCF,0xA4,0x16,0xBE,0x38,0xA6,0xF7,0x9D,0x38,0xA6,
    0x38,0xA6,0x38,0xA6,0x38,0xA6,0x38,0xA6,0x38,0xA6,0x38,0xA6,0x00,0x00,0x00,0x00,
    0x00,0x00,0x00,0x00,0x00,0x00,0x00,0x00,0x00,0x00,0x00,0x00,0x00,0x00,0x00,0x00,
    0x38,0xA6,0x38,0xA6,0x38,0xA6,0x38,0xA6,0x38,0xA6,0x38,0xA6,0x73,0xAD,0x58,0xC6,
    0x38,0xA6,0x38,0xA6,0x57,0xC6,0x51,0xAD,0x71,0xB5,0x8B,0x73,0xAF,0x94,0xAF,0x94,
    0xF0,0xA4,0xCF,0x9C,0x2D,0x84,0xF5,0xC5,0x98,0xDE,0x34,0xD6,0xD1,0xCD,0xB1,0xC5,
    0x91,0xC5,0x97,0xDE,0x98,0xDE,0x97,0xDE,0xD9,0xE6,0xB3,0xBD,0x71,0xAD,0xB2,0xB5,
    0x92,0xB5,0xD3,0xBD,0x72,0xB5,0xCF,0x9C,0x51,0xAD,0xB2,0xB5,0xB3,0xBD,0xB2,0xB5,
    0xD3,0xBD,0xB2,0xB5,0xB3,0xB5,0x72,0xAD,0xF0,0xB4,0xF0,0xBC,0xF0,0xA4,0x72,0xB5,
    0xD3,0xBD,0xD3,0xBD,0xB2,0xB5,0xB3,0xBD,0xB3,0xBD,0x72,0xB5,0xB2,0xB5,0xB2,0xB5,
    0xCF,0xA4,0x2D,0x8C,0xF4,0xBD,0xD3,0xBD,0xF4,0xC5,0xD3,0xBD,0x71,0xB5,0xD3,0xBD,
    0xD3,0xC5,0xB2,0xBD,0x76,0xD6,0x72,0xB5,0x8E,0x9C,0x38,0xA6,0x94,0x95,0x38,0xA6,
    0x38,0xA6,0x38,0xA6,0x38,0xA6,0x38,0xA6,0x38,0xA6,0x38,0xA6,0x00,0x00,0x00,0x00,
    0x00,0x00,0x00,0x00,0x00,0x00,0x00,0x00,0x00,0x00,0x00,0x00,0x00,0x00,0x00,0x00,
    0x38,0xA6,0x38,0xA6,0x38,0xA6,0x38,0xA6,0x75,0x9D,0x38,0xA6,0x11,0xA5,0x10,0xAD,
    0x92,0xBD,0x30,0xAD,0xAE,0x9C,0x51,0xAD,0x52,0xAD,0x0D,0x84,0x11,0xA5,0x8E,0x94,
    0x10,0xA5,0xCF,0x9C,0x0C,0x84,0x6E,0x94,0x16,0xCE,0x4F,0xC5,0xAF,0xCD,0xB6,0xDE,
    0xD1,0xCD,0x76,0xD6,0x97,0xDE,0x77,0xDE,0xFA,0xE6,0x93,0xB5,0x92,0xB5,0xB2,0xB5,
    0x92,0xB5,0xD3,0xBD,0x30,0xA5,0x8E,0x94,0x72,0xB5,0x71,0xAD,0x71,0xAD,0x92,0xB5,
    0xB2,0xB5,0x10,0xA5,0xB3,0xB5,0x11,0xAD,0xF4,0xD5,0x10,0xBD,0x10,0xA5,0x92,0xB5,
    0xF4,0xC5,0xB3,0xBD,0x92,0xB5,0x92,0xB5,0x71,0xB5,0x92,0xB5,0x92,0xB5,0x92,0xAD,
    0x31,0xBD,0x0D,0x94,0x72,0xAD,0xD3,0xBD,0xD3,0xBD,0xD3,0xBD,0x71,0xAD,0xB3,0xBD,
    0xF3,0xC5,0xD2,0xBD,0x14,0xC6,0xF4,0xC5,0x6E,0x9C,0x58,0xAE,0xD6,0x9D,0x38,0xA6,
    0x38,0xA6,0x38,0xA6,0x38,0xA6,0x38,0xA6,0x38,0xA6,0x38,0xA6,0x00,0x00,0x00,0x00,
    0x00,0x00,0x00,0x00,0x00,0x00,0x00,0x00,0x00,0x00,0x00,0x00,0x00,0x00,0x00,0x00,
    0x38,0xA6,0x38,0xA6,0x38,0xA6,0x38,0xA6,0x38,0xA6,0x95,0x95,0x38,0xA6,0x93,0xB5,
    0x31,0xAD,0xCF,0x9C,0x4D,0x8C,0xB9,0xCE,0xB0,0x9C,0x10,0xA5,0x10,0x9D,0xAF,0x94,
    0xF0,0x9C,0x4D,0x84,0x94,0xB5,0xD9,0xE6,0x98,0xDE,0x70,0xC5,0x2C,0xC5,0xD0,0xCD,
    0xCD,0xB4,0x56,0xD6,0xD9,0xE6,0x1A,0xEF,0x16,0xC6,0xCF,0x9C,0xD3,0xBD,0xB2,0xB5,
    0x92,0xB5,0xB3,0xBD,0xAF,0x94,0xCF,0x9C,0x71,0xAD,0x10,0xA5,0x92,0xB5,0x92,0xB5,
    0x71,0xAD,0x10,0xA5,0xB3,0xBD,0x72,0xB5,0xD9,0xE6,0x31,0xBD,0x10,0xA5,0x92,0xB5,
    0xF4,0xBD,0x92,0xB5,0x92,0xB5,0xD3,0xBD,0x71,0xAD,0x51,0xAD,0x71,0xAD,0x71,0xAD,
    0x31,0xB5,0xAF,0xB4,0xF0,0xA4,0xD3,0xBD,0x92,0xB5,0xF4,0xC5,0x92,0xB5,0xD3,0xBD,
    0xF3,0xC5,0xD3,0xBD,0xB2,0xBD,0x56,0xCE,0x31,0xAD,0x38,0xA6,0x16,0xA6,0x38,0xA6,
    0x38,0xA6,0x38,0xA6,0x38,0xA6,0x38,0xA6,0x38,0xA6,0x38,0xA6,0x00,0x00,0x00,0x00,
    0x00,0x00,0x00,0x00,0x00,0x00,0x00,0x00,0x00,0x00,0x00,0x00,0x00,0x00,0x00,0x00,
    0x38,0xA6,0x38,0xA6,0x38,0xA6,0x38,0xA6,0x38,0xA6,0x38,0xA6,0xB6,0x95,0x38,0xA6,
    0x38,0xA6,0x38,0xA6,0x38,0xA6,0x38,0xA6,0x0D,0x84,0x31,0xA5,0xCF,0x94,0xAF,0x94,
    0x8E,0x8C,0x11,0xA5,0x77,0xDE,0x15,0xCE,0x56,0xD6,0xD3,0xC5,0xEE,0xB4,0x0E,0xB5,
    0xB2,0xC5,0x77,0xD6,0xB4,0xBD,0x52,0xAD,0xAF,0x94,0x92,0xB5,0xB2,0xB5,0x92,0xB5,
    0xB2,0xB5,0xB3,0xBD,0xCF,0x9C,0x31,0xA5,0x30,0xA5,0xCF,0x9C,0x92,0xB5,0x30,0xAD,
    0xAF,0x94,0x6E,0x8C,0x8E,0x9C,0x8F,0x9C,0xD0,0xA4,0xF0,0xB4,0x31,0xAD,0x92,0xB5,
    0xB3,0xBD,0x51,0xAD,0xD3,0xBD,0xB3,0xB5,0x31,0xAD,0x72,0xB5,0x10,0xA5,0x31,0xAD,
    0xB3,0xBD,0x14,0xD6,0xF0,0xA4,0xD3,0xBD,0x31,0xAD,0xD3,0xBD,0x92,0xB5,0xB2,0xBD,
    0xF3,0xC5,0xD3,0xBD,0x71,0xB5,0x14,0xCE,0xF0,0xAC,0x38,0xA6,0xF6,0x9D,0x38,0xA6,
    0x38,0xA6,0x38,0xA6,0x38,0xA6,0x38,0xA6,0x38,0xA6,0x38,0xA6,0x00,0x00,0x00,0x00,
    0x00,0x00,0x00,0x00,0x00,0x00,0x00,0x00,0x00,0x00,0x00,0x00,0x00,0x00,0x00,0x00,
    0x38,0xA6,0x38,0xA6,0x38,0xA6,0x38,0xA6,0x38,0xA6,0x38,0xA6,0x38,0xA6,0xF7,0xAD,
    0x16,0xA6,0xB5,0x9D,0x38,0xA6,0xAF,0x9C,0x10,0xA5,0xAF,0x94,0x8E,0x8C,0x8F,0x94,
    0x2D,0x84,0xB4,0xBD,0x56,0xD6,0x36,0xCE,0x36,0xCE,0x77,0xD6,0x16,0xCE,0x15,0xCE,
    0x15,0xCE,0xD9,0xE6,0x93,0xB5,0xCB,0x73,0x31,0xA5,0x71,0xAD,0x71,0xAD,0x71,0xAD,
    0x72,0xAD,0x92,0xB5,0xAF,0x94,0x72,0xAD,0xEF,0x9C,0xAF,0x9C,0xF0,0xA4,0x30,0xAD,
    0xAF,0x9C,0x10,0xA5,0x31,0xAD,0xD8,0xE6,0xD9,0xE6,0x93,0xC5,0xEF,0xA4,0x51,0xAD,
    0x92,0xB5,0x92,0xB5,0x92,0xB5,0x10,0xA5,0x72,0xB5,0x51,0xAD,0x8E,0x94,0x71,0xAD,
    0x51,0xAD,0xF0,0xAC,0x8E,0x9C,0xB3,0xB5,0x10,0xA5,0x92,0xB5,0x92,0xB5,0xB3,0xBD,
    0xF3,0xBD,0xD3,0xBD,0x71,0xB5,0xF4,0xCD,0x93,0xBD,0x38,0xA6,0xF7,0xAD,0x38,0xA6,
    0x38,0xA6,0x38,0xA6,0x38,0xA6,0x38,0xA6,0x38,0xA6,0x38,0xA6,0x38,0xA6,0x00,0x00,
    0x00,0x00,0x00,0x00,0x00,0x00,0x00,0x00,0x00,0x00,0x00,0x00,0x00,0x00,0x00,0x00,
    0x38,0xA6,0x38,0xA6,0x38,0xA6,0x38,0xA6,0x38,0xA6,0x38,0xA6,0x38,0xA6,0x38,0xA6,
    0xF7,0xA5,0x38,0xA6,0xF1,0x94,0x72,0xB5,0xF0,0x9C,0x6E,0x8C,0x6E,0x8C,0xAF,0x94,
    0xEC,0x7B,0xB0,0x9C,0xD9,0xE6,0x56,0xD6,0xD9,0xE6,0x16,0xC6,0x37,0xCE,0xB8,0xDE,
    0x36,0xD6,0x77,0xD6,0xB8,0xDE,0x8F,0x8C,0x10,0xA5,0x51,0xAD,0x71,0xAD,0x71,0xAD,
    0x92,0xAD,0x30,0xA5,0xAF,0x94,0x10,0xA5,0x8E,0x94,0x30,0xA5,0x51,0xAD,0xAF,0x94,
    0xCF,0x9C,0x31,0xAD,0x15,0xD6,0xB8,0xE6,0xD8,0xE6,0x92,0xC5,0xAF,0x9C,0x92,0xB5,
    0x31,0xAD,0x71,0xAD,0x71,0xAD,0x72,0xB5,0x72,0xB5,0xB3,0xBD,0x4D,0x94,0x51,0xAD,
    0x35,0xCE,0xF4,0xCD,0xAF,0x9C,0xAF,0x9C,0x8E,0x94,0x72,0xB5,0x71,0xB5,0xB2,0xBD,
    0xF4,0xC5,0xD3,0xBD,0x92,0xB5,0xF3,0xC5,0x36,0xCE,0x58,0xB6,0x38,0xA6,0x58,0xAE,
    0x38,0xA6,0x38,0xA6,0x38,0xA6,0x38,0xA6,0x38,0xA6,0x38,0xA6,0x38,0xA6,0x00,0x00,
    0x00,0x00,0x00,0x00,0x00,0x00,0x00,0x00,0x00,0x00,0x00,0x00,0x00,0x00,0x00,0x00,
    0x38,0xA6,0x38,0xA6,0x38,0xA6,0x38,0xA6,0x38,0xA6,0x38,0xA6,0x38,0xA6,0x57,0xAE,
    0xF7,0xA5,0xF6,0xA5,0x52,0xAD,0xB4,0xBD,0x0D,0x84,0x8F,0x94,0x4E,0x8C,0x6E,0x8C,
    0xAB,0x73,0xCC,0x73,0xF5,0xC5,0x98,0xD6,0xD4,0xBD,0x2A,0x63,0xF5,0xC5,0x98,0xDE,
    0x98,0xDE,0x97,0xDE,0xB8,0xDE,0xD0,0x9C,0x10,0xA5,0x71,0xAD,0x72,0xAD,0x72,0xAD,
    0x92,0xB5,0xF0,0x9C,0xAF,0x94,0x31,0xAD,0xEF,0x9C,0x71,0xAD,0xEF,0xA4,0x2D,0x8C,
    0xEF,0x9C,0xB3,0xBD,0xD9,0xE6,0x98,0xDE,0xD8,0xE6,0x31,0xB5,0x10,0xA5,0x72,0xB5,
    0x8E,0x9C,0x92,0xB5,0x72,0xB5,0x72,0xB5,0x92,0xB5,0x72,0xB5,0xAF,0xA4,0x92,0xB5,
    0xB9,0xDE,0xF9,0xEE,0x92,0xBD,0x10,0xAD,0x4D,0x8C,0x51,0xAD,0x71,0xB5,0x92,0xB5,
    0x14,0xC6,0xB3,0xBD,0xB2,0xB5,0xD3,0xC5,0x15,0xCE,0x57,0xBE,0x38,0xA6,0x58,0xAE,
    0x38,0xA6,0x38,0xA6,0x38,0xA6,0x38,0xA6,0x38,0xA6,0x38,0xA6,0x38,0xA6,0x00,0x00,
    0x00,0x00,0x00,0x00,0x00,0x00,0x00,0x00,0x00,0x00,0x00,0x00,0x00,0x00,0x00,0x00,
    0x38,0xA6,0x38,0xA6,0x38,0xA6,0x38,0xA6,0x38,0xA6,0x38,0xA6,0x38,0xA6,0x16,0xA6,
    0x38,0xA6,0xB4,0xBD,0x15,0xC6,0x0D,0x84,0x0D,0x84,0xAF,0x94,0x6F,0x8C,0x2D,0x84,
    0x0D,0x7C,0x2E,0x7C,0xCC,0x73,0xCC,0x73,0x29,0x5B,0x29,0x5B,0x73,0xB5,0xD9,0xE6,
    0x52,0xB5,0x73,0xB5,0xB8,0xDE,0x8F,0x94,0x10,0xA5,0x71,0xAD,0x72,0xAD,0x92,0xB5,
    0xB3,0xB5,0x11,0xA5,0xF0,0xA4,0x10,0xA5,0x10,0xA5,0x10,0xA5,0xF0,0xA4,0x31,0xB5,
    0xCF,0xA4,0xB8,0xE6,0xF9,0xEE,0xD9,0xE6,0xD9,0xE6,0x11,0xAD,0xB2,0xBD,0xAF,0xA4,
    0xAF,0xA4,0x92,0xB5,0x72,0xB5,0x92,0xB5,0x92,0xBD,0xF0,0xB4,0x51,0xB5,0x92,0xBD,
    0xD9,0xE6,0xD9,0xE6,0xD3,0xC5,0x10,0xAD,0x2D,0x8C,0x51,0xAD,0x51,0xAD,0xB3,0xBD,
    0xF4,0xC5,0xB3,0xBD,0x71,0xAD,0xD3,0xBD,0xD4,0xC5,0x36,0xBE,0x38,0xA6,0x58,0xAE,
    0x38,0xA6,0x38,0xA6,0x38,0xA6,0x38,0xA6,0x38,0xA6,0x38,0xA6,0x38,0xA6,0x00,0x00,
    0x00,0x00,0x00,0x00,0x00,0x00,0x00,0x00,0x00,0x00,0x00,0x00,0x00,0x00,0x00,0x00,
    0x38,0xA6,0x38,0xA6,0x38,0xA6,0x38,0xA6,0x38,0xA6,0x38,0xA6,0xF7,0xAD,0x38,0xA6,
    0xF1,0x9C,0xD5,0xBD,0x11,0xA5,0xCB,0x7B,0x8F,0x94,0x6F,0x84,0x6F,0x84,0x4E,0x84,
    0xD0,0x94,0x8F,0x84,0x4D,0x7C,0xEC,0x73,0x0C,0x7C,0xEC,0x73,0x8B,0x6B,0x36,0xCE,
    0x4F,0x8C,0xA5,0x31,0x2D,0x84,0xAF,0x94,0x10,0xA5,0x71,0xAD,0x51,0xAD,0x71,0xAD,
    0xB2,0xB5,0x10,0xA5,0x8E,0x94,0x31,0xAD,0x31,0xAD,0xEF,0xA4,0x15,0xCE,0xF0,0xAC,
    0x35,0xD6,0x56,0xDE,0xD4,0xCD,0x97,0xDE,0xB8,0xE6,0x72,0xBD,0x71,0xB5,0x30,0xB5,
    0x71,0xB5,0x92,0xBD,0x92,0xB5,0xB2,0xBD,0x30,0xB5,0x52,0xBD,0x30,0xAD,0x14,0xCE,
    0xD8,0xE6,0xB8,0xE6,0x35,0xD6,0x51,0xAD,0xD0,0xAC,0x51,0xAD,0x51,0xAD,0xB2,0xBD,
    0xD3,0xBD,0x72,0xB5,0x51,0xAD,0x51,0xAD,0x31,0xB5,0x57,0xC6,0x38,0xA6,0x58,0xAE,
    0x38,0xA6,0x38,0xA6,0x38,0xA6,0x38,0xA6,0x38,0xA6,0x38,0xA6,0x38,0xA6,0x00,0x00,
    0x00,0x00,0x00,0x00,0x00,0x00,0x00,0x00,0x00,0x00,0x00,0x00,0x00,0x00,0x00,0x00,
    0x38,0xA6,0x38,0xA6,0x38,0xA6,0x38,0xA6,0x38,0xA6,0x58,0xAE,0xD6,0x9D,0xD1,0x8C,
    0x11,0xA5,0x51,0xAD,0xF0,0xA4,0x51,0xB5,0x6F,0x8C,0x4E,0x84,0x4E,0x84,0x6E,0x8C,
    0x52,0xA5,0x4E,0x84,0xEF,0x9C,0xCF,0x9C,0x8E,0x84,0xD0,0x94,0xCC,0x73,0x2A,0x63,
    0x2A,0x63,0xE9,0x52,0x0C,0x7C,0x10,0xA5,0x31,0xA5,0x51,0xA5,0x72,0xAD,0x72,0xAD,
    0x92,0xB5,0xAF,0x9C,0x4E,0x8C,0x31,0xAD,0x10,0xA5,0x72,0xBD,0x73,0xC5,0xB4,0xC5,
    0x56,0xD6,0x72,0xBD,0x93,0xC5,0xF5,0xD5,0x15,0xD6,0x10,0xAD,0xF4,0xCD,0xF4,0xCD,
    0xB2,0xBD,0xB3,0xBD,0xB2,0xBD,0x71,0xB5,0x93,0xC5,0x92,0xBD,0x30,0xAD,0x97,0xDE,
    0x35,0xDE,0x97,0xE6,0x35,0xCE,0x51,0xAD,0x72,0xC5,0x51,0xAD,0x51,0xAD,0x92,0xB5,
    0x72,0xB5,0x30,0xAD,0x71,0xAD,0xAF,0x9C,0xAF,0x9C,0x16,0xC6,0x38,0xA6,0xF6,0xA5,
    0x38,0xA6,0x38,0xA6,0x38,0xA6,0x38,0xA6,0x38,0xA6,0x38,0xA6,0x38,0xA6,0x00,0x00,
    0x00,0x00,0x00,0x00,0x00,0x00,0x00,0x00,0x00,0x00,0x00,0x00,0x00,0x00,0x00,0x00,
    0x38,0xA6,0x38,0xA6,0x38,0xA6,0x38,0xA6,0x38,0xA6,0x95,0xA5,0x38,0xA6,0xD0,0x9C,
    0x10,0xA5,0x8F,0x94,0x72,0xB5,0xF0,0xA4,0x6F,0x84,0x8F,0x8C,0x4E,0x84,0x6F,0x8C,
    0xD0,0x94,0xF0,0x9C,0xD2,0xBD,0x51,0xA5,0xED,0x73,0x93,0xAD,0x4E,0x84,0xC9,0x4A,
    0x0A,0x53,0x8B,0x63,0x4E,0x8C,0x10,0x9D,0x51,0xA5,0x30,0xA5,0x72,0xAD,0x72,0xAD,
    0x92,0xB5,0x6E,0x94,0xAF,0xAC,0x30,0xBD,0xB3,0xC5,0xB0,0xA4,0x8B,0x83,0xC8,0x6A,
    0xE9,0x6A,0xC9,0x62,0x8B,0x73,0x11,0xAD,0x31,0xB5,0x56,0xD6,0x77,0xDE,0x72,0xBD,
    0xB3,0xBD,0x92,0xBD,0x71,0xBD,0xB3,0xC5,0x56,0xD6,0x51,0xBD,0x35,0xD6,0xF4,0xD5,
    0x31,0xBD,0xF4,0xD5,0xF4,0xCD,0x10,0xAD,0xD4,0xCD,0x10,0xA5,0x4D,0x8C,0x72,0xB5,
    0x71,0xAD,0x10,0xA5,0xEF,0xA4,0x72,0xB5,0xD0,0xA4,0x32,0xAD,0x38,0xA6,0xF6,0xA5,
    0x38,0xA6,0x38,0xA6,0x38,0xA6,0x38,0xA6,0x38,0xA6,0x38,0xA6,0x38,0xA6,0x00,0x00,
    0x00,0x00,0x00,0x00,0x00,0x00,0x00,0x00,0x00,0x00,0x00,0x00,0x00,0x00,0x00,0x00,
    0x38,0xA6,0x38,0xA6,0x38,0xA6,0x38,0xA6,0x56,0xAE,0xB6,0x9D,0x57,0xB6,0xCF,0x9C,
    0x4E,0x8C,0x99,0xB6,0x6E,0x94,0xF0,0x9C,0x6F,0x84,0x6E,0x84,0x8B,0x73,0xD0,0x94,
    0xB0,0x8C,0x51,0xAD,0xF3,0xC5,0x4E,0x84,0xAC,0x6B,0xD0,0x94,0xAC,0x6B,0xA8,0x52,
    0x6B,0x73,0xE9,0x5A,0x8F,0x8C,0x8E,0x8C,0x52,0xAD,0x10,0xA5,0x51,0xAD,0x72,0xAD,
    0x71,0xAD,0xF0,0xA4,0x10,0xC5,0x72,0xC5,0x68,0x5A,0xC5,0x41,0xE6,0x41,0x87,0x4A,
    0x47,0x4A,0x67,0x52,0x6B,0x73,0xA7,0x6A,0xB3,0xCD,0xD9,0xE6,0x35,0xD6,0xB3,0xCD,
    0xF4,0xCD,0xD3,0xC5,0x35,0xD6,0x56,0xDE,0x92,0xC5,0x97,0xDE,0xF9,0xE6,0x31,0xAD,
    0x0C,0x7C,0xCB,0x7B,0x30,0xAD,0x75,0xDE,0xF4,0xCD,0x4D,0x94,0x8E,0x9C,0xB3,0xBD,
    0x51,0xAD,0x10,0xA5,0x8E,0x94,0xB3,0xBD,0xF0,0xAC,0xD0,0x9C,0x38,0xA6,0xF6,0xA5,
    0x38,0xA6,0x38,0xA6,0x38,0xA6,0x38,0xA6,0x38,0xA6,0x38,0xA6,0x00,0x00,0x00,0x00,
    0x00,0x00,0x00,0x00,0x00,0x00,0x00,0x00,0x00,0x00,0x00,0x00,0x00,0x00,0x00,0x00,
    0x38,0xA6,0x38,0xA6,0x38,0xA6,0x38,0xA6,0xF5,0xA5,0x38,0xA6,0x73,0xAD,0xAF,0x9C,
    0xF1,0x9C,0x17,0xB6,0x6E,0x8C,0x8F,0x8C,0x6F,0x8C,0xCC,0x7B,0x6B,0x6B,0xF0,0x94,
    0xD0,0x94,0x4D,0x84,0x8B,0x6B,0xCC,0x73,0x6E,0x8C,0xED,0x7B,0x4B,0x63,0x11,0xB5,
    0x14,0xE6,0x8F,0xAC,0x6E,0x8C,0x0C,0x84,0x31,0xA5,0x10,0xA5,0xF0,0x9C,0x51,0xAD,
    0x92,0xAD,0x71,0xBD,0x11,0xBD,0x47,0x52,0x26,0x4A,0xC8,0x5A,0x6A,0x5B,0x49,0x53,
    0xB0,0x94,0xB0,0x94,0xB0,0x9C,0x72,0xC5,0xD0,0xBC,0x97,0xDE,0xB8,0xE6,0xD9,0xE6,
    0xD8,0xE6,0xB8,0xE6,0xB8,0xE6,0x56,0xDE,0x76,0xDE,0xF9,0xE6,0xCF,0xA4,0x69,0x6B,
    0x69,0x6B,0xEB,0x7B,0xCB,0x7B,0x6E,0x94,0x92,0xC5,0x8F,0xA4,0x10,0xAD,0x72,0xB5,
    0x10,0xA5,0x10,0xA5,0x8E,0x94,0x92,0xBD,0xCF,0xA4,0x11,0xA5,0x38,0xA6,0xF6,0xA5,
    0x38,0xA6,0x38,0xA6,0x38,0xA6,0x38,0xA6,0x38,0xA6,0x38,0xA6,0x00,0x00,0x00,0x00,
    0x00,0x00,0x00,0x00,0x00,0x00,0x00,0x00,0x00,0x00,0x00,0x00,0x00,0x00,0x00,0x00,
    0x38,0xA6,0x38,0xA6,0x38,0xA6,0x38,0xA6,0xD6,0x9D,0x38,0xA6,0xF0,0x9C,0xCF,0x9C,
    0x38,0xA6,0x11,0xA5,0xB0,0x94,0x8F,0x8C,0x2E,0x84,0xA8,0x52,0x0D,0x7C,0xF1,0x94,
    0xAF,0x8C,0x2E,0x84,0x2E,0x7C,0xAF,0x94,0x8F,0x8C,0x0D,0x7C,0x4E,0x94,0x92,0xD5,
    0x8F,0xB4,0xAF,0xB4,0x8F,0x94,0xEC,0x7B,0xCF,0x9C,0x10,0xA5,0xAF,0x94,0x51,0xAD,
    0x51,0xAD,0x6E,0x9C,0xC9,0x7A,0x88,0x62,0xB0,0x9C,0x67,0x4A,0xC8,0x52,0xE9,0x5A,
    0xCD,0x7B,0x8C,0x6B,0x2B,0x6B,0xB8,0xE6,0x97,0xDE,0x97,0xDE,0x97,0xDE,0x97,0xDE,
    0x97,0xDE,0x98,0xDE,0x97,0xDE,0x77,0xDE,0xB8,0xE6,0x14,0xCE,0x4A,0x6B,0xED,0x7B,
    0x4F,0x84,0x4E,0x84,0xCF,0xA4,0x26,0x52,0x51,0xBD,0x93,0xC5,0x8E,0x9C,0x71,0xB5,
    0xCF,0x9C,0x10,0xA5,0xAF,0x9C,0x10,0xAD,0xB4,0xB5,0xD5,0xAD,0x38,0xA6,0x38,0xA6,
    0x38,0xA6,0x38,0xA6,0x38,0xA6,0x38,0xA6,0x38,0xA6,0x38,0xA6,0x00,0x00,0x00,0x00,
    0x00,0x00,0x00,0x00,0x00,0x00,0x00,0x00,0x00,0x00,0x00,0x00,0x00,0x00,0x00,0x00,
    0x38,0xA6,0x38,0xA6,0x38,0xA6,0x38,0xA6,0x95,0x95,0x38,0xA6,0xCF,0x9C,0xAF,0x94,
    0xF7,0xA5,0xD1,0x9C,0xF1,0x9C,0x8F,0x8C,0x2E,0x84,0x0D,0x84,0x2E,0x84,0xB0,0x94,
    0x8F,0x8C,0x4E,0x84,0x8F,0x94,0xAF,0x9C,0x4E,0x84,0x0D,0x7C,0xB0,0xAC,0x31,0xC5,
    0x72,0xCD,0xAF,0xAC,0x2D,0x84,0x2D,0x84,0x4D,0x8C,0x10,0xA5,0x6E,0x8C,0x31,0xA5,
    0x30,0xA5,0xF0,0xA4,0xE9,0x82,0x52,0xBD,0xD0,0x9C,0x46,0x42,0xE9,0x52,0x47,0x52,
    0x87,0x52,0xC8,0x52,0xCD,0x73,0xF9,0xE6,0x97,0xDE,0x97,0xDE,0x97,0xDE,0xB8,0xE6,
    0x97,0xE6,0x98,0xE6,0x97,0xDE,0x77,0xDE,0xD8,0xE6,0x12,0xA5,0xE9,0x52,0x8C,0x6B,
    0x0E,0x7C,0xCD,0x7B,0x97,0xD6,0x29,0x73,0xED,0x93,0x4E,0x94,0x8E,0x94,0x10,0xA5,
    0xCC,0x7B,0x31,0xAD,0x0C,0x8C,0x8E,0x9C,0x38,0xA6,0xF7,0x9D,0x38,0xA6,0x38,0xA6,
    0x38,0xA6,0x38,0xA6,0x38,0xA6,0x38,0xA6,0x38,0xA6,0x38,0xA6,0x00,0x00,0x00,0x00,
    0x00,0x00,0x00,0x00,0x00,0x00,0x00,0x00,0x00,0x00,0x00,0x00,0x00,0x00,0x00,0x00,
    0x38,0xA6,0x38,0xA6,0x38,0xA6,0x38,0xA6,0x95,0x95,0x38,0xA6,0x6E,0x8C,0x6E,0x8C,
    0xF6,0xA5,0x8F,0x94,0x11,0x9D,0x2D,0x84,0x52,0xB5,0x32,0xAD,0x4E,0x84,0x6F,0x84,
    0x8F,0x8C,0x6F,0x8C,0x8E,0x94,0x6E,0x8C,0x2E,0x84,0x6E,0x8C,0x52,0xC5,0x93,0xCD,
    0x93,0xCD,0x6E,0xAC,0xEC,0x83,0xCF,0x94,0x8E,0x94,0xF0,0x9C,0xAF,0x94,0xCF,0x9C,
    0x51,0xAD,0x92,0xB5,0x73,0xC5,0xF5,0xD5,0x32,0xA5,0x8A,0x63,0x2D,0x84,0xA5,0x39,
    0x29,0x63,0x8E,0x84,0x32,0xA5,0x5C,0xEF,0x98,0xDE,0x97,0xDE,0x97,0xDE,0x97,0xDE,
    0x97,0xDE,0xB8,0xE6,0xB8,0xDE,0x97,0xDE,0xD8,0xE6,0x8F,0x8C,0x26,0x42,0x88,0x4A,
    0xE9,0x52,0x2F,0x84,0x1A,0xE7,0x6B,0x8B,0x4E,0xA4,0x8B,0x83,0x51,0xAD,0xEC,0x83,
    0xAB,0x7B,0xF0,0xA4,0xEC,0x83,0xF5,0xB5,0x17,0xA6,0xF7,0xA5,0x38,0xA6,0x38,0xA6,
    0x38,0xA6,0x38,0xA6,0x38,0xA6,0x38,0xA6,0x38,0xA6,0x38,0xA6,0x00,0x00,0x00,0x00,
    0x00,0x00,0x00,0x00,0x00,0x00,0x00,0x00,0x00,0x00,0x00,0x00,0x00,0x00,0x00,0x00,
    0x38,0xA6,0x38,0xA6,0x38,0xA6,0x38,0xA6,0x34,0x8D,0x38,0xA6,0x6E,0x8C,0x6D,0x8C,
    0x38,0xA6,0x8F,0x94,0xF0,0x9C,0x2E,0x84,0x73,0xBD,0x11,0xA5,0x4E,0x84,0x6F,0x8C,
    0x8F,0x8C,0xAF,0x94,0xAF,0x94,0xB0,0x94,0xD0,0x94,0x0D,0x7C,0xB0,0xAC,0xF4,0xD5,
    0xD0,0xBC,0x0D,0xA4,0xCC,0x7B,0xAF,0x94,0x10,0xA5,0xCF,0x9C,0x10,0xA5,0xAE,0x94,
    0x10,0xA5,0x51,0xB5,0x15,0xD6,0x98,0xE6,0xD5,0xBD,0x4E,0x84,0x0F,0xA5,0x8D,0xA4,
    0x0F,0xA5,0xCF,0x94,0x74,0xAD,0x3B,0xEF,0x77,0xDE,0x97,0xDE,0x97,0xDE,0x97,0xDE,
    0x97,0xDE,0xB8,0xE6,0xB8,0xDE,0x98,0xDE,0xD8,0xDE,0xD0,0x94,0x88,0x52,0x4A,0x6B,
    0x2D,0x84,0x94,0xAD,0x98,0xDE,0x32,0xBD,0xB5,0xC5,0xAF,0xA4,0x10,0xA5,0x4A,0x6B,
    0x8B,0x73,0x8E,0x9C,0xD3,0xC5,0xB8,0xBE,0x38,0xA6,0x58,0xAE,0x38,0xA6,0x38,0xA6,
    0x38,0xA6,0x38,0xA6,0x38,0xA6,0x38,0xA6,0x38,0xA6,0x38,0xA6,0x00,0x00,0x00,0x00,
    0x00,0x00,0x00,0x00,0x00,0x00,0x00,0x00,0x00,0x00,0x00,0x00,0x00,0x00,0x00,0x00,
    0x38,0xA6,0x38,0xA6,0x38,0xA6,0x38,0xA6,0x58,0xAE,0xB6,0x95,0x73,0xA5,0x4D,0x84,
    0x6E,0x8C,0xD0,0x9C,0xD0,0x9C,0x90,0x8C,0x52,0xB5,0x31,0xAD,0x2E,0x84,0x2E,0x84,
    0x8F,0x8C,0x8F,0x8C,0xAF,0x94,0xAF,0x94,0x90,0x8C,0x8F,0x8C,0x4B,0x73,0xD4,0xD5,
    0x32,0xC5,0x2D,0xAC,0xCB,0x7B,0xAF,0x94,0x31,0xAD,0x51,0xAD,0x10,0xA5,0x10,0xA5,
    0x8E,0x94,0x50,0xB5,0xD4,0xCD,0x35,0xDE,0x77,0xDE,0x31,0xA5,0x30,0xA5,0xF3,0xCD,
    0x71,0xB5,0x10,0x9D,0xF9,0xE6,0x97,0xE6,0x77,0xDE,0x97,0xDE,0x97,0xDE,0x97,0xDE,
    0xB8,0xE6,0x97,0xE6,0x97,0xDE,0xB8,0xE6,0xD9,0xDE,0x11,0xA5,0xF3,0xCD,0x71,0xB5,
    0xAF,0x94,0xD9,0xD6,0x97,0xDE,0xB8,0xE6,0xB0,0xA4,0x2D,0x8C,0x8B,0x73,0x0D,0x84,
    0x0D,0x84,0x10,0xAD,0xB3,0xBD,0x78,0xC6,0x38,0xA6,0x58,0xAE,0x38,0xA6,0x38,0xA6,
    0x38,0xA6,0x38,0xA6,0x38,0xA6,0x38,0xA6,0x38,0xA6,0x38,0xA6,0x00,0x00,0x00,0x00,
    0x00,0x00,0x00,0x00,0x00,0x00,0x00,0x00,0x00,0x00,0x00,0x00,0x00,0x00,0x00,0x00,
    0x38,0xA6,0x38,0xA6,0x38,0xA6,0x38,0xA6,0x38,0xA6,0x56,0xAE,0x38,0xA6,0xB4,0xAD,
    0x6E,0x8C,0x32,0xAD,0xAF,0x94,0x32,0xA5,0x73,0xB5,0xAF,0x9C,0x8F,0x8C,0x2E,0x84,
    0x4E,0x84,0xB0,0x94,0xB0,0x94,0xB0,0x94,0x4F,0x8C,0x8F,0x8C,0x0A,0x63,0x4B,0x7B,
    0xF5,0xD5,0x72,0xCD,0xCC,0x83,0xCF,0x94,0xF0,0x9C,0xB3,0xBD,0x51,0xAD,0xF0,0xA4,
    0xCF,0x9C,0xAE,0x9C,0x71,0xC5,0x15,0xDE,0xD4,0xDD,0xD3,0xD5,0x93,0xC5,0xF4,0xCD,
    0x52,0xBD,0xF5,0xCD,0x97,0xE6,0x76,0xDE,0x97,0xDE,0x97,0xDE,0x97,0xDE,0xB8,0xE6,
    0xB8,0xE6,0x97,0xE6,0x97,0xE6,0x97,0xE6,0xD8,0xE6,0xD4,0xBD,0x54,0xD6,0x92,0xB5,
    0xB4,0xB5,0xB8,0xE6,0x77,0xE6,0x93,0xC5,0xAC,0x83,0xAC,0x7B,0xCC,0x7B,0x4E,0x8C,
    0xAF,0x94,0x51,0xB5,0x35,0xCE,0x77,0xCE,0x38,0xA6,0x17,0xA6,0x38,0xA6,0x38,0xA6,
    0x38,0xA6,0x38,0xA6,0x38,0xA6,0x38,0xA6,0x38,0xA6,0x38,0xA6,0x00,0x00,0x00,0x00,
    0x00,0x00,0x00,0x00,0x00,0x00,0x00,0x00,0x00,0x00,0x00,0x00,0x00,0x00,0x00,0x00,
    0x38,0xA6,0x38,0xA6,0x38,0xA6,0x38,0xA6,0x38,0xA6,0x38,0xA6,0x56,0xAE,0x38,0xA6,
    0x38,0xA6,0x99,0xB6,0x2D,0x8C,0x6E,0x94,0x38,0xA6,0x8F,0x94,0xD0,0x9C,0xED,0x7B,
    0x4E,0x8C,0xB0,0x94,0x8F,0x94,0x4E,0x84,0x6F,0x8C,0x2E,0x84,0x8B,0x6B,0x4B,0x6B,
    0x4A,0x73,0xD0,0xB4,0xD0,0xAC,0xD0,0x9C,0xCF,0x9C,0x92,0xB5,0x92,0xB5,0x30,0xAD,
    0x51,0xAD,0x4D,0x9C,0x8E,0xAC,0x72,0xCD,0xF4,0xDD,0xF4,0xDD,0x15,0xDE,0xF4,0xDD,
    0x15,0xDE,0x35,0xDE,0x36,0xDE,0x76,0xDE,0x77,0xDE,0x97,0xE6,0xB8,0xE6,0xB8,0xE6,
    0xB8,0xE6,0x97,0xE6,0x97,0xE6,0xD8,0xE6,0x97,0xE6,0xB7,0xDE,0x76,0xD6,0x15,0xCE,
    0x97,0xE6,0xF4,0xDD,0x35,0xE6,0xB0,0xAC,0x2E,0x8C,0xAC,0x7B,0xCC,0x7B,0x6E,0x94,
    0xD0,0x9C,0x92,0xBD,0x97,0xDE,0x56,0xC6,0x38,0xA6,0x17,0xAE,0x38,0xA6,0x38,0xA6,
    0x38,0xA6,0x38,0xA6,0x38,0xA6,0x38,0xA6,0x38,0xA6,0x00,0x00,0x00,0x00,0x00,0x00,
    0x00,0x00,0x00,0x00,0x00,0x00,0x00,0x00,0x00,0x00,0x00,0x00,0x00,0x00,0x00,0x00,
    0x38,0xA6,0x38,0xA6,0x38,0xA6,0x38,0xA6,0x38,0xA6,0x38,0xA6,0x38,0xA6,0x58,0xAE,
    0x53,0x95,0xD8,0x9D,0xB0,0x94,0xEC,0x83,0x6F,0x8C,0x36,0xBE,0x11,0xA5,0xCC,0x7B,
    0x0D,0x84,0x8F,0x94,0xED,0x83,0xED,0x7B,0x4E,0x84,0x8F,0x94,0xCC,0x73,0x4E,0x84,
    0x4F,0x8C,0x88,0x52,0x4A,0x73,0xAF,0x9C,0x2D,0x84,0x71,0xAD,0x71,0xAD,0x71,0xB5,
    0x92,0xB5,0xCF,0xAC,0x72,0xC5,0x71,0xC5,0x72,0xC5,0x15,0xDE,0xD4,0xD5,0xD4,0xDD,
    0xD3,0xD5,0xF4,0xDD,0x36,0xDE,0x77,0xDE,0x97,0xDE,0x97,0xDE,0x98,0xE6,0xB8,0xE6,
    0xB8,0xE6,0x97,0xE6,0x97,0xE6,0x97,0xE6,0x97,0xDE,0x97,0xE6,0x97,0xE6,0x77,0xE6,
    0x15,0xDE,0xF4,0xDD,0xF4,0xDD,0x6F,0xA4,0xED,0x83,0x4B,0x6B,0xCD,0x83,0x8F,0x94,
    0x31,0xAD,0x92,0xBD,0x35,0xCE,0xF4,0xC5,0x38,0xA6,0x58,0xAE,0x38,0xA6,0x38,0xA6,
    0x38,0xA6,0x38,0xA6,0x38,0xA6,0x38,0xA6,0x38,0xA6,0x00,0x00,0x00,0x00,0x00,0x00,
    0x00,0x00,0x00,0x00,0x00,0x00,0x00,0x00,0x00,0x00,0x00,0x00,0x00,0x00,0x00,0x00,
    0x38,0xA6,0x38,0xA6,0x38,0xA6,0x38,0xA6,0x38,0xA6,0x38,0xA6,0x38,0xA6,0x38,0xA6,
    0x38,0xA6,0xF5,0x9D,0x38,0xA6,0x90,0x94,0x4E,0x8C,0x94,0xAD,0x52,0xAD,0x0D,0x84,
    0x6B,0x6B,0xB0,0x94,0xCC,0x7B,0x6B,0x6B,0x6F,0x8C,0x8F,0x94,0x2D,0x84,0x4E,0x8C,
    0x11,0x9D,0x6F,0x8C,0x4A,0x6B,0x4E,0x8C,0xE9,0x5A,0x10,0xA5,0x10,0xA5,0x51,0xAD,
    0x71,0xB5,0x31,0xAD,0x93,0xCD,0x77,0xE6,0xF4,0xD5,0x56,0xDE,0x15,0xDE,0x15,0xDE,
    0xF4,0xDD,0x15,0xDE,0x56,0xDE,0x97,0xDE,0x97,0xDE,0x97,0xDE,0xB8,0xE6,0xD8,0xE6,
    0xB8,0xE6,0xD8,0xE6,0xB8,0xE6,0xB8,0xE6,0x97,0xE6,0x97,0xDE,0x56,0xDE,0x15,0xDE,
    0xD4,0xD5,0xB3,0xD5,0x15,0xDE,0xB0,0xA4,0xCC,0x83,0x2B,0x6B,0xED,0x83,0x10,0xA5,
    0x10,0xAD,0x30,0xAD,0x92,0xBD,0xF4,0xCD,0xF7,0x9D,0x38,0xA6,0xD6,0xA5,0x38,0xA6,
    0x38,0xA6,0x38,0xA6,0x38,0xA6,0x38,0xA6,0x38,0xA6,0x00,0x00,0x00,0x00,0x00,0x00,
    0x00,0x00,0x00,0x00,0x00,0x00,0x00,0x00,0x00,0x00,0x00,0x00,0x00,0x00,0x00,0x00,
    0x38,0xA6,0x38,0xA6,0x38,0xA6,0x38,0xA6,0x38,0xA6,0x38,0xA6,0x38,0xA6,0x38,0xA6,
    0x38,0xA6,0x38,0xA6,0xF7,0x9D,0x38,0xA6,0x38,0xA6,0xB9,0xC6,0xD0,0x9C,0xAF,0x94,
    0xF1,0xA4,0x8F,0x94,0x0D,0x84,0x6A,0x73,0x6E,0x8C,0xAF,0x94,0x2D,0x84,0x2E,0x84,
    0xD1,0x9C,0x8F,0x8C,0x6B,0x6B,0x4D,0x8C,0xC9,0x52,0x4D,0x8C,0xEF,0x9C,0x10,0xA5,
    0x51,0xAD,0x51,0xAD,0xB3,0xC5,0x19,0xEF,0x77,0xDE,0x56,0xDE,0x35,0xDE,0x56,0xDE,
    0x36,0xDE,0x56,0xDE,0x97,0xDE,0x97,0xDE,0x97,0xDE,0xB8,0xE6,0x56,0xDE,0x15,0xD6,
    0xB8,0xE6,0x56,0xD6,0xB8,0xE6,0xB8,0xE6,0x97,0xE6,0x97,0xDE,0x76,0xDE,0x56,0xDE,
    0x36,0xDE,0xD4,0xDD,0x36,0xDE,0x0E,0x8C,0x2E,0x8C,0xCC,0x83,0x31,0xAD,0x51,0xB5,
    0x10,0xAD,0x10,0xAD,0x51,0xB5,0xD3,0xCD,0xF7,0x9D,0x38,0xA6,0xD6,0xA5,0x38,0xA6,
    0x38,0xA6,0x38,0xA6,0x38,0xA6,0x38,0xA6,0x38,0xA6,0x00,0x00,0x00,0x00,0x00,0x00,
    0x00,0x00,0x00,0x00,0x00,0x00,0x00,0x00,0x00,0x00,0x00,0x00,0x00,0x00,0x00,0x00,
    0x00,0x00,0x38,0xA6,0x38,0xA6,0x38,0xA6,0x38,0xA6,0x38,0xA6,0x38,0xA6,0x38,0xA6,
    0x38,0xA6,0x38,0xA6,0x38,0xA6,0xF7,0xA5,0xF6,0x9D,0x94,0xAD,0x8F,0x94,0x8E,0x94,
    0x73,0xB5,0xD0,0x9C,0x2D,0x8C,0x6E,0x94,0x4E,0x94,0x4E,0x8C,0x8F,0x94,0xE9,0x62,
    0xED,0x83,0xB0,0x94,0xED,0x7B,0x0C,0x84,0x8C,0x6B,0x4A,0x63,0xF0,0x9C,0x10,0xA5,
    0x30,0xA5,0x92,0xB5,0xD0,0xA4,0x32,0xB5,0xF9,0xEE,0xB8,0xE6,0x76,0xDE,0x77,0xDE,
    0x97,0xDE,0x98,0xE6,0x98,0xE6,0x97,0xDE,0x97,0xDE,0xB8,0xDE,0x36,0xD6,0x93,0xCD,
    0x36,0xDE,0x94,0xC5,0xD8,0xE6,0x98,0xE6,0x97,0xE6,0x97,0xDE,0x97,0xDE,0x77,0xDE,
    0x35,0xDE,0x97,0xE6,0xD1,0xAC,0x6C,0x73,0x8F,0x9C,0x6E,0xA4,0x72,0xB5,0x31,0xAD,
    0x71,0xB5,0xAF,0x9C,0xEF,0xAC,0xB2,0xC5,0xD6,0x9D,0x38,0xA6,0xD6,0xA5,0x38,0xA6,
    0x38,0xA6,0x38,0xA6,0x38,0xA6,0x38,0xA6,0x38,0xA6,0x00,0x00,0x00,0x00,0x00,0x00,
    0x00,0x00,0x00,0x00,0x00,0x00,0x00,0x00,0x00,0x00,0x00,0x00,0x00,0x00,0x00,0x00,
    0x00,0x00,0x00,0x00,0x38,0xA6,0x38,0xA6,0x38,0xA6,0x38,0xA6,0x38,0xA6,0x38,0xA6,
    0x38,0xA6,0x38,0xA6,0x38,0xA6,0x38,0xA6,0x38,0xA6,0xF2,0x94,0x37,0xB6,0x4E,0x8C,
    0xEC,0x83,0x9A,0xBE,0x53,0xAD,0x6F,0x94,0x72,0xB5,0xB0,0x9C,0x2E,0x8C,0x8B,0x73,
    0xCC,0x7B,0x0D,0x84,0xED,0x7B,0x6E,0x8C,0x8F,0x94,0x6B,0x6B,0x6E,0x8C,0x30,0xA5,
    0xF0,0x9C,0x31,0xA5,0xF0,0xA4,0xC8,0x5A,0x4E,0x94,0x15,0xCE,0xB8,0xE6,0xD8,0xE6,
    0xB8,0xE6,0x98,0xDE,0x97,0xDE,0x97,0xDE,0x98,0xDE,0x97,0xDE,0xB8,0xE6,0xD8,0xE6,
    0xB8,0xE6,0xD9,0xE6,0xB8,0xE6,0x98,0xDE,0x97,0xDE,0x97,0xDE,0x97,0xE6,0xD9,0xE6,
    0xD9,0xE6,0x12,0xB5,0x4B,0x7B,0x4F,0x8C,0xAC,0x83,0x4A,0x73,0x52,0xB5,0x31,0xAD,
    0x72,0xB5,0xEC,0x83,0xCF,0xA4,0xF4,0xCD,0x38,0xA6,0xF6,0xA5,0x38,0xA6,0x38,0xA6,
    0x38,0xA6,0x38,0xA6,0x38,0xA6,0x38,0xA6,0x38,0xA6,0x00,0x00,0x00,0x00,0x00,0x00,
    0x00,0x00,0x00,0x00,0x00,0x00,0x00,0x00,0x00,0x00,0x00,0x00,0x00,0x00,0x00,0x00,
    0x00,0x00,0x00,0x00,0x00,0x00,0x38,0xA6,0x38,0xA6,0x38,0xA6,0x38,0xA6,0x38,0xA6,
    0x38,0xA6,0x38,0xA6,0x38,0xA6,0x38,0xA6,0x38,0xA6,0x38,0xA6,0x38,0xA6,0x38,0xA6,
    0x0D,0x84,0x6F,0x8C,0x38,0xA6,0x53,0xA5,0x2D,0x94,0x11,0xAD,0x12,0xAD,0x6B,0x73,
    0x4F,0x94,0x15,0xCE,0x8F,0x94,0xE8,0x5A,0x2D,0x8C,0x47,0x4A,0x67,0x4A,0xAF,0x94,
    0x30,0xA5,0xF0,0x9C,0x31,0xAD,0x4A,0x6B,0xC9,0x52,0x09,0x6B,0x52,0xC5,0xF5,0xCD,
    0x97,0xDE,0xD8,0xE6,0xB8,0xE6,0xB7,0xE6,0x97,0xDE,0x97,0xDE,0x97,0xDE,0x97,0xDE,
    0xB8,0xE6,0xD9,0xE6,0xD9,0xE6,0xD8,0xE6,0xD8,0xE6,0xD8,0xE6,0x97,0xDE,0xD5,0xC5,
    0x90,0x9C,0xCD,0x83,0x6F,0x94,0x4F,0x8C,0xED,0x83,0x2D,0x8C,0x51,0xB5,0x31,0xAD,
    0x31,0xAD,0x11,0xA5,0x92,0xBD,0x94,0xBD,0x38,0xA6,0xF5,0xA5,0x38,0xA6,0x38,0xA6,
    0x38,0xA6,0x38,0xA6,0x38,0xA6,0x38,0xA6,0x38,0xA6,0x00,0x00,0x00,0x00,0x00,0x00,
    0x00,0x00,0x00,0x00,0x00,0x00,0x00,0x00,0x00,0x00,0x00,0x00,0x00,0x00,0x00,0x00,
    0x00,0x00,0x00,0x00,0x00,0x00,0x00,0x00,0x38,0xA6,0x38,0xA6,0x38,0xA6,0x38,0xA6,
    0x38,0xA6,0x38,0xA6,0x38,0xA6,0x38,0xA6,0x38,0xA6,0x38,0xA6,0x58,0xAE,0x38,0xA6,
    0x38,0xA6,0xF6,0xAD,0xF6,0xA5,0x38,0xA6,0xF2,0x9C,0xAC,0x7B,0x73,0xAD,0x12,0xA5,
    0xCC,0x83,0xEC,0x7B,0x0D,0x84,0xEC,0x7B,0x4A,0x6B,0xAB,0x73,0x87,0x4A,0xA8,0x52,
    0x0C,0x84,0x10,0xA5,0x30,0xAD,0xEC,0x83,0xAB,0x7B,0xAB,0x8B,0x72,0xCD,0xF0,0xBC,
    0xD0,0xBC,0x10,0xBD,0x72,0xC5,0x15,0xD6,0x76,0xDE,0xB7,0xE6,0xD8,0xE6,0xF9,0xE6,
    0x3A,0xEF,0x72,0xAD,0x15,0xC6,0xD9,0xE6,0xF5,0xCD,0x11,0xAD,0x0E,0x8C,0xCD,0x83,
    0x2E,0x8C,0x2E,0x8C,0x6F,0x94,0x4F,0x94,0xAB,0x7B,0xAF,0x9C,0x31,0xAD,0x91,0xBD,
    0x10,0xAD,0xB4,0xBD,0xF0,0xAC,0x16,0xB6,0x38,0xA6,0x58,0xAE,0x38,0xA6,0x38,0xA6,
    0x38,0xA6,0x38,0xA6,0x38,0xA6,0x38,0xA6,0x00,0x00,0x00,0x00,0x00,0x00,0x00,0x00,
    0x00,0x00,0x00,0x00,0x00,0x00,0x00,0x00,0x00,0x00,0x00,0x00,0x00,0x00,0x00,0x00,
    0x00,0x00,0x00,0x00,0x00,0x00,0x00,0x00,0x00,0x00,0x38,0xA6,0x38,0xA6,0x38,0xA6,
    0x38,0xA6,0x38,0xA6,0x38,0xA6,0x38,0xA6,0x38,0xA6,0x38,0xA6,0x38,0xA6,0x38,0xA6,
    0xF6,0x9D,0x38,0xA6,0x38,0xA6,0x17,0xA6,0x38,0xA6,0x38,0xA6,0x38,0xA6,0xEE,0x73,
    0xCB,0x73,0x8A,0x6B,0x6A,0x63,0x8B,0x6B,0xE9,0x52,0x4A,0x63,0x09,0x5B,0x87,0x4A,
    0xCB,0x83,0x6E,0x94,0xEF,0xA4,0xCF,0x9C,0x10,0xAD,0xCF,0xA4,0x2D,0x9C,0xF0,0xBC,
    0x10,0xC5,0xAF,0xB4,0x4E,0xAC,0x2A,0x7B,0xED,0x7B,0x2E,0x8C,0xED,0x8B,0x4E,0x9C,
    0x4F,0x9C,0x2C,0x8C,0x2C,0x84,0xAC,0x7B,0xED,0x83,0xCE,0x7B,0xEE,0x83,0x0E,0x84,
    0x2E,0x8C,0x4E,0x94,0xD1,0xA4,0xD1,0xA4,0x8F,0x9C,0x10,0xAD,0x91,0xBD,0x51,0xB5,
    0x58,0xAE,0x4E,0x9C,0xD0,0xA4,0x38,0xA6,0xD7,0x9D,0x38,0xA6,0x38,0xA6,0x38,0xA6,
    0x38,0xA6,0x38,0xA6,0x38,0xA6,0x38,0xA6,0x00,0x00,0x00,0x00,0x00,0x00,0x00,0x00,
    0x00,0x00,0x00,0x00,0x00,0x00,0x00,0x00,0x00,0x00,0x00,0x00,0x00,0x00,0x00,0x00,
    0x00,0x00,0x00,0x00,0x00,0x00,0x00,0x00,0x00,0x00,0x00,0x00,0x38,0xA6,0x38,0xA6,
    0x38,0xA6,0x38,0xA6,0x38,0xA6,0x38,0xA6,0x38,0xA6,0x38,0xA6,0x38,0xA6,0x38,0xA6,
    0x38,0xA6,0xF7,0x9D,0x38,0xA6,0x38,0xA6,0xD6,0x9D,0x38,0xA6,0xCD,0x73,0x8B,0x6B,
    0x2C,0x7C,0x2C,0x7C,0xCB,0x6B,0x29,0x5B,0x29,0x5B,0xE9,0x52,0xC8,0x5A,0xCF,0xA4,
    0xF3,0xCD,0x72,0xBD,0xEF,0xAC,0x8E,0x9C,0x6D,0x94,0x71,0xB5,0x10,0xAD,0xEC,0x8B,
    0xEC,0x93,0x4E,0xA4,0xF0,0xBC,0xAB,0x8B,0x09,0x6B,0xAB,0x7B,0x6A,0x8B,0x87,0x8A,
    0xCC,0xAB,0xAD,0xA4,0x4C,0xA4,0xEC,0xAB,0xED,0x9B,0x0D,0x9C,0xAB,0x8B,0x8F,0x9C,
    0x4E,0x8C,0x4D,0x94,0xF5,0xC5,0x78,0xD6,0x10,0xAD,0x72,0xBD,0x71,0xB5,0xD5,0xB5,
    0x4E,0x94,0xB0,0x9C,0x38,0xA6,0xF7,0xAD,0x38,0xA6,0x38,0xA6,0x38,0xA6,0x38,0xA6,
    0x38,0xA6,0x38,0xA6,0x38,0xA6,0x38,0xA6,0x00,0x00,0x00,0x00,0x00,0x00,0x00,0x00,
    0x00,0x00,0x00,0x00,0x00,0x00,0x00,0x00,0x00,0x00,0x00,0x00,0x00,0x00,0x00,0x00,
    0x00,0x00,0x00,0x00,0x00,0x00,0x00,0x00,0x00,0x00,0x00,0x00,0x38,0xA6,0x38,0xA6,
    0x38,0xA6,0x38,0xA6,0x38,0xA6,0x38,0xA6,0x38,0xA6,0x38,0xA6,0x38,0xA6,0x38,0xA6,
    0x38,0xA6,0x38,0xA6,0x38,0xA6,0x17,0xA6,0x38,0xA6,0x54,0x9D,0x6A,0x6B,0x6D,0x84,
    0x2C,0x7C,0x0C,0x74,0xCB,0x73,0xAB,0x6B,0x8A,0x6B,0x09,0x63,0x71,0xBD,0xB2,0xC5,
    0x71,0xBD,0xB2,0xC5,0xD3,0xCD,0x50,0xB5,0x2D,0x8C,0x8E,0x9C,0x71,0xBD,0x30,0xAD,
    0x10,0xAD,0x2A,0x6B,0x2A,0x83,0x4A,0xA3,0x4A,0x9B,0x6A,0x8B,0xCE,0xA4,0x0C,0x9C,
    0xC8,0x92,0x0B,0x8C,0x6D,0x9C,0x2D,0xB4,0x50,0xBD,0x0F,0xB5,0xAF,0xAC,0x4E,0x9C,
    0xAC,0x83,0x57,0xBE,0xD5,0xC5,0x11,0xB5,0xF0,0xAC,0x73,0xB5,0x58,0xAE,0xD5,0xAD,
    0x73,0xAD,0x38,0xA6,0x57,0xAE,0x38,0xA6,0x38,0xA6,0x38,0xA6,0x38,0xA6,0x38,0xA6,
    0x38,0xA6,0x38,0xA6,0x38,0xA6,0x00,0x00,0x00,0x00,0x00,0x00,0x00,0x00,0x00,0x00,
    0x00,0x00,0x00,0x00,0x00,0x00,0x00,0x00,0x00,0x00,0x00,0x00,0x00,0x00,0x00,0x00,
    0x00,0x00,0x00,0x00,0x00,0x00,0x00,0x00,0x00,0x00,0x00,0x00,0x00,0x00,0x38,0xA6,
    0x38,0xA6,0x38,0xA6,0x38,0xA6,0x38,0xA6,0x38,0xA6,0x38,0xA6,0x38,0xA6,0x38,0xA6,
    0x38,0xA6,0x38,0xA6,0x38,0xA6,0xD6,0x9D,0x38,0xA6,0x6F,0x8C,0x4D,0x84,0x4C,0x84,
    0x8D,0x8C,0x4D,0x84,0x0C,0x7C,0x2C,0x84,0xC8,0x52,0x2D,0x8C,0x13,0xD6,0xD3,0xCD,
    0xF3,0xCD,0x71,0xBD,0x71,0xBD,0xF3,0xCD,0x51,0xB5,0xAE,0x9C,0x30,0xB5,0x10,0xAD,
    0x4E,0x9C,0x09,0x8B,0x4A,0xA3,0x8B,0xAB,0xE9,0x7A,0xE8,0x62,0x6C,0x7C,0x2F,0x95,
    0x0C,0x8C,0xAA,0x83,0xEB,0x83,0x6E,0x8C,0x8D,0x94,0xAB,0x8B,0x8E,0xB4,0xD2,0xDD,
    0x52,0xC5,0x4F,0xAC,0xB4,0xB5,0x52,0xAD,0x18,0xAE,0x38,0xA6,0x38,0xA6,0x38,0xA6,
    0x38,0xA6,0x95,0x9D,0x38,0xA6,0x38,0xA6,0x38,0xA6,0x38,0xA6,0x38,0xA6,0x38,0xA6,
    0x38,0xA6,0x38,0xA6,0x38,0xA6,0x00,0x00,0x00,0x00,0x00,0x00,0x00,0x00,0x00,0x00,
    0x00,0x00,0x00,0x00,0x00,0x00,0x00,0x00,0x00,0x00,0x00,0x00,0x00,0x00,0x00,0x00,
    0x00,0x00,0x00,0x00,0x00,0x00,0x00,0x00,0x00,0x00,0x00,0x00,0x00,0x00,0x38,0xA6,
    0x38,0xA6,0x38,0xA6,0x38,0xA6,0x38,0xA6,0x38,0xA6,0x38,0xA6,0x38,0xA6,0x38,0xA6,
    0x38,0xA6,0x38,0xA6,0x38,0xA6,0xF7,0x9D,0x58,0xAE,0x2D,0x84,0xCF,0x9C,0x30,0xA5,
    0xCE,0x94,0xCE,0x94,0x4C,0x84,0x29,0x5B,0xE9,0x62,0xB2,0xC5,0xB2,0xC5,0xF3,0xCD,
    0xD3,0xCD,0x14,0xD6,0x50,0xBD,0xB3,0xC5,0x35,0xD6,0x10,0xB5,0x8E,0x9C,0xEC,0x8B,
    0x4A,0x9B,0x8B,0xAB,0xEC,0xB3,0x8A,0xAB,0xA8,0x82,0xE8,0x82,0x29,0x8B,0x29,0x7B,
    0x8D,0x8C,0xAD,0x94,0x6D,0x8C,0xCE,0x94,0x0C,0x9C,0x4D,0xBC,0x50,0xD5,0x30,0xD5,
    0x54,0xE6,0x56,0xE6,0xCD,0xA3,0x38,0xA6,0x38,0xA6,0xF6,0xA5,0x38,0xA6,0x38,0xA6,
    0x58,0xAE,0x38,0xA6,0x38,0xA6,0x38,0xA6,0x38,0xA6,0x38,0xA6,0x38,0xA6,0x38,0xA6,
    0x38,0xA6,0x38,0xA6,0x00,0x00,0x00,0x00,0x00,0x00,0x00,0x00,0x00,0x00,0x00,0x00,
    0x00,0x00,0x00,0x00,0x00,0x00,0x00,0x00,0x00,0x00,0x00,0x00,0x00,0x00,0x00,0x00,
    0x00,0x00,0x00,0x00,0x00,0x00,0x00,0x00,0x00,0x00,0x00,0x00,0x00,0x00,0x38,0xA6,
    0x38,0xA6,0x38,0xA6,0x38,0xA6,0x38,0xA6,0x38,0xA6,0x38,0xA6,0x38,0xA6,0x38,0xA6,
    0x38,0xA6,0x38,0xA6,0x58,0xAE,0x38,0xA6,0xB6,0xA5,0x0D,0x84,0x51,0xAD,0xCF,0x94,
    0x6A,0x63,0x09,0x5B,0xE8,0x52,0xC5,0x31,0x6E,0x9C,0xD2,0xCD,0xD2,0xC5,0xF4,0xCD,
    0x35,0xD6,0x55,0xD6,0x55,0xDE,0x92,0xC5,0x97,0xDE,0xD3,0xC5,0xEF,0xAC,0x8A,0x9B,
    0x6A,0xAB,0xAB,0xAB,0xEC,0xB3,0xCB,0xB3,0xCB,0xB3,0x0C,0xB4,0x6A,0xA3,0xEB,0x8B,
    0x0F,0x95,0x8A,0x7B,0xAB,0x7B,0x8D,0x8C,0xEE,0xA4,0x0F,0xAD,0x30,0xBD,0xF3,0xDD,
    0x3A,0xE7,0xF8,0xE6,0x93,0xD5,0x0E,0xAC,0xF6,0xB5,0x38,0xA6,0x58,0xA6,0x38,0xA6,
    0x38,0xA6,0x38,0xA6,0x38,0xA6,0x38,0xA6,0x38,0xA6,0x38,0xA6,0x38,0xA6,0x38,0xA6,
    0x38,0xA6,0x38,0xA6,0x00,0x00,0x00,0x00,0x00,0x00,0x00,0x00,0x00,0x00,0x00,0x00,
    0x00,0x00,0x00,0x00,0x00,0x00,0x00,0x00,0x00,0x00,0x00,0x00,0x00,0x00,0x00,0x00,
    0x00,0x00,0x00,0x00,0x00,0x00,0x00,0x00,0x00,0x00,0x00,0x00,0x00,0x00,0x38,0xA6,
    0x38,0xA6,0x38,0xA6,0x38,0xA6,0x38,0xA6,0x38,0xA6,0x38,0xA6,0x38,0xA6,0x38,0xA6,
    0x38,0xA6,0x38,0xA6,0xF6,0xA5,0xF7,0x9D,0xF3,0x84,0x8F,0x94,0x8E,0x8C,0xC8,0x52,
    0x46,0x42,0x09,0x5B,0x87,0x4A,0x67,0x4A,0x51,0xBD,0xB2,0xC5,0xF3,0xCD,0x35,0xD6,
    0xB8,0xDE,0x97,0xDE,0x97,0xDE,0x35,0xD6,0xF4,0xCD,0x55,0xD6,0x2D,0x9C,0x09,0x9B,
    0x4A,0xA3,0xAB,0xAB,0xAB,0xAB,0x2D,0xB4,0x2C,0xAC,0x2C,0xB4,0x49,0x93,0xEB,0x73,
    0x8A,0x7B,0xE9,0x92,0x29,0x8B,0xAB,0x73,0x29,0x83,0x0C,0x9C,0x4D,0xA4,0xB3,0xDD,
    0x7B,0xEF,0x96,0xE6,0x71,0xD5,0xB3,0xD5,0x11,0xBD,0x95,0xA5,0xF7,0x9D,0x57,0xAE,
    0x38,0xA6,0x38,0xA6,0x38,0xA6,0x38,0xA6,0x38,0xA6,0x38,0xA6,0x38,0xA6,0x38,0xA6,
    0x38,0xA6,0x00,0x00,0x00,0x00,0x00,0x00,0x00,0x00,0x00,0x00,0x00,0x00,0x00,0x00,
    0x00,0x00,0x00,0x00,0x00,0x00,0x00,0x00,0x00,0x00,0x00,0x00,0x00,0x00,0x00,0x00,
    0x00,0x00,0x00,0x00,0x00,0x00,0x00,0x00,0x00,0x00,0x00,0x00,0x38,0xA6,0x38,0xA6,
    0x38,0xA6,0x38,0xA6,0x38,0xA6,0x38,0xA6,0x38,0xA6,0x38,0xA6,0x38,0xA6,0x38,0xA6,
    0x38,0xA6,0x57,0xA6,0x58,0xA6,0x38,0xA6,0xED,0x7B,0xA8,0x52,0xC8,0x52,0xE8,0x52,
    0x49,0x63,0xCB,0x73,0x26,0x3A,0x6B,0x73,0xB2,0xCD,0xB2,0xC5,0xF3,0xCD,0x76,0xDE,
    0x97,0xDE,0x97,0xDE,0x56,0xD6,0x35,0xD6,0xB2,0xC5,0x92,0xC5,0x6A,0x93,0xE9,0x9A,
    0xE9,0x9A,0x6A,0xA3,0xEC,0xB3,0xAB,0xAB,0x31,0xBD,0x6D,0xBC,0x09,0x93,0x08,0x83,
    0x6A,0xAB,0x0C,0xC4,0x2D,0xC4,0x8A,0xA3,0xAB,0xA3,0x8D,0xD4,0xCE,0xD4,0xEF,0xD4,
    0xB2,0xD5,0x14,0xDE,0x4D,0xCC,0x52,0xCD,0x36,0xDE,0x52,0xB5,0x38,0xA6,0x16,0xAE,
    0x38,0xA6,0x38,0xA6,0x38,0xA6,0x38,0xA6,0x38,0xA6,0x38,0xA6,0x38,0xA6,0x38,0xA6,
    0x38,0xA6,0x00,0x00,0x00,0x00,0x00,0x00,0x00,0x00,0x00,0x00,0x00,0x00,0x00,0x00,
    0x00,0x00,0x00,0x00,0x00,0x00,0x00,0x00,0x00,0x00,0x00,0x00,0x00,0x00,0x00,0x00,
    0x00,0x00,0x00,0x00,0x00,0x00,0x00,0x00,0x00,0x00,0x38,0xA6,0x38,0xA6,0x38,0xA6,
    0x38,0xA6,0x38,0xA6,0x38,0xA6,0x38,0xA6,0x38,0xA6,0x38,0xA6,0x38,0xA6,0x38,0xA6,
    0x57,0xAE,0x38,0xA6,0xF8,0x9D,0xCD,0x7B,0x4D,0x8C,0xC8,0x52,0x09,0x53,0x09,0x53,
    0xCB,0x73,0x29,0x5B,0xA8,0x4A,0x4D,0x94,0xF4,0xCD,0xD3,0xC5,0x14,0xCE,0x97,0xDE,
    0x76,0xDE,0x97,0xDE,0x15,0xCE,0x92,0xC5,0x30,0xB5,0xAF,0xAC,0x6A,0x9B,0xC9,0x9A,
    0xC8,0x9A,0x8B,0xAB,0x8B,0xAB,0x4A,0xA3,0x4D,0xBC,0x0C,0xBC,0xEC,0xBB,0xEC,0xBB,
    0xEC,0xBB,0x0C,0xBC,0x6E,0xC4,0xAE,0xCC,0xAE,0xCC,0xF4,0xDD,0x92,0xD5,0x8D,0xCC,
    0x6D,0xCC,0x10,0xCD,0x2D,0xC4,0xCF,0xCC,0xB4,0xCD,0xB4,0xBD,0x38,0xA6,0x58,0xAE,
    0x38,0xA6,0x38,0xA6,0x38,0xA6,0x38,0xA6,0x38,0xA6,0x38,0xA6,0x38,0xA6,0x38,0xA6,
    0x00,0x00,0x00,0x00,0x00,0x00,0x00,0x00,0x00,0x00,0x00,0x00,0x00,0x00,0x00,0x00,
    0x00,0x00,0x00,0x00,0x00,0x00,0x00,0x00,0x00,0x00,0x00,0x00,0x00,0x00,0x00,0x00,
    0x00,0x00,0x00,0x00,0x00,0x00,0x00,0x00,0x38,0xA6,0x38,0xA6,0x38,0xA6,0x38,0xA6,
    0x38,0xA6,0x38,0xA6,0x38,0xA6,0x38,0xA6,0x38,0xA6,0x38,0xA6,0x38,0xA6,0xB6,0x9D,
    0x38,0xA6,0x34,0x95,0x4D,0x8C,0xCF,0x9C,0xAB,0x6B,0xE9,0x52,0xE8,0x52,0xE8,0x52,
    0x6A,0x6B,0x09,0x5B,0xC8,0x52,0x8E,0x9C,0x14,0xD6,0xD3,0xCD,0x35,0xD6,0x76,0xDE,
    0x76,0xDE,0x76,0xDE,0x97,0xDE,0xF4,0xCD,0x71,0xBD,0xEB,0x93,0x4A,0xA3,0xC9,0x9A,
    0xC8,0x9A,0x6A,0xA3,0xAB,0xAB,0xCB,0xB3,0xEC,0xB3,0xEC,0xB3,0xEB,0xB3,0xCB,0xB3,
    0xCB,0xB3,0xCB,0xB3,0xEC,0xBB,0x10,0xCD,0x0F,0xCD,0xB8,0xE6,0x77,0xDE,0x8D,0xCC,
    0x50,0xD5,0xCF,0xCC,0xEC,0xC3,0x8F,0xCC,0x52,0xC5,0xF7,0xA5,0x38,0xA6,0x57,0xAE,
    0x38,0xA6,0x38,0xA6,0x38,0xA6,0x38,0xA6,0x38,0xA6,0x38,0xA6,0x38,0xA6,0x38,0xA6,
    0x00,0x00,0x00,0x00,0x00,0x00,0x00,0x00,0x00,0x00,0x00,0x00,0x00,0x00,0x00,0x00,
    0x00,0x00,0x00,0x00,0x00,0x00,0x00,0x00,0x00,0x00,0x00,0x00,0x00,0x00,0x00,0x00,
    0x00,0x00,0x00,0x00,0x00,0x00,0x38,0xA6,0x38,0xA6,0x38,0xA6,0x38,0xA6,0x38,0xA6,
    0x38,0xA6,0x38,0xA6,0x38,0xA6,0x38,0xA6,0x38,0xA6,0x38,0xA6,0xB6,0x9D,0x38,0xA6,
    0x0F,0x6C,0xCF,0x9C,0x31,0xA5,0x4A,0x63,0xE9,0x52,0x09,0x5B,0xA8,0x4A,0x29,0x63,
    0xA8,0x52,0x09,0x53,0xC8,0x52,0x8E,0xA4,0x14,0xCE,0xD3,0xCD,0xF4,0xCD,0x96,0xDE,
    0x76,0xDE,0x76,0xDE,0x76,0xDE,0x97,0xDE,0xD3,0xC5,0x6A,0x8B,0x6B,0xA3,0xE8,0x9A,
    0xE9,0x9A,0x4A,0xA3,0xCC,0xAB,0xCC,0xB3,0xEC,0xB3,0x0C,0xBC,0xAB,0xB3,0xCB,0xB3,
    0xCB,0xB3,0xCB,0xB3,0xCB,0xB3,0x4D,0xC4,0x4D,0xC4,0xAE,0xCC,0x8E,0xCC,0x8E,0xCC,
    0x0F,0xD5,0x30,0xD5,0xEC,0xBB,0xCC,0xC3,0xD0,0xC4,0x74,0xB5,0x38,0xA6,0xF7,0xAD,
    0x38,0xA6,0x38,0xA6,0x38,0xA6,0x38,0xA6,0x38,0xA6,0x38,0xA6,0x38,0xA6,0x38,0xA6,
    0x00,0x00,0x00,0x00,0x00,0x00,0x00,0x00,0x00,0x00,0x00,0x00,0x00,0x00,0x00,0x00,
    0x00,0x00,0x00,0x00,0x00,0x00,0x00,0x00,0x00,0x00,0x00,0x00,0x00,0x00,0x00,0x00,
    0x00,0x00,0x00,0x00,0x00,0x00,0x38,0xA6,0x38,0xA6,0x38,0xA6,0x38,0xA6,0x38,0xA6,
    0x38,0xA6,0x38,0xA6,0x38,0xA6,0x38,0xA6,0x38,0xA6,0xB5,0x9D,0x38,0xA6,0x6C,0x63,
    0xAF,0x9C,0x34,0xC6,0x8A,0x63,0x6A,0x5B,0x6A,0x63,0xE8,0x52,0x09,0x5B,0x09,0x5B,
    0xC8,0x52,0xC8,0x4A,0xCB,0x7B,0x6E,0x9C,0xD3,0xC5,0x35,0xD6,0xD3,0xCD,0x76,0xDE,
    0xB7,0xDE,0xB7,0xDE,0x97,0xDE,0x97,0xDE,0xD3,0xCD,0xCB,0x93,0xAC,0xAB,0x29,0xA3,
    0xC8,0x9A,0x2A,0xA3,0x6A,0xA3,0xAB,0xAB,0x0C,0xB4,0xCB,0xB3,0xEC,0xB3,0xCC,0xB3,
    0xEC,0xB3,0xEC,0xBB,0x2D,0xBC,0xCC,0xB3,0xCB,0xB3,0x4D,0xC4,0x6D,0xC4,0x6D,0xC4,
    0xEE,0xCC,0x2F,0xCD,0x0C,0xBC,0x6A,0xB3,0x6E,0xBC,0x94,0xB5,0x38,0xA6,0xF7,0xAD,
    0x38,0xA6,0x38,0xA6,0x38,0xA6,0x38,0xA6,0x38,0xA6,0x38,0xA6,0x38,0xA6,0x38,0xA6,
    0x00,0x00,0x00,0x00,0x00,0x00,0x00,0x00,0x00,0x00,0x00,0x00,0x00,0x00,0x00,0x00,
    0x00,0x00,0x00,0x00,0x00,0x00,0x00,0x00,0x00,0x00,0x00,0x00,0x00,0x00,0x00,0x00,
    0x00,0x00,0x00,0x00,0x38,0xA6,0x38,0xA6,0x38,0xA6,0x38,0xA6,0x38,0xA6,0x38,0xA6,
    0x38,0xA6,0x38,0xA6,0x38,0xA6,0x38,0xA6,0xB5,0x9D,0x38,0xA6,0x2E,0x7C,0xCF,0xA4,
    0xD3,0xBD,0xCB,0x6B,0x29,0x5B,0x8A,0x63,0x29,0x5B,0xC8,0x4A,0x4A,0x6B,0xA8,0x4A,
    0x4A,0x5B,0xE9,0x52,0xCF,0xA4,0x10,0xAD,0xD3,0xC5,0x55,0xD6,0x97,0xDE,0x35,0xD6,
    0xB2,0xCD,0x76,0xDE,0x97,0xDE,0xB8,0xDE,0x56,0xD6,0x8B,0x8B,0x8B,0xA3,0x6B,0xA3,
    0x09,0x9B,0xE9,0x9A,0x29,0xA3,0x4A,0xA3,0xAB,0xAB,0xEC,0xB3,0xEC,0xB3,0x0C,0xBC,
    0xEC,0xBB,0xEC,0xBB,0xEC,0xBB,0x6A,0xAB,0x8A,0xB3,0x8A,0xB3,0x2C,0xC4,0x4C,0xC4,
    0xEF,0xCC,0x0F,0xCD,0xEC,0xBB,0x4A,0xB3,0xEC,0xB3,0xD0,0x9C,0xF7,0x9D,0x17,0xAE,
    0x38,0xA6,0x38,0xA6,0x38,0xA6,0x38,0xA6,0x38,0xA6,0x38,0xA6,0x38,0xA6,0x38,0xA6,
    0x38,0xA6,0x00,0x00,0x00,0x00,0x00,0x00,0x00,0x00,0x00,0x00,0x00,0x00,0x00,0x00,
    0x00,0x00,0x00,0x00,0x00,0x00,0x00,0x00,0x00,0x00,0x00,0x00,0x00,0x00,0x00,0x00,
    0x00,0x00,0x38,0xA6,0x38,0xA6,0x38,0xA6,0x38,0xA6,0x38,0xA6,0x38,0xA6,0x38,0xA6,
    0x38,0xA6,0x38,0xA6,0x38,0xA6,0xF7,0xA5,0x38,0xA6,0x6F,0x84,0xCF,0x9C,0x10,0xA5,
    0x49,0x63,0x29,0x5B,0x29,0x5B,0x09,0x5B,0xA8,0x4A,0x49,0x63,0xE9,0x5A,0x09,0x5B,
    0x4A,0x5B,0x8B,0x6B,0xB2,0xC5,0x92,0xC5,0xF4,0xCD,0x35,0xD6,0x77,0xDE,0x97,0xDE,
    0x76,0xDE,0x76,0xDE,0x35,0xD6,0xF4,0xCD,0x14,0xD6,0xF0,0xAC,0x2A,0x93,0xAC,0xAB,
    0x4A,0xA3,0xE9,0xA2,0xE9,0xA2,0x09,0x9B,0x2A,0xA3,0x6B,0xAB,0x4A,0xAB,0x8A,0xAB,
    0xEC,0xB3,0x2D,0xBC,0xEC,0xBB,0xCB,0xB3,0xCB,0xB3,0xCB,0xB3,0xAB,0xB3,0x0C,0xBC,
    0xAE,0xC4,0x8E,0xC4,0xEC,0xBB,0xAC,0xB3,0xAB,0xA3,0x93,0xB5,0x38,0xA6,0x57,0xAE,
    0x38,0xA6,0x38,0xA6,0x38,0xA6,0x38,0xA6,0x38,0xA6,0x38,0xA6,0x38,0xA6,0x38,0xA6,
    0x38,0xA6,0x00,0x00,0x00,0x00,0x00,0x00,0x00,0x00,0x00,0x00,0x00,0x00,0x00,0x00,
    0x00,0x00,0x00,0x00,0x00,0x00,0x00,0x00,0x00,0x00,0x00,0x00,0x00,0x00,0x00,0x00,
    0x38,0xA6,0x38,0xA6,0x38,0xA6,0x38,0xA6,0x38,0xA6,0x38,0xA6,0x38,0xA6,0x38,0xA6,
    0x38,0xA6,0x38,0xA6,0xB6,0x9D,0x38,0xA6,0xD1,0x94,0xCF,0x9C,0xAE,0x94,0x29,0x5B,
    0x6A,0x63,0x6A,0x63,0x29,0x5B,0x09,0x53,0x09,0x5B,0x69,0x6B,0xA8,0x4A,0x6A,0x63,
    0x29,0x5B,0x6E,0x94,0xD3,0xCD,0x31,0xB5,0xF4,0xCD,0xD3,0xCD,0xF4,0xCD,0x97,0xDE,
    0xD9,0xE6,0xF9,0xE6,0xB7,0xDE,0x15,0xD6,0xD3,0xCD,0xAF,0xA4,0x88,0x72,0x6A,0xA3,
    0xCC,0xAB,0x29,0xA3,0x09,0xA3,0xE9,0x9A,0xC9,0x9A,0x88,0x9A,0x0E,0xB4,0xCC,0xAB,
    0xAB,0xB3,0xAB,0xB3,0xAB,0xB3,0x8B,0xB3,0xAB,0xB3,0x6A,0xAB,0x49,0xAB,0x8A,0xB3,
    0xEC,0xBB,0xEC,0xBB,0x08,0xA3,0xF1,0xBC,0xB9,0xDE,0xAF,0xA4,0x71,0x8C,0xF7,0xA5,
    0xF7,0x9D,0x38,0xA6,0x38,0xA6,0x38,0xA6,0x38,0xA6,0x38,0xA6,0x38,0xA6,0x38,0xA6,
    0x38,0xA6,0x38,0xA6,0x00,0x00,0x00,0x00,0x00,0x00,0x00,0x00,0x00,0x00,0x00,0x00,
    0x00,0x00,0x00,0x00,0x00,0x00,0x00,0x00,0x00,0x00,0x00,0x00,0x00,0x00,0x00,0x00,
    0x38,0xA6,0x38,0xA6,0x38,0xA6,0x38,0xA6,0x38,0xA6,0x38,0xA6,0x38,0xA6,0x38,0xA6,
    0x38,0xA6,0xF7,0x9D,0x38,0xA6,0xB1,0x8C,0xAF,0x94,0xAE,0x94,0x6A,0x63,0x8A,0x63,
    0x09,0x5B,0x09,0x5B,0x09,0x5B,0x29,0x5B,0x4C,0x8C,0xE8,0x52,0x09,0x53,0x49,0x5B,
    0xE9,0x52,0xAE,0xA4,0xB2,0xCD,0x30,0xB5,0xD3,0xCD,0x35,0xD6,0x76,0xDE,0xB8,0xDE,
    0x97,0xDE,0x14,0xCE,0x92,0xC5,0xF4,0xCD,0x56,0xD6,0x56,0xD6,0x52,0xB5,0x4E,0xA4,
    0x2A,0x93,0x6B,0x9B,0x29,0x9B,0xA8,0x92,0xE9,0x92,0xB4,0xCD,0x16,0xD6,0x88,0x92,
    0xE9,0xA2,0x2A,0xA3,0x29,0xA3,0x4A,0xAB,0x4A,0xAB,0x29,0xAB,0x29,0xAB,0x6A,0xAB,
    0x6A,0xB3,0xCC,0xB3,0xD1,0xBC,0xAC,0xA3,0xD4,0xD5,0xD9,0xE6,0xCC,0x93,0x38,0xA6,
    0xF6,0xA5,0x38,0xA6,0x38,0xA6,0x38,0xA6,0x38,0xA6,0x38,0xA6,0x38,0xA6,0x38,0xA6,
    0x38,0xA6,0x38,0xA6,0x00,0x00,0x00,0x00,0x00,0x00,0x00,0x00,0x00,0x00,0x00,0x00,
    0x00,0x00,0x00,0x00,0x00,0x00,0x00,0x00,0x00,0x00,0x00,0x00,0x00,0x00,0x00,0x00,
    0x38,0xA6,0x38,0xA6,0x38,0xA6,0x38,0xA6,0x38,0xA6,0x38,0xA6,0x38,0xA6,0x38,0xA6,
    0x57,0xAE,0xF7,0x9D,0x33,0x8D,0x8E,0x8C,0xAE,0x94,0x29,0x5B,0x6A,0x63,0x8A,0x6B,
    0xAA,0x73,0x4C,0x94,0x4A,0x63,0x0C,0x7C,0x2C,0x84,0x87,0x42,0x29,0x5B,0x4A,0x63,
    0xA8,0x52,0x8A,0x83,0xB2,0xC5,0x30,0xB5,0x91,0xC5,0xF3,0xCD,0x56,0xD6,0xD8,0xE6,
    0x35,0xD6,0x14,0xCE,0x97,0xDE,0xD8,0xE6,0xB7,0xDE,0x97,0xDE,0xD7,0xE6,0xD8,0xE6,
    0x72,0xC5,0xB7,0xDE,0x2F,0x9C,0x88,0x82,0x36,0xDE,0x5A,0xEF,0x32,0xC5,0x4F,0xAC,
    0xF5,0xD5,0x57,0xD6,0x6B,0x9B,0xE9,0xA2,0x09,0xA3,0x2A,0xAB,0x29,0xAB,0x4A,0xAB,
    0xA8,0x9A,0x6B,0x9B,0xF5,0xCD,0x98,0xDE,0xFA,0xE6,0x7C,0xEF,0xD1,0xB4,0xED,0x83,
    0x38,0xA6,0xF7,0xA5,0x38,0xA6,0x38,0xA6,0x38,0xA6,0x38,0xA6,0x38,0xA6,0x38,0xA6,
    0x38,0xA6,0x38,0xA6,0x38,0xA6,0x00,0x00,0x00,0x00,0x00,0x00,0x00,0x00,0x00,0x00,
    0x00,0x00,0x00,0x00,0x00,0x00,0x00,0x00,0x00,0x00,0x00,0x00,0x00,0x00,0x00,0x00,
    0x38,0xA6,0x38,0xA6,0x38,0xA6,0x38,0xA6,0x38,0xA6,0x38,0xA6,0x38,0xA6,0x38,0xA6,
    0xB5,0x9D,0x38,0xA6,0x0D,0x84,0xEF,0x9C,0xAB,0x6B,0x0C,0x7C,0x8E,0x94,0x4C,0x84,
    0xAE,0x94,0x8A,0x6B,0x8A,0x6B,0xEE,0x9C,0xE8,0x52,0xE8,0x52,0x29,0x5B,0xE9,0x52,
    0x4A,0x6B,0x10,0xB5,0xCE,0xAC,0x71,0xBD,0x92,0xC5,0xB2,0xCD,0x55,0xD6,0x97,0xDE,
    0x97,0xDE,0xB7,0xDE,0xB7,0xDE,0x97,0xDE,0x97,0xDE,0x97,0xDE,0x76,0xDE,0x35,0xD6,
    0xD3,0xCD,0x35,0xD6,0x4E,0xAC,0xD4,0xCD,0xB8,0xE6,0x77,0xDE,0xB8,0xE6,0x19,0xEF,
    0x56,0xD6,0x4F,0xAC,0xEE,0xA3,0xE9,0xA2,0x09,0xA3,0x29,0xA3,0xC8,0x9A,0xE9,0xA2,
    0x87,0x8A,0xB0,0xB4,0xD3,0xD5,0xF4,0xDD,0x77,0xDE,0xD8,0xE6,0x11,0xBD,0x4E,0x9C,
    0x38,0xA6,0xF6,0xA5,0x38,0xA6,0x38,0xA6,0x38,0xA6,0x38,0xA6,0x38,0xA6,0x38,0xA6,
    0x38,0xA6,0x38,0xA6,0x38,0xA6,0x38,0xA6,0x00,0x00,0x00,0x00,0x00,0x00,0x00,0x00,
    0x00,0x00,0x00,0x00,0x00,0x00,0x00,0x00,0x00,0x00,0x00,0x00,0x00,0x00,0x00,0x00,
    0x38,0xA6,0x38,0xA6,0x38,0xA6,0x38,0xA6,0x38,0xA6,0x38,0xA6,0x38,0xA6,0xF7,0xA5,
    0x38,0xA6,0xED,0x73,0x0D,0x84,0x6E,0x8C,0xAE,0x94,0x6D,0x8C,0xCB,0x73,0xCB,0x73,
    0xEB,0x73,0x6A,0x63,0xCE,0x9C,0xAA,0x73,0x68,0x42,0xC8,0x52,0x09,0x53,0xA7,0x4A,
    0x0D,0x8C,0xD3,0xCD,0xB2,0xC5,0xB3,0xC5,0xB2,0xC5,0xF4,0xCD,0x76,0xDE,0x56,0xD6,
    0xF4,0xCD,0x76,0xDE,0x97,0xDE,0x97,0xDE,0x97,0xDE,0x97,0xDE,0x76,0xDE,0xF4,0xD5,
    0xB7,0xE6,0x51,0xC5,0x92,0xD5,0x56,0xDE,0x77,0xDE,0x77,0xDE,0x56,0xDE,0x35,0xDE,
    0x36,0xDE,0x57,0xDE,0x32,0xC5,0xE9,0x9A,0x29,0xA3,0xC9,0x9A,0x09,0x9B,0xE9,0x9A,
    0xE9,0x92,0xD0,0xB4,0x93,0xCD,0xF5,0xDD,0x14,0xDE,0xF4,0xD5,0xD0,0xBC,0xD0,0xAC,
    0x16,0xA6,0xF7,0x9D,0x57,0xAE,0x38,0xA6,0x38,0xA6,0x38,0xA6,0x38,0xA6,0x38,0xA6,
    0x38,0xA6,0x38,0xA6,0x38,0xA6,0x38,0xA6,0x38,0xA6,0x00,0x00,0x00,0x00,0x00,0x00,
    0x00,0x00,0x00,0x00,0x00,0x00,0x00,0x00,0x00,0x00,0x00,0x00,0x00,0x00,0x00,0x00,
    0x38,0xA6,0x38,0xA6,0x38,0xA6,0x38,0xA6,0x38,0xA6,0x38,0xA6,0xF5,0x9D,0xF7,0x9D,
    0x33,0x9D,0x8B,0x6B,0x4D,0x84,0x0C,0x7C,0xAB,0x6B,0x6A,0x63,0xAB,0x6B,0x4D,0x7C,
    0xEC,0x73,0x2C,0x7C,0xCE,0x9C,0xA8,0x4A,0xE9,0x52,0xC8,0x4A,0x67,0x42,0x0D,0x8C,
    0x92,0xBD,0xCF,0xAC,0x92,0xC5,0x72,0xBD,0xEF,0xAC,0x14,0xD6,0xF3,0xCD,0xD3,0xCD,
    0xB2,0xC5,0xF4,0xCD,0x97,0xDE,0x97,0xDE,0x97,0xDE,0x97,0xDE,0x55,0xDE,0x14,0xD6,
    0x97,0xDE,0x10,0xBD,0x93,0xCD,0xD4,0xD5,0x36,0xDE,0x36,0xDE,0x56,0xDE,0x15,0xD6,
    0x15,0xD6,0xF4,0xD5,0x4F,0xAC,0x2A,0x9B,0x8B,0xAB,0x8B,0xA3,0xAC,0xAB,0x6B,0xA3,
    0x88,0x82,0x4F,0xAC,0x56,0xE6,0x35,0xE6,0xF4,0xDD,0xD0,0xB4,0x6F,0xA4,0xAC,0x83,
    0xF5,0xA5,0x38,0xA6,0xD6,0x9D,0x38,0xA6,0x38,0xA6,0x38,0xA6,0x38,0xA6,0x38,0xA6,
    0x38,0xA6,0x38,0xA6,0x38,0xA6,0x38,0xA6,0x38,0xA6,0x38,0xA6,0x00,0x00,0x00,0x00,
    0x00,0x00,0x00,0x00,0x00,0x00,0x00,0x00,0x00,0x00,0x00,0x00,0x00,0x00,0x00,0x00,
    0x38,0xA6,0x38,0xA6,0x38,0xA6,0x38,0xA6,0x38,0xA6,0x38,0xA6,0xF6,0x95,0x38,0xA6,
    0x8C,0x6B,0xCC,0x73,0xCB,0x6B,0xCC,0x73,0x2C,0x7C,0x0C,0x7C,0x0C,0x74,0x2D,0x7C,
    0x0C,0x74,0xCE,0x94,0xEB,0x7B,0xE9,0x52,0xC8,0x52,0x46,0x42,0x4A,0x6B,0x92,0xC5,
    0x72,0xBD,0x72,0xBD,0x51,0xBD,0x72,0xBD,0x10,0xAD,0xB2,0xC5,0xD3,0xCD,0xD3,0xC5,
    0xD3,0xCD,0xD3,0xCD,0x14,0xCE,0x76,0xDE,0x55,0xD6,0x34,0xD6,0xB2,0xC5,0x97,0xDE,
    0xB3,0xC5,0xD0,0xBC,0xB3,0xD5,0xD4,0xD5,0x35,0xDE,0x56,0xDE,0x35,0xDE,0x35,0xDE,
    0x35,0xDE,0xB0,0xB4,0x2A,0x93,0x0D,0xAC,0x4E,0xB4,0x0D,0xB4,0xCC,0xAB,0x2A,0x8B,
    0xE9,0x6A,0x8B,0x83,0xED,0x93,0x8F,0xA4,0x0D,0x94,0x6A,0x7B,0x4A,0x73,0xEC,0x83,
    0x14,0xC6,0x95,0x95,0x38,0xA6,0xF7,0xA5,0x38,0xA6,0x38,0xA6,0x38,0xA6,0x38,0xA6,
    0x38,0xA6,0x38,0xA6,0x38,0xA6,0x38,0xA6,0x38,0xA6,0x38,0xA6,0x00,0x00,0x00,0x00,
    0x00,0x00,0x00,0x00,0x00,0x00,0x00,0x00,0x00,0x00,0x00,0x00,0x00,0x00,0x00,0x00,
    0x38,0xA6,0x38,0xA6,0x38,0xA6,0x38,0xA6,0x38,0xA6,0xF7,0x9D,0x38,0xA6,0xB0,0x8C,
    0x8B,0x6B,0xEC,0x73,0xAB,0x6B,0xEC,0x73,0x8D,0x94,0xEC,0x7B,0x0C,0x7C,0x2C,0x7C,
    0x2C,0x7C,0xCD,0x9C,0x09,0x5B,0xC8,0x52,0x29,0x63,0x6E,0x94,0x30,0xB5,0x51,0xB5,
    0xB3,0xC5,0x72,0xBD,0x10,0xB5,0x92,0xC5,0x92,0xC5,0x10,0xB5,0x14,0xCE,0xD3,0xCD,
    0xF4,0xCD,0xF4,0xCD,0xF3,0xCD,0xF4,0xCD,0xF4,0xCD,0xB2,0xC5,0xB3,0xC5,0xD8,0xE6,
    0x11,0xB5,0x11,0xC5,0x93,0xCD,0x11,0xB5,0x4E,0x9C,0xF1,0xB4,0x11,0xBD,0x8F,0xA4,
    0xCC,0x9B,0x2A,0x9B,0x6B,0x9B,0xAB,0xA3,0x8B,0x9B,0xE9,0x7A,0x2A,0x73,0x2C,0x84,
    0xAE,0x94,0x8D,0x94,0xC8,0x5A,0x46,0x4A,0x8B,0x73,0x8E,0x94,0x0C,0x8C,0xD2,0xBD,
    0xAE,0x9C,0x4E,0x9C,0xB0,0x9C,0x38,0xA6,0x17,0xA6,0x38,0xA6,0x38,0xA6,0x38,0xA6,
    0x38,0xA6,0x38,0xA6,0x38,0xA6,0x38,0xA6,0x38,0xA6,0x38,0xA6,0x38,0xA6,0x00,0x00,
    0x00,0x00,0x00,0x00,0x00,0x00,0x00,0x00,0x00,0x00,0x00,0x00,0x00,0x00,0x00,0x00,
    0x38,0xA6,0x38,0xA6,0x38,0xA6,0x38,0xA6,0x38,0xA6,0xF6,0x95,0x38,0xA6,0x0D,0x7C,
    0xEC,0x73,0xCC,0x73,0xCB,0x6B,0x2C,0x84,0xEB,0x7B,0xEC,0x73,0x0C,0x7C,0xEC,0x73,
    0x8D,0x8C,0xAA,0x73,0x4A,0x63,0xCF,0xA4,0x51,0xB5,0x71,0xBD,0x72,0xBD,0xB2,0xC5,
    0x10,0xB5,0xEF,0xAC,0xB2,0xC5,0xF4,0xCD,0x55,0xD6,0xB2,0xC5,0x92,0xBD,0x35,0xD6,
    0xD3,0xCD,0xF4,0xCD,0xF4,0xCD,0xF4,0xCD,0xF4,0xCD,0x92,0xC5,0xF4,0xCD,0x97,0xDE,
    0xAC,0x8B,0x8B,0x8B,0x4A,0x73,0x6A,0x6B,0x6A,0x6B,0x4A,0x63,0xC8,0x52,0x87,0x4A,
    0x87,0x52,0x08,0x6B,0xAA,0x7B,0x29,0x6B,0x8B,0x73,0xAB,0x73,0x6A,0x63,0x2C,0x8C,
    0xAE,0x9C,0x50,0xAD,0x6D,0x8C,0xCB,0x7B,0x09,0x63,0xE8,0x5A,0xCB,0x7B,0x4C,0x8C,
    0x0B,0x7C,0x13,0xCE,0xF3,0xCD,0xF2,0x9C,0x38,0xA6,0x78,0xAE,0x38,0xA6,0x38,0xA6,
    0x38,0xA6,0x38,0xA6,0x38,0xA6,0x38,0xA6,0x38,0xA6,0x38,0xA6,0x38,0xA6,0x38,0xA6,
    0x00,0x00,0x00,0x00,0x00,0x00,0x00,0x00,0x00,0x00,0x00,0x00,0x00,0x00,0x00,0x00,
    0x38,0xA6,0x38,0xA6,0x38,0xA6,0x38,0xA6,0x57,0xAE,0x38,0xA6,0x33,0x95,0xAC,0x6B,
    0x0C,0x74,0xEC,0x73,0xEC,0x73,0xEB,0x73,0xCB,0x6B,0x2C,0x7C,0xEC,0x73,0x2D,0x7C,
    0xCB,0x7B,0xA8,0x4A,0x09,0x5B,0x10,0xAD,0xD3,0xC5,0xD3,0xC5,0xB3,0xC5,0xB3,0xC5,
    0x92,0xBD,0xD3,0xCD,0xF4,0xCD,0xF4,0xCD,0x92,0xC5,0x71,0xBD,0xEF,0xAC,0x51,0xB5,
    0x35,0xD6,0x14,0xCE,0xF4,0xCD,0xF4,0xCD,0xF4,0xCD,0x92,0xC5,0x92,0xC5,0x35,0xD6,
    0xEC,0x9B,0xCC,0x9B,0x29,0x63,0x0C,0x7C,0xCB,0x73,0x8B,0x6B,0xC8,0x52,0xE8,0x5A,
    0x09,0x5B,0x69,0x63,0x4C,0x84,0x2C,0x84,0xEC,0x7B,0x8A,0x6B,0xCB,0x7B,0xEF,0xA4,
    0x71,0xB5,0x10,0xAD,0xCE,0xA4,0x6D,0x94,0x51,0xAD,0xAF,0x9C,0x89,0x73,0x6C,0x8C,
    0x8D,0x94,0xB2,0xBD,0x38,0xEF,0x19,0xE7,0xB8,0xCE,0x38,0xA6,0x16,0xA6,0x38,0xA6,
    0x38,0xA6,0x38,0xA6,0x38,0xA6,0x38,0xA6,0x38,0xA6,0x38,0xA6,0x38,0xA6,0x38,0xA6,
    0x38,0xA6,0x00,0x00,0x00,0x00,0x00,0x00,0x00,0x00,0x00,0x00,0x00,0x00,0x00,0x00,
    0x38,0xA6,0x38,0xA6,0x38,0xA6,0x38,0xA6,0xB6,0x9D,0x38,0xA6,0x6B,0x63,0xEC,0x73,
    0x2D,0x7C,0xEC,0x73,0x0C,0x7C,0xCB,0x73,0xEC,0x73,0xCB,0x73,0xEC,0x73,0x2C,0x84,
    0xC8,0x52,0xC9,0x52,0xC8,0x4A,0xE9,0x5A,0x6E,0x94,0x2D,0x8C,0xD0,0xA4,0x15,0xCE,
    0xF4,0xCD,0xF4,0xCD,0xF4,0xCD,0x92,0xBD,0x0F,0xB5,0x10,0xAD,0x92,0xC5,0xEF,0xAC,
    0x8E,0x9C,0xF4,0xC5,0x55,0xD6,0xF4,0xCD,0x51,0xBD,0x72,0xBD,0xF4,0xD5,0x4E,0x9C,
    0xAB,0x8B,0xC9,0x62,0xE9,0x5A,0xAB,0x7B,0x2C,0x8C,0xAB,0x7B,0xCC,0x83,0xAB,0x7B,
    0x29,0x63,0xE8,0x5A,0x08,0x5B,0x8A,0x6B,0x8A,0x6B,0xEC,0x83,0x71,0xB5,0x13,0xCE,
    0x13,0xCE,0x13,0xCE,0x33,0xD6,0x33,0xD6,0x34,0xCE,0xD7,0xE6,0x71,0xB5,0x4C,0x8C,
    0xCE,0x9C,0x71,0xAD,0xD7,0xE6,0x17,0xE7,0xB6,0xE6,0x56,0xC6,0x38,0xA6,0x58,0xAE,
    0x38,0xA6,0x38,0xA6,0x38,0xA6,0x38,0xA6,0x38,0xA6,0x38,0xA6,0x38,0xA6,0x38,0xA6,
    0x38,0xA6,0x38,0xA6,0x00,0x00,0x00,0x00,0x00,0x00,0x00,0x00,0x00,0x00,0x00,0x00,
    0x38,0xA6,0x38,0xA6,0x38,0xA6,0x38,0xA6,0xF7,0x9D,0x16,0xA6,0x0A,0x5B,0x2D,0x7C,
    0xEC,0x73,0xCB,0x73,0x2D,0x7C,0xCB,0x73,0xCB,0x6B,0xCB,0x6B,0x0C,0x7C,0x09,0x5B,
    0x09,0x5B,0xC8,0x4A,0xE9,0x52,0xC8,0x4A,0x47,0x42,0x09,0x63,0xD4,0xC5,0xF4,0xCD,
    0xD3,0xC5,0xF4,0xCD,0x14,0xCE,0xF4,0xCD,0xB3,0xC5,0xB2,0xC5,0xF3,0xCD,0x4E,0x8C,
    0xCF,0xA4,0x8E,0x9C,0x10,0xAD,0xB3,0xC5,0xD3,0xCD,0x55,0xDE,0xF0,0xAC,0x26,0x4A,
    0xA8,0x52,0xCB,0x7B,0x30,0xAD,0xB2,0xC5,0xD2,0xC5,0x50,0xB5,0x91,0xBD,0xD2,0xC5,
    0x10,0xAD,0x2D,0x8C,0x09,0x5B,0xC8,0x52,0x2C,0x8C,0x71,0xB5,0x91,0xB5,0x91,0xBD,
    0xF2,0xC5,0x13,0xCE,0x6E,0x9C,0x10,0xB5,0x51,0xBD,0xB2,0xC5,0x96,0xDE,0x97,0xD6,
    0x0F,0xA5,0x50,0xAD,0x75,0xD6,0x74,0xDE,0x74,0xDE,0x95,0xDE,0x72,0xAD,0x38,0xA6,
    0x58,0xAE,0x38,0xA6,0x38,0xA6,0x38,0xA6,0x38,0xA6,0x38,0xA6,0x38,0xA6,0x38,0xA6,
    0x38,0xA6,0x38,0xA6,0x38,0xA6,0x38,0xA6,0x00,0x00,0x00,0x00,0x00,0x00,0x00,0x00,
    0x38,0xA6,0x38,0xA6,0x38,0xA6,0x15,0xA6,0xD6,0x9D,0x0F,0x74,0x2A,0x5B,0x0C,0x74,
    0xAB,0x6B,0x0C,0x74,0x2D,0x7C,0xCC,0x6B,0xCB,0x6B,0x0C,0x7C,0x29,0x63,0xE9,0x52,
    0x2A,0x5B,0xE9,0x52,0x67,0x42,0xC9,0x52,0xC8,0x52,0xB3,0xC5,0x35,0xD6,0xB3,0xC5,
    0xD3,0xC5,0xF4,0xCD,0x14,0xCE,0xF4,0xCD,0x35,0xD6,0xD3,0xC5,0x8B,0x73,0xAB,0x73,
    0xB2,0xBD,0x71,0xB5,0x92,0xBD,0x2D,0x8C,0x8B,0x7B,0x8E,0x94,0xE8,0x5A,0x8A,0x6B,
    0xCE,0x9C,0x91,0xBD,0xB2,0xBD,0x50,0xB5,0xEF,0xA4,0x91,0xBD,0xEF,0xAC,0xAE,0xA4,
    0x50,0xBD,0x2D,0x94,0x0C,0x8C,0xEC,0x7B,0x10,0xA5,0xB2,0xBD,0xD2,0xBD,0x30,0xAD,
    0x6E,0x9C,0x8F,0xAC,0xAF,0xB4,0x31,0xC5,0x72,0xC5,0x92,0xC5,0x8F,0xA4,0xB3,0xC5,
    0x35,0xCE,0x10,0xAD,0xF2,0xC5,0x54,0xD6,0xF2,0xCD,0x54,0xD6,0xD2,0xC5,0xF0,0x9C,
    0x38,0xA6,0x16,0xA6,0x38,0xA6,0x38,0xA6,0x38,0xA6,0x38,0xA6,0x38,0xA6,0x38,0xA6,
    0x38,0xA6,0x38,0xA6,0x38,0xA6,0x38,0xA6,0x38,0xA6,0x38,0xA6,0x00,0x00,0x00,0x00,
    0x38,0xA6,0x38,0xA6,0x57,0xAE,0x38,0xA6,0x38,0xA6,0x90,0x84,0xCC,0x6B,0x0C,0x74,
    0x8B,0x63,0x0D,0x7C,0x2D,0x7C,0xEC,0x73,0x0C,0x7C,0x29,0x63,0x09,0x5B,0x09,0x5B,
    0xC8,0x52,0xC8,0x52,0x29,0x5B,0xE9,0x52,0x4A,0x63,0x8F,0x94,0x56,0xD6,0x35,0xD6,
    0xF4,0xCD,0xD3,0xC5,0xF4,0xCD,0xB3,0xC5,0x2D,0x8C,0xC8,0x5A,0x66,0x4A,0xB2,0xBD,
    0xF4,0xCD,0xB3,0xC5,0x92,0xBD,0x6A,0x6B,0x29,0x5B,0xAA,0x73,0xAE,0x94,0x70,0xB5,
    0x90,0xB5,0x30,0xAD,0xB1,0xBD,0xAE,0xA4,0xD0,0xB4,0x52,0xC5,0xF0,0xB4,0x72,0xC5,
    0xB3,0xCD,0x52,0xC5,0x11,0xB5,0xCF,0xAC,0x2C,0x8C,0xD2,0xBD,0xD2,0xBD,0x8F,0xA4,
    0x10,0xC5,0x10,0xC5,0xB3,0xD5,0x77,0xDE,0x97,0xE6,0xB8,0xE6,0xD9,0xE6,0xB4,0xC5,
    0x4D,0x9C,0x49,0x73,0xCE,0xA4,0x70,0xB5,0x91,0xBD,0x50,0xAD,0xB1,0xBD,0xEF,0xA4,
    0x58,0xAE,0x57,0xAE,0x38,0xA6,0x38,0xA6,0x38,0xA6,0x38,0xA6,0x38,0xA6,0x38,0xA6,
    0x38,0xA6,0x38,0xA6,0x38,0xA6,0x38,0xA6,0x38,0xA6,0x38,0xA6,0x38,0xA6,0x38,0xA6,
    0x38,0xA6,0xF7,0xA5,0x38,0xA6,0x77,0xBE,0xF1,0x9C,0xB0,0x94,0xEC,0x73,0xEC,0x73,
    0x8B,0x6B,0x0D,0x7C,0x0D,0x7C,0xEC,0x73,0x29,0x63,0x6B,0x6B,0x8B,0x6B,0xA8,0x4A,
    0xA8,0x4A,0x2A,0x5B,0x29,0x5B,0x6A,0x63,0xEC,0x73,0xAB,0x6B,0xCC,0x73,0xEC,0x7B,
    0xE9,0x5A,0xEC,0x93,0x6E,0x9C,0xAC,0x73,0x06,0x3A,0x67,0x4A,0x8A,0x73,0x51,0xAD,
    0xF4,0xC5,0x6E,0x94,0x0C,0x84,0x0C,0x7C,0x6D,0x8C,0x70,0xB5,0xB1,0xBD,0x91,0xB5,
    0x70,0xB5,0x70,0xB5,0x70,0xB5,0xAF,0xAC,0x93,0xCD,0x15,0xDE,0x77,0xDE,0x97,0xE6,
    0x97,0xE6,0x97,0xE6,0xB7,0xE6,0x77,0xDE,0x32,0xAD,0x8A,0x7B,0x2D,0x9C,0xF0,0xBC,
    0x31,0xC5,0xB3,0xCD,0x77,0xDE,0x77,0xDE,0x77,0xDE,0x76,0xDE,0x35,0xDE,0x97,0xE6,
    0xB4,0xC5,0x6D,0x9C,0x71,0xB5,0x92,0xB5,0x71,0xB5,0x50,0xAD,0x91,0xB5,0x30,0xAD,
    0xB5,0xA5,0x38,0xA6,0xF7,0xA5,0x38,0xA6,0x38,0xA6,0x38,0xA6,0x38,0xA6,0x38,0xA6,
    0x38,0xA6,0x38,0xA6,0x38,0xA6,0x38,0xA6,0x38,0xA6,0x38,0xA6,0x38,0xA6,0x38,0xA6,
    0x38,0xA6,0x38,0xA6,0x94,0x9D,0x2D,0x84,0x8F,0x8C,0x0D,0x7C,0xEC,0x73,0xAB,0x6B,
    0xCC,0x6B,0xCC,0x73,0x0D,0x74,0xE9,0x5A,0x4B,0x6B,0xCD,0x73,0x8B,0x6B,0xA8,0x4A,
    0xC9,0x52,0x2A,0x5B,0x4A,0x63,0xEC,0x73,0xEC,0x73,0x0C,0x74,0xCB,0x6B,0x6A,0x63,
    0x6A,0x6B,0x6B,0x73,0xE9,0x5A,0xA8,0x4A,0x09,0x53,0x09,0x5B,0x4D,0x8C,0xCB,0x73,
    0x0C,0x84,0x2D,0x84,0x8E,0x8C,0x4D,0x8C,0x30,0xAD,0x70,0xB5,0x71,0xB5,0x0F,0xAD,
    0xEF,0xA4,0x0F,0xAD,0x4D,0x9C,0x10,0xC5,0xF4,0xD5,0x77,0xDE,0x77,0xDE,0x97,0xDE,
    0x77,0xDE,0x77,0xDE,0x77,0xDE,0x77,0xDE,0xD8,0xE6,0xD5,0xCD,0x8E,0xB4,0x31,0xCD,
    0x72,0xCD,0x56,0xDE,0x77,0xDE,0x76,0xDE,0x76,0xDE,0x77,0xDE,0x56,0xDE,0xF4,0xDD,
    0x56,0xDE,0x52,0xBD,0x71,0xC5,0xB2,0xBD,0x91,0xB5,0x71,0xAD,0x50,0xAD,0x91,0xB5,
    0x31,0xA5,0x38,0xA6,0x16,0xA6,0x38,0xA6,0x38,0xA6,0x38,0xA6,0x38,0xA6,0x38,0xA6,
    0x38,0xA6,0x38,0xA6,0x38,0xA6,0x38,0xA6,0x38,0xA6,0x38,0xA6,0x38,0xA6,0x38,0xA6,
    0x38,0xA6,0xD1,0x94,0x4D,0x84,0xF0,0xA4,0x31,0xA5,0xAC,0x6B,0xCC,0x6B,0xAB,0x6B,
    0xCC,0x6B,0xCC,0x6B,0xE9,0x5A,0x4B,0x6B,0x2E,0x7C,0x8C,0x6B,0x09,0x5B,0x88,0x4A,
    0x8B,0x6B,0xE9,0x52,0xAB,0x6B,0xEC,0x73,0xCB,0x73,0xCB,0x6B,0xEC,0x73,0x2D,0x84,
    0xEC,0x73,0xE8,0x52,0xE9,0x52,0x29,0x5B,0x29,0x5B,0xCB,0x73,0xAE,0x94,0x8E,0x8C,
    0x8E,0x8C,0xAE,0x94,0x6D,0x8C,0x8D,0x94,0x2F,0xAD,0x50,0xAD,0x71,0xB5,0x50,0xAD,
    0x0C,0x94,0x4E,0xA4,0x11,0xBD,0xD3,0xD5,0x56,0xDE,0x56,0xDE,0x77,0xDE,0x77,0xDE,
    0x77,0xDE,0x97,0xDE,0x97,0xDE,0x77,0xDE,0x56,0xDE,0x97,0xE6,0xD4,0xCD,0x8E,0xB4,
    0x35,0xDE,0x97,0xDE,0x56,0xDE,0x56,0xDE,0x56,0xDE,0x56,0xDE,0x56,0xDE,0xB3,0xD5,
    0xB3,0xD5,0x93,0xC5,0x8B,0x83,0xD2,0xC5,0x91,0xB5,0x71,0xAD,0x10,0xA5,0x71,0xAD,
    0xEF,0xA4,0x38,0xA6,0xF7,0x9D,0x38,0xA6,0xF7,0x9D,0x58,0xAE,0x57,0xAE,0x38,0xA6,
    0x38,0xA6,0x38,0xA6,0x38,0xA6,0x38,0xA6,0x38,0xA6,0x38,0xA6,0x38,0xA6,0x38,0xA6,
    0x38,0xA6,0x90,0x8C,0xCC,0x73,0xAF,0x94,0xD0,0x9C,0xED,0x7B,0x8B,0x63,0xEC,0x73,
    0x0D,0x74,0x88,0x4A,0xE9,0x5A,0xAC,0x73,0x6B,0x6B,0x2A,0x5B,0x47,0x4A,0x8B,0x6B,
    0x6B,0x63,0x2A,0x5B,0x0C,0x7C,0x0C,0x7C,0xAB,0x6B,0xEC,0x73,0xAB,0x6B,0xEC,0x7B,
    0x4A,0x63,0x6A,0x63,0xEB,0x73,0x2C,0x7C,0xAB,0x6B,0x8E,0x8C,0xAE,0x94,0xAE,0x94,
    0x8E,0x8C,0x6D,0x8C,0x8E,0x8C,0xEF,0xA4,0x0F,0xA5,0x70,0xB5,0x70,0xB5,0x70,0xB5,
    0xAF,0xAC,0xB3,0xD5,0xB3,0xD5,0x56,0xDE,0x56,0xDE,0x56,0xDE,0x76,0xDE,0x76,0xDE,
    0x77,0xDE,0x77,0xDE,0x77,0xDE,0x77,0xDE,0x56,0xDE,0x35,0xDE,0x97,0xDE,0x11,0xBD,
    0x51,0xCD,0xF5,0xD5,0x77,0xDE,0x56,0xDE,0x56,0xDE,0x56,0xDE,0xD3,0xD5,0xB3,0xD5,
    0x93,0xD5,0x35,0xDE,0x4A,0x6B,0xAE,0xA4,0xF3,0xCD,0x30,0xAD,0x10,0x9D,0x50,0xAD,
    0xCF,0x9C,0x38,0xA6,0xD6,0x9D,0x17,0xA6,0x38,0xA6,0x38,0xA6,0x38,0xA6,0x38,0xA6,
    0x58,0xAE,0x58,0xAE,0x38,0xA6,0x38,0xA6,0x38,0xA6,0x38,0xA6,0x38,0xA6,0x38,0xA6,
    0x38,0xA6,0x11,0xA5,0x8B,0x6B,0x0D,0x84,0xAF,0x94,0xAC,0x6B,0xAB,0x6B,0xCC,0x6B,
    0x2A,0x5B,0xE9,0x5A,0x8B,0x6B,0xCB,0x73,0xAB,0x6B,0x29,0x63,0x4A,0x6B,0xCC,0x73,
    0x2A,0x5B,0xCC,0x73,0x2D,0x84,0xEC,0x73,0x0C,0x7C,0xCC,0x73,0x4A,0x63,0xCB,0x73,
    0xEC,0x73,0x4D,0x7C,0x6D,0x84,0xEB,0x73,0xEC,0x73,0xCF,0x94,0xAE,0x94,0xAE,0x94,
    0xAE,0x94,0x8E,0x8C,0xEF,0x9C,0x30,0xAD,0x50,0xAD,0x30,0xAD,0x50,0xB5,0x70,0xB5,
    0xAF,0xAC,0xB3,0xD5,0xB3,0xCD,0xF4,0xD5,0xD4,0xD5,0x15,0xDE,0x77,0xDE,0x77,0xDE,
    0x56,0xDE,0x76,0xDE,0x76,0xDE,0x76,0xDE,0x76,0xDE,0x35,0xDE,0x76,0xDE,0x57,0xD6,
    0xF0,0xBC,0x10,0xC5,0xF5,0xD5,0x36,0xDE,0x36,0xDE,0xF4,0xD5,0x92,0xCD,0xB3,0xD5,
    0xB3,0xD5,0x35,0xDE,0x0D,0x84,0xCB,0x7B,0xB2,0xC5,0x10,0xAD,0xCF,0x94,0x30,0xA5,
    0x8E,0x94,0xD6,0xA5,0x38,0xA6,0x38,0xA6,0x58,0xAE,0xD5,0xAD,0xB4,0xA5,0x16,0xA6,
    0x38,0xA6,0x38,0xA6,0x56,0xAE,0x38,0xA6,0x38,0xA6,0x38,0xA6,0x38,0xA6,0x38,0xA6,
    0x38,0xA6,0xED,0x73,0x6B,0x6B,0xE9,0x52,0x6E,0x8C,0xCD,0x73,0x09,0x5B,0x6A,0x6B,
    0xAB,0x73,0xEC,0x7B,0xCB,0x73,0x0C,0x7C,0xCB,0x6B,0xAB,0x6B,0xCB,0x73,0x29,0x63,
    0x67,0x4A,0xCC,0x73,0x4D,0x84,0x2D,0x7C,0x0C,0x7C,0x4A,0x63,0x8B,0x6B,0x0C,0x7C,
    0x4D,0x84,0x4D,0x84,0x2D,0x7C,0x8A,0x63,0x2D,0x84,0xAE,0x94,0x8E,0x94,0x8E,0x8C,
    0x6D,0x8C,0xAE,0x94,0xEF,0x9C,0x0F,0xA5,0x0F,0xAD,0x0F,0xAD,0x91,0xBD,0xAE,0xA4,
    0xEC,0x9B,0xAF,0xBC,0xD0,0xB4,0x52,0xC5,0x72,0xCD,0x52,0xCD,0xD4,0xD5,0x56,0xDE,
    0x56,0xDE,0x56,0xDE,0x56,0xDE,0x76,0xDE,0x77,0xDE,0x77,0xDE,0x56,0xDE,0x77,0xDE,
    0x93,0xCD,0xD4,0xD5,0xF4,0xD5,0xF4,0xD5,0xF5,0xD5,0xB3,0xD5,0xB3,0xCD,0xB4,0xD5,
    0xD4,0xD5,0xF4,0xCD,0xCC,0x7B,0x8A,0x6B,0x2C,0x94,0x4D,0x94,0xAF,0x94,0x10,0xA5,
    0x2D,0x84,0x57,0xB6,0x31,0xA5,0xF0,0x9C,0xAF,0x94,0xEF,0x9C,0xB3,0xB5,0x38,0xA6,
    0xB4,0xA5,0x78,0xC6,0x38,0xA6,0x58,0xAE,0x38,0xA6,0x38,0xA6,0x38,0xA6,0x38,0xA6,
    0x38,0xA6,0x38,0xA6,0x4B,0x63,0x09,0x5B,0x8B,0x6B,0x6B,0x6B,0x8A,0x73,0x4D,0x8C,
    0x6A,0x63,0x4A,0x63,0xAB,0x6B,0xCC,0x73,0xCB,0x73,0xAB,0x6B,0x8B,0x6B,0x29,0x5B,
    0xE9,0x62,0xEB,0x83,0x0C,0x7C,0x4D,0x84,0xAB,0x73,0xAB,0x6B,0x4D,0x84,0x8E,0x94,
    0x4D,0x84,0x2D,0x7C,0xCC,0x73,0x4A,0x5B,0x4D,0x84,0x8E,0x8C,0x8E,0x8C,0x4D,0x84,
    0x6D,0x8C,0x8E,0x94,0xAE,0x94,0xCE,0x9C,0xAE,0x9C,0x0F,0xAD,0x30,0xAD,0xCC,0x83,
    0x6E,0xAC,0xD4,0xCD,0x36,0xD6,0x56,0xDE,0x56,0xDE,0x52,0xC5,0xF0,0xBC,0x35,0xDE,
    0x56,0xDE,0x56,0xDE,0x56,0xDE,0x35,0xDE,0x56,0xDE,0x56,0xDE,0x36,0xDE,0x36,0xDE,
    0x52,0xC5,0xF4,0xD5,0xD4,0xD5,0xD4,0xD5,0xD4,0xD5,0xD4,0xD5,0xD4,0xD5,0xD4,0xD5,
    0xF5,0xDD,0x32,0xB5,0x8B,0x6B,0x4A,0x63,0xAB,0x7B,0xCB,0x83,0xCB,0x73,0x8E,0x8C,
    0x4D,0x8C,0xAE,0x94,0xCF,0x9C,0x10,0xA5,0xEF,0x9C,0x10,0xA5,0x71,0xAD,0x14,0xC6,
    0x14,0xC6,0x71,0xB5,0xF0,0x94,0x38,0xA6,0xD5,0x9D,0x38,0xA6,0x38,0xA6,0x38,0xA6,
    0x38,0xA6,0x38,0xA6,0x4F,0x7C,0xE9,0x5A,0xC9,0x52,0xEC,0x7B,0x6D,0x8C,0x0C,0x7C,
    0x4D,0x8C,0xEC,0x7B,0xAB,0x6B,0xAB,0x6B,0xCB,0x73,0xAB,0x6B,0x6A,0x6B,0xC8,0x52,
    0x88,0x52,0xE8,0x5A,0xA8,0x4A,0xAB,0x73,0xA8,0x52,0x4A,0x6B,0x0C,0x7C,0x2D,0x7C,
    0xAB,0x6B,0xEC,0x73,0xEC,0x73,0x6A,0x63,0x4E,0x8C,0xCF,0x94,0xAE,0x94,0x2D,0x84,
    0xCC,0x7B,0x8E,0x94,0x8E,0x8C,0xCE,0x9C,0xAE,0x94,0x8E,0x94,0xCB,0x73,0xD0,0xAC,
    0x56,0xDE,0x97,0xDE,0x56,0xDE,0x56,0xDE,0x77,0xDE,0x56,0xDE,0xF5,0xD5,0x36,0xDE,
    0x56,0xDE,0x56,0xDE,0x35,0xDE,0xF4,0xDD,0xF4,0xD5,0xF5,0xD5,0x15,0xDE,0x15,0xD6,
    0x52,0xC5,0xB3,0xCD,0xB3,0xCD,0xB3,0xD5,0x71,0xCD,0x31,0xC5,0x72,0xC5,0x72,0xC5,
    0x15,0xDE,0xCC,0x83,0x8B,0x6B,0x8B,0x6B,0x2A,0x63,0x0C,0x84,0xAB,0x73,0x6A,0x6B,
    0x49,0x6B,0x2C,0x84,0x4D,0x84,0x2C,0x84,0x8E,0x8C,0xCF,0x9C,0x50,0xAD,0x91,0xB5,
    0xEF,0xA4,0x50,0xAD,0xCF,0x9C,0x8F,0x8C,0xF7,0x9D,0x58,0xAE,0x38,0xA6,0x38,0xA6,
    0x38,0xA6,0xB6,0x95,0x77,0xAE,0x0A,0x5B,0xCB,0x73,0xAE,0x9C,0x6D,0x8C,0x2C,0x84,
    0x4D,0x8C,0x4C,0x8C,0x2C,0x84,0xCB,0x73,0x4A,0x63,0x4C,0x8C,0xEB,0x83,0x09,0x5B,
    0xE9,0x52,0xC8,0x4A,0xA8,0x4A,0x26,0x42,0x4A,0x63,0x0C,0x7C,0x0C,0x7C,0xEC,0x73,
    0xCB,0x6B,0xAB,0x6B,0xEC,0x73,0x8B,0x6B,0x10,0xAD,0xCF,0x9C,0x2C,0x84,0xA8,0x52,
    0xEC,0x7B,0x8E,0x94,0x8E,0x94,0xEF,0x9C,0xEF,0x9C,0x6D,0x8C,0xB0,0x94,0xB4,0xCD,
    0x56,0xDE,0x56,0xDE,0x56,0xDE,0x56,0xDE,0x36,0xDE,0x36,0xDE,0x36,0xDE,0x56,0xDE,
    0x56,0xDE,0x56,0xDE,0xF5,0xDD,0xF4,0xD5,0xF4,0xD5,0xB3,0xD5,0x15,0xDE,0xD4,0xCD,
    0x72,0xC5,0xD4,0xD5,0xB3,0xD5,0x31,0xBD,0x72,0xBD,0xB4,0xC5,0xFA,0xDE,0x94,0xC5,
    0xCF,0xAC,0x2F,0x8C,0x4A,0x63,0x4A,0x63,0x4A,0x63,0xCB,0x73,0x6E,0x94,0x92,0xB5,
    0x10,0xAD,0xEF,0xA4,0xCF,0x9C,0xAE,0x94,0x8E,0x8C,0x4D,0x84,0x6E,0x8C,0x6D,0x8C,
    0xCF,0x9C,0x51,0xAD,0xB2,0xBD,0xD4,0xBD,0x38,0xA6,0xF6,0xA5,0x38,0xA6,0x38,0xA6,
    0x38,0xA6,0x16,0xA6,0x38,0xA6,0x2D,0x84,0x6D,0x8C,0x4D,0x84,0x6D,0x8C,0x2C,0x84,
    0x0C,0x7C,0x4D,0x8C,0x6D,0x8C,0xAB,0x73,0xCB,0x73,0x0C,0x84,0x4A,0x63,0x6A,0x63,
    0x6A,0x63,0x29,0x5B,0x88,0x4A,0xCC,0x73,0x6E,0x8C,0x2D,0x7C,0xEC,0x73,0xEC,0x73,
    0x0C,0x7C,0xEC,0x73,0x4A,0x63,0xE8,0x62,0x2C,0x84,0xCB,0x73,0x4A,0x63,0xE8,0x52,
    0x2D,0x84,0xCF,0x9C,0x0C,0x84,0xEC,0x83,0x2E,0x8C,0x4F,0x8C,0xF5,0xC5,0xD4,0xCD,
    0x36,0xDE,0x36,0xDE,0x36,0xD6,0x36,0xDE,0x36,0xD6,0x36,0xDE,0x36,0xDE,0x36,0xDE,
    0x36,0xDE,0x35,0xDE,0x15,0xD6,0xD4,0xD5,0xD4,0xD5,0xB3,0xD5,0x35,0xDE,0x12,0xB5,
    0xF0,0xB4,0x52,0xC5,0xF0,0xB4,0x94,0xBD,0xFA,0xDE,0xB9,0xDE,0x78,0xD6,0x36,0xCE,
    0x77,0xD6,0x7B,0xEF,0xB4,0xB5,0x49,0x63,0xEC,0x73,0x8A,0x6B,0x0C,0x84,0x4C,0x84,
    0x0F,0xA5,0x13,0xCE,0xB1,0xBD,0x0F,0xA5,0x30,0xA5,0x30,0xAD,0x70,0xBD,0xB2,0xC5,
    0x71,0xAD,0x0F,0x9D,0x30,0xA5,0x51,0xAD,0xB3,0xB5,0x57,0xAE,0xD7,0x9D,0x38,0xA6,
    0x38,0xA6,0x38,0xA6,0x2D,0x7C,0x2C,0x84,0x2D,0x84,0x4D,0x84,0x4D,0x84,0x4D,0x84,
    0x8D,0x94,0x6D,0x8C,0x4D,0x8C,0xEC,0x7B,0xEC,0x7B,0x6A,0x63,0x6A,0x63,0x8A,0x6B,
    0x8B,0x6B,0x29,0x5B,0xAB,0x6B,0x6E,0x8C,0x0C,0x7C,0x2D,0x7C,0x0C,0x7C,0x0C,0x7C,
    0xCB,0x73,0x8B,0x6B,0x09,0x5B,0x09,0x5B,0xAB,0x6B,0xCB,0x73,0xEC,0x73,0xEB,0x73,
    0xAB,0x6B,0xCB,0x73,0x09,0x63,0x4B,0x7B,0x12,0xAD,0x52,0xAD,0x57,0xCE,0xB3,0xCD,
    0xF5,0xD5,0x36,0xD6,0x15,0xD6,0x15,0xD6,0x15,0xD6,0x15,0xD6,0x15,0xD6,0x15,0xD6,
    0x35,0xDE,0x35,0xDE,0x15,0xD6,0xF4,0xD5,0xD4,0xD5,0x35,0xDE,0x52,0xBD,0x11,0xB5,
    0x93,0xC5,0x94,0xBD,0xB5,0xBD,0x16,0xC6,0xD4,0xC5,0xF2,0xCD,0x35,0xD6,0x98,0xD6,
    0x56,0xD6,0xD4,0xC5,0x32,0xAD,0xE8,0x5A,0xAB,0x73,0x4D,0x94,0x30,0xBD,0x30,0xAD,
    0x2C,0x84,0xAE,0x9C,0xEF,0xA4,0xCF,0x9C,0xCE,0x9C,0x91,0xC5,0x94,0xE6,0xB2,0xBD,
    0x71,0xAD,0x10,0xA5,0x71,0xAD,0x92,0xB5,0x31,0xA5,0x38,0xA6,0xF6,0xA5,0x38,0xA6,
    0x38,0xA6,0x4D,0x84,0x2D,0x84,0x0C,0x7C,0x2C,0x84,0x2C,0x84,0x2C,0x84,0x6D,0x8C,
    0x4D,0x84,0x0C,0x7C,0xEC,0x7B,0xEC,0x7B,0xAB,0x6B,0x4A,0x63,0x6A,0x63,0x4A,0x63,
    0xAB,0x6B,0x49,0x5B,0x6D,0x94,0x8D,0x8C,0x8D,0x8C,0x8E,0x8C,0x8D,0x8C,0x6D,0x84,
    0x0C,0x7C,0xCC,0x73,0x8A,0x73,0xEC,0x7B,0x0C,0x7C,0x2D,0x84,0x4D,0x84,0x6D,0x84,
    0x6D,0x8C,0x8E,0x8C,0xCC,0x7B,0x8B,0x8B,0x11,0xAD,0x73,0xB5,0x15,0xC6,0x93,0xC5,
    0xB3,0xD5,0xD4,0xCD,0xF4,0xD5,0xF5,0xD5,0xF5,0xD5,0xF4,0xD5,0xF5,0xD5,0xF4,0xD5,
    0xF4,0xD5,0x15,0xD6,0x15,0xD6,0x15,0xDE,0x15,0xDE,0xD0,0xB4,0xED,0x93,0x32,0xBD,
    0xF5,0xCD,0x78,0xD6,0x98,0xDE,0x77,0xD6,0xF5,0xC5,0x90,0xC5,0xF1,0xCD,0xF4,0xCD,
    0x77,0xD6,0x36,0xCE,0x2A,0x6B,0x0C,0x84,0xAE,0x9C,0x0F,0xB5,0xEF,0xCC,0xCE,0xBC,
    0x30,0xB5,0x6D,0x94,0xAB,0x73,0x4D,0x8C,0xCE,0xA4,0x91,0xCD,0x2F,0xAD,0x10,0xA5,
    0x50,0xA5,0x92,0xAD,0x10,0xA5,0x92,0xAD,0x31,0xA5,0x37,0xAE,0xD6,0x9D,0x38,0xA6,
    0x38,0xA6,0x8E,0x94,0xCE,0x94,0x6D,0x8C,0xAE,0x94,0xAE,0x94,0xAE,0x94,0x4D,0x84,
    0x2D,0x84,0x0C,0x7C,0xCB,0x73,0xAB,0x6B,0x8B,0x6B,0xCB,0x73,0x8B,0x6B,0xAB,0x6B,
    0x29,0x5B,0xC8,0x52,0xAE,0x94,0x8E,0x8C,0xCF,0x94,0xCF,0x94,0xCE,0x94,0xCE,0x94,
    0xCF,0x9C,0x4D,0x84,0x0C,0x84,0xCB,0x73,0x2D,0x84,0x4D,0x84,0x6E,0x8C,0xCE,0x94,
    0xAE,0x94,0xCE,0x94,0x0D,0x84,0x0D,0x9C,0xF1,0xAC,0x94,0xB5,0xF5,0xC5,0xD5,0xC5,
    0x31,0xC5,0xB4,0xCD,0xB4,0xCD,0xD4,0xCD,0xF4,0xD5,0xF4,0xD5,0xF4,0xD5,0x35,0xDE,
    0x35,0xDE,0xF5,0xD5,0xB3,0xCD,0x72,0xCD,0xD0,0xB4,0x4A,0x83,0xCF,0xB4,0x31,0xC5,
    0x77,0xDE,0x98,0xDE,0x77,0xDE,0xD4,0xC5,0xAF,0xA4,0x15,0xCE,0x3B,0xE7,0xB9,0xDE,
    0x4E,0x8C,0xED,0x83,0x6D,0x8C,0xAE,0x94,0x6D,0x8C,0xAE,0x94,0xAE,0xB4,0x4C,0xAC,
    0x6D,0x94,0xAB,0x83,0x4C,0x94,0x2C,0x8C,0x4C,0xAC,0xCE,0xC4,0x8E,0x94,0x71,0xAD,
    0x91,0xAD,0x92,0xAD,0x51,0xA5,0x51,0xA5,0xCF,0x94,0x11,0x95,0xB6,0x9D,0x38,0xA6,
    0x38,0xA6,0x6F,0x8C,0x6E,0x8C,0x6E,0x8C,0x4D,0x84,0x2D,0x84,0x4D,0x84,0x0C,0x7C,
    0x4D,0x84,0xEC,0x7B,0x6A,0x6B,0xAB,0x73,0xCB,0x73,0x0C,0x7C,0xAB,0x73,0xE8,0x5A,
    0x06,0x3A,0xE9,0x52,0xAE,0x94,0xAE,0x8C,0x8E,0x8C,0xCE,0x9C,0xEF,0xA4,0x30,0xAD,
    0x50,0xAD,0x4D,0x8C,0x2C,0x84,0xEB,0x7B,0x8E,0x8C,0xAE,0x94,0xAE,0x94,0xAE,0x94,
    0xCF,0x94,0xAE,0x94,0xCC,0x83,0x6E,0xAC,0x8F,0xAC,0xF5,0xC5,0x16,0xCE,0xD4,0xC5,
    0xD0,0xB4,0x51,0xC5,0xB3,0xCD,0xD4,0xD5,0x52,0xC5,0x11,0xBD,0x11,0xBD,0x11,0xB5,
    0x31,0xBD,0xD0,0xB4,0xB0,0xAC,0x32,0xB5,0xB0,0x94,0x67,0x4A,0x6A,0x7B,0x0D,0x94,
    0x4E,0x8C,0xED,0x83,0xAC,0x7B,0xF5,0xC5,0xD9,0xDE,0x73,0xAD,0x94,0xB5,0x98,0xD6,
    0x4A,0x6B,0x2C,0x84,0xCF,0x9C,0x30,0xAD,0x0F,0xA5,0xCF,0xA4,0x8D,0xAC,0x0F,0xB5,
    0x0C,0x94,0x0C,0xA4,0xCB,0x8B,0x2C,0x8C,0x6E,0xAC,0x34,0xDE,0xB2,0xD5,0x2C,0x8C,
    0xAF,0x94,0x51,0xA5,0x51,0xAD,0x51,0xAD,0x71,0xAD,0x72,0xAD,0x38,0xA6,0x38,0xA6,
    0x38,0xA6,0x38,0xA6,0x38,0xA6,0x38,0xA6,0x38,0xA6,0x38,0xA6,0x38,0xA6,0xE9,0x52,
    0x4A,0x63,0xC8,0x52,0xA8,0x52,0x4A,0x6B,0x09,0x5B,0xC8,0x52,0x47,0x42,0x67,0x42,
    0x88,0x42,0xE9,0x5A,0xCF,0x9C,0xAE,0x94,0x2C,0x84,0xAE,0x9C,0xEF,0x9C,0xCF,0x94,
    0x4D,0x84,0x2D,0x84,0x6D,0x8C,0xAE,0x9C,0x8E,0x94,0xAE,0x94,0xAE,0x94,0xAE,0x94,
    0xEF,0x9C,0x8D,0x94,0x06,0x42,0x88,0x52,0xA8,0x5A,0x6B,0x73,0x0E,0x84,0x11,0xA5,
    0x32,0xAD,0x2E,0x94,0xC9,0x62,0x2A,0x6B,0xED,0x83,0x94,0xB5,0xF6,0xC5,0xF6,0xC5,
    0xF6,0xC5,0x94,0xB5,0x33,0xA5,0xCD,0x73,0x88,0x4A,0xE8,0x5A,0x29,0x6B,0xA8,0x52,
    0x87,0x4A,0xC8,0x52,0x29,0x63,0x4E,0x8C,0x8F,0x94,0x8B,0x6B,0xCB,0x73,0x8E,0x8C,
    0xAE,0x94,0xCF,0x94,0xCF,0x94,0x10,0xA5,0x30,0xAD,0x0F,0xB5,0xCE,0xB4,0xAE,0xAC,
    0x0C,0x9C,0xEB,0xA3,0x0C,0x9C,0xEF,0xBC,0x34,0xDE,0x54,0xE6,0x70,0xD5,0x4D,0xA4,
    0x6F,0x74,0x8F,0x8C,0x8F,0x8C,0xAF,0x94,0xCF,0x9C,0xEF,0x9C,0xF6,0xB5,0x38,0xA6,
    0x38,0xA6,0x56,0xAE,0xF5,0xA5,0xF6,0xA5,0xF6,0xA5,0x57,0xAE,0x38,0xA6,0x38,0xA6,
    0x38,0xA6,0x95,0x95,0xCD,0x6B,0xEA,0x5A,0x2A,0x5B,0x8B,0x63,0xAC,0x6B,0x6B,0x63,
    0x2A,0x5B,0x4A,0x63,0xEF,0x9C,0x6D,0x8C,0xAE,0x94,0xCF,0x9C,0xCE,0x94,0x8E,0x94,
    0xEC,0x7B,0x4D,0x84,0x8E,0x8C,0xEE,0xA4,0x8E,0x94,0xCF,0x9C,0xAE,0x94,0xAE,0x94,
    0x50,0xB5,0x4A,0x6B,0xC9,0x4A,0xC9,0x52,0xA8,0x4A,0xA8,0x4A,0xA8,0x52,0x2A,0x63,
    0x88,0x4A,0x2A,0x63,0xED,0x7B,0xEC,0x7B,0xCB,0x73,0x2D,0x84,0xD0,0x9C,0xED,0x7B,
    0x0A,0x5B,0x8B,0x6B,0x8A,0x6B,0x49,0x63,0x4A,0x63,0xAB,0x73,0x2C,0x8C,0x4D,0x94,
    0x8B,0x73,0x4D,0x8C,0xCF,0x9C,0xAE,0x94,0xAE,0x94,0xEF,0x9C,0x10,0x9D,0xCF,0x94,
    0xAF,0x94,0xAE,0x94,0xAF,0x94,0xAF,0x9C,0xAE,0x94,0xCF,0x9C,0xAF,0x9C,0x4D,0x8C,
    0xAB,0x8B,0xEC,0xA3,0x6D,0xAC,0x0F,0xC5,0x91,0xCD,0x30,0xCD,0x30,0xCD,0xEF,0xBC,
    0x38,0xA6,0x38,0xA6,0x38,0xA6,0x38,0xA6,0xD1,0x9C,0xF0,0x9C,0x93,0xAD,0x38,0xA6,
    0x38,0xA6,0x38,0xA6,0x38,0xA6,0x38,0xA6,0x38,0xA6,0x38,0xA6,0x38,0xA6,0xF6,0x9D,
    0xB6,0x9D,0x38,0xA6,0x38,0xA6,0x6F,0x7C,0x6B,0x63,0xCC,0x6B,0x0D,0x7C,0xAC,0x6B,
    0x6B,0x63,0x2A,0x5B,0xAF,0x9C,0xCE,0x9C,0xCE,0x9C,0xEF,0x9C,0xCF,0x9C,0xAE,0x94,
    0x0C,0x7C,0x4D,0x84,0x4D,0x84,0x8D,0x94,0x8D,0x94,0xEF,0x9C,0xCE,0x94,0x70,0xB5,
    0xCB,0x83,0xA8,0x4A,0xC9,0x52,0x2A,0x5B,0xEC,0x73,0x4D,0x84,0x0D,0x84,0xAB,0x73,
    0xAF,0x94,0x92,0xAD,0xAE,0x94,0xAE,0x94,0xAE,0x94,0x6D,0x8C,0x2C,0x84,0x8E,0x9C,
    0x0C,0x84,0xAB,0x73,0xEC,0x7B,0x0C,0x7C,0x2D,0x84,0xEC,0x7B,0xEC,0x7B,0xAE,0x94,
    0xCE,0x9C,0xAB,0x73,0x8E,0x8C,0x10,0x9D,0x10,0xA5,0x50,0xA5,0x0F,0x9D,0x10,0xA5,
    0xFA,0xCE,0x51,0xAD,0x31,0xAD,0x58,0xAE,0x0D,0x84,0xEB,0x73,0xAB,0x6B,0xCC,0x6B,
    0x2C,0x8C,0xEF,0xBC,0x0F,0xBD,0x0F,0xBD,0x51,0xC5,0x91,0xC5,0x70,0xCD,0x0F,0xBD,
    0xF7,0xA5,0x74,0x9D,0x16,0xA6,0xF7,0x9D,0x38,0xA6,0x38,0xA6,0x38,0xA6,0x38,0xA6,
    0x38,0xA6,0x38,0xA6,0x38,0xA6,0x38,0xA6,0x38,0xA6,0x38,0xA6,0x38,0xA6,0x38,0xA6,
    0x38,0xA6,0xF7,0x9D,0xB6,0x9D,0x38,0xA6,0xF6,0xA5,0xED,0x73,0x8B,0x6B,0x8B,0x63,
    0xED,0x73,0x6B,0x63,0xEC,0x7B,0x70,0xAD,0x0F,0x9D,0xEF,0x9C,0xEF,0x9C,0xAE,0x94,
    0x2C,0x84,0x4D,0x84,0x4D,0x84,0xAE,0x94,0x6D,0x94,0xAE,0x94,0x71,0xB5,0xEC,0x83,
    0x47,0x42,0xE9,0x52,0x6B,0x63,0xCC,0x73,0xCB,0x6B,0xEC,0x73,0x2D,0x84,0x31,0xAD,
    0x31,0xA5,0xCF,0x9C,0xAE,0x94,0x4D,0x84,0x0C,0x7C,0x6E,0x8C,0xEC,0x7B,0x09,0x63,
    0x4A,0x6B,0x4D,0x8C,0xAE,0x94,0xAE,0x94,0xAE,0x94,0x92,0xB5,0x0F,0xA5,0xAE,0x94,
    0xEE,0x9C,0xEB,0x7B,0xAB,0x6B,0xAE,0x94,0x30,0xA5,0x51,0xAD,0x71,0xAD,0xAE,0x94,
    0xF1,0x9C,0x38,0xA6,0x38,0xA6,0x38,0xA6,0x8F,0x8C,0x6E,0x8C,0x36,0xB6,0x38,0xA6,
    0xB4,0xAD,0x30,0xB5,0x71,0xCD,0x10,0xC5,0x71,0xCD,0xF2,0xCD,0x91,0xC5,0x52,0xB5,
    0x38,0xA6,0xF7,0xAD,0x38,0xA6,0x38,0xA6,0xD6,0x9D,0xF5,0xA5,0x95,0x95,0x38,0xA6,
    0x38,0xA6,0x38,0xA6,0x38,0xA6,0x38,0xA6,0x38,0xA6,0x38,0xA6,0x38,0xA6,0x38,0xA6,
    0x38,0xA6,0x38,0xA6,0x38,0xA6,0xF7,0xA5,0x57,0xA6,0x38,0xA6,0x10,0x95,0x8F,0x84,
    0x8B,0x63,0xED,0x6B,0x8B,0x63,0x0C,0x84,0x71,0xAD,0xEF,0x9C,0xEF,0x9C,0x8E,0x94,
    0x8E,0x8C,0x8E,0x8C,0x8E,0x8C,0xAE,0x94,0x8D,0x9C,0xAE,0x9C,0xEC,0x83,0x68,0x4A,
    0xE9,0x52,0x4B,0x63,0xAC,0x6B,0x8B,0x6B,0x4E,0x84,0x8E,0x8C,0xF0,0x94,0x72,0xAD,
    0xAF,0x8C,0x8E,0x8C,0xB3,0xBD,0xAF,0x94,0x4D,0x84,0x2D,0x84,0x6B,0x6B,0x4B,0x6B,
    0xEA,0x5A,0x2A,0x63,0x0F,0x9D,0x10,0xA5,0xEF,0x9C,0x92,0xB5,0x91,0xB5,0xEE,0x9C,
    0x70,0xB5,0xAE,0x94,0x6D,0x8C,0xEF,0x9C,0x6D,0x8C,0x4D,0x8C,0xAE,0x94,0xD0,0x94,
    0x74,0x9D,0x16,0xA6,0xF7,0xA5,0x57,0xA6,0x38,0xA6,0x38,0xA6,0x38,0xA6,0x75,0x9D,
    0x38,0xA6,0x2E,0x84,0x0C,0x94,0x6E,0xAC,0xEF,0xB4,0xCF,0xA4,0x51,0xAD,0x38,0xA6,
    0x57,0xAE,0x38,0xA6,0x38,0xA6,0x38,0xA6,0x38,0xA6,0x38,0xA6,0x38,0xA6,0x38,0xA6,
    0x38,0xA6,0x38,0xA6,0x38,0xA6,0x38,0xA6,0x38,0xA6,0x38,0xA6,0x38,0xA6,0x38,0xA6,
    0x38,0xA6,0x38,0xA6,0x38,0xA6,0x38,0xA6,0xB5,0x95,0xB6,0x9D,0xCC,0x73,0xAF,0x8C,
    0xED,0x73,0x4B,0x5B,0x0A,0x5B,0x88,0x4A,0x6E,0x94,0x30,0xA5,0xCF,0x9C,0xCF,0x9C,
    0xEF,0x9C,0xEF,0x9C,0xAE,0x94,0x6A,0x73,0x4A,0x6B,0x6C,0x6B,0x75,0x8D,0x38,0xA6,
    0x38,0xA6,0x38,0xA6,0x33,0x95,0x0D,0x7C,0x11,0xA5,0xF0,0x94,0xCF,0x94,0x8E,0x8C,
    0x8E,0x8C,0xD0,0x94,0xCF,0x94,0xAF,0x94,0x4D,0x84,0xAC,0x73,0x57,0xB6,0x38,0xA6,
    0x38,0xA6,0x70,0x84,0x4D,0x84,0x0F,0xA5,0x91,0xB5,0x0F,0xA5,0xEF,0x9C,0x30,0xA5,
    0xB2,0xB5,0x50,0xAD,0x51,0xA5,0x51,0xA5,0xAE,0x94,0x4D,0x84,0x2E,0x84,0x38,0xA6,
    0x38,0xA6,0x38,0xA6,0x38,0xA6,0x38,0xA6,0xF6,0x9D,0x16,0xA6,0x57,0xAE,0x38,0xA6,
    0xF7,0xA5,0x38,0xA6,0x33,0x95,0x4F,0x8C,0x90,0x94,0xF2,0x94,0x38,0xA6,0x57,0xAE,
    0x38,0xA6,0x38,0xA6,0x38,0xA6,0x38,0xA6,0x38,0xA6,0x38,0xA6,0x38,0xA6,0x38,0xA6,
    0x38,0xA6,0x38,0xA6,0x38,0xA6,0x38,0xA6,0x38,0xA6,0x38,0xA6,0x38,0xA6,0x38,0xA6,
    0x38,0xA6,0x38,0xA6,0x38,0xA6,0x38,0xA6,0xD6,0x9D,0x38,0xA6,0x0A,0x5B,0x4B,0x63,
    0x8B,0x6B,0xED,0x7B,0xD0,0x9C,0xF0,0x9C,0x8F,0x94,0x10,0xA5,0xEF,0x9C,0x0F,0x9D,
    0xAE,0x94,0x4D,0x8C,0x4E,0x8C,0x34,0x95,0x38,0xA6,0x38,0xA6,0x38,0xA6,0xD5,0x9D,
    0xD5,0x9D,0xD5,0x9D,0x38,0xA6,0x17,0xAE,0xAF,0x94,0xCF,0x94,0xF0,0x94,0xAF,0x8C,
    0xAF,0x94,0xCF,0x94,0xAF,0x94,0x6E,0x8C,0x4E,0x84,0x79,0xAE,0x38,0xA6,0xD6,0x9D,
    0xD6,0x9D,0x38,0xA6,0x38,0xA6,0xCC,0x73,0xAE,0x94,0x91,0xB5,0x0F,0xA5,0x30,0xA5,
    0xD2,0xBD,0x72,0xAD,0x38,0xA6,0x38,0xA6,0x38,0xA6,0x38,0xA6,0x38,0xA6,0xF6,0x9D,
    0x38,0xA6,0x38,0xA6,0x38,0xA6,0x38,0xA6,0x38,0xA6,0x38,0xA6,0x38,0xA6,0x38,0xA6,
    0x38,0xA6,0xD6,0xA5,0x38,0xA6,0x38,0xA6,0x38,0xA6,0x38,0xA6,0xF7,0xAD,0x38,0xA6,
    0x38,0xA6,0x38,0xA6,0x38,0xA6,0x38,0xA6,0x38,0xA6,0x38,0xA6,0x38,0xA6,0x38,0xA6,
    0x38,0xA6,0x38,0xA6,0x38,0xA6,0x38,0xA6,0x38,0xA6,0x38,0xA6,0x38,0xA6,0x38,0xA6,
    0x38,0xA6,0x38,0xA6,0x38,0xA6,0x38,0xA6,0x38,0xA6,0x38,0xA6,0x38,0xA6,0x38,0xA6,
    0x38,0xA6,0x78,0xCE,0xD4,0xBD,0x72,0xAD,0x31,0xA5,0x8E,0x94,0x0F,0xA5,0x0C,0x84,
    0xAC,0x73,0x38,0xA6,0x38,0xA6,0x38,0xA6,0xD5,0x9D,0xD6,0x9D,0xF7,0x9D,0x38,0xA6,
    0x38,0xA6,0x38,0xA6,0x57,0xA6,0x38,0xA6,0x38,0xA6,0xD0,0x9C,0x6E,0x8C,0xCC,0x73,
    0x0D,0x7C,0x2D,0x84,0x8F,0x8C,0xF1,0x94,0x38,0xA6,0x38,0xA6,0x58,0xA6,0x38,0xA6,
    0x38,0xA6,0x16,0xA6,0xF7,0x9D,0x38,0xA6,0x2E,0x7C,0x2D,0x84,0x0F,0xA5,0x92,0xB5,
    0x51,0xAD,0x17,0xAE,0x17,0xA6,0x17,0xA6,0x16,0xA6,0x16,0xA6,0xF7,0xA5,0x38,0xA6,
    0x38,0xA6,0x38,0xA6,0x38,0xA6,0x38,0xA6,0x38,0xA6,0x38,0xA6,0x38,0xA6,0x38,0xA6,
    0x38,0xA6,0x38,0xA6,0x56,0xAE,0xD6,0x9D,0xD6,0x9D,0x58,0xAE,0x38,0xA6,0x38,0xA6,
    0x38,0xA6,0x38,0xA6,0x38,0xA6,0x38,0xA6,0x38,0xA6,0x38,0xA6,0x38,0xA6,0x38,0xA6,
    0x38,0xA6,0x38,0xA6,0x38,0xA6,0x38,0xA6,0x38,0xA6,0x38,0xA6,0x38,0xA6,0x38,0xA6,
    0x38,0xA6,0x38,0xA6,0x38,0xA6,0x38,0xA6,0x38,0xA6,0x38,0xA6,0x95,0x95,0x75,0x95,
    0x96,0x95,0x38,0xA6,0x38,0xA6,0x38,0xA6,0x99,0xB6,0x11,0x9D,0x8F,0x94,0x4F,0x84,
    0x38,0xA6,0x37,0x9E,0xD6,0xA5,0xF7,0x9D,0x38,0xA6,0x38,0xA6,0x38,0xA6,0x38,0xA6,
    0x38,0xA6,0x38,0xA6,0x38,0xA6,0xF7,0xA5,0xF7,0xA5,0x38,0xA6,0x38,0xA6,0x38,0xA6,
    0x38,0xA6,0x38,0xA6,0x38,0xA6,0x38,0xA6,0xF7,0xA5,0xF7,0x9D,0x38,0xA6,0x38,0xA6,
    0x38,0xA6,0x38,0xA6,0x38,0xA6,0xD6,0x9D,0x38,0xA6,0x38,0xA6,0xF0,0x9C,0x30,0xA5,
    0x93,0xAD,0x38,0xA6,0x16,0xA6,0x38,0xA6,0x38,0xA6,0x38,0xA6,0x38,0xA6,0x38,0xA6,
    0x38,0xA6,0x38,0xA6,0x38,0xA6,0x38,0xA6,0x38,0xA6,0x38,0xA6,0x38,0xA6,0x38,0xA6,
    0x38,0xA6,0x38,0xA6,0x38,0xA6,0x38,0xA6,0x38,0xA6,0x38,0xA6,0x38,0xA6,0x38,0xA6,
    0x38,0xA6,0x38,0xA6,0x38,0xA6,0x38,0xA6,0x38,0xA6,0x38,0xA6,0x38,0xA6,0x38,0xA6,
    0x00,0x00,0x00,0x00,0x38,0xA6,0x38,0xA6,0x38,0xA6,0x38,0xA6,0x38,0xA6,0x38,0xA6,
    0x38,0xA6,0x38,0xA6,0x38,0xA6,0x38,0xA6,0x38,0xA6,0x38,0xA6,0x38,0xA6,0x38,0xA6,
    0x38,0xA6,0xF7,0xA5,0x17,0xA6,0x16,0xA6,0x38,0xA6,0x38,0xA6,0x38,0xA6,0x38,0xA6,
    0xD6,0x9D,0xF7,0x9D,0x38,0xA6,0x38,0xA6,0x38,0xA6,0x38,0xA6,0x38,0xA6,0x38,0xA6,
    0x38,0xA6,0x38,0xA6,0x38,0xA6,0x38,0xA6,0x38,0xA6,0xF7,0xA5,0xF7,0xA5,0xF6,0xA5,
    0xF6,0xA5,0xB6,0x9D,0xD5,0x9D,0xF7,0xA5,0x38,0xA6,0x38,0xA6,0x38,0xA6,0x38,0xA6,
    0x38,0xA6,0x38,0xA6,0x38,0xA6,0x38,0xA6,0xF7,0xA5,0x38,0xA6,0x38,0xA6,0x17,0xB6,
    0xF7,0xAD,0xF7,0x9D,0x38,0xA6,0x38,0xA6,0x38,0xA6,0x38,0xA6,0x38,0xA6,0x38,0xA6,
    0x38,0xA6,0x38,0xA6,0x38,0xA6,0x38,0xA6,0x38,0xA6,0x38,0xA6,0x38,0xA6,0x38,0xA6,
    0x38,0xA6,0x38,0xA6,0x38,0xA6,0x38,0xA6,0x38,0xA6,0x38,0xA6,0x38,0xA6,0x38,0xA6,
    0x38,0xA6,0x38,0xA6,0x38,0xA6,0x38,0xA6,0x38,0xA6,0x38,0xA6,0x38,0xA6,0x38,0xA6,
    0x00,0x00,0x00,0x00,0x00,0x00,0x00,0x00,0x00,0x00,0x00,0x00,0x00,0x00,0x00,0x00,
    0x00,0x00,0x00,0x00,0x00,0x00,0x00,0x00,0x00,0x00,0x00,0x00,0x01,0x01,0x01,0x01,
    0x02,0x02,0x03,0x03,0x04,0x04,0x05,0x06,0x07,0x08,0x30,0x3B,0x34,0x38,0x1B,0x0B,
    0x0B,0x0C,0x0A,0x09,0x07,0x06,0x05,0x04,0x03,0x02,0x01,0x01,0x00,0x00,0x00,0x00,
    0x00,0x00,0x00,0x00,0x00,0x00,0x00,0x00,0x00,0x00,0x00,0x00,0x00,0x00,0x00,0x00,
    0x00,0x00,0x00,0x00,0x00,0x00,0x00,0x00,0x00,0x00,0x00,0x00,0x00,0x00,0x00,0x00,
    0x00,0x00,0x00,0x00,0x00,0x00,0x00,0x00,0x00,0x00,0x00,0x00,0x00,0x00,0x00,0x00,
    0x00,0x00,0x01,0x01,0x01,0x01,0x02,0x02,0x03,0x03,0x04,0x04,0x05,0x06,0x07,0x0B,
    0x56,0xA5,0xDA,0xEE,0xFF,0xFA,0xD7,0x97,0x3F,0x0B,0x0B,0x09,0x08,0x07,0x06,0x04,
    0x03,0x02,0x01,0x01,0x00,0x00,0x00,0x00,0x00,0x00,0x00,0x00,0x00,0x00,0x00,0x00,
    0x00,0x00,0x00,0x00,0x00,0x00,0x00,0x00,0x00,0x00,0x00,0x00,0x00,0x00,0x00,0x00,
    0x00,0x00,0x00,0x00,0x00,0x00,0x00,0x00,0x00,0x00,0x00,0x00,0x00,0x00,0x00,0x00,
    0x00,0x00,0x00,0x00,0x00,0x00,0x00,0x01,0x01,0x01,0x01,0x02,0x02,0x02,0x03,0x03,
    0x04,0x04,0x05,0x05,0x06,0x07,0x08,0x13,0x42,0x32,0x2A,0x38,0x80,0xED,0xFF,0xFF,
    0xF6,0x80,0x0B,0x0A,0x0A,0x07,0x06,0x05,0x04,0x03,0x02,0x01,0x01,0x00,0x00,0x00,
    0x00,0x00,0x00,0x00,0x00,0x00,0x00,0x00,0x00,0x00,0x00,0x00,0x00,0x00,0x00,0x00,
    0x00,0x00,0x00,0x00,0x00,0x00,0x00,0x00,0x00,0x00,0x00,0x00,0x00,0x00,0x00,0x00,
    0x00,0x00,0x00,0x00,0x00,0x00,0x00,0x00,0x00,0x00,0x00,0x00,0x00,0x00,0x01,0x01,
    0x01,0x02,0x02,0x03,0x03,0x04,0x04,0x05,0x05,0x06,0x06,0x07,0x08,0x09,0x09,0x0A,
    0x0B,0x0C,0x0D,0x0E,0x0E,0x43,0xE6,0xFA,0xFE,0xFF,0x8D,0x0D,0x0C,0x09,0x07,0x06,
    0x04,0x03,0x02,0x01,0x01,0x00,0x00,0x00,0x00,0x00,0x00,0x00,0x00,0x00,0x00,0x00,
    0x00,0x00,0x00,0x00,0x00,0x00,0x00,0x00,0x00,0x00,0x00,0x00,0x00,0x00,0x00,0x00,
    0x00,0x00,0x00,0x00,0x00,0x00,0x00,0x00,0x00,0x00,0x00,0x00,0x00,0x00,0x00,0x00,
    0x00,0x00,0x00,0x00,0x01,0x01,0x01,0x02,0x02,0x03,0x03,0x04,0x04,0x05,0x06,0x06,
    0x07,0x08,0x08,0x09,0x0A,0x0A,0x0B,0x0C,0x0F,0x10,0x11,0x11,0x15,0x10,0x53,0xFE,
    0xFD,0xFB,0xFF,0x71,0x0B,0x0D,0x08,0x07,0x05,0x04,0x03,0x02,0x01,0x01,0x00,0x00,
    0x00,0x00,0x00,0x00,0x00,0x00,0x00,0x00,0x00,0x00,0x00,0x00,0x00,0x00,0x00,0x00,
    0x00,0x00,0x00,0x00,0x00,0x00,0x00,0x00,0x00,0x00,0x00,0x00,0x00,0x00,0x00,0x00,
    0x00,0x00,0x00,0x00,0x00,0x00,0x00,0x00,0x00,0x00,0x00,0x01,0x01,0x02,0x02,0x03,
    0x03,0x04,0x05,0x06,0x06,0x07,0x08,0x09,0x09,0x0A,0x0B,0x0C,0x0C,0x0D,0x0E,0x0F,
    0x0F,0x10,0x11,0x12,0x13,0x15,0x17,0xC8,0xFF,0xFA,0xFE,0xC3,0x0E,0x0C,0x0A,0x08,
    0x06,0x05,0x04,0x03,0x02,0x01,0x01,0x00,0x00,0x00,0x00,0x00,0x00,0x00,0x00,0x00,
    0x00,0x00,0x00,0x00,0x00,0x00,0x00,0x00,0x00,0x00,0x00,0x00,0x00,0x00,0x00,0x00,
    0x00,0x00,0x00,0x00,0x00,0x00,0x00,0x00,0x00,0x00,0x00,0x00,0x00,0x00,0x00,0x00,
    0x00,0x01,0x01,0x01,0x02,0x03,0x03,0x04,0x05,0x06,0x06,0x07,0x08,0x09,0x0A,0x0B,
    0x0C,0x0E,0x10,0x11,0x12,0x13,0x13,0x14,0x15,0x16,0x16,0x17,0x16,0x19,0x15,0x8C,
    0xFF,0xF9,0xFE,0xD6,0x12,0x0D,0x0C,0x09,0x07,0x06,0x05,0x03,0x03,0x02,0x01,0x01,
    0x00,0x00,0x00,0x00,0x00,0x00,0x00,0x00,0x00,0x00,0x00,0x00,0x00,0x00,0x00,0x00,
    0x00,0x00,0x00,0x00,0x00,0x00,0x00,0x00,0x00,0x00,0x00,0x00,0x00,0x00,0x00,0x00,
    0x00,0x00,0x00,0x00,0x00,0x00,0x00,0x00,0x01,0x01,0x02,0x02,0x03,0x04,0x04,0x05,
    0x06,0x07,0x09,0x0A,0x0B,0x0C,0x0E,0x11,0x11,0x10,0x10,0x11,0x12,0x13,0x13,0x14,
    0x15,0x15,0x16,0x17,0x17,0x17,0x19,0x8C,0xFF,0xF9,0xFF,0x9F,0x10,0x11,0x0D,0x0B,
    0x09,0x07,0x06,0x04,0x03,0x02,0x02,0x01,0x01,0x00,0x00,0x00,0x00,0x00,0x00,0x00,
    0x00,0x00,0x00,0x00,0x00,0x00,0x00,0x00,0x00,0x00,0x00,0x00,0x00,0x00,0x00,0x00,
    0x00,0x00,0x00,0x00,0x00,0x00,0x00,0x00,0x00,0x00,0x00,0x00,0x00,0x00,0x00,0x01,
    0x01,0x02,0x02,0x03,0x04,0x05,0x06,0x07,0x08,0x0A,0x0B,0x0C,0x0F,0x11,0x10,0x11,
    0x12,0x2B,0x4F,0x6E,0x95,0x92,0x93,0x94,0x94,0x93,0x97,0x73,0x41,0x27,0x19,0x9D,
    0xFF,0xFE,0xF9,0x3B,0x13,0x13,0x0F,0x0D,0x0B,0x09,0x07,0x06,0x04,0x03,0x03,0x02,
    0x01,0x01,0x00,0x00,0x00,0x00,0x00,0x00,0x00,0x00,0x00,0x00,0x00,0x00,0x00,0x00,
    0x00,0x00,0x00,0x00,0x00,0x00,0x00,0x00,0x00,0x00,0x00,0x00,0x00,0x00,0x00,0x00,
    0x00,0x00,0x00,0x00,0x00,0x00,0x01,0x01,0x02,0x03,0x03,0x04,0x05,0x07,0x08,0x09,
    0x0A,0x0C,0x0F,0x11,0x10,0x12,0x27,0x6F,0xB4,0xE6,0xFF,0xFF,0xFF,0xFF,0xFF,0xFF,
    0xFF,0xFF,0xFF,0xFF,0xF7,0xDF,0xB5,0xEC,0xFF,0xFD,0x6D,0x16,0x16,0x16,0x12,0x0F,
    0x0C,0x0B,0x09,0x07,0x06,0x04,0x03,0x03,0x02,0x01,0x01,0x00,0x00,0x00,0x00,0x00,
    0x00,0x00,0x00,0x00,0x00,0x00,0x00,0x00,0x00,0x00,0x00,0x00,0x00,0x00,0x00,0x00,
    0x00,0x00,0x00,0x00,0x00,0x00,0x00,0x00,0x00,0x00,0x00,0x00,0x00,0x01,0x01,0x02,
    0x03,0x03,0x04,0x06,0x07,0x08,0x0A,0x0B,0x0E,0x12,0x10,0x12,0x43,0xA7,0xE6,0xFF,
    0xFF,0xFF,0xFE,0xFD,0xFB,0xFC,0xFC,0xFC,0xFC,0xFC,0xFC,0xFD,0xFF,0xFF,0xFF,0xFF,
    0xFF,0xFB,0x99,0x57,0x1B,0x15,0x13,0x13,0x0F,0x0D,0x0B,0x09,0x07,0x06,0x04,0x03,
    0x03,0x02,0x01,0x01,0x00,0x00,0x00,0x00,0x00,0x00,0x00,0x00,0x00,0x00,0x00,0x00,
    0x00,0x00,0x00,0x00,0x00,0x00,0x00,0x00,0x00,0x00,0x00,0x00,0x00,0x00,0x00,0x00,
    0x00,0x00,0x00,0x00,0x01,0x01,0x02,0x03,0x04,0x04,0x06,0x07,0x09,0x0A,0x0C,0x10,
    0x10,0x11,0x2F,0xA7,0xF9,0xFF,0xFF,0xFD,0xFC,0xFE,0xFF,0xFF,0xFF,0xFF,0xFF,0xFF,
    0xFF,0xFF,0xFF,0xFF,0xFE,0xFD,0xFC,0xFE,0xFF,0xFF,0xFF,0xFF,0xCF,0x71,0x1C,0x13,
    0x14,0x10,0x0D,0x0B,0x09,0x07,0x06,0x05,0x04,0x03,0x02,0x01,0x01,0x00,0x00,0x00,
    0x00,0x00,0x00,0x00,0x00,0x00,0x00,0x00,0x00,0x00,0x00,0x00,0x00,0x00,0x00,0x00,
    0x00,0x00,0x00,0x00,0x00,0x00,0x00,0x00,0x00,0x00,0x00,0x01,0x01,0x02,0x03,0x03,
    0x05,0x06,0x07,0x09,0x0B,0x0D,0x12,0x10,0x19,0x79,0xE8,0xFF,0xFF,0xFC,0xFE,0xFF,
    0xFF,0xFF,0xFF,0xFF,0xFF,0xFF,0xFF,0xFF,0xFF,0xFF,0xFF,0xFF,0xFF,0xFF,0xFF,0xFF,
    0xFF,0xFF,0xFC,0xFF,0xFF,0xFF,0xC8,0x47,0x13,0x11,0x11,0x0D,0x0B,0x09,0x07,0x06,
    0x05,0x04,0x03,0x02,0x01,0x01,0x00,0x00,0x00,0x00,0x00,0x00,0x00,0x00,0x00,0x00,
    0x00,0x00,0x00,0x00,0x00,0x00,0x00,0x00,0x00,0x00,0x00,0x00,0x00,0x00,0x00,0x00,
    0x00,0x00,0x01,0x01,0x02,0x02,0x03,0x04,0x06,0x07,0x09,0x0B,0x0D,0x12,0x11,0x3B,
    0xCB,0xFF,0xFF,0xFC,0xFE,0xFF,0xFF,0xFF,0xFF,0xFF,0xFF,0xFF,0xFF,0xFF,0xFF,0xFF,
    0xFF,0xFF,0xFF,0xFF,0xFF,0xFF,0xFF,0xFF,0xFF,0xFF,0xFF,0xFF,0xFD,0xFC,0xFF,0xF4,
    0x96,0x1B,0x11,0x12,0x0D,0x0B,0x09,0x07,0x06,0x05,0x03,0x03,0x02,0x01,0x01,0x00,
    0x00,0x00,0x00,0x00,0x00,0x00,0x00,0x00,0x00,0x00,0x00,0x00,0x00,0x00,0x00,0x00,
    0x00,0x00,0x00,0x00,0x00,0x00,0x00,0x00,0x00,0x00,0x01,0x01,0x02,0x03,0x04,0x06,
    0x07,0x09,0x0B,0x0D,0x12,0x11,0x60,0xEF,0xFF,0xFC,0xFE,0xFF,0xFF,0xFF,0xFF,0xFF,
    0xFF,0xFF,0xFF,0xFF,0xFF,0xFF,0xFF,0xFF,0xFF,0xFF,0xFF,0xFF,0xFF,0xFF,0xFF,0xFF,
    0xFF,0xFF,0xFF,0xFF,0xFF,0xFF,0xFD,0xFF,0xFF,0xC7,0x44,0x12,0x12,0x0D,0x0B,0x09,
    0x07,0x06,0x04,0x03,0x02,0x02,0x01,0x01,0x00,0x00,0x00,0x00,0x00,0x00,0x00,0x00,
    0x00,0x00,0x00,0x00,0x00,0x00,0x00,0x00,0x00,0x00,0x00,0x00,0x00,0x00,0x00,0x00,
    0x00,0x01,0x01,0x02,0x03,0x04,0x05,0x07,0x09,0x0B,0x0D,0x13,0x12,0x5F,0xF7,0xFF,
    0xFC,0xFF,0xFF,0xFF,0xFF,0xFF,0xFF,0xFF,0xFF,0xFF,0xFF,0xFF,0xFF,0xFF,0xFF,0xFF,
    0xFF,0xFF,0xFF,0xFF,0xFF,0xFF,0xFF,0xFF,0xFF,0xFF,0xFF,0xFF,0xFF,0xFF,0xFF,0xFE,
    0xFC,0xFF,0xF4,0x63,0x12,0x13,0x0D,0x0B,0x09,0x07,0x06,0x04,0x03,0x02,0x01,0x01,
    0x00,0x00,0x00,0x00,0x00,0x00,0x00,0x00,0x00,0x00,0x00,0x00,0x00,0x00,0x00,0x00,
    0x00,0x00,0x00,0x00,0x00,0x00,0x00,0x00,0x00,0x01,0x02,0x03,0x04,0x05,0x07,0x08,
    0x0A,0x0D,0x11,0x11,0x5F,0xF7,0xFF,0xFD,0xFF,0xFF,0xFF,0xFF,0xFF,0xFF,0xFF,0xFF,
    0xFF,0xFF,0xFF,0xFF,0xFF,0xFF,0xFF,0xFF,0xFF,0xFF,0xFF,0xFF,0xFF,0xFF,0xFF,0xFF,
    0xFF,0xFF,0xFF,0xFF,0xFF,0xFF,0xFF,0xFF,0xFF,0xFB,0xFF,0xF9,0x62,0x12,0x13,0x0D,
    0x0B,0x09,0x07,0x05,0x04,0x03,0x02,0x01,0x01,0x00,0x00,0x00,0x00,0x00,0x00,0x00,
    0x00,0x00,0x00,0x00,0x00,0x00,0x00,0x00,0x00,0x00,0x00,0x00,0x00,0x00,0x00,0x00,
    0x01,0x01,0x02,0x03,0x05,0x06,0x08,0x0A,0x0C,0x11,0x11,0x5D,0xF6,0xFF,0xFD,0xFF,
    0xFF,0xFF,0xFF,0xFF,0xFF,0xFF,0xFF,0xFF,0xFF,0xFF,0xFF,0xFF,0xFF,0xFF,0xFF,0xFF,
    0xFF,0xFF,0xFF,0xFF,0xFF,0xFF,0xFF,0xFF,0xFF,0xFF,0xFF,0xFF,0xFF,0xFF,0xFF,0xFF,
    0xFF,0xFF,0xFD,0xFF,0xF9,0x61,0x12,0x12,0x0D,0x0A,0x08,0x07,0x05,0x04,0x03,0x02,
    0x01,0x00,0x00,0x00,0x00,0x00,0x00,0x00,0x00,0x00,0x00,0x00,0x00,0x00,0x00,0x00,
    0x00,0x00,0x00,0x00,0x00,0x00,0x00,0x01,0x01,0x02,0x03,0x04,0x06,0x07,0x09,0x0C,
    0x10,0x10,0x45,0xF6,0xFF,0xFD,0xFF,0xFF,0xFF,0xFF,0xFF,0xFF,0xFF,0xFF,0xFF,0xFF,
    0xFF,0xFF,0xFF,0xFF,0xFF,0xFF,0xFF,0xFF,0xFF,0xFF,0xFF,0xFF,0xFF,0xFF,0xFF,0xFF,
    0xFF,0xFF,0xFF,0xFF,0xFF,0xFF,0xFF,0xFF,0xFF,0xFF,0xFF,0xFD,0xFF,0xF8,0x60,0x11,
    0x12,0x0C,0x0A,0x08,0x06,0x04,0x03,0x02,0x01,0x01,0x00,0x00,0x00,0x00,0x00,0x00,
    0x00,0x00,0x00,0x00,0x00,0x00,0x00,0x00,0x00,0x00,0x00,0x00,0x00,0x00,0x00,0x01,
    0x01,0x03,0x04,0x05,0x07,0x09,0x0B,0x0E,0x12,0x1A,0xCC,0xFF,0xFC,0xFF,0xFF,0xFF,
    0xFF,0xFF,0xFF,0xFF,0xFF,0xFF,0xFF,0xFF,0xFF,0xFF,0xFF,0xFF,0xFF,0xFF,0xFF,0xFF,
    0xFF,0xFF,0xFF,0xFF,0xFF,0xFF,0xFF,0xFF,0xFF,0xFF,0xFF,0xFF,0xFF,0xFF,0xFF,0xFF,
    0xFF,0xFF,0xFF,0xFF,0xFD,0xFF,0xED,0x36,0x10,0x10,0x0B,0x09,0x07,0x05,0x04,0x03,
    0x02,0x01,0x00,0x00,0x00,0x00,0x00,0x00,0x00,0x00,0x00,0x00,0x00,0x00,0x00,0x00,
    0x00,0x00,0x00,0x00,0x00,0x00,0x01,0x01,0x02,0x03,0x04,0x06,0x08,0x0A,0x0C,0x11,
    0x12,0x88,0xFF,0xFC,0xFF,0xFF,0xFF,0xFF,0xFF,0xFF,0xFF,0xFF,0xFF,0xFF,0xFF,0xFF,
    0xFF,0xFF,0xFF,0xFF,0xFF,0xFF,0xFF,0xFF,0xFF,0xFF,0xFF,0xFF,0xFF,0xFF,0xFF,0xFF,
    0xFF,0xFF,0xFF,0xFF,0xFF,0xFF,0xFF,0xFF,0xFF,0xFF,0xFF,0xFF,0xFF,0xFD,0xFF,0xD5,
    0x21,0x12,0x0E,0x0A,0x08,0x06,0x05,0x03,0x02,0x01,0x01,0x00,0x00,0x00,0x00,0x00,
    0x00,0x00,0x00,0x00,0x00,0x00,0x00,0x00,0x00,0x00,0x00,0x00,0x00,0x00,0x01,0x02,
    0x03,0x04,0x05,0x07,0x09,0x0C,0x10,0x11,0x45,0xF5,0xFD,0xFE,0xFF,0xFF,0xFF,0xFF,
    0xFF,0xFF,0xFF,0xFF,0xFF,0xFF,0xFF,0xFF,0xFF,0xFF,0xFF,0xFF,0xFF,0xFF,0xFF,0xFF,
    0xFF,0xFF,0xFF,0xFF,0xFF,0xFF,0xFF,0xFF,0xFF,0xFF,0xFF,0xFF,0xFF,0xFF,0xFF,0xFF,
    0xFF,0xFF,0xFF,0xFF,0xFF,0xFF,0xFC,0xFF,0x96,0x11,0x11,0x0C,0x09,0x07,0x06,0x04,
    0x03,0x02,0x01,0x00,0x00,0x00,0x00,0x00,0x00,0x00,0x00,0x00,0x00,0x00,0x00,0x00,
    0x00,0x00,0x00,0x00,0x00,0x01,0x01,0x02,0x03,0x05,0x06,0x08,0x0A,0x0D,0x12,0x16,
    0xC2,0xFF,0xFC,0xFF,0xFF,0xFF,0xFF,0xFF,0xFF,0xFF,0xFF,0xFF,0xFF,0xFF,0xFF,0xFF,
    0xFF,0xFF,0xFF,0xFF,0xFF,0xFF,0xFF,0xFF,0xFF,0xFF,0xFF,0xFF,0xFF,0xFF,0xFF,0xFF,
    0xFF,0xFF,0xFF,0xFF,0xFF,0xFF,0xFF,0xFF,0xFF,0xFF,0xFF,0xFF,0xFF,0xFF,0xFE,0xFD,
    0xF3,0x41,0x10,0x0F,0x0B,0x08,0x06,0x05,0x03,0x02,0x01,0x01,0x00,0x00,0x00,0x00,
    0x00,0x00,0x00,0x00,0x00,0x00,0x00,0x00,0x00,0x00,0x00,0x00,0x01,0x01,0x02,0x03,
    0x04,0x06,0x07,0x0A,0x0C,0x12,0x11,0x56,0xFD,0xFD,0xFF,0xFF,0xFF,0xFF,0xFF,0xFF,
    0xFF,0xFF,0xFF,0xFF,0xFF,0xFF,0xFF,0xFF,0xFF,0xFF,0xFF,0xFF,0xFF,0xFF,0xFF,0xFF,
    0xFF,0xFF,0xFF,0xFF,0xFF,0xFF,0xFF,0xFF,0xFF,0xFF,0xFF,0xFF,0xFF,0xFF,0xFF,0xFF,
    0xFF,0xFF,0xFF,0xFF,0xFF,0xFF,0xFF,0xFC,0xFF,0xBB,0x13,0x11,0x0C,0x09,0x07,0x05,
    0x04,0x02,0x01,0x01,0x00,0x00,0x00,0x00,0x00,0x00,0x00,0x00,0x00,0x00,0x00,0x00,
    0x00,0x00,0x00,0x00,0x01,0x01,0x02,0x03,0x05,0x07,0x09,0x0B,0x0D,0x11,0x16,0xC1,
    0xFF,0xFC,0xFF,0xFF,0xFF,0xFF,0xFF,0xFF,0xFF,0xFF,0xFF,0xFF,0xFF,0xFF,0xFF,0xFF,
    0xFF,0xFF,0xFF,0xFF,0xFF,0xFF,0xFF,0xFF,0xFF,0xFF,0xFF,0xFF,0xFF,0xFF,0xFF,0xFF,
    0xFF,0xFF,0xFF,0xFF,0xFF,0xFF,0xFF,0xFF,0xFF,0xFF,0xFF,0xFF,0xFF,0xFF,0xFF,0xFF,
    0xFD,0xFB,0x4C,0x10,0x10,0x0A,0x08,0x06,0x04,0x03,0x02,0x01,0x00,0x00,0x00,0x00,
    0x00,0x00,0x00,0x00,0x00,0x00,0x00,0x00,0x00,0x00,0x00,0x01,0x01,0x02,0x03,0x04,
    0x06,0x08,0x0A,0x0C,0x11,0x12,0x42,0xFA,0xFE,0xFE,0xFF,0xFF,0xFF,0xFF,0xFF,0xFF,
    0xFF,0xFF,0xFF,0xFF,0xFF,0xFF,0xFF,0xFF,0xFF,0xFF,0xFF,0xFF,0xFF,0xFF,0xFF,0xFF,
    0xFF,0xFF,0xFF,0xFF,0xFF,0xFF,0xFF,0xFF,0xFF,0xFF,0xFF,0xFF,0xFF,0xFF,0xFF,0xFF,
    0xFF,0xFF,0xFF,0xFF,0xFF,0xFF,0xFF,0xFF,0xFC,0xFF,0xBF,0x17,0x0F,0x0C,0x09,0x07,
    0x05,0x03,0x02,0x01,0x01,0x00,0x00,0x00,0x00,0x00,0x00,0x00,0x00,0x00,0x00,0x00,
    0x00,0x00,0x00,0x01,0x01,0x02,0x04,0x05,0x07,0x09,0x0B,0x0D,0x13,0x13,0x99,0xFF,
    0xFC,0xFF,0xFF,0xFF,0xFF,0xFF,0xFF,0xFF,0xFF,0xFF,0xFF,0xFF,0xFF,0xFF,0xFF,0xFF,
    0xFF,0xFF,0xFF,0xFF,0xFF,0xFF,0xFF,0xFF,0xFF,0xFF,0xFF,0xFF,0xFF,0xFF,0xFF,0xFF,
    0xFF,0xFF,0xFF,0xFF,0xFF,0xFF,0xFF,0xFF,0xFF,0xFF,0xFF,0xFF,0xFF,0xFF,0xFF,0xFF,
    0xFE,0xFF,0xDE,0x35,0x0F,0x0E,0x0A,0x07,0x06,0x04,0x03,0x01,0x01,0x00,0x00,0x00,
    0x00,0x00,0x00,0x00,0x00,0x00,0x00,0x00,0x00,0x00,0x01,0x01,0x02,0x03,0x04,0x06,
    0x08,0x0A,0x0C,0x10,0x13,0x1E,0xDB,0xFF,0xFD,0xFF,0xFF,0xFF,0xFF,0xFF,0xFF,0xFF,
    0xFF,0xFF,0xFF,0xFF,0xFF,0xFF,0xFF,0xFF,0xFF,0xFF,0xFF,0xFF,0xFF,0xFF,0xFF,0xFF,
    0xFF,0xFF,0xFF,0xFF,0xFF,0xFF,0xFF,0xFF,0xFF,0xFF,0xFF,0xFF,0xFF,0xFF,0xFF,0xFF,
    0xFF,0xFF,0xFF,0xFF,0xFF,0xFF,0xFF,0xFF,0xFC,0xFF,0x81,0x13,0x12,0x0D,0x0B,0x08,
    0x06,0x04,0x03,0x02,0x01,0x00,0x00,0x00,0x00,0x00,0x00,0x00,0x00,0x00,0x00,0x00,
    0x00,0x00,0x01,0x02,0x02,0x03,0x05,0x07,0x09,0x0B,0x0E,0x13,0x13,0x61,0xFE,0xFD,
    0xFF,0xFF,0xFF,0xFF,0xFF,0xFF,0xFF,0xFF,0xFF,0xFF,0xFF,0xFF,0xFF,0xFF,0xFF,0xFF,
    0xFF,0xFF,0xFF,0xFF,0xFF,0xFF,0xFF,0xFF,0xFF,0xFF,0xFF,0xFF,0xFF,0xFF,0xFF,0xFF,
    0xFF,0xFF,0xFF,0xFF,0xFF,0xFF,0xFF,0xFF,0xFF,0xFF,0xFF,0xFF,0xFF,0xFF,0xFF,0xFF,
    0xFD,0xFF,0xDA,0x23,0x12,0x0F,0x0B,0x09,0x07,0x05,0x03,0x02,0x01,0x00,0x00,0x00,
    0x00,0x00,0x00,0x00,0x00,0x00,0x00,0x00,0x00,0x01,0x01,0x02,0x03,0x04,0x07,0x08,
    0x0A,0x0C,0x12,0x12,0x22,0xD9,0xFF,0xFD,0xFF,0xFF,0xFF,0xFF,0xFF,0xFF,0xFF,0xFF,
    0xFF,0xFF,0xFF,0xFF,0xFF,0xFF,0xFF,0xFF,0xFF,0xFF,0xFF,0xFF,0xFF,0xFF,0xFF,0xFF,
    0xFF,0xFF,0xFF,0xFF,0xFF,0xFF,0xFF,0xFF,0xFF,0xFF,0xFF,0xFF,0xFF,0xFF,0xFF,0xFF,
    0xFF,0xFF,0xFF,0xFF,0xFF,0xFF,0xFF,0xFF,0xFF,0xFD,0xFF,0x92,0x12,0x11,0x0C,0x09,
    0x07,0x05,0x04,0x02,0x01,0x01,0x00,0x00,0x00,0x00,0x00,0x00,0x00,0x00,0x00,0x00,
    0x00,0x01,0x01,0x02,0x03,0x05,0x06,0x08,0x0E,0x10,0x10,0x16,0xAC,0xFF,0xFD,0xFF,
    0xFF,0xFF,0xFF,0xFF,0xFF,0xFF,0xFF,0xFF,0xFF,0xFF,0xFF,0xFF,0xFF,0xFF,0xFF,0xFF,
    0xFF,0xFF,0xFF,0xFF,0xFF,0xFF,0xFF,0xFF,0xFF,0xFF,0xFF,0xFF,0xFF,0xFF,0xFF,0xFF,
    0xFF,0xFF,0xFF,0xFF,0xFF,0xFF,0xFF,0xFF,0xFF,0xFF,0xFF,0xFF,0xFF,0xFF,0xFF,0xFF,
    0xFF,0xFE,0xFE,0xEF,0x30,0x10,0x0F,0x0A,0x08,0x06,0x04,0x03,0x01,0x01,0x00,0x00,
    0x00,0x00,0x00,0x00,0x00,0x00,0x00,0x00,0x01,0x01,0x02,0x03,0x04,0x05,0x1E,0x17,
    0x0C,0x0F,0x27,0xAF,0xFF,0xFC,0xFF,0xFF,0xFF,0xFF,0xFF,0xFF,0xFF,0xFF,0xFF,0xFF,
    0xFF,0xFF,0xFF,0xFF,0xFF,0xFF,0xFF,0xFF,0xFF,0xFF,0xFF,0xFF,0xFF,0xFF,0xFF,0xFF,
    0xFF,0xFF,0xFF,0xFF,0xFF,0xFF,0xFF,0xFF,0xFF,0xFF,0xFF,0xFF,0xFF,0xFF,0xFF,0xFF,
    0xFF,0xFF,0xFF,0xFF,0xFF,0xFF,0xFF,0xFF,0xFF,0xFF,0xFC,0xFF,0x95,0x11,0x10,0x0B,
    0x08,0x06,0x04,0x03,0x02,0x01,0x00,0x00,0x00,0x00,0x00,0x00,0x00,0x00,0x00,0x00,
    0x01,0x01,0x02,0x03,0x06,0x06,0x40,0xCB,0xB2,0xB0,0xF4,0xFC,0xF3,0xFF,0xFF,0xFF,
    0xFF,0xFF,0xFF,0xFF,0xFF,0xFF,0xFF,0xFF,0xFF,0xFF,0xFF,0xFF,0xFF,0xFF,0xFF,0xFF,
    0xFF,0xFF,0xFF,0xFF,0xFF,0xFF,0xFF,0xFF,0xFF,0xFF,0xFF,0xFF,0xFF,0xFF,0xFF,0xFF,
    0xFF,0xFF,0xFF,0xFF,0xFF,0xFF,0xFF,0xFF,0xFF,0xFF,0xFF,0xFF,0xFF,0xFF,0xFF,0xFF,
    0xFF,0xFF,0xFC,0xFE,0xC0,0x13,0x0F,0x0B,0x09,0x06,0x04,0x03,0x02,0x01,0x00,0x00,
    0x00,0x00,0x00,0x00,0x00,0x00,0x00,0x00,0x01,0x01,0x02,0x04,0x05,0x08,0x09,0x46,
    0x9E,0xA4,0x94,0x38,0xAF,0xFF,0xFC,0xFF,0xFF,0xFF,0xFF,0xFF,0xFF,0xFF,0xFF,0xFF,
    0xFF,0xFF,0xFF,0xFF,0xFF,0xFF,0xFF,0xFF,0xFF,0xFF,0xFF,0xFF,0xFF,0xFF,0xFF,0xFF,
    0xFF,0xFF,0xFF,0xFF,0xFF,0xFF,0xFF,0xFF,0xFF,0xFF,0xFF,0xFF,0xFF,0xFF,0xFF,0xFF,
    0xFF,0xFF,0xFF,0xFF,0xFF,0xFF,0xFF,0xFF,0xFF,0xFF,0xFC,0xFF,0x7B,0x12,0x12,0x0C,
    0x09,0x07,0x05,0x03,0x02,0x01,0x00,0x00,0x00,0x00,0x00,0x00,0x00,0x00,0x00,0x00,
    0x01,0x02,0x03,0x04,0x06,0x07,0x0B,0x0C,0x0F,0x12,0x15,0x18,0xD1,0xFF,0xFD,0xFF,
    0xFF,0xFF,0xFF,0xFF,0xFF,0xFF,0xFF,0xFF,0xFF,0xFF,0xFF,0xFF,0xFF,0xFF,0xFF,0xFF,
    0xFF,0xFF,0xFF,0xFF,0xFF,0xFF,0xFF,0xFF,0xFF,0xFF,0xFF,0xFF,0xFF,0xFF,0xFF,0xFF,
    0xFF,0xFF,0xFF,0xFF,0xFF,0xFF,0xFF,0xFF,0xFF,0xFF,0xFF,0xFF,0xFF,0xFF,0xFF,0xFF,
    0xFF,0xFF,0xFC,0xFF,0xA9,0x12,0x11,0x0C,0x09,0x07,0x05,0x03,0x02,0x01,0x00,0x00,
    0x00,0x00,0x00,0x00,0x00,0x00,0x00,0x00,0x01,0x02,0x03,0x04,0x06,0x08,0x0A,0x0F,
    0x13,0x19,0x16,0x86,0xFF,0xFD,0xFF,0xFF,0xFF,0xFF,0xFF,0xFF,0xFF,0xFF,0xFF,0xFF,
    0xFF,0xFF,0xFF,0xFF,0xFF,0xFF,0xFF,0xFF,0xFF,0xFF,0xFF,0xFF,0xFF,0xFF,0xFF,0xFF,
    0xFF,0xFF,0xFF,0xFF,0xFF,0xFF,0xFF,0xFF,0xFF,0xFF,0xFF,0xFF,0xFF,0xFF,0xFF,0xFF,
    0xFF,0xFF,0xFF,0xFF,0xFF,0xFF,0xFF,0xFF,0xFF,0xFF,0xFC,0xFF,0xB5,0x13,0x11,0x0C,
    0x0A,0x07,0x05,0x03,0x02,0x01,0x01,0x00,0x00,0x00,0x00,0x00,0x00,0x00,0x00,0x00,
    0x02,0x02,0x03,0x05,0x07,0x09,0x0B,0x0E,0x13,0x14,0x35,0xEA,0xFE,0xFD,0xFF,0xFF,
    0xFF,0xFF,0xFF,0xFF,0xFF,0xFF,0xFF,0xFF,0xFF,0xFF,0xFF,0xFF,0xFF,0xFF,0xFF,0xFF,
    0xFF,0xFF,0xFF,0xFF,0xFF,0xFF,0xFF,0xFF,0xFF,0xFF,0xFF,0xFF,0xFF,0xFF,0xFF,0xFF,
    0xFF,0xFF,0xFF,0xFF,0xFF,0xFF,0xFF,0xFF,0xFF,0xFF,0xFF,0xFF,0xFF,0xFF,0xFF,0xFF,
    0xFF,0xFF,0xFD,0xFF,0xCF,0x1B,0x10,0x0D,0x0A,0x07,0x05,0x04,0x02,0x01,0x01,0x00,
    0x00,0x00,0x00,0x00,0x00,0x00,0x00,0x00,0x02,0x03,0x04,0x05,0x07,0x09,0x0C,0x10,
    0x13,0x1B,0xBA,0xFF,0xFC,0xFF,0xFF,0xFF,0xFF,0xFF,0xFF,0xFF,0xFF,0xFF,0xFF,0xFF,
    0xFF,0xFF,0xFF,0xFF,0xFF,0xFF,0xFF,0xFF,0xFF,0xFF,0xFF,0xFF,0xFF,0xFF,0xFF,0xFF,
    0xFF,0xFF,0xFF,0xFF,0xFF,0xFF,0xFF,0xFF,0xFF,0xFF,0xFF,0xFF,0xFF,0xFF,0xFF,0xFF,
    0xFF,0xFF,0xFF,0xFF,0xFF,0xFF,0xFF,0xFF,0xFF,0xFF,0xFE,0xFF,0xEC,0x27,0x10,0x0E,
    0x0A,0x07,0x05,0x04,0x02,0x01,0x01,0x00,0x00,0x00,0x00,0x00,0x00,0x00,0x00,0x00,
    0x02,0x03,0x04,0x06,0x07,0x0A,0x0C,0x12,0x12,0x87,0xFF,0xFC,0xFF,0xFF,0xFF,0xFF,
    0xFF,0xFF,0xFF,0xFF,0xFF,0xFF,0xFF,0xFF,0xFF,0xFF,0xFF,0xFF,0xFF,0xFF,0xFF,0xFF,
    0xFF,0xFF,0xFF,0xFF,0xFF,0xFF,0xFF,0xFF,0xFF,0xFF,0xFF,0xFF,0xFF,0xFF,0xFF,0xFF,
    0xFF,0xFF,0xFF,0xFF,0xFF,0xFF,0xFF,0xFF,0xFF,0xFF,0xFF,0xFF,0xFF,0xFF,0xFF,0xFF,
    0xFF,0xFF,0xFE,0xFF,0xE7,0x26,0x10,0x0E,0x0A,0x07,0x05,0x04,0x02,0x01,0x01,0x00,
    0x00,0x00,0x00,0x00,0x00,0x00,0x00,0x00,0x02,0x03,0x04,0x06,0x08,0x0A,0x0F,0x10,
    0x54,0xFA,0xFC,0xFE,0xFF,0xFF,0xFF,0xFF,0xFF,0xFF,0xFF,0xFF,0xFF,0xFF,0xFF,0xFF,
    0xFF,0xFF,0xFF,0xFF,0xFF,0xFF,0xFF,0xFF,0xFF,0xFF,0xFF,0xFF,0xFF,0xFF,0xFF,0xFF,
    0xFF,0xFF,0xFF,0xFF,0xFF,0xFF,0xFF,0xFF,0xFF,0xFF,0xFF,0xFF,0xFF,0xFF,0xFF,0xFF,
    0xFF,0xFF,0xFF,0xFF,0xFF,0xFF,0xFF,0xFF,0xFF,0xFF,0xFE,0xFF,0xE8,0x25,0x10,0x0E,
    0x0A,0x07,0x05,0x04,0x02,0x01,0x01,0x00,0x00,0x00,0x00,0x00,0x00,0x00,0x00,0x00,
    0x02,0x03,0x05,0x06,0x08,0x0B,0x0E,0x1F,0xDE,0xFF,0xFF,0xFF,0xFF,0xFF,0xFF,0xFF,
    0xFF,0xFF,0xFF,0xFF,0xFF,0xFF,0xFF,0xFF,0xFF,0xFF,0xFF,0xFF,0xFF,0xFF,0xFF,0xFF,
    0xFF,0xFF,0xFF,0xFF,0xFF,0xFF,0xFF,0xFF,0xFF,0xFF,0xFF,0xFF,0xFF,0xFF,0xFF,0xFF,
    0xFF,0xFF,0xFF,0xFF,0xFF,0xFF,0xFF,0xFF,0xFF,0xFF,0xFF,0xFF,0xFF,0xFF,0xFF,0xFF,
    0xFF,0xFF,0xFE,0xFF,0xFA,0x4B,0x0F,0x0F,0x0A,0x07,0x05,0x04,0x02,0x01,0x01,0x00,
    0x00,0x00,0x00,0x00,0x00,0x00,0x00,0x00,0x03,0x03,0x05,0x06,0x09,0x0E,0x0D,0x65,
    0xFF,0xD1,0xE4,0xFF,0xFE,0xFF,0xFF,0xFF,0xFF,0xFF,0xFF,0xFF,0xFF,0xFF,0xFF,0xFF,
    0xFF,0xFF,0xFF,0xFF,0xFF,0xFF,0xFF,0xFF,0xFF,0xFF,0xFF,0xFF,0xFF,0xFF,0xFF,0xFF,
    0xFF,0xFF,0xFF,0xFF,0xFF,0xFF,0xFF,0xFF,0xFF,0xFF,0xFF,0xFF,0xFF,0xFF,0xFF,0xFF,
    0xFF,0xFF,0xFF,0xFF,0xFF,0xFF,0xFF,0xFF,0xFF,0xFF,0xFF,0xFD,0xFE,0x5A,0x0F,0x0F,
    0x0A,0x07,0x05,0x03,0x02,0x01,0x01,0x00,0x00,0x00,0x00,0x00,0x00,0x00,0x00,0x00,
    0x03,0x04,0x05,0x07,0x0A,0x0C,0x15,0xDA,0xD1,0x1F,0xBB,0xFF,0xFC,0xFF,0xFF,0xFF,
    0xFF,0xFF,0xFF,0xFF,0xFF,0xFF,0xFF,0xFF,0xFF,0xFF,0xFF,0xFF,0xFF,0xFF,0xFF,0xFF,
    0xFF,0xFF,0xFF,0xFF,0xFF,0xFF,0xFF,0xFF,0xFF,0xFF,0xFF,0xFF,0xFF,0xFF,0xFF,0xFF,
    0xFF,0xFF,0xFF,0xFF,0xFF,0xFF,0xFF,0xFF,0xFF,0xFF,0xFF,0xFF,0xFF,0xFF,0xFF,0xFF,
    0xFF,0xFF,0xFF,0xFF,0xFF,0x59,0x0F,0x0F,0x09,0x07,0x05,0x03,0x02,0x01,0x00,0x00,
    0x00,0x00,0x00,0x00,0x00,0x00,0x00,0x00,0x03,0x04,0x05,0x07,0x0C,0x0B,0x62,0xFF,
    0x3D,0x23,0xED,0xFF,0xFE,0xFF,0xFF,0xFF,0xFF,0xFF,0xFF,0xFF,0xFF,0xFF,0xFF,0xFF,
    0xFF,0xFF,0xFF,0xFF,0xFF,0xFF,0xFF,0xFF,0xFF,0xFF,0xFF,0xFF,0xFF,0xFF,0xFF,0xFF,
    0xFF,0xFF,0xFF,0xFF,0xFF,0xFF,0xFF,0xFF,0xFF,0xFF,0xFF,0xFF,0xFF,0xFF,0xFF,0xFF,
    0xFF,0xFF,0xFF,0xFF,0xFF,0xFF,0xFF,0xFF,0xFF,0xFE,0xFF,0xE0,0xE3,0x50,0x0F,0x0F,
    0x09,0x07,0x05,0x03,0x02,0x01,0x00,0x00,0x00,0x00,0x00,0x00,0x00,0x00,0x00,0x00,
    0x03,0x04,0x05,0x07,0x0B,0x0B,0xA9,0x9D,0x13,0x57,0xFE,0xFE,0xFF,0xFF,0xFF,0xFF,
    0xFF,0xFF,0xFF,0xFF,0xFF,0xFF,0xFF,0xFF,0xFF,0xFF,0xFF,0xFF,0xFF,0xFF,0xFF,0xFF,
    0xFF,0xFF,0xFF,0xFF,0xFF,0xFF,0xFF,0xFF,0xFF,0xFF,0xFF,0xFF,0xFF,0xFF,0xFF,0xFF,
    0xFF,0xFF,0xFF,0xFF,0xFF,0xFF,0xFF,0xFF,0xFF,0xFF,0xFF,0xFF,0xFF,0xFF,0xFF,0xFF,
    0xFF,0xFC,0xFF,0x90,0x33,0x21,0x0E,0x0B,0x09,0x06,0x04,0x03,0x02,0x01,0x00,0x00,
    0x00,0x00,0x00,0x00,0x00,0x00,0x00,0x00,0x03,0x04,0x05,0x06,0x09,0x0A,0xCF,0x76,
    0x15,0x6F,0xFF,0xFB,0xFE,0xFF,0xFF,0xFF,0xFF,0xFF,0xFF,0xFF,0xFF,0xFF,0xFF,0xFF,
    0xFF,0xFF,0xFF,0xFF,0xFF,0xFF,0xFF,0xFF,0xFF,0xFF,0xFF,0xFF,0xFF,0xFF,0xFF,0xFF,
    0xFF,0xFF,0xFF,0xFF,0xFF,0xFF,0xFF,0xFF,0xFF,0xFF,0xFF,0xFF,0xFF,0xFF,0xFF,0xFF,
    0xFF,0xFF,0xFF,0xFF,0xFF,0xFF,0xFF,0xFF,0xFF,0xFE,0xFF,0x64,0x14,0x12,0x0E,0x0B,
    0x08,0x06,0x04,0x03,0x02,0x01,0x00,0x00,0x00,0x00,0x00,0x00,0x00,0x00,0x00,0x00,
    0x02,0x03,0x05,0x06,0x09,0x0A,0xD1,0x8F,0x14,0x9F,0xFF,0xFF,0xFF,0xFF,0xFF,0xFF,
    0xFF,0xFF,0xFF,0xFF,0xFF,0xFF,0xFF,0xFF,0xFF,0xFF,0xFF,0xFF,0xFF,0xFF,0xFF,0xFF,
    0xFF,0xFF,0xFF,0xFF,0xFF,0xFF,0xFF,0xFF,0xFF,0xFF,0xFF,0xFF,0xFF,0xFF,0xFF,0xFF,
    0xFF,0xFF,0xFF,0xFF,0xFF,0xFF,0xFF,0xFF,0xFF,0xFF,0xFF,0xFF,0xFF,0xFF,0xFF,0xFF,
    0xFD,0xFF,0xEA,0x2A,0x16,0x13,0x0D,0x0B,0x08,0x06,0x04,0x03,0x02,0x01,0x00,0x00,
    0x00,0x00,0x00,0x00,0x00,0x00,0x00,0x00,0x02,0x03,0x04,0x06,0x0A,0x09,0x94,0xDE,
    0x11,0x90,0xFF,0xE3,0xEE,0xFF,0xFE,0xFF,0xFF,0xFF,0xFF,0xFF,0xFF,0xFF,0xFF,0xFF,
    0xFF,0xFF,0xFF,0xFF,0xFF,0xFF,0xFF,0xFF,0xFF,0xFF,0xFF,0xFF,0xFF,0xFF,0xFF,0xFF,
    0xFF,0xFF,0xFF,0xFF,0xFF,0xFF,0xFF,0xFF,0xFF,0xFF,0xFF,0xFF,0xFF,0xFF,0xFF,0xFF,
    0xFF,0xFF,0xFF,0xFF,0xFF,0xFF,0xFF,0xFF,0xFD,0xFF,0xE2,0x24,0x13,0x11,0x0D,0x0A,
    0x08,0x06,0x04,0x03,0x01,0x01,0x00,0x00,0x00,0x00,0x00,0x00,0x00,0x00,0x00,0x00,
    0x02,0x03,0x04,0x05,0x08,0x0A,0x21,0xDC,0x96,0xB7,0xFE,0x79,0xA3,0xFE,0xFC,0xFF,
    0xFF,0xFF,0xFF,0xFF,0xFF,0xFF,0xFF,0xFF,0xFF,0xFF,0xFF,0xFF,0xFF,0xFF,0xFF,0xFF,
    0xFF,0xFF,0xFF,0xFF,0xFF,0xFF,0xFF,0xFF,0xFF,0xFF,0xFF,0xFF,0xFF,0xFF,0xFF,0xFF,
    0xFF,0xFF,0xFF,0xFF,0xFF,0xFF,0xFF,0xFF,0xFF,0xFF,0xFF,0xFF,0xFF,0xFF,0xFF,0xFF,
    0xFD,0xFF,0xE7,0x29,0x13,0x11,0x0D,0x0A,0x07,0x05,0x04,0x02,0x01,0x01,0x00,0x00,
    0x00,0x00,0x00,0x00,0x00,0x00,0x00,0x00,0x02,0x03,0x03,0x05,0x06,0x09,0x0A,0x27,
    0x84,0xB7,0xFF,0x75,0x54,0xFF,0xFD,0xFF,0xFF,0xFF,0xFF,0xFF,0xFF,0xFF,0xFF,0xFF,
    0xFF,0xFF,0xFF,0xFF,0xFF,0xFF,0xFF,0xFF,0xFF,0xFF,0xFF,0xFF,0xFF,0xFF,0xFF,0xFF,
    0xFF,0xFF,0xFF,0xFF,0xFF,0xFF,0xFF,0xFF,0xFF,0xFF,0xFF,0xFF,0xFF,0xFF,0xFF,0xFF,
    0xFF,0xFF,0xFF,0xFF,0xFF,0xFF,0xFF,0xFF,0xFF,0xFE,0xFD,0x4F,0x13,0x12,0x0C,0x0A,
    0x07,0x05,0x04,0x02,0x01,0x01,0x00,0x00,0x00,0x00,0x00,0x00,0x00,0x00,0x00,0x00,
    0x01,0x02,0x03,0x04,0x05,0x07,0x0A,0x0B,0x0D,0x14,0xED,0x8B,0x17,0xA8,0xFF,0xFD,
    0xFF,0xFF,0xFF,0xFF,0xFF,0xFF,0xFF,0xFF,0xFF,0xFF,0xFF,0xFF,0xFF,0xFF,0xFF,0xFF,
    0xFF,0xFF,0xFF,0xFF,0xFF,0xFF,0xFF,0xFF,0xFF,0xFF,0xFF,0xFF,0xFF,0xFF,0xFF,0xFF,
    0xFF,0xFF,0xFF,0xFF,0xFF,0xFF,0xFF,0xFF,0xFF,0xFF,0xFF,0xFF,0xFF,0xFF,0xFF,0xFF,
    0xFF,0xFE,0xFF,0x55,0x12,0x12,0x0C,0x09,0x07,0x05,0x03,0x02,0x01,0x00,0x00,0x00,
    0x00,0x00,0x00,0x00,0x00,0x00,0x00,0x00,0x01,0x02,0x03,0x03,0x05,0x06,0x08,0x0A,
    0x11,0x0F,0x4B,0xD1,0x49,0x43,0xFF,0xFF,0xFF,0xFF,0xFF,0xFF,0xFF,0xFF,0xFF,0xFF,
    0xFF,0xFF,0xFF,0xFF,0xFF,0xFF,0xFF,0xFF,0xFF,0xFF,0xFF,0xFF,0xFF,0xFF,0xFF,0xFF,
    0xFF,0xFF,0xFF,0xFF,0xFF,0xFF,0xFF,0xFF,0xFF,0xFF,0xFF,0xFF,0xFF,0xFF,0xFF,0xFF,
    0xFF,0xFF,0xFF,0xFF,0xFF,0xFF,0xFF,0xFF,0xFF,0xFD,0xFF,0xB0,0x12,0x0F,0x0C,0x09,
    0x07,0x05,0x03,0x02,0x01,0x00,0x00,0x00,0x00,0x00,0x00,0x00,0x00,0x00,0x00,0x00,
    0x01,0x01,0x02,0x03,0x04,0x05,0x06,0x08,0x0A,0x0E,0x0E,0x50,0x6A,0x4B,0xFD,0xFF,
    0xFE,0xFC,0xFF,0xFF,0xFF,0xFF,0xFF,0xFF,0xFF,0xFF,0xFF,0xFF,0xFF,0xFF,0xFF,0xFF,
    0xFF,0xFF,0xFF,0xFF,0xFF,0xFF,0xFF,0xFF,0xFF,0xFF,0xFF,0xFF,0xFF,0xFF,0xFF,0xFF,
    0xFF,0xFF,0xFF,0xFF,0xFF,0xFF,0xFF,0xFF,0xFF,0xFF,0xFF,0xFF,0xFF,0xFF,0xFF,0xFF,
    0xFF,0xFD,0xFF,0xD2,0x12,0x0E,0x0C,0x09,0x06,0x04,0x03,0x02,0x01,0x00,0x00,0x00,
    0x00,0x00,0x00,0x00,0x00,0x00,0x00,0x00,0x01,0x01,0x01,0x02,0x03,0x04,0x05,0x07,
    0x08,0x0A,0x0E,0x0E,0x10,0x25,0xEA,0xFD,0xFF,0xFF,0xFC,0xFE,0xFF,0xFF,0xFF,0xFF,
    0xFF,0xFF,0xFF,0xFF,0xFF,0xFF,0xFF,0xFF,0xFF,0xFF,0xFF,0xFF,0xFF,0xFF,0xFF,0xFF,
    0xFF,0xFF,0xFF,0xFF,0xFF,0xFF,0xFF,0xFF,0xFF,0xFF,0xFF,0xFF,0xFF,0xFF,0xFF,0xFF,
    0xFF,0xFF,0xFF,0xFF,0xFF,0xFF,0xFF,0xFF,0xFF,0xFD,0xFF,0xCE,0x11,0x0D,0x0B,0x08,
    0x06,0x04,0x03,0x02,0x01,0x00,0x00,0x00,0x00,0x00,0x00,0x00,0x00,0x00,0x00,0x00,
    0x00,0x01,0x01,0x02,0x02,0x03,0x04,0x06,0x07,0x09,0x0A,0x0F,0x10,0x2A,0xC9,0xFF,
    0xD4,0xB4,0xFF,0xFF,0xFD,0xFF,0xFF,0xFF,0xFF,0xFF,0xFF,0xFF,0xFF,0xFF,0xFF,0xFF,
    0xFF,0xFF,0xFF,0xFF,0xFF,0xFF,0xFF,0xFF,0xFF,0xFF,0xFF,0xFF,0xFF,0xFF,0xFF,0xFF,
    0xFF,0xFF,0xFF,0xFF,0xFF,0xFF,0xFF,0xFF,0xFF,0xFF,0xFF,0xFF,0xFF,0xFF,0xFF,0xFF,
    0xFF,0xFD,0xFF,0xC1,0x10,0x0C,0x0B,0x07,0x06,0x04,0x03,0x01,0x01,0x00,0x00,0x00,
    0x00,0x00,0x00,0x00,0x00,0x00,0x00,0x00,0x00,0x00,0x01,0x01,0x02,0x03,0x03,0x04,
    0x06,0x07,0x09,0x0A,0x0C,0x1A,0x1E,0x9A,0xD9,0x21,0x82,0xEC,0xFF,0xFC,0xFE,0xFF,
    0xFF,0xFF,0xFF,0xFF,0xFF,0xFF,0xFF,0xFF,0xFF,0xFF,0xFF,0xFF,0xFF,0xFF,0xFF,0xFF,
    0xFF,0xFF,0xFF,0xFF,0xFF,0xFF,0xFF,0xFF,0xFF,0xFF,0xFF,0xFF,0xFF,0xFF,0xFF,0xFF,
    0xFF,0xFF,0xFF,0xFF,0xFF,0xFF,0xFF,0xFF,0xFD,0xFA,0xFE,0x93,0x0E,0x0E,0x09,0x07,
    0x05,0x03,0x02,0x01,0x01,0x00,0x00,0x00,0x00,0x00,0x00,0x00,0x00,0x00,0x00,0x00,
    0x00,0x00,0x00,0x01,0x01,0x02,0x03,0x03,0x04,0x06,0x07,0x09,0x0A,0x0C,0x0E,0x10,
    0x7D,0x7A,0x18,0x48,0xE6,0xFF,0xFF,0xFF,0xFF,0xFF,0xFF,0xFF,0xFF,0xFF,0xFF,0xFF,
    0xFF,0xFF,0xFF,0xFF,0xFF,0xFF,0xFF,0xFF,0xFF,0xFF,0xFF,0xFF,0xFF,0xFF,0xFF,0xFF,
    0xFF,0xFF,0xFF,0xFF,0xFF,0xFF,0xFF,0xFF,0xFF,0xFF,0xFF,0xFF,0xFF,0xFF,0xFF,0xFD,
    0xFF,0xFF,0xFF,0x65,0x0D,0x0D,0x08,0x06,0x04,0x03,0x02,0x01,0x01,0x00,0x00,0x00,
    0x00,0x00,0x00,0x00,0x00,0x00,0x00,0x00,0x00,0x00,0x00,0x00,0x01,0x01,0x02,0x03,
    0x03,0x04,0x06,0x07,0x09,0x0A,0x0D,0x0F,0x11,0x20,0x1B,0x18,0x48,0xC5,0x88,0x66,
    0xFA,0xFF,0xFE,0xFF,0xFF,0xFF,0xFF,0xFF,0xFF,0xFF,0xFF,0xFF,0xFF,0xFF,0xFF,0xFF,
    0xFF,0xFF,0xFF,0xFF,0xFF,0xFF,0xFF,0xFF,0xFF,0xFF,0xFF,0xFF,0xFF,0xFF,0xFF,0xFF,
    0xFF,0xFE,0xFF,0xFF,0xFF,0xFF,0xFB,0xFF,0xB5,0xBE,0xED,0x1F,0x0C,0x0A,0x07,0x06,
    0x04,0x03,0x02,0x01,0x00,0x00,0x00,0x00,0x00,0x00,0x00,0x00,0x00,0x00,0x00,0x00,
    0x00,0x00,0x00,0x00,0x00,0x01,0x01,0x02,0x03,0x03,0x04,0x06,0x07,0x09,0x0B,0x0D,
    0x11,0x12,0x14,0x19,0x1A,0x1C,0x1F,0x6E,0xFB,0xFE,0xFF,0xFF,0xFF,0xFF,0xFF,0xFF,
    0xFF,0xFF,0xFF,0xFF,0xFF,0xFF,0xFF,0xFF,0xFF,0xFF,0xFF,0xFF,0xFF,0xFF,0xFF,0xFF,
    0xFF,0xFF,0xFF,0xFF,0xFF,0xFF,0xFF,0xFF,0xFF,0xFF,0xFF,0xFF,0xFD,0xFB,0xFF,0xBE,
    0x17,0xA2,0x74,0x0D,0x0D,0x09,0x07,0x05,0x03,0x02,0x01,0x01,0x00,0x00,0x00,0x00,
    0x00,0x00,0x00,0x00,0x00,0x00,0x00,0x00,0x00,0x00,0x00,0x00,0x00,0x00,0x01,0x01,
    0x02,0x03,0x04,0x05,0x06,0x08,0x0A,0x0C,0x0E,0x11,0x13,0x16,0x1C,0x1B,0x6F,0xFD,
    0xFF,0xFE,0xFF,0xFF,0xFF,0xFF,0xFF,0xFF,0xFF,0xFF,0xFF,0xFF,0xFF,0xFF,0xFF,0xFF,
    0xFF,0xFF,0xFF,0xFF,0xFF,0xFF,0xFF,0xFF,0xFF,0xFF,0xFF,0xFF,0xFF,0xFF,0xFF,0xFF,
    0xFF,0xFB,0xFD,0xFE,0xFF,0xFF,0xB5,0x41,0xA0,0x71,0x0E,0x0E,0x09,0x07,0x06,0x04,
    0x03,0x02,0x01,0x01,0x00,0x00,0x00,0x00,0x00,0x00,0x00,0x00,0x00,0x00,0x00,0x00,
    0x00,0x00,0x00,0x00,0x00,0x00,0x01,0x01,0x01,0x02,0x03,0x04,0x05,0x07,0x09,0x0B,
    0x0D,0x10,0x12,0x17,0x18,0x31,0xEB,0xFF,0xFD,0xFF,0xFF,0xFF,0xFF,0xFF,0xFF,0xFF,
    0xFF,0xFF,0xFF,0xFF,0xFF,0xFF,0xFF,0xFF,0xFF,0xFF,0xFF,0xFF,0xFF,0xFF,0xFF,0xFF,
    0xFF,0xFF,0xFF,0xFF,0xFF,0xFF,0xFE,0xFF,0xF7,0x53,0xCA,0xFF,0xD3,0x71,0x19,0x20,
    0x37,0x0F,0x0E,0x0A,0x08,0x06,0x05,0x04,0x02,0x01,0x01,0x00,0x00,0x00,0x00,0x00,
    0x00,0x00,0x00,0x00,0x00,0x00,0x00,0x00,0x00,0x00,0x00,0x00,0x00,0x00,0x00,0x01,
    0x01,0x02,0x03,0x04,0x05,0x06,0x08,0x0A,0x0D,0x0F,0x12,0x18,0x18,0x78,0xFF,0xFC,
    0xFF,0xFF,0xFF,0xFF,0xFF,0xFF,0xFF,0xFF,0xFF,0xFF,0xFF,0xFF,0xFF,0xFF,0xFF,0xFF,
    0xFF,0xFF,0xFF,0xFF,0xFF,0xFF,0xFF,0xFF,0xFF,0xFF,0xFF,0xFF,0xFF,0xFF,0xFF,0xFE,
    0xFC,0x9C,0x5F,0x5E,0x28,0x19,0x16,0x13,0x10,0x10,0x0B,0x09,0x07,0x06,0x04,0x03,
    0x02,0x01,0x01,0x00,0x00,0x00,0x00,0x00,0x00,0x00,0x00,0x00,0x00,0x00,0x00,0x00,
    0x00,0x00,0x00,0x00,0x00,0x00,0x00,0x01,0x01,0x02,0x03,0x04,0x05,0x06,0x08,0x0A,
    0x0D,0x0F,0x12,0x16,0x1B,0xBE,0xFE,0xFC,0xFF,0xFF,0xFF,0xFF,0xFF,0xFF,0xFF,0xFF,
    0xFF,0xFF,0xFF,0xFF,0xFF,0xFF,0xFF,0xFF,0xFF,0xFF,0xFF,0xFF,0xFF,0xFF,0xFF,0xFF,
    0xFF,0xFF,0xFF,0xFF,0xFF,0xFF,0xFF,0xFF,0xFE,0xFF,0xB3,0x1D,0x1B,0x1D,0x15,0x12,
    0x10,0x0D,0x0A,0x08,0x06,0x05,0x03,0x02,0x01,0x01,0x00,0x00,0x00,0x00,0x00,0x00,
    0x00,0x00,0x00,0x00,0x00,0x00,0x00,0x00,0x00,0x00,0x00,0x00,0x00,0x00,0x00,0x01,
    0x01,0x02,0x03,0x04,0x05,0x07,0x09,0x0B,0x0D,0x10,0x14,0x16,0x29,0xE6,0xFF,0xFD,
    0xFF,0xFF,0xFF,0xFF,0xFF,0xFF,0xFF,0xFF,0xFF,0xFF,0xFF,0xFF,0xFF,0xFF,0xFF,0xFF,
    0xFF,0xFF,0xFF,0xFF,0xFF,0xFF,0xFF,0xFF,0xFF,0xFF,0xFF,0xFF,0xFF,0xFF,0xFF,0xFF,
    0xFF,0xFC,0xFF,0xCC,0x40,0x17,0x15,0x11,0x0E,0x0C,0x09,0x07,0x06,0x04,0x03,0x02,
    0x01,0x01,0x00,0x00,0x00,0x00,0x00,0x00,0x00,0x00,0x00,0x00,0x00,0x00,0x00,0x00,
    0x00,0x00,0x00,0x00,0x00,0x00,0x00,0x01,0x01,0x02,0x03,0x04,0x06,0x07,0x0A,0x0C,
    0x0E,0x11,0x16,0x18,0x1F,0xE3,0xFF,0xFD,0xFF,0xFF,0xFF,0xFF,0xFF,0xFF,0xFF,0xFF,
    0xFF,0xFF,0xFF,0xFF,0xFF,0xFF,0xFF,0xFF,0xFF,0xFF,0xFF,0xFF,0xFF,0xFF,0xFF,0xFF,
    0xFF,0xFF,0xFF,0xFF,0xFF,0xFF,0xFF,0xFF,0xFF,0xFF,0xFB,0xFF,0xD2,0x24,0x14,0x11,
    0x0D,0x0B,0x09,0x06,0x05,0x03,0x02,0x01,0x01,0x00,0x00,0x00,0x00,0x00,0x00,0x00,
    0x00,0x00,0x00,0x00,0x00,0x00,0x00,0x00,0x00,0x00,0x00,0x00,0x00,0x00,0x01,0x01,
    0x02,0x03,0x04,0x05,0x07,0x09,0x0B,0x0D,0x10,0x13,0x16,0x18,0x69,0xF7,0xFE,0xFE,
    0xFF,0xFF,0xFF,0xFF,0xFF,0xFF,0xFF,0xFF,0xFF,0xFF,0xFF,0xFF,0xFF,0xFF,0xFF,0xFF,
    0xFF,0xFF,0xFF,0xFF,0xFF,0xFF,0xFF,0xFF,0xFF,0xFF,0xFF,0xFF,0xFF,0xFF,0xFF,0xFF,
    0xFF,0xFF,0xFF,0xFB,0xFF,0x7B,0x13,0x13,0x0D,0x0A,0x08,0x06,0x04,0x03,0x02,0x01,
    0x01,0x00,0x00,0x00,0x00,0x00,0x00,0x00,0x00,0x00,0x00,0x00,0x00,0x00,0x00,0x00,
    0x00,0x00,0x00,0x00,0x00,0x01,0x01,0x02,0x03,0x04,0x05,0x06,0x08,0x0A,0x0C,0x0F,
    0x12,0x14,0x18,0x90,0xFE,0xFF,0xFF,0xFF,0xFF,0xFF,0xFF,0xFF,0xFF,0xFF,0xFF,0xFF,
    0xFF,0xFF,0xFF,0xFF,0xFF,0xFF,0xFF,0xFF,0xFF,0xFF,0xFF,0xFF,0xFF,0xFF,0xFF,0xFF,
    0xFF,0xFF,0xFF,0xFF,0xFF,0xFF,0xFF,0xFF,0xFF,0xFF,0xFE,0xFE,0xF4,0x58,0x12,0x11,
    0x0D,0x0A,0x08,0x06,0x04,0x03,0x02,0x01,0x00,0x00,0x00,0x00,0x00,0x00,0x00,0x00,
    0x00,0x00,0x00,0x00,0x00,0x00,0x00,0x00,0x00,0x00,0x00,0x00,0x01,0x01,0x02,0x03,
    0x04,0x05,0x06,0x08,0x0A,0x0C,0x0E,0x13,0x13,0x25,0xB8,0xFF,0xFE,0xFE,0xFF,0xFF,
    0xFF,0xFF,0xFF,0xFF,0xFF,0xFF,0xFF,0xFF,0xFF,0xFF,0xFF,0xFF,0xFF,0xFF,0xFF,0xFF,
    0xFF,0xFF,0xFF,0xFF,0xFF,0xFF,0xFF,0xFF,0xFF,0xFF,0xFF,0xFF,0xFF,0xFF,0xFF,0xFF,
    0xFF,0xFF,0xFD,0xFF,0xD7,0x1A,0x13,0x10,0x0D,0x0A,0x08,0x06,0x04,0x03,0x02,0x01,
    0x00,0x00,0x00,0x00,0x00,0x00,0x00,0x00,0x00,0x00,0x00,0x00,0x00,0x00,0x00,0x00,
    0x00,0x00,0x00,0x01,0x01,0x02,0x02,0x03,0x04,0x06,0x07,0x09,0x0B,0x0E,0x13,0x13,
    0x23,0xC0,0xFF,0xFC,0xFE,0xFF,0xFF,0xFF,0xFF,0xFF,0xFF,0xFF,0xFF,0xFF,0xFF,0xFF,
    0xFF,0xFF,0xFF,0xFF,0xFF,0xFF,0xFF,0xFF,0xFF,0xFF,0xFF,0xFF,0xFF,0xFF,0xFF,0xFF,
    0xFF,0xFF,0xFF,0xFF,0xFF,0xFF,0xFF,0xFF,0xFF,0xFF,0xFE,0xFF,0xF8,0x3E,0x13,0x12,
    0x0D,0x0A,0x08,0x06,0x04,0x03,0x02,0x01,0x00,0x00,0x00,0x00,0x00,0x00,0x00,0x00,
    0x00,0x00,0x00,0x00,0x00,0x00,0x00,0x00,0x00,0x00,0x00,0x01,0x01,0x02,0x03,0x04,
    0x06,0x07,0x09,0x0B,0x0D,0x13,0x12,0x37,0xC2,0xFF,0xFB,0xFF,0xFF,0xFF,0xFF,0xFF,
    0xFF,0xFF,0xFF,0xFF,0xFF,0xFF,0xFF,0xFF,0xFF,0xFF,0xFF,0xFF,0xFF,0xFF,0xFF,0xFF,
    0xFF,0xFF,0xFF,0xFF,0xFF,0xFF,0xFF,0xFF,0xFF,0xFF,0xFF,0xFF,0xFF,0xFF,0xFF,0xFF,
    0xFF,0xFF,0xFE,0xFF,0xFC,0x43,0x13,0x12,0x0D,0x0A,0x08,0x06,0x04,0x03,0x02,0x01,
    0x00,0x00,0x00,0x00,0x00,0x00,0x00,0x00,0x00,0x00,0x00,0x00,0x00,0x00,0x00,0x00,
    0x00,0x00,0x01,0x01,0x02,0x03,0x04,0x05,0x07,0x09,0x0B,0x0D,0x13,0x12,0x44,0xE6,
    0xFF,0xFC,0xFF,0xFF,0xFF,0xFF,0xFF,0xFF,0xFF,0xFF,0xFF,0xFF,0xFF,0xFF,0xFF,0xFF,
    0xFF,0xFF,0xFF,0xFF,0xFF,0xFF,0xFF,0xFF,0xFF,0xFF,0xFF,0xFF,0xFF,0xFF,0xFF,0xFF,
    0xFF,0xFF,0xFF,0xFF,0xFF,0xFF,0xFF,0xFF,0xFF,0xFF,0xFE,0xFF,0xFB,0x43,0x15,0x13,
    0x0E,0x0B,0x09,0x07,0x05,0x03,0x02,0x01,0x01,0x00,0x00,0x00,0x00,0x00,0x00,0x00,
    0x00,0x00,0x00,0x00,0x00,0x00,0x00,0x00,0x00,0x01,0x01,0x02,0x03,0x04,0x05,0x07,
    0x09,0x0A,0x0D,0x11,0x12,0x43,0xE7,0xFF,0xFB,0xFF,0xFF,0xFF,0xFF,0xFF,0xFF,0xFF,
    0xFF,0xFF,0xFF,0xFF,0xFF,0xFF,0xFF,0xFF,0xFF,0xFF,0xFF,0xFF,0xFF,0xFF,0xFF,0xFF,
    0xFF,0xFF,0xFF,0xFF,0xFF,0xFF,0xFF,0xFF,0xFF,0xFF,0xFF,0xFF,0xFF,0xFF,0xFF,0xFF,
    0xFF,0xFF,0xFE,0xFF,0xFC,0x3F,0x15,0x14,0x0F,0x0C,0x09,0x07,0x05,0x04,0x03,0x01,
    0x01,0x00,0x00,0x00,0x00,0x00,0x00,0x00,0x00,0x00,0x00,0x00,0x00,0x00,0x00,0x00,
    0x01,0x01,0x02,0x03,0x03,0x05,0x06,0x08,0x0A,0x0C,0x12,0x11,0x41,0xE5,0xFF,0xFC,
    0xFF,0xFF,0xFF,0xFF,0xFF,0xFF,0xFF,0xFF,0xFF,0xFF,0xFF,0xFF,0xFF,0xFF,0xFF,0xFF,
    0xFF,0xFF,0xFF,0xFF,0xFF,0xFF,0xFF,0xFF,0xFF,0xFF,0xFF,0xFF,0xFF,0xFF,0xFF,0xFF,
    0xFF,0xFF,0xFF,0xFF,0xFF,0xFF,0xFF,0xFF,0xFF,0xFF,0xFF,0xFD,0xFF,0xB1,0x20,0x15,
    0x11,0x0D,0x0A,0x08,0x06,0x04,0x03,0x02,0x01,0x01,0x00,0x00,0x00,0x00,0x00,0x00,
    0x00,0x00,0x00,0x00,0x00,0x00,0x00,0x00,0x01,0x01,0x02,0x03,0x04,0x06,0x08,0x0A,
    0x0C,0x10,0x11,0x31,0xE5,0xFF,0xFC,0xFF,0xFF,0xFF,0xFF,0xFF,0xFF,0xFF,0xFF,0xFF,
    0xFF,0xFF,0xFF,0xFF,0xFF,0xFF,0xFF,0xFF,0xFF,0xFF,0xFF,0xFF,0xFF,0xFF,0xFF,0xFF,
    0xFF,0xFF,0xFF,0xFF,0xFF,0xFF,0xFF,0xFF,0xFF,0xFF,0xFF,0xFF,0xFF,0xFF,0xFF,0xFF,
    0xFF,0xFF,0xFF,0xFF,0xFD,0xFF,0x97,0x14,0x13,0x0E,0x0C,0x09,0x07,0x05,0x04,0x03,
    0x02,0x01,0x00,0x00,0x00,0x00,0x00,0x00,0x00,0x00,0x00,0x00,0x00,0x00,0x00,0x00,
    0x01,0x02,0x03,0x04,0x05,0x07,0x09,0x0B,0x0F,0x11,0x1F,0xBF,0xFF,0xFC,0xFF,0xFF,
    0xFF,0xFF,0xFF,0xFF,0xFF,0xFF,0xFF,0xFF,0xFF,0xFF,0xFF,0xFF,0xFF,0xFF,0xFF,0xFF,
    0xFF,0xFF,0xFF,0xFF,0xFF,0xFF,0xFF,0xFF,0xFF,0xFF,0xFF,0xFF,0xFF,0xFF,0xFF,0xFF,
    0xFF,0xFF,0xFF,0xFF,0xFF,0xFF,0xFF,0xFF,0xFF,0xFF,0xFF,0xFF,0xFE,0xFD,0xF2,0x38,
    0x13,0x12,0x0D,0x0A,0x08,0x06,0x05,0x03,0x02,0x01,0x01,0x00,0x00,0x00,0x00,0x00,
    0x00,0x00,0x00,0x00,0x00,0x00,0x00,0x00,0x02,0x03,0x03,0x05,0x06,0x08,0x0A,0x0D,
    0x12,0x12,0x99,0xFF,0xFB,0xFF,0xFF,0xFF,0xFF,0xFF,0xFF,0xFF,0xFF,0xFF,0xFF,0xFF,
    0xFF,0xFF,0xFF,0xFF,0xFF,0xFF,0xFF,0xFF,0xFF,0xFF,0xFF,0xFF,0xFF,0xFF,0xFF,0xFF,
    0xFF,0xFF,0xFF,0xFF,0xFF,0xFF,0xFF,0xFF,0xFF,0xFF,0xFF,0xFF,0xFF,0xFF,0xFF,0xFF,
    0xFF,0xFF,0xFF,0xFF,0xFF,0xFC,0xFF,0x9A,0x14,0x13,0x0F,0x0C,0x09,0x07,0x06,0x04,
    0x03,0x02,0x01,0x01,0x00,0x00,0x00,0x00,0x00,0x00,0x00,0x00,0x00,0x00,0x00,0x00,
    0x02,0x03,0x04,0x06,0x07,0x0A,0x0C,0x11,0x11,0x63,0xFF,0xFC,0xFE,0xFF,0xFF,0xFF,
    0xFF,0xFF,0xFF,0xFF,0xFF,0xFF,0xFF,0xFF,0xFF,0xFF,0xFF,0xFF,0xFF,0xFF,0xFF,0xFF,
    0xFF,0xFF,0xFF,0xFF,0xFF,0xFF,0xFF,0xFF,0xFF,0xFF,0xFF,0xFF,0xFF,0xFF,0xFF,0xFF,
    0xFF,0xFF,0xFF,0xFF,0xFF,0xFF,0xFF,0xFF,0xFF,0xFF,0xFF,0xFF,0xFF,0xFD,0xFE,0xD4,
    0x1F,0x14,0x11,0x0D,0x0B,0x09,0x07,0x05,0x04,0x03,0x02,0x01,0x01,0x00,0x00,0x00,
    0x00,0x00,0x00,0x00,0x00,0x00,0x00,0x00,0x03,0x04,0x05,0x07,0x09,0x0B,0x0F,0x11,
    0x23,0xE3,0xFF,0xFD,0xFF,0xFF,0xFF,0xFF,0xFF,0xFF,0xFF,0xFF,0xFF,0xFF,0xFF,0xFF,
    0xFF,0xFF,0xFF,0xFF,0xFF,0xFF,0xFF,0xFF,0xFF,0xFF,0xFF,0xFF,0xFF,0xFF,0xFF,0xFF,
    0xFF,0xFF,0xFF,0xFF,0xFF,0xFF,0xFF,0xFF,0xFF,0xFF,0xFF,0xFF,0xFF,0xFF,0xFF,0xFF,
    0xFF,0xFF,0xFF,0xFF,0xFF,0xFE,0xFF,0xF0,0x29,0x15,0x16,0x0F,0x0D,0x0A,0x08,0x06,
    0x05,0x04,0x03,0x02,0x01,0x01,0x00,0x00,0x00,0x00,0x00,0x00,0x00,0x00,0x00,0x00,
    0x04,0x05,0x06,0x08,0x0A,0x0D,0x11,0x12,0x95,0xFF,0xFC,0xFF,0xFF,0xFF,0xFF,0xFF,
    0xFF,0xFF,0xFF,0xFF,0xFF,0xFF,0xFF,0xFF,0xFF,0xFF,0xFF,0xFF,0xFF,0xFF,0xFF,0xFF,
    0xFF,0xFF,0xFF,0xFF,0xFF,0xFF,0xFF,0xFF,0xFF,0xFF,0xFF,0xFF,0xFF,0xFF,0xFF,0xFF,
    0xFF,0xFF,0xFF,0xFF,0xFF,0xFF,0xFF,0xFF,0xFF,0xFF,0xFF,0xFF,0xFF,0xFE,0xFF,0xF9,
    0x8E,0x1A,0x14,0x13,0x0E,0x0C,0x0A,0x08,0x06,0x05,0x03,0x02,0x01,0x01,0x00,0x00,
    0x00,0x00,0x00,0x00,0x00,0x00,0x00,0x00,0x05,0x06,0x07,0x09,0x0C,0x10,0x11,0x41,
    0xF5,0xFD,0xFE,0xFF,0xFF,0xFF,0xFF,0xFF,0xFF,0xFF,0xFF,0xFF,0xFF,0xFF,0xFF,0xFF,
    0xFF,0xFF,0xFF,0xFF,0xFF,0xFF,0xFF,0xFF,0xFF,0xFF,0xFF,0xFF,0xFF,0xFF,0xFF,0xFF,
    0xFF,0xFF,0xFF,0xFF,0xFF,0xFF,0xFF,0xFF,0xFF,0xFF,0xFF,0xFF,0xFF,0xFF,0xFF,0xFF,
    0xFF,0xFF,0xFF,0xFF,0xFF,0xFF,0xFF,0xFF,0xFF,0xBA,0x3A,0x13,0x13,0x0E,0x0C,0x09,
    0x07,0x06,0x04,0x03,0x02,0x01,0x01,0x00,0x00,0x00,0x00,0x00,0x00,0x00,0x00,0x00,
    0x06,0x07,0x09,0x0B,0x0D,0x12,0x12,0xAB,0xFF,0xFC,0xFF,0xFF,0xFF,0xFF,0xFF,0xFF,
    0xFF,0xFF,0xFF,0xFF,0xFF,0xFF,0xFF,0xFF,0xFF,0xFF,0xFF,0xFF,0xFF,0xFF,0xFF,0xFF,
    0xFF,0xFF,0xFF,0xFF,0xFF,0xFF,0xFF,0xFF,0xFF,0xFF,0xFF,0xFF,0xFF,0xFF,0xFF,0xFF,
    0xFF,0xFF,0xFF,0xFF,0xFF,0xFF,0xFF,0xFF,0xFF,0xFF,0xFF,0xFF,0xFF,0xFF,0xFF,0xFF,
    0xFB,0xFF,0xDD,0x25,0x12,0x13,0x0D,0x0B,0x09,0x07,0x05,0x04,0x03,0x02,0x01,0x01,
    0x00,0x00,0x00,0x00,0x00,0x00,0x00,0x00,0x07,0x08,0x0A,0x0C,0x10,0x11,0x27,0xE6,
    0xFE,0xFD,0xFF,0xFF,0xFF,0xFF,0xFF,0xFF,0xFF,0xFF,0xFF,0xFF,0xFF,0xFF,0xFF,0xFF,
    0xFF,0xFF,0xFF,0xFF,0xFF,0xFF,0xFF,0xFF,0xFF,0xFF,0xFF,0xFF,0xFF,0xFF,0xFF,0xFF,
    0xFF,0xFF,0xFF,0xFF,0xFF,0xFF,0xFF,0xFF,0xFF,0xFF,0xFF,0xFF,0xFF,0xFF,0xFF,0xFF,
    0xFF,0xFF,0xFF,0xFF,0xFF,0xFF,0xFF,0xFF,0xFF,0xFC,0xFF,0xC8,0x3D,0x12,0x13,0x0D,
    0x0A,0x09,0x07,0x05,0x04,0x03,0x02,0x01,0x01,0x00,0x00,0x00,0x00,0x00,0x00,0x00,
    0x08,0x0A,0x0C,0x0E,0x13,0x13,0x76,0xFF,0xFD,0xFF,0xFF,0xFF,0xFF,0xFF,0xFF,0xFF,
    0xFF,0xFF,0xFF,0xFF,0xFF,0xFF,0xFF,0xFF,0xFF,0xFF,0xFF,0xFF,0xFF,0xFF,0xFF,0xFF,
    0xFF,0xFF,0xFF,0xFF,0xFF,0xFF,0xFF,0xFF,0xFF,0xFF,0xFF,0xFF,0xFF,0xFF,0xFF,0xFF,
    0xFF,0xFF,0xFF,0xFF,0xFF,0xFF,0xFF,0xFF,0xFF,0xFF,0xFF,0xFF,0xFF,0xFF,0xFF,0xFF,
    0xFF,0xFF,0xFC,0xFF,0xE4,0x3F,0x11,0x11,0x0C,0x0A,0x08,0x06,0x05,0x04,0x03,0x02,
    0x01,0x01,0x00,0x00,0x00,0x00,0x00,0x00,0x0A,0x0B,0x0D,0x0F,0x13,0x17,0xBF,0xFF,
    0xFC,0xFF,0xFF,0xFF,0xFF,0xFF,0xFF,0xFF,0xFF,0xFF,0xFF,0xFF,0xFF,0xFF,0xFF,0xFF,
    0xFF,0xFF,0xFF,0xFF,0xFF,0xFF,0xFF,0xFF,0xFF,0xFF,0xFF,0xFF,0xFF,0xFF,0xFF,0xFF,
    0xFF,0xFF,0xFF,0xFF,0xFF,0xFF,0xFF,0xFF,0xFF,0xFF,0xFF,0xFF,0xFF,0xFF,0xFF,0xFF,
    0xFF,0xFF,0xFF,0xFF,0xFF,0xFF,0xFF,0xFF,0xFF,0xFF,0xFF,0xFB,0xFF,0xE3,0x51,0x11,
    0x0F,0x0C,0x0A,0x08,0x06,0x05,0x04,0x03,0x02,0x01,0x01,0x01,0x00,0x00,0x00,0x00,
    0x0B,0x0D,0x0F,0x14,0x16,0x32,0xEF,0xFF,0xFE,0xFF,0xFF,0xFF,0xFF,0xFF,0xFF,0xFF,
    0xFF,0xFF,0xFF,0xFF,0xFF,0xFF,0xFF,0xFF,0xFF,0xFF,0xFF,0xFF,0xFF,0xFF,0xFF,0xFF,
    0xFF,0xFF,0xFF,0xFF,0xFF,0xFF,0xFF,0xFF,0xFF,0xFF,0xFF,0xFF,0xFF,0xFF,0xFF,0xFF,
    0xFF,0xFF,0xFF,0xFF,0xFF,0xFF,0xFF,0xFF,0xFF,0xFF,0xFF,0xFF,0xFF,0xFF,0xFF,0xFF,
    0xFF,0xFF,0xFF,0xFF,0xFD,0xFF,0xFB,0x51,0x10,0x11,0x0C,0x0A,0x08,0x06,0x05,0x04,
    0x03,0x02,0x02,0x01,0x01,0x01,0x00,0x00,0x0D,0x0E,0x11,0x12,0x15,0x2E,0xF2,0xFF,
    0xFE,0xFF,0xFF,0xFF,0xFF,0xFF,0xFF,0xFF,0xFF,0xFF,0xFF,0xFF,0xFF,0xFF,0xFF,0xFF,
    0xFF,0xFF,0xFF,0xFF,0xFF,0xFF,0xFF,0xFF,0xFF,0xFF,0xFF,0xFF,0xFF,0xFF,0xFF,0xFF,
    0xFF,0xFF,0xFF,0xFF,0xFF,0xFF,0xFF,0xFF,0xFF,0xFF,0xFF,0xFF,0xFF,0xFF,0xFF,0xFF,
    0xFF,0xFF,0xFF,0xFF,0xFF,0xFF,0xFF,0xFF,0xFF,0xFF,0xFF,0xFF,0xFF,0xFB,0xFF,0xBD,
    0x13,0x11,0x0D,0x0B,0x09,0x08,0x06,0x05,0x04,0x03,0x03,0x02,0x02,0x01,0x01,0x01,
    0x0E,0x12,0x12,0x1F,0x85,0xB7,0xF9,0xFF,0xFF,0xFF,0xFF,0xFF,0xFF,0xFF,0xFF,0xFF,
    0xFF,0xFF,0xFF,0xFF,0xFF,0xFF,0xFF,0xFF,0xFF,0xFF,0xFF,0xFF,0xFF,0xFF,0xFF,0xFF,
    0xFF,0xFF,0xFF,0xFF,0xFF,0xFF,0xFF,0xFF,0xFF,0xFF,0xFF,0xFF,0xFF,0xFF,0xFF,0xFF,
    0xFF,0xFF,0xFF,0xFF,0xFF,0xFF,0xFF,0xFF,0xFF,0xFF,0xFF,0xFF,0xFF,0xFF,0xFF,0xFF,
    0xFF,0xFF,0xFF,0xFF,0xFF,0xFE,0xFE,0xEA,0x2A,0x12,0x12,0x0D,0x0C,0x0A,0x08,0x07,
    0x06,0x05,0x04,0x03,0x03,0x02,0x02,0x01,0x0F,0x11,0x1F,0xBD,0xFF,0xFF,0xFF,0xFF,
    0xFF,0xFF,0xFF,0xFF,0xFF,0xFF,0xFF,0xFF,0xFF,0xFF,0xFF,0xFF,0xFF,0xFF,0xFF,0xFF,
    0xFF,0xFF,0xFF,0xFF,0xFF,0xFF,0xFF,0xFF,0xFF,0xFF,0xFF,0xFF,0xFF,0xFF,0xFF,0xFF,
    0xFF,0xFF,0xFF,0xFF,0xFF,0xFF,0xFF,0xFF,0xFF,0xFF,0xFF,0xFF,0xFF,0xFF,0xFF,0xFF,
    0xFF,0xFF,0xFF,0xFF,0xFF,0xFF,0xFF,0xFF,0xFF,0xFF,0xFF,0xFF,0xFF,0xFF,0xFD,0xFF,
    0x78,0x14,0x15,0x10,0x0E,0x0C,0x0A,0x09,0x07,0x06,0x05,0x04,0x04,0x03,0x02,0x02,
    0x10,0x2A,0xBA,0xFF,0xFB,0xFC,0xFF,0xFF,0xFF,0xFF,0xFF,0xFF,0xFF,0xFF,0xFF,0xFF,
    0xFF,0xFF,0xFF,0xFF,0xFF,0xFF,0xFF,0xFF,0xFF,0xFF,0xFF,0xFF,0xFF,0xFF,0xFF,0xFF,
    0xFF,0xFF,0xFF,0xFF,0xFF,0xFF,0xFF,0xFF,0xFF,0xFF,0xFF,0xFF,0xFF,0xFF,0xFF,0xFF,
    0xFF,0xFF,0xFF,0xFF,0xFF,0xFF,0xFF,0xFF,0xFF,0xFF,0xFF,0xFF,0xFF,0xFF,0xFF,0xFF,
    0xFF,0xFF,0xFF,0xFF,0xFF,0xFF,0xFC,0xFF,0xBC,0x17,0x15,0x12,0x11,0x0F,0x0D,0x0B,
    0x09,0x08,0x07,0x06,0x05,0x04,0x03,0x03,0x11,0x5A,0xFF,0xFD,0xFE,0xFF,0xFF,0xFF,
    0xFF,0xFF,0xFF,0xFF,0xFF,0xFF,0xFF,0xFF,0xFF,0xFF,0xFF,0xFF,0xFF,0xFF,0xFF,0xFF,
    0xFF,0xFF,0xFF,0xFF,0xFF,0xFF,0xFF,0xFF,0xFF,0xFF,0xFF,0xFF,0xFF,0xFF,0xFF,0xFF,
    0xFF,0xFF,0xFF,0xFF,0xFF,0xFF,0xFF,0xFF,0xFF,0xFF,0xFF,0xFF,0xFF,0xFF,0xFF,0xFF,
    0xFF,0xFF,0xFF,0xFF,0xFF,0xFF,0xFF,0xFF,0xFF,0xFF,0xFF,0xFF,0xFF,0xFF,0xFC,0xFF,
    0xC2,0x19,0x1B,0x18,0x13,0x10,0x0F,0x0D,0x0C,0x0B,0x08,0x07,0x06,0x05,0x04,0x04,
    0x12,0x64,0xFB,0xFE,0xFF,0xFF,0xFF,0xFF,0xFF,0xFF,0xFF,0xFF,0xFF,0xFF,0xFF,0xFF,
    0xFF,0xFF,0xFF,0xFF,0xFF,0xFF,0xFF,0xFF,0xFF,0xFF,0xFF,0xFF,0xFF,0xFF,0xFF,0xFF,
    0xFF,0xFF,0xFF,0xFF,0xFF,0xFF,0xFF,0xFF,0xFF,0xFF,0xFF,0xFF,0xFF,0xFF,0xFF,0xFF,
    0xFF,0xFF,0xFF,0xFF,0xFF,0xFF,0xFF,0xFF,0xFF,0xFF,0xFF,0xFF,0xFF,0xFF,0xFF,0xFF,
    0xFF,0xFF,0xFF,0xFF,0xFF,0xFF,0xFD,0xFF,0xDE,0x29,0x19,0x17,0x18,0x26,0x1C,0x13,
    0x0D,0x0C,0x0B,0x09,0x08,0x07,0x06,0x05,0x13,0x64,0xFA,0xFE,0xFF,0xFF,0xFF,0xFF,
    0xFF,0xFF,0xFF,0xFF,0xFF,0xFF,0xFF,0xFF,0xFF,0xFF,0xFF,0xFF,0xFF,0xFF,0xFF,0xFF,
    0xFF,0xFF,0xFF,0xFF,0xFF,0xFF,0xFF,0xFF,0xFF,0xFF,0xFF,0xFF,0xFF,0xFF,0xFF,0xFF,
    0xFF,0xFF,0xFF,0xFF,0xFF,0xFF,0xFF,0xFF,0xFF,0xFF,0xFF,0xFF,0xFF,0xFF,0xFF,0xFF,
    0xFF,0xFF,0xFF,0xFF,0xFF,0xFF,0xFF,0xFF,0xFF,0xFF,0xFF,0xFF,0xFF,0xFF,0xFD,0xFF,
    0xD6,0x2A,0x62,0x88,0xC9,0xEB,0x95,0x12,0x1A,0x1E,0x0C,0x0C,0x09,0x08,0x07,0x06,
    0x13,0x14,0x95,0xFF,0xFC,0xFF,0xFF,0xFF,0xFF,0xFF,0xFF,0xFF,0xFF,0xFF,0xFF,0xFF,
    0xFF,0xFF,0xFF,0xFF,0xFF,0xFF,0xFF,0xFF,0xFF,0xFF,0xFF,0xFF,0xFF,0xFF,0xFF,0xFF,
    0xFF,0xFF,0xFF,0xFF,0xFF,0xFF,0xFF,0xFF,0xFF,0xFF,0xFF,0xFF,0xFF,0xFF,0xFF,0xFF,
    0xFF,0xFF,0xFF,0xFF,0xFF,0xFF,0xFF,0xFF,0xFF,0xFF,0xFF,0xFF,0xFF,0xFF,0xFF,0xFF,
    0xFF,0xFF,0xFF,0xFF,0xFF,0xFF,0xFE,0xFF,0xEE,0xCE,0xFF,0xFF,0xFF,0xFF,0xD2,0x83,
    0xBC,0xD1,0x28,0x0C,0x0D,0x09,0x08,0x07,0x13,0x14,0x41,0xFA,0xFF,0xFE,0xFF,0xFF,
    0xFF,0xFF,0xFF,0xFF,0xFF,0xFF,0xFF,0xFF,0xFF,0xFF,0xFF,0xFF,0xFF,0xFF,0xFF,0xFF,
    0xFF,0xFF,0xFF,0xFF,0xFF,0xFF,0xFF,0xFF,0xFF,0xFF,0xFF,0xFF,0xFF,0xFF,0xFF,0xFF,
    0xFF,0xFF,0xFF,0xFF,0xFF,0xFF,0xFF,0xFF,0xFF,0xFF,0xFF,0xFF,0xFF,0xFF,0xFF,0xFF,
    0xFF,0xFF,0xFF,0xFF,0xFF,0xFF,0xFF,0xFF,0xFF,0xFF,0xFF,0xFF,0xFF,0xFF,0xFF,0xFF,
    0xFF,0xFF,0xFE,0xFC,0xFD,0xFE,0xFF,0xFF,0xFF,0xFF,0xCF,0x25,0x0E,0x0B,0x09,0x08,
    0x12,0x16,0x19,0xBD,0xFF,0xFC,0xFF,0xFF,0xFF,0xFF,0xFF,0xFF,0xFF,0xFF,0xFF,0xFF,
    0xFF,0xFF,0xFF,0xFF,0xFF,0xFF,0xFF,0xFF,0xFF,0xFF,0xFF,0xFF,0xFF,0xFF,0xFF,0xFF,
    0xFF,0xFF,0xFF,0xFF,0xFF,0xFF,0xFF,0xFF,0xFF,0xFF,0xFF,0xFF,0xFF,0xFF,0xFF,0xFF,
    0xFF,0xFF,0xFF,0xFF,0xFF,0xFF,0xFF,0xFF,0xFF,0xFF,0xFF,0xFF,0xFF,0xFF,0xFF,0xFF,
    0xFF,0xFF,0xFF,0xFF,0xFF,0xFF,0xFF,0xFF,0xFE,0xFD,0xFF,0xFF,0xFF,0xFF,0xFE,0xFC,
    0xFD,0xFC,0xFF,0x4E,0x0D,0x0F,0x0A,0x09,0x11,0x16,0x14,0xB3,0xFF,0xFC,0xFF,0xFF,
    0xFF,0xFF,0xFF,0xFF,0xFF,0xFF,0xFF,0xFF,0xFF,0xFF,0xFF,0xFF,0xFF,0xFF,0xFF,0xFF,
    0xFF,0xFF,0xFF,0xFF,0xFF,0xFF,0xFF,0xFF,0xFF,0xFF,0xFF,0xFF,0xFF,0xFF,0xFF,0xFF,
    0xFF,0xFF,0xFF,0xFF,0xFF,0xFF,0xFF,0xFF,0xFF,0xFF,0xFF,0xFF,0xFF,0xFF,0xFF,0xFF,
    0xFF,0xFF,0xFF,0xFF,0xFF,0xFF,0xFF,0xFF,0xFF,0xFF,0xFF,0xFF,0xFF,0xFF,0xFF,0xFF,
    0xFF,0xFF,0xFF,0xFF,0xFF,0xFF,0xFF,0xFF,0xFF,0xFE,0xFD,0xD2,0x31,0x0D,0x0D,0x0A,
    0x10,0x12,0x67,0xF5,0xFE,0xFE,0xFF,0xFF,0xFF,0xFF,0xFF,0xFF,0xFF,0xFF,0xFF,0xFF,
    0xFF,0xFF,0xFF,0xFF,0xFF,0xFF,0xFF,0xFF,0xFF,0xFF,0xFF,0xFF,0xFF,0xFF,0xFF,0xFF,
    0xFF,0xFF,0xFF,0xFF,0xFF,0xFF,0xFF,0xFF,0xFF,0xFF,0xFF,0xFF,0xFF,0xFF,0xFF,0xFF,
    0xFF,0xFF,0xFF,0xFF,0xFF,0xFF,0xFF,0xFF,0xFF,0xFF,0xFF,0xFF,0xFF,0xFF,0xFF,0xFF,
    0xFF,0xFF,0xFF,0xFF,0xFF,0xFF,0xFF,0xFF,0xFF,0xFF,0xFF,0xFF,0xFF,0xFF,0xFF,0xFF,
    0xFF,0xFF,0xFC,0xFF,0x8A,0x0D,0x0E,0x0A,0x0F,0x55,0xF6,0xFF,0xFB,0xFC,0xFC,0xFE,
    0xFF,0xFF,0xFF,0xFF,0xFF,0xFF,0xFF,0xFF,0xFF,0xFF,0xFF,0xFF,0xFF,0xFF,0xFF,0xFF,
    0xFF,0xFF,0xFF,0xFF,0xFF,0xFF,0xFF,0xFF,0xFF,0xFF,0xFF,0xFF,0xFF,0xFF,0xFF,0xFF,
    0xFF,0xFF,0xFF,0xFF,0xFF,0xFF,0xFF,0xFF,0xFF,0xFF,0xFF,0xFF,0xFF,0xFF,0xFF,0xFF,
    0xFF,0xFF,0xFF,0xFF,0xFF,0xFF,0xFF,0xFF,0xFF,0xFF,0xFF,0xFF,0xFF,0xFF,0xFF,0xFF,
    0xFF,0xFF,0xFF,0xFF,0xFF,0xFF,0xFF,0xFF,0xFE,0xFF,0xFC,0xFD,0xCE,0x13,0x0D,0x0A,
    0x0D,0x85,0xFF,0xFF,0xFF,0xFF,0xFF,0xFF,0xFC,0xFD,0xFF,0xFF,0xFF,0xFF,0xFF,0xFF,
    0xFF,0xFF,0xFF,0xFF,0xFF,0xFF,0xFF,0xFF,0xFF,0xFF,0xFF,0xFF,0xFF,0xFF,0xFF,0xFF,
    0xFF,0xFF,0xFF,0xFF,0xFF,0xFF,0xFF,0xFF,0xFF,0xFF,0xFF,0xFF,0xFF,0xFF,0xFF,0xFF,
    0xFF,0xFF,0xFF,0xFF,0xFF,0xFF,0xFF,0xFF,0xFF,0xFF,0xFF,0xFF,0xFF,0xFF,0xFF,0xFF,
    0xFF,0xFF,0xFF,0xFF,0xFF,0xFF,0xFF,0xFF,0xFF,0xFF,0xFF,0xFF,0xFF,0xFF,0xFF,0xFF,
    0xFF,0xFD,0xFB,0xFC,0xF3,0x2E,0x0C,0x0A,0x0C,0x33,0x7E,0x59,0x80,0xA0,0xCA,0xFB,
    0xFF,0xFF,0xFE,0xFE,0xFF,0xFF,0xFF,0xFF,0xFF,0xFF,0xFF,0xFF,0xFF,0xFF,0xFF,0xFF,
    0xFF,0xFF,0xFF,0xFF,0xFF,0xFF,0xFF,0xFF,0xFF,0xFF,0xFF,0xFF,0xFF,0xFF,0xFF,0xFF,
    0xFF,0xFF,0xFF,0xFF,0xFF,0xFF,0xFF,0xFF,0xFF,0xFF,0xFF,0xFF,0xFF,0xFF,0xFF,0xFF,
    0xFF,0xFF,0xFF,0xFF,0xFF,0xFF,0xFF,0xFF,0xFD,0xFE,0xFF,0xFD,0xFE,0xFF,0xFF,0xFF,
    0xFF,0xFF,0xFF,0xFF,0xFF,0xFF,0xFF,0xFB,0xF7,0xFF,0xFF,0xFF,0xFF,0x6E,0x0B,0x0A,
    0x0A,0x0B,0x0C,0x0D,0x0F,0x11,0x13,0x79,0xB0,0xCD,0xFF,0xFF,0xFC,0xFF,0xFF,0xFF,
    0xFF,0xFF,0xFF,0xFF,0xFF,0xFF,0xFF,0xFF,0xFF,0xFF,0xFF,0xFF,0xFF,0xFF,0xFF,0xFF,
    0xFF,0xFF,0xFF,0xFF,0xFF,0xFF,0xFF,0xFF,0xFF,0xFF,0xFF,0xFF,0xFF,0xFF,0xFF,0xFF,
    0xFF,0xFF,0xFF,0xFF,0xFF,0xFF,0xFF,0xFF,0xFF,0xFF,0xFF,0xFF,0xFF,0xFF,0xFF,0xFF,
    0xFF,0xFF,0xFE,0xFF,0xFF,0xFF,0xFD,0xFC,0xFD,0xFF,0xFF,0xFF,0xFF,0xFC,0xFF,0xC4,
    0x3C,0x6D,0x68,0x93,0xF0,0xE1,0x1D,0x09,0x08,0x0A,0x0D,0x0E,0x10,0x11,0x10,0x12,
    0x14,0x1C,0x76,0xF5,0xFF,0xFC,0xFE,0xFF,0xFF,0xFF,0xFF,0xFF,0xFF,0xFF,0xFF,0xFF,
    0xFF,0xFF,0xFF,0xFF,0xFF,0xFF,0xFF,0xFF,0xFF,0xFF,0xFF,0xFF,0xFF,0xFF,0xFF,0xFF,
    0xFF,0xFF,0xFF,0xFF,0xFF,0xFF,0xFF,0xFF,0xFF,0xFF,0xFF,0xFF,0xFF,0xFF,0xFF,0xFF,
    0xFF,0xFF,0xFF,0xFF,0xFF,0xFF,0xFF,0xFF,0xDD,0xF8,0xFF,0xD2,0xF5,0xFD,0xFF,0xFF,
    0xFF,0xFD,0xFF,0xFF,0xFF,0xFC,0xFE,0xBE,0x13,0x11,0x0F,0x0E,0x2C,0x7A,0x27,0x08,
    0x07,0x07,0x08,0x09,0x0B,0x0C,0x0E,0x11,0x14,0x13,0x15,0x43,0xBB,0xFF,0xFF,0xFF,
    0xFF,0xFF,0xFF,0xFF,0xFF,0xFF,0xFF,0xFF,0xFF,0xFF,0xFF,0xFF,0xFF,0xFF,0xFD,0xFC,
    0xFC,0xFC,0xFD,0xFF,0xFF,0xFF,0xFF,0xFF,0xFF,0xFF,0xFF,0xFF,0xFF,0xFF,0xFD,0xFC,
    0xFC,0xFE,0xFF,0xFF,0xFF,0xFF,0xFF,0xFF,0xFF,0xFF,0xFF,0xFF,0xFF,0xFE,0xFE,0xF4,
    0x39,0x64,0x82,0x1B,0xAF,0xFF,0xCC,0x7C,0xCB,0xFF,0xFC,0xFE,0xFE,0xFA,0xFF,0xAE,
    0x13,0x14,0x11,0x0E,0x0B,0x09,0x08,0x07,0x05,0x06,0x07,0x07,0x09,0x0A,0x0B,0x0D,
    0x0F,0x11,0x15,0x14,0x1B,0x7F,0xEB,0xFF,0xFE,0xFF,0xFF,0xFF,0xFF,0xFF,0xFF,0xFF,
    0xFF,0xFF,0xFF,0xFD,0xFC,0xFE,0xFF,0xFF,0xFF,0xFF,0xFF,0xFF,0xFF,0xFF,0xFF,0xFF,
    0xFF,0xFF,0xFF,0xFF,0xFF,0xFD,0xFF,0xFF,0xFF,0xFF,0xFC,0xFF,0xFF,0xFF,0xFF,0xFF,
    0xFF,0xFE,0xFD,0xFD,0xFD,0xFC,0xFF,0xFF,0x4D,0x17,0x16,0x16,0x3D,0x61,0x25,0x15,
    0x2B,0xCF,0xFF,0xFF,0xFF,0xFF,0xF4,0x3D,0x0F,0x0F,0x0C,0x0A,0x0B,0x0B,0x08,0x06,
    0x04,0x04,0x05,0x06,0x07,0x08,0x09,0x0A,0x0C,0x0E,0x0F,0x13,0x14,0x15,0xA5,0xFB,
    0xFA,0xFE,0xFF,0xFF,0xFF,0xFF,0xFF,0xFF,0xFF,0xFC,0xFE,0xFF,0xFF,0xFF,0xC8,0x85,
    0x83,0xAE,0xDE,0xFF,0xFC,0xFE,0xFF,0xFF,0xFF,0xFF,0xFF,0xFE,0xFD,0xFF,0xD3,0xBE,
    0xC0,0xEA,0xFF,0xFC,0xFE,0xFF,0xFF,0xFF,0xFF,0xFF,0xFF,0xFF,0xFF,0xFF,0xF7,0x6E,
    0x1D,0x17,0x15,0x14,0x13,0x12,0x12,0x18,0x12,0x4D,0xDA,0xEF,0xEF,0xE2,0x69,0x0E,
    0x0E,0x0B,0x0A,0x09,0x08,0x07,0x06,0x05,0x03,0x03,0x04,0x04,0x05,0x06,0x07,0x08,
    0x0A,0x0B,0x0D,0x0F,0x14,0x15,0xB0,0xFF,0xFF,0xFF,0xFD,0xFC,0xFD,0xFF,0xFF,0xFE,
    0xFD,0xFF,0xFF,0xD6,0x9D,0x5E,0x1C,0x18,0x18,0x18,0x25,0x93,0xFF,0xFD,0xFC,0xFC,
    0xFC,0xFC,0xFC,0xFF,0xFF,0xB3,0x23,0x1A,0x1A,0x39,0xB4,0xFF,0xFF,0xFC,0xFF,0xFD,
    0xFE,0xDD,0x6A,0x67,0x65,0x69,0x49,0x13,0x12,0x11,0x10,0x10,0x12,0x12,0x10,0x0F,
    0x11,0x0F,0x1A,0x2C,0x2B,0x1F,0x0D,0x0D,0x0A,0x09,0x08,0x07,0x06,0x05,0x05,0x04,
    0x02,0x02,0x03,0x03,0x04,0x05,0x06,0x07,0x08,0x09,0x0B,0x0C,0x0F,0x10,0x5D,0x89,
    0xA0,0xF3,0xFF,0xFF,0xFF,0xFE,0xFB,0xFF,0xFF,0xBE,0x5E,0x22,0x16,0x16,0x16,0x18,
    0x18,0x19,0x16,0x1C,0x93,0xFF,0xFF,0xFF,0xFF,0xFF,0xFF,0xF7,0x88,0x1B,0x17,0x19,
    0x19,0x17,0x17,0x83,0xF3,0xFF,0xFE,0xFB,0xFF,0x7C,0x15,0x14,0x13,0x12,0x11,0x12,
    0x0F,0x0E,0x0E,0x0D,0x0D,0x0D,0x0D,0x0C,0x0C,0x0D,0x0C,0x0C,0x0C,0x0B,0x0C,0x0A,
    0x09,0x08,0x07,0x06,0x05,0x04,0x04,0x03,0x01,0x01,0x02,0x02,0x03,0x03,0x04,0x05,
    0x06,0x08,0x09,0x0A,0x0C,0x0E,0x0F,0x11,0x13,0x34,0x64,0x9A,0xD0,0xFF,0xFF,0xF7,
    0x76,0x16,0x15,0x15,0x17,0x16,0x14,0x13,0x13,0x13,0x14,0x14,0x14,0x73,0xB3,0xAC,
    0xB2,0x99,0x6B,0x3E,0x15,0x15,0x16,0x15,0x15,0x17,0x16,0x15,0x3E,0xB3,0xFF,0xFF,
    0xBD,0x1B,0x17,0x16,0x14,0x13,0x11,0x0D,0x0D,0x0C,0x0B,0x0B,0x0A,0x0A,0x0A,0x0A,
    0x0A,0x0A,0x0B,0x0C,0x0B,0x0A,0x08,0x08,0x07,0x06,0x05,0x04,0x04,0x03,0x03,0x02,
    0x01,0x01,0x01,0x01,0x02,0x03,0x03,0x04,0x05,0x06,0x07,0x09,0x0A,0x0C,0x10,0x13,
    0x13,0x12,0x13,0x14,0x1B,0x4F,0x83,0x4B,0x14,0x15,0x16,0x13,0x12,0x11,0x11,0x11,
    0x11,0x11,0x11,0x13,0x14,0x13,0x13,0x13,0x13,0x13,0x13,0x13,0x15,0x14,0x13,0x13,
    0x13,0x13,0x13,0x16,0x13,0x13,0x57,0xCF,0x42,0x12,0x14,0x10,0x0F,0x0E,0x0D,0x0C,
    0x0B,0x0A,0x09,0x09,0x09,0x08,0x08,0x08,0x08,0x08,0x08,0x08,0x07,0x07,0x07,0x06,
    0x05,0x05,0x04,0x03,0x03,0x02,0x02,0x01,0x00,0x00,0x01,0x01,0x01,0x02,0x02,0x03,
    0x04,0x05,0x06,0x08,0x09,0x0B,0x0C,0x0E,0x0F,0x12,0x15,0x15,0x13,0x13,0x13,0x13,
    0x16,0x13,0x11,0x11,0x10,0x10,0x0F,0x0F,0x0F,0x0F,0x10,0x10,0x10,0x13,0x13,0x14,
    0x14,0x15,0x16,0x14,0x11,0x11,0x11,0x11,0x11,0x11,0x11,0x11,0x13,0x11,0x11,0x23,
    0x16,0x11,0x0F,0x0E,0x0D,0x0C,0x0B,0x0A,0x09,0x08,0x08,0x07,0x07,0x07,0x07,0x07,
    0x07,0x07,0x07,0x06,0x06,0x06,0x05,0x05,0x04,0x04,0x03,0x03,0x02,0x02,0x01,0x01,
};

const lv_image_dsc_t ui_img_focus_mascot_paused = {
    .header.magic = LV_IMAGE_HEADER_MAGIC,
    .header.cf = LV_COLOR_FORMAT_RGB565A8,
    .header.flags = 0,
    .header.w = 88,
    .header.h = 110,
    .header.stride = 176,
    .data_size = sizeof(ui_img_focus_mascot_paused_data),
    .data = ui_img_focus_mascot_paused_data,
};
