// Generated for LVGL 9 / RGB565 native color depth.
// Source size: 88x110, format: RGB565 plane + alpha plane.

#include "../ui.h"

#ifndef LV_ATTRIBUTE_MEM_ALIGN
#define LV_ATTRIBUTE_MEM_ALIGN
#endif

const LV_ATTRIBUTE_MEM_ALIGN uint8_t ui_img_focus_mascot_ready_data[] = {
    0x00,0x00,0x00,0x00,0x00,0x00,0x00,0x00,0x00,0x00,0x00,0x00,0x00,0x00,0x00,0x00,
    0x00,0x00,0x00,0x00,0x00,0x00,0x00,0x00,0x00,0x00,0x00,0xF8,0x4A,0xFD,0xE7,0xFD,
    0xFF,0xFF,0x00,0x00,0x00,0x00,0x00,0x00,0x00,0x00,0x00,0x00,0x00,0x00,0x00,0x00,
    0x00,0x00,0x00,0x00,0x00,0x00,0x00,0x00,0x00,0x00,0x00,0x00,0x00,0x00,0x00,0x00,
    0x00,0x00,0x00,0x00,0x00,0x00,0x00,0x00,0x00,0x00,0x00,0x00,0x00,0x00,0xFF,0xFF,
    0xCD,0x93,0xB4,0xE6,0x15,0xEF,0x00,0x00,0x00,0x00,0xF4,0xF6,0x55,0xFF,0xD3,0xCD,
    0x4F,0x9C,0x6F,0x9C,0x00,0x00,0xFF,0xFF,0x00,0x00,0x00,0x00,0x00,0x00,0x00,0x00,
    0x00,0x00,0x00,0x00,0x00,0x00,0x00,0x00,0x00,0x00,0x00,0x00,0x00,0x00,0x00,0x00,
    0x00,0x00,0x00,0x00,0x00,0x00,0x00,0x00,0x00,0x00,0x00,0x00,0x00,0x00,0x00,0x00,
    0x00,0x00,0x00,0x00,0x00,0x00,0x00,0x00,0x00,0x00,0x00,0x00,0x00,0x00,0x00,0x00,
    0x00,0x00,0x00,0x00,0x00,0x00,0x00,0x00,0x00,0x00,0x00,0x00,0x00,0x00,0x00,0x00,
    0x00,0x00,0x00,0x00,0x00,0x00,0x00,0x00,0x00,0x00,0x00,0x00,0x00,0x00,0x00,0x00,
    0x00,0x00,0x00,0x00,0x00,0x00,0x00,0x00,0x00,0x00,0x00,0x00,0x00,0x00,0x00,0x00,
    0x00,0x00,0x00,0x00,0x00,0x00,0x00,0x00,0x00,0x00,0x00,0x00,0x00,0x00,0x00,0x00,
    0x00,0x00,0x00,0x00,0x00,0x00,0x00,0x00,0x00,0x00,0x00,0x00,0x00,0x00,0x00,0x00,
    0x00,0x00,0x00,0x00,0x00,0x00,0x00,0x00,0x00,0x00,0xFF,0xFF,0x00,0x00,0x38,0xC6,
    0x6F,0xA4,0xF5,0xEE,0xD3,0xE6,0xD4,0xE6,0xFA,0xFF,0xF3,0xF6,0xD6,0xFF,0x55,0xF7,
    0x55,0xAD,0xD1,0xAC,0x2F,0x9C,0x00,0x00,0xEF,0x7B,0x00,0x00,0x00,0x00,0x00,0x00,
    0x00,0x00,0x00,0x00,0x00,0x00,0x00,0x00,0x00,0x00,0x00,0x00,0x00,0x00,0x00,0x00,
    0x00,0x00,0x00,0x00,0x00,0x00,0x00,0x00,0x00,0x00,0x00,0x00,0x00,0x00,0x00,0x00,
    0x00,0x00,0x00,0x00,0x00,0x00,0x00,0x00,0x00,0x00,0x00,0x00,0x00,0x00,0x00,0x00,
    0x00,0x00,0x00,0x00,0x00,0x00,0x00,0x00,0x00,0x00,0x00,0x00,0x00,0x00,0x00,0x00,
    0x00,0x00,0x00,0x00,0x00,0x00,0x00,0x00,0x00,0x00,0x00,0x00,0x00,0x00,0x00,0x00,
    0x00,0x00,0x00,0x00,0x00,0x00,0x00,0xF8,0x00,0x00,0xFF,0xFF,0x4F,0xFE,0x4F,0xFE,
    0x36,0xFF,0x00,0x00,0xFF,0xFF,0x00,0x00,0x00,0x00,0x00,0x00,0x00,0x00,0x00,0x00,
    0x00,0x00,0x00,0x00,0x00,0x00,0x00,0x00,0x00,0x00,0x00,0x00,0x00,0x00,0x00,0x00,
    0x00,0x00,0x00,0x00,0x00,0x00,0x00,0x00,0x00,0x00,0x00,0x00,0xE0,0xFF,0x00,0x00,
    0x4E,0x9C,0x35,0xEF,0xB2,0xDE,0xF3,0xEE,0xD3,0xE6,0xF4,0xEE,0x14,0xF7,0xF4,0xEE,
    0xB3,0xEE,0x96,0xFF,0xF6,0xEE,0xCD,0x93,0x00,0x00,0xAA,0x52,0x00,0x00,0x00,0x00,
    0x00,0x00,0x00,0x00,0x00,0x00,0x00,0x00,0xFF,0xFF,0xEF,0x7B,0xAA,0xAA,0xAA,0xAA,
    0xAA,0x52,0xAA,0xAA,0xAA,0xAA,0xEF,0x7B,0x00,0x00,0x00,0x00,0x00,0x00,0x00,0x00,
    0x00,0x00,0x00,0x00,0x00,0x00,0x00,0x00,0x00,0x00,0x00,0x00,0x00,0x00,0x00,0x00,
    0x00,0x00,0x00,0x00,0x00,0x00,0x00,0x00,0x00,0x00,0x00,0x00,0x00,0x00,0x00,0x00,
    0x00,0x00,0x00,0x00,0x00,0x00,0x00,0x00,0x00,0x00,0x00,0x00,0x00,0x00,0x00,0x00,
    0x00,0x00,0x00,0x00,0x00,0x00,0x4A,0xFD,0x00,0x00,0x70,0xFE,0x6E,0xFE,0xCE,0xFE,
    0x50,0xF6,0x00,0x00,0x4A,0xAD,0x00,0x00,0x00,0x00,0x00,0x00,0x00,0x00,0x00,0x00,
    0x00,0x00,0x00,0x00,0x00,0x00,0x00,0x00,0x00,0x00,0x00,0x00,0x00,0x00,0x00,0x00,
    0x00,0x00,0x00,0x00,0x00,0x00,0x00,0x00,0x00,0x00,0x00,0x00,0xA0,0x52,0x00,0x00,
    0x0E,0x94,0x73,0xDE,0xB2,0xDE,0x92,0xDE,0xF3,0xE6,0xD3,0xE6,0xD3,0xE6,0xF4,0xEE,
    0x15,0xEF,0xD3,0xE6,0x54,0xF7,0xD2,0xC5,0x8D,0x8B,0x00,0x00,0xEF,0x7B,0x00,0x00,
    0x00,0x00,0x00,0x00,0xEF,0x7B,0xE0,0x7B,0x00,0x00,0x00,0x00,0x00,0x00,0x00,0x00,
    0x00,0x00,0x00,0x00,0x00,0x00,0x00,0x00,0x00,0x00,0xAA,0xAA,0xFF,0xFF,0x00,0x00,
    0x00,0x00,0x00,0x00,0x00,0x00,0x00,0x00,0x00,0x00,0x00,0x00,0x00,0x00,0x00,0x00,
    0x00,0x00,0x00,0x00,0x00,0x00,0x00,0x00,0x00,0x00,0x00,0x00,0x00,0x00,0x00,0x00,
    0x00,0x00,0x00,0x00,0x00,0x00,0x00,0x00,0x00,0x00,0x00,0x00,0x00,0x00,0xE0,0xFF,
    0x00,0x00,0x00,0x00,0x00,0x00,0x4A,0xFD,0x00,0x00,0x70,0xFE,0x4E,0xFE,0x6E,0xFE,
    0x4E,0xFE,0xFF,0xFF,0xE0,0xFF,0x00,0x00,0x00,0x00,0x00,0x00,0x00,0x00,0x00,0x00,
    0x00,0x00,0x00,0x00,0x00,0x00,0x00,0x00,0x00,0x00,0x00,0x00,0x00,0x00,0x00,0x00,
    0x00,0x00,0x00,0x00,0x00,0x00,0x00,0x00,0x00,0x00,0x00,0x00,0xEF,0x7B,0x00,0x00,
    0xEF,0x93,0x4F,0xB5,0x91,0xD6,0x92,0xDE,0x92,0xDE,0xB3,0xDE,0xD3,0xE6,0x52,0xD6,
    0x14,0xEF,0xF4,0xEE,0x92,0xDE,0xF3,0xE6,0x8E,0xA4,0x0F,0x7B,0x00,0x00,0xFF,0xFF,
    0x00,0xF8,0x00,0x00,0x00,0x00,0x00,0x00,0x24,0x49,0x8D,0x8B,0x8C,0x8B,0x2E,0x9C,
    0x70,0xA4,0x8D,0x8B,0xAE,0x93,0x6C,0x8B,0x00,0x00,0x00,0x00,0x00,0x00,0xEF,0x7B,
    0x00,0x00,0x00,0x00,0x00,0x00,0x00,0x00,0x00,0x00,0x00,0x00,0x00,0x00,0x00,0x00,
    0x00,0x00,0x00,0x00,0x00,0x00,0x00,0x00,0x00,0x00,0x00,0x00,0x00,0x00,0x00,0x00,
    0x00,0x00,0x00,0x00,0x00,0x00,0x00,0x00,0x00,0x00,0x00,0x00,0x00,0x00,0x00,0x00,
    0x00,0x00,0x00,0x00,0x00,0x00,0xEF,0xFB,0x00,0x00,0xD6,0xF6,0x4E,0xFE,0x6D,0xFE,
    0x2D,0xFE,0xFF,0xFF,0x00,0x00,0xFF,0xFF,0x00,0x00,0x00,0x00,0x00,0x00,0x00,0x00,
    0x00,0x00,0x00,0x00,0x00,0x00,0x00,0x00,0x00,0x00,0x00,0x00,0x00,0x00,0x00,0x00,
    0x00,0x00,0x00,0x00,0x00,0x00,0x00,0x00,0x00,0x00,0x00,0x00,0xFF,0xFF,0x00,0x00,
    0xFF,0xFF,0x2D,0x9C,0x51,0xD6,0x92,0xDE,0x92,0xDE,0x92,0xDE,0xB3,0xDE,0x72,0xD6,
    0x8E,0xBD,0x51,0xD6,0xB2,0xE6,0xB1,0xDE,0x11,0xCE,0xAD,0x8B,0x00,0x00,0x26,0x63,
    0x00,0x00,0x00,0x00,0xAD,0x8B,0x4F,0x9C,0x73,0xBD,0x35,0xD6,0xD7,0xE6,0x18,0xEF,
    0xF7,0xEE,0xD6,0xE6,0x55,0xDE,0x93,0xC5,0xB1,0xAC,0x2F,0x9C,0xFB,0xBD,0x00,0x00,
    0x00,0x00,0x00,0x00,0x00,0x00,0x00,0x00,0x00,0x00,0x00,0x00,0x00,0x00,0x00,0x00,
    0x00,0x00,0x00,0x00,0x00,0x00,0x00,0x00,0x00,0x00,0x00,0x00,0x00,0x00,0x00,0x00,
    0x00,0x00,0x00,0x00,0x00,0x00,0x00,0x00,0x00,0x00,0x00,0x00,0x00,0x00,0x4F,0xFE,
    0x00,0x00,0xE0,0xFB,0x00,0x00,0x00,0x00,0xE0,0xFF,0x00,0x00,0x4F,0xFE,0x8E,0xFE,
    0x2D,0xFE,0xD4,0xFE,0x00,0x00,0xEF,0xFF,0x00,0x00,0x00,0x00,0x00,0x00,0x00,0x00,
    0x00,0x00,0x00,0x00,0x00,0x00,0x00,0x00,0x00,0x00,0x00,0x00,0x00,0x00,0x00,0x00,
    0x00,0x00,0x00,0x00,0x00,0x00,0x00,0x00,0x00,0x00,0x00,0x00,0x00,0x00,0xAA,0x52,
    0x00,0x00,0xEF,0x93,0x0E,0xAD,0x91,0xD6,0x72,0xD6,0x92,0xD6,0x92,0xD6,0x92,0xDE,
    0x71,0xD6,0x4D,0xB5,0x30,0xCE,0xB2,0xDE,0xB3,0xDE,0x6E,0x9C,0xF7,0x7B,0x00,0x00,
    0xEC,0x7B,0xAD,0x8B,0xB4,0xC5,0x59,0xF7,0xB8,0xFF,0xB8,0xFF,0x98,0xFF,0x35,0xF7,
    0x14,0xEF,0x13,0xEF,0x14,0xEF,0x34,0xF7,0x35,0xF7,0x54,0xDE,0xF0,0xB4,0x2F,0x9C,
    0x00,0x00,0x00,0x00,0x00,0x00,0x00,0x00,0x00,0x00,0x00,0x00,0x00,0x00,0x00,0x00,
    0x00,0x00,0x00,0x00,0x00,0x00,0x00,0x00,0x00,0x00,0x00,0x00,0x00,0x00,0x00,0x00,
    0x00,0x00,0x00,0x00,0x00,0x00,0x00,0x00,0x00,0x00,0x00,0x00,0x00,0x00,0x6E,0xFE,
    0x70,0xFE,0x00,0x00,0x4A,0xFD,0x00,0x00,0x4A,0xFD,0x00,0x00,0x71,0xFE,0x8F,0xFE,
    0x4E,0xFE,0x92,0xFE,0x00,0x00,0xEF,0xFF,0x00,0x00,0x00,0x00,0x00,0x00,0x00,0x00,
    0x00,0x00,0x00,0x00,0x00,0x00,0x00,0x00,0x00,0x00,0x00,0x00,0x00,0x00,0x00,0x00,
    0x00,0x00,0x00,0x00,0x00,0x00,0x00,0x00,0x00,0x00,0x00,0x00,0x00,0x00,0x00,0x00,
    0xE0,0x7B,0x00,0x00,0xAC,0x8B,0x6E,0xB5,0x50,0xCE,0x51,0xD6,0x72,0xD6,0x92,0xD6,
    0x92,0xD6,0x51,0xD6,0x4D,0xAD,0x31,0xC6,0x71,0xCE,0xAD,0xA4,0xF5,0xAB,0xCB,0x83,
    0x4F,0x9C,0xB6,0xE6,0x56,0xF7,0x14,0xF7,0x77,0xFF,0x77,0xFF,0x15,0xF7,0xF4,0xEE,
    0xF4,0xEE,0xD3,0xE6,0xD3,0xE6,0xB2,0xE6,0xB2,0xE6,0xD3,0xE6,0x14,0xEF,0x0F,0xB5,
    0xED,0x93,0x00,0x00,0xEF,0x7B,0x00,0x00,0x00,0x00,0x00,0x00,0x00,0x00,0x00,0x00,
    0x00,0x00,0x00,0x00,0x00,0x00,0x00,0x00,0x00,0x00,0x00,0x00,0x00,0x00,0x00,0x00,
    0x00,0x00,0x00,0x00,0x00,0x00,0x00,0x00,0x00,0x00,0x00,0x00,0x00,0x00,0x4E,0xFE,
    0x4E,0xFE,0x93,0xFE,0x00,0x00,0xEF,0xFF,0xFF,0xFF,0x00,0x00,0x3A,0xF7,0x6F,0xFE,
    0xD0,0xFE,0xB2,0xFE,0x00,0x00,0xF5,0xFF,0x00,0x00,0x00,0x00,0x00,0x00,0x00,0x00,
    0x00,0x00,0x00,0x00,0x00,0x00,0x00,0x00,0x00,0x00,0x00,0x00,0x00,0x00,0x00,0x00,
    0x00,0x00,0x00,0x00,0x00,0x00,0x00,0x00,0x00,0x00,0x00,0x00,0x00,0x00,0x00,0x00,
    0x00,0x00,0x00,0x00,0xFF,0xFF,0x8B,0x83,0x4D,0xB5,0x2F,0xC6,0x30,0xCE,0x30,0xCE,
    0x31,0xCE,0x51,0xCE,0x31,0xCE,0x2D,0xA5,0x30,0xC6,0xCD,0xA4,0x71,0xA4,0x2F,0x94,
    0xD5,0xE6,0xB1,0xDE,0x91,0xDE,0xD3,0xE6,0xF4,0xEE,0xD4,0xEE,0xF4,0xEE,0xD4,0xE6,
    0xD3,0xE6,0xD3,0xE6,0xD3,0xE6,0xB3,0xE6,0xB2,0xDE,0x92,0xDE,0x92,0xDE,0x71,0xDE,
    0xAB,0x8B,0x00,0x00,0xAA,0xAA,0x00,0x00,0x00,0x00,0x00,0x00,0x00,0x00,0x00,0x00,
    0x00,0x00,0x00,0x00,0x00,0x00,0x00,0x00,0x00,0x00,0x00,0x00,0x00,0x00,0x00,0x00,
    0x00,0x00,0x00,0x00,0x00,0x00,0x00,0x00,0x00,0x00,0x00,0x00,0x00,0x00,0x2D,0xFE,
    0x6D,0xFE,0x2E,0xFE,0x1A,0xFF,0x00,0xF8,0xEF,0xFB,0xE0,0xFB,0x00,0x00,0x70,0xFE,
    0x10,0xFF,0x90,0xFE,0x00,0x00,0x4A,0xFD,0x00,0x00,0x00,0x00,0x00,0x00,0x00,0x00,
    0x00,0x00,0x00,0x00,0x00,0x00,0x00,0x00,0x00,0x00,0x00,0x00,0x00,0x00,0x00,0x00,
    0x00,0x00,0x00,0x00,0x00,0x00,0x00,0x00,0x00,0x00,0x00,0x00,0x00,0x00,0x00,0x00,
    0x00,0x00,0xFF,0xFF,0x00,0x00,0xFF,0xFF,0x8C,0x83,0x8B,0x9C,0xEF,0xBD,0x10,0xC6,
    0x10,0xC6,0xF0,0xC5,0x10,0xC6,0x6E,0xAD,0x2C,0xA5,0xED,0xA4,0xCD,0x8B,0x11,0xCE,
    0x50,0xCE,0xCF,0xBD,0xCF,0xBD,0xEF,0xC5,0x10,0xCE,0x52,0xD6,0xD3,0xE6,0xB3,0xDE,
    0xB2,0xDE,0xB2,0xDE,0xB2,0xDE,0xB2,0xDE,0xB2,0xDE,0x72,0xD6,0xF3,0xE6,0x0E,0xB5,
    0x8E,0x83,0x00,0x00,0xEF,0x7B,0x00,0x00,0x00,0x00,0x00,0x00,0x00,0x00,0x00,0x00,
    0x00,0x00,0x00,0x00,0x00,0x00,0x00,0x00,0x00,0x00,0x00,0x00,0x00,0x00,0x00,0x00,
    0x00,0x00,0x00,0x00,0x00,0x00,0x00,0x00,0x00,0x00,0x00,0x00,0x00,0x00,0x2D,0xFE,
    0x4E,0xFE,0x8E,0xFE,0x50,0xFE,0x00,0x00,0xEF,0xFF,0xEA,0xFF,0x00,0x00,0x91,0xF6,
    0xAE,0xFE,0x70,0xFE,0x00,0x00,0xEF,0xFF,0x00,0x00,0x00,0x00,0x00,0x00,0x00,0x00,
    0x00,0x00,0x00,0x00,0x00,0x00,0x00,0x00,0x00,0x00,0x00,0x00,0x00,0x00,0x00,0x00,
    0x00,0x00,0x00,0x00,0x00,0x00,0x00,0x00,0x00,0x00,0xFF,0xFF,0xAA,0x52,0xAA,0xAA,
    0xA0,0x52,0xEF,0x7B,0x00,0xF8,0x00,0x00,0x00,0x00,0xEF,0x93,0x2C,0x94,0xCD,0xA4,
    0x6E,0xB5,0x8D,0xAD,0xAE,0xAD,0xAD,0xAD,0x2C,0xA5,0x6B,0x94,0xCD,0xA4,0xCF,0xBD,
    0x4E,0xAD,0xAF,0xB5,0x10,0xC6,0x72,0xD6,0xB2,0xDE,0xB2,0xDE,0x92,0xDE,0x92,0xDE,
    0x92,0xDE,0x92,0xDE,0xB2,0xDE,0x92,0xDE,0x92,0xD6,0xF3,0xE6,0xD0,0xC5,0xED,0x93,
    0x00,0x00,0xEF,0x7B,0x00,0x00,0x00,0x00,0x00,0x00,0x00,0x00,0x00,0x00,0x00,0x00,
    0x00,0x00,0x00,0x00,0x00,0x00,0x00,0x00,0x00,0x00,0x00,0x00,0x00,0x00,0x00,0x00,
    0x00,0x00,0x00,0x00,0x00,0x00,0x00,0x00,0x00,0x00,0x00,0x00,0x00,0x00,0x92,0xF6,
    0x4F,0xFE,0x8E,0xFE,0x4E,0xFE,0x91,0xFE,0x00,0x00,0x4A,0xFD,0x00,0x00,0x00,0x00,
    0x94,0xFE,0xFA,0xFF,0x00,0x00,0x00,0x00,0x00,0x00,0x00,0x00,0x00,0x00,0x00,0x00,
    0x00,0x00,0x00,0x00,0x00,0x00,0x00,0x00,0x00,0x00,0x00,0x00,0x00,0x00,0x00,0x00,
    0x00,0x00,0xE0,0xFF,0xEF,0x7B,0xAA,0xAA,0x00,0x00,0x00,0x00,0x00,0x00,0x00,0x00,
    0x00,0x00,0x00,0x00,0x00,0x00,0xE7,0x79,0x00,0x00,0x00,0x00,0xFF,0xFF,0xAF,0x93,
    0xD0,0xA4,0xF0,0xAC,0x8D,0x9C,0x8C,0x9C,0x8C,0x94,0x6D,0xAD,0x4D,0xAD,0x6E,0xAD,
    0x10,0xC6,0x10,0xC6,0x10,0xC6,0x31,0xCE,0x51,0xD6,0x71,0xD6,0x92,0xD6,0x92,0xD6,
    0x92,0xD6,0x72,0xD6,0x51,0xCE,0x51,0xCE,0x71,0xD6,0x6F,0xBD,0xCC,0x93,0x00,0x00,
    0x00,0x78,0x00,0x00,0x00,0x00,0x00,0x00,0x00,0x00,0x00,0x00,0x00,0x00,0x00,0x00,
    0x00,0x00,0x00,0x00,0x00,0x00,0x00,0x00,0x00,0x00,0x00,0x00,0x00,0x00,0x00,0x00,
    0x00,0x00,0x00,0x00,0x00,0x00,0x00,0x00,0x00,0x00,0x00,0x00,0x00,0x00,0x00,0x00,
    0xD5,0xF6,0x4E,0xFE,0xAD,0xFE,0x4D,0xFE,0xD5,0xF6,0x00,0x00,0xEF,0xFB,0x00,0x00,
    0x00,0x00,0x00,0x00,0x00,0x00,0x00,0x00,0x00,0x00,0x00,0x00,0x00,0x00,0x00,0x00,
    0x00,0x00,0x00,0x00,0x00,0x00,0x00,0x00,0x00,0x00,0x00,0x00,0x00,0x00,0xEF,0x7B,
    0xAA,0xAA,0x00,0x00,0x00,0x00,0x00,0x00,0x00,0x00,0x09,0x73,0x4B,0x83,0x8C,0x8B,
    0x2E,0x9C,0x90,0xA4,0xF2,0xAC,0x12,0xB5,0x12,0xB5,0x53,0xBD,0x52,0xBD,0x11,0xB5,
    0x53,0xBD,0x74,0xBD,0xF2,0xB4,0x54,0xBD,0xB1,0xA4,0xCA,0x9C,0xD0,0xA4,0xF0,0xA4,
    0x0C,0xA5,0xCE,0xBD,0x0F,0xBE,0x10,0xC6,0x10,0xC6,0x10,0xC6,0x30,0xCE,0x50,0xCE,
    0x51,0xCE,0x51,0xC6,0x30,0xC6,0xAE,0xBD,0x6C,0x9C,0xCD,0x8B,0x00,0x00,0xEF,0x7B,
    0x00,0x00,0x00,0x00,0x00,0x00,0x00,0x00,0x00,0x00,0x00,0x00,0x00,0x00,0x00,0x00,
    0x00,0x00,0x00,0x00,0x00,0x00,0x00,0x00,0x00,0x00,0x00,0x00,0x00,0x00,0x00,0x00,
    0x00,0x00,0x00,0x00,0x00,0x00,0x00,0x00,0x00,0x00,0x00,0x00,0x00,0x00,0x4A,0xFD,
    0x00,0x00,0xFF,0xE7,0x70,0xFE,0x6F,0xFE,0xF5,0xFE,0x00,0x00,0xEF,0xFF,0x00,0x00,
    0xEF,0xFF,0x00,0xF8,0x00,0x00,0x00,0x00,0x00,0x00,0x00,0x00,0x00,0x00,0x00,0x00,
    0x00,0x00,0x00,0x00,0x00,0x00,0x00,0x00,0x00,0x00,0xAA,0xAA,0xE0,0x7B,0x00,0x00,
    0x00,0x00,0x00,0x00,0x2B,0x83,0x2F,0x9C,0xD1,0xAC,0x53,0xBD,0x15,0xCE,0xB7,0xE6,
    0x39,0xF7,0x7A,0xFF,0x59,0xF7,0x38,0xF7,0x37,0xEF,0x37,0xEF,0xF6,0xEE,0xF5,0xEE,
    0xB4,0xE6,0x74,0xD6,0x54,0xD6,0x15,0xD6,0xCE,0xA4,0x6A,0x8C,0xD1,0xAC,0x34,0xBD,
    0xCD,0x8B,0x0B,0x8C,0x0D,0xAD,0x8E,0xB5,0xAE,0xB5,0xEF,0xBD,0xCE,0xBD,0xAE,0xBD,
    0x8E,0xB5,0x0D,0xAD,0x6D,0x9C,0xEC,0x93,0xD5,0xA4,0x00,0x00,0x00,0x78,0x00,0x00,
    0x00,0x00,0x00,0x00,0x00,0x00,0x00,0x00,0x00,0x00,0x00,0x00,0x00,0x00,0x00,0x00,
    0x00,0x00,0x00,0x00,0x00,0x00,0x00,0x00,0x00,0x00,0x00,0x00,0x00,0x00,0x00,0x00,
    0x00,0x00,0x00,0x00,0x00,0x00,0x00,0x00,0x00,0x00,0x00,0x00,0x00,0x00,0xE0,0xFB,
    0xEF,0xFD,0x00,0x00,0x00,0x00,0x7D,0xFF,0x00,0x00,0x00,0x00,0x00,0x00,0x00,0x00,
    0x00,0x00,0x00,0x00,0x00,0x00,0x00,0x00,0x00,0x00,0x00,0x00,0x00,0x00,0x00,0x00,
    0x00,0x00,0x00,0x00,0x00,0x00,0xEF,0x7B,0x00,0x00,0x00,0x00,0x00,0x00,0x09,0x83,
    0x0D,0x9C,0x32,0xBD,0x16,0xCE,0x3A,0xF7,0xBB,0xFF,0x99,0xFF,0x58,0xF7,0x16,0xEF,
    0xF5,0xEE,0xD5,0xE6,0xB5,0xE6,0xB4,0xDE,0x94,0xDE,0x74,0xD6,0x12,0xCE,0xD1,0xC5,
    0x33,0xCE,0x95,0xD6,0x74,0xD6,0x74,0xD6,0xCD,0xA4,0x6B,0x94,0x54,0xD6,0x33,0xCE,
    0xF4,0xCD,0x12,0xB5,0x70,0xA4,0x70,0x9C,0x11,0xAD,0xAE,0xA4,0x2C,0x94,0xEC,0x93,
    0xAC,0x93,0xCE,0x93,0xBA,0xBC,0x00,0x00,0x00,0x00,0xA0,0x52,0x00,0x00,0x00,0x00,
    0x00,0x00,0x00,0x00,0x00,0x00,0x00,0x00,0x00,0x00,0x00,0x00,0x00,0x00,0x00,0x00,
    0x00,0x00,0x00,0x00,0x00,0x00,0x00,0x00,0x00,0x00,0x00,0x00,0x00,0x00,0x00,0x00,
    0x00,0x00,0x00,0x00,0x00,0x00,0x00,0x00,0x00,0x00,0x00,0x00,0x00,0x00,0x00,0x00,
    0x00,0x00,0xE0,0xFF,0x00,0xF8,0x00,0x00,0x00,0xF8,0x00,0x00,0x00,0x00,0x00,0x00,
    0x00,0x00,0x00,0x00,0x00,0x00,0x00,0x00,0x00,0x00,0x00,0x00,0x00,0x00,0x00,0x00,
    0x00,0x00,0xFF,0xFF,0xAA,0xAA,0x00,0x00,0x00,0x00,0xED,0x9B,0xB0,0xAC,0xD5,0xCD,
    0x5B,0xF7,0xFC,0xFF,0x9A,0xFF,0x37,0xF7,0xD6,0xEE,0xB5,0xE6,0xB5,0xE6,0xD5,0xE6,
    0xB5,0xE6,0x95,0xDE,0x74,0xD6,0x53,0xD6,0x33,0xCE,0x54,0xCE,0x74,0xD6,0x95,0xD6,
    0x54,0xCE,0x54,0xCE,0x33,0xC6,0x50,0xAD,0x6B,0x9C,0x6D,0x94,0xB1,0xB5,0xF2,0xBD,
    0x54,0xCE,0x95,0xD6,0x74,0xD6,0xF3,0xCD,0x73,0xBD,0xF2,0xB4,0x77,0xAC,0x00,0x00,
    0x00,0x00,0x00,0x00,0x00,0x00,0xA0,0x52,0xFF,0xFF,0x00,0x00,0x00,0x00,0x00,0x00,
    0x00,0x00,0x00,0x00,0x00,0x00,0x00,0x00,0x00,0x00,0x00,0x00,0x00,0x00,0x00,0x00,
    0x00,0x00,0x00,0x00,0x00,0x00,0x00,0x00,0x00,0x00,0x00,0x00,0x00,0x00,0x00,0x00,
    0x00,0x00,0x00,0x00,0x00,0x00,0x00,0x00,0x00,0x00,0x00,0x00,0x00,0x00,0x90,0xFE,
    0xD3,0xFE,0x00,0x00,0xFF,0xFF,0xFF,0xFF,0x00,0x00,0x00,0x00,0x00,0x00,0x00,0x00,
    0x00,0x00,0x00,0x00,0x00,0x00,0x00,0x00,0x00,0x00,0x00,0x00,0x00,0x00,0x00,0x00,
    0xAA,0xAA,0x00,0x00,0x00,0x00,0x4A,0x83,0xB0,0xB4,0x36,0xD6,0xDD,0xFF,0xFC,0xFF,
    0x58,0xFF,0xF6,0xEE,0xD6,0xEE,0xD6,0xEE,0xF6,0xEE,0xD6,0xEE,0xD6,0xE6,0xD5,0xE6,
    0xB5,0xDE,0x74,0xD6,0x74,0xD6,0x74,0xD6,0x74,0xD6,0x54,0xCE,0x13,0xC6,0xF2,0xBD,
    0xF2,0xBD,0x13,0xC6,0xF2,0xBD,0xCD,0x9C,0x2B,0x8C,0xAD,0x94,0x70,0xAD,0x70,0xAD,
    0x91,0xB5,0xB1,0xB5,0xB1,0xB5,0xF2,0xBD,0x33,0xCE,0x75,0xD6,0x52,0xB5,0xEE,0x9B,
    0xE6,0x59,0x00,0x00,0x00,0x00,0xEF,0x7B,0x00,0x00,0x00,0x00,0x00,0x00,0x00,0x00,
    0x00,0x00,0x00,0x00,0x00,0x00,0x00,0x00,0x00,0x00,0x00,0x00,0x00,0x00,0x00,0x00,
    0x00,0x00,0x00,0x00,0x00,0x00,0x00,0x00,0x00,0x00,0x00,0x00,0x00,0x00,0x00,0x00,
    0x00,0x00,0x00,0x00,0x00,0x00,0x00,0x00,0x00,0x00,0x00,0x00,0x00,0x00,0x50,0xFF,
    0x4E,0xFE,0xFF,0xFF,0x00,0x00,0xE0,0xFF,0x00,0x00,0x00,0x00,0x00,0x00,0x00,0x00,
    0x00,0x00,0x00,0x00,0x00,0x00,0x00,0x00,0x00,0x00,0x00,0x00,0x00,0x00,0xEF,0x7B,
    0x00,0x00,0xA8,0x72,0x6F,0xA4,0x15,0xCE,0xDC,0xFF,0xFC,0xFF,0x79,0xFF,0xF6,0xF6,
    0xF6,0xF6,0xF6,0xEE,0xF6,0xEE,0xD6,0xEE,0xD6,0xE6,0xD6,0xE6,0xD6,0xE6,0xD6,0xDE,
    0xB5,0xDE,0xD6,0xDE,0xF6,0xE6,0xF6,0xE6,0xD6,0xDE,0xB5,0xDE,0x95,0xD6,0x74,0xCE,
    0xD2,0xBD,0x12,0xC6,0x12,0xC6,0x70,0xAD,0x4F,0xA5,0xB1,0xB5,0x13,0xC6,0x33,0xCE,
    0x13,0xC6,0x13,0xC6,0x13,0xC6,0xF2,0xBD,0xD2,0xBD,0x53,0xCE,0xD6,0xDE,0xB7,0xDE,
    0x32,0xB5,0x8C,0x8B,0x51,0x8C,0x00,0x00,0xAA,0x52,0x00,0xF8,0x00,0x00,0x00,0x00,
    0x00,0x00,0x00,0x00,0x00,0x00,0x00,0x00,0x00,0x00,0x00,0x00,0x00,0x00,0x00,0x00,
    0x00,0x00,0x00,0x00,0x00,0x00,0x00,0x00,0x00,0x00,0x00,0x00,0x00,0x00,0x00,0x00,
    0x00,0x00,0x00,0x00,0x00,0x00,0x00,0x00,0x00,0x00,0x00,0x00,0x00,0x00,0x6F,0xFE,
    0x70,0xFE,0x00,0x00,0xE0,0xFF,0x00,0x00,0x00,0x00,0x00,0x00,0x00,0x00,0x00,0x00,
    0x00,0x00,0x00,0x00,0x00,0x00,0x00,0x00,0x00,0x00,0xE0,0xFF,0xFF,0xFF,0x00,0x00,
    0xAC,0x9B,0x52,0xC5,0x9C,0xFF,0xFE,0xFF,0xBB,0xFF,0x59,0xFF,0x16,0xF7,0x17,0xF7,
    0x16,0xF7,0xF6,0xEE,0xD5,0xE6,0xD5,0xE6,0xD5,0xE6,0xD6,0xE6,0xD5,0xDE,0xD5,0xDE,
    0xB5,0xDE,0xD6,0xDE,0xB5,0xDE,0x95,0xD6,0x75,0xD6,0x95,0xD6,0xB5,0xD6,0xB5,0xDE,
    0xD6,0xDE,0x95,0xD6,0x74,0xCE,0x74,0xCE,0x54,0xCE,0x54,0xCE,0x33,0xC6,0x33,0xCE,
    0xB5,0xDE,0xD6,0xDE,0xD5,0xDE,0xB5,0xD6,0x54,0xCE,0x33,0xC6,0x53,0xCE,0x74,0xCE,
    0x17,0xE7,0x96,0xDE,0xD0,0xAC,0x4B,0x83,0x00,0x00,0x00,0x00,0xEF,0x7B,0x00,0x00,
    0x00,0x00,0x00,0x00,0x00,0x00,0x00,0x00,0x00,0x00,0x00,0x00,0x00,0x00,0x00,0x00,
    0x00,0x00,0x00,0x00,0x00,0x00,0x00,0x00,0x00,0x00,0x00,0x00,0x00,0x00,0x00,0x00,
    0x00,0x00,0x00,0x00,0x00,0x00,0x00,0x00,0x00,0x00,0x00,0x00,0x00,0x00,0x00,0x00,
    0x00,0x00,0x00,0x00,0x00,0x00,0x00,0x00,0x00,0x00,0x00,0x00,0x00,0x00,0x00,0x00,
    0x00,0x00,0x00,0x00,0x00,0x00,0x00,0x00,0xEF,0x7B,0x00,0x00,0x00,0x00,0x0E,0xA4,
    0x15,0xD6,0xFC,0xFF,0xDC,0xFF,0x9B,0xFF,0xBB,0xFF,0x79,0xFF,0x16,0xF7,0x37,0xF7,
    0xF6,0xF6,0x94,0xE6,0xD5,0xE6,0xD5,0xE6,0xD5,0xE6,0xD5,0xDE,0xD5,0xDE,0xD5,0xDE,
    0xB5,0xDE,0xB5,0xDE,0xB5,0xDE,0xB5,0xDE,0xD5,0xDE,0xD6,0xDE,0xD6,0xDE,0xD6,0xDE,
    0x95,0xD6,0x74,0xD6,0xF2,0xC5,0x53,0xCE,0xB5,0xD6,0xD6,0xDE,0xD5,0xDE,0x74,0xCE,
    0x13,0xC6,0x95,0xD6,0xD6,0xDE,0xB5,0xDE,0xB5,0xDE,0x95,0xD6,0xB5,0xD6,0x95,0xD6,
    0x74,0xCE,0xB5,0xD6,0x37,0xEF,0xD4,0xCD,0xCD,0x93,0x4F,0xAD,0x00,0x00,0xAA,0x52,
    0x00,0x00,0x00,0x00,0x00,0x00,0x00,0x00,0x00,0x00,0x00,0x00,0x00,0x00,0x00,0x00,
    0x00,0x00,0x00,0x00,0x00,0x00,0x00,0x00,0x00,0x00,0x00,0x00,0x00,0x00,0x00,0x00,
    0x00,0x00,0x00,0x00,0x00,0x00,0x00,0x00,0x00,0x00,0x00,0x00,0x00,0x00,0xE0,0xFF,
    0xEF,0xFF,0x00,0x00,0x00,0x00,0x00,0x00,0x00,0x00,0x00,0x00,0x00,0x00,0x00,0x00,
    0x00,0x00,0x00,0x00,0x00,0x00,0xEF,0x7B,0x00,0x00,0xA7,0x52,0x90,0xAC,0x3A,0xEF,
    0xFD,0xFF,0x9A,0xFF,0xBB,0xFF,0xBB,0xFF,0xBC,0xFF,0x79,0xFF,0x17,0xF7,0xD6,0xEE,
    0x95,0xDE,0xB5,0xE6,0xD6,0xE6,0xD5,0xE6,0xD5,0xDE,0xD5,0xDE,0xB5,0xDE,0xD5,0xDE,
    0xD6,0xDE,0xD5,0xDE,0xB5,0xDE,0xB5,0xDE,0xB5,0xDE,0xD6,0xDE,0xB6,0xDE,0xB5,0xDE,
    0xB5,0xDE,0xD5,0xDE,0x33,0xC6,0x74,0xCE,0x95,0xD6,0xB6,0xDE,0xB6,0xDE,0xF6,0xDE,
    0xD6,0xDE,0x54,0xCE,0x75,0xD6,0xD6,0xDE,0xB5,0xDE,0xB6,0xDE,0xB5,0xDE,0xB5,0xDE,
    0xD6,0xDE,0xB5,0xD6,0x74,0xD6,0x17,0xE7,0xD7,0xE6,0x4F,0xA4,0x4C,0x7B,0x00,0x00,
    0xAA,0x52,0x00,0x00,0x00,0x00,0x00,0x00,0x00,0x00,0x00,0x00,0x00,0x00,0x00,0x00,
    0x00,0x00,0x00,0x00,0x00,0x00,0x00,0x00,0x00,0x00,0x00,0x00,0x00,0x00,0x00,0x00,
    0x00,0x00,0x00,0x00,0x00,0x00,0x00,0x00,0x00,0x00,0x00,0x00,0x00,0x00,0x00,0x00,
    0x00,0x00,0x00,0x00,0x00,0x00,0x00,0x00,0x00,0x00,0x00,0x00,0x00,0x00,0x00,0x00,
    0x00,0x00,0x00,0x00,0xAA,0xAA,0x00,0x00,0x6B,0x93,0x11,0xBD,0xBC,0xFF,0xFD,0xFF,
    0x9B,0xFF,0xBB,0xFF,0x9A,0xFF,0xBB,0xFF,0xDC,0xFF,0x9A,0xFF,0xD7,0xEE,0xD6,0xE6,
    0xF6,0xEE,0xF6,0xE6,0xD6,0xE6,0xD5,0xE6,0xD5,0xDE,0x94,0xD6,0xB5,0xDE,0xD5,0xDE,
    0xD5,0xDE,0xD5,0xDE,0xB5,0xDE,0xB5,0xDE,0xB5,0xDE,0xB5,0xDE,0xB5,0xDE,0xD5,0xDE,
    0xB5,0xDE,0xD5,0xDE,0x54,0xCE,0xB5,0xD6,0xB5,0xD6,0xB5,0xDE,0xD6,0xDE,0xD6,0xDE,
    0xD6,0xDE,0xD6,0xDE,0x95,0xD6,0x95,0xD6,0xD6,0xDE,0xD6,0xDE,0xD6,0xDE,0xB5,0xD6,
    0x95,0xD6,0xB6,0xDE,0xB6,0xDE,0x95,0xD6,0xD5,0xDE,0x18,0xEF,0xD0,0xAC,0x6C,0x83,
    0x00,0x00,0xE7,0x39,0x00,0x00,0x00,0x00,0x00,0x00,0x00,0x00,0x00,0x00,0x00,0x00,
    0x00,0x00,0x00,0x00,0x00,0x00,0x00,0x00,0x00,0x00,0x00,0x00,0x00,0x00,0x00,0x00,
    0x00,0x00,0x00,0x00,0x00,0x00,0x00,0x00,0x00,0x00,0x00,0x00,0x00,0x00,0x00,0x00,
    0x00,0x00,0x00,0x00,0x00,0x00,0x00,0x00,0x00,0x00,0x00,0x00,0x00,0x00,0x00,0x00,
    0x00,0x00,0xAA,0x52,0x00,0x00,0xE5,0x69,0xF1,0xBC,0xFC,0xFF,0x9A,0xFF,0x7A,0xFF,
    0xBA,0xFF,0x9A,0xFF,0x9A,0xFF,0xBB,0xFF,0x7A,0xFF,0xD7,0xE6,0x38,0xEF,0xF6,0xEE,
    0xD6,0xE6,0xD6,0xE6,0xD6,0xE6,0xB5,0xDE,0x53,0xCE,0xB5,0xDE,0xD5,0xE6,0xD5,0xDE,
    0xD5,0xE6,0xD5,0xDE,0xB5,0xDE,0xB6,0xDE,0xB5,0xDE,0xB5,0xDE,0xB5,0xDE,0xD5,0xDE,
    0xB5,0xDE,0xD6,0xDE,0x95,0xD6,0xB6,0xDE,0xB6,0xDE,0xB5,0xDE,0xD6,0xDE,0xD6,0xDE,
    0xD6,0xDE,0xD6,0xDE,0xD6,0xDE,0xB5,0xDE,0xD6,0xDE,0xD6,0xDE,0xD6,0xDE,0xD6,0xDE,
    0xB5,0xDE,0x95,0xD6,0xB5,0xDE,0xB5,0xDE,0x95,0xD6,0x94,0xD6,0x17,0xE7,0xD1,0xAC,
    0x89,0x6A,0x00,0x00,0xAA,0x52,0x00,0x00,0x00,0x00,0x00,0x00,0x00,0x00,0x00,0x00,
    0x00,0x00,0x00,0x00,0x00,0x00,0x00,0x00,0x00,0x00,0x00,0x00,0x00,0x00,0x00,0x00,
    0x00,0x00,0x00,0x00,0x00,0x00,0x00,0x00,0x00,0x00,0x00,0x00,0x00,0x00,0x00,0x00,
    0x00,0x00,0x00,0x00,0x00,0x00,0x00,0x00,0x00,0x00,0x00,0x00,0x00,0x00,0x00,0x00,
    0xEF,0x7B,0x00,0x00,0xA8,0x7A,0x12,0xBD,0xFD,0xFF,0x79,0xFF,0x59,0xFF,0x9A,0xFF,
    0x9A,0xFF,0x9A,0xFF,0xBA,0xFF,0x58,0xF7,0x75,0xDE,0x7A,0xF7,0x9A,0xFF,0xF6,0xEE,
    0xD6,0xE6,0xD6,0xE6,0xB5,0xDE,0x33,0xCE,0xD5,0xDE,0xD5,0xE6,0xD5,0xDE,0xD5,0xE6,
    0xD5,0xE6,0xD6,0xE6,0xD6,0xE6,0xD6,0xDE,0xD5,0xDE,0xB5,0xDE,0xD5,0xDE,0xB5,0xDE,
    0xD5,0xDE,0xD6,0xDE,0xB5,0xDE,0xD6,0xDE,0xB6,0xDE,0xB6,0xDE,0xD6,0xDE,0xD6,0xDE,
    0xD6,0xDE,0xD6,0xDE,0xD6,0xDE,0xD6,0xDE,0xD6,0xDE,0xD6,0xDE,0xD6,0xDE,0xD6,0xDE,
    0xD6,0xDE,0xB5,0xD6,0x95,0xD6,0xB5,0xDE,0xB5,0xDE,0xB5,0xD6,0x74,0xD6,0x17,0xE7,
    0x12,0xB5,0xA9,0x6A,0x00,0x00,0xA0,0x52,0x00,0x00,0x00,0x00,0x00,0x00,0x00,0x00,
    0x00,0x00,0x00,0x00,0x00,0x00,0x00,0x00,0x00,0x00,0x00,0x00,0x00,0x00,0x00,0x00,
    0x00,0x00,0x00,0x00,0x00,0x00,0x00,0x00,0x00,0x00,0x00,0x00,0x00,0x00,0x00,0x00,
    0x00,0x00,0x00,0x00,0x00,0x00,0x00,0x00,0x00,0x00,0x00,0x00,0x00,0x00,0xEF,0x7B,
    0x00,0x00,0xAD,0x93,0xF1,0xBC,0xFD,0xFF,0x59,0xF7,0x38,0xF7,0x58,0xF7,0x58,0xFF,
    0x9A,0xFF,0xBB,0xFF,0x38,0xF7,0x54,0xD6,0x79,0xFF,0xBA,0xFF,0x79,0xFF,0x38,0xF7,
    0xF6,0xE6,0xB5,0xDE,0x54,0xCE,0x17,0xEF,0xD6,0xE6,0xD5,0xDE,0xD5,0xE6,0xD6,0xE6,
    0xD5,0xDE,0xD6,0xDE,0xD6,0xE6,0xD6,0xDE,0xD5,0xDE,0xB5,0xDE,0xB5,0xDE,0xD5,0xDE,
    0xD6,0xDE,0xD6,0xDE,0xD6,0xDE,0xD6,0xDE,0xB6,0xDE,0xD6,0xDE,0xD6,0xDE,0xD6,0xDE,
    0xD6,0xDE,0xD6,0xDE,0xD6,0xDE,0xD6,0xDE,0xD6,0xDE,0xD6,0xDE,0xD6,0xDE,0xD6,0xDE,
    0xD6,0xDE,0xD6,0xDE,0xB5,0xD6,0x95,0xD6,0xB5,0xDE,0xB5,0xDE,0xB5,0xDE,0x74,0xD6,
    0x17,0xE7,0xF1,0xAC,0x0B,0x73,0x00,0x00,0xEF,0x7B,0x00,0x00,0x00,0x00,0x00,0x00,
    0x00,0x00,0x00,0x00,0x00,0x00,0x00,0x00,0x00,0x00,0x00,0x00,0x00,0x00,0x00,0x00,
    0x00,0x00,0x00,0x00,0x00,0x00,0x00,0x00,0x00,0x00,0x00,0x00,0x00,0x00,0x00,0x00,
    0x00,0x00,0x00,0x00,0x00,0x00,0x00,0x00,0x00,0x00,0x00,0x00,0xFF,0xFF,0xE0,0x7B,
    0xEB,0x9A,0x90,0xAC,0xDC,0xFF,0x58,0xF7,0x18,0xF7,0x16,0xF7,0xF6,0xF6,0xF6,0xF6,
    0x37,0xF7,0x17,0xF7,0x55,0xD6,0x79,0xFF,0x99,0xFF,0x99,0xFF,0x79,0xFF,0x58,0xF7,
    0xD6,0xE6,0xF2,0xC5,0x17,0xEF,0x37,0xF7,0xD5,0xDE,0xD5,0xDE,0xD5,0xDE,0xD5,0xDE,
    0xD5,0xDE,0xD6,0xE6,0xD6,0xE6,0xD6,0xE6,0xD5,0xDE,0xD5,0xDE,0xD5,0xDE,0xD6,0xDE,
    0xD6,0xDE,0xD6,0xDE,0xD6,0xDE,0xD6,0xDE,0xB6,0xDE,0xB6,0xDE,0xD6,0xDE,0xD6,0xDE,
    0xD6,0xDE,0xD6,0xDE,0xD6,0xDE,0xD6,0xDE,0xD6,0xDE,0xD6,0xDE,0xD6,0xDE,0xD6,0xDE,
    0xD6,0xDE,0xD6,0xDE,0xD6,0xDE,0xB5,0xDE,0xB5,0xDE,0xB5,0xDE,0x95,0xD6,0xB5,0xD6,
    0x74,0xD6,0x58,0xEF,0xB0,0xA4,0xEA,0x72,0x00,0x00,0xEF,0x7B,0x00,0x00,0x00,0x00,
    0x00,0x00,0x00,0x00,0x00,0x00,0x00,0x00,0x00,0x00,0x00,0x00,0x00,0x00,0x00,0x00,
    0x00,0x00,0x00,0x00,0x00,0x00,0x00,0x00,0x00,0x00,0x00,0x00,0x00,0x00,0x00,0x00,
    0x00,0x00,0x00,0x00,0x00,0x00,0x00,0x00,0x00,0x00,0x00,0x00,0xAA,0xAA,0x00,0x00,
    0x0E,0xA4,0x7A,0xF7,0x58,0xF7,0xF7,0xEE,0x17,0xF7,0xF6,0xF6,0xF6,0xF6,0xF6,0xF6,
    0xF6,0xF6,0x13,0xD6,0x38,0xEF,0x58,0xF7,0x79,0xFF,0x79,0xFF,0x37,0xF7,0xF6,0xEE,
    0xF2,0xCD,0x14,0xCE,0x78,0xFF,0x16,0xEF,0xD6,0xDE,0xB5,0xDE,0xB5,0xDE,0xB5,0xDE,
    0xD5,0xDE,0xD5,0xE6,0xD5,0xE6,0xD5,0xE6,0xD5,0xDE,0xD6,0xDE,0xD6,0xDE,0xD6,0xDE,
    0xD5,0xDE,0xD6,0xDE,0xD6,0xDE,0xD5,0xDE,0xD5,0xDE,0xB5,0xDE,0xD6,0xDE,0xD6,0xDE,
    0xD6,0xDE,0xD6,0xDE,0xD6,0xDE,0xD6,0xDE,0xD6,0xDE,0xD6,0xDE,0xD6,0xDE,0xD6,0xDE,
    0xD6,0xDE,0xD6,0xDE,0xD6,0xDE,0xB6,0xDE,0xB5,0xDE,0xB5,0xDE,0xB5,0xDE,0xB5,0xDE,
    0xB5,0xD6,0xD6,0xDE,0x59,0xF7,0x2E,0x94,0x6D,0x6B,0x00,0x78,0xFF,0xFF,0x00,0x00,
    0x00,0x00,0x00,0x00,0x00,0x00,0x00,0x00,0x00,0x00,0x00,0x00,0x00,0x00,0x00,0x00,
    0x00,0x00,0x00,0x00,0x00,0x00,0x00,0x00,0x00,0x00,0x00,0x00,0x00,0x00,0x00,0x00,
    0x00,0x00,0x00,0x00,0x00,0x00,0x00,0x00,0x00,0x00,0xEF,0x7B,0x00,0x00,0xAC,0x93,
    0x98,0xDE,0x79,0xFF,0xB5,0xEE,0x17,0xF7,0xF6,0xEE,0xF6,0xEE,0xF6,0xEE,0xF6,0xEE,
    0x12,0xD6,0x74,0xDE,0x37,0xF7,0x17,0xEF,0x37,0xF7,0x17,0xF7,0xF5,0xEE,0x53,0xD6,
    0x50,0xB5,0x37,0xF7,0x37,0xF7,0x16,0xEF,0xD6,0xDE,0xD6,0xDE,0xD6,0xDE,0xD5,0xDE,
    0xD5,0xDE,0xD5,0xDE,0xD5,0xDE,0xD5,0xDE,0xD5,0xDE,0xD5,0xDE,0xD5,0xDE,0xD5,0xDE,
    0xD5,0xDE,0xB5,0xDE,0xB5,0xDE,0xD5,0xDE,0xD5,0xDE,0xB5,0xDE,0xD5,0xDE,0xD6,0xDE,
    0xD6,0xDE,0xD6,0xDE,0xD6,0xDE,0xD6,0xDE,0xD6,0xDE,0xD6,0xDE,0xD6,0xDE,0xD6,0xDE,
    0xD6,0xDE,0xD6,0xDE,0xD6,0xDE,0xB6,0xDE,0xB5,0xDE,0xB5,0xD6,0xB5,0xDE,0xB5,0xDE,
    0xB6,0xDE,0xB6,0xDE,0x17,0xE7,0xD7,0xE6,0x8C,0x8B,0x00,0x00,0xAA,0x52,0x00,0x00,
    0x00,0x00,0x00,0x00,0x00,0x00,0x00,0x00,0x00,0x00,0x00,0x00,0x00,0x00,0x00,0x00,
    0x00,0x00,0x00,0x00,0x00,0x00,0x00,0x00,0x00,0x00,0x00,0x00,0x00,0x00,0x00,0x00,
    0x00,0x00,0x00,0x00,0x00,0x00,0x00,0x00,0xEF,0x7B,0x00,0x00,0x67,0x72,0x94,0xC5,
    0xDB,0xFF,0xB5,0xE6,0x17,0xEF,0xD5,0xEE,0xF6,0xEE,0xD6,0xEE,0xF6,0xEE,0x74,0xDE,
    0xD2,0xC5,0xD5,0xE6,0xF6,0xEE,0xF6,0xEE,0xF6,0xEE,0xF6,0xEE,0x94,0xDE,0x2C,0x94,
    0xF4,0xCD,0x78,0xFF,0x37,0xF7,0x16,0xEF,0xB5,0xDE,0x37,0xEF,0xD6,0xDE,0xB5,0xDE,
    0xB5,0xDE,0xD5,0xDE,0xD5,0xDE,0xD6,0xDE,0xD5,0xDE,0xD6,0xDE,0xD6,0xDE,0xD6,0xDE,
    0xD5,0xDE,0xB5,0xDE,0xB5,0xDE,0xB5,0xDE,0xB5,0xDE,0xB5,0xDE,0xD5,0xDE,0xD6,0xDE,
    0xD6,0xDE,0xD6,0xDE,0xD6,0xDE,0xD6,0xDE,0xD6,0xDE,0xD6,0xDE,0xD6,0xDE,0xD6,0xDE,
    0xD6,0xDE,0xD6,0xDE,0xD6,0xDE,0xD6,0xDE,0xB5,0xDE,0xB5,0xD6,0xB6,0xDE,0xB5,0xDE,
    0xB5,0xDE,0xB6,0xDE,0x95,0xD6,0x57,0xEF,0xB3,0xC5,0x8C,0x83,0x00,0x00,0xEF,0x7B,
    0x00,0x00,0x00,0x00,0x00,0x00,0x00,0x00,0x00,0x00,0x00,0x00,0x00,0x00,0x00,0x00,
    0x00,0x00,0x00,0x00,0x00,0x00,0x00,0x00,0x00,0x00,0x00,0x00,0x00,0x00,0x00,0x00,
    0x00,0x00,0x00,0x00,0x00,0x00,0x00,0x00,0xE0,0x7B,0x00,0x00,0x6F,0xA4,0xBB,0xFF,
    0xB5,0xE6,0x17,0xEF,0xD5,0xEE,0xD5,0xE6,0xD6,0xE6,0xD6,0xE6,0xF6,0xE6,0xD2,0xC5,
    0x74,0xDE,0xD5,0xE6,0xD6,0xE6,0xD6,0xE6,0xF6,0xE6,0x95,0xD6,0xEF,0xB4,0x8F,0xB4,
    0x38,0xEF,0x38,0xF7,0x57,0xF7,0xB5,0xDE,0x16,0xEF,0x16,0xEF,0xB5,0xDE,0xB5,0xDE,
    0xB5,0xDE,0xB5,0xDE,0xB5,0xDE,0xD6,0xDE,0xD6,0xDE,0xD6,0xDE,0xD6,0xDE,0xD6,0xDE,
    0xD6,0xDE,0xB5,0xDE,0xB6,0xDE,0xB5,0xDE,0xB5,0xDE,0xB6,0xDE,0xB5,0xDE,0xB5,0xDE,
    0xD6,0xDE,0xD6,0xDE,0xD6,0xDE,0xD6,0xDE,0xD6,0xDE,0xB5,0xDE,0xB5,0xDE,0xB5,0xDE,
    0xB5,0xDE,0xB5,0xDE,0xB5,0xDE,0xB5,0xDE,0xD6,0xDE,0xB5,0xDE,0x95,0xD6,0xB5,0xDE,
    0xB5,0xD6,0xB5,0xDE,0xD5,0xDE,0xB5,0xDE,0x59,0xF7,0x8F,0xA4,0xAE,0x8B,0x00,0x00,
    0xFF,0xFF,0x00,0x00,0x00,0x00,0x00,0x00,0x00,0x00,0x00,0x00,0x00,0x00,0x00,0x00,
    0x00,0x00,0x00,0x00,0x00,0x00,0x00,0x00,0x00,0x00,0x00,0x00,0x00,0x00,0x00,0x00,
    0x00,0x00,0x00,0x00,0x00,0x00,0xAA,0xAA,0x00,0x00,0xEE,0x93,0xB8,0xE6,0x16,0xEF,
    0xB6,0xE6,0x17,0xEF,0xB5,0xE6,0xD5,0xE6,0xD5,0xE6,0xF6,0xEE,0x33,0xD6,0x13,0xCE,
    0xD6,0xE6,0xD5,0xDE,0xB5,0xDE,0xD5,0xE6,0x54,0xD6,0x10,0xBD,0x10,0xDD,0xF3,0xCD,
    0x37,0xE7,0x37,0xEF,0xF6,0xE6,0xF6,0xE6,0x58,0xF7,0xD6,0xE6,0x16,0xEF,0x16,0xEF,
    0xD6,0xDE,0xB5,0xDE,0xB5,0xDE,0xB5,0xDE,0xD6,0xDE,0xD6,0xDE,0xD6,0xDE,0xD6,0xDE,
    0xB5,0xDE,0x95,0xD6,0xB6,0xDE,0xB6,0xDE,0xD6,0xDE,0xD6,0xDE,0xD6,0xDE,0xD6,0xDE,
    0xD6,0xDE,0xD5,0xDE,0xD6,0xDE,0xD6,0xDE,0xD5,0xDE,0xB5,0xDE,0xB6,0xDE,0xB5,0xDE,
    0x54,0xCE,0xB5,0xDE,0xD5,0xDE,0xD6,0xDE,0xB6,0xDE,0xB5,0xDE,0x95,0xD6,0xB5,0xDE,
    0x95,0xD6,0xD6,0xE6,0xF6,0xE6,0xD6,0xDE,0x17,0xE7,0x75,0xDE,0xAD,0x83,0x00,0x00,
    0xE0,0x7B,0x00,0x00,0x00,0x00,0x00,0x00,0x00,0x00,0x00,0x00,0x00,0x00,0x00,0x00,
    0x00,0x00,0x00,0x00,0x00,0x00,0x00,0x00,0x00,0x00,0x00,0x00,0x00,0x00,0x00,0x00,
    0x00,0x00,0x00,0x00,0xFF,0xFF,0xE0,0xFF,0x24,0x49,0x94,0xC5,0x79,0xFF,0x74,0xDE,
    0x18,0xEF,0xD5,0xE6,0xD5,0xE6,0xD5,0xE6,0xD6,0xE6,0xB5,0xE6,0xD2,0xC5,0xB6,0xDE,
    0xD6,0xDE,0xB5,0xDE,0xD5,0xDE,0x53,0xCE,0xAE,0xB4,0xD2,0xF5,0x30,0xCD,0x74,0xCE,
    0xB5,0xDE,0xB5,0xDE,0xB5,0xDE,0x17,0xE7,0x17,0xEF,0xF6,0xE6,0x37,0xEF,0x17,0xEF,
    0x37,0xEF,0xD5,0xDE,0xB5,0xDE,0xD6,0xE6,0xD6,0xDE,0xD6,0xDE,0xF6,0xE6,0xF6,0xDE,
    0x74,0xD6,0x74,0xD6,0xB5,0xDE,0xB5,0xDE,0xD5,0xDE,0xD6,0xDE,0xD6,0xDE,0xD6,0xDE,
    0xD5,0xDE,0xD5,0xDE,0xB5,0xDE,0xD5,0xDE,0xD5,0xDE,0xD5,0xDE,0xB6,0xDE,0xD6,0xDE,
    0x33,0xC6,0x95,0xD6,0xD6,0xDE,0xD6,0xDE,0xB5,0xDE,0xB5,0xDE,0x95,0xD6,0x95,0xD6,
    0xD5,0xDE,0xF6,0xE6,0x17,0xEF,0xD6,0xE6,0xB5,0xDE,0xF6,0xE6,0xF0,0xAC,0x6D,0x83,
    0x00,0x00,0x00,0x00,0x00,0x00,0x00,0x00,0x00,0x00,0x00,0x00,0x00,0x00,0x00,0x00,
    0x00,0x00,0x00,0x00,0x00,0x00,0x00,0x00,0x00,0x00,0x00,0x00,0x00,0x00,0x00,0x00,
    0x00,0x00,0x00,0x00,0xAA,0x52,0x00,0x00,0x50,0xA4,0xD7,0xE6,0x94,0xDE,0x96,0xDE,
    0xF6,0xEE,0xB5,0xE6,0xD6,0xE6,0xD5,0xE6,0xF6,0xE6,0x13,0xCE,0x34,0xCE,0xF7,0xE6,
    0xF6,0xE6,0x17,0xE7,0xB5,0xDE,0x0F,0xBD,0x13,0xFE,0x75,0xFE,0x72,0xC5,0xD5,0xDE,
    0xB5,0xDE,0x95,0xDE,0xB5,0xDE,0xD6,0xDE,0xB5,0xDE,0xB5,0xDE,0xF6,0xE6,0x17,0xEF,
    0x16,0xEF,0xB5,0xDE,0x17,0xEF,0xF7,0xE6,0xF6,0xE6,0x38,0xF7,0x17,0xEF,0xD6,0xDE,
    0x33,0xC6,0x95,0xD6,0xB5,0xDE,0xB5,0xDE,0xB5,0xDE,0xD6,0xDE,0xD6,0xDE,0xD6,0xDE,
    0xD6,0xDE,0xD5,0xDE,0xD5,0xDE,0xD5,0xDE,0xD5,0xDE,0xD5,0xDE,0xD6,0xDE,0xF7,0xE6,
    0x75,0xD6,0x75,0xD6,0xF6,0xDE,0xB6,0xDE,0xB5,0xDE,0xB5,0xDE,0x95,0xD6,0xB5,0xDE,
    0xF6,0xE6,0xF6,0xE6,0x17,0xEF,0xF6,0xE6,0x94,0xD6,0x95,0xD6,0xB6,0xDE,0xED,0x93,
    0x00,0x00,0x00,0x00,0x00,0x00,0x00,0x00,0x00,0x00,0x00,0x00,0x00,0x00,0x00,0x00,
    0x00,0x00,0x00,0x00,0x00,0x00,0x00,0x00,0x00,0x00,0x00,0x00,0x00,0x00,0x00,0x00,
    0x00,0x00,0xFF,0xFF,0x00,0x00,0x4D,0x83,0x53,0xBD,0x16,0xEF,0xB1,0xC5,0xD6,0xE6,
    0xD5,0xE6,0xB5,0xE6,0xB5,0xE6,0xD5,0xDE,0x95,0xDE,0xB1,0xBD,0xD6,0xDE,0xD6,0xDE,
    0x74,0xD6,0x13,0xCE,0x6D,0xA4,0xAE,0xC4,0x92,0xD5,0xF4,0xD5,0x34,0xD6,0xF6,0xE6,
    0xB5,0xDE,0x94,0xDE,0xB5,0xDE,0xB5,0xDE,0xB5,0xDE,0xB5,0xDE,0xB5,0xDE,0xD5,0xDE,
    0xD5,0xDE,0xB5,0xDE,0x17,0xEF,0xB5,0xDE,0x17,0xEF,0x37,0xF7,0x16,0xEF,0x95,0xD6,
    0xF2,0xBD,0xD6,0xDE,0xD6,0xE6,0xD5,0xDE,0xB5,0xDE,0xB5,0xDE,0xD5,0xDE,0xD6,0xDE,
    0xD6,0xDE,0xD6,0xDE,0xD5,0xDE,0xB5,0xDE,0xB5,0xDE,0xD5,0xDE,0x16,0xE7,0x17,0xE7,
    0xB6,0xDE,0x54,0xCE,0xF6,0xDE,0xF6,0xE6,0xD6,0xDE,0xF6,0xE6,0xF6,0xE6,0x95,0xD6,
    0x17,0xE7,0xF6,0xE6,0xF6,0xE6,0xF6,0xE6,0x94,0xD6,0x54,0xCE,0x17,0xE7,0x31,0xB5,
    0x00,0x08,0x00,0x00,0x00,0x00,0x00,0x00,0x00,0x00,0x00,0x00,0x00,0x00,0x00,0x00,
    0x00,0x00,0x00,0x00,0x00,0x00,0x00,0x00,0x00,0x00,0x00,0x00,0x00,0x00,0x00,0x00,
    0x00,0x00,0xAA,0xAA,0x00,0x00,0x70,0xA4,0xD8,0xE6,0x53,0xDE,0xB3,0xC5,0xF6,0xEE,
    0x94,0xDE,0xB5,0xDE,0xD5,0xDE,0xF6,0xE6,0xF2,0xC5,0xF2,0xC5,0xD5,0xDE,0x34,0xD6,
    0x74,0xD6,0xEF,0xB4,0xD3,0xE5,0x76,0xEE,0xF4,0xDD,0x2D,0xA4,0xAE,0xAC,0x74,0xD6,
    0xB5,0xDE,0x95,0xDE,0xD5,0xDE,0xB5,0xDE,0xB5,0xDE,0xD5,0xDE,0xB5,0xDE,0xB5,0xDE,
    0xB5,0xDE,0xB5,0xDE,0xB5,0xDE,0xB5,0xD6,0xD5,0xDE,0x16,0xEF,0x16,0xEF,0xB1,0xBD,
    0x71,0xB5,0x17,0xE7,0x17,0xE7,0xF6,0xE6,0x16,0xEF,0xF6,0xE6,0xF6,0xE6,0xD6,0xDE,
    0xB5,0xDE,0xD6,0xDE,0x17,0xE7,0xF6,0xE6,0xF6,0xE6,0x17,0xEF,0x17,0xEF,0x17,0xEF,
    0xF6,0xE6,0x33,0xC6,0xB5,0xD6,0x17,0xEF,0x17,0xEF,0x17,0xEF,0x37,0xEF,0xB5,0xDE,
    0xD5,0xDE,0xF6,0xE6,0xB5,0xDE,0xD6,0xDE,0xB5,0xDE,0x74,0xCE,0xB6,0xDE,0x95,0xD6,
    0xF1,0xAC,0x00,0x00,0x00,0x00,0x00,0x00,0x00,0x00,0x00,0x00,0x00,0x00,0x00,0x00,
    0x00,0x00,0x00,0x00,0x00,0x00,0x00,0x00,0x00,0x00,0x00,0x00,0x00,0x00,0x00,0x00,
    0x00,0x00,0x00,0x00,0x49,0x6A,0x12,0xB5,0x98,0xFF,0xAE,0xAC,0x96,0xDE,0xD5,0xE6,
    0x94,0xDE,0xD6,0xDE,0xD6,0xE6,0xD6,0xDE,0x91,0xBD,0x74,0xD6,0x94,0xDE,0xF6,0xE6,
    0x71,0xBD,0xD3,0xED,0x5A,0xFF,0x9C,0xFF,0xDD,0xFF,0x15,0xD6,0x34,0xD6,0x13,0xD6,
    0x74,0xD6,0x94,0xDE,0xD5,0xDE,0xB5,0xDE,0xD5,0xDE,0xD6,0xDE,0xD6,0xDE,0xD6,0xDE,
    0xD6,0xDE,0xB5,0xDE,0xB5,0xDE,0xB5,0xD6,0x95,0xD6,0xB5,0xDE,0xF6,0xDE,0x4D,0x9C,
    0x70,0xB5,0x17,0xE7,0x17,0xE7,0x17,0xEF,0x37,0xEF,0x17,0xEF,0x17,0xEF,0xD6,0xDE,
    0x74,0xD6,0xD5,0xDE,0x17,0xEF,0x37,0xEF,0x37,0xEF,0x37,0xEF,0x37,0xEF,0x17,0xEF,
    0xF6,0xE6,0x13,0xC6,0x53,0xCE,0x16,0xE7,0x17,0xEF,0x17,0xEF,0x17,0xEF,0xB5,0xDE,
    0x74,0xD6,0xB5,0xDE,0x95,0xD6,0x95,0xD6,0x95,0xD6,0x95,0xD6,0x95,0xD6,0xD6,0xDE,
    0x17,0xE7,0x00,0x00,0x00,0x00,0x00,0x00,0x00,0x00,0x00,0x00,0x00,0x00,0x00,0x00,
    0x00,0x00,0x00,0x00,0x00,0x00,0x00,0x00,0x00,0x00,0x00,0x00,0x00,0x00,0x00,0x00,
    0xAA,0xAA,0x00,0x00,0xCE,0x8B,0x35,0xD6,0x90,0xC5,0x2E,0x9C,0x79,0xF7,0x95,0xDE,
    0x95,0xDE,0xD6,0xDE,0xF6,0xE6,0x34,0xD6,0xD2,0xC5,0xB5,0xDE,0xD5,0xDE,0x90,0xBD,
    0x50,0xDD,0x39,0xFF,0x5A,0xFF,0x7B,0xFF,0x5B,0xF7,0xF5,0xCD,0x17,0xEF,0xD5,0xE6,
    0x33,0xD6,0xB5,0xDE,0xD5,0xE6,0xD6,0xE6,0xD6,0xE6,0xD6,0xDE,0xD6,0xDE,0xD6,0xDE,
    0xD6,0xDE,0xB5,0xDE,0x95,0xD6,0xB5,0xD6,0xB5,0xD6,0xB5,0xDE,0x95,0xD6,0x2C,0xA4,
    0xB1,0xBD,0xD5,0xDE,0xD6,0xE6,0x17,0xEF,0x17,0xEF,0x17,0xEF,0x17,0xEF,0xF6,0xE6,
    0x53,0xCE,0xD5,0xDE,0x17,0xEF,0x37,0xEF,0x17,0xEF,0x37,0xEF,0x37,0xEF,0x17,0xEF,
    0xF6,0xE6,0x33,0xCE,0x12,0xC6,0xF6,0xE6,0xF6,0xE6,0xD6,0xDE,0xB5,0xDE,0x95,0xD6,
    0x74,0xD6,0x95,0xD6,0x95,0xD6,0x95,0xD6,0xB5,0xD6,0x95,0xD6,0xB5,0xD6,0xD6,0xDE,
    0x74,0xD6,0x00,0x00,0x00,0x00,0x00,0x00,0x00,0x00,0x00,0x00,0x00,0x00,0x00,0x00,
    0x00,0x00,0x00,0x00,0x00,0x00,0x00,0x00,0x00,0x00,0x00,0x00,0x00,0x00,0x00,0x00,
    0xEF,0x7B,0x00,0x00,0x90,0xA4,0xF6,0xE6,0x0C,0x94,0xD4,0xCD,0x37,0xEF,0x94,0xDE,
    0xB5,0xDE,0xD6,0xDE,0xF6,0xE6,0xB1,0xBD,0x54,0xD6,0x17,0xE7,0x33,0xCE,0x30,0xCD,
    0x18,0xFF,0x5A,0xFF,0x5A,0xFF,0x7B,0xFF,0x3A,0xF7,0xD4,0xCD,0xF6,0xE6,0x74,0xDE,
    0x33,0xD6,0xF6,0xE6,0xD6,0xE6,0xD6,0xE6,0xD6,0xE6,0xD6,0xE6,0xD6,0xDE,0xD6,0xDE,
    0xD5,0xDE,0xB5,0xDE,0x95,0xD6,0xB5,0xDE,0xB5,0xDE,0xF6,0xDE,0xB2,0xC5,0xAF,0xBC,
    0xD2,0xBD,0xD6,0xDE,0xB5,0xDE,0xD6,0xDE,0xB5,0xDE,0xD6,0xDE,0xD6,0xDE,0xF6,0xE6,
    0x54,0xCE,0xB5,0xDE,0x16,0xEF,0xF6,0xE6,0xD5,0xDE,0xF6,0xE6,0xF6,0xE6,0xF6,0xE6,
    0xF7,0xE6,0x95,0xD6,0xF2,0xC5,0xD6,0xDE,0xD5,0xDE,0xB5,0xD6,0xB5,0xD6,0xB5,0xD6,
    0x95,0xD6,0x95,0xD6,0xB5,0xDE,0xB5,0xD6,0x95,0xD6,0x95,0xD6,0xB5,0xD6,0xD6,0xDE,
    0x54,0xCE,0x00,0x00,0x00,0x00,0x00,0x00,0x00,0x00,0x00,0x00,0x00,0x00,0x00,0x00,
    0x00,0x00,0x00,0x00,0x00,0x00,0x00,0x00,0x00,0x00,0x00,0x00,0x00,0x00,0xFF,0xFF,
    0x00,0x00,0xAD,0x6A,0x72,0xBD,0xF3,0xCD,0x91,0xA4,0xB7,0xE6,0xD5,0xE6,0x95,0xDE,
    0xB5,0xDE,0xD6,0xDE,0x94,0xDE,0x4F,0xB5,0x94,0xD6,0x95,0xD6,0x51,0xCD,0x19,0xFF,
    0x7B,0xFF,0x5A,0xFF,0x7B,0xFF,0x7B,0xFF,0xF9,0xEE,0xB2,0xCD,0xF5,0xE6,0x13,0xD6,
    0x54,0xD6,0x17,0xEF,0xD6,0xE6,0xF6,0xE6,0xF6,0xE6,0xF6,0xE6,0xD6,0xE6,0xD6,0xE6,
    0xD6,0xDE,0xB5,0xDE,0xB5,0xDE,0xB5,0xDE,0x53,0xD6,0x12,0xC6,0xCF,0xBC,0x92,0xE5,
    0xF3,0xC5,0xF6,0xE6,0xB5,0xDE,0xB5,0xDE,0xB5,0xDE,0xB5,0xDE,0xB5,0xDE,0xD6,0xDE,
    0x54,0xCE,0xB5,0xDE,0xD6,0xDE,0xB5,0xDE,0x95,0xD6,0xB5,0xD6,0x95,0xD6,0xD6,0xDE,
    0xF6,0xE6,0xD6,0xDE,0xF3,0xC5,0xB5,0xDE,0xB5,0xDE,0xB5,0xDE,0xB5,0xD6,0xB5,0xD6,
    0xB5,0xDE,0x95,0xD6,0xB5,0xDE,0xB5,0xDE,0x95,0xD6,0x95,0xD6,0x95,0xD6,0xD6,0xDE,
    0x54,0xCE,0x00,0x00,0x00,0x00,0x00,0x00,0x00,0x00,0x00,0x00,0x00,0x00,0x00,0x00,
    0x00,0x00,0x00,0x00,0x00,0x00,0x00,0x00,0x00,0x00,0x00,0x00,0x00,0x00,0xEF,0xFB,
    0x00,0x00,0x91,0x9C,0x4F,0xB5,0x93,0xBD,0xB5,0xC5,0x17,0xEF,0xB5,0xDE,0x95,0xD6,
    0xB5,0xDE,0xD6,0xDE,0x13,0xCE,0x70,0xB5,0x94,0xD6,0x50,0xC5,0xB7,0xF6,0xBC,0xFF,
    0x7B,0xFF,0x7B,0xFF,0x7B,0xFF,0x7B,0xFF,0xF8,0xEE,0xB2,0xCD,0x37,0xEF,0x0F,0xB5,
    0x13,0xD6,0x17,0xEF,0xD6,0xE6,0xF6,0xE6,0xF6,0xE6,0xF6,0xE6,0xF6,0xE6,0xD6,0xE6,
    0xD6,0xE6,0x95,0xDE,0xB5,0xDE,0x74,0xD6,0xB1,0xC5,0x6D,0xA4,0x2C,0xAC,0x4D,0xB4,
    0x51,0xB5,0x38,0xE7,0xD6,0xDE,0xB5,0xDE,0xB5,0xDE,0xB5,0xDE,0xB5,0xDE,0xB5,0xDE,
    0x54,0xCE,0x95,0xD6,0xD6,0xDE,0xB5,0xDE,0xB5,0xD6,0xB5,0xD6,0xB5,0xDE,0xB5,0xDE,
    0xB5,0xDE,0xD6,0xDE,0xF3,0xC5,0x95,0xD6,0xB5,0xDE,0xB5,0xDE,0xB5,0xD6,0xB5,0xD6,
    0xB5,0xDE,0x95,0xD6,0xB5,0xDE,0xB6,0xDE,0xB5,0xD6,0xB5,0xD6,0xB5,0xD6,0xD6,0xDE,
    0x95,0xD6,0x00,0x00,0x00,0x00,0x00,0x00,0x00,0x00,0x00,0x00,0x00,0x00,0x00,0x00,
    0x00,0x00,0x00,0x00,0x00,0x00,0x00,0x00,0x00,0x00,0x00,0x00,0x00,0x00,0xE7,0x7B,
    0x00,0x00,0x11,0xAD,0x0F,0xB5,0x37,0xCE,0xB4,0xC5,0x17,0xE7,0x95,0xD6,0xB5,0xDE,
    0xB5,0xDE,0xB5,0xDE,0x70,0xBD,0xF2,0xC5,0x91,0xC5,0xF3,0xE5,0xBB,0xFF,0x7B,0xFF,
    0x7B,0xFF,0x9B,0xFF,0x5A,0xFF,0x7A,0xFF,0xF9,0xF6,0xD3,0xCD,0x37,0xEF,0x6D,0xAC,
    0x13,0xD6,0x17,0xEF,0xF6,0xEE,0xF6,0xEE,0xF6,0xE6,0xF6,0xE6,0xF6,0xE6,0xD6,0xE6,
    0xD5,0xE6,0x74,0xD6,0xD5,0xDE,0xB5,0xDE,0xF6,0xE6,0x92,0xC5,0x96,0xFE,0x92,0xDD,
    0x2C,0x9C,0x0F,0xB5,0x75,0xD6,0xD6,0xDE,0xB6,0xDE,0xB6,0xDE,0xB5,0xDE,0xB5,0xDE,
    0x13,0xC6,0x74,0xD6,0xB5,0xDE,0xB5,0xDE,0xB5,0xDE,0xB5,0xDE,0xB5,0xDE,0xB5,0xDE,
    0xB5,0xD6,0xD6,0xDE,0xF2,0xC5,0x74,0xCE,0xD6,0xDE,0xB5,0xDE,0xB5,0xDE,0xB5,0xDE,
    0xB5,0xDE,0x95,0xD6,0xB5,0xD6,0xB5,0xDE,0xB5,0xDE,0xB5,0xD6,0xB5,0xD6,0xF6,0xE6,
    0xB6,0xD6,0x00,0x00,0x00,0x00,0x00,0x00,0x00,0x00,0x00,0x00,0x00,0x00,0x00,0x00,
    0x00,0x00,0x00,0x00,0x00,0x00,0x00,0x00,0x00,0x00,0x00,0x00,0x00,0x00,0xA0,0x52,
    0x00,0x00,0x8F,0xA4,0x93,0xBD,0xFA,0xE6,0x92,0xC5,0xD5,0xDE,0x74,0xD6,0xB5,0xDE,
    0xB5,0xDE,0x95,0xDE,0x2F,0xAD,0x70,0xB5,0x50,0xD5,0x39,0xFF,0x19,0xF7,0x9B,0xFF,
    0x7A,0xFF,0x19,0xF7,0x7B,0xFF,0x7B,0xFF,0x3A,0xFF,0xD3,0xCD,0xB5,0xE6,0xCF,0xBC,
    0x54,0xDE,0x17,0xEF,0xF6,0xEE,0xF6,0xEE,0xF6,0xEE,0xF6,0xE6,0xF6,0xE6,0xF6,0xE6,
    0x94,0xDE,0x74,0xDE,0xF6,0xE6,0x17,0xE7,0xF3,0xC5,0xB2,0xDD,0x5A,0xFF,0x55,0xF6,
    0x71,0xC5,0x53,0xD6,0xCE,0xAC,0x54,0xD6,0xF7,0xE6,0xB6,0xDE,0xB6,0xDE,0xB5,0xDE,
    0xF2,0xBD,0x74,0xCE,0xB5,0xDE,0xB5,0xDE,0xB5,0xDE,0xB5,0xDE,0xB5,0xDE,0xB5,0xDE,
    0xB5,0xD6,0xD6,0xDE,0x12,0xC6,0x54,0xCE,0xF6,0xDE,0xB5,0xDE,0xD6,0xDE,0xB5,0xDE,
    0xB5,0xDE,0xB5,0xD6,0xB5,0xD6,0xB6,0xDE,0xB6,0xDE,0xD6,0xDE,0x95,0xD6,0xD6,0xDE,
    0xB6,0xDE,0x00,0x00,0x00,0x00,0x00,0x00,0x00,0x00,0x00,0x00,0x00,0x00,0x00,0x00,
    0x00,0x00,0x00,0x00,0x00,0x00,0x00,0x00,0x00,0x00,0x00,0x00,0x00,0x00,0x00,0x78,
    0x00,0x00,0xAB,0x8B,0x98,0xDE,0xD6,0xC5,0xB2,0xC5,0xB5,0xDE,0x54,0xCE,0xB5,0xDE,
    0xD6,0xDE,0x75,0xD6,0x30,0xAD,0x0F,0xC5,0x55,0xF6,0xFD,0xFF,0xF4,0xD5,0x94,0xC5,
    0x5A,0xF7,0xD7,0xF6,0x55,0xF6,0x3A,0xFF,0xBC,0xFF,0xF4,0xD5,0x74,0xDE,0x72,0xD5,
    0x34,0xDE,0x37,0xEF,0xF6,0xEE,0xF6,0xEE,0xF6,0xEE,0xF6,0xEE,0xF6,0xE6,0x17,0xEF,
    0x33,0xD6,0x95,0xDE,0xF6,0xE6,0xD6,0xDE,0x50,0xC5,0xD7,0xFE,0x9B,0xFF,0xB7,0xFE,
    0x0F,0xBD,0xD5,0xDE,0xD6,0xDE,0x51,0xB5,0x96,0xDE,0xD6,0xDE,0xB5,0xDE,0xB5,0xDE,
    0xD2,0xBD,0x74,0xD6,0xD6,0xDE,0xB5,0xDE,0xB5,0xDE,0xB5,0xDE,0xB6,0xDE,0xB6,0xDE,
    0xB5,0xDE,0xD6,0xDE,0x13,0xC6,0x33,0xC6,0xD6,0xDE,0xB6,0xDE,0xD6,0xDE,0xB5,0xDE,
    0xB5,0xDE,0x95,0xD6,0x95,0xD6,0xD6,0xDE,0xB6,0xDE,0xD6,0xDE,0x95,0xD6,0xB5,0xD6,
    0xB6,0xDE,0x00,0x00,0x00,0x00,0x00,0x00,0x00,0x00,0x00,0x00,0x00,0x00,0x00,0x00,
    0x00,0x00,0x00,0x00,0x00,0x00,0x00,0x00,0x00,0x00,0x00,0x00,0x00,0x00,0x00,0x00,
    0xFF,0xFF,0xCC,0x8B,0x78,0xD6,0xF1,0xAC,0x54,0xD6,0x74,0xCE,0x74,0xCE,0xB5,0xDE,
    0xD6,0xDE,0x54,0xCE,0x2C,0x9C,0xB7,0xF6,0xD4,0xCD,0xF1,0xB4,0x8B,0x83,0xC4,0x51,
    0x67,0x62,0x0D,0x94,0x97,0xE6,0x76,0xF6,0x7B,0xFF,0xD9,0xE6,0xF3,0xD5,0x35,0xE6,
    0xF3,0xDD,0xF6,0xEE,0xD6,0xEE,0xF6,0xEE,0xF6,0xEE,0xF6,0xEE,0xF6,0xEE,0xD6,0xE6,
    0x0F,0xBD,0xB5,0xE6,0x16,0xE7,0xB2,0xCD,0x35,0xEE,0x9C,0xFF,0x7B,0xFF,0x39,0xFF,
    0x2F,0xCD,0x53,0xCE,0xF6,0xE6,0xB6,0xDE,0x71,0xBD,0xD6,0xDE,0xB5,0xD6,0x95,0xD6,
    0xD2,0xBD,0x95,0xD6,0xD6,0xDE,0xB6,0xDE,0xB6,0xDE,0xB5,0xDE,0xB5,0xDE,0xB6,0xDE,
    0xB5,0xDE,0xD6,0xDE,0x33,0xCE,0xF2,0xBD,0xD6,0xDE,0xB5,0xDE,0xB5,0xDE,0xB5,0xDE,
    0xB5,0xDE,0xB5,0xD6,0x75,0xD6,0xD6,0xDE,0xD6,0xDE,0xB6,0xDE,0x95,0xD6,0xB5,0xD6,
    0xB6,0xDE,0x00,0x00,0x00,0x00,0x00,0x00,0x00,0x00,0x00,0x00,0x00,0x00,0x00,0x00,
    0x00,0x00,0x00,0x00,0x00,0x00,0x00,0x00,0x00,0x00,0x00,0x00,0x00,0x00,0x00,0x00,
    0xFF,0xFF,0xCC,0x93,0x33,0xB5,0x56,0xD6,0x33,0xCE,0x53,0xCE,0x74,0xD6,0xB5,0xDE,
    0xF6,0xE6,0xB2,0xC5,0x2C,0xB4,0x9C,0xFF,0x4F,0x9C,0x01,0x41,0x62,0x49,0x05,0x62,
    0x46,0x62,0x63,0x49,0x26,0x62,0x77,0xE6,0x97,0xF6,0x9C,0xFF,0x72,0xC5,0x55,0xE6,
    0x14,0xE6,0x53,0xE6,0xD6,0xEE,0xF6,0xEE,0xF6,0xEE,0xF6,0xEE,0x17,0xEF,0xF3,0xD5,
    0x10,0xBD,0x58,0xF7,0x74,0xDE,0x93,0xD5,0x9B,0xFF,0x7B,0xFF,0x5A,0xFF,0x7A,0xFF,
    0x71,0xDD,0xD2,0xC5,0xF6,0xE6,0xF6,0xE6,0x33,0xCE,0x13,0xCE,0xD5,0xDE,0x95,0xD6,
    0xB1,0xB5,0x95,0xD6,0xD6,0xDE,0xB6,0xDE,0xB6,0xDE,0xB6,0xDE,0xB6,0xDE,0xB6,0xDE,
    0xB6,0xDE,0xD6,0xDE,0x34,0xCE,0xB1,0xB5,0xD6,0xDE,0xB5,0xD6,0xB5,0xDE,0xB5,0xDE,
    0xB5,0xDE,0xB6,0xDE,0x54,0xCE,0xD6,0xDE,0xD6,0xDE,0xD6,0xDE,0xB5,0xD6,0x95,0xD6,
    0x95,0xD6,0x00,0x00,0x00,0x00,0x00,0x00,0x00,0x00,0x00,0x00,0x00,0x00,0x00,0x00,
    0x00,0x00,0x00,0x00,0x00,0x00,0x00,0x00,0x00,0x00,0x00,0x00,0x00,0x00,0x00,0x00,
    0x00,0x00,0xC8,0x7A,0x36,0xD6,0x94,0xD6,0x12,0xC6,0x53,0xCE,0x95,0xD6,0xB5,0xDE,
    0xF6,0xDE,0xB2,0xC5,0xD4,0xD5,0xAC,0x93,0xA3,0x59,0x87,0x6A,0xD0,0xAC,0x35,0xD6,
    0xB0,0xAC,0x6B,0x83,0x05,0x6A,0xE8,0x8A,0x7B,0xFF,0x9B,0xFF,0x56,0xDE,0x31,0xCD,
    0x19,0xF7,0xB2,0xD5,0x17,0xF7,0xF7,0xEE,0xF7,0xEE,0x17,0xEF,0x17,0xEF,0x30,0xC5,
    0x34,0xDE,0x17,0xE7,0x50,0xCD,0x19,0xFF,0x7B,0xFF,0x5A,0xFF,0x5A,0xFF,0x7B,0xFF,
    0x97,0xF6,0x51,0xC5,0x17,0xE7,0xD6,0xDE,0xD5,0xDE,0x95,0xDE,0xB5,0xDE,0x74,0xCE,
    0xD2,0xBD,0xB5,0xD6,0xD6,0xDE,0xD6,0xDE,0xD6,0xDE,0xD6,0xDE,0xD6,0xDE,0xB6,0xDE,
    0xB5,0xDE,0xD6,0xDE,0x54,0xCE,0x91,0xB5,0x95,0xD6,0xB5,0xD6,0xB5,0xD6,0xB5,0xDE,
    0xB5,0xDE,0xB6,0xDE,0x54,0xCE,0xB5,0xD6,0xB6,0xDE,0xB6,0xDE,0xB5,0xDE,0xD5,0xDE,
    0xB5,0xD6,0x00,0x00,0x00,0x00,0x00,0x00,0x00,0x00,0x00,0x00,0x00,0x00,0x00,0x00,
    0x00,0x00,0x00,0x00,0x00,0x00,0x00,0x00,0x00,0x00,0x00,0x00,0x00,0x00,0xEF,0x7B,
    0xAC,0x73,0xF1,0xB4,0x59,0xF7,0x33,0xCE,0x34,0xCE,0x34,0xCE,0x95,0xD6,0xB5,0xDE,
    0xD6,0xDE,0x91,0xC5,0x16,0xD6,0x87,0x72,0x45,0x72,0x36,0xD6,0x39,0xF7,0xED,0x93,
    0x87,0x62,0x66,0x62,0x09,0x73,0x66,0x7A,0xD4,0xD5,0x9B,0xFF,0x5A,0xFF,0xD8,0xEE,
    0x9B,0xFF,0x56,0xDE,0x55,0xDE,0x79,0xF7,0x17,0xEF,0x38,0xF7,0x14,0xD6,0x93,0xD5,
    0x75,0xE6,0x91,0xCD,0x96,0xEE,0x9B,0xFF,0x7B,0xFF,0x7B,0xFF,0x5B,0xFF,0x7B,0xFF,
    0x9B,0xFF,0xB2,0xD5,0xB5,0xDE,0xD6,0xE6,0xB5,0xDE,0xB5,0xDE,0xB5,0xDE,0x33,0xCE,
    0xB2,0xBD,0xB6,0xDE,0xD6,0xDE,0xD6,0xDE,0xD6,0xDE,0xD6,0xDE,0xB6,0xDE,0xB6,0xDE,
    0xB6,0xDE,0xD6,0xDE,0x54,0xCE,0x91,0xB5,0x74,0xCE,0xB5,0xDE,0xB5,0xD6,0xB5,0xDE,
    0xB5,0xDE,0xB6,0xDE,0x33,0xC6,0x95,0xD6,0xB5,0xDE,0xB5,0xDE,0xB5,0xD6,0xF6,0xE6,
    0x95,0xD6,0x00,0x00,0x00,0x00,0x00,0x00,0x00,0x00,0x00,0x00,0x00,0x00,0x00,0x00,
    0x00,0x00,0x00,0x00,0x00,0x00,0x00,0x00,0x00,0x00,0x00,0x00,0x00,0x00,0x00,0x00,
    0x2F,0x94,0x38,0xF7,0xF6,0xE6,0x74,0xD6,0x33,0xCE,0x13,0xC6,0x95,0xD6,0xB5,0xD6,
    0xB5,0xDE,0x71,0xC5,0x6B,0x8B,0x82,0x61,0xAF,0xB4,0x5B,0xFF,0x6F,0xA4,0x67,0x6A,
    0x5C,0xEF,0x09,0x73,0x25,0x5A,0x2A,0x7B,0x93,0xCD,0x9B,0xFF,0x5A,0xFF,0x7B,0xFF,
    0x5A,0xFF,0x7B,0xFF,0x15,0xDE,0x54,0xE6,0x17,0xEF,0x75,0xDE,0x55,0xDE,0x75,0xEE,
    0x50,0xC5,0xD8,0xEE,0x9B,0xFF,0xB7,0xF6,0x97,0xF6,0xD8,0xF6,0x5A,0xFF,0x9C,0xFF,
    0xBC,0xFF,0x56,0xEE,0xD2,0xCD,0xF6,0xE6,0xB5,0xDE,0xB5,0xDE,0xB5,0xDE,0x33,0xC6,
    0xD2,0xBD,0xD6,0xDE,0xB6,0xDE,0xD6,0xDE,0xD6,0xDE,0xB6,0xDE,0xB6,0xDE,0xB6,0xDE,
    0xB6,0xDE,0xD6,0xDE,0x34,0xCE,0x70,0xAD,0x54,0xCE,0xB5,0xDE,0xB5,0xD6,0xB5,0xD6,
    0xB6,0xDE,0xB6,0xDE,0x33,0xC6,0x95,0xD6,0xB6,0xDE,0xB5,0xDE,0xB5,0xDE,0xF6,0xE6,
    0x95,0xD6,0x00,0x00,0x00,0x00,0x00,0x00,0x00,0x00,0x00,0x00,0x00,0x00,0x00,0x00,
    0x00,0x00,0x00,0x00,0x00,0x00,0x00,0x00,0x00,0x00,0x00,0x00,0x00,0x00,0x6C,0x83,
    0xB3,0xC5,0x98,0xFF,0x53,0xCE,0x74,0xD6,0x33,0xCE,0x90,0xB5,0x54,0xCE,0xB5,0xDE,
    0x95,0xD6,0x71,0xBD,0xF5,0xDD,0xC7,0x8A,0xB8,0xEE,0x5B,0xF7,0xA8,0x6A,0x66,0x62,
    0x4A,0x73,0xA7,0x5A,0xF6,0xC5,0xAC,0x8B,0xF9,0xEE,0x7B,0xFF,0x7B,0xFF,0x7B,0xFF,
    0x5A,0xFF,0x5A,0xFF,0x7B,0xFF,0x97,0xE6,0xF3,0xD5,0x35,0xDE,0xBC,0xFF,0xB3,0xCD,
    0x97,0xE6,0x7B,0xFF,0x34,0xEE,0x76,0xF6,0x35,0xEE,0x35,0xE6,0xD8,0xF6,0xF9,0xF6,
    0x5A,0xFF,0x19,0xFF,0x50,0xCD,0xB5,0xDE,0xD6,0xE6,0xD6,0xE6,0xD6,0xDE,0x13,0xC6,
    0xD2,0xBD,0xD6,0xDE,0xB5,0xDE,0xB6,0xDE,0xB6,0xDE,0xB6,0xDE,0xB6,0xDE,0xD6,0xDE,
    0xB6,0xDE,0xD6,0xDE,0x13,0xC6,0x50,0xAD,0x33,0xC6,0xB5,0xD6,0xB6,0xDE,0xD6,0xDE,
    0x94,0xD6,0xF6,0xDE,0x34,0xC6,0x95,0xD6,0xB6,0xDE,0xB6,0xDE,0xB6,0xDE,0x16,0xE7,
    0x95,0xD6,0x00,0x00,0x00,0x00,0x00,0x00,0x00,0x00,0x00,0x00,0x00,0x00,0x00,0x00,
    0x00,0x00,0x00,0x00,0x00,0x00,0x00,0x00,0x00,0x00,0x00,0x00,0x00,0x00,0x6F,0xA4,
    0x79,0xF7,0x94,0xD6,0x74,0xCE,0x95,0xD6,0x94,0xD6,0x0F,0xA5,0xF2,0xC5,0xD6,0xDE,
    0x74,0xD6,0x71,0xBD,0xB8,0xEE,0xAF,0xBC,0xFE,0xFF,0x17,0xCE,0x26,0x5A,0x29,0x63,
    0xA7,0x52,0x87,0x52,0xAC,0x7B,0x09,0x73,0x5B,0xFF,0x7B,0xFF,0x7B,0xFF,0x7B,0xFF,
    0x7B,0xFF,0x7B,0xFF,0x7B,0xFF,0xBC,0xFF,0x7B,0xFF,0x7B,0xFF,0x7B,0xFF,0x39,0xF7,
    0x9B,0xFF,0xDD,0xFF,0xF5,0xD5,0x8F,0xA4,0x4E,0x9C,0xAC,0x8B,0x94,0xC5,0x97,0xE6,
    0xBB,0xFF,0x59,0xFF,0x92,0xDD,0xF3,0xD5,0x17,0xEF,0xD6,0xE6,0xD6,0xDE,0xD2,0xBD,
    0xD2,0xC5,0xD6,0xDE,0xB5,0xDE,0xB6,0xDE,0xB6,0xDE,0xB6,0xDE,0xB6,0xDE,0xB6,0xDE,
    0xB6,0xDE,0xF6,0xDE,0xF3,0xC5,0x50,0xA5,0x13,0xBE,0x95,0xD6,0x95,0xD6,0x72,0xAD,
    0x95,0xAD,0x93,0xB5,0x33,0xC6,0x95,0xD6,0xB6,0xDE,0xB6,0xDE,0xB6,0xDE,0x17,0xE7,
    0xB5,0xD6,0x00,0x00,0x00,0x00,0x00,0x00,0x00,0x00,0x00,0x00,0x00,0x00,0x00,0x00,
    0x00,0x00,0x00,0x00,0x00,0x00,0x00,0x00,0x00,0x00,0x00,0x00,0x00,0x00,0xD8,0xE6,
    0x58,0xEF,0x95,0xD6,0xB6,0xDE,0xB6,0xDE,0x95,0xD6,0x50,0xAD,0x71,0xB5,0xD6,0xDE,
    0x54,0xCE,0x92,0xBD,0xD8,0xEE,0x97,0xE6,0xFE,0xFF,0xF2,0xAC,0x87,0x52,0xAB,0x73,
    0x25,0x52,0xE4,0x49,0xC8,0x52,0x6B,0x7B,0x7B,0xFF,0x5A,0xFF,0x7B,0xFF,0x7B,0xFF,
    0x7B,0xFF,0x7B,0xFF,0x7B,0xFF,0x7B,0xFF,0x7B,0xFF,0x7B,0xFF,0x7B,0xFF,0x5A,0xFF,
    0x5A,0xFF,0xF0,0xC4,0x05,0x6A,0xC4,0x59,0xC4,0x59,0xA3,0x51,0x62,0x51,0x26,0x62,
    0xCD,0x8B,0x2E,0x9C,0x18,0xF7,0x30,0xC5,0xD7,0xE6,0xF6,0xE6,0x95,0xD6,0x91,0xB5,
    0xF2,0xC5,0xD6,0xDE,0xB5,0xDE,0xB6,0xDE,0xB6,0xDE,0xD6,0xDE,0xB6,0xDE,0xB6,0xDE,
    0xB5,0xD6,0xF7,0xDE,0xD2,0xBD,0x50,0xAD,0x13,0xC6,0xB5,0xD6,0x52,0xA5,0x3A,0xA6,
    0x3F,0xB7,0xD8,0x9D,0xEF,0x9C,0xB5,0xDE,0xB5,0xD6,0xB5,0xDE,0xB5,0xDE,0x17,0xE7,
    0xB5,0xD6,0x00,0x00,0x00,0x00,0x00,0x00,0x00,0x00,0x00,0x00,0x00,0x00,0x00,0x00,
    0x00,0x00,0x00,0x00,0x00,0x00,0x00,0x00,0x00,0x00,0x00,0x00,0x00,0x00,0x7A,0xEF,
    0xD6,0xE6,0x91,0xBD,0xD6,0xDE,0xB6,0xDE,0x54,0xCE,0x70,0xAD,0x0F,0xA5,0x95,0xD6,
    0x13,0xCE,0x91,0xBD,0xD9,0xEE,0x5A,0xFF,0xDE,0xFF,0x90,0x9C,0xCA,0x73,0x0E,0x9D,
    0x04,0x52,0xE7,0x6A,0xCB,0x73,0x4E,0x94,0xBD,0xFF,0x5A,0xFF,0x7B,0xFF,0x7B,0xFF,
    0x7B,0xFF,0x7B,0xFF,0x7B,0xFF,0x7B,0xFF,0x7B,0xFF,0x7B,0xFF,0x5A,0xFF,0x7B,0xFF,
    0x55,0xEE,0x2C,0xB4,0x72,0xC5,0xED,0x93,0x09,0x7B,0xA8,0x72,0xA7,0x72,0x25,0x6A,
    0x01,0x41,0x47,0x62,0x3A,0xEF,0x76,0xEE,0x51,0xBD,0x17,0xEF,0x33,0xCE,0x2F,0xB5,
    0x34,0xCE,0xF6,0xDE,0xB6,0xDE,0xD6,0xDE,0xB6,0xDE,0xD6,0xDE,0xB5,0xDE,0xB5,0xDE,
    0xB5,0xD6,0xF6,0xE6,0x51,0xAD,0xD1,0x94,0x73,0xAD,0xD2,0xBD,0x96,0x9D,0x1E,0xB7,
    0xDC,0xB6,0x9C,0xA6,0xB0,0x94,0xB5,0xDE,0xB5,0xD6,0xB6,0xDE,0xB5,0xDE,0x17,0xE7,
    0x95,0xD6,0x00,0x00,0x00,0x00,0x00,0x00,0x00,0x00,0x00,0x00,0x00,0x00,0x00,0x00,
    0x00,0x00,0x00,0x00,0x00,0x00,0x00,0x00,0x00,0x00,0x00,0x00,0x00,0x00,0xF6,0xE6,
    0xEF,0xAC,0xF0,0xAC,0x17,0xE7,0x95,0xD6,0x13,0xC6,0x70,0xAD,0xEE,0x9C,0xB1,0xBD,
    0x12,0xCE,0xEF,0xAC,0xB8,0xF6,0xD8,0xFE,0xBC,0xFF,0x32,0xAD,0x2E,0xA5,0xF0,0xD5,
    0x8B,0xAC,0x8E,0xC5,0x6C,0x94,0x12,0xAD,0xDC,0xFF,0x5A,0xFF,0x7B,0xFF,0x7B,0xFF,
    0x7B,0xFF,0x7B,0xFF,0x7B,0xFF,0x7B,0xFF,0x7B,0xFF,0x7B,0xFF,0x7B,0xFF,0x7B,0xFF,
    0x19,0xF7,0x19,0xEF,0xCC,0x8B,0x8C,0x8B,0xE8,0x6A,0xE8,0x62,0x46,0x5A,0xCD,0x93,
    0xC8,0x6A,0x01,0x41,0x88,0x72,0x7C,0xF7,0xF4,0xDD,0xD2,0xCD,0x32,0xCE,0x0F,0xAD,
    0x95,0xD6,0xD6,0xDE,0xD6,0xDE,0xD6,0xDE,0xB6,0xDE,0xB6,0xDE,0xB5,0xDE,0xB5,0xDE,
    0xB5,0xD6,0x94,0xD6,0x75,0x9D,0x9D,0xA6,0xDD,0xBE,0x91,0x8C,0x56,0x8D,0xFD,0xB6,
    0xDC,0xB6,0x5B,0xA6,0x10,0xA5,0xD6,0xDE,0x95,0xD6,0xB6,0xDE,0xB6,0xDE,0x17,0xE7,
    0x95,0xD6,0x00,0x00,0x00,0x00,0x00,0x00,0x00,0x00,0x00,0x00,0x00,0x00,0x00,0x00,
    0x00,0x00,0x00,0x00,0x00,0x00,0x00,0x00,0x00,0x00,0x00,0x00,0x00,0x00,0x12,0xCE,
    0x2E,0x9C,0x76,0xD6,0xD6,0xDE,0x95,0xD6,0x54,0xCE,0x70,0xAD,0x71,0xAD,0x0F,0xA5,
    0xF2,0xC5,0x6D,0x9C,0x96,0xF6,0x96,0xFE,0x7A,0xFF,0xD5,0xBD,0x4E,0xBD,0xD5,0xFE,
    0xD5,0xFE,0x71,0xEE,0xCD,0xA4,0x98,0xDE,0x9B,0xFF,0x5A,0xFF,0x7B,0xFF,0x7B,0xFF,
    0x7B,0xFF,0x7B,0xFF,0x7B,0xFF,0x7B,0xFF,0x7B,0xFF,0x7B,0xFF,0x7B,0xFF,0x7B,0xFF,
    0xFE,0xFF,0x6B,0x7B,0x4A,0x83,0xFF,0xFF,0xAC,0x7B,0xE8,0x5A,0xA7,0x62,0xE5,0x51,
    0xD5,0xC5,0xA7,0x6A,0x62,0x51,0xE8,0x7A,0xD0,0xB4,0xCE,0xBC,0x90,0xBD,0x71,0xBD,
    0xD6,0xDE,0xD6,0xDE,0xD6,0xDE,0xB6,0xDE,0xB6,0xDE,0xB5,0xDE,0xB5,0xDE,0xB5,0xD6,
    0xD5,0xDE,0x15,0xBE,0x57,0x85,0xBC,0xAE,0xFD,0xB6,0xF9,0x9D,0x77,0x85,0xDE,0xA6,
    0xFE,0xAE,0x14,0x8D,0x2F,0xB5,0xD6,0xDE,0x95,0xD6,0xB5,0xDE,0xB6,0xDE,0x17,0xE7,
    0x95,0xD6,0x00,0x00,0x00,0x00,0x00,0x00,0x00,0x00,0x00,0x00,0x00,0x00,0x00,0x00,
    0x00,0x00,0x00,0x00,0x00,0x00,0x00,0x00,0x00,0x00,0x00,0x00,0x00,0x00,0xD0,0xA4,
    0x94,0xBD,0x39,0xEF,0xB6,0xDE,0xB5,0xD6,0x74,0xCE,0x91,0xB5,0xF2,0xBD,0x0F,0xA5,
    0xAE,0x9C,0x10,0xBD,0x96,0xF6,0xD7,0xFE,0xF8,0xFE,0xB8,0xE6,0x50,0xBD,0x58,0xFF,
    0x58,0xFF,0xF1,0xDD,0x31,0xB5,0x9B,0xFF,0x5A,0xFF,0x5B,0xFF,0x7B,0xFF,0x7B,0xFF,
    0x7B,0xFF,0x7B,0xFF,0x7B,0xFF,0x7B,0xFF,0x7B,0xFF,0x7B,0xFF,0x5B,0xFF,0xBC,0xFF,
    0xF6,0xCD,0xE4,0x59,0xE8,0x6A,0x6A,0x73,0xE8,0x5A,0x66,0x52,0x36,0xD6,0x67,0x6A,
    0x4F,0x9C,0x36,0xDE,0xC4,0x59,0x63,0x51,0xD4,0xCD,0xF8,0xFE,0x8E,0xB4,0xB2,0xBD,
    0x17,0xE7,0xD6,0xDE,0xD6,0xDE,0xB5,0xDE,0xB5,0xDE,0xB5,0xDE,0xB5,0xD6,0xB5,0xD6,
    0xD6,0xDE,0x55,0xCE,0x15,0x85,0xDE,0xA6,0xBD,0xAE,0x9C,0xAE,0x38,0xAE,0x7B,0xA6,
    0xD9,0x95,0x70,0x84,0x54,0xA5,0x11,0xA5,0x95,0xD6,0xB6,0xDE,0xB5,0xD6,0x16,0xE7,
    0x95,0xD6,0x00,0x00,0x00,0x00,0x00,0x00,0x00,0x00,0x00,0x00,0x00,0x00,0x00,0x00,
    0x00,0x00,0x00,0x00,0x00,0x00,0x00,0x00,0x00,0x00,0x00,0x00,0x00,0x00,0x75,0xBD,
    0x73,0xBD,0x79,0xF7,0x74,0xD6,0x95,0xD6,0x34,0xCE,0x71,0xB5,0x13,0xC6,0x30,0xA5,
    0x4C,0x8C,0x2D,0x9C,0x92,0xD5,0xD7,0xFE,0xB7,0xFE,0xF8,0xFE,0xB4,0xCD,0xF3,0xD5,
    0x13,0xDE,0x51,0xBD,0x19,0xF7,0x5A,0xFF,0x3A,0xFF,0x3A,0xFF,0x5A,0xFF,0x7B,0xFF,
    0x7B,0xFF,0x7B,0xFF,0x7B,0xFF,0x7B,0xFF,0x7B,0xFF,0x7B,0xFF,0x7B,0xFF,0xDC,0xFF,
    0xAD,0x83,0x08,0x63,0x0B,0x6C,0xE7,0x5A,0x05,0x52,0xC7,0x52,0xCC,0x7B,0x26,0x52,
    0x6B,0x83,0x5A,0xF7,0x8B,0x8B,0x01,0x41,0xCC,0x93,0xBC,0xFF,0xF4,0xDD,0x13,0xCE,
    0xF7,0xE6,0xB6,0xDE,0xB6,0xDE,0xB5,0xDE,0xB5,0xDE,0xB5,0xDE,0xB5,0xDE,0xB5,0xD6,
    0xD6,0xDE,0x55,0xCE,0x4E,0x8C,0x35,0x85,0xF9,0x95,0x7A,0xB6,0x14,0xFF,0xD3,0xEE,
    0x3A,0xA6,0xDD,0xAE,0x1E,0xB7,0xF9,0x9D,0x52,0xAD,0xF7,0xDE,0x95,0xD6,0xF6,0xDE,
    0x95,0xD6,0x00,0x00,0x00,0x00,0x00,0x00,0x00,0x00,0x00,0x00,0x00,0x00,0x00,0x00,
    0x00,0x00,0x00,0x00,0x00,0x00,0x00,0x00,0x00,0x00,0x00,0x00,0x00,0x00,0x71,0xA4,
    0x93,0xC5,0x17,0xE7,0x33,0xCE,0x74,0xCE,0x33,0xC6,0x91,0xB5,0x13,0xC6,0x30,0xA5,
    0x2C,0x8C,0xD4,0xD5,0x55,0xEE,0xF9,0xFE,0xB7,0xFE,0xB7,0xFE,0xD8,0xFE,0xB7,0xF6,
    0x96,0xEE,0x39,0xFF,0x3A,0xFF,0x39,0xFF,0x19,0xFF,0x19,0xFF,0x39,0xFF,0x5A,0xFF,
    0x5A,0xFF,0x7B,0xFF,0x7B,0xFF,0x7B,0xFF,0x7B,0xFF,0x7B,0xFF,0x9B,0xFF,0x5B,0xF7,
    0x6B,0x7B,0x4C,0x7C,0xAD,0x84,0x86,0x62,0x63,0x51,0xE8,0x5A,0xC8,0x52,0xE4,0x49,
    0xAC,0x8B,0x9C,0xFF,0x11,0xBD,0x83,0x59,0x46,0x6A,0x77,0xE6,0xF4,0xD5,0x95,0xD6,
    0xD6,0xDE,0xD5,0xDE,0xB5,0xDE,0xB5,0xDE,0xB5,0xDE,0xB5,0xDE,0xB5,0xDE,0xB5,0xD6,
    0xD6,0xDE,0x91,0xB5,0x2D,0x84,0xB2,0x84,0x97,0x95,0x9A,0xB6,0x12,0xFF,0xB3,0xEE,
    0x9C,0xAE,0xBC,0xAE,0xBC,0xB6,0xDD,0xA6,0x33,0x9D,0xB6,0xDE,0xB6,0xD6,0xD6,0xDE,
    0x95,0xD6,0x00,0x00,0x00,0x00,0x00,0x00,0x00,0x00,0x00,0x00,0x00,0x00,0x00,0x00,
    0x00,0x00,0x00,0x00,0x00,0x00,0x00,0x00,0x00,0x00,0x00,0x00,0x00,0x00,0x10,0x9C,
    0x72,0xBD,0xD5,0xDE,0x33,0xC6,0x74,0xCE,0x54,0xCE,0xD2,0xBD,0xD2,0xBD,0xAE,0x94,
    0x4D,0x9C,0xF9,0xFE,0xD7,0xFE,0x97,0xFE,0x96,0xFE,0x96,0xFE,0x96,0xFE,0xD8,0xFE,
    0x39,0xFF,0x39,0xFF,0x5A,0xFF,0x39,0xFF,0x18,0xFF,0xF8,0xFE,0x19,0xFF,0x3A,0xFF,
    0x5A,0xFF,0x7B,0xFF,0x7B,0xFF,0x7B,0xFF,0x7B,0xFF,0x7B,0xFF,0x9C,0xFF,0xDA,0xE6,
    0x2C,0x84,0x0D,0x95,0x2E,0xA5,0x05,0x5A,0x45,0x5A,0x2B,0x84,0x6A,0x63,0x25,0x52,
    0xD1,0xAC,0xFF,0xFF,0x37,0xD6,0x24,0x7A,0xE8,0x8A,0xFA,0xEE,0x91,0xC5,0xD6,0xDE,
    0xB6,0xDE,0xB6,0xDE,0xB5,0xDE,0xD6,0xDE,0xB5,0xDE,0xB5,0xDE,0xB5,0xD6,0x95,0xD6,
    0xD5,0xDE,0xF0,0x9C,0x37,0x7D,0xFE,0xB6,0xFE,0xB6,0xDD,0xAE,0x79,0xB6,0x7A,0xB6,
    0x1A,0x9E,0xBC,0xA6,0xFE,0xA6,0x77,0x85,0x10,0xAD,0xF6,0xDE,0x95,0xD6,0xB5,0xDE,
    0x95,0xD6,0x00,0x00,0x00,0x00,0x00,0x00,0x00,0x00,0x00,0x00,0x00,0x00,0x00,0x00,
    0x00,0x00,0x00,0x00,0x00,0x00,0x00,0x00,0x00,0x00,0x00,0x00,0x00,0x00,0x6C,0x8B,
    0x71,0xB5,0xD5,0xDE,0x13,0xC6,0x95,0xD6,0x95,0xD6,0x74,0xCE,0xB1,0xB5,0x6D,0x8C,
    0x8F,0xAC,0x19,0xFF,0xB7,0xFE,0xB7,0xFE,0xB7,0xFE,0x96,0xFE,0xB7,0xFE,0xF8,0xFE,
    0x19,0xFF,0x5A,0xFF,0x5A,0xFF,0x5A,0xFF,0x19,0xFF,0xF8,0xFE,0x3A,0xFF,0x5A,0xFF,
    0x7B,0xFF,0x7B,0xFF,0x7B,0xFF,0x7B,0xFF,0x7B,0xFF,0x7B,0xFF,0x9B,0xFF,0xD9,0xE6,
    0x4C,0x84,0xCF,0xC5,0x10,0xE6,0x0D,0xC5,0x2E,0xB5,0x2E,0xA5,0x8D,0x8C,0xA7,0x5A,
    0x99,0xDE,0xFF,0xFF,0xB9,0xDE,0x03,0x7A,0x08,0x93,0x32,0xBD,0x13,0xD6,0xD6,0xDE,
    0xB6,0xDE,0xB5,0xDE,0xB5,0xDE,0xD6,0xDE,0xB5,0xDE,0xB5,0xDE,0xB5,0xD6,0xB5,0xD6,
    0xB4,0xDE,0x13,0x95,0x5C,0x9E,0xBC,0xAE,0xDE,0xAE,0xD9,0x95,0x3B,0x9E,0x1F,0xB7,
    0x76,0x95,0x2F,0x7C,0x13,0x8D,0xAF,0x9C,0x94,0xD6,0xB5,0xD6,0x95,0xD6,0xB5,0xD6,
    0x95,0xD6,0x00,0x00,0x00,0x00,0x00,0x00,0x00,0x00,0x00,0x00,0x00,0x00,0x00,0x00,
    0x00,0x00,0x00,0x00,0x00,0x00,0x00,0x00,0x00,0x00,0x00,0x00,0x00,0x00,0xEF,0x93,
    0x51,0xB5,0xB5,0xDE,0xF2,0xC5,0x95,0xD6,0x95,0xD6,0xB5,0xD6,0x91,0xB5,0x8D,0x94,
    0xAF,0xAC,0x19,0xFF,0xD7,0xFE,0xD7,0xFE,0xD7,0xFE,0xD8,0xFE,0xF8,0xFE,0x19,0xFF,
    0x39,0xFF,0x5A,0xFF,0x5A,0xFF,0x5B,0xFF,0x5B,0xFF,0x5B,0xFF,0x5B,0xFF,0x5B,0xFF,
    0x7B,0xFF,0x7B,0xFF,0x7B,0xFF,0x7B,0xFF,0x7B,0xFF,0x7B,0xFF,0x7B,0xFF,0x3B,0xF7,
    0x10,0xAD,0xB3,0xFE,0xB5,0xF6,0xB3,0xF6,0x71,0xEE,0xD0,0xC5,0x6B,0x8C,0x2E,0x94,
    0xDE,0xFF,0xDD,0xFF,0x6F,0xAC,0xEC,0xA3,0x7C,0xF7,0x72,0xC5,0x95,0xDE,0xB5,0xDE,
    0xB5,0xDE,0x74,0xD6,0xD6,0xDE,0xD6,0xDE,0xB6,0xDE,0xB5,0xDE,0xB5,0xD6,0xD6,0xDE,
    0x53,0xCE,0x30,0x7C,0x7D,0x96,0xDE,0xA6,0x1A,0x8E,0xAE,0x6B,0x5B,0x9E,0xDD,0xB6,
    0x9C,0xAE,0x8F,0x8C,0xD2,0xBD,0xD6,0xDE,0xB5,0xDE,0x95,0xD6,0x95,0xD6,0xB5,0xD6,
    0x95,0xD6,0x00,0x00,0x00,0x00,0x00,0x00,0x00,0x00,0x00,0x00,0x00,0x00,0x00,0x00,
    0x00,0x00,0x00,0x00,0x00,0x00,0x00,0x00,0x00,0x00,0x00,0x00,0x00,0x00,0xD0,0x83,
    0x51,0xB5,0xF6,0xE6,0x71,0xB5,0x74,0xD6,0x95,0xD6,0xB5,0xDE,0x92,0xB5,0xEF,0x9C,
    0x6E,0xA4,0xF9,0xFE,0xD7,0xFE,0xF8,0xFE,0xF8,0xFE,0xF8,0xFE,0x19,0xFF,0x39,0xFF,
    0x5A,0xFF,0x5A,0xFF,0x5A,0xFF,0x9B,0xFF,0x7B,0xFF,0x7B,0xFF,0x7B,0xFF,0x7B,0xFF,
    0x7B,0xFF,0x7B,0xFF,0x7B,0xFF,0x7B,0xFF,0x7B,0xFF,0x7B,0xFF,0x5A,0xFF,0x7B,0xFF,
    0xF5,0xCD,0xF3,0xD5,0x9B,0xFF,0x38,0xFF,0xB2,0xFE,0x8D,0xC5,0xCC,0x83,0x3B,0xEF,
    0xDD,0xFF,0xF9,0xEE,0xD3,0xD5,0xBC,0xFF,0x98,0xE6,0xF3,0xCD,0xD6,0xE6,0xB5,0xDE,
    0x53,0xCE,0x95,0xD6,0xD6,0xDE,0xD6,0xDE,0xB6,0xDE,0xD6,0xDE,0x95,0xD6,0x17,0xE7,
    0x51,0xB5,0x49,0x73,0x71,0x74,0xF3,0x7C,0xCB,0x73,0x0E,0x7C,0xDE,0xA6,0xBC,0xAE,
    0x9D,0xA6,0xD0,0x94,0xB5,0xDE,0xB6,0xDE,0xB5,0xD6,0xB5,0xD6,0x95,0xD6,0x95,0xD6,
    0x74,0xCE,0x00,0x00,0x00,0x00,0x00,0x00,0x00,0x00,0x00,0x00,0x00,0x00,0x00,0x00,
    0x00,0x00,0x00,0x00,0x00,0x00,0x00,0x00,0x00,0x00,0x00,0x00,0x00,0x00,0x00,0x00,
    0xD0,0xA4,0x16,0xE7,0x2C,0x94,0x34,0xCE,0xB5,0xD6,0xD6,0xDE,0x92,0xB5,0x0F,0x9D,
    0xAB,0x83,0x15,0xDE,0x39,0xFF,0x19,0xFF,0x19,0xFF,0x19,0xFF,0x39,0xFF,0x5A,0xFF,
    0x5A,0xFF,0x7B,0xFF,0x9B,0xFF,0x19,0xF7,0x5A,0xFF,0x7B,0xFF,0x5B,0xFF,0x7B,0xFF,
    0x5B,0xFF,0x7B,0xFF,0x7B,0xFF,0x7B,0xFF,0x7B,0xFF,0x7B,0xFF,0x5A,0xFF,0x3A,0xFF,
    0x19,0xFF,0x76,0xE6,0xD8,0xFE,0x14,0xDE,0x0E,0xBD,0xD0,0xAC,0x1A,0xEF,0x9C,0xFF,
    0x39,0xFF,0x39,0xFF,0x7B,0xFF,0x3A,0xFF,0x92,0xC5,0xB5,0xE6,0xB5,0xE6,0x53,0xD6,
    0x53,0xD6,0xD5,0xDE,0xB5,0xDE,0xD6,0xDE,0xB6,0xDE,0xD6,0xDE,0x95,0xD6,0xD6,0xDE,
    0x8E,0xA4,0x6E,0xA4,0x8A,0x7B,0x6C,0x8C,0xCE,0x94,0x6E,0x8C,0x1B,0x96,0xFF,0xA6,
    0x57,0x85,0xCE,0x9C,0xB5,0xD6,0x95,0xD6,0xB5,0xD6,0xB5,0xD6,0x74,0xCE,0xB5,0xD6,
    0x74,0xCE,0x00,0x00,0x00,0x00,0x00,0x00,0x00,0x00,0x00,0x00,0x00,0x00,0x00,0x00,
    0x00,0x00,0x00,0x00,0x00,0x00,0x00,0x00,0x00,0x00,0x00,0x00,0x00,0x00,0x00,0x00,
    0x2E,0x94,0x94,0xDE,0xEC,0x8B,0xF3,0xC5,0xD6,0xDE,0xD6,0xDE,0xB2,0xBD,0xCE,0x94,
    0xAA,0x7B,0x4E,0x9C,0x7B,0xFF,0x39,0xFF,0x3A,0xFF,0x3A,0xFF,0x5A,0xFF,0x5A,0xFF,
    0x7B,0xFF,0x7B,0xFF,0xBC,0xFF,0x97,0xE6,0xD4,0xDD,0x9B,0xFF,0x7B,0xFF,0x9C,0xFF,
    0xBC,0xFF,0x9C,0xFF,0x7B,0xFF,0x7B,0xFF,0x7B,0xFF,0x7B,0xFF,0x5A,0xFF,0x39,0xFF,
    0xF8,0xFE,0xB7,0xFE,0x96,0xFE,0x35,0xEE,0x14,0xE6,0xB7,0xFE,0xB6,0xFE,0xB7,0xFE,
    0xF8,0xFE,0x19,0xFF,0x7B,0xFF,0xF4,0xD5,0x54,0xDE,0xD5,0xE6,0xD2,0xC5,0x33,0xCE,
    0xD6,0xE6,0xD6,0xDE,0xD6,0xDE,0xD5,0xDE,0xD5,0xDE,0x95,0xD6,0xB5,0xD6,0x13,0xCE,
    0x36,0xDE,0xFD,0xFF,0xD8,0xEE,0x4D,0x94,0xAE,0x94,0x50,0xAD,0x8F,0x8C,0x13,0x8D,
    0xCF,0x94,0xF2,0xBD,0x95,0xD6,0x95,0xD6,0x95,0xD6,0x95,0xD6,0x74,0xCE,0xB5,0xD6,
    0x74,0xCE,0x00,0x00,0x00,0x00,0x00,0x00,0x00,0x00,0x00,0x00,0x00,0x00,0x00,0x00,
    0x00,0x00,0x00,0x00,0x00,0x00,0x00,0x00,0x00,0x00,0x00,0x00,0x00,0x00,0x00,0x00,
    0x0F,0x94,0x91,0xBD,0x31,0xAD,0x52,0xB5,0xD6,0xDE,0x95,0xD6,0xD2,0xBD,0x8D,0x8C,
    0x2C,0x8C,0xCB,0x83,0x94,0xCD,0xBC,0xFF,0x39,0xFF,0x5A,0xFF,0x5A,0xFF,0x7B,0xFF,
    0x7B,0xFF,0x7B,0xFF,0x7B,0xFF,0x9B,0xFF,0x77,0xEE,0x97,0xF6,0x5A,0xFF,0x19,0xF7,
    0x97,0xEE,0x15,0xDE,0x9C,0xFF,0x7B,0xFF,0x7B,0xFF,0x5A,0xFF,0x5A,0xFF,0x19,0xFF,
    0xD7,0xFE,0x96,0xFE,0x96,0xFE,0x96,0xFE,0xB6,0xFE,0x75,0xFE,0xB7,0xFE,0xB6,0xFE,
    0xB6,0xFE,0x19,0xFF,0x35,0xDE,0x75,0xDE,0xD5,0xE6,0x91,0xC5,0xF2,0xCD,0xD6,0xE6,
    0xD6,0xE6,0xD6,0xE6,0xD6,0xDE,0xD6,0xDE,0xD5,0xDE,0x74,0xD6,0xF6,0xDE,0x30,0xB5,
    0x11,0xCD,0xF4,0xE5,0xDD,0xFF,0xF5,0xD5,0x2C,0x8C,0x91,0xAD,0xB1,0xB5,0xD1,0xBD,
    0x33,0xC6,0x33,0xC6,0xB5,0xD6,0xB5,0xD6,0xB5,0xDE,0x95,0xD6,0x54,0xCE,0x95,0xD6,
    0x54,0xCE,0x00,0x00,0x00,0x00,0x00,0x00,0x00,0x00,0x00,0x00,0x00,0x00,0x00,0x00,
    0x00,0x00,0x00,0x00,0x00,0x00,0x00,0x00,0x00,0x00,0x00,0x00,0x00,0x00,0x00,0x00,
    0xFF,0xFF,0xAF,0xA4,0xB4,0xC5,0x12,0xAD,0x53,0xCE,0x94,0xD6,0x33,0xC6,0x8D,0x94,
    0x2C,0x8C,0xCE,0x94,0x8B,0x83,0x36,0xDE,0xDC,0xFF,0x5A,0xFF,0x7B,0xFF,0x7B,0xFF,
    0x7B,0xFF,0x7B,0xFF,0x7B,0xFF,0x7B,0xFF,0x9B,0xFF,0x7B,0xFF,0x39,0xFF,0x96,0xF6,
    0x76,0xEE,0xF9,0xF6,0x9B,0xFF,0x7B,0xFF,0x7B,0xFF,0x5A,0xFF,0x3A,0xFF,0xF8,0xFE,
    0xD7,0xFE,0xB7,0xFE,0x76,0xFE,0x76,0xFE,0x97,0xFE,0x76,0xFE,0xD7,0xFE,0x75,0xFE,
    0x75,0xFE,0xB2,0xD5,0xD1,0xCD,0xB1,0xCD,0x30,0xB5,0x53,0xD6,0xD6,0xE6,0xD6,0xE6,
    0xD6,0xE6,0xD6,0xDE,0xD6,0xDE,0xD6,0xDE,0xB5,0xDE,0xB5,0xDE,0x75,0xD6,0x10,0xC5,
    0x13,0xFE,0x70,0xED,0x97,0xF6,0x3B,0xF7,0xAE,0x9C,0xB1,0xAD,0x33,0xC6,0xB5,0xD6,
    0x34,0xC6,0x54,0xC6,0xB5,0xD6,0xB5,0xDE,0xB5,0xD6,0x74,0xCE,0x54,0xCE,0x74,0xCE,
    0x33,0xC6,0x00,0x00,0x00,0x00,0x00,0x00,0x00,0x00,0x00,0x00,0x00,0x00,0x00,0x00,
    0x00,0x00,0x00,0x00,0x00,0x00,0x00,0x00,0x00,0x00,0x00,0x00,0x00,0x00,0xEF,0x7B,
    0x00,0x00,0xF2,0xAC,0xED,0x93,0x13,0xAD,0x30,0xAD,0xD5,0xDE,0x95,0xD6,0xAE,0x9C,
    0x6A,0x7B,0xCF,0x94,0x8D,0x94,0xAB,0x8B,0x57,0xDE,0xFD,0xFF,0x5B,0xFF,0x7B,0xFF,
    0x7B,0xFF,0x7B,0xFF,0x7B,0xFF,0x7B,0xFF,0x7B,0xFF,0x7B,0xFF,0x7B,0xFF,0x9C,0xFF,
    0xBC,0xFF,0x9B,0xFF,0x7B,0xFF,0x7B,0xFF,0x7B,0xFF,0x5A,0xFF,0x3A,0xFF,0x19,0xFF,
    0xD8,0xFE,0xD7,0xFE,0xB7,0xFE,0xB7,0xFE,0x96,0xFE,0x76,0xFE,0x76,0xFE,0x55,0xFE,
    0xEF,0xC4,0x0F,0xC5,0xD2,0xE5,0xCE,0xBC,0x13,0xCE,0xF6,0xE6,0xF6,0xE6,0xD6,0xE6,
    0xD6,0xE6,0xD6,0xDE,0xD5,0xDE,0xD6,0xDE,0x95,0xD6,0xF6,0xE6,0x71,0xBD,0x30,0xE5,
    0x74,0xFE,0x54,0xFE,0x96,0xFE,0x3B,0xF7,0xAE,0x9C,0xF2,0xB5,0x54,0xCE,0x95,0xD6,
    0x13,0xC6,0x13,0xC6,0xB5,0xD6,0xB5,0xDE,0x74,0xCE,0x54,0xCE,0x54,0xCE,0x33,0xC6,
    0x54,0xCE,0x00,0x00,0x00,0x00,0x00,0x00,0x00,0x00,0x00,0x00,0x00,0x00,0x00,0x00,
    0x00,0x00,0x00,0x00,0x00,0x00,0x00,0x00,0x00,0x00,0x00,0x00,0x00,0x00,0x00,0x00,
    0xEF,0x7B,0x00,0x00,0x2B,0x7B,0xCD,0x8B,0x6F,0x9C,0x54,0xCE,0xF6,0xDE,0x0F,0xAD,
    0x2A,0x7B,0x8E,0x94,0xCE,0x94,0xCF,0x9C,0xCB,0x93,0xD5,0xCD,0xDD,0xFF,0x9B,0xFF,
    0x5B,0xFF,0x7B,0xFF,0x7B,0xFF,0x7B,0xFF,0x7B,0xFF,0x7B,0xFF,0x7B,0xFF,0x7B,0xFF,
    0x7B,0xFF,0x7B,0xFF,0x7B,0xFF,0x7B,0xFF,0x7B,0xFF,0x5A,0xFF,0x5A,0xFF,0x39,0xFF,
    0x18,0xFF,0xD8,0xFE,0xD7,0xFE,0xB7,0xFE,0xB7,0xFE,0xB7,0xFE,0x96,0xFE,0x96,0xFE,
    0xD8,0xFE,0xF8,0xFE,0xF4,0xF5,0x30,0xBD,0xF5,0xE6,0xD6,0xE6,0xD6,0xE6,0xD6,0xE6,
    0xD6,0xE6,0xD6,0xE6,0xD6,0xDE,0xB5,0xD6,0xB5,0xDE,0x74,0xD6,0xEF,0xC4,0xF2,0xFD,
    0x96,0xFE,0xF8,0xFE,0xF8,0xFE,0x97,0xE6,0x6D,0x94,0xD2,0xB5,0x54,0xCE,0x75,0xD6,
    0xF2,0xBD,0x33,0xC6,0xD6,0xDE,0x95,0xD6,0x54,0xCE,0x34,0xC6,0x54,0xCE,0xD2,0xBD,
    0x95,0xD6,0x00,0x00,0x00,0x00,0x00,0x00,0x00,0x00,0x00,0x00,0x00,0x00,0x00,0x00,
    0x00,0x00,0x00,0x00,0x00,0x00,0x00,0x00,0x00,0x00,0x00,0x00,0x00,0x00,0x00,0x00,
    0x00,0x00,0x00,0x00,0x00,0x00,0x77,0xD6,0xFF,0xFF,0x4E,0x9C,0x74,0xD6,0xB1,0xBD,
    0x4F,0x9C,0xAF,0xA4,0xAE,0x9C,0xAE,0x94,0x10,0xA5,0x0C,0x94,0xB0,0xB4,0x19,0xF7,
    0xBB,0xFF,0x5A,0xFF,0x7B,0xFF,0x7B,0xFF,0x7B,0xFF,0x7B,0xFF,0x7B,0xFF,0x7B,0xFF,
    0x7B,0xFF,0x7B,0xFF,0x7B,0xFF,0x7B,0xFF,0x7B,0xFF,0x7B,0xFF,0x5A,0xFF,0x5A,0xFF,
    0x39,0xFF,0x18,0xFF,0xF8,0xFE,0xD7,0xFE,0xD7,0xFE,0xD7,0xFE,0xD7,0xFE,0xF8,0xFE,
    0x19,0xFF,0x7B,0xFF,0x92,0xCD,0x53,0xD6,0xF6,0xE6,0xD5,0xE6,0xD6,0xE6,0xD6,0xE6,
    0xD6,0xE6,0xD6,0xE6,0xD6,0xDE,0x75,0xD6,0xF6,0xDE,0x30,0xBD,0x91,0xED,0x13,0xFE,
    0xF9,0xFE,0xF8,0xFE,0x9B,0xFF,0x73,0xC5,0xAE,0x9C,0x12,0xBE,0x54,0xCE,0x54,0xCE,
    0xF2,0xBD,0x74,0xD6,0xB6,0xDE,0x74,0xCE,0x54,0xCE,0x54,0xCE,0x54,0xCE,0x50,0xAD,
    0x95,0xCE,0x00,0x00,0x00,0x00,0x00,0x00,0x00,0x00,0x00,0x00,0x00,0x00,0x00,0x00,
    0x00,0x00,0x00,0x00,0x00,0x00,0x00,0x00,0x00,0x00,0x00,0x00,0x00,0x00,0x00,0x00,
    0x00,0x00,0x00,0x00,0x00,0x00,0x00,0x00,0x00,0x00,0x3A,0xD6,0x0D,0x94,0xB1,0xBD,
    0x31,0xB5,0x33,0xB5,0x2D,0x94,0x8E,0x94,0xEF,0x9C,0x6D,0x94,0xCB,0x83,0xCB,0x8B,
    0xB3,0xCD,0xBC,0xFF,0xDC,0xFF,0x7B,0xFF,0x7B,0xFF,0x7B,0xFF,0x7B,0xFF,0x7B,0xFF,
    0x7B,0xFF,0x7B,0xFF,0x7B,0xFF,0x7B,0xFF,0x7B,0xFF,0x7B,0xFF,0x7B,0xFF,0x5A,0xFF,
    0x5A,0xFF,0x39,0xFF,0x19,0xFF,0x19,0xFF,0xF8,0xFE,0xF8,0xFE,0x19,0xFF,0x39,0xFF,
    0x7A,0xFF,0xF9,0xEE,0xB2,0xCD,0x16,0xEF,0xD5,0xE6,0xD6,0xE6,0xD6,0xE6,0xD6,0xE6,
    0xD6,0xE6,0xF6,0xE6,0x95,0xD6,0xF7,0xDE,0x34,0xCE,0xCF,0xCC,0xF2,0xFD,0x54,0xFE,
    0xD8,0xFE,0x7B,0xFF,0x1A,0xF7,0x4D,0x9C,0xD1,0xB5,0x13,0xC6,0x54,0xCE,0x13,0xC6,
    0x13,0xC6,0xB5,0xDE,0x75,0xD6,0x34,0xC6,0x34,0xC6,0x95,0xCE,0x91,0xB5,0x0F,0xA5,
    0xB5,0xD6,0x00,0x00,0x00,0x00,0x00,0x00,0x00,0x00,0x00,0x00,0x00,0x00,0x00,0x00,
    0x00,0x00,0x00,0x00,0x00,0x00,0x00,0x00,0x00,0x00,0x00,0x00,0x00,0x00,0x00,0x00,
    0x00,0x00,0x00,0x00,0x00,0xF8,0xEF,0xFF,0xEF,0x7B,0xFF,0xFF,0x00,0x00,0x6F,0x9C,
    0x0D,0x94,0xD2,0xAC,0x8C,0x83,0xCB,0x83,0x6D,0x94,0x4E,0x94,0x2D,0x8C,0x6D,0x8C,
    0x6A,0x7B,0xCC,0x93,0x16,0xD6,0x9B,0xFF,0xDD,0xFF,0xBC,0xFF,0x7B,0xFF,0x7B,0xFF,
    0x7B,0xFF,0x7B,0xFF,0x7B,0xFF,0x7B,0xFF,0x7B,0xFF,0x7B,0xFF,0x7B,0xFF,0x7B,0xFF,
    0x7A,0xFF,0x5A,0xFF,0x5A,0xFF,0x3A,0xFF,0x39,0xFF,0x39,0xFF,0x3A,0xFF,0x5A,0xFF,
    0xBC,0xFF,0xF4,0xCD,0x95,0xE6,0xF7,0xE6,0xD6,0xE6,0xD6,0xE6,0xD6,0xE6,0xD5,0xE6,
    0xD5,0xE6,0x74,0xD6,0x95,0xD6,0xD6,0xDE,0x72,0xBD,0x76,0xF6,0xF8,0xFE,0x5A,0xFF,
    0x9A,0xFF,0x3A,0xF7,0x0D,0x9C,0x0F,0xA5,0x13,0xBE,0x33,0xC6,0x33,0xC6,0xF3,0xBD,
    0x54,0xCE,0xB5,0xD6,0x33,0xC6,0x34,0xC6,0x13,0xC6,0x95,0xD6,0xAB,0x8B,0x71,0xB5,
    0xB5,0xD6,0x00,0x00,0x00,0x00,0x00,0x00,0x00,0x00,0x00,0x00,0x00,0x00,0x00,0x00,
    0x00,0x00,0x00,0x00,0x00,0x00,0x00,0x00,0x00,0x00,0x00,0x00,0x00,0x00,0x00,0x00,
    0x00,0x00,0xEF,0x7B,0xE0,0x7B,0x00,0x00,0x00,0x00,0x00,0x00,0x00,0x00,0x00,0x00,
    0x00,0x00,0x00,0x00,0x00,0x00,0xEE,0x8B,0x4A,0x7B,0x2E,0x9C,0x2E,0x94,0x8F,0x9C,
    0xF0,0xA4,0x8F,0x94,0x4E,0x8C,0x6E,0x9C,0xB4,0xCD,0x1A,0xEF,0xBC,0xFF,0xDD,0xFF,
    0xBC,0xFF,0x9C,0xFF,0x9B,0xFF,0x7B,0xFF,0x7B,0xFF,0x5B,0xFF,0x7B,0xFF,0x7B,0xFF,
    0x7B,0xFF,0x5A,0xFF,0x5A,0xFF,0x5A,0xFF,0x5A,0xFF,0x5A,0xFF,0x7B,0xFF,0xDC,0xFF,
    0x35,0xDE,0xF2,0xCD,0x16,0xEF,0xD6,0xE6,0xD6,0xE6,0xD6,0xE6,0xD6,0xE6,0xD6,0xE6,
    0xB4,0xD6,0x12,0xC6,0xD5,0xDE,0x92,0xBD,0x5B,0xF7,0xFE,0xFF,0xDD,0xFF,0x5A,0xFF,
    0xF5,0xD5,0x0D,0x94,0x0C,0x8C,0x91,0xB5,0xF3,0xBD,0x13,0xC6,0x13,0xBE,0xF2,0xBD,
    0x13,0xC6,0x74,0xCE,0x33,0xC6,0x34,0xC6,0x54,0xC6,0xD3,0xBD,0x8B,0x83,0x95,0xD6,
    0x51,0xB5,0x00,0x00,0x00,0x00,0x00,0x00,0x00,0x00,0x00,0x00,0x00,0x00,0x00,0x00,
    0x00,0x00,0x00,0x00,0x00,0x00,0x00,0x00,0x00,0x00,0x00,0x00,0x00,0x00,0x00,0x00,
    0xEF,0x7B,0x00,0x00,0x00,0x00,0x2B,0x73,0x4E,0xA4,0x32,0xBD,0x6B,0x83,0xF1,0xAC,
    0x52,0xBD,0x4E,0xA4,0x0D,0x9C,0x31,0xBD,0x52,0xBD,0x72,0xBD,0x35,0xCE,0x72,0xB5,
    0x56,0xC6,0xD4,0xAD,0xB3,0xA5,0x31,0x95,0x6E,0x8C,0x2D,0x8C,0xB0,0xAC,0x52,0xC5,
    0x57,0xDE,0xF9,0xF6,0x5B,0xFF,0x9B,0xFF,0xBB,0xFF,0xBB,0xFF,0x9B,0xFF,0x9B,0xFF,
    0x9B,0xFF,0x9C,0xFF,0x9C,0xFF,0xDD,0xFF,0xDC,0xFF,0x59,0xFF,0xB6,0xF6,0x71,0xD5,
    0x30,0xC5,0xF6,0xE6,0xD5,0xE6,0xD6,0xE6,0xD6,0xE6,0xD6,0xE6,0xF6,0xE6,0xF6,0xDE,
    0xEE,0xA4,0xB5,0xDE,0x2F,0xAD,0xAB,0x93,0x72,0xCD,0x31,0xBD,0xD0,0xAC,0x2D,0x9C,
    0x2D,0x94,0xAE,0x94,0xEF,0x9C,0xD2,0xB5,0x13,0xBE,0xF3,0xBD,0x13,0xBE,0xB2,0xB5,
    0xF2,0xBD,0x54,0xCE,0x54,0xC6,0x33,0xC6,0x33,0xC6,0xD0,0xA4,0x31,0xAD,0xB5,0xD6,
    0x6F,0xA4,0x00,0x00,0x00,0x00,0x00,0x00,0x00,0x00,0x00,0x00,0x00,0x00,0x00,0x00,
    0x00,0x00,0x00,0x00,0x00,0x00,0x00,0x00,0x00,0x00,0x00,0x00,0x00,0x00,0xEF,0x7B,
    0x00,0x00,0xAE,0x8B,0x6F,0xA4,0x93,0xC5,0x96,0xDE,0xD8,0xDE,0xD0,0xA4,0xEF,0xB4,
    0xB6,0xE6,0xF3,0xCD,0x71,0xC5,0x35,0xBE,0x77,0xBE,0x57,0xB6,0xF5,0xAD,0x8F,0x8C,
    0x72,0xAD,0xB3,0xAD,0x52,0x9D,0x52,0x9D,0x72,0x9D,0x11,0x95,0x8B,0x6B,0x29,0x73,
    0x31,0xB5,0x10,0xBD,0xF0,0xB4,0xAF,0xB4,0xF0,0xCC,0x92,0xDD,0x75,0xF6,0xB6,0xFE,
    0xB6,0xFE,0xD7,0xFE,0xB7,0xF6,0xF4,0xDD,0x4D,0xB4,0xEC,0xA3,0x2D,0xA4,0x0C,0x94,
    0xF6,0xE6,0xD6,0xE6,0xD6,0xE6,0xD6,0xE6,0xD6,0xE6,0x16,0xE7,0xB5,0xD6,0xCB,0x8B,
    0x71,0xBD,0xD2,0xBD,0xEB,0x83,0x6D,0x8C,0x0C,0x84,0x2C,0x84,0x8D,0x8C,0xAE,0x94,
    0xF0,0x9C,0xCF,0x94,0x91,0xB5,0x13,0xBE,0xF3,0xBD,0xF3,0xBD,0x33,0xC6,0x91,0xB5,
    0x33,0xC6,0x54,0xCE,0x34,0xC6,0x74,0xCE,0x71,0xB5,0x13,0xAD,0xD2,0xBD,0x71,0xB5,
    0x10,0x94,0x00,0x00,0x00,0x00,0x00,0x00,0x00,0x00,0x00,0x00,0x00,0x00,0x00,0x00,
    0x00,0x00,0x00,0x00,0x00,0x00,0x00,0x00,0x00,0x00,0x00,0x00,0x00,0x00,0x00,0x00,
    0xAC,0x83,0x31,0xBD,0x96,0xD6,0xB8,0xC6,0x15,0xAE,0xB0,0x84,0xB0,0x8C,0xAF,0x8C,
    0x8F,0x84,0x2D,0x84,0xCC,0x83,0xEC,0x83,0xD1,0x94,0xD1,0x94,0x53,0x9D,0x74,0x95,
    0xD0,0x8C,0x11,0x9D,0x93,0xA5,0x52,0x9D,0x6F,0x84,0xCD,0x63,0xCC,0x6B,0x15,0xCE,
    0xD7,0xDE,0xB7,0xDE,0x96,0xD6,0xAE,0x9C,0xCA,0xB3,0x91,0xF5,0x91,0xF5,0xB1,0xFD,
    0xB1,0xF5,0xD1,0xFD,0x13,0xFE,0x6D,0xC4,0x0C,0x94,0x93,0xBD,0x51,0xB5,0xD6,0xDE,
    0xF7,0xE6,0xF7,0xE6,0xF6,0xE6,0xD5,0xDE,0x73,0xD6,0xEF,0xA4,0x49,0x7B,0xD0,0xAC,
    0x92,0xB5,0x0C,0x84,0xAE,0x94,0xAE,0x94,0x8E,0x8C,0xCF,0x94,0xAF,0x94,0xAE,0x94,
    0x8E,0x8C,0x8E,0x94,0x13,0xBE,0x13,0xBE,0xF2,0xBD,0x13,0xBE,0xF2,0xBD,0x2F,0xA5,
    0x75,0xCE,0x34,0xC6,0x54,0xC6,0x74,0xCE,0x6F,0x9C,0x32,0xAD,0x13,0xCE,0x8F,0x94,
    0x00,0x00,0x00,0x00,0x00,0x00,0x00,0x00,0x00,0x00,0x00,0x00,0x00,0x00,0x00,0x00,
    0x00,0x00,0x00,0x00,0x00,0x00,0x00,0x00,0x00,0x00,0x00,0x00,0x00,0x00,0x6B,0x7B,
    0xB2,0xBD,0x76,0xC6,0xB4,0x9D,0x52,0x95,0x2E,0x7C,0xF1,0x8C,0x73,0x8D,0x4E,0x74,
    0x4E,0x9C,0xD5,0xC5,0xB8,0xE6,0xD8,0xEE,0xF9,0xF6,0xB8,0xE6,0x32,0xBD,0x4E,0x84,
    0xD1,0x7C,0xF0,0x94,0x11,0x9D,0x4F,0x7C,0x0E,0x6C,0x0E,0x64,0x72,0xB5,0x96,0xDE,
    0x75,0xD6,0x76,0xDE,0xF3,0xC5,0x4D,0xA4,0xAE,0xCC,0x33,0xFE,0x13,0xFE,0x13,0xFE,
    0x13,0xFE,0x90,0xED,0xAE,0xBC,0x72,0xC5,0xD3,0xC5,0xCF,0xAC,0x34,0xCE,0x74,0xD6,
    0x34,0xCE,0xD2,0xC5,0x71,0xB5,0x4D,0x94,0xCD,0x7B,0x2A,0x6B,0xCB,0x8B,0x8E,0x94,
    0x4D,0x84,0xAE,0x94,0xAF,0x94,0x6D,0x8C,0x4D,0x8C,0xCF,0x94,0x8E,0x94,0xCF,0x94,
    0x2C,0x8C,0x10,0xAD,0x33,0xC6,0xF2,0xBD,0xD2,0xBD,0x53,0xC6,0x6D,0x94,0x50,0xAD,
    0x74,0xCE,0x13,0xC6,0x75,0xCE,0xAF,0xA4,0x9B,0xBD,0x8E,0x9C,0xAF,0x9C,0x17,0xBD,
    0xE0,0x7B,0x00,0x00,0x00,0x00,0x00,0x00,0x00,0x00,0x00,0x00,0x00,0x00,0x00,0x00,
    0x00,0x00,0x00,0x00,0x00,0x00,0x00,0x00,0x00,0x00,0x00,0x00,0x00,0x00,0x92,0xB5,
    0x56,0xB6,0x73,0x95,0x94,0x9D,0xED,0x6B,0xD0,0x7C,0x52,0x85,0x0D,0x74,0x10,0xC5,
    0x7B,0xFF,0xDD,0xFF,0x9C,0xFF,0x9B,0xFF,0x7B,0xFF,0x9B,0xFF,0xBC,0xFF,0x15,0xDE,
    0xED,0x7B,0x6F,0x7C,0x12,0x9D,0x6F,0x84,0x6F,0x74,0x2E,0x74,0x76,0xDE,0xB7,0xDE,
    0x96,0xDE,0xB7,0xDE,0xF3,0xC5,0xEF,0xCC,0x13,0xFE,0x34,0xFE,0x54,0xFE,0xD2,0xED,
    0xEF,0xCC,0xF0,0xB4,0x14,0xCE,0xB6,0xDE,0x34,0xCE,0xD3,0xC5,0xB3,0xC5,0x72,0xBD,
    0xF0,0xAC,0x92,0xBD,0x2D,0x94,0xCD,0x6B,0xAC,0x73,0x0D,0x7C,0x2F,0x74,0x4A,0x6B,
    0x8E,0x94,0x8E,0x8C,0x2C,0x8C,0x8A,0x7B,0x8E,0x94,0xAE,0x94,0xEF,0x9C,0x6D,0x8C,
    0xCB,0x83,0xF3,0xBD,0xF2,0xBD,0xF3,0xBD,0x54,0xC6,0xCF,0xA4,0x09,0x7B,0x54,0xCE,
    0x33,0xC6,0x74,0xCE,0xAF,0x9C,0xF1,0x7A,0x0D,0x94,0xEC,0x8B,0xB2,0x9C,0x00,0x00,
    0xEF,0x7B,0x00,0x00,0x00,0x00,0x00,0x00,0x00,0x00,0x00,0x00,0x00,0x00,0x00,0x00,
    0x00,0x00,0x00,0x00,0x00,0x00,0x00,0x00,0x00,0x00,0x00,0x00,0x00,0x00,0x36,0x96,
    0x73,0x95,0xD4,0x9D,0x4F,0x74,0x90,0x74,0x52,0x85,0x4E,0x74,0x10,0xC5,0xBB,0xFF,
    0x5A,0xFF,0x5A,0xFF,0x7B,0xFF,0x7B,0xFF,0x5A,0xFF,0x18,0xF7,0x19,0xF7,0xFE,0xFF,
    0x16,0xD6,0x6F,0x84,0xF5,0xB5,0xD0,0x94,0xD1,0x7C,0xAC,0x73,0xB8,0xE6,0x39,0xEF,
    0x19,0xEF,0xF8,0xE6,0xD8,0xDE,0x51,0xCD,0xB6,0xFE,0xF3,0xE5,0x31,0xC5,0x72,0xBD,
    0x34,0xCE,0xB7,0xDE,0xD7,0xE6,0x96,0xDE,0x96,0xDE,0xB6,0xDE,0xB6,0xDE,0x55,0xCE,
    0xF7,0xE6,0x72,0xBD,0xEE,0x73,0x12,0x85,0xF1,0x84,0xB1,0x7C,0xB1,0x7C,0x4F,0x74,
    0x09,0x6B,0xB0,0x9C,0x4F,0x9C,0x2D,0x8C,0xEF,0x94,0xAE,0x94,0xAE,0x94,0xAB,0x83,
    0x30,0xAD,0x12,0xBE,0xF2,0xBD,0x54,0xC6,0x71,0xB5,0xAC,0x8B,0x30,0xAD,0x95,0xCE,
    0x54,0xCE,0xAF,0x9C,0x2D,0x7B,0xB1,0xA4,0x4B,0x7B,0x74,0xBD,0x00,0x00,0xEF,0x7B,
    0x00,0x00,0x00,0x00,0x00,0x00,0x00,0x00,0x00,0x00,0x00,0x00,0x00,0x00,0x00,0x00,
    0x00,0x00,0x00,0x00,0x00,0x00,0x00,0x00,0x00,0x00,0x00,0x00,0x00,0x00,0x00,0x00,
    0xF5,0xAD,0xD5,0xA5,0x2E,0x6C,0xD0,0x7C,0x8F,0x6C,0x4D,0x9C,0x7A,0xFF,0x5B,0xFF,
    0x5A,0xFF,0x7B,0xFF,0x7B,0xFF,0x7A,0xFF,0x7B,0xFF,0x5A,0xFF,0xF4,0xDD,0x3A,0xF7,
    0xBC,0xFF,0xD1,0xA4,0x11,0x95,0x12,0x95,0xD1,0x84,0x8C,0x63,0x35,0xCE,0x39,0xF7,
    0x39,0xF7,0x7A,0xFF,0x19,0xE7,0x72,0xC5,0xF1,0xB4,0x77,0xD6,0x19,0xE7,0x18,0xEF,
    0xF8,0xEE,0x39,0xF7,0x5A,0xF7,0x5A,0xF7,0x39,0xEF,0xB7,0xDE,0x55,0xD6,0x19,0xEF,
    0xD4,0xC5,0xCD,0x6B,0xF1,0x84,0x12,0x8D,0x32,0x8D,0x33,0x95,0xF1,0x84,0xB1,0x7C,
    0xEE,0x6B,0x91,0xA4,0x6E,0x94,0x8E,0x94,0x0C,0x84,0xD0,0x9C,0x54,0xB5,0x31,0xAD,
    0x74,0xC6,0x53,0xC6,0xF2,0xBD,0x8E,0x9C,0x13,0xAD,0x92,0xB5,0x94,0xCE,0x91,0xB5,
    0x4E,0x94,0x33,0x9C,0x00,0x00,0xB1,0xAC,0xFF,0xFF,0x00,0x00,0xEF,0x7B,0x00,0x00,
    0x00,0x00,0x00,0x00,0x00,0x00,0x00,0x00,0x00,0x00,0x00,0x00,0x00,0x00,0x00,0x00,
    0x00,0x00,0x00,0x00,0x00,0x00,0x00,0x00,0x00,0x00,0x00,0x00,0x00,0x00,0x00,0x00,
    0x57,0xB6,0x32,0x95,0xB0,0x7C,0x73,0x8D,0x4E,0x74,0x92,0xD5,0xBC,0xFF,0x5B,0xFF,
    0x7B,0xFF,0x7A,0xFF,0x5A,0xFF,0x39,0xFF,0xB7,0xF6,0xBC,0xFF,0x3A,0xF7,0x93,0xD5,
    0xDD,0xFF,0x52,0xC5,0xCC,0x73,0x12,0x85,0x4F,0x7C,0x2E,0x64,0xAF,0x94,0x79,0xFF,
    0xD8,0xEE,0xD3,0xCD,0xAC,0x7B,0xEC,0x83,0x69,0x6B,0x52,0xAD,0xFD,0xFF,0x39,0xF7,
    0x5A,0xF7,0x7B,0xFF,0x9B,0xFF,0x9C,0xFF,0x19,0xEF,0x39,0xEF,0xBB,0xFF,0x73,0xBD,
    0x2E,0x74,0x73,0x95,0x94,0x9D,0xB4,0xA5,0x74,0x95,0x53,0x95,0x73,0x9D,0xF2,0x8C,
    0xF1,0x7C,0x4A,0x63,0x6B,0x83,0x8F,0x9C,0x73,0xBD,0xB2,0xAC,0xD0,0xAC,0xD2,0xB5,
    0x50,0xAD,0xF0,0xAC,0x6F,0x9C,0x91,0xA4,0x4E,0x94,0x71,0xB5,0xCF,0xA4,0x0E,0x94,
    0x00,0x00,0x00,0x00,0xEF,0x7B,0x00,0x00,0x00,0x00,0xEF,0x7B,0x00,0x00,0x00,0x00,
    0x00,0x00,0x00,0x00,0x00,0x00,0x00,0x00,0x00,0x00,0x00,0x00,0x00,0x00,0x00,0x00,
    0x00,0x00,0x00,0x00,0x00,0x00,0x00,0x00,0x00,0x00,0x00,0x00,0x00,0x00,0x00,0x00,
    0xD6,0xB6,0x2E,0x74,0xD0,0x7C,0x11,0x7D,0xCC,0x73,0x35,0xEE,0x9B,0xFF,0x5A,0xFF,
    0x5B,0xFF,0x5A,0xFF,0x7B,0xFF,0x9C,0xFF,0x56,0xEE,0xF9,0xF6,0xDD,0xFF,0x15,0xDE,
    0x76,0xEE,0xF4,0xE5,0xEC,0x83,0xD1,0x7C,0x4F,0x74,0xB0,0x74,0x6F,0x84,0xF0,0xB4,
    0xD4,0xCD,0x36,0xDE,0xB7,0xEE,0xB7,0xEE,0x76,0xDE,0x11,0xB5,0xD4,0xCD,0x9C,0xFF,
    0xBC,0xFF,0x7A,0xFF,0x5A,0xF7,0x19,0xEF,0xBC,0xF7,0x39,0xEF,0x6F,0x94,0x2E,0x74,
    0xD5,0xA5,0xD5,0xA5,0xD4,0xA5,0x73,0x9D,0x12,0x8D,0xF2,0x8C,0x33,0x95,0x32,0x8D,
    0x90,0x7C,0xD1,0x84,0x8C,0x73,0x00,0x00,0x5D,0xFF,0xAC,0x8B,0x2E,0x94,0x4F,0x94,
    0x50,0xA4,0xDF,0xCC,0xFF,0xFF,0x0E,0x94,0xED,0x93,0x4F,0x94,0x1A,0xBD,0x00,0x00,
    0x00,0x00,0xFF,0xFF,0x00,0x00,0xFF,0xFF,0xFF,0xFF,0x00,0x00,0x00,0x00,0x00,0x00,
    0x00,0x00,0x00,0x00,0x00,0x00,0x00,0x00,0x00,0x00,0x00,0x00,0x00,0x00,0x00,0x00,
    0x00,0x00,0x00,0x00,0x00,0x00,0x00,0x00,0x00,0x00,0x00,0x00,0x00,0x00,0xE7,0x3B,
    0x00,0x00,0xED,0x6B,0xF1,0x7C,0xF1,0x7C,0xCC,0x73,0x35,0xEE,0x7A,0xFF,0x5A,0xFF,
    0x9B,0xFF,0x19,0xF7,0x98,0xEE,0xDD,0xFF,0x5A,0xFF,0x14,0xE6,0x7B,0xFF,0x55,0xE6,
    0xF3,0xED,0xF3,0xF5,0x0D,0x84,0xD1,0x7C,0x6F,0x7C,0xF1,0x7C,0x8F,0x94,0x57,0xDE,
    0xFE,0xFF,0x3A,0xFF,0xD7,0xF6,0x5A,0xFF,0x7A,0xFF,0xBC,0xFF,0xB8,0xE6,0x94,0xC5,
    0x3B,0xEF,0x7B,0xFF,0x59,0xF7,0x9B,0xFF,0x16,0xCE,0xED,0x73,0x0E,0x6C,0x15,0xAE,
    0xF5,0xAD,0xD5,0xA5,0x33,0x95,0x12,0x8D,0x73,0x9D,0x74,0x95,0x94,0x9D,0xB4,0xA5,
    0x53,0x95,0xF2,0x84,0x0E,0x74,0xCD,0x93,0x00,0x00,0x00,0x00,0x00,0x00,0x00,0x00,
    0x00,0x00,0x00,0x00,0x2C,0x9B,0xFF,0xFF,0x00,0x00,0x00,0x00,0x00,0x00,0xAA,0x52,
    0x00,0x00,0x00,0x00,0x00,0x00,0x00,0x00,0x00,0x00,0x00,0x00,0x00,0x00,0x00,0x00,
    0x00,0x00,0x00,0x00,0x00,0x00,0x00,0x00,0x00,0x00,0x00,0x00,0x00,0x00,0x00,0x00,
    0x00,0x00,0x00,0x00,0x00,0x00,0x00,0x00,0x00,0x00,0x00,0x00,0x00,0x00,0xE7,0x39,
    0x00,0x00,0x8B,0x6B,0xB0,0x7C,0xF1,0x7C,0xED,0x6B,0x31,0xCD,0x7A,0xFF,0x7A,0xFF,
    0x7B,0xFF,0x9C,0xFF,0x77,0xEE,0x1A,0xF7,0xDD,0xFF,0x14,0xE6,0x75,0xFE,0x51,0xDD,
    0xAF,0xC4,0x2D,0xAC,0x6F,0x7C,0xB0,0x7C,0xD0,0x84,0x6F,0x74,0x15,0xD6,0x9C,0xFF,
    0x35,0xE6,0xD8,0xEE,0x3A,0xFF,0x5B,0xFF,0x5A,0xFF,0x5A,0xFF,0xBC,0xFF,0x3A,0xF7,
    0x32,0xBD,0x56,0xD6,0xF5,0xC5,0x2E,0x8C,0xED,0x63,0x8F,0x6C,0x52,0x95,0x16,0xAE,
    0x94,0x9D,0x12,0x8D,0x93,0x9D,0xD4,0xA5,0x94,0x9D,0x53,0x95,0x53,0x95,0xB4,0xA5,
    0xB4,0xA5,0x94,0x9D,0x12,0x8D,0x6C,0x73,0x00,0x00,0xE0,0x39,0xAA,0x52,0xAA,0x52,
    0xEF,0x7B,0xFF,0xFF,0x00,0x00,0x00,0x00,0x00,0x00,0xAA,0x52,0xFF,0xFF,0x00,0x00,
    0x00,0x00,0x00,0x00,0x00,0x00,0x00,0x00,0x00,0x00,0x00,0x00,0x00,0x00,0x00,0x00,
    0x00,0x00,0x00,0x00,0x00,0x00,0x00,0x00,0x00,0x00,0x00,0x00,0x00,0x00,0x00,0x00,
    0x00,0x00,0x00,0x00,0x00,0x00,0x00,0x00,0x00,0x00,0x00,0x00,0x00,0x00,0x00,0x00,
    0xFF,0x07,0x00,0x48,0xEC,0x73,0x11,0x7D,0x8F,0x74,0xCC,0x7B,0x14,0xEE,0x55,0xF6,
    0x96,0xF6,0x9B,0xFF,0x5A,0xFF,0x55,0xEE,0x9B,0xFF,0x92,0xDD,0x91,0xDD,0xAF,0xB4,
    0x0D,0x8C,0xD0,0x9C,0xFF,0xFF,0xF5,0xCD,0x93,0xA5,0x8F,0xA4,0xF8,0xFE,0xF4,0xDD,
    0x39,0xFF,0xBC,0xFF,0x3A,0xFF,0x19,0xFF,0x7B,0xFF,0x5A,0xFF,0x5A,0xFF,0x7A,0xFF,
    0x3A,0xF7,0xED,0x8B,0x2A,0x63,0x4F,0x6C,0x11,0x7D,0x8F,0x7C,0x73,0x9D,0xB4,0x9D,
    0xB0,0x7C,0x73,0x9D,0xD4,0xA5,0xB4,0xA5,0xB4,0x9D,0x53,0x95,0x53,0x95,0xB4,0x9D,
    0xD5,0xA5,0x94,0x9D,0xB4,0x9D,0xCD,0x73,0x0E,0xA4,0x00,0x00,0xEF,0x7B,0x00,0x00,
    0x00,0x00,0x00,0x00,0x00,0x00,0x00,0x00,0x00,0x00,0x00,0x00,0x00,0x00,0x00,0x00,
    0x00,0x00,0x00,0x00,0x00,0x00,0x00,0x00,0x00,0x00,0x00,0x00,0x00,0x00,0x00,0x00,
    0x00,0x00,0x00,0x00,0x00,0x00,0x00,0x00,0x00,0x00,0x00,0x00,0x00,0x00,0x00,0x00,
    0x00,0x00,0x00,0x00,0x00,0x00,0x00,0x00,0x00,0x00,0x00,0x00,0x00,0x00,0x00,0x00,
    0xEF,0x7B,0x00,0x00,0xEC,0x7B,0xF0,0x8C,0x52,0x9D,0xD0,0x8C,0xEC,0x9B,0x6E,0xB4,
    0x0D,0xA4,0xD7,0xFE,0x39,0xFF,0x10,0xCD,0x50,0xD5,0x6E,0xAC,0x4E,0x9C,0xFF,0xFF,
    0x00,0x00,0x00,0x00,0x00,0x00,0x00,0x00,0x00,0x00,0x31,0xC5,0xB2,0xED,0x96,0xF6,
    0x39,0xFF,0x96,0xEE,0xF8,0xF6,0x7B,0xFF,0x7B,0xFF,0x5A,0xFF,0x7B,0xFF,0x5A,0xFF,
    0xBC,0xFF,0xD9,0xEE,0x2D,0x8C,0x6F,0x84,0xB0,0x7C,0xF1,0x84,0xB4,0x9D,0xF1,0x84,
    0x90,0x7C,0x32,0x95,0x73,0x9D,0xD5,0xA5,0xD4,0xA5,0x73,0x95,0x73,0x95,0x94,0x9D,
    0xD5,0xA5,0x94,0x9D,0xB4,0x9D,0x90,0x84,0x2A,0x7B,0x00,0x00,0x00,0x00,0x00,0x00,
    0x00,0x00,0x00,0x00,0x00,0x00,0x00,0x00,0x00,0x00,0x00,0x00,0x00,0x00,0x00,0x00,
    0x00,0x00,0x00,0x00,0x00,0x00,0x00,0x00,0x00,0x00,0x00,0x00,0x00,0x00,0x00,0x00,
    0x00,0x00,0x00,0x00,0x00,0x00,0x00,0x00,0x00,0x00,0x00,0x00,0x00,0x00,0x00,0x00,
    0x00,0x00,0x00,0x00,0x00,0x00,0x00,0x00,0x00,0x00,0x00,0x00,0x00,0x00,0x00,0x00,
    0x00,0x00,0x00,0x00,0x00,0x00,0x00,0x00,0x00,0x00,0x00,0x00,0x00,0x00,0x00,0x00,
    0xF4,0xBD,0x6E,0xB4,0xCF,0xBC,0x6F,0xA4,0xD0,0xAC,0xFF,0xFF,0x00,0x00,0x00,0xF8,
    0xAA,0xAA,0xEF,0x7B,0xFF,0xFF,0x55,0xAD,0x55,0xAD,0x4E,0xA4,0x8E,0xBC,0xD7,0xFE,
    0xD3,0xE5,0x5B,0xFF,0xDD,0xFF,0x5A,0xFF,0x3A,0xFF,0x7B,0xFF,0x7B,0xFF,0x7B,0xFF,
    0x7B,0xFF,0xDD,0xFF,0xF0,0xAC,0xF1,0x8C,0x6F,0x7C,0x4E,0x84,0xF1,0x9C,0xCD,0x6B,
    0x90,0x7C,0x94,0x9D,0xD4,0xA5,0xD5,0xA5,0xD5,0xA5,0x94,0x9D,0x73,0x95,0x94,0x9D,
    0xD5,0xA5,0x94,0x9D,0x74,0x95,0x32,0x95,0x8C,0x73,0xB4,0xD5,0x00,0x00,0xEF,0x7B,
    0x00,0x00,0x00,0x00,0x00,0x00,0x00,0x00,0x00,0x00,0x00,0x00,0x00,0x00,0x00,0x00,
    0x00,0x00,0x00,0x00,0x00,0x00,0x00,0x00,0x00,0x00,0x00,0x00,0x00,0x00,0x00,0x00,
    0x00,0x00,0x00,0x00,0x00,0x00,0x00,0x00,0x00,0x00,0x00,0x00,0x00,0x00,0x00,0x00,
    0x00,0x00,0x00,0x00,0x00,0x00,0x00,0x00,0x00,0x00,0x00,0x00,0x00,0x00,0x00,0x00,
    0x00,0x00,0x00,0x00,0xEF,0x7B,0xAA,0x52,0xAA,0x52,0x4A,0x55,0xAA,0x52,0x00,0x00,
    0x00,0x00,0x00,0x00,0xFF,0x9F,0x00,0x00,0x00,0x00,0x00,0x00,0xAA,0xAA,0x00,0x00,
    0x00,0x00,0x00,0x00,0x00,0x00,0x00,0x00,0xAA,0x52,0x00,0x00,0xAF,0xAC,0x91,0xDD,
    0xB7,0xF6,0xDD,0xFF,0xB7,0xF6,0x55,0xEE,0x19,0xF7,0x7B,0xFF,0x7B,0xFF,0x7B,0xFF,
    0x5B,0xFF,0x9B,0xFF,0x92,0xD5,0x4E,0x74,0x11,0x85,0x8F,0x84,0x35,0xC6,0xD3,0xBD,
    0xB0,0x94,0x73,0x9D,0xD5,0xA5,0xD4,0xA5,0xF5,0xAD,0xB4,0x9D,0x73,0x95,0x94,0x9D,
    0xD4,0xA5,0xB4,0x9D,0x53,0x95,0x33,0x95,0x4F,0x7C,0xEE,0x8B,0x00,0x00,0xAA,0x52,
    0x00,0x00,0x00,0x00,0x00,0x00,0x00,0x00,0x00,0x00,0x00,0x00,0x00,0x00,0x00,0x00,
    0x00,0x00,0x00,0x00,0x00,0x00,0x00,0x00,0x00,0x00,0x00,0x00,0x00,0x00,0x00,0x00,
    0x00,0x00,0x00,0x00,0x00,0x00,0x00,0x00,0x00,0x00,0x00,0x00,0x00,0x00,0x00,0x00,
    0x00,0x00,0x00,0x00,0x00,0x00,0x00,0x00,0x00,0x00,0x00,0x00,0x00,0x00,0x00,0x00,
    0x00,0x00,0x00,0x00,0x00,0x00,0x00,0x00,0x00,0x00,0x00,0x00,0x00,0x00,0x00,0x00,
    0xFF,0xFF,0x00,0x00,0x00,0x00,0xAA,0xAA,0xEF,0x7B,0x00,0x00,0x00,0x00,0x00,0x00,
    0x00,0x00,0x00,0x00,0x00,0x00,0x00,0x00,0xFF,0xFF,0xE7,0x7B,0xD2,0xA4,0xEC,0x9B,
    0xF7,0xFE,0x34,0xEE,0x97,0xEE,0x9B,0xFF,0x7B,0xFF,0x7B,0xFF,0x5B,0xFF,0x7B,0xFF,
    0x5A,0xFF,0x9B,0xFF,0x30,0xC5,0x6F,0x6C,0x11,0x85,0x2E,0x6C,0x6F,0x7C,0xD5,0x9D,
    0xF5,0xB5,0x8F,0x94,0xB4,0xA5,0xF5,0xAD,0xD5,0xA5,0x73,0x9D,0x73,0x95,0x94,0x9D,
    0xD4,0xA5,0xB4,0x9D,0x53,0x95,0x12,0x8D,0x90,0x7C,0xEE,0x7B,0x79,0xFE,0x00,0x00,
    0x00,0x00,0x00,0x00,0x00,0x00,0x00,0x00,0x00,0x00,0x00,0x00,0x00,0x00,0x00,0x00,
    0x00,0x00,0x00,0x00,0x00,0x00,0x00,0x00,0x00,0x00,0x00,0x00,0x00,0x00,0x00,0x00,
    0x00,0x00,0x00,0x00,0x00,0x00,0x00,0x00,0x00,0x00,0x00,0x00,0x00,0x00,0x00,0x00,
    0x00,0x00,0x00,0x00,0x00,0x00,0x00,0x00,0x00,0x00,0x00,0x00,0x00,0x00,0x00,0x00,
    0x00,0x00,0x00,0x00,0x00,0x00,0x00,0x00,0x00,0x00,0x00,0x00,0x00,0x00,0x00,0x00,
    0x00,0x00,0x00,0x00,0xFF,0xFF,0x00,0x00,0x00,0x00,0x00,0x00,0x00,0x00,0x00,0x00,
    0x00,0x00,0x00,0x00,0x00,0x00,0x00,0x00,0x00,0x00,0xEF,0xFB,0x00,0x00,0x32,0xBD,
    0xCF,0xC4,0xB2,0xED,0x7B,0xFF,0x5A,0xFF,0x5A,0xFF,0x3A,0xFF,0x5A,0xFF,0x5A,0xFF,
    0x5B,0xFF,0x7A,0xFF,0x4E,0x9C,0x6F,0x6C,0xF0,0x7C,0x8F,0x74,0x4E,0x7C,0xB4,0x9D,
    0xD5,0x9D,0xB4,0xAD,0xB0,0x94,0x94,0x9D,0xB4,0x9D,0x73,0x95,0x73,0x95,0x94,0x9D,
    0xD5,0xA5,0xB4,0x9D,0x32,0x8D,0x12,0x8D,0x0E,0x74,0x70,0x84,0x2F,0x9C,0x00,0x00,
    0xAA,0x52,0x00,0x00,0x00,0x00,0x00,0x00,0x00,0x00,0x00,0x00,0x00,0x00,0x00,0x00,
    0x00,0x00,0x00,0x00,0x00,0x00,0x00,0x00,0x00,0x00,0x00,0x00,0x00,0x00,0x00,0x00,
    0x00,0x00,0x00,0x00,0x00,0x00,0x00,0x00,0x00,0x00,0x00,0x00,0x00,0x00,0x00,0x00,
    0x00,0x00,0x00,0x00,0x00,0x00,0x00,0x00,0x00,0x00,0x00,0x00,0x00,0x00,0x00,0x00,
    0x00,0x00,0x00,0x00,0x00,0x00,0x00,0x00,0x00,0x00,0x00,0x00,0x00,0x00,0x00,0x00,
    0x00,0x00,0x00,0x00,0x00,0x00,0x00,0x00,0x00,0x00,0x00,0x00,0x00,0x00,0x00,0x00,
    0x00,0x00,0x00,0x00,0x00,0x00,0x00,0x00,0x00,0x00,0x00,0x00,0xEF,0x7B,0x00,0x00,
    0xE9,0x6A,0xF0,0xBC,0xF7,0xFE,0xB2,0xE5,0x6E,0xC4,0x75,0xFE,0x39,0xFF,0x7B,0xFF,
    0x9B,0xFF,0xF4,0xE5,0x2E,0x7C,0x11,0x85,0x8F,0x74,0xF1,0x7C,0x6F,0x7C,0xF5,0xAD,
    0xD4,0xA5,0xD5,0xA5,0xD1,0x94,0x6C,0x63,0x6F,0x74,0xB0,0x84,0x53,0x95,0xB4,0x9D,
    0xD4,0xA5,0xB4,0xA5,0x12,0x8D,0x12,0x8D,0xEE,0x73,0x12,0x8D,0x0E,0x84,0x00,0x00,
    0xE0,0x03,0x00,0x00,0x00,0x00,0x00,0x00,0x00,0x00,0x00,0x00,0x00,0x00,0x00,0x00,
    0x00,0x00,0x00,0x00,0x00,0x00,0x00,0x00,0x00,0x00,0x00,0x00,0x00,0x00,0x00,0x00,
    0x00,0x00,0x00,0x00,0x00,0x00,0x00,0x00,0x00,0x00,0x00,0x00,0x00,0x00,0x00,0x00,
    0x00,0x00,0x00,0x00,0x00,0x00,0x00,0x00,0x00,0x00,0x00,0x00,0x00,0x00,0x00,0x00,
    0x00,0x00,0x00,0x00,0x00,0x00,0x00,0x00,0x00,0x00,0x00,0x00,0x00,0x00,0x00,0x00,
    0x00,0x00,0x00,0x00,0x00,0x00,0x00,0x00,0x00,0x00,0x00,0x00,0x00,0x00,0x00,0x00,
    0x00,0x00,0x00,0x00,0x00,0x00,0x00,0x00,0x00,0x00,0x00,0x00,0x00,0x00,0xEF,0x7B,
    0x00,0x00,0x4E,0x8C,0xAF,0xC4,0xCB,0x93,0x09,0x6B,0x14,0xEE,0xD6,0xFE,0x18,0xFF,
    0x34,0xF6,0x0D,0x8C,0x11,0x7D,0x32,0x8D,0x11,0x85,0xB0,0x7C,0x6F,0x7C,0xB4,0x9D,
    0xD4,0xA5,0xD4,0xA5,0xB4,0x9D,0x4F,0x84,0xF1,0x8C,0x90,0x7C,0x2E,0x6C,0x32,0x95,
    0xB4,0xA5,0xB4,0x9D,0x33,0x95,0x32,0x95,0x0E,0x7C,0x32,0x8D,0x4F,0x84,0x0F,0xAC,
    0x00,0x00,0xEF,0x7B,0x00,0x00,0x00,0x00,0x00,0x00,0x00,0x00,0x00,0x00,0x00,0x00,
    0x00,0x00,0x00,0x00,0x00,0x00,0x00,0x00,0x00,0x00,0x00,0x00,0x00,0x00,0x00,0x00,
    0x00,0x00,0x00,0x00,0x00,0x00,0x00,0x00,0x00,0x00,0x00,0x00,0x00,0x00,0x00,0x00,
    0x00,0x00,0x00,0x00,0x00,0x00,0x00,0x00,0x00,0x00,0x00,0x00,0x00,0x00,0x00,0x00,
    0x00,0x00,0x00,0x00,0x00,0x00,0x00,0x00,0x00,0x00,0x00,0x00,0x00,0x00,0x00,0x00,
    0x00,0x00,0x00,0x00,0x00,0x00,0x00,0x00,0x00,0x00,0x00,0x00,0x00,0x00,0x00,0x00,
    0x00,0x00,0x00,0x00,0x00,0x00,0x00,0x00,0x00,0x00,0x00,0x00,0x00,0x00,0x00,0x00,
    0xEF,0x7B,0x00,0x00,0x00,0x00,0xAC,0x73,0x2D,0x6C,0x09,0x73,0x4C,0xB4,0xEF,0xCC,
    0x0D,0x84,0xD1,0x74,0xB0,0x74,0x32,0x8D,0x73,0x8D,0xB0,0x7C,0xB0,0x84,0x94,0x9D,
    0x53,0x95,0xD4,0xA5,0x15,0xAE,0x53,0x95,0x6F,0x7C,0xB4,0xA5,0xB0,0x84,0x0E,0x6C,
    0x73,0x95,0xB4,0x9D,0x53,0x95,0x53,0x95,0x4F,0x7C,0x12,0x8D,0x12,0x8D,0x0A,0x73,
    0x00,0x00,0x00,0x00,0x00,0x00,0x00,0x00,0x00,0x00,0x00,0x00,0x00,0x00,0x00,0x00,
    0x00,0x00,0x00,0x00,0x00,0x00,0x00,0x00,0x00,0x00,0x00,0x00,0x00,0x00,0x00,0x00,
    0x00,0x00,0x00,0x00,0x00,0x00,0x00,0x00,0x00,0x00,0x00,0x00,0x00,0x00,0x00,0x00,
    0x00,0x00,0x00,0x00,0x00,0x00,0x00,0x00,0x00,0x00,0x00,0x00,0x00,0x00,0x00,0x00,
    0x00,0x00,0x00,0x00,0x00,0x00,0x00,0x00,0x00,0x00,0x00,0x00,0x00,0x00,0x00,0x00,
    0x00,0x00,0x00,0x00,0x00,0x00,0x00,0x00,0x00,0x00,0x00,0x00,0x00,0x00,0x00,0x00,
    0x00,0x00,0x00,0x00,0x00,0x00,0x00,0x00,0x00,0x00,0x00,0x00,0x00,0x00,0x00,0x00,
    0x00,0x00,0x26,0x63,0xAA,0xAA,0xAB,0x83,0x6F,0x74,0xAC,0x5B,0x6B,0x5B,0xCD,0x63,
    0x90,0x74,0x32,0x85,0xB0,0x74,0x8F,0x74,0x52,0x8D,0x0D,0x6C,0x73,0x95,0xD5,0xA5,
    0xB4,0x9D,0x73,0x95,0x94,0x9D,0xB4,0xA5,0x6F,0x7C,0x2E,0x74,0x93,0x9D,0x11,0x8D,
    0x32,0x8D,0x94,0x9D,0x53,0x95,0x53,0x95,0x2F,0x7C,0xF2,0x84,0x73,0x95,0x8C,0x73,
    0xCD,0x83,0x00,0x00,0xAA,0x52,0x00,0x00,0x00,0x00,0x00,0x00,0x00,0x00,0x00,0x00,
    0x00,0x00,0x00,0x00,0x00,0x00,0x00,0x00,0x00,0x00,0x00,0x00,0x00,0x00,0x00,0x00,
    0x00,0x00,0x00,0x00,0x00,0x00,0x00,0x00,0x00,0x00,0x00,0x00,0x00,0x00,0x00,0x00,
    0x00,0x00,0x00,0x00,0x00,0x00,0x00,0x00,0x00,0x00,0x00,0x00,0x00,0x00,0x00,0x00,
    0x00,0x00,0x00,0x00,0x00,0x00,0x00,0x00,0x00,0x00,0x00,0x00,0x00,0x00,0x00,0x00,
    0x00,0x00,0x00,0x00,0x00,0x00,0x00,0x00,0x00,0x00,0x00,0x00,0x00,0x00,0x00,0x00,
    0x00,0x00,0x00,0x00,0x00,0x00,0x00,0x00,0x00,0x00,0x00,0x00,0x00,0x00,0x00,0x00,
    0x00,0x00,0xFF,0xFF,0x00,0x00,0x31,0xD5,0x6B,0x63,0x6F,0x64,0x6F,0x6C,0xB0,0x74,
    0x4E,0x6C,0xB0,0x7C,0xD1,0x7C,0x6F,0x6C,0xCC,0x63,0xB0,0x7C,0xB4,0x9D,0xD5,0xA5,
    0xD5,0xA5,0xD5,0xA5,0x94,0x9D,0x73,0x95,0xF2,0x8C,0xCD,0x63,0xB0,0x7C,0xB4,0x9D,
    0x94,0x9D,0x94,0x9D,0x32,0x8D,0x12,0x8D,0xEE,0x73,0xD1,0x7C,0x53,0x95,0xB0,0x8C,
    0xCD,0x7B,0x74,0xD5,0x00,0x00,0xFF,0xFF,0x00,0x00,0x00,0x00,0x00,0x00,0x00,0x00,
    0x00,0x00,0x00,0x00,0x00,0x00,0x00,0x00,0x00,0x00,0x00,0x00,0x00,0x00,0x00,0x00,
    0x00,0x00,0x00,0x00,0x00,0x00,0x00,0x00,0x00,0x00,0x00,0x00,0x00,0x00,0x00,0x00,
    0x00,0x00,0x00,0x00,0x00,0x00,0x00,0x00,0x00,0x00,0x00,0x00,0x00,0x00,0x00,0x00,
    0x00,0x00,0x00,0x00,0x00,0x00,0x00,0x00,0x00,0x00,0x00,0x00,0x00,0x00,0x00,0x00,
    0x00,0x00,0x00,0x00,0x00,0x00,0x00,0x00,0x00,0x00,0x00,0x00,0x00,0x00,0x00,0x00,
    0x00,0x00,0x00,0x00,0x00,0x00,0x00,0x00,0x00,0x00,0x00,0x00,0x00,0x00,0x00,0x00,
    0x00,0x00,0x00,0x00,0x00,0x00,0x00,0x00,0xAC,0x8B,0xAC,0x63,0x0D,0x64,0xB0,0x74,
    0x8F,0x6C,0x6E,0x6C,0xB0,0x74,0x0D,0x6C,0x90,0x7C,0x53,0x8D,0x73,0x95,0xD5,0xA5,
    0xD5,0xA5,0xD5,0xA5,0xD4,0xA5,0x94,0x9D,0x73,0x95,0x70,0x7C,0xB0,0x84,0x94,0x9D,
    0xD5,0xA5,0x73,0x95,0x12,0x8D,0xF1,0x8C,0xAD,0x6B,0x90,0x74,0x53,0x95,0xF1,0x8C,
    0xF1,0x8C,0xCE,0x83,0x00,0x00,0xEF,0x7B,0x00,0x00,0x00,0x00,0x00,0x00,0x00,0x00,
    0x00,0x00,0x00,0x00,0x00,0x00,0x00,0x00,0x00,0x00,0x00,0x00,0x00,0x00,0x00,0x00,
    0x00,0x00,0x00,0x00,0x00,0x00,0x00,0x00,0x00,0x00,0x00,0x00,0x00,0x00,0x00,0x00,
    0x00,0x00,0x00,0x00,0x00,0x00,0x00,0x00,0x00,0x00,0x00,0x00,0x00,0x00,0x00,0x00,
    0x00,0x00,0x00,0x00,0x00,0x00,0x00,0x00,0x00,0x00,0x00,0x00,0x00,0x00,0x00,0x00,
    0x00,0x00,0x00,0x00,0x00,0x00,0x00,0x00,0x00,0x00,0x00,0x00,0x00,0x00,0x00,0x00,
    0x00,0x00,0x00,0x00,0x00,0x00,0x00,0x00,0x00,0x00,0x00,0x00,0x00,0x00,0x00,0x00,
    0x00,0x00,0x00,0x00,0x00,0x00,0xE7,0x39,0x00,0x00,0x8B,0x8B,0x2A,0x63,0xED,0x63,
    0x4E,0x6C,0x0D,0x64,0x0D,0x6C,0xF1,0x8C,0xF5,0xA5,0x94,0x9D,0x53,0x95,0x73,0x9D,
    0xB4,0x9D,0x73,0x9D,0xB4,0x9D,0xB4,0xA5,0xD5,0xA5,0x94,0x9D,0x53,0x95,0x53,0x95,
    0xB4,0x9D,0x32,0x8D,0x32,0x8D,0xB1,0x84,0x8C,0x63,0x90,0x74,0x12,0x8D,0x12,0x95,
    0x12,0x8D,0x50,0x84,0x6F,0xAC,0x00,0x00,0xEF,0x7B,0x00,0x00,0x00,0x00,0x00,0x00,
    0x00,0x00,0x00,0x00,0x00,0x00,0x00,0x00,0x00,0x00,0x00,0x00,0x00,0x00,0x00,0x00,
    0x00,0x00,0x00,0x00,0x00,0x00,0x00,0x00,0x00,0x00,0x00,0x00,0x00,0x00,0x00,0x00,
    0x00,0x00,0x00,0x00,0x00,0x00,0x00,0x00,0x00,0x00,0x00,0x00,0x00,0x00,0x00,0x00,
    0x00,0x00,0x00,0x00,0x00,0x00,0x00,0x00,0x00,0x00,0x00,0x00,0x00,0x00,0x00,0x00,
    0x00,0x00,0x00,0x00,0x00,0x00,0x00,0x00,0x00,0x00,0x00,0x00,0x00,0x00,0x00,0x00,
    0x00,0x00,0x00,0x00,0x00,0x00,0x00,0x00,0x00,0x00,0x00,0x00,0x00,0x00,0x00,0x00,
    0x00,0x00,0x00,0x00,0x00,0x00,0xEF,0x7B,0x00,0x00,0xEF,0xB4,0xCD,0x73,0xB1,0x7C,
    0x6F,0x7C,0xB1,0x84,0xF2,0x8C,0x94,0x9D,0x94,0x9D,0xB4,0xA5,0x73,0x95,0x32,0x8D,
    0x32,0x8D,0x32,0x8D,0x73,0x95,0xD4,0xA5,0xD4,0xA5,0xD4,0xA5,0xB4,0x9D,0x93,0x9D,
    0x32,0x8D,0xF1,0x84,0x53,0x8D,0x70,0x84,0xCD,0x6B,0x90,0x74,0xD1,0x84,0x53,0x95,
    0x12,0x8D,0x32,0x8D,0xEE,0x83,0x00,0x00,0x00,0x00,0x00,0x00,0x00,0x00,0x00,0x00,
    0x00,0x00,0x00,0x00,0x00,0x00,0x00,0x00,0x00,0x00,0x00,0x00,0x00,0x00,0x00,0x00,
    0x00,0x00,0x00,0x00,0x00,0x00,0x00,0x00,0x00,0x00,0x00,0x00,0x00,0x00,0x00,0x00,
    0x00,0x00,0x00,0x00,0x00,0x00,0x00,0x00,0x00,0x00,0x00,0x00,0x00,0x00,0x00,0x00,
    0x00,0x00,0x00,0x00,0x00,0x00,0x00,0x00,0x00,0x00,0x00,0x00,0x00,0x00,0x00,0x00,
    0x00,0x00,0x00,0x00,0x00,0x00,0x00,0x00,0x00,0x00,0x00,0x00,0x00,0x00,0x00,0x00,
    0x00,0x00,0x00,0x00,0x00,0x00,0x00,0x00,0x00,0x00,0x00,0x00,0x00,0x00,0x00,0x00,
    0x00,0x00,0x00,0x00,0x00,0x00,0x00,0x00,0xEF,0x7B,0x00,0x00,0xED,0x8B,0x90,0x84,
    0x53,0x8D,0x12,0x8D,0xD1,0x84,0x12,0x8D,0x73,0x9D,0x94,0x9D,0x94,0x9D,0x53,0x95,
    0x12,0x8D,0x32,0x8D,0x32,0x8D,0x73,0x95,0xB4,0x9D,0xD5,0xA5,0xB4,0xA5,0x73,0x95,
    0xF1,0x84,0xF1,0x84,0x53,0x95,0x2E,0x7C,0x4F,0x74,0x90,0x74,0xB1,0x7C,0x32,0x8D,
    0x33,0x8D,0x53,0x95,0x0E,0x7C,0xD3,0xE4,0x00,0x00,0xFF,0xFF,0x00,0x00,0x00,0x00,
    0x00,0x00,0x00,0x00,0x00,0x00,0x00,0x00,0x00,0x00,0x00,0x00,0x00,0x00,0x00,0x00,
    0x00,0x00,0x00,0x00,0x00,0x00,0x00,0x00,0x00,0x00,0x00,0x00,0x00,0x00,0x00,0x00,
    0x00,0x00,0x00,0x00,0x00,0x00,0x00,0x00,0x00,0x00,0x00,0x00,0x00,0x00,0x00,0x00,
    0x00,0x00,0x00,0x00,0x00,0x00,0x00,0x00,0x00,0x00,0x00,0x00,0x00,0x00,0x00,0x00,
    0x00,0x00,0x00,0x00,0x00,0x00,0x00,0x00,0x00,0x00,0x00,0x00,0x00,0x00,0x00,0x00,
    0x00,0x00,0x00,0x00,0x00,0x00,0x00,0x00,0x00,0x00,0x00,0x00,0x00,0x00,0x00,0x00,
    0x00,0x00,0x00,0x00,0x00,0x00,0x00,0x00,0x00,0x00,0xE0,0x03,0x00,0x00,0xAC,0x83,
    0x4E,0x7C,0x12,0x8D,0xF2,0x84,0xD1,0x84,0x32,0x8D,0x73,0x95,0x73,0x9D,0x94,0x9D,
    0x53,0x95,0x32,0x8D,0x32,0x8D,0x32,0x8D,0x32,0x8D,0x53,0x95,0x32,0x8D,0x12,0x8D,
    0xF1,0x84,0x32,0x8D,0xF2,0x8C,0xCD,0x73,0x70,0x74,0x90,0x7C,0xD1,0x7C,0x12,0x8D,
    0x53,0x95,0x53,0x95,0x90,0x84,0x0F,0x94,0x00,0x00,0xEF,0x7B,0x00,0x00,0x00,0x00,
    0x00,0x00,0x00,0x00,0x00,0x00,0x00,0x00,0x00,0x00,0x00,0x00,0x00,0x00,0x00,0x00,
    0x00,0x00,0x00,0x00,0x00,0x00,0x00,0x00,0x00,0x00,0x00,0x00,0x00,0x00,0x00,0x00,
    0x00,0x00,0x00,0x00,0x00,0x00,0x00,0x00,0x00,0x00,0x00,0x00,0x00,0x00,0x00,0x00,
    0x00,0x00,0x00,0x00,0x00,0x00,0x00,0x00,0x00,0x00,0x00,0x00,0x00,0x00,0x00,0x00,
    0x00,0x00,0x00,0x00,0x00,0x00,0x00,0x00,0x00,0x00,0x00,0x00,0x00,0x00,0x00,0x00,
    0x00,0x00,0x00,0x00,0x00,0x00,0x00,0x00,0x00,0x00,0x00,0x00,0x00,0x00,0x00,0x00,
    0x00,0x00,0x00,0x00,0x00,0x00,0x00,0x00,0x00,0x00,0x00,0x00,0xEF,0x7B,0x00,0x00,
    0xEC,0x93,0x6F,0x8C,0x53,0x95,0x32,0x8D,0xF1,0x84,0xF2,0x84,0x12,0x8D,0x53,0x95,
    0x73,0x9D,0x73,0x95,0x32,0x8D,0x12,0x8D,0x12,0x8D,0x12,0x8D,0x12,0x8D,0x12,0x85,
    0x32,0x8D,0x33,0x8D,0x0E,0x74,0x0E,0x74,0xB1,0x7C,0x90,0x7C,0xD1,0x7C,0xF2,0x84,
    0x53,0x95,0x73,0x95,0x32,0x95,0x8D,0x83,0x00,0x00,0xAA,0x52,0x00,0x00,0x00,0x00,
    0x00,0x00,0x00,0x00,0x00,0x00,0x00,0x00,0x00,0x00,0x00,0x00,0x00,0x00,0x00,0x00,
    0x00,0x00,0x00,0x00,0x00,0x00,0x00,0x00,0x00,0x00,0x00,0x00,0x00,0x00,0x00,0x00,
    0x00,0x00,0x00,0x00,0x00,0x00,0x00,0x00,0x00,0x00,0x00,0x00,0x00,0x00,0x00,0x00,
    0x00,0x00,0x00,0x00,0x00,0x00,0x00,0x00,0x00,0x00,0x00,0x00,0x00,0x00,0x00,0x00,
    0x00,0x00,0x00,0x00,0x00,0x00,0x00,0x00,0x00,0x00,0x00,0x00,0x00,0x00,0x00,0x00,
    0x00,0x00,0x00,0x00,0x00,0x00,0x00,0x00,0x00,0x00,0x00,0x00,0x00,0x00,0x00,0x00,
    0x00,0x00,0x00,0x00,0x00,0x00,0x00,0x00,0x00,0x00,0x00,0x00,0x00,0x00,0x00,0x00,
    0x00,0x00,0xFF,0xFF,0x4E,0x94,0x90,0x84,0x74,0x95,0xF1,0x84,0xB1,0x7C,0xB1,0x84,
    0x12,0x8D,0x73,0x95,0x74,0x9D,0x53,0x95,0x32,0x8D,0x32,0x8D,0x32,0x8D,0x53,0x95,
    0x53,0x95,0xF1,0x84,0xAC,0x6B,0x90,0x7C,0xB1,0x7C,0xB0,0x7C,0x90,0x7C,0xD1,0x84,
    0x33,0x95,0x73,0x95,0x33,0x95,0x8D,0x7B,0x00,0x00,0xAA,0x52,0x00,0x00,0x00,0x00,
    0x00,0x00,0x00,0x00,0x00,0x00,0x00,0x00,0x00,0x00,0x00,0x00,0x00,0x00,0x00,0x00,
    0x00,0x00,0x00,0x00,0x00,0x00,0x00,0x00,0x00,0x00,0x00,0x00,0x00,0x00,0x00,0x00,
    0x00,0x00,0x00,0x00,0x00,0x00,0x00,0x00,0x00,0x00,0x00,0x00,0x00,0x00,0x00,0x00,
    0x00,0x00,0x00,0x00,0x00,0x00,0x00,0x00,0x00,0x00,0x00,0x00,0x00,0x00,0x00,0x00,
    0x00,0x00,0x00,0x00,0x00,0x00,0x00,0x00,0x00,0x00,0x00,0x00,0x00,0x00,0x00,0x00,
    0x00,0x00,0x00,0x00,0x00,0x00,0x00,0x00,0x00,0x00,0x00,0x00,0x00,0x00,0x00,0x00,
    0x00,0x00,0x00,0x00,0x00,0x00,0x00,0x00,0x00,0x00,0x00,0x00,0x00,0x00,0x00,0x00,
    0xAA,0x52,0x00,0x00,0x00,0x00,0x8C,0x83,0x6F,0x84,0x53,0x8D,0xF2,0x84,0xD1,0x84,
    0xB1,0x7C,0xF1,0x84,0x33,0x95,0x73,0x95,0x73,0x95,0x53,0x95,0x73,0x95,0x53,0x95,
    0x32,0x8D,0x2E,0x7C,0x2E,0x74,0xD1,0x7C,0xD1,0x84,0xD1,0x84,0x90,0x7C,0xD1,0x84,
    0x32,0x8D,0x53,0x95,0xD1,0x84,0xAD,0x83,0x00,0x00,0xAA,0x52,0x00,0x00,0x00,0x00,
    0x00,0x00,0x00,0x00,0x00,0x00,0x00,0x00,0x00,0x00,0x00,0x00,0x00,0x00,0x00,0x00,
    0x00,0x00,0x00,0x00,0x00,0x00,0x00,0x00,0x00,0x00,0x00,0x00,0x00,0x00,0x00,0x00,
    0x00,0x00,0x00,0x00,0x00,0x00,0x00,0x00,0x00,0x00,0x00,0x00,0x00,0x00,0x00,0x00,
    0x00,0x00,0x00,0x00,0x00,0x00,0x00,0x00,0x00,0x00,0x00,0x00,0x00,0x00,0x00,0x00,
    0x00,0x00,0x00,0x00,0x00,0x00,0x00,0x00,0x00,0x00,0x00,0x00,0x00,0x00,0x00,0x00,
    0x00,0x00,0x00,0x00,0x00,0x00,0x00,0x00,0x00,0x00,0x00,0x00,0x00,0x00,0x00,0x00,
    0x00,0x00,0x00,0x00,0x00,0x00,0x00,0x00,0x00,0x00,0x00,0x00,0x00,0x00,0x00,0x00,
    0x00,0x00,0xEF,0x7B,0xAA,0x52,0x00,0x00,0x8C,0x83,0xED,0x7B,0x12,0x8D,0x33,0x8D,
    0x12,0x8D,0xD1,0x84,0xB1,0x7C,0xD1,0x84,0xD1,0x84,0xD1,0x84,0xD1,0x84,0x12,0x85,
    0x90,0x84,0xAC,0x73,0xD1,0x7C,0xD1,0x84,0x12,0x8D,0x12,0x85,0xB1,0x7C,0xD1,0x7C,
    0x32,0x8D,0x12,0x85,0x0E,0x74,0xED,0x93,0x00,0x00,0xEF,0x7B,0x00,0x00,0x00,0x00,
    0x00,0x00,0x00,0x00,0x00,0x00,0x00,0x00,0x00,0x00,0x00,0x00,0x00,0x00,0x00,0x00,
    0x00,0x00,0x00,0x00,0x00,0x00,0x00,0x00,0x00,0x00,0x00,0x00,0x00,0x00,0x00,0x00,
    0x00,0x00,0x00,0x00,0x00,0x00,0x00,0x00,0x00,0x00,0x00,0x00,0x00,0x00,0x00,0x00,
    0x00,0x00,0x00,0x00,0x00,0x00,0x00,0x00,0x00,0x00,0x00,0x00,0x00,0x00,0x00,0x00,
    0x00,0x00,0x00,0x00,0x00,0x00,0x00,0x00,0x00,0x00,0x00,0x00,0x00,0x00,0x00,0x00,
    0x00,0x00,0x00,0x00,0x00,0x00,0x00,0x00,0x00,0x00,0x00,0x00,0x00,0x00,0x00,0x00,
    0x00,0x00,0x00,0x00,0x00,0x00,0x00,0x00,0x00,0x00,0x00,0x00,0x00,0x00,0x00,0x00,
    0x00,0x00,0x00,0x00,0x00,0x00,0x00,0x00,0x00,0x00,0x2E,0x9C,0xCD,0x7B,0x90,0x84,
    0x94,0x95,0x94,0x95,0x33,0x8D,0xF2,0x84,0xD1,0x84,0xD1,0x7C,0xF2,0x84,0x90,0x84,
    0xCC,0x7B,0x90,0x7C,0xD1,0x7C,0x32,0x8D,0x33,0x8D,0xF2,0x84,0x70,0x74,0xD1,0x7C,
    0xF2,0x84,0xF1,0x84,0xED,0x73,0x55,0xED,0x00,0x00,0xFF,0xFF,0x00,0x00,0x00,0x00,
    0x00,0x00,0x00,0x00,0x00,0x00,0x00,0x00,0x00,0x00,0x00,0x00,0x00,0x00,0x00,0x00,
    0x00,0x00,0x00,0x00,0x00,0x00,0x00,0x00,0x00,0x00,0x00,0x00,0x00,0x00,0x00,0x00,
    0x00,0x00,0x00,0x00,0x00,0x00,0x00,0x00,0x00,0x00,0x00,0x00,0x00,0x00,0x00,0x00,
    0x00,0x00,0x00,0x00,0x00,0x00,0x00,0x00,0x00,0x00,0x00,0x00,0x00,0x00,0x00,0x00,
    0x00,0x00,0x00,0x00,0x00,0x00,0x00,0x00,0x00,0x00,0x00,0x00,0x00,0x00,0x00,0x00,
    0x00,0x00,0x00,0x00,0x00,0x00,0x00,0x00,0x00,0x00,0x00,0x00,0x00,0x00,0x00,0x00,
    0x00,0x00,0x00,0x00,0x00,0x00,0x00,0x00,0x00,0x00,0x00,0x00,0x00,0x00,0x00,0x00,
    0x00,0x00,0x00,0x00,0x00,0x00,0x00,0x00,0xA0,0x52,0x00,0x00,0xFF,0xFF,0x67,0x62,
    0x4F,0x84,0x33,0x8D,0x32,0x8D,0x32,0x8D,0x12,0x8D,0xD1,0x84,0x2E,0x84,0x4E,0x9C,
    0xDB,0xFF,0x15,0xC6,0x12,0x95,0x32,0x95,0x12,0x8D,0xB0,0x7C,0x6F,0x74,0xF1,0x84,
    0xF2,0x84,0xD1,0x84,0xCD,0x7B,0x00,0x00,0x00,0x00,0x00,0x00,0x00,0x00,0x00,0x00,
    0x00,0x00,0x00,0x00,0x00,0x00,0x00,0x00,0x00,0x00,0x00,0x00,0x00,0x00,0x00,0x00,
    0x00,0x00,0x00,0x00,0x00,0x00,0x00,0x00,0x00,0x00,0x00,0x00,0x00,0x00,0x00,0x00,
    0x00,0x00,0x00,0x00,0x00,0x00,0x00,0x00,0x00,0x00,0x00,0x00,0x00,0x00,0x00,0x00,
    0x00,0x00,0x00,0x00,0x00,0x00,0x00,0x00,0x00,0x00,0x00,0x00,0x00,0x00,0x00,0x00,
    0x00,0x00,0x00,0x00,0x00,0x00,0x00,0x00,0x00,0x00,0x00,0x00,0x00,0x00,0x00,0x00,
    0x00,0x00,0x00,0x00,0x00,0x00,0x00,0x00,0x00,0x00,0x00,0x00,0x00,0x00,0x00,0x00,
    0x00,0x00,0x00,0x00,0x00,0x00,0x00,0x00,0x00,0x00,0x00,0x00,0x00,0x00,0x00,0x00,
    0x00,0x00,0x00,0x00,0x00,0x00,0x00,0x00,0x00,0x00,0xEF,0x7B,0x00,0x00,0x00,0x00,
    0x00,0x00,0x00,0x00,0x00,0x00,0xFF,0xFF,0x0E,0x84,0x2A,0x7B,0xF0,0xCC,0x00,0x00,
    0x00,0x00,0x00,0x00,0x00,0x00,0x00,0x00,0x56,0xCE,0x12,0x8D,0xF1,0x8C,0x12,0x95,
    0xD1,0x84,0x0E,0x74,0xAB,0x8B,0x00,0x00,0xEF,0x7B,0x00,0x00,0x00,0x00,0x00,0x00,
    0x00,0x00,0x00,0x00,0x00,0x00,0x00,0x00,0x00,0x00,0x00,0x00,0x00,0x00,0x00,0x00,
    0x00,0x00,0x00,0x00,0x00,0x00,0x00,0x00,0x00,0x00,0x00,0x00,0x00,0x00,0x00,0x00,
    0x00,0x00,0x00,0x00,0x00,0x00,0x00,0x00,0x00,0x00,0x00,0x00,0x00,0x00,0x00,0x00,
    0x00,0x00,0x00,0x00,0x00,0x00,0x00,0x00,0x00,0x00,0x00,0x00,0x00,0x00,0x00,0x00,
    0x00,0x00,0x00,0x00,0x00,0x00,0x00,0x00,0x00,0x00,0x00,0x00,0x00,0x00,0x00,0x00,
    0x00,0x00,0x00,0x00,0x00,0x00,0x00,0x00,0x00,0x00,0x00,0x00,0x00,0x00,0x00,0x00,
    0x00,0x00,0x00,0x00,0x00,0x00,0x00,0x00,0x00,0x00,0x00,0x00,0x00,0x00,0x00,0x00,
    0x00,0x00,0x00,0x00,0x00,0x00,0x00,0x00,0x00,0x00,0x00,0x00,0xE0,0xFF,0xAA,0x52,
    0xEF,0x7B,0xEF,0x7D,0xFF,0xFF,0x00,0x00,0x00,0x00,0x00,0x00,0x00,0x00,0x00,0x00,
    0xFF,0xFF,0x55,0xAD,0xAA,0x52,0x00,0x00,0x00,0x00,0x00,0x00,0x00,0x00,0xFF,0xFF,
    0xB4,0xAD,0x11,0xA5,0x00,0x00,0x00,0x00,0x00,0x00,0x00,0x00,0x00,0x00,0x00,0x00,
    0x00,0x00,0x00,0x00,0x00,0x00,0x00,0x00,0x00,0x00,0x00,0x00,0x00,0x00,0x00,0x00,
    0x00,0x00,0x00,0x00,0x00,0x00,0x00,0x00,0x00,0x00,0x00,0x00,0x00,0x00,0x00,0x00,
    0x00,0x00,0x00,0x00,0x00,0x00,0x00,0x00,0x00,0x00,0x00,0x00,0x00,0x00,0x00,0x00,
    0x00,0x00,0x00,0x00,0x00,0x00,0x00,0x00,0x00,0x00,0x00,0x00,0x00,0x00,0x00,0x00,
    0x00,0x00,0x00,0x00,0x00,0x00,0x00,0x00,0x00,0x00,0x00,0x00,0x00,0x00,0x00,0x00,
    0x00,0x00,0x00,0x00,0x00,0x00,0x00,0x00,0x00,0x00,0x00,0x00,0x00,0x00,0x00,0x00,
    0x00,0x00,0x00,0x00,0x00,0x00,0x00,0x00,0x00,0x00,0x00,0x00,0x00,0x00,0x00,0x00,
    0x00,0x00,0x00,0x00,0x00,0x00,0x00,0x00,0x00,0x00,0x00,0x00,0x00,0x00,0x00,0x00,
    0x00,0x00,0x00,0x00,0x00,0x00,0x00,0x00,0x00,0x00,0x00,0x00,0x00,0x00,0x00,0x00,
    0x00,0x00,0x00,0x00,0x00,0x00,0x00,0x00,0x00,0x00,0x00,0x00,0x00,0x00,0x00,0x00,
    0x00,0x00,0x00,0x00,0x00,0x00,0x00,0x00,0x00,0x00,0x00,0x00,0x00,0x00,0x00,0x00,
    0x00,0x00,0x00,0x00,0x00,0x00,0x00,0x00,0x00,0x00,0x00,0x00,0x00,0x00,0x00,0x00,
    0x00,0x00,0x00,0x00,0x00,0x00,0x00,0x00,0x00,0x00,0x00,0x00,0x00,0x00,0x00,0x00,
    0x00,0x00,0x00,0x00,0x00,0x00,0x00,0x00,0x00,0x00,0x00,0x00,0x00,0x00,0x00,0x00,
    0x00,0x00,0x00,0x00,0x00,0x00,0x00,0x00,0x00,0x00,0x00,0x00,0x00,0x00,0x00,0x00,
    0x00,0x00,0x00,0x00,0x00,0x00,0x00,0x00,0x00,0x00,0x00,0x00,0x00,0x00,0x00,0x00,
    0x00,0x00,0x00,0x00,0x00,0x00,0x00,0x00,0x00,0x00,0x00,0x00,0x00,0x00,0x00,0x00,
    0x00,0x00,0x00,0x00,0x00,0x00,0x00,0x00,0x00,0x00,0x00,0x00,0x00,0x00,0x00,0x00,
    0x00,0x00,0x00,0x00,0x00,0x00,0x00,0x00,0x00,0x00,0x00,0x00,0x00,0x00,0x00,0x00,
    0x00,0x00,0x00,0x00,0x00,0x00,0x00,0x00,0x00,0x00,0x00,0x00,0x00,0x00,0x00,0x00,
    0x00,0x00,0x00,0x00,0x00,0x00,0x00,0x00,0x00,0x00,0x00,0x00,0x00,0x00,0x00,0x00,
    0x00,0x00,0x00,0x00,0x00,0x00,0x00,0x00,0x00,0x00,0x00,0x00,0x00,0x00,0x00,0x00,
    0x00,0x00,0x00,0x00,0x00,0x00,0x00,0x00,0x00,0x00,0x00,0x00,0x00,0x00,0x00,0x00,
    0x00,0x00,0x00,0x00,0x00,0x00,0x00,0x00,0x00,0x00,0x00,0x00,0x00,0x00,0x00,0x00,
    0x00,0x00,0x00,0x00,0x00,0x00,0x00,0x00,0x00,0x00,0x00,0x00,0x00,0x00,0x00,0x00,
    0x00,0x00,0x00,0x00,0x00,0x00,0x00,0x00,0x00,0x00,0x00,0x00,0x00,0x00,0x00,0x00,
    0x00,0x00,0x00,0x00,0x00,0x00,0x00,0x00,0x00,0x00,0x00,0x00,0x00,0x00,0x00,0x00,
    0x00,0x00,0x00,0x00,0x00,0x00,0x00,0x00,0x00,0x00,0x00,0x00,0x00,0x00,0x00,0x00,
    0x00,0x00,0x00,0x00,0x00,0x00,0x00,0x00,0x00,0x00,0x00,0x00,0x00,0x00,0x00,0x00,
    0x00,0x00,0x00,0x00,0x00,0x00,0x00,0x00,0x00,0x00,0x00,0x00,0x00,0x00,0x00,0x00,
    0x00,0x00,0x00,0x00,0x00,0x00,0x00,0x00,0x00,0x00,0x00,0x00,0x00,0x00,0x00,0x00,
    0x00,0x00,0x00,0x00,0x00,0x00,0x00,0x00,0x00,0x00,0x00,0x00,0x00,0x00,0x00,0x00,
    0x00,0x00,0x00,0x00,0x00,0x00,0x00,0x00,0x00,0x00,0x00,0x00,0x00,0x00,0x00,0x00,
    0x00,0x00,0x00,0x00,0x00,0x00,0x00,0x00,0x00,0x00,0x00,0x00,0x00,0x00,0x00,0x00,
    0x00,0x00,0x00,0x00,0x00,0x00,0x00,0x00,0x00,0x00,0x00,0x00,0x00,0x00,0x00,0x00,
    0x00,0x00,0x00,0x00,0x00,0x00,0x00,0x00,0x00,0x00,0x00,0x00,0x00,0x00,0x00,0x00,
    0x00,0x00,0x00,0x00,0x00,0x00,0x00,0x00,0x00,0x00,0x00,0x00,0x00,0x00,0x00,0x00,
    0x00,0x00,0x00,0x00,0x00,0x00,0x00,0x00,0x00,0x00,0x00,0x00,0x00,0x00,0x00,0x00,
    0x00,0x00,0x00,0x00,0x00,0x00,0x00,0x00,0x00,0x00,0x00,0x00,0x00,0x00,0x00,0x00,
    0x00,0x00,0x00,0x00,0x00,0x00,0x00,0x00,0x00,0x00,0x00,0x00,0x00,0x00,0x00,0x00,
    0x00,0x00,0x00,0x00,0x00,0x00,0x00,0x00,0x00,0x00,0x00,0x00,0x00,0x00,0x00,0x00,
    0x00,0x00,0x00,0x00,0x00,0x00,0x00,0x00,0x00,0x00,0x00,0x00,0x00,0x00,0x00,0x00,
    0x00,0x00,0x00,0x00,0x00,0x00,0x00,0x00,0x00,0x00,0x00,0x00,0x00,0x00,0x00,0x00,
    0x00,0x00,0x00,0x00,0x00,0x00,0x00,0x00,0x00,0x00,0x00,0x00,0x00,0x00,0x00,0x00,
    0x00,0x00,0x00,0x00,0x00,0x00,0x00,0x00,0x00,0x00,0x00,0x00,0x00,0x00,0x00,0x00,
    0x00,0x00,0x00,0x00,0x00,0x00,0x00,0x00,0x00,0x00,0x00,0x00,0x00,0x00,0x00,0x00,
    0x00,0x00,0x00,0x00,0x00,0x00,0x00,0x00,0x00,0x00,0x00,0x00,0x00,0x01,0x03,0x04,
    0x01,0x00,0x00,0x00,0x00,0x00,0x00,0x00,0x00,0x00,0x00,0x00,0x00,0x00,0x00,0x00,
    0x00,0x00,0x00,0x00,0x00,0x00,0x00,0x07,0x7D,0x5E,0x5B,0x00,0x00,0x6C,0x74,0x7C,
    0xA2,0x57,0x00,0x01,0x01,0x00,0x00,0x00,0x00,0x00,0x00,0x00,0x00,0x00,0x00,0x00,
    0x00,0x00,0x00,0x00,0x00,0x00,0x00,0x00,0x00,0x00,0x00,0x00,0x00,0x00,0x00,0x00,
    0x00,0x00,0x00,0x00,0x00,0x00,0x00,0x00,0x00,0x00,0x00,0x00,0x00,0x00,0x00,0x00,
    0x00,0x00,0x00,0x00,0x00,0x00,0x00,0x00,0x00,0x00,0x00,0x00,0x00,0x00,0x00,0x00,
    0x00,0x00,0x00,0x00,0x00,0x00,0x00,0x00,0x00,0x00,0x00,0x00,0x00,0x01,0x00,0x0D,
    0xBC,0xED,0xFF,0x89,0x0B,0xCC,0xFF,0x8A,0x03,0x7E,0x7E,0x00,0x02,0x01,0x00,0x00,
    0x00,0x00,0x00,0x00,0x00,0x00,0x00,0x00,0x00,0x00,0x00,0x00,0x00,0x00,0x00,0x00,
    0x00,0x00,0x00,0x00,0x00,0x00,0x00,0x00,0x00,0x00,0x00,0x00,0x00,0x00,0x00,0x00,
    0x00,0x00,0x00,0x00,0x00,0x00,0x00,0x00,0x00,0x00,0x00,0x01,0x00,0x08,0x58,0x6F,
    0x15,0x00,0x01,0x00,0x00,0x00,0x00,0x00,0x00,0x00,0x00,0x00,0x00,0x00,0x00,0x00,
    0x00,0x00,0x00,0x00,0x00,0x00,0x01,0x00,0xB5,0xFF,0xFC,0xFF,0xC8,0xE6,0xFD,0xED,
    0x0D,0x92,0xFF,0x77,0x00,0x03,0x00,0x00,0x00,0x00,0x00,0x00,0x01,0x02,0x03,0x03,
    0x03,0x03,0x03,0x02,0x00,0x00,0x00,0x00,0x00,0x00,0x00,0x00,0x00,0x00,0x00,0x00,
    0x00,0x00,0x00,0x00,0x00,0x00,0x00,0x00,0x00,0x00,0x00,0x00,0x00,0x00,0x00,0x00,
    0x00,0x00,0x00,0x03,0x00,0x49,0xFF,0xFF,0x8F,0x00,0x03,0x00,0x00,0x00,0x00,0x00,
    0x00,0x00,0x00,0x00,0x00,0x00,0x00,0x00,0x00,0x00,0x00,0x00,0x00,0x00,0x03,0x00,
    0x89,0xFE,0xFC,0xFD,0xFF,0xFF,0xFF,0xFE,0xA0,0xEA,0xFD,0xFF,0x56,0x00,0x02,0x00,
    0x00,0x00,0x02,0x02,0x00,0x00,0x00,0x00,0x00,0x00,0x00,0x00,0x01,0x03,0x01,0x00,
    0x00,0x00,0x00,0x00,0x00,0x00,0x00,0x00,0x00,0x00,0x00,0x00,0x00,0x00,0x00,0x00,
    0x00,0x00,0x00,0x00,0x00,0x00,0x00,0x01,0x00,0x00,0x00,0x03,0x00,0x51,0xFF,0xFC,
    0xBC,0x01,0x01,0x00,0x00,0x00,0x00,0x00,0x00,0x00,0x00,0x00,0x00,0x00,0x00,0x00,
    0x00,0x00,0x00,0x00,0x00,0x00,0x02,0x00,0x40,0xFB,0xFE,0xFE,0xFD,0xFE,0xFF,0xFF,
    0xFF,0xFF,0xFD,0xFF,0xDC,0x12,0x00,0x01,0x01,0x02,0x00,0x00,0x07,0x3A,0x55,0x6B,
    0x82,0x56,0x4F,0x21,0x00,0x00,0x00,0x02,0x00,0x00,0x00,0x00,0x00,0x00,0x00,0x00,
    0x00,0x00,0x00,0x00,0x00,0x00,0x00,0x00,0x00,0x00,0x00,0x00,0x00,0x00,0x00,0x00,
    0x00,0x00,0x00,0x02,0x00,0x24,0xED,0xFF,0xD9,0x0D,0x00,0x01,0x00,0x00,0x00,0x00,
    0x00,0x00,0x00,0x00,0x00,0x00,0x00,0x00,0x00,0x00,0x00,0x00,0x00,0x00,0x01,0x01,
    0x05,0xC9,0xFF,0xFC,0xFF,0xFF,0xFF,0xFF,0xFD,0xFE,0xFF,0xFC,0xFF,0x67,0x00,0x05,
    0x00,0x00,0x2E,0x92,0xD2,0xFB,0xFF,0xFF,0xFF,0xFF,0xFF,0xEF,0xB2,0x55,0x08,0x00,
    0x01,0x00,0x00,0x00,0x00,0x00,0x00,0x00,0x00,0x00,0x00,0x00,0x00,0x00,0x00,0x00,
    0x00,0x00,0x00,0x00,0x00,0x00,0x00,0x7C,0x00,0x02,0x00,0x00,0x01,0x00,0xB5,0xFF,
    0xF1,0x28,0x00,0x02,0x00,0x00,0x00,0x00,0x00,0x00,0x00,0x00,0x00,0x00,0x00,0x00,
    0x00,0x00,0x00,0x00,0x00,0x00,0x00,0x03,0x00,0x4C,0xFD,0xFC,0xFE,0xFF,0xFF,0xFF,
    0xFF,0xFF,0xFF,0xFC,0xFE,0xB7,0x04,0x00,0x0A,0x81,0xF3,0xFF,0xFF,0xFF,0xFD,0xFD,
    0xFC,0xFD,0xFE,0xFF,0xFF,0xFF,0xCA,0x45,0x00,0x01,0x00,0x00,0x00,0x00,0x00,0x00,
    0x00,0x00,0x00,0x00,0x00,0x00,0x00,0x00,0x00,0x00,0x00,0x00,0x00,0x00,0x00,0xFF,
    0x60,0x00,0x03,0x00,0x03,0x00,0x60,0xFF,0xFE,0x3F,0x00,0x02,0x00,0x00,0x00,0x00,
    0x00,0x00,0x00,0x00,0x00,0x00,0x00,0x00,0x00,0x00,0x00,0x00,0x00,0x00,0x00,0x00,
    0x02,0x00,0x97,0xFF,0xFA,0xFE,0xFF,0xFF,0xFF,0xFF,0xFF,0xFD,0xFF,0xE5,0x0C,0x13,
    0xBF,0xFF,0xFF,0xFC,0xFD,0xFE,0xFF,0xFF,0xFF,0xFF,0xFF,0xFE,0xFC,0xFD,0xFF,0xF9,
    0x3F,0x00,0x02,0x00,0x00,0x00,0x00,0x00,0x00,0x00,0x00,0x00,0x00,0x00,0x00,0x00,
    0x00,0x00,0x00,0x00,0x00,0x00,0x00,0xFC,0xF3,0x33,0x00,0x02,0x01,0x00,0x16,0xE5,
    0xFE,0x5F,0x00,0x03,0x00,0x00,0x00,0x00,0x00,0x00,0x00,0x00,0x00,0x00,0x00,0x00,
    0x00,0x00,0x00,0x00,0x00,0x00,0x00,0x00,0x01,0x02,0x0B,0xAD,0xFF,0xFD,0xFC,0xFE,
    0xFF,0xFF,0xFF,0xFE,0xFF,0xF9,0x44,0xB8,0xFF,0xFB,0xFE,0xFF,0xFF,0xFF,0xFF,0xFF,
    0xFF,0xFF,0xFF,0xFF,0xFF,0xFF,0xF9,0xFF,0x78,0x00,0x03,0x00,0x00,0x00,0x00,0x00,
    0x00,0x00,0x00,0x00,0x00,0x00,0x00,0x00,0x00,0x00,0x00,0x00,0x00,0x00,0x00,0xFF,
    0xFF,0xCE,0x11,0x01,0x02,0x02,0x00,0x9B,0xFF,0x83,0x00,0x03,0x00,0x00,0x00,0x00,
    0x00,0x00,0x00,0x00,0x00,0x00,0x00,0x00,0x00,0x00,0x00,0x00,0x00,0x00,0x00,0x00,
    0x00,0x01,0x00,0x09,0x8E,0xFF,0xFF,0xFF,0xFD,0xFF,0xFF,0xFF,0xFF,0xFD,0xE7,0xFF,
    0xFD,0xFF,0xFF,0xFF,0xFF,0xFF,0xFF,0xFF,0xFF,0xFF,0xFF,0xFF,0xFF,0xFD,0xFE,0xF9,
    0x33,0x00,0x02,0x00,0x00,0x00,0x00,0x00,0x00,0x00,0x00,0x00,0x00,0x00,0x00,0x00,
    0x00,0x00,0x00,0x00,0x00,0x00,0x00,0xF1,0xFF,0xFF,0xA6,0x00,0x02,0x03,0x00,0x47,
    0xF6,0x79,0x00,0x02,0x00,0x00,0x00,0x00,0x00,0x00,0x00,0x00,0x00,0x00,0x00,0x00,
    0x00,0x00,0x00,0x00,0x00,0x01,0x03,0x03,0x03,0x02,0x01,0x00,0x00,0x44,0xB5,0xFE,
    0xFF,0xFF,0xFF,0xFF,0xFF,0xFF,0xFF,0xFE,0xFF,0xFF,0xFF,0xFF,0xFF,0xFF,0xFF,0xFF,
    0xFF,0xFF,0xFF,0xFF,0xFD,0xFD,0xFF,0x70,0x00,0x02,0x00,0x00,0x00,0x00,0x00,0x00,
    0x00,0x00,0x00,0x00,0x00,0x00,0x00,0x00,0x00,0x00,0x00,0x00,0x00,0x00,0x00,0x44,
    0xE0,0xFF,0xFE,0x58,0x00,0x03,0x00,0x00,0x2F,0x06,0x00,0x00,0x00,0x00,0x00,0x00,
    0x00,0x00,0x00,0x00,0x00,0x00,0x00,0x00,0x00,0x01,0x02,0x03,0x01,0x00,0x00,0x00,
    0x00,0x00,0x00,0x04,0x04,0x00,0x02,0x3A,0xAC,0xFF,0xFE,0xFF,0xFF,0xFF,0xFE,0xFF,
    0xFF,0xFF,0xFF,0xFF,0xFF,0xFF,0xFF,0xFF,0xFF,0xFF,0xFD,0xFC,0xFF,0xFF,0x74,0x00,
    0x02,0x00,0x00,0x00,0x00,0x00,0x00,0x00,0x00,0x00,0x00,0x00,0x00,0x00,0x00,0x00,
    0x00,0x00,0x00,0x00,0x00,0x00,0x00,0x00,0x22,0xC3,0xFF,0xE9,0x22,0x00,0x02,0x00,
    0x00,0x00,0x00,0x00,0x00,0x00,0x00,0x00,0x00,0x00,0x00,0x00,0x00,0x00,0x00,0x02,
    0x03,0x00,0x00,0x00,0x00,0x1A,0x3F,0x64,0x8F,0x99,0xC0,0xCC,0xCA,0xCD,0xCB,0xBC,
    0xD5,0xFF,0xFE,0xFF,0xFF,0xFF,0xFF,0xFF,0xFF,0xFF,0xFF,0xFF,0xFF,0xFD,0xFC,0xFC,
    0xFC,0xFF,0xFF,0xFF,0xE2,0x5F,0x00,0x02,0x00,0x00,0x00,0x00,0x00,0x00,0x00,0x00,
    0x00,0x00,0x00,0x00,0x00,0x00,0x00,0x00,0x00,0x00,0x00,0x00,0x00,0x00,0x00,0x03,
    0x00,0x0B,0x97,0xDF,0x2C,0x00,0x02,0x00,0x02,0x01,0x00,0x00,0x00,0x00,0x00,0x00,
    0x00,0x00,0x00,0x00,0x00,0x03,0x02,0x00,0x00,0x02,0x34,0x72,0xB6,0xE8,0xFF,0xFF,
    0xFF,0xFF,0xFF,0xFF,0xFF,0xFF,0xFF,0xFF,0xFF,0xFF,0xFF,0xFF,0xFF,0xFF,0xFF,0xFF,
    0xFF,0xFF,0xFF,0xFF,0xFF,0xFF,0xFF,0xFF,0xFF,0xFF,0xD7,0x7F,0x19,0x00,0x02,0x00,
    0x00,0x00,0x00,0x00,0x00,0x00,0x00,0x00,0x00,0x00,0x00,0x00,0x00,0x00,0x00,0x00,
    0x00,0x00,0x00,0x00,0x00,0x00,0x00,0x02,0x04,0x00,0x00,0x0F,0x00,0x00,0x00,0x00,
    0x00,0x00,0x00,0x00,0x00,0x00,0x00,0x00,0x00,0x00,0x00,0x02,0x01,0x00,0x00,0x24,
    0x79,0xC5,0xF9,0xFF,0xFF,0xFF,0xFF,0xFD,0xFC,0xFC,0xFC,0xFD,0xFD,0xFD,0xFD,0xFD,
    0xFE,0xFF,0xFF,0xFF,0xFF,0xFF,0xFF,0xFF,0xFF,0xFF,0xFF,0xFF,0xFD,0xB7,0xB2,0x9E,
    0x75,0x41,0x0C,0x00,0x00,0x03,0x00,0x00,0x00,0x00,0x00,0x00,0x00,0x00,0x00,0x00,
    0x00,0x00,0x00,0x00,0x00,0x00,0x00,0x00,0x00,0x00,0x00,0x00,0x00,0x00,0x00,0x00,
    0x00,0x01,0x01,0x00,0x01,0x00,0x00,0x00,0x00,0x00,0x00,0x00,0x00,0x00,0x00,0x00,
    0x00,0x01,0x03,0x00,0x00,0x3F,0x9E,0xEF,0xFF,0xFF,0xFF,0xFC,0xFC,0xFE,0xFE,0xFF,
    0xFF,0xFF,0xFF,0xFF,0xFF,0xFF,0xFF,0xFF,0xFF,0xFF,0xFF,0xFF,0xFF,0xFF,0xFF,0xFF,
    0xFF,0xFF,0xFF,0xFF,0xFD,0x82,0x10,0x00,0x00,0x00,0x00,0x03,0x01,0x00,0x00,0x00,
    0x00,0x00,0x00,0x00,0x00,0x00,0x00,0x00,0x00,0x00,0x00,0x00,0x00,0x00,0x00,0x00,
    0x00,0x00,0x00,0x00,0x00,0x00,0x00,0x9E,0x3D,0x00,0x01,0x01,0x00,0x00,0x00,0x00,
    0x00,0x00,0x00,0x00,0x00,0x00,0x00,0x00,0x03,0x00,0x00,0x31,0xB2,0xFF,0xFF,0xFF,
    0xFC,0xFD,0xFE,0xFF,0xFF,0xFF,0xFF,0xFF,0xFF,0xFF,0xFF,0xFF,0xFF,0xFF,0xFF,0xFF,
    0xFF,0xFF,0xFF,0xFF,0xFF,0xFF,0xFF,0xFF,0xFF,0xFF,0xFF,0xFF,0xFF,0xFF,0xE1,0x7A,
    0x18,0x00,0x00,0x02,0x00,0x00,0x00,0x00,0x00,0x00,0x00,0x00,0x00,0x00,0x00,0x00,
    0x00,0x00,0x00,0x00,0x00,0x00,0x00,0x00,0x00,0x00,0x00,0x00,0x00,0x00,0x00,0xFF,
    0xDB,0x02,0x00,0x01,0x00,0x00,0x00,0x00,0x00,0x00,0x00,0x00,0x00,0x00,0x01,0x02,
    0x00,0x12,0x83,0xF3,0xFF,0xFF,0xFC,0xFE,0xFF,0xFF,0xFF,0xFF,0xFF,0xFF,0xFF,0xFF,
    0xFF,0xFF,0xFF,0xFF,0xFF,0xFF,0xFF,0xFF,0xFF,0xFF,0xFF,0xFF,0xFF,0xFF,0xFF,0xFF,
    0xFF,0xFF,0xFF,0xFF,0xFF,0xFD,0xFF,0xFF,0xDE,0x75,0x0D,0x00,0x03,0x01,0x00,0x00,
    0x00,0x00,0x00,0x00,0x00,0x00,0x00,0x00,0x00,0x00,0x00,0x00,0x00,0x00,0x00,0x00,
    0x00,0x00,0x00,0x00,0x00,0x00,0x00,0x9B,0x67,0x00,0x01,0x00,0x00,0x00,0x00,0x00,
    0x00,0x00,0x00,0x00,0x00,0x01,0x01,0x00,0x50,0xD4,0xFF,0xFF,0xFC,0xFE,0xFF,0xFF,
    0xFF,0xFF,0xFF,0xFF,0xFF,0xFF,0xFF,0xFF,0xFF,0xFF,0xFF,0xFF,0xFF,0xFF,0xFF,0xFF,
    0xFF,0xFF,0xFF,0xFF,0xFF,0xFF,0xFF,0xFF,0xFF,0xFF,0xFF,0xFF,0xFF,0xFF,0xFD,0xFC,
    0xFF,0xFF,0xCA,0x3D,0x00,0x00,0x02,0x00,0x00,0x00,0x00,0x00,0x00,0x00,0x00,0x00,
    0x00,0x00,0x00,0x00,0x00,0x00,0x00,0x00,0x00,0x00,0x00,0x00,0x00,0x00,0x00,0x00,
    0x00,0x00,0x00,0x00,0x00,0x00,0x00,0x00,0x00,0x00,0x00,0x00,0x02,0x00,0x01,0x81,
    0xFD,0xFF,0xFC,0xFE,0xFF,0xFF,0xFF,0xFF,0xFF,0xFF,0xFF,0xFF,0xFF,0xFF,0xFF,0xFF,
    0xFF,0xFF,0xFF,0xFF,0xFF,0xFF,0xFF,0xFF,0xFF,0xFF,0xFF,0xFF,0xFF,0xFF,0xFF,0xFF,
    0xFF,0xFF,0xFF,0xFF,0xFF,0xFF,0xFF,0xFF,0xFD,0xFC,0xFF,0xF7,0x82,0x06,0x00,0x03,
    0x00,0x00,0x00,0x00,0x00,0x00,0x00,0x00,0x00,0x00,0x00,0x00,0x00,0x00,0x00,0x00,
    0x00,0x00,0x00,0x00,0x00,0x00,0x00,0x02,0x02,0x00,0x00,0x00,0x00,0x00,0x00,0x00,
    0x00,0x00,0x00,0x02,0x00,0x0C,0xA9,0xFF,0xFE,0xFD,0xFF,0xFF,0xFF,0xFF,0xFF,0xFF,
    0xFF,0xFF,0xFF,0xFF,0xFF,0xFF,0xFF,0xFF,0xFF,0xFF,0xFF,0xFF,0xFF,0xFF,0xFF,0xFF,
    0xFF,0xFF,0xFF,0xFF,0xFF,0xFF,0xFF,0xFF,0xFF,0xFF,0xFF,0xFF,0xFF,0xFF,0xFF,0xFF,
    0xFF,0xFF,0xFD,0xFF,0xFF,0xB8,0x1D,0x00,0x03,0x00,0x00,0x00,0x00,0x00,0x00,0x00,
    0x00,0x00,0x00,0x00,0x00,0x00,0x00,0x00,0x00,0x00,0x00,0x00,0x00,0x00,0x00,0x00,
    0x00,0x00,0x00,0x00,0x00,0x00,0x00,0x00,0x00,0x00,0x03,0x00,0x23,0xC3,0xFF,0xFC,
    0xFE,0xFF,0xFF,0xFF,0xFF,0xFF,0xFF,0xFF,0xFF,0xFF,0xFF,0xFF,0xFF,0xFF,0xFF,0xFF,
    0xFF,0xFF,0xFF,0xFF,0xFF,0xFF,0xFF,0xFF,0xFF,0xFF,0xFF,0xFF,0xFF,0xFF,0xFF,0xFF,
    0xFF,0xFF,0xFF,0xFF,0xFF,0xFF,0xFF,0xFF,0xFF,0xFF,0xFF,0xFE,0xFC,0xFF,0xD8,0x3A,
    0x00,0x04,0x00,0x00,0x00,0x00,0x00,0x00,0x00,0x00,0x00,0x00,0x00,0x00,0x00,0x00,
    0x00,0x00,0x00,0x00,0x00,0x00,0x00,0x00,0x00,0x00,0x00,0x00,0x00,0x00,0x00,0x00,
    0x00,0x03,0x00,0x22,0xD5,0xFF,0xFB,0xFF,0xFF,0xFF,0xFF,0xFF,0xFF,0xFF,0xFF,0xFF,
    0xFF,0xFF,0xFF,0xFF,0xFF,0xFF,0xFF,0xFF,0xFF,0xFF,0xFF,0xFF,0xFF,0xFF,0xFF,0xFF,
    0xFF,0xFF,0xFF,0xFF,0xFF,0xFF,0xFF,0xFF,0xFF,0xFF,0xFF,0xFF,0xFF,0xFF,0xFF,0xFF,
    0xFF,0xFF,0xFF,0xFF,0xFF,0xFB,0xFF,0xEA,0x3A,0x00,0x03,0x00,0x00,0x00,0x00,0x00,
    0x00,0x00,0x00,0x00,0x00,0x00,0x00,0x00,0x00,0x00,0x00,0x00,0x00,0x00,0x00,0x00,
    0x00,0x00,0x00,0x00,0x00,0x00,0x00,0x00,0x02,0x00,0x20,0xD3,0xFF,0xFB,0xFF,0xFF,
    0xFF,0xFF,0xFF,0xFF,0xFF,0xFF,0xFF,0xFF,0xFF,0xFF,0xFF,0xFF,0xFF,0xFF,0xFF,0xFF,
    0xFF,0xFF,0xFF,0xFF,0xFF,0xFF,0xFF,0xFF,0xFF,0xFF,0xFF,0xFF,0xFF,0xFF,0xFF,0xFF,
    0xFF,0xFF,0xFF,0xFF,0xFF,0xFF,0xFF,0xFF,0xFF,0xFF,0xFF,0xFF,0xFF,0xFF,0xFC,0xFF,
    0xE8,0x39,0x00,0x03,0x00,0x00,0x00,0x00,0x00,0x00,0x00,0x00,0x00,0x00,0x00,0x00,
    0x00,0x00,0x00,0x00,0x00,0x00,0x00,0x00,0x00,0x00,0x00,0x00,0x00,0x00,0x00,0x02,
    0x00,0x1E,0xD1,0xFF,0xFC,0xFF,0xFF,0xFF,0xFF,0xFF,0xFF,0xFF,0xFF,0xFF,0xFF,0xFF,
    0xFF,0xFF,0xFF,0xFF,0xFF,0xFF,0xFF,0xFF,0xFF,0xFF,0xFF,0xFF,0xFF,0xFF,0xFF,0xFF,
    0xFF,0xFF,0xFF,0xFF,0xFF,0xFF,0xFF,0xFF,0xFF,0xFF,0xFF,0xFF,0xFF,0xFF,0xFF,0xFF,
    0xFF,0xFF,0xFF,0xFF,0xFF,0xFF,0xFF,0xFD,0xFF,0xE7,0x37,0x00,0x02,0x00,0x00,0x00,
    0x00,0x00,0x00,0x00,0x00,0x00,0x00,0x00,0x00,0x00,0x00,0x00,0x00,0x00,0x00,0x00,
    0x00,0x00,0x00,0x00,0x00,0x00,0x01,0x02,0x08,0xB9,0xFF,0xFB,0xFF,0xFF,0xFF,0xFF,
    0xFF,0xFF,0xFF,0xFF,0xFF,0xFF,0xFF,0xFF,0xFF,0xFF,0xFF,0xFF,0xFF,0xFF,0xFF,0xFF,
    0xFF,0xFF,0xFF,0xFF,0xFF,0xFF,0xFF,0xFF,0xFF,0xFF,0xFF,0xFF,0xFF,0xFF,0xFF,0xFF,
    0xFF,0xFF,0xFF,0xFF,0xFF,0xFF,0xFF,0xFF,0xFF,0xFF,0xFF,0xFF,0xFF,0xFF,0xFF,0xFF,
    0xFC,0xFF,0xE0,0x1B,0x00,0x02,0x00,0x00,0x00,0x00,0x00,0x00,0x00,0x00,0x00,0x00,
    0x00,0x00,0x00,0x00,0x00,0x00,0x00,0x00,0x00,0x00,0x00,0x00,0x00,0x00,0x03,0x00,
    0x8E,0xFF,0xFB,0xFF,0xFF,0xFF,0xFF,0xFF,0xFF,0xFF,0xFF,0xFF,0xFF,0xFF,0xFF,0xFF,
    0xFF,0xFF,0xFF,0xFF,0xFF,0xFF,0xFF,0xFF,0xFF,0xFF,0xFF,0xFF,0xFF,0xFF,0xFF,0xFF,
    0xFF,0xFF,0xFF,0xFF,0xFF,0xFF,0xFF,0xFF,0xFF,0xFF,0xFF,0xFF,0xFF,0xFF,0xFF,0xFF,
    0xFF,0xFF,0xFF,0xFF,0xFF,0xFF,0xFF,0xFF,0xFF,0xFC,0xFF,0xBB,0x07,0x02,0x01,0x00,
    0x00,0x00,0x00,0x00,0x00,0x00,0x00,0x00,0x00,0x00,0x00,0x00,0x00,0x00,0x00,0x00,
    0x00,0x00,0x00,0x00,0x00,0x02,0x00,0x5F,0xFF,0xFC,0xFE,0xFF,0xFF,0xFF,0xFF,0xFF,
    0xFF,0xFF,0xFF,0xFF,0xFF,0xFF,0xFF,0xFF,0xFF,0xFF,0xFF,0xFF,0xFF,0xFF,0xFF,0xFF,
    0xFF,0xFF,0xFF,0xFF,0xFF,0xFF,0xFF,0xFF,0xFF,0xFF,0xFF,0xFF,0xFF,0xFF,0xFF,0xFF,
    0xFF,0xFF,0xFF,0xFF,0xFF,0xFF,0xFF,0xFF,0xFF,0xFF,0xFF,0xFF,0xFF,0xFF,0xFF,0xFF,
    0xFF,0xFF,0xFC,0xFF,0x85,0x00,0x03,0x00,0x00,0x00,0x00,0x00,0x00,0x00,0x00,0x00,
    0x00,0x00,0x00,0x00,0x00,0x00,0x00,0x00,0x00,0x00,0x00,0x00,0x02,0x00,0x20,0xE7,
    0xFF,0xFD,0xFF,0xFF,0xFF,0xFF,0xFF,0xFF,0xFF,0xFF,0xFF,0xFF,0xFF,0xFF,0xFF,0xFF,
    0xFF,0xFF,0xFF,0xFF,0xFF,0xFF,0xFF,0xFF,0xFF,0xFF,0xFF,0xFF,0xFF,0xFF,0xFF,0xFF,
    0xFF,0xFF,0xFF,0xFF,0xFF,0xFF,0xFF,0xFF,0xFF,0xFF,0xFF,0xFF,0xFF,0xFF,0xFF,0xFF,
    0xFF,0xFF,0xFF,0xFF,0xFF,0xFF,0xFF,0xFF,0xFF,0xFF,0xFE,0xFD,0xFB,0x4B,0x00,0x02,
    0x00,0x00,0x00,0x00,0x00,0x00,0x00,0x00,0x00,0x00,0x00,0x00,0x00,0x00,0x00,0x00,
    0x00,0x00,0x00,0x01,0x02,0x02,0xAB,0xFF,0xFC,0xFF,0xFF,0xFF,0xFF,0xFF,0xFF,0xFF,
    0xFF,0xFF,0xFF,0xFF,0xFF,0xFF,0xFF,0xFF,0xFF,0xFF,0xFF,0xFF,0xFF,0xFF,0xFF,0xFF,
    0xFF,0xFF,0xFF,0xFF,0xFF,0xFF,0xFF,0xFF,0xFF,0xFF,0xFF,0xFF,0xFF,0xFF,0xFF,0xFF,
    0xFF,0xFF,0xFF,0xFF,0xFF,0xFF,0xFF,0xFF,0xFF,0xFF,0xFF,0xFF,0xFF,0xFF,0xFF,0xFF,
    0xFF,0xFF,0xFF,0xFD,0xFF,0xD5,0x0D,0x01,0x01,0x00,0x00,0x00,0x00,0x00,0x00,0x00,
    0x00,0x00,0x00,0x00,0x00,0x00,0x00,0x00,0x00,0x00,0x00,0x03,0x00,0x56,0xFF,0xFC,
    0xFF,0xFF,0xFF,0xFF,0xFF,0xFF,0xFF,0xFF,0xFF,0xFF,0xFF,0xFF,0xFF,0xFF,0xFF,0xFF,
    0xFF,0xFF,0xFF,0xFF,0xFF,0xFF,0xFF,0xFF,0xFF,0xFF,0xFF,0xFF,0xFF,0xFF,0xFF,0xFF,
    0xFF,0xFF,0xFF,0xFF,0xFF,0xFF,0xFF,0xFF,0xFF,0xFF,0xFF,0xFF,0xFF,0xFF,0xFF,0xFF,
    0xFF,0xFF,0xFF,0xFF,0xFF,0xFF,0xFF,0xFF,0xFF,0xFF,0xFF,0xFF,0xFC,0xFF,0x7C,0x00,
    0x02,0x00,0x00,0x00,0x00,0x00,0x00,0x00,0x00,0x00,0x00,0x00,0x00,0x00,0x00,0x00,
    0x00,0x00,0x01,0x01,0x07,0xCA,0xFF,0xFD,0xFF,0xFF,0xFF,0xFF,0xFF,0xFF,0xFF,0xFF,
    0xFF,0xFF,0xFF,0xFF,0xFF,0xFF,0xFF,0xFF,0xFF,0xFF,0xFF,0xFF,0xFF,0xFF,0xFF,0xFF,
    0xFF,0xFF,0xFF,0xFF,0xFF,0xFF,0xFF,0xFF,0xFF,0xFF,0xFF,0xFF,0xFF,0xFF,0xFF,0xFF,
    0xFF,0xFF,0xFF,0xFF,0xFF,0xFF,0xFF,0xFF,0xFF,0xFF,0xFF,0xFF,0xFF,0xFF,0xFF,0xFF,
    0xFF,0xFF,0xFF,0xFF,0xFE,0xFE,0xEE,0x27,0x00,0x00,0x00,0x00,0x00,0x00,0x00,0x00,
    0x00,0x00,0x00,0x00,0x00,0x00,0x00,0x00,0x00,0x00,0x03,0x00,0x6B,0xFF,0xFD,0xFF,
    0xFF,0xFF,0xFF,0xFF,0xFF,0xFF,0xFF,0xFF,0xFF,0xFF,0xFF,0xFF,0xFF,0xFF,0xFF,0xFF,
    0xFF,0xFF,0xFF,0xFF,0xFF,0xFF,0xFF,0xFF,0xFF,0xFF,0xFF,0xFF,0xFF,0xFF,0xFF,0xFF,
    0xFF,0xFF,0xFF,0xFF,0xFF,0xFF,0xFF,0xFF,0xFF,0xFF,0xFF,0xFF,0xFF,0xFF,0xFF,0xFF,
    0xFF,0xFF,0xFF,0xFF,0xFF,0xFF,0xFF,0xFF,0xFF,0xFF,0xFF,0xFF,0xFF,0xFC,0xFF,0x95,
    0x00,0x00,0x00,0x00,0x00,0x00,0x00,0x00,0x00,0x00,0x00,0x00,0x00,0x00,0x00,0x00,
    0x00,0x01,0x01,0x11,0xDD,0xFF,0xFD,0xFF,0xFF,0xFF,0xFF,0xFF,0xFF,0xFF,0xFF,0xFF,
    0xFF,0xFF,0xFF,0xFF,0xFF,0xFF,0xFF,0xFF,0xFF,0xFF,0xFF,0xFF,0xFF,0xFF,0xFF,0xFF,
    0xFF,0xFF,0xFF,0xFF,0xFF,0xFF,0xFF,0xFF,0xFF,0xFF,0xFF,0xFF,0xFF,0xFF,0xFF,0xFF,
    0xFF,0xFF,0xFF,0xFF,0xFF,0xFF,0xFF,0xFF,0xFF,0xFF,0xFF,0xFF,0xFF,0xFF,0xFF,0xFF,
    0xFF,0xFF,0xFF,0xFF,0xFF,0xFE,0xFE,0xE7,0x14,0x00,0x00,0x00,0x00,0x00,0x00,0x00,
    0x00,0x00,0x00,0x00,0x00,0x00,0x00,0x00,0x00,0x03,0x00,0x6B,0xFF,0xFD,0xFF,0xFF,
    0xFF,0xFF,0xFF,0xFF,0xFF,0xFF,0xFF,0xFF,0xFF,0xFF,0xFF,0xFF,0xFF,0xFF,0xFF,0xFF,
    0xFF,0xFF,0xFF,0xFF,0xFF,0xFF,0xFF,0xFF,0xFF,0xFF,0xFF,0xFF,0xFF,0xFF,0xFF,0xFF,
    0xFF,0xFF,0xFF,0xFF,0xFF,0xFF,0xFF,0xFF,0xFF,0xFF,0xFF,0xFF,0xFF,0xFF,0xFF,0xFF,
    0xFF,0xFF,0xFF,0xFF,0xFF,0xFF,0xFF,0xFF,0xFF,0xFF,0xFF,0xFF,0xFF,0xFE,0xFF,0xF5,
    0x1D,0x00,0x00,0x00,0x00,0x00,0x00,0x00,0x00,0x00,0x00,0x00,0x00,0x00,0x00,0x00,
    0x01,0x01,0x07,0xC7,0xFE,0xFC,0xFF,0xFF,0xFF,0xFF,0xFF,0xFF,0xFF,0xFF,0xFF,0xFF,
    0xFF,0xFF,0xFF,0xFF,0xFF,0xFF,0xFF,0xFF,0xFF,0xFF,0xFF,0xFF,0xFF,0xFF,0xFF,0xFF,
    0xFF,0xFF,0xFF,0xFF,0xFF,0xFF,0xFF,0xFF,0xFF,0xFF,0xFF,0xFF,0xFF,0xFF,0xFF,0xFF,
    0xFF,0xFF,0xFF,0xFF,0xFF,0xFF,0xFF,0xFF,0xFF,0xFF,0xFF,0xFF,0xFF,0xFF,0xFF,0xFF,
    0xFF,0xFF,0xFF,0xFF,0xFF,0xFF,0xFE,0xFB,0x42,0x00,0x00,0x00,0x00,0x00,0x00,0x00,
    0x00,0x00,0x00,0x00,0x00,0x00,0x00,0x00,0x03,0x00,0x47,0xFE,0xFE,0xFF,0xFF,0xFF,
    0xFF,0xFF,0xFF,0xFF,0xFF,0xFF,0xFF,0xFF,0xFF,0xFF,0xFF,0xFF,0xFF,0xFF,0xFF,0xFF,
    0xFF,0xFF,0xFF,0xFF,0xFF,0xFF,0xFF,0xFF,0xFF,0xFF,0xFF,0xFF,0xFF,0xFF,0xFF,0xFF,
    0xFF,0xFF,0xFF,0xFF,0xFF,0xFF,0xFF,0xFF,0xFF,0xFF,0xFF,0xFF,0xFF,0xFF,0xFF,0xFF,
    0xFF,0xFF,0xFF,0xFF,0xFF,0xFF,0xFF,0xFF,0xFF,0xFF,0xFF,0xFF,0xFF,0xFF,0xFD,0xFF,
    0x57,0x00,0x00,0x00,0x00,0x00,0x00,0x00,0x00,0x00,0x00,0x00,0x00,0x00,0x00,0x00,
    0x02,0x00,0x96,0xFF,0xFC,0xFF,0xFF,0xFF,0xFF,0xFF,0xFF,0xFF,0xFF,0xFF,0xFF,0xFF,
    0xFF,0xFF,0xFF,0xFF,0xFF,0xFF,0xFF,0xFF,0xFF,0xFF,0xFF,0xFF,0xFF,0xFF,0xFF,0xFF,
    0xFF,0xFF,0xFF,0xFF,0xFF,0xFF,0xFF,0xFF,0xFF,0xFF,0xFF,0xFF,0xFF,0xFF,0xFF,0xFF,
    0xFF,0xFF,0xFF,0xFF,0xFF,0xFF,0xFF,0xFF,0xFF,0xFF,0xFF,0xFF,0xFF,0xFF,0xFF,0xFF,
    0xFF,0xFF,0xFF,0xFF,0xFF,0xFF,0xFD,0xFF,0x53,0x00,0x00,0x00,0x00,0x00,0x00,0x00,
    0x00,0x00,0x00,0x00,0x00,0x00,0x00,0x01,0x00,0x0C,0xD8,0xFF,0xFD,0xFF,0xFF,0xFF,
    0xFF,0xFF,0xFF,0xFF,0xFF,0xFF,0xFF,0xFF,0xFF,0xFF,0xFF,0xFF,0xFF,0xFF,0xFF,0xFF,
    0xFF,0xFF,0xFF,0xFF,0xFF,0xFF,0xFF,0xFF,0xFF,0xFF,0xFF,0xFF,0xFF,0xFF,0xFF,0xFF,
    0xFF,0xFF,0xFF,0xFF,0xFF,0xFF,0xFF,0xFF,0xFF,0xFF,0xFF,0xFF,0xFF,0xFF,0xFF,0xFF,
    0xFF,0xFF,0xFF,0xFF,0xFF,0xFF,0xFF,0xFF,0xFF,0xFF,0xFF,0xFF,0xFF,0xFF,0xFD,0xFF,
    0x54,0x00,0x00,0x00,0x00,0x00,0x00,0x00,0x00,0x00,0x00,0x00,0x00,0x00,0x00,0x02,
    0x00,0x34,0xFA,0xFF,0xFE,0xFF,0xFF,0xFF,0xFF,0xFF,0xFF,0xFF,0xFF,0xFF,0xFF,0xFF,
    0xFF,0xFF,0xFF,0xFF,0xFF,0xFF,0xFF,0xFF,0xFF,0xFF,0xFF,0xFF,0xFF,0xFF,0xFF,0xFF,
    0xFF,0xFF,0xFF,0xFF,0xFF,0xFF,0xFF,0xFF,0xFF,0xFF,0xFF,0xFF,0xFF,0xFF,0xFF,0xFF,
    0xFF,0xFF,0xFF,0xFF,0xFF,0xFF,0xFF,0xFF,0xFF,0xFF,0xFF,0xFF,0xFF,0xFF,0xFF,0xFF,
    0xFF,0xFF,0xFF,0xFF,0xFF,0xFF,0xFD,0xFF,0x54,0x00,0x00,0x00,0x00,0x00,0x00,0x00,
    0x00,0x00,0x00,0x00,0x00,0x00,0x00,0x04,0x00,0x67,0xFF,0xFD,0xFF,0xFF,0xFF,0xFF,
    0xFF,0xFF,0xFF,0xFF,0xFF,0xFF,0xFF,0xFF,0xFF,0xFF,0xFF,0xFF,0xFF,0xFF,0xFF,0xFF,
    0xFF,0xFF,0xFF,0xFF,0xFF,0xFF,0xFF,0xFF,0xFF,0xFF,0xFF,0xFF,0xFF,0xFF,0xFF,0xFF,
    0xFF,0xFF,0xFF,0xFF,0xFF,0xFF,0xFF,0xFF,0xFF,0xFF,0xFF,0xFF,0xFF,0xFF,0xFF,0xFF,
    0xFF,0xFF,0xFF,0xFF,0xFF,0xFF,0xFF,0xFF,0xFF,0xFF,0xFF,0xFF,0xFF,0xFF,0xFD,0xFF,
    0x54,0x00,0x00,0x00,0x00,0x00,0x00,0x00,0x00,0x00,0x00,0x00,0x00,0x00,0x00,0x03,
    0x00,0x98,0xFF,0xFC,0xFF,0xFF,0xFF,0xFF,0xFF,0xFF,0xFF,0xFF,0xFF,0xFF,0xFF,0xFF,
    0xFF,0xFF,0xFF,0xFF,0xFF,0xFF,0xFF,0xFF,0xFF,0xFF,0xFF,0xFF,0xFF,0xFF,0xFF,0xFF,
    0xFF,0xFF,0xFF,0xFF,0xFF,0xFF,0xFF,0xFF,0xFF,0xFF,0xFF,0xFF,0xFF,0xFF,0xFF,0xFF,
    0xFF,0xFF,0xFF,0xFF,0xFF,0xFF,0xFF,0xFF,0xFF,0xFF,0xFF,0xFF,0xFF,0xFF,0xFF,0xFF,
    0xFF,0xFF,0xFF,0xFF,0xFF,0xFF,0xFD,0xFF,0x54,0x00,0x00,0x00,0x00,0x00,0x00,0x00,
    0x00,0x00,0x00,0x00,0x00,0x00,0x00,0x02,0x00,0xAD,0xFF,0xFC,0xFF,0xFF,0xFF,0xFF,
    0xFF,0xFF,0xFF,0xFF,0xFF,0xFF,0xFF,0xFF,0xFF,0xFF,0xFF,0xFF,0xFF,0xFF,0xFF,0xFF,
    0xFF,0xFF,0xFF,0xFF,0xFF,0xFF,0xFF,0xFF,0xFF,0xFF,0xFF,0xFF,0xFF,0xFF,0xFF,0xFF,
    0xFF,0xFF,0xFF,0xFF,0xFF,0xFF,0xFF,0xFF,0xFF,0xFF,0xFF,0xFF,0xFF,0xFF,0xFF,0xFF,
    0xFF,0xFF,0xFF,0xFF,0xFF,0xFF,0xFF,0xFF,0xFF,0xFF,0xFF,0xFF,0xFF,0xFF,0xFD,0xFF,
    0x54,0x00,0x00,0x00,0x00,0x00,0x00,0x00,0x00,0x00,0x00,0x00,0x00,0x00,0x00,0x00,
    0x07,0xCC,0xFF,0xFD,0xFF,0xFF,0xFF,0xFF,0xFF,0xFF,0xFF,0xFF,0xFF,0xFF,0xFF,0xFF,
    0xFF,0xFF,0xFF,0xFF,0xFF,0xFF,0xFF,0xFF,0xFF,0xFF,0xFF,0xFF,0xFF,0xFF,0xFF,0xFF,
    0xFF,0xFF,0xFF,0xFF,0xFF,0xFF,0xFF,0xFF,0xFF,0xFF,0xFF,0xFF,0xFF,0xFF,0xFF,0xFF,
    0xFF,0xFF,0xFF,0xFF,0xFF,0xFF,0xFF,0xFF,0xFF,0xFF,0xFF,0xFF,0xFF,0xFF,0xFF,0xFF,
    0xFF,0xFF,0xFF,0xFF,0xFF,0xFF,0xFD,0xFF,0x55,0x00,0x00,0x00,0x00,0x00,0x00,0x00,
    0x00,0x00,0x00,0x00,0x00,0x00,0x00,0x00,0x0D,0xDE,0xFF,0xFD,0xFF,0xFF,0xFF,0xFF,
    0xFF,0xFF,0xFF,0xFF,0xFF,0xFF,0xFF,0xFF,0xFF,0xFF,0xFF,0xFF,0xFF,0xFF,0xFF,0xFF,
    0xFF,0xFF,0xFF,0xFF,0xFF,0xFF,0xFF,0xFF,0xFF,0xFF,0xFF,0xFF,0xFF,0xFF,0xFF,0xFF,
    0xFF,0xFF,0xFF,0xFF,0xFF,0xFF,0xFF,0xFF,0xFF,0xFF,0xFF,0xFF,0xFF,0xFF,0xFF,0xFF,
    0xFF,0xFF,0xFF,0xFF,0xFF,0xFF,0xFF,0xFF,0xFF,0xFF,0xFF,0xFF,0xFF,0xFF,0xFD,0xFF,
    0x50,0x00,0x00,0x00,0x00,0x00,0x00,0x00,0x00,0x00,0x00,0x00,0x00,0x00,0x00,0x02,
    0x00,0xB2,0xFF,0xFC,0xFF,0xFF,0xFF,0xFF,0xFF,0xFF,0xFF,0xFF,0xFF,0xFF,0xFF,0xFF,
    0xFF,0xFF,0xFF,0xFF,0xFF,0xFF,0xFF,0xFF,0xFF,0xFF,0xFF,0xFF,0xFF,0xFF,0xFF,0xFF,
    0xFF,0xFF,0xFF,0xFF,0xFF,0xFF,0xFF,0xFF,0xFF,0xFF,0xFF,0xFF,0xFF,0xFF,0xFF,0xFF,
    0xFF,0xFF,0xFF,0xFF,0xFF,0xFF,0xFF,0xFF,0xFF,0xFF,0xFF,0xFF,0xFF,0xFF,0xFF,0xFF,
    0xFF,0xFF,0xFF,0xFF,0xFF,0xFF,0xFC,0xFF,0x7A,0x00,0x00,0x00,0x00,0x00,0x00,0x00,
    0x00,0x00,0x00,0x00,0x00,0x00,0x00,0x02,0x0F,0xD2,0xFF,0xFD,0xFF,0xFF,0xFF,0xFF,
    0xFF,0xFF,0xFF,0xFF,0xFF,0xFF,0xFF,0xFF,0xFF,0xFF,0xFF,0xFF,0xFF,0xFF,0xFF,0xFF,
    0xFF,0xFF,0xFF,0xFF,0xFF,0xFF,0xFF,0xFF,0xFF,0xFF,0xFF,0xFF,0xFF,0xFF,0xFF,0xFF,
    0xFF,0xFF,0xFF,0xFF,0xFF,0xFF,0xFF,0xFF,0xFF,0xFF,0xFF,0xFF,0xFF,0xFF,0xFF,0xFF,
    0xFF,0xFF,0xFF,0xFF,0xFF,0xFF,0xFF,0xFF,0xFF,0xFF,0xFF,0xFF,0xFF,0xFF,0xFC,0xFF,
    0x97,0x00,0x00,0x00,0x00,0x00,0x00,0x00,0x00,0x00,0x00,0x00,0x00,0x00,0x00,0x00,
    0x7B,0xFF,0xFC,0xFF,0xFF,0xFF,0xFF,0xFF,0xFF,0xFF,0xFF,0xFF,0xFF,0xFF,0xFF,0xFF,
    0xFF,0xFF,0xFF,0xFF,0xFF,0xFF,0xFF,0xFF,0xFF,0xFF,0xFF,0xFF,0xFF,0xFF,0xFF,0xFF,
    0xFF,0xFF,0xFF,0xFF,0xFF,0xFF,0xFF,0xFF,0xFF,0xFF,0xFF,0xFF,0xFF,0xFF,0xFF,0xFF,
    0xFF,0xFF,0xFF,0xFF,0xFF,0xFF,0xFF,0xFF,0xFF,0xFF,0xFF,0xFF,0xFF,0xFF,0xFF,0xFF,
    0xFF,0xFF,0xFF,0xFF,0xFF,0xFF,0xFC,0xFF,0x92,0x00,0x00,0x00,0x00,0x00,0x00,0x00,
    0x00,0x00,0x00,0x00,0x00,0x00,0x00,0x25,0xE5,0xFE,0xFD,0xFF,0xFF,0xFF,0xFF,0xFF,
    0xFF,0xFF,0xFF,0xFF,0xFF,0xFF,0xFF,0xFF,0xFF,0xFF,0xFF,0xFF,0xFF,0xFF,0xFF,0xFF,
    0xFF,0xFF,0xFF,0xFF,0xFF,0xFF,0xFF,0xFF,0xFF,0xFF,0xFF,0xFF,0xFF,0xFF,0xFF,0xFF,
    0xFF,0xFF,0xFF,0xFF,0xFF,0xFF,0xFF,0xFF,0xFF,0xFF,0xFF,0xFF,0xFF,0xFF,0xFF,0xFF,
    0xFF,0xFF,0xFF,0xFF,0xFF,0xFF,0xFF,0xFF,0xFF,0xFF,0xFF,0xFF,0xFF,0xFF,0xFC,0xFF,
    0x93,0x00,0x00,0x00,0x00,0x00,0x00,0x00,0x00,0x00,0x00,0x00,0x00,0x00,0x00,0x9C,
    0xFF,0xFD,0xFF,0xFF,0xFF,0xFF,0xFF,0xFF,0xFF,0xFF,0xFF,0xFF,0xFF,0xFF,0xFF,0xFF,
    0xFF,0xFF,0xFF,0xFF,0xFF,0xFF,0xFF,0xFF,0xFF,0xFF,0xFF,0xFF,0xFF,0xFF,0xFF,0xFF,
    0xFF,0xFF,0xFF,0xFF,0xFF,0xFF,0xFF,0xFF,0xFF,0xFF,0xFF,0xFF,0xFF,0xFF,0xFF,0xFF,
    0xFF,0xFF,0xFF,0xFF,0xFF,0xFF,0xFF,0xFF,0xFF,0xFF,0xFF,0xFF,0xFF,0xFF,0xFF,0xFF,
    0xFF,0xFF,0xFF,0xFF,0xFF,0xFF,0xFC,0xFF,0x93,0x00,0x00,0x00,0x00,0x00,0x00,0x00,
    0x00,0x00,0x00,0x00,0x00,0x00,0x00,0xCF,0xFE,0xFD,0xFF,0xFF,0xFF,0xFF,0xFF,0xFF,
    0xFF,0xFF,0xFF,0xFF,0xFF,0xFF,0xFF,0xFF,0xFF,0xFF,0xFF,0xFF,0xFF,0xFF,0xFF,0xFF,
    0xFF,0xFF,0xFF,0xFF,0xFF,0xFF,0xFF,0xFF,0xFF,0xFF,0xFF,0xFF,0xFF,0xFF,0xFF,0xFF,
    0xFF,0xFF,0xFF,0xFF,0xFF,0xFF,0xFF,0xFF,0xFF,0xFF,0xFF,0xFF,0xFF,0xFF,0xFF,0xFF,
    0xFF,0xFF,0xFF,0xFF,0xFF,0xFF,0xFF,0xFF,0xFF,0xFF,0xFF,0xFF,0xFF,0xFF,0xFC,0xFF,
    0x93,0x00,0x00,0x00,0x00,0x00,0x00,0x00,0x00,0x00,0x00,0x00,0x00,0x00,0x00,0xCF,
    0xFF,0xFD,0xFF,0xFF,0xFF,0xFF,0xFF,0xFF,0xFF,0xFF,0xFF,0xFF,0xFF,0xFF,0xFF,0xFF,
    0xFF,0xFF,0xFF,0xFF,0xFF,0xFF,0xFF,0xFF,0xFF,0xFF,0xFF,0xFF,0xFF,0xFF,0xFF,0xFF,
    0xFF,0xFF,0xFF,0xFF,0xFF,0xFF,0xFF,0xFF,0xFF,0xFF,0xFF,0xFF,0xFF,0xFF,0xFF,0xFF,
    0xFF,0xFF,0xFF,0xFF,0xFF,0xFF,0xFF,0xFF,0xFF,0xFF,0xFF,0xFF,0xFF,0xFF,0xFF,0xFF,
    0xFF,0xFF,0xFF,0xFF,0xFF,0xFF,0xFC,0xFF,0x93,0x00,0x00,0x00,0x00,0x00,0x00,0x00,
    0x00,0x00,0x00,0x00,0x00,0x00,0x00,0xCE,0xFF,0xFD,0xFF,0xFF,0xFF,0xFF,0xFF,0xFF,
    0xFF,0xFF,0xFF,0xFF,0xFF,0xFF,0xFF,0xFF,0xFF,0xFF,0xFF,0xFF,0xFF,0xFF,0xFF,0xFF,
    0xFF,0xFF,0xFF,0xFF,0xFF,0xFF,0xFF,0xFF,0xFF,0xFF,0xFF,0xFF,0xFF,0xFF,0xFF,0xFF,
    0xFF,0xFF,0xFF,0xFF,0xFF,0xFF,0xFF,0xFF,0xFF,0xFF,0xFF,0xFF,0xFF,0xFF,0xFF,0xFF,
    0xFF,0xFF,0xFF,0xFF,0xFF,0xFF,0xFF,0xFF,0xFF,0xFF,0xFF,0xFF,0xFF,0xFF,0xFC,0xFF,
    0x93,0x00,0x00,0x00,0x00,0x00,0x00,0x00,0x00,0x00,0x00,0x00,0x00,0x00,0x00,0xD1,
    0xFF,0xFD,0xFF,0xFF,0xFF,0xFF,0xFF,0xFF,0xFF,0xFF,0xFF,0xFF,0xFF,0xFF,0xFF,0xFF,
    0xFF,0xFF,0xFF,0xFF,0xFF,0xFF,0xFF,0xFF,0xFF,0xFF,0xFF,0xFF,0xFF,0xFF,0xFF,0xFF,
    0xFF,0xFF,0xFF,0xFF,0xFF,0xFF,0xFF,0xFF,0xFF,0xFF,0xFF,0xFF,0xFF,0xFF,0xFF,0xFF,
    0xFF,0xFF,0xFF,0xFF,0xFF,0xFF,0xFF,0xFF,0xFF,0xFF,0xFF,0xFF,0xFF,0xFF,0xFF,0xFF,
    0xFF,0xFF,0xFF,0xFF,0xFF,0xFF,0xFC,0xFF,0x94,0x00,0x00,0x00,0x00,0x00,0x00,0x00,
    0x00,0x00,0x00,0x00,0x00,0x00,0x00,0xC4,0xFC,0xFE,0xFF,0xFF,0xFF,0xFF,0xFF,0xFF,
    0xFF,0xFF,0xFF,0xFF,0xFF,0xFF,0xFF,0xFF,0xFF,0xFF,0xFF,0xFF,0xFF,0xFF,0xFF,0xFF,
    0xFF,0xFF,0xFF,0xFF,0xFF,0xFF,0xFF,0xFF,0xFF,0xFF,0xFF,0xFF,0xFF,0xFF,0xFF,0xFF,
    0xFF,0xFF,0xFF,0xFF,0xFF,0xFF,0xFF,0xFF,0xFF,0xFF,0xFF,0xFF,0xFF,0xFF,0xFF,0xFF,
    0xFF,0xFF,0xFF,0xFF,0xFF,0xFF,0xFF,0xFF,0xFF,0xFF,0xFF,0xFF,0xFF,0xFF,0xFC,0xFF,
    0x8F,0x00,0x00,0x00,0x00,0x00,0x00,0x00,0x00,0x00,0x00,0x00,0x00,0x00,0x00,0x33,
    0xCC,0xFF,0xFD,0xFF,0xFF,0xFF,0xFF,0xFF,0xFF,0xFF,0xFF,0xFF,0xFF,0xFF,0xFF,0xFF,
    0xFF,0xFF,0xFF,0xFF,0xFF,0xFF,0xFF,0xFF,0xFF,0xFF,0xFF,0xFF,0xFF,0xFF,0xFF,0xFF,
    0xFF,0xFF,0xFF,0xFF,0xFF,0xFF,0xFF,0xFF,0xFF,0xFF,0xFF,0xFF,0xFF,0xFF,0xFF,0xFF,
    0xFF,0xFF,0xFF,0xFF,0xFF,0xFF,0xFF,0xFF,0xFF,0xFF,0xFF,0xFF,0xFF,0xFF,0xFF,0xFF,
    0xFF,0xFF,0xFF,0xFF,0xFF,0xFF,0xFD,0xFF,0xB4,0x00,0x00,0x00,0x00,0x00,0x00,0x00,
    0x00,0x00,0x00,0x00,0x00,0x00,0x00,0x14,0xDE,0xFF,0xFE,0xFF,0xFF,0xFF,0xFF,0xFF,
    0xFF,0xFF,0xFF,0xFF,0xFF,0xFF,0xFF,0xFF,0xFF,0xFF,0xFF,0xFF,0xFF,0xFF,0xFF,0xFF,
    0xFF,0xFF,0xFF,0xFF,0xFF,0xFF,0xFF,0xFF,0xFF,0xFF,0xFF,0xFF,0xFF,0xFF,0xFF,0xFF,
    0xFF,0xFF,0xFF,0xFF,0xFF,0xFF,0xFF,0xFF,0xFF,0xFF,0xFF,0xFF,0xFF,0xFF,0xFF,0xFF,
    0xFF,0xFF,0xFF,0xFF,0xFF,0xFF,0xFF,0xFF,0xFF,0xFF,0xFF,0xFF,0xFF,0xFF,0xFD,0xFF,
    0xD3,0x00,0x00,0x00,0x00,0x00,0x00,0x00,0x00,0x00,0x00,0x00,0x00,0x00,0x00,0x29,
    0xF0,0xFF,0xFE,0xFF,0xFF,0xFF,0xFF,0xFF,0xFF,0xFF,0xFF,0xFF,0xFF,0xFF,0xFF,0xFF,
    0xFF,0xFF,0xFF,0xFF,0xFF,0xFF,0xFF,0xFF,0xFF,0xFF,0xFF,0xFF,0xFF,0xFF,0xFF,0xFF,
    0xFF,0xFF,0xFF,0xFF,0xFF,0xFF,0xFF,0xFF,0xFF,0xFF,0xFF,0xFF,0xFF,0xFF,0xFF,0xFF,
    0xFF,0xFF,0xFF,0xFF,0xFF,0xFF,0xFF,0xFF,0xFF,0xFF,0xFF,0xFF,0xFF,0xFF,0xFF,0xFF,
    0xFF,0xFF,0xFF,0xFF,0xFF,0xFF,0xFD,0xFF,0xCE,0x00,0x00,0x00,0x00,0x00,0x00,0x00,
    0x00,0x00,0x00,0x00,0x00,0x00,0x00,0x25,0xED,0xFF,0xFE,0xFF,0xFF,0xFF,0xFF,0xFF,
    0xFF,0xFF,0xFF,0xFF,0xFF,0xFF,0xFF,0xFF,0xFF,0xFF,0xFF,0xFF,0xFF,0xFF,0xFF,0xFF,
    0xFF,0xFF,0xFF,0xFF,0xFF,0xFF,0xFF,0xFF,0xFF,0xFF,0xFF,0xFF,0xFF,0xFF,0xFF,0xFF,
    0xFF,0xFF,0xFF,0xFF,0xFF,0xFF,0xFF,0xFF,0xFF,0xFF,0xFF,0xFF,0xFF,0xFF,0xFF,0xFF,
    0xFF,0xFF,0xFF,0xFF,0xFF,0xFF,0xFF,0xFF,0xFF,0xFF,0xFF,0xFF,0xFF,0xFF,0xFD,0xFF,
    0xCF,0x00,0x00,0x00,0x00,0x00,0x00,0x00,0x00,0x00,0x00,0x00,0x00,0x00,0x00,0x28,
    0xEF,0xFF,0xFE,0xFF,0xFF,0xFF,0xFF,0xFF,0xFF,0xFF,0xFF,0xFF,0xFF,0xFF,0xFF,0xFF,
    0xFF,0xFF,0xFF,0xFF,0xFF,0xFF,0xFF,0xFF,0xFF,0xFF,0xFF,0xFF,0xFF,0xFF,0xFF,0xFF,
    0xFF,0xFF,0xFF,0xFF,0xFF,0xFF,0xFF,0xFF,0xFF,0xFF,0xFF,0xFF,0xFF,0xFF,0xFF,0xFF,
    0xFF,0xFF,0xFF,0xFF,0xFF,0xFF,0xFF,0xFF,0xFF,0xFF,0xFF,0xFF,0xFF,0xFF,0xFF,0xFF,
    0xFF,0xFF,0xFF,0xFF,0xFF,0xFF,0xFD,0xFF,0xCF,0x00,0x00,0x00,0x00,0x00,0x00,0x00,
    0x00,0x00,0x00,0x00,0x00,0x00,0x00,0x11,0xD9,0xFF,0xFD,0xFF,0xFF,0xFF,0xFF,0xFF,
    0xFF,0xFF,0xFF,0xFF,0xFF,0xFF,0xFF,0xFF,0xFF,0xFF,0xFF,0xFF,0xFF,0xFF,0xFF,0xFF,
    0xFF,0xFF,0xFF,0xFF,0xFF,0xFF,0xFF,0xFF,0xFF,0xFF,0xFF,0xFF,0xFF,0xFF,0xFF,0xFF,
    0xFF,0xFF,0xFF,0xFF,0xFF,0xFF,0xFF,0xFF,0xFF,0xFF,0xFF,0xFF,0xFF,0xFF,0xFF,0xFF,
    0xFF,0xFF,0xFF,0xFF,0xFF,0xFF,0xFF,0xFF,0xFF,0xFF,0xFF,0xFF,0xFF,0xFF,0xFD,0xFF,
    0xCF,0x00,0x00,0x00,0x00,0x00,0x00,0x00,0x00,0x00,0x00,0x00,0x00,0x00,0x00,0x00,
    0xB2,0xFF,0xFC,0xFF,0xFF,0xFF,0xFF,0xFF,0xFF,0xFF,0xFF,0xFF,0xFF,0xFF,0xFF,0xFF,
    0xFF,0xFF,0xFF,0xFF,0xFF,0xFF,0xFF,0xFF,0xFF,0xFF,0xFF,0xFF,0xFF,0xFF,0xFF,0xFF,
    0xFF,0xFF,0xFF,0xFF,0xFF,0xFF,0xFF,0xFF,0xFF,0xFF,0xFF,0xFF,0xFF,0xFF,0xFF,0xFF,
    0xFF,0xFF,0xFF,0xFF,0xFF,0xFF,0xFF,0xFF,0xFF,0xFF,0xFF,0xFF,0xFF,0xFF,0xFF,0xFF,
    0xFF,0xFF,0xFF,0xFF,0xFF,0xFF,0xFD,0xFF,0xCF,0x00,0x00,0x00,0x00,0x00,0x00,0x00,
    0x00,0x00,0x00,0x00,0x00,0x00,0x00,0x00,0x89,0xFF,0xFC,0xFF,0xFF,0xFF,0xFF,0xFF,
    0xFF,0xFF,0xFF,0xFF,0xFF,0xFF,0xFF,0xFF,0xFF,0xFF,0xFF,0xFF,0xFF,0xFF,0xFF,0xFF,
    0xFF,0xFF,0xFF,0xFF,0xFF,0xFF,0xFF,0xFF,0xFF,0xFF,0xFF,0xFF,0xFF,0xFF,0xFF,0xFF,
    0xFF,0xFF,0xFF,0xFF,0xFF,0xFF,0xFF,0xFF,0xFF,0xFF,0xFF,0xFF,0xFF,0xFF,0xFF,0xFF,
    0xFF,0xFF,0xFF,0xFF,0xFF,0xFF,0xFF,0xFF,0xFF,0xFF,0xFF,0xFF,0xFF,0xFF,0xFD,0xFF,
    0xCF,0x00,0x00,0x00,0x00,0x00,0x00,0x00,0x00,0x00,0x00,0x00,0x00,0x00,0x00,0x00,
    0x3E,0xFC,0xFD,0xFD,0xFE,0xFF,0xFF,0xFF,0xFF,0xFF,0xFF,0xFF,0xFF,0xFF,0xFF,0xFF,
    0xFF,0xFF,0xFF,0xFF,0xFF,0xFF,0xFF,0xFF,0xFF,0xFF,0xFF,0xFF,0xFF,0xFF,0xFF,0xFF,
    0xFF,0xFF,0xFF,0xFF,0xFF,0xFF,0xFF,0xFF,0xFF,0xFF,0xFF,0xFF,0xFF,0xFF,0xFF,0xFF,
    0xFF,0xFF,0xFF,0xFF,0xFF,0xFF,0xFF,0xFF,0xFF,0xFF,0xFF,0xFF,0xFF,0xFF,0xFF,0xFF,
    0xFF,0xFF,0xFF,0xFF,0xFF,0xFF,0xFD,0xFF,0xD0,0x00,0x00,0x00,0x00,0x00,0x00,0x00,
    0x00,0x00,0x00,0x00,0x00,0x00,0x00,0x01,0x01,0xB6,0xFF,0xFF,0xFF,0xFF,0xFF,0xFF,
    0xFF,0xFF,0xFF,0xFF,0xFF,0xFF,0xFF,0xFF,0xFF,0xFF,0xFF,0xFF,0xFF,0xFF,0xFF,0xFF,
    0xFF,0xFF,0xFF,0xFF,0xFF,0xFF,0xFF,0xFF,0xFF,0xFF,0xFF,0xFF,0xFF,0xFF,0xFF,0xFF,
    0xFF,0xFF,0xFF,0xFF,0xFF,0xFF,0xFF,0xFF,0xFF,0xFF,0xFF,0xFF,0xFF,0xFF,0xFF,0xFF,
    0xFF,0xFF,0xFF,0xFF,0xFF,0xFF,0xFF,0xFF,0xFF,0xFF,0xFF,0xFF,0xFF,0xFF,0xFD,0xFF,
    0xCB,0x00,0x00,0x00,0x00,0x00,0x00,0x00,0x00,0x00,0x00,0x00,0x00,0x00,0x00,0x02,
    0x00,0x38,0xF2,0x89,0xEC,0xFE,0xFE,0xFF,0xFF,0xFF,0xFF,0xFF,0xFF,0xFF,0xFF,0xFF,
    0xFF,0xFF,0xFF,0xFF,0xFF,0xFF,0xFF,0xFF,0xFF,0xFF,0xFF,0xFF,0xFF,0xFF,0xFF,0xFF,
    0xFF,0xFF,0xFF,0xFF,0xFF,0xFF,0xFF,0xFF,0xFF,0xFF,0xFF,0xFF,0xFF,0xFF,0xFF,0xFF,
    0xFF,0xFF,0xFF,0xFF,0xFF,0xFF,0xFF,0xFF,0xFF,0xFF,0xFF,0xFF,0xFF,0xFF,0xFF,0xFF,
    0xFF,0xFF,0xFF,0xFF,0xFF,0xFF,0xFE,0xFF,0xE6,0x00,0x00,0x00,0x00,0x00,0x00,0x00,
    0x00,0x00,0x00,0x00,0x00,0x00,0x00,0x00,0x02,0x00,0x70,0x57,0x6D,0xFF,0xFB,0xFE,
    0xFF,0xFC,0xFF,0xFF,0xFF,0xFF,0xFF,0xFF,0xFF,0xFF,0xFF,0xFF,0xFF,0xFF,0xFF,0xFF,
    0xFF,0xFF,0xFF,0xFF,0xFF,0xFF,0xFF,0xFF,0xFF,0xFF,0xFF,0xFF,0xFF,0xFF,0xFF,0xFF,
    0xFF,0xFF,0xFF,0xFF,0xFF,0xFF,0xFF,0xFF,0xFF,0xFF,0xFF,0xFF,0xFF,0xFF,0xFF,0xFF,
    0xFF,0xFF,0xFF,0xFF,0xFF,0xFF,0xFF,0xFF,0xFF,0xFF,0xFF,0xFF,0xFF,0xFF,0xFF,0xFF,
    0xFF,0x00,0x00,0x00,0x00,0x00,0x00,0x00,0x00,0x00,0x00,0x00,0x00,0x00,0x00,0x00,
    0x00,0x01,0x00,0x1A,0x03,0xAF,0xFF,0xFB,0xFF,0xFF,0xFE,0xFF,0xFF,0xFF,0xFF,0xFF,
    0xFF,0xFF,0xFF,0xFF,0xFF,0xFF,0xFF,0xFF,0xFF,0xFF,0xFF,0xFF,0xFF,0xFF,0xFF,0xFF,
    0xFF,0xFF,0xFF,0xFF,0xFF,0xFF,0xFF,0xFF,0xFF,0xFF,0xFF,0xFF,0xFF,0xFF,0xFF,0xFF,
    0xFF,0xFF,0xFF,0xFF,0xFF,0xFF,0xFF,0xFF,0xFF,0xFF,0xFF,0xFF,0xFF,0xFF,0xFF,0xFF,
    0xFF,0xFF,0xFF,0xFF,0xFF,0xFF,0xFF,0xFF,0xFE,0x00,0x00,0x00,0x00,0x00,0x00,0x00,
    0x00,0x00,0x00,0x00,0x00,0x00,0x00,0x00,0x00,0x00,0x00,0x00,0x01,0x0D,0x9C,0xFF,
    0xF5,0xAF,0xFF,0xFE,0xFE,0xFF,0xFF,0xFF,0xFF,0xFF,0xFF,0xFF,0xFF,0xFF,0xFF,0xFF,
    0xFF,0xFF,0xFF,0xFF,0xFF,0xFF,0xFF,0xFF,0xFF,0xFF,0xFF,0xFF,0xFF,0xFF,0xFF,0xFF,
    0xFF,0xFF,0xFF,0xFF,0xFF,0xFF,0xFF,0xFF,0xFF,0xFF,0xFF,0xFF,0xFF,0xFF,0xFF,0xFF,
    0xFF,0xFF,0xFF,0xFF,0xFF,0xFF,0xFF,0xFF,0xFF,0xFF,0xFF,0xFF,0xFF,0xFF,0xFF,0xFF,
    0xFF,0x00,0x00,0x00,0x00,0x00,0x00,0x00,0x00,0x00,0x00,0x00,0x00,0x00,0x00,0x00,
    0x00,0x00,0x01,0x02,0x04,0x01,0x00,0x61,0xC7,0x36,0x82,0xFF,0xFF,0xFE,0xFF,0xFF,
    0xFF,0xFF,0xFF,0xFF,0xFF,0xFF,0xFF,0xFF,0xFF,0xFF,0xFF,0xFF,0xFF,0xFF,0xFF,0xFF,
    0xFF,0xFF,0xFF,0xFF,0xFF,0xFF,0xFF,0xFF,0xFF,0xFF,0xFF,0xFF,0xFF,0xFF,0xFF,0xFF,
    0xFF,0xFF,0xFF,0xFF,0xFF,0xFF,0xFF,0xFF,0xFF,0xFF,0xFF,0xFF,0xFF,0xFF,0xFF,0xFF,
    0xFF,0xFF,0xFF,0xFF,0xFF,0xFF,0xFF,0xFF,0xFF,0x00,0x00,0x00,0x00,0x00,0x00,0x00,
    0x00,0x00,0x00,0x00,0x00,0x00,0x00,0x00,0x00,0x02,0x02,0x00,0x00,0x00,0x00,0x00,
    0x00,0x00,0x00,0x57,0xEC,0xFE,0xFE,0xFF,0xFF,0xFF,0xFF,0xFF,0xFF,0xFF,0xFF,0xFF,
    0xFF,0xFF,0xFF,0xFF,0xFF,0xFF,0xFF,0xFF,0xFF,0xFF,0xFF,0xFF,0xFF,0xFF,0xFF,0xFF,
    0xFF,0xFF,0xFF,0xFF,0xFF,0xFF,0xFF,0xFF,0xFF,0xFF,0xFF,0xFF,0xFF,0xFF,0xFF,0xFF,
    0xFF,0xFF,0xFF,0xFF,0xFF,0xFF,0xFF,0xFF,0xFF,0xFF,0xFF,0xFF,0xFF,0xFE,0xFF,0xFE,
    0xFC,0x00,0x00,0x00,0x00,0x00,0x00,0x00,0x00,0x00,0x00,0x00,0x00,0x00,0x00,0x00,
    0x02,0x00,0x00,0x19,0x4F,0x60,0x48,0x91,0x9F,0x71,0x65,0x85,0xEB,0xFF,0xFE,0xFF,
    0xFF,0xFF,0xFF,0xFF,0xFF,0xFF,0xFF,0xFF,0xFF,0xFF,0xFF,0xFF,0xFF,0xFF,0xFF,0xFF,
    0xFF,0xFF,0xFF,0xFF,0xFF,0xFF,0xFF,0xFF,0xFF,0xFF,0xFF,0xFF,0xFF,0xFF,0xFF,0xFF,
    0xFF,0xFF,0xFF,0xFF,0xFF,0xFF,0xFF,0xFF,0xFF,0xFF,0xFF,0xFF,0xFF,0xFF,0xFF,0xFF,
    0xFF,0xFF,0xFF,0xFF,0xFF,0xFF,0xFD,0xFF,0xBB,0x00,0x00,0x00,0x00,0x00,0x00,0x00,
    0x00,0x00,0x00,0x00,0x00,0x00,0x00,0x02,0x00,0x23,0x96,0xE7,0xFF,0xFF,0xFF,0xFF,
    0xFF,0xFF,0xFF,0xFF,0xFF,0xFF,0xFF,0xFF,0xFF,0xFF,0xFF,0xFF,0xFF,0xFF,0xFF,0xFF,
    0xFF,0xFF,0xFF,0xFF,0xFF,0xFF,0xFF,0xFF,0xFF,0xFF,0xFF,0xFF,0xFF,0xFF,0xFF,0xFF,
    0xFF,0xFF,0xFF,0xFF,0xFF,0xFF,0xFF,0xFF,0xFF,0xFF,0xFF,0xFF,0xFF,0xFF,0xFF,0xFF,
    0xFF,0xFF,0xFF,0xFF,0xFF,0xFF,0xFF,0xFF,0xFF,0xFF,0xFF,0xFD,0xFF,0xF1,0xFD,0xF3,
    0x3B,0x00,0x00,0x00,0x00,0x00,0x00,0x00,0x00,0x00,0x00,0x00,0x00,0x00,0x00,0x00,
    0x51,0xE7,0xFF,0xFF,0xFE,0xFD,0xFE,0xFC,0xFC,0xFC,0xFC,0xFC,0xFE,0xFF,0xFF,0xFF,
    0xFF,0xFF,0xFF,0xFF,0xFF,0xFF,0xFF,0xFF,0xFF,0xFF,0xFF,0xFF,0xFF,0xFF,0xFF,0xFF,
    0xFF,0xFF,0xFF,0xFF,0xFF,0xFF,0xFF,0xFF,0xFF,0xFF,0xFF,0xFF,0xFF,0xFF,0xFF,0xFF,
    0xFF,0xFF,0xFF,0xFF,0xFF,0xFF,0xFF,0xFF,0xFF,0xFF,0xFF,0xFF,0xFF,0xFF,0xFF,0xFF,
    0xFF,0xFF,0xFC,0xFF,0x95,0x88,0xFF,0x8A,0x00,0x00,0x00,0x00,0x00,0x00,0x00,0x00,
    0x00,0x00,0x00,0x00,0x00,0x00,0x00,0x50,0xF5,0xFF,0xFB,0xFE,0xFF,0xFF,0xFF,0xFF,
    0xFF,0xFF,0xFF,0xFF,0xFF,0xFF,0xFF,0xFF,0xFF,0xFF,0xFF,0xFF,0xFF,0xFF,0xFF,0xFF,
    0xFF,0xFF,0xFF,0xFF,0xFF,0xFF,0xFF,0xFF,0xFF,0xFF,0xFF,0xFF,0xFF,0xFF,0xFF,0xFF,
    0xFF,0xFF,0xFF,0xFF,0xFF,0xFF,0xFF,0xFF,0xFF,0xFF,0xFF,0xFF,0xFF,0xFF,0xFF,0xFF,
    0xFF,0xFF,0xFF,0xFF,0xFF,0xFF,0xFF,0xFF,0xFF,0xFB,0xFF,0xCC,0x14,0xD6,0xD2,0x0B,
    0x02,0x00,0x00,0x00,0x00,0x00,0x00,0x00,0x00,0x00,0x00,0x00,0x00,0x00,0x00,0x6F,
    0xFF,0xFB,0xFF,0xFF,0xFF,0xFF,0xFF,0xFF,0xFF,0xFF,0xFF,0xFF,0xFF,0xFF,0xFF,0xFF,
    0xFF,0xFF,0xFF,0xFF,0xFF,0xFF,0xFF,0xFF,0xFF,0xFF,0xFF,0xFF,0xFF,0xFF,0xFF,0xFF,
    0xFF,0xFF,0xFF,0xFF,0xFF,0xFF,0xFF,0xFF,0xFF,0xFF,0xFF,0xFF,0xFF,0xFF,0xFF,0xFF,
    0xFF,0xFF,0xFF,0xFF,0xFE,0xFE,0xFF,0xFF,0xFF,0xFF,0xFF,0xFD,0xFD,0xFF,0xFF,0xFF,
    0xFB,0xFF,0xDC,0x10,0x7F,0xE2,0x20,0x00,0x02,0x00,0x00,0x00,0x00,0x00,0x00,0x00,
    0x00,0x00,0x00,0x00,0x00,0x00,0x00,0x17,0xEE,0xFF,0xFE,0xFF,0xFF,0xFF,0xFF,0xFF,
    0xFF,0xFF,0xFF,0xFF,0xFF,0xFF,0xFF,0xFF,0xFF,0xFF,0xFF,0xFF,0xFF,0xFF,0xFF,0xFF,
    0xFF,0xFF,0xFF,0xFF,0xFF,0xFF,0xFF,0xFF,0xFF,0xFF,0xFF,0xFF,0xFF,0xFF,0xFF,0xFF,
    0xFF,0xFF,0xFF,0xFF,0xFF,0xFF,0xFF,0xFF,0xFF,0xFF,0xFE,0xFC,0xFF,0xFF,0xFF,0xFF,
    0xFE,0xFD,0xFC,0xFF,0xFF,0xFF,0xFD,0xFD,0xFF,0xD3,0x23,0x3B,0xAD,0x23,0x00,0x02,
    0x00,0x00,0x00,0x00,0x00,0x00,0x00,0x00,0x00,0x00,0x00,0x00,0x00,0x00,0x00,0x00,
    0xA0,0xFE,0xFB,0xFF,0xFF,0xFF,0xFF,0xFF,0xFF,0xFF,0xFF,0xFF,0xFF,0xFF,0xFF,0xFF,
    0xFF,0xFF,0xFF,0xFF,0xFF,0xFF,0xFF,0xFF,0xFF,0xFF,0xFF,0xFF,0xFF,0xFF,0xFF,0xFF,
    0xFF,0xFF,0xFF,0xFF,0xFF,0xFF,0xFF,0xFF,0xFF,0xFF,0xFF,0xFF,0xFF,0xFF,0xFF,0xFF,
    0xFF,0xFF,0xFF,0xFF,0xED,0xD6,0xFC,0xFD,0xFF,0xFF,0xFF,0xCF,0xC8,0xFE,0xFF,0xFF,
    0xAA,0x19,0x00,0x27,0x09,0x00,0x02,0x00,0x00,0x00,0x00,0x00,0x00,0x00,0x00,0x00,
    0x00,0x00,0x00,0x00,0x00,0x00,0x00,0x01,0x4D,0xFF,0xFC,0xFF,0xFF,0xFF,0xFF,0xFF,
    0xFF,0xFF,0xFF,0xFF,0xFF,0xFF,0xFF,0xFF,0xFF,0xFF,0xFF,0xFF,0xFF,0xFF,0xFF,0xFF,
    0xFF,0xFF,0xFF,0xFF,0xFF,0xFF,0xFF,0xFF,0xFF,0xFF,0xFF,0xFF,0xFF,0xFF,0xFF,0xFF,
    0xFF,0xFF,0xFF,0xFF,0xFF,0xFF,0xFF,0xFF,0xFE,0xFF,0x9B,0x5E,0x28,0x84,0xFF,0xFF,
    0xF8,0xD0,0x78,0x38,0xC4,0xFF,0xD2,0x5A,0x00,0x00,0x02,0x00,0x00,0x02,0x00,0x00,
    0x00,0x00,0x00,0x00,0x00,0x00,0x00,0x00,0x00,0x00,0x00,0x00,0x00,0x00,0x00,0x00,
    0x0E,0xEB,0xFF,0xFE,0xFF,0xFF,0xFF,0xFF,0xFF,0xFF,0xFF,0xFF,0xFF,0xFF,0xFF,0xFF,
    0xFF,0xFE,0xFD,0xFE,0xFF,0xFF,0xFF,0xFF,0xFF,0xFF,0xFF,0xFF,0xFF,0xFF,0xFF,0xFF,
    0xFF,0xFF,0xFF,0xFF,0xFF,0xFF,0xFF,0xFF,0xFF,0xFF,0xFF,0xFF,0xFF,0xFF,0xFF,0xFF,
    0xFC,0xFF,0x98,0x00,0x0C,0x86,0x8E,0x65,0x34,0x05,0x03,0x9E,0xAA,0x51,0x0B,0x00,
    0x00,0x01,0x00,0x01,0x01,0x00,0x00,0x00,0x00,0x00,0x00,0x00,0x00,0x00,0x00,0x00,
    0x00,0x00,0x00,0x00,0x00,0x00,0x00,0x04,0x00,0xA7,0xFF,0xFB,0xFF,0xFF,0xFF,0xFF,
    0xFF,0xFF,0xFF,0xFF,0xFF,0xFF,0xFF,0xFE,0xFF,0xFF,0xFF,0xFF,0xFD,0xFE,0xFF,0xFF,
    0xFF,0xFF,0xFF,0xFF,0xFF,0xFF,0xFF,0xFF,0xFF,0xFF,0xFF,0xFF,0xFF,0xFF,0xFF,0xFF,
    0xFF,0xFF,0xFF,0xFF,0xFF,0xFF,0xFF,0xFF,0xFE,0xFF,0xF9,0x35,0x01,0x00,0x00,0x00,
    0x00,0x00,0x05,0x05,0x00,0x00,0x00,0x03,0x00,0x00,0x00,0x00,0x00,0x00,0x00,0x00,
    0x00,0x00,0x00,0x00,0x00,0x00,0x00,0x00,0x00,0x00,0x00,0x00,0x00,0x00,0x00,0x04,
    0x00,0x4C,0xFD,0xF9,0xFC,0xFD,0xFD,0xFC,0xFD,0xFF,0xFF,0xFF,0xFF,0xFD,0xFF,0xFF,
    0xFF,0xF1,0xD6,0xF4,0xFF,0xFF,0xFF,0xFF,0xFF,0xFF,0xFF,0xFF,0xFF,0xFF,0xFF,0xFF,
    0xFF,0xFF,0xFF,0xFF,0xFF,0xFF,0xFF,0xFF,0xFF,0xFF,0xFF,0xFF,0xFF,0xFF,0xFF,0xFF,
    0xFF,0xFC,0xFF,0xA2,0x00,0x04,0x03,0x03,0x02,0x01,0x00,0x00,0x02,0x03,0x01,0x00,
    0x00,0x00,0x00,0x00,0x00,0x00,0x00,0x00,0x00,0x00,0x00,0x00,0x00,0x00,0x00,0x00,
    0x00,0x00,0x00,0x00,0x00,0x00,0x00,0x00,0x01,0x07,0xE6,0xFF,0xFF,0xFF,0xFF,0xFF,
    0xFF,0xFC,0xFD,0xFD,0xFF,0xFF,0xFF,0x96,0x40,0x2D,0x09,0x2C,0x5B,0xDB,0xFE,0xFD,
    0xFF,0xFF,0xFF,0xFF,0xFF,0xFF,0xFF,0xFF,0xFF,0xFF,0xFF,0xFF,0xFF,0xFF,0xFF,0xFF,
    0xFF,0xFF,0xFF,0xFF,0xFF,0xFF,0xFF,0xFF,0xFF,0xFE,0xFE,0xF5,0x31,0x01,0x02,0x00,
    0x00,0x00,0x00,0x01,0x00,0x00,0x00,0x00,0x00,0x00,0x00,0x00,0x00,0x00,0x00,0x00,
    0x00,0x00,0x00,0x00,0x00,0x00,0x00,0x00,0x00,0x00,0x00,0x00,0x00,0x00,0x00,0x00,
    0x02,0x00,0x56,0x8E,0x88,0x5D,0x72,0xB5,0xDE,0xFF,0xFF,0xFF,0xFF,0xA1,0x40,0x02,
    0x00,0x00,0x00,0x00,0x00,0xC2,0xFF,0xFC,0xFF,0xFF,0xFF,0xFF,0xFF,0xFF,0xFF,0xFF,
    0xFF,0xFF,0xFF,0xFF,0xFF,0xFF,0xFF,0xFF,0xFF,0xFF,0xFF,0xFF,0xFF,0xFF,0xFF,0xFF,
    0xFF,0xFF,0xFC,0xFF,0x95,0x00,0x02,0x00,0x00,0x00,0x00,0x00,0x00,0x00,0x00,0x00,
    0x00,0x00,0x00,0x00,0x00,0x00,0x00,0x00,0x00,0x00,0x00,0x00,0x00,0x00,0x00,0x00,
    0x00,0x00,0x00,0x00,0x00,0x00,0x00,0x00,0x00,0x00,0x00,0x00,0x00,0x00,0x00,0x00,
    0x1F,0xAD,0xCD,0x69,0x4D,0x0C,0x00,0x01,0x03,0x02,0x01,0x03,0x03,0x3E,0xDE,0xFD,
    0xFD,0xFF,0xFF,0xFF,0xFF,0xFF,0xFF,0xFF,0xFF,0xFF,0xFF,0xFF,0xFF,0xFF,0xFF,0xFF,
    0xFF,0xFF,0xFF,0xFF,0xFF,0xFF,0xFF,0xFF,0xFF,0xFF,0xFE,0xFE,0xE6,0x1C,0x00,0x02,
    0x00,0x00,0x00,0x00,0x00,0x00,0x00,0x00,0x00,0x00,0x00,0x00,0x00,0x00,0x00,0x00,
    0x00,0x00,0x00,0x00,0x00,0x00,0x00,0x00,0x00,0x00,0x00,0x00,0x00,0x00,0x00,0x00,
    0x00,0x00,0x02,0x03,0x03,0x03,0x03,0x02,0x00,0x00,0x05,0x00,0x00,0x00,0x03,0x00,
    0x00,0x00,0x00,0x00,0x03,0x00,0x89,0xFF,0xFB,0xFF,0xFF,0xFF,0xFF,0xFF,0xFF,0xFF,
    0xFF,0xFF,0xFF,0xFF,0xFF,0xFF,0xFF,0xFF,0xFF,0xFF,0xFF,0xFF,0xFF,0xFF,0xFF,0xFF,
    0xFF,0xFF,0xFF,0xFD,0xFF,0x6E,0x00,0x03,0x00,0x00,0x00,0x00,0x00,0x00,0x00,0x00,
    0x00,0x00,0x00,0x00,0x00,0x00,0x00,0x00,0x00,0x00,0x00,0x00,0x00,0x00,0x00,0x00,
    0x00,0x00,0x00,0x00,0x00,0x00,0x00,0x00,0x00,0x00,0x00,0x00,0x00,0x00,0x00,0x00,
    0x01,0x01,0x00,0x03,0x02,0x01,0x00,0x00,0x00,0x00,0x00,0x00,0x01,0x04,0x17,0xAD,
    0xFF,0xFC,0xFF,0xFF,0xFF,0xFF,0xFF,0xFF,0xFF,0xFF,0xFF,0xFF,0xFF,0xFF,0xFF,0xFF,
    0xFF,0xFF,0xFF,0xFF,0xFF,0xFF,0xFF,0xFF,0xFF,0xFF,0xFF,0xFC,0xFE,0xC8,0x05,0x00,
    0x01,0x00,0x00,0x00,0x00,0x00,0x00,0x00,0x00,0x00,0x00,0x00,0x00,0x00,0x00,0x00,
    0x00,0x00,0x00,0x00,0x00,0x00,0x00,0x00,0x00,0x00,0x00,0x00,0x00,0x00,0x00,0x00,
    0x00,0x00,0x00,0x00,0x00,0x00,0x00,0x00,0x00,0x00,0x01,0x00,0x00,0x00,0x00,0x00,
    0x00,0x00,0x00,0x00,0x00,0x02,0x00,0x28,0xE2,0xFF,0xFB,0xFE,0xFF,0xFF,0xFF,0xFF,
    0xFF,0xFF,0xFF,0xFF,0xFF,0xFF,0xFF,0xFF,0xFF,0xFF,0xFF,0xFF,0xFF,0xFF,0xFF,0xFF,
    0xFF,0xFF,0xFF,0xFE,0xFE,0xFC,0x3F,0x01,0x03,0x00,0x00,0x00,0x00,0x00,0x00,0x00,
    0x00,0x00,0x00,0x00,0x00,0x00,0x00,0x00,0x00,0x00,0x00,0x00,0x00,0x00,0x00,0x00,
    0x00,0x00,0x00,0x00,0x00,0x00,0x00,0x00,0x00,0x00,0x00,0x00,0x00,0x00,0x00,0x00,
    0x00,0x00,0x00,0x00,0x00,0x00,0x00,0x00,0x00,0x00,0x00,0x00,0x00,0x00,0x02,0x00,
    0x1E,0xCF,0xFF,0xFF,0xFF,0xFF,0xFF,0xFF,0xFF,0xFF,0xFF,0xFF,0xFF,0xFF,0xFF,0xFF,
    0xFF,0xFF,0xFF,0xFF,0xFF,0xFF,0xFF,0xFF,0xFF,0xFF,0xFF,0xFF,0xFC,0xFF,0x9A,0x00,
    0x02,0x00,0x00,0x00,0x00,0x00,0x00,0x00,0x00,0x00,0x00,0x00,0x00,0x00,0x00,0x00,
    0x00,0x00,0x00,0x00,0x00,0x00,0x00,0x00,0x00,0x00,0x00,0x00,0x00,0x00,0x00,0x00,
    0x00,0x00,0x00,0x00,0x00,0x00,0x00,0x00,0x00,0x00,0x00,0x00,0x00,0x00,0x00,0x00,
    0x00,0x00,0x00,0x00,0x00,0x00,0x00,0x02,0x00,0x29,0x99,0xE5,0xFF,0xFE,0xFF,0xFF,
    0xFF,0xFF,0xFF,0xFF,0xFF,0xFF,0xFF,0xFF,0xFF,0xFF,0xFF,0xFF,0xFF,0xFF,0xFF,0xFF,
    0xFF,0xFF,0xFF,0xFF,0xFE,0xFE,0xE9,0x21,0x00,0x02,0x00,0x00,0x00,0x00,0x00,0x00,
    0x00,0x00,0x00,0x00,0x00,0x00,0x00,0x00,0x00,0x00,0x00,0x00,0x00,0x00,0x00,0x00,
    0x00,0x00,0x00,0x00,0x00,0x00,0x00,0x00,0x00,0x00,0x00,0x00,0x00,0x00,0x00,0x00,
    0x00,0x00,0x00,0x00,0x00,0x00,0x00,0x00,0x00,0x00,0x00,0x00,0x00,0x00,0x00,0x00,
    0x02,0x00,0x00,0x91,0xFE,0xFC,0xFF,0xFF,0xFF,0xFF,0xFF,0xFF,0xFF,0xFF,0xFF,0xFF,
    0xFF,0xFF,0xFF,0xFF,0xFF,0xFF,0xFF,0xFF,0xFF,0xFF,0xFF,0xFF,0xFF,0xFD,0xFF,0xAC,
    0x00,0x02,0x00,0x00,0x00,0x00,0x00,0x00,0x00,0x00,0x00,0x00,0x00,0x00,0x00,0x00,
    0x00,0x00,0x00,0x00,0x00,0x00,0x00,0x00,0x00,0x00,0x00,0x00,0x00,0x00,0x00,0x00,
    0x00,0x00,0x00,0x00,0x00,0x00,0x00,0x00,0x00,0x00,0x00,0x00,0x00,0x00,0x00,0x00,
    0x00,0x00,0x00,0x00,0x00,0x00,0x00,0x00,0x00,0x05,0x03,0x73,0xFF,0xFC,0xFF,0xFF,
    0xFF,0xFF,0xFF,0xFF,0xFF,0xFF,0xFF,0xFF,0xFF,0xFF,0xFF,0xFF,0xFF,0xFF,0xFF,0xFF,
    0xFF,0xFF,0xFF,0xFF,0xFF,0xFE,0xFD,0xFE,0x4E,0x00,0x03,0x00,0x00,0x00,0x00,0x00,
    0x00,0x00,0x00,0x00,0x00,0x00,0x00,0x00,0x00,0x00,0x00,0x00,0x00,0x00,0x00,0x00,
    0x00,0x00,0x00,0x00,0x00,0x00,0x00,0x00,0x00,0x00,0x00,0x00,0x00,0x00,0x00,0x00,
    0x00,0x00,0x00,0x00,0x00,0x00,0x00,0x00,0x00,0x00,0x00,0x00,0x00,0x00,0x00,0x00,
    0x00,0x01,0x01,0x1A,0xE0,0xFF,0xFD,0xFF,0xFF,0xFF,0xFF,0xFF,0xFF,0xFF,0xFF,0xFF,
    0xFF,0xFF,0xFF,0xFF,0xFF,0xFF,0xFF,0xFF,0xFF,0xFF,0xFF,0xFF,0xFF,0xFF,0xFD,0xFF,
    0xDA,0x13,0x01,0x01,0x00,0x00,0x00,0x00,0x00,0x00,0x00,0x00,0x00,0x00,0x00,0x00,
    0x00,0x00,0x00,0x00,0x00,0x00,0x00,0x00,0x00,0x00,0x00,0x00,0x00,0x00,0x00,0x00,
    0x00,0x00,0x00,0x00,0x00,0x00,0x00,0x00,0x00,0x00,0x00,0x00,0x00,0x00,0x00,0x00,
    0x00,0x00,0x00,0x00,0x00,0x00,0x00,0x00,0x00,0x00,0x02,0x00,0x3D,0xE7,0xFD,0xFE,
    0xFF,0xFF,0xFF,0xFF,0xFF,0xFF,0xFF,0xFF,0xFF,0xFF,0xFF,0xFF,0xFF,0xFF,0xFF,0xFF,
    0xFF,0xFF,0xFF,0xFF,0xFF,0xFF,0xFF,0xFC,0xFF,0x79,0x00,0x02,0x00,0x00,0x00,0x00,
    0x00,0x00,0x00,0x00,0x00,0x00,0x00,0x00,0x00,0x00,0x00,0x00,0x00,0x00,0x00,0x00,
    0x00,0x00,0x00,0x00,0x00,0x00,0x00,0x00,0x00,0x00,0x00,0x00,0x00,0x00,0x00,0x00,
    0x00,0x00,0x00,0x00,0x00,0x00,0x00,0x00,0x00,0x00,0x00,0x00,0x00,0x00,0x00,0x00,
    0x00,0x00,0x00,0x04,0x00,0x5D,0xFF,0xFD,0xFF,0xFF,0xFF,0xFF,0xFF,0xFF,0xFF,0xFF,
    0xFF,0xFF,0xFF,0xFF,0xFF,0xFF,0xFF,0xFF,0xFF,0xFF,0xFF,0xFF,0xFF,0xFF,0xFF,0xFE,
    0xFE,0xED,0x24,0x00,0x02,0x00,0x00,0x00,0x00,0x00,0x00,0x00,0x00,0x00,0x00,0x00,
    0x00,0x00,0x00,0x00,0x00,0x00,0x00,0x00,0x00,0x00,0x00,0x00,0x00,0x00,0x00,0x00,
    0x00,0x00,0x00,0x00,0x00,0x00,0x00,0x00,0x00,0x00,0x00,0x00,0x00,0x00,0x00,0x00,
    0x00,0x00,0x00,0x00,0x00,0x00,0x00,0x00,0x00,0x00,0x00,0x02,0x02,0x18,0xE9,0xFF,
    0xFD,0xFF,0xFF,0xFF,0xFF,0xFF,0xFF,0xFF,0xFF,0xFF,0xFF,0xFF,0xFF,0xFF,0xFF,0xFF,
    0xFF,0xFF,0xFF,0xFF,0xFF,0xFF,0xFF,0xFF,0xFC,0xFF,0x8A,0x00,0x02,0x00,0x00,0x00,
    0x00,0x00,0x00,0x00,0x00,0x00,0x00,0x00,0x00,0x00,0x00,0x00,0x00,0x00,0x00,0x00,
    0x00,0x00,0x00,0x00,0x00,0x00,0x00,0x00,0x00,0x00,0x00,0x00,0x00,0x00,0x00,0x00,
    0x00,0x00,0x00,0x00,0x00,0x00,0x00,0x00,0x00,0x00,0x00,0x00,0x00,0x00,0x00,0x00,
    0x00,0x00,0x00,0x00,0x02,0x00,0x5C,0xFC,0xFE,0xFC,0xFF,0xFF,0xFF,0xFF,0xFF,0xFF,
    0xFF,0xFF,0xFF,0xFF,0xFF,0xFF,0xFF,0xFF,0xFF,0xFF,0xFF,0xFF,0xFF,0xFF,0xFF,0xFF,
    0xFD,0xFE,0xD5,0x0A,0x00,0x01,0x00,0x00,0x00,0x00,0x00,0x00,0x00,0x00,0x00,0x00,
    0x00,0x00,0x00,0x00,0x00,0x00,0x00,0x00,0x00,0x00,0x00,0x00,0x00,0x00,0x00,0x00,
    0x00,0x00,0x00,0x00,0x00,0x00,0x00,0x00,0x00,0x00,0x00,0x00,0x00,0x00,0x00,0x00,
    0x00,0x00,0x00,0x00,0x00,0x00,0x00,0x00,0x00,0x00,0x00,0x00,0x00,0x02,0x00,0x62,
    0xFC,0xFF,0xFC,0xFF,0xFF,0xFF,0xFF,0xFF,0xFF,0xFF,0xFF,0xFF,0xFF,0xFF,0xFF,0xFF,
    0xFF,0xFF,0xFF,0xFF,0xFF,0xFF,0xFF,0xFF,0xFE,0xFE,0xFC,0x41,0x00,0x02,0x00,0x00,
    0x00,0x00,0x00,0x00,0x00,0x00,0x00,0x00,0x00,0x00,0x00,0x00,0x00,0x00,0x00,0x00,
    0x00,0x00,0x00,0x00,0x00,0x00,0x00,0x00,0x00,0x00,0x00,0x00,0x00,0x00,0x00,0x00,
    0x00,0x00,0x00,0x00,0x00,0x00,0x00,0x00,0x00,0x00,0x00,0x00,0x00,0x00,0x00,0x00,
    0x00,0x00,0x00,0x00,0x00,0x00,0x02,0x00,0x4A,0xD1,0xFF,0xFE,0xFE,0xFF,0xFF,0xFF,
    0xFF,0xFF,0xFF,0xFF,0xFF,0xFF,0xFF,0xFF,0xFF,0xFF,0xFF,0xFF,0xFF,0xFF,0xFF,0xFF,
    0xFF,0xFD,0xFF,0x61,0x00,0x03,0x00,0x00,0x00,0x00,0x00,0x00,0x00,0x00,0x00,0x00,
    0x00,0x00,0x00,0x00,0x00,0x00,0x00,0x00,0x00,0x00,0x00,0x00,0x00,0x00,0x00,0x00,
    0x00,0x00,0x00,0x00,0x00,0x00,0x00,0x00,0x00,0x00,0x00,0x00,0x00,0x00,0x00,0x00,
    0x00,0x00,0x00,0x00,0x00,0x00,0x00,0x00,0x00,0x00,0x00,0x00,0x00,0x00,0x00,0x02,
    0x00,0x0D,0x89,0xFF,0xFE,0xFD,0xFF,0xFF,0xFF,0xFF,0xFF,0xFF,0xFF,0xFF,0xFF,0xFF,
    0xFF,0xFF,0xFF,0xFF,0xFF,0xFF,0xFF,0xFF,0xFF,0xFD,0xFF,0x5D,0x00,0x03,0x00,0x00,
    0x00,0x00,0x00,0x00,0x00,0x00,0x00,0x00,0x00,0x00,0x00,0x00,0x00,0x00,0x00,0x00,
    0x00,0x00,0x00,0x00,0x00,0x00,0x00,0x00,0x00,0x00,0x00,0x00,0x00,0x00,0x00,0x00,
    0x00,0x00,0x00,0x00,0x00,0x00,0x00,0x00,0x00,0x00,0x00,0x00,0x00,0x00,0x00,0x00,
    0x00,0x00,0x00,0x00,0x00,0x00,0x00,0x00,0x03,0x00,0x00,0x78,0xFF,0xFF,0xFC,0xFF,
    0xFF,0xFF,0xFF,0xFF,0xFF,0xFF,0xFF,0xFF,0xFE,0xFE,0xFF,0xFF,0xFF,0xFF,0xFF,0xFF,
    0xFF,0xFD,0xFF,0x5F,0x00,0x03,0x00,0x00,0x00,0x00,0x00,0x00,0x00,0x00,0x00,0x00,
    0x00,0x00,0x00,0x00,0x00,0x00,0x00,0x00,0x00,0x00,0x00,0x00,0x00,0x00,0x00,0x00,
    0x00,0x00,0x00,0x00,0x00,0x00,0x00,0x00,0x00,0x00,0x00,0x00,0x00,0x00,0x00,0x00,
    0x00,0x00,0x00,0x00,0x00,0x00,0x00,0x00,0x00,0x00,0x00,0x00,0x00,0x00,0x00,0x00,
    0x00,0x02,0x03,0x00,0x5F,0xF3,0xFF,0xFD,0xFB,0xFB,0xFC,0xFD,0xFE,0xFF,0xFD,0xFE,
    0xFF,0xFF,0xFC,0xFC,0xFE,0xFF,0xFF,0xFF,0xFE,0xFF,0xFE,0x3E,0x00,0x02,0x00,0x00,
    0x00,0x00,0x00,0x00,0x00,0x00,0x00,0x00,0x00,0x00,0x00,0x00,0x00,0x00,0x00,0x00,
    0x00,0x00,0x00,0x00,0x00,0x00,0x00,0x00,0x00,0x00,0x00,0x00,0x00,0x00,0x00,0x00,
    0x00,0x00,0x00,0x00,0x00,0x00,0x00,0x00,0x00,0x00,0x00,0x00,0x00,0x00,0x00,0x00,
    0x00,0x00,0x00,0x00,0x00,0x00,0x00,0x00,0x00,0x00,0x00,0x02,0x00,0x3B,0xC3,0xFF,
    0xFF,0xFF,0xFF,0xFF,0xFF,0xFE,0xFF,0xFF,0xE8,0xFF,0xFF,0xFF,0xFF,0xFD,0xFC,0xFD,
    0xFC,0xFE,0xD3,0x0C,0x00,0x01,0x00,0x00,0x00,0x00,0x00,0x00,0x00,0x00,0x00,0x00,
    0x00,0x00,0x00,0x00,0x00,0x00,0x00,0x00,0x00,0x00,0x00,0x00,0x00,0x00,0x00,0x00,
    0x00,0x00,0x00,0x00,0x00,0x00,0x00,0x00,0x00,0x00,0x00,0x00,0x00,0x00,0x00,0x00,
    0x00,0x00,0x00,0x00,0x00,0x00,0x00,0x00,0x00,0x00,0x00,0x00,0x00,0x00,0x00,0x00,
    0x00,0x00,0x00,0x00,0x03,0x00,0x04,0x43,0x6F,0xA1,0xC4,0xDD,0xFB,0xFF,0xDF,0x8F,
    0x28,0x4D,0x81,0xC2,0xF4,0xFF,0xFF,0xFF,0xFE,0xFF,0x92,0x00,0x02,0x00,0x00,0x00,
    0x00,0x00,0x00,0x00,0x00,0x00,0x00,0x00,0x00,0x00,0x00,0x00,0x00,0x00,0x00,0x00,
    0x00,0x00,0x00,0x00,0x00,0x00,0x00,0x00,0x00,0x00,0x00,0x00,0x00,0x00,0x00,0x00,
    0x00,0x00,0x00,0x00,0x00,0x00,0x00,0x00,0x00,0x00,0x00,0x00,0x00,0x00,0x00,0x00,
    0x00,0x00,0x00,0x00,0x00,0x00,0x00,0x00,0x00,0x00,0x00,0x00,0x00,0x02,0x00,0x00,
    0x00,0x00,0x00,0x03,0x21,0x32,0x15,0x00,0x00,0x00,0x00,0x00,0x26,0x60,0xAD,0xCD,
    0xF6,0xF7,0x30,0x01,0x02,0x00,0x00,0x00,0x00,0x00,0x00,0x00,0x00,0x00,0x00,0x00,
    0x00,0x00,0x00,0x00,0x00,0x00,0x00,0x00,0x00,0x00,0x00,0x00,0x00,0x00,0x00,0x00,
    0x00,0x00,0x00,0x00,0x00,0x00,0x00,0x00,0x00,0x00,0x00,0x00,0x00,0x00,0x00,0x00,
    0x00,0x00,0x00,0x00,0x00,0x00,0x00,0x00,0x00,0x00,0x00,0x00,0x00,0x00,0x00,0x00,
    0x00,0x00,0x00,0x00,0x00,0x00,0x01,0x03,0x04,0x04,0x01,0x00,0x00,0x00,0x00,0x02,
    0x01,0x03,0x03,0x00,0x00,0x00,0x00,0x06,0x3D,0x5D,0x00,0x00,0x00,0x00,0x00,0x00,
    0x00,0x00,0x00,0x00,0x00,0x00,0x00,0x00,0x00,0x00,0x00,0x00,0x00,0x00,0x00,0x00,
    0x00,0x00,0x00,0x00,0x00,0x00,0x00,0x00,0x00,0x00,0x00,0x00,0x00,0x00,0x00,0x00,
    0x00,0x00,0x00,0x00,0x00,0x00,0x00,0x00,0x00,0x00,0x00,0x00,0x00,0x00,0x00,0x00,
    0x00,0x00,0x00,0x00,0x00,0x00,0x00,0x00,0x00,0x00,0x00,0x00,0x00,0x00,0x00,0x00,
    0x00,0x00,0x00,0x00,0x00,0x00,0x00,0x00,0x00,0x00,0x00,0x00,0x00,0x00,0x00,0x00,
    0x00,0x00,0x00,0x00,0x00,0x00,0x00,0x00,0x00,0x00,0x00,0x00,0x00,0x00,0x00,0x00,
    0x00,0x00,0x00,0x00,0x00,0x00,0x00,0x00,0x00,0x00,0x00,0x00,0x00,0x00,0x00,0x00,
    0x00,0x00,0x00,0x00,0x00,0x00,0x00,0x00,0x00,0x00,0x00,0x00,0x00,0x00,0x00,0x00,
    0x00,0x00,0x00,0x00,0x00,0x00,0x00,0x00,0x00,0x00,0x00,0x00,0x00,0x00,0x00,0x00,
    0x00,0x00,0x00,0x00,0x00,0x00,0x00,0x00,0x00,0x00,0x00,0x00,0x00,0x00,0x00,0x00,
    0x00,0x00,0x00,0x00,0x00,0x00,0x00,0x00,0x00,0x00,0x00,0x00,0x00,0x00,0x00,0x00,
    0x00,0x00,0x00,0x00,0x00,0x00,0x00,0x00,0x00,0x00,0x00,0x00,0x00,0x00,0x00,0x00,
    0x00,0x00,0x00,0x00,0x00,0x00,0x00,0x00,0x00,0x00,0x00,0x00,0x00,0x00,0x00,0x00,
    0x00,0x00,0x00,0x00,0x00,0x00,0x00,0x00,0x00,0x00,0x00,0x00,0x00,0x00,0x00,0x00,
    0x00,0x00,0x00,0x00,0x00,0x00,0x00,0x00,0x00,0x00,0x00,0x00,0x00,0x00,0x00,0x00,
    0x00,0x00,0x00,0x00,0x00,0x00,0x00,0x00,0x00,0x00,0x00,0x00,0x00,0x00,0x00,0x00,
    0x00,0x00,0x00,0x00,0x00,0x00,0x00,0x00,0x00,0x00,0x00,0x00,0x00,0x00,0x00,0x00,
    0x00,0x00,0x00,0x00,0x00,0x00,0x00,0x00,0x00,0x00,0x00,0x00,0x00,0x00,0x00,0x00,
    0x00,0x00,0x00,0x00,0x00,0x00,0x00,0x00,0x00,0x00,0x00,0x00,0x00,0x00,0x00,0x00,
    0x00,0x00,0x00,0x00,0x00,0x00,0x00,0x00,0x00,0x00,0x00,0x00,0x00,0x00,0x00,0x00,
    0x00,0x00,0x00,0x00,0x00,0x00,0x00,0x00,0x00,0x00,0x00,0x00,0x00,0x00,0x00,0x00,
    0x00,0x00,0x00,0x00,0x00,0x00,0x00,0x00,0x00,0x00,0x00,0x00,0x00,0x00,0x00,0x00,
    0x00,0x00,0x00,0x00,0x00,0x00,0x00,0x00,0x00,0x00,0x00,0x00,0x00,0x00,0x00,0x00,
};

const lv_image_dsc_t ui_img_focus_mascot_ready = {
    .header.magic = LV_IMAGE_HEADER_MAGIC,
    .header.cf = LV_COLOR_FORMAT_NATIVE_WITH_ALPHA,
    .header.flags = 0,
    .header.w = 88,
    .header.h = 110,
    .header.stride = 0,
    .data_size = sizeof(ui_img_focus_mascot_ready_data),
    .data = ui_img_focus_mascot_ready_data,
};
