// Generated by png_to_lvgl_native_alpha.py
#include "../ui.h"

#ifndef LV_ATTRIBUTE_MEM_ALIGN
#define LV_ATTRIBUTE_MEM_ALIGN
#endif

const LV_ATTRIBUTE_MEM_ALIGN uint8_t ui_img_focus_left_decor_running_data[] = {
    0xBD,0xF7,0xBD,0xF7,0xBD,0xF7,0xBD,0xF7,0xBD,0xF7,0xBD,0xF7,0xBD,0xF7,0xBD,0xF7,
    0xBD,0xF7,0xBD,0xF7,0xBD,0xF7,0xBD,0xF7,0xBD,0xF7,0xBD,0xF7,0xBD,0xF7,0xBD,0xF7,
    0xBD,0xF7,0xBD,0xF7,0xBD,0xF7,0xBD,0xF7,0xBD,0xF7,0xBD,0xF7,0xBD,0xF7,0xBD,0xF7,
    0xBD,0xF7,0xBD,0xF7,0xBD,0xF7,0xBD,0xF7,0xBD,0xF7,0xBD,0xF7,0xBD,0xF7,0xBD,0xF7,
    0xBD,0xF7,0xBD,0xF7,0xBD,0xF7,0xBD,0xF7,0xBD,0xF7,0xBD,0xF7,0xBD,0xF7,0xBD,0xF7,
    0xBD,0xF7,0xBD,0xF7,0xBD,0xF7,0xBD,0xF7,0xBD,0xF7,0xBD,0xF7,0xBD,0xF7,0xBD,0xF7,
    0xBD,0xF7,0xBD,0xF7,0xBD,0xF7,0xBD,0xF7,0xBD,0xF7,0xBD,0xF7,0xBD,0xF7,0xBD,0xF7,
    0xBD,0xF7,0xBD,0xF7,0xBD,0xF7,0xBD,0xF7,0xBD,0xF7,0xBD,0xF7,0xBD,0xF7,0xBD,0xF7,
    0xBD,0xF7,0xBD,0xF7,0xBD,0xF7,0xBD,0xF7,0xBD,0xF7,0xBD,0xF7,0xBD,0xF7,0xBD,0xF7,
    0xBD,0xF7,0xBD,0xF7,0xBD,0xF7,0xBD,0xF7,0xBD,0xF7,0xBD,0xF7,0xBD,0xF7,0xBD,0xF7,
    0xBD,0xF7,0xBD,0xF7,0xBD,0xF7,0xBD,0xF7,0xBD,0xF7,0xBD,0xF7,0xBD,0xF7,0xBD,0xF7,
    0xBD,0xF7,0xBD,0xF7,0xBD,0xF7,0xBD,0xF7,0xBD,0xF7,0xBD,0xF7,0xBD,0xF7,0xBD,0xF7,
    0xBD,0xF7,0xBD,0xF7,0xBD,0xF7,0xBD,0xF7,0xBD,0xF7,0xBD,0xF7,0xBD,0xF7,0xBD,0xF7,
    0xBD,0xF7,0xBD,0xF7,0xBD,0xF7,0xBD,0xF7,0xBD,0xF7,0xBD,0xF7,0xBD,0xF7,0xBD,0xF7,
    0xBD,0xF7,0xBD,0xF7,0xBD,0xF7,0xBD,0xF7,0xBD,0xF7,0xBD,0xF7,0xBD,0xF7,0xBD,0xF7,
    0xBD,0xF7,0xBD,0xF7,0xBD,0xF7,0xBD,0xF7,0xBD,0xF7,0xBD,0xF7,0xBD,0xF7,0xBD,0xF7,
    0xBD,0xF7,0xBD,0xF7,0xBD,0xF7,0xBD,0xF7,0xBD,0xF7,0xBD,0xF7,0xBD,0xF7,0xBD,0xF7,
    0xBD,0xF7,0xBD,0xF7,0xBD,0xF7,0xBD,0xF7,0xBD,0xF7,0xBD,0xF7,0xBD,0xF7,0xBD,0xF7,
    0xBD,0xF7,0xBD,0xF7,0xBD,0xF7,0xBD,0xF7,0xBD,0xF7,0xBD,0xF7,0xBD,0xF7,0xBD,0xF7,
    0xBD,0xF7,0xBD,0xF7,0xBD,0xF7,0xBD,0xF7,0xBD,0xF7,0xBD,0xF7,0xBD,0xF7,0xBD,0xF7,
    0xBD,0xF7,0xBD,0xF7,0xBD,0xF7,0xBD,0xF7,0xBD,0xF7,0xBD,0xF7,0xBD,0xF7,0xBD,0xF7,
    0xBD,0xF7,0xBD,0xF7,0xBD,0xF7,0xBD,0xF7,0xBD,0xF7,0xBD,0xF7,0xBD,0xF7,0xBD,0xF7,
    0xBD,0xF7,0xBD,0xF7,0xBD,0xF7,0xBD,0xF7,0xBD,0xF7,0xBD,0xF7,0xBD,0xF7,0xBD,0xF7,
    0xBD,0xF7,0xBD,0xF7,0xBD,0xF7,0xBD,0xF7,0xBD,0xF7,0xBD,0xF7,0xBD,0xF7,0xBD,0xF7,
    0xBD,0xF7,0xBD,0xF7,0xBD,0xF7,0xBD,0xF7,0xBD,0xF7,0xBD,0xF7,0xBD,0xF7,0xBD,0xF7,
    0xBD,0xF7,0xBD,0xF7,0xBD,0xF7,0xBD,0xF7,0xBD,0xF7,0xBD,0xF7,0xBD,0xF7,0xBD,0xF7,
    0xBD,0xF7,0xBD,0xF7,0xBD,0xF7,0xBD,0xF7,0xBD,0xF7,0xBD,0xF7,0xBD,0xF7,0xBD,0xF7,
    0xBD,0xF7,0xBD,0xF7,0xBD,0xF7,0xBD,0xF7,0xBD,0xF7,0xBD,0xF7,0xBD,0xF7,0xBD,0xF7,
    0xBD,0xF7,0xBD,0xF7,0xBD,0xF7,0xBD,0xF7,0xBD,0xF7,0xBD,0xF7,0xBD,0xF7,0xBD,0xF7,
    0xBD,0xF7,0xBD,0xF7,0xBD,0xF7,0xBD,0xF7,0xBD,0xF7,0xBD,0xF7,0xBD,0xF7,0xBD,0xF7,
    0xBD,0xF7,0xBD,0xF7,0xBD,0xF7,0xBD,0xF7,0xBD,0xF7,0xBD,0xF7,0xBD,0xF7,0xBD,0xF7,
    0xBD,0xF7,0xBD,0xF7,0xBD,0xF7,0xBD,0xF7,0xBD,0xF7,0xBD,0xF7,0xBD,0xF7,0xBD,0xF7,
    0xBD,0xF7,0xBD,0xF7,0xBD,0xF7,0xBD,0xF7,0xBD,0xF7,0xBD,0xF7,0xBD,0xF7,0xBD,0xF7,
    0xBD,0xF7,0xBD,0xF7,0xBD,0xF7,0xBD,0xF7,0xBD,0xF7,0xBD,0xF7,0xBD,0xF7,0xBD,0xF7,
    0xBD,0xF7,0xBD,0xF7,0xBD,0xF7,0xBD,0xF7,0xBD,0xF7,0xBD,0xF7,0xBD,0xF7,0xBD,0xF7,
    0xBD,0xF7,0xBD,0xF7,0xBD,0xF7,0xBD,0xF7,0xBD,0xF7,0xBD,0xF7,0xBD,0xF7,0xBD,0xF7,
    0xBD,0xF7,0xBD,0xF7,0xBD,0xF7,0xBD,0xF7,0xBD,0xF7,0xBD,0xF7,0xBD,0xF7,0xBD,0xF7,
    0xBD,0xF7,0xBD,0xF7,0xBD,0xF7,0xBD,0xF7,0xBD,0xF7,0xBD,0xF7,0xBD,0xF7,0xBD,0xF7,
    0xBD,0xF7,0xBD,0xF7,0xBD,0xF7,0xBD,0xF7,0xBD,0xF7,0xBD,0xF7,0xBD,0xF7,0xBD,0xF7,
    0xBD,0xF7,0xBD,0xF7,0xBD,0xF7,0xBD,0xF7,0xBD,0xF7,0xBD,0xF7,0xBD,0xF7,0xBD,0xF7,
    0xBD,0xF7,0xBD,0xF7,0xBD,0xF7,0xBD,0xF7,0xBD,0xF7,0xBD,0xF7,0xBD,0xF7,0xBD,0xF7,
    0xBD,0xF7,0xBD,0xF7,0xBD,0xF7,0xBD,0xF7,0xBD,0xF7,0xBD,0xF7,0xBD,0xF7,0xBD,0xF7,
    0xBD,0xF7,0xBD,0xF7,0xBD,0xF7,0xBD,0xF7,0xBD,0xF7,0xBD,0xF7,0xBD,0xF7,0xBD,0xF7,
    0xBD,0xF7,0xBD,0xF7,0xBD,0xF7,0xBD,0xF7,0xBD,0xF7,0xBD,0xF7,0xBD,0xF7,0xBD,0xF7,
    0xBD,0xF7,0xBD,0xF7,0xBD,0xF7,0xBD,0xF7,0xBD,0xF7,0xBD,0xF7,0xBD,0xF7,0xBD,0xF7,
    0xBD,0xF7,0xBD,0xF7,0xBD,0xF7,0xBD,0xF7,0xBD,0xF7,0xBD,0xF7,0xBD,0xF7,0xBD,0xF7,
    0xBD,0xF7,0xBD,0xF7,0xBD,0xF7,0xBD,0xF7,0xBD,0xF7,0xBD,0xF7,0xBD,0xF7,0xBD,0xF7,
    0xBD,0xF7,0xBD,0xF7,0xBD,0xF7,0xBD,0xF7,0xBD,0xF7,0xBD,0xF7,0xBD,0xF7,0xBD,0xF7,
    0xBD,0xF7,0xBD,0xF7,0xBD,0xF7,0xBD,0xF7,0xBD,0xF7,0xBD,0xF7,0xBD,0xF7,0xBD,0xF7,
    0xBD,0xF7,0xBD,0xF7,0xBD,0xF7,0xBD,0xF7,0xBD,0xF7,0xBD,0xF7,0xBD,0xF7,0xBD,0xF7,
    0xBD,0xF7,0xBD,0xF7,0xBD,0xF7,0xBD,0xF7,0xBD,0xF7,0xBD,0xF7,0xBD,0xF7,0xBD,0xF7,
    0xBD,0xF7,0xBD,0xF7,0xBD,0xF7,0xBD,0xF7,0xBD,0xF7,0xBD,0xF7,0xBD,0xF7,0xBD,0xF7,
    0xBD,0xF7,0xBD,0xF7,0xBD,0xF7,0xBD,0xF7,0xBD,0xF7,0xBD,0xF7,0xBD,0xF7,0xBD,0xF7,
    0xBD,0xF7,0xBD,0xF7,0xBD,0xF7,0xBD,0xF7,0xBD,0xF7,0xBD,0xF7,0xBD,0xF7,0xBD,0xF7,
    0xBD,0xF7,0xBD,0xF7,0xBD,0xF7,0xBD,0xF7,0xBD,0xF7,0xBD,0xF7,0xBD,0xF7,0xBD,0xF7,
    0xBD,0xF7,0xBD,0xF7,0xBD,0xF7,0xBD,0xF7,0xBD,0xF7,0xBD,0xF7,0xBD,0xF7,0xBD,0xF7,
    0xBD,0xF7,0xBD,0xF7,0xBD,0xF7,0xBD,0xF7,0xBD,0xF7,0xBD,0xF7,0xBD,0xF7,0xBD,0xF7,
    0xBD,0xF7,0xBD,0xF7,0xBD,0xF7,0xBD,0xF7,0xBD,0xF7,0xBD,0xF7,0xBD,0xF7,0xBD,0xF7,
    0xBD,0xF7,0xBD,0xF7,0xBD,0xF7,0xBD,0xF7,0xBD,0xF7,0xBD,0xF7,0xBD,0xF7,0xBD,0xF7,
    0xBD,0xF7,0xBD,0xF7,0xBD,0xF7,0xBD,0xF7,0xBD,0xF7,0xBD,0xF7,0xBD,0xF7,0xBD,0xF7,
    0xBD,0xF7,0xBD,0xF7,0xBD,0xF7,0xBD,0xF7,0xBD,0xF7,0xBD,0xF7,0xBD,0xF7,0xBD,0xF7,
    0xBD,0xF7,0xBD,0xF7,0xBD,0xF7,0xBD,0xF7,0xBD,0xF7,0xBD,0xF7,0xBD,0xF7,0xBD,0xF7,
    0xBD,0xF7,0xBD,0xF7,0xBD,0xF7,0xBD,0xF7,0xBD,0xF7,0xBD,0xF7,0xBD,0xF7,0xBD,0xF7,
    0xBD,0xF7,0xBD,0xF7,0xBD,0xF7,0xBD,0xF7,0xBD,0xF7,0xBD,0xF7,0xBD,0xF7,0xBD,0xF7,
    0xBD,0xF7,0xBD,0xF7,0xBD,0xF7,0xBD,0xF7,0xBD,0xF7,0xBD,0xF7,0xBD,0xF7,0xBD,0xF7,
    0xBD,0xF7,0xBD,0xF7,0xBD,0xF7,0xBD,0xF7,0xBD,0xF7,0xBD,0xF7,0xBD,0xF7,0xBD,0xF7,
    0xBD,0xF7,0xBD,0xF7,0xBD,0xF7,0xBD,0xF7,0xBD,0xF7,0xBD,0xF7,0xBD,0xF7,0xBD,0xF7,
    0xBD,0xF7,0xBD,0xF7,0xBD,0xF7,0xBD,0xF7,0xBD,0xF7,0xBD,0xF7,0xBD,0xF7,0xBD,0xF7,
    0xBD,0xF7,0xBD,0xF7,0xBD,0xF7,0xBD,0xF7,0xBD,0xF7,0xBD,0xF7,0xBD,0xF7,0xBD,0xF7,
    0xBD,0xF7,0xBD,0xF7,0xBD,0xF7,0xBD,0xF7,0xBD,0xF7,0xBD,0xF7,0xBD,0xF7,0xBD,0xF7,
    0xBD,0xF7,0xBD,0xF7,0xBD,0xF7,0xBD,0xF7,0xBD,0xF7,0xBD,0xF7,0xBD,0xF7,0xBD,0xF7,
    0xBD,0xF7,0xBD,0xF7,0xBD,0xF7,0xBD,0xF7,0xBC,0xF7,0xBC,0xF7,0xBD,0xF7,0xBD,0xF7,
    0xBD,0xF7,0xBD,0xF7,0xBD,0xF7,0xBD,0xF7,0xBD,0xF7,0xBD,0xF7,0xBD,0xF7,0xBD,0xF7,
    0xBD,0xF7,0x9B,0xEF,0xBD,0xF7,0xBD,0xF7,0xBD,0xF7,0xBD,0xF7,0xBD,0xF7,0xBD,0xF7,
    0xBD,0xF7,0xBD,0xF7,0xBD,0xF7,0xBD,0xF7,0xBD,0xF7,0xBD,0xF7,0xBD,0xF7,0xBD,0xF7,
    0xBD,0xF7,0xBD,0xF7,0xBD,0xF7,0xBD,0xF7,0xBD,0xF7,0xBD,0xF7,0xBD,0xF7,0xBD,0xF7,
    0xBD,0xF7,0xBD,0xF7,0xBD,0xF7,0xBD,0xF7,0xBD,0xF7,0xBD,0xF7,0xBD,0xF7,0xBD,0xF7,
    0xBD,0xF7,0xBD,0xF7,0xBD,0xF7,0xBD,0xF7,0xBD,0xF7,0xBD,0xF7,0xBD,0xF7,0xBD,0xF7,
    0xBD,0xF7,0xBD,0xF7,0xBD,0xF7,0xBD,0xF7,0xBD,0xF7,0xBD,0xF7,0xBD,0xF7,0xBD,0xF7,
    0xBD,0xF7,0xBD,0xF7,0xBD,0xF7,0xBD,0xF7,0xBD,0xF7,0xBD,0xF7,0xBD,0xF7,0xBD,0xF7,
    0xBC,0xF7,0xBD,0xF7,0x9B,0xEF,0x59,0xE7,0x9C,0xEF,0xBD,0xF7,0xBC,0xF7,0xBD,0xF7,
    0xBD,0xF7,0xBD,0xF7,0xBD,0xF7,0xBC,0xF7,0x59,0xE7,0xEF,0xBD,0x72,0xCE,0x91,0xD6,
    0x59,0xE7,0xBD,0xF7,0xBD,0xF7,0xBD,0xF7,0xBD,0xF7,0xBD,0xF7,0xBD,0xF7,0xBD,0xF7,
    0xBD,0xF7,0xBD,0xF7,0xBD,0xF7,0xBD,0xF7,0xBD,0xF7,0xBD,0xF7,0xBD,0xF7,0xBD,0xF7,
    0xBD,0xF7,0xBD,0xF7,0xBD,0xF7,0xBD,0xF7,0xBD,0xF7,0xBD,0xF7,0xBD,0xF7,0xBD,0xF7,
    0xBD,0xF7,0xBD,0xF7,0xBD,0xF7,0xBD,0xF7,0xBD,0xF7,0xBD,0xF7,0xBD,0xF7,0xBD,0xF7,
    0xBD,0xF7,0xBD,0xF7,0xBD,0xF7,0xBD,0xF7,0xBD,0xF7,0xBD,0xF7,0xBD,0xF7,0xBD,0xF7,
    0xBD,0xF7,0xBD,0xF7,0xBD,0xF7,0xBD,0xF7,0xBD,0xF7,0xBD,0xF7,0xBD,0xF7,0xBD,0xF7,
    0xBD,0xF7,0xBD,0xF7,0xBD,0xF7,0xBD,0xF7,0xBC,0xF7,0xBC,0xF7,0x74,0xC6,0xEF,0xB5,
    0xAD,0xAD,0x0F,0xBE,0x2F,0xC6,0x71,0xCE,0x59,0xE7,0xBD,0xF7,0xBD,0xF7,0xBD,0xF7,
    0xBD,0xF7,0xBC,0xF7,0x53,0xC6,0xEE,0xBD,0x70,0xCE,0xB2,0xDE,0xD5,0xDE,0xBD,0xF7,
    0xBD,0xF7,0xBD,0xF7,0xBD,0xF7,0xBD,0xF7,0xBD,0xF7,0xBD,0xF7,0xBD,0xF7,0xBD,0xF7,
    0xBD,0xF7,0xBD,0xF7,0xBD,0xF7,0xBD,0xF7,0xBD,0xF7,0xBD,0xF7,0xBD,0xF7,0xBD,0xF7,
    0xBD,0xF7,0xBD,0xF7,0xBD,0xF7,0xBD,0xF7,0xBD,0xF7,0xBD,0xF7,0xBD,0xF7,0xBD,0xF7,
    0xBD,0xF7,0xBD,0xF7,0xBD,0xF7,0xBD,0xF7,0xBD,0xF7,0xBD,0xF7,0xBD,0xF7,0xBD,0xF7,
    0xBD,0xF7,0xBD,0xF7,0xBD,0xF7,0xBD,0xF7,0xBD,0xF7,0xBD,0xF7,0xBD,0xF7,0xBD,0xF7,
    0xBD,0xF7,0xBD,0xF7,0xBD,0xF7,0xBD,0xF7,0xBD,0xF7,0xBD,0xF7,0xBD,0xF7,0xBD,0xF7,
    0xBD,0xF7,0xBD,0xF7,0x9C,0xF7,0x0D,0x95,0x6C,0x9D,0xAD,0xAD,0xCE,0xB5,0x0F,0xBE,
    0x50,0xCE,0x70,0xCE,0x2E,0xC6,0x93,0xCE,0xBD,0xF7,0xBD,0xF7,0xBD,0xF7,0xBC,0xF7,
    0xB5,0xD6,0x8C,0xAD,0x0F,0xBE,0x2F,0xC6,0x9C,0xF7,0xBD,0xF7,0xBD,0xF7,0xBD,0xF7,
    0xBD,0xF7,0xBD,0xF7,0xBD,0xF7,0xBD,0xF7,0xBD,0xF7,0xBD,0xF7,0xBD,0xF7,0xBD,0xF7,
    0xBD,0xF7,0xBD,0xF7,0xBD,0xF7,0xBD,0xF7,0xBD,0xF7,0xBD,0xF7,0xBD,0xF7,0xBD,0xF7,
    0xBD,0xF7,0xBD,0xF7,0xBD,0xF7,0xBD,0xF7,0xBD,0xF7,0xBD,0xF7,0xBD,0xF7,0xBD,0xF7,
    0xBD,0xF7,0xBD,0xF7,0xBD,0xF7,0xBD,0xF7,0xBD,0xF7,0xBD,0xF7,0xBD,0xF7,0xBD,0xF7,
    0xBD,0xF7,0xBD,0xF7,0xBD,0xF7,0xBD,0xF7,0xBD,0xF7,0xBD,0xF7,0xBD,0xF7,0xBD,0xF7,
    0xBD,0xF7,0xBD,0xF7,0xBD,0xF7,0xBD,0xF7,0xBD,0xF7,0xBD,0xF7,0xBD,0xF7,0xBC,0xF7,
    0xD1,0xB5,0xEB,0x8C,0x8D,0xA5,0xAD,0xAD,0xCE,0xB5,0xEF,0xBD,0x50,0xC6,0x50,0xC6,
    0xB2,0xDE,0x4F,0xCE,0x9B,0xEF,0xBC,0xF7,0xBD,0xF7,0xBD,0xF7,0xD5,0xD6,0x10,0xBE,
    0xD5,0xD6,0x9C,0xF7,0xBD,0xF7,0xBD,0xF7,0xBD,0xF7,0xBD,0xF7,0xBD,0xF7,0xBD,0xF7,
    0xBD,0xF7,0xBD,0xF7,0xBD,0xF7,0xBD,0xF7,0xBD,0xF7,0xBD,0xF7,0xBD,0xF7,0xBD,0xF7,
    0xBD,0xF7,0xBD,0xF7,0xBD,0xF7,0xBD,0xF7,0xBD,0xF7,0xBD,0xF7,0xBD,0xF7,0xBD,0xF7,
    0xBD,0xF7,0xBD,0xF7,0xBD,0xF7,0xBD,0xF7,0xBD,0xF7,0xBD,0xF7,0xBD,0xF7,0xBD,0xF7,
    0xBD,0xF7,0xBD,0xF7,0xBD,0xF7,0xBD,0xF7,0xBD,0xF7,0xBD,0xF7,0xBD,0xF7,0xBD,0xF7,
    0xBD,0xF7,0xBD,0xF7,0xBD,0xF7,0xBD,0xF7,0xBD,0xF7,0xBD,0xF7,0xBD,0xF7,0xBD,0xF7,
    0xBD,0xF7,0xBD,0xF7,0xBD,0xF7,0xBD,0xF7,0xBD,0xF7,0xBC,0xF7,0xF3,0xB5,0x8A,0x84,
    0x8D,0xAD,0xCE,0xB5,0xEE,0xB5,0x50,0xC6,0x30,0xC6,0xEE,0xBD,0x50,0xC6,0x91,0xD6,
    0xD6,0xD6,0xBC,0xF7,0xBD,0xF7,0x9C,0xF7,0x32,0xC6,0xBD,0xF7,0xBC,0xF7,0xBD,0xF7,
    0xBD,0xF7,0xBD,0xF7,0xBD,0xF7,0xBD,0xF7,0xBD,0xF7,0xBD,0xF7,0xBD,0xF7,0xBD,0xF7,
    0xBD,0xF7,0xBD,0xF7,0xBD,0xF7,0xBD,0xF7,0xBD,0xF7,0xBD,0xF7,0xBD,0xF7,0xBD,0xF7,
    0xBD,0xF7,0xBD,0xF7,0xBD,0xF7,0xBD,0xF7,0xBD,0xF7,0xBD,0xF7,0xBD,0xF7,0xBD,0xF7,
    0xBD,0xF7,0xBD,0xF7,0xBD,0xF7,0xBD,0xF7,0xBD,0xF7,0xBD,0xF7,0xBD,0xF7,0xBD,0xF7,
    0xBD,0xF7,0xBD,0xF7,0xBD,0xF7,0xBD,0xF7,0xBD,0xF7,0xBD,0xF7,0xBD,0xF7,0xBC,0xF7,
    0xBC,0xF7,0xBC,0xF7,0xBD,0xF7,0xBD,0xF7,0xBD,0xF7,0xBD,0xF7,0xBD,0xF7,0xBD,0xF7,
    0xBD,0xF7,0xBD,0xF7,0xBD,0xF7,0xBD,0xF7,0xBD,0xF7,0xD2,0xB5,0x4C,0x9D,0x0F,0xBE,
    0xEE,0xBD,0xEE,0xBD,0xCD,0xB5,0x4C,0xA5,0x8D,0xA5,0xEE,0xBD,0x73,0xC6,0xBC,0xF7,
    0xBD,0xF7,0x51,0xCE,0xBC,0xF7,0xBD,0xF7,0xBD,0xF7,0xBD,0xF7,0xBD,0xF7,0xBD,0xF7,
    0xBD,0xF7,0xBD,0xF7,0xBD,0xF7,0xBD,0xF7,0xBD,0xF7,0xBD,0xF7,0xBD,0xF7,0xBD,0xF7,
    0xBD,0xF7,0xBD,0xF7,0xBD,0xF7,0xBD,0xF7,0xBD,0xF7,0xBD,0xF7,0xBD,0xF7,0xBD,0xF7,
    0xBD,0xF7,0xBD,0xF7,0xBD,0xF7,0xBD,0xF7,0xBD,0xF7,0xBD,0xF7,0xBD,0xF7,0xBD,0xF7,
    0xBD,0xF7,0xBD,0xF7,0xBD,0xF7,0xBD,0xF7,0xBD,0xF7,0xBD,0xF7,0xBD,0xF7,0xBD,0xF7,
    0xBD,0xF7,0xBC,0xF7,0xBD,0xF7,0xBC,0xF7,0xBC,0xF7,0xBD,0xF7,0xBD,0xF7,0xBD,0xF7,
    0xBD,0xF7,0xBD,0xF7,0xBD,0xF7,0xBD,0xF7,0xBD,0xF7,0xBD,0xF7,0xBD,0xF7,0xBD,0xF7,
    0xBD,0xF7,0xBD,0xF7,0xBD,0xF7,0xBD,0xF7,0xB0,0xAD,0x6C,0xA5,0xCD,0xB5,0xEE,0xBD,
    0xCE,0xB5,0x0B,0x95,0x0C,0x95,0x2B,0x9D,0x95,0xCE,0xDD,0xF7,0xF6,0xDE,0x5A,0xEF,
    0xBC,0xF7,0xBC,0xF7,0xBC,0xF7,0xBC,0xF7,0xBC,0xF7,0xBC,0xF7,0xBD,0xF7,0xBD,0xF7,
    0xBD,0xF7,0xBD,0xF7,0xBD,0xF7,0xBD,0xF7,0xBD,0xF7,0xBD,0xF7,0xBD,0xF7,0xBD,0xF7,
    0xBD,0xF7,0xBD,0xF7,0xBD,0xF7,0xBD,0xF7,0xBD,0xF7,0xBD,0xF7,0xBD,0xF7,0xBD,0xF7,
    0xBD,0xF7,0xBD,0xF7,0xBD,0xF7,0xBD,0xF7,0xBD,0xF7,0xBD,0xF7,0xBD,0xF7,0xBD,0xF7,
    0xBD,0xF7,0xBD,0xF7,0xBD,0xF7,0xBD,0xF7,0xBD,0xF7,0xBD,0xF7,0xBC,0xF7,0xBC,0xF7,
    0xBD,0xF7,0xBD,0xF7,0xBD,0xF7,0xBD,0xF7,0xBD,0xF7,0xBD,0xF7,0xBD,0xF7,0xBD,0xF7,
    0xBD,0xF7,0xBD,0xF7,0xBD,0xF7,0xBD,0xF7,0xBD,0xF7,0xBD,0xF7,0xBD,0xF7,0xBD,0xF7,
    0xBD,0xF7,0xBD,0xF7,0xBD,0xF7,0x95,0xCE,0x4D,0x9D,0x6C,0xA5,0x2C,0x9D,0x8A,0x84,
    0x08,0x74,0x0D,0x95,0xBD,0xF7,0xBC,0xF7,0x59,0xE7,0xBD,0xF7,0xBC,0xF7,0x5A,0xE7,
    0x94,0xCE,0xB3,0xD6,0xD4,0xDE,0x9B,0xEF,0xBD,0xF7,0xBD,0xF7,0xBD,0xF7,0xBD,0xF7,
    0xBD,0xF7,0xBD,0xF7,0xBD,0xF7,0xBD,0xF7,0xBD,0xF7,0xBD,0xF7,0xBD,0xF7,0xBD,0xF7,
    0xBD,0xF7,0xBD,0xF7,0xBD,0xF7,0xBD,0xF7,0xBD,0xF7,0xBD,0xF7,0xBD,0xF7,0xBD,0xF7,
    0xBD,0xF7,0xBD,0xF7,0xBD,0xF7,0xBD,0xF7,0xBD,0xF7,0xBD,0xF7,0xBD,0xF7,0xBD,0xF7,
    0xBD,0xF7,0xBD,0xF7,0xBD,0xF7,0xBC,0xF7,0xBC,0xF7,0xBD,0xF7,0xBD,0xF7,0xBD,0xF7,
    0xBD,0xF7,0xBD,0xF7,0xBD,0xF7,0xBD,0xF7,0xBD,0xF7,0xBD,0xF7,0xBD,0xF7,0xBD,0xF7,
    0xBD,0xF7,0xBD,0xF7,0xBD,0xF7,0xBD,0xF7,0xBD,0xF7,0xBD,0xF7,0xBD,0xF7,0xBD,0xF7,
    0xBD,0xF7,0xBC,0xF7,0xBD,0xF7,0x95,0xCE,0xB1,0xAD,0xAC,0x84,0x8B,0x84,0x9C,0xF7,
    0xBD,0xF7,0xB3,0xD6,0xBD,0xF7,0xBD,0xF7,0x12,0xBE,0xCE,0xB5,0x0E,0xBE,0x4F,0xCE,
    0x70,0xCE,0x71,0xD6,0xD4,0xDE,0xBD,0xF7,0xBD,0xF7,0xBD,0xF7,0xBD,0xF7,0xBD,0xF7,
    0xBD,0xF7,0xBD,0xF7,0xBD,0xF7,0xBD,0xF7,0xBD,0xF7,0xBD,0xF7,0xBD,0xF7,0xBD,0xF7,
    0xBD,0xF7,0xBD,0xF7,0xBD,0xF7,0xBD,0xF7,0xBD,0xF7,0xBD,0xF7,0xBD,0xF7,0xBD,0xF7,
    0xBD,0xF7,0xBD,0xF7,0xBD,0xF7,0xBD,0xF7,0xBD,0xF7,0xBD,0xF7,0xBD,0xF7,0xBD,0xF7,
    0xBD,0xF7,0xBD,0xF7,0xBD,0xF7,0xBD,0xF7,0xBD,0xF7,0xBD,0xF7,0xBD,0xF7,0xBD,0xF7,
    0xBD,0xF7,0xBD,0xF7,0xBD,0xF7,0xBD,0xF7,0xBD,0xF7,0xBD,0xF7,0xBD,0xF7,0xBD,0xF7,
    0xBD,0xF7,0xBD,0xF7,0xBD,0xF7,0xBD,0xF7,0xBD,0xF7,0xBD,0xF7,0xBD,0xF7,0xBD,0xF7,
    0xBD,0xF7,0xBC,0xF7,0xDD,0xF7,0xF8,0xDE,0xF2,0xB5,0xDD,0xF7,0xB3,0xD6,0xBD,0xF7,
    0xDD,0xFF,0x11,0xBE,0xE9,0x8C,0xCE,0xB5,0xEE,0xBD,0xEE,0xBD,0x70,0xCE,0xF4,0xE6,
    0xD3,0xDE,0xF5,0xDE,0xBD,0xF7,0xBD,0xF7,0xBD,0xF7,0xBD,0xF7,0xBD,0xF7,0xBD,0xF7,
    0xBD,0xF7,0xBD,0xF7,0xBD,0xF7,0xBD,0xF7,0xBD,0xF7,0xBD,0xF7,0xBD,0xF7,0xBD,0xF7,
    0xBD,0xF7,0xBD,0xF7,0xBD,0xF7,0xBD,0xF7,0xBD,0xF7,0xBD,0xF7,0xBD,0xF7,0xBD,0xF7,
    0xBD,0xF7,0xBD,0xF7,0xBD,0xF7,0xBD,0xF7,0xBD,0xF7,0xBD,0xF7,0xBD,0xF7,0xBC,0xF7,
    0xBD,0xF7,0xBD,0xF7,0xBD,0xF7,0xBD,0xF7,0xBD,0xF7,0xBD,0xF7,0xBD,0xF7,0xBD,0xF7,
    0xBD,0xF7,0xBD,0xF7,0x59,0xE7,0xBD,0xF7,0xBD,0xF7,0xBD,0xF7,0xBD,0xF7,0xBD,0xF7,
    0xBD,0xF7,0xBD,0xF7,0xBD,0xF7,0xBD,0xF7,0xBC,0xF7,0xBD,0xF7,0xBD,0xF7,0xBD,0xF7,
    0xBD,0xF7,0x9C,0xF7,0x73,0xCE,0x17,0xDF,0xD4,0xD6,0x9C,0xEF,0x12,0xBE,0x6D,0xA5,
    0xEE,0xB5,0x0F,0xBE,0x50,0xC6,0x0F,0xC6,0x2F,0xCE,0xB2,0xD6,0x36,0xE7,0x92,0xD6,
    0xBC,0xF7,0xBD,0xF7,0xBD,0xF7,0xBD,0xF7,0xBD,0xF7,0xBD,0xF7,0xBD,0xF7,0xBD,0xF7,
    0xBD,0xF7,0xBD,0xF7,0xBD,0xF7,0xBD,0xF7,0xBD,0xF7,0xBD,0xF7,0xBD,0xF7,0xBD,0xF7,
    0xBD,0xF7,0xBD,0xF7,0xBD,0xF7,0xBD,0xF7,0xBD,0xF7,0xBD,0xF7,0xBD,0xF7,0xBD,0xF7,
    0xBD,0xF7,0xBD,0xF7,0xBD,0xF7,0xBD,0xF7,0xBD,0xF7,0xBC,0xF7,0xBD,0xF7,0xBD,0xF7,
    0xBD,0xF7,0xBD,0xF7,0xBD,0xF7,0xBD,0xF7,0xBD,0xF7,0xBD,0xF7,0xBD,0xF7,0xBD,0xF7,
    0x93,0xD6,0xD4,0xDE,0xBD,0xF7,0xBD,0xF7,0xBD,0xF7,0xBC,0xF7,0x95,0xCE,0x33,0xBE,
    0x74,0xCE,0x5A,0xEF,0xBD,0xF7,0xBD,0xF7,0xBD,0xF7,0xBD,0xF7,0xBC,0xF7,0x5A,0xE7,
    0xF1,0xBD,0x31,0xC6,0xAF,0xAD,0xD0,0xB5,0xBC,0xF7,0x74,0xC6,0xEE,0xB5,0x91,0xD6,
    0x91,0xD6,0x70,0xCE,0x91,0xD6,0x91,0xD6,0xB2,0xD6,0x91,0xD6,0xF6,0xDE,0xBC,0xF7,
    0xBD,0xF7,0xBD,0xF7,0xBD,0xF7,0xBD,0xF7,0xBD,0xF7,0xBD,0xF7,0xBD,0xF7,0xBD,0xF7,
    0xBD,0xF7,0xBD,0xF7,0xBD,0xF7,0xBD,0xF7,0xBD,0xF7,0xBD,0xF7,0xBD,0xF7,0xBD,0xF7,
    0xBD,0xF7,0xBD,0xF7,0xBD,0xF7,0xBD,0xF7,0xBD,0xF7,0xBD,0xF7,0xBD,0xF7,0xBD,0xF7,
    0xBD,0xF7,0xBD,0xF7,0xBD,0xF7,0xBD,0xF7,0xBD,0xF7,0xBD,0xF7,0xBD,0xF7,0xBD,0xF7,
    0xBD,0xF7,0xBD,0xF7,0xBD,0xF7,0xBD,0xF7,0xBD,0xF7,0xBD,0xF7,0xB4,0xD6,0x72,0xCE,
    0x59,0xE7,0xBC,0xF7,0x3A,0xE7,0x0C,0x95,0x2B,0x9D,0x2B,0x95,0x2B,0x95,0x6D,0xA5,
    0xB5,0xD6,0xBC,0xF7,0xBD,0xF7,0xBD,0xF7,0xBD,0xF7,0x18,0xE7,0x8D,0xAD,0x4D,0xA5,
    0x95,0xCE,0xBD,0xF7,0xBC,0xF7,0xBD,0xF7,0xCF,0xB5,0xEE,0xBD,0x91,0xD6,0x91,0xD6,
    0xB2,0xDE,0xD2,0xDE,0xB2,0xD6,0x91,0xD6,0xB4,0xD6,0xBD,0xF7,0xBD,0xF7,0xBD,0xF7,
    0xBD,0xF7,0xBD,0xF7,0xBD,0xF7,0xBD,0xF7,0xBD,0xF7,0xBD,0xF7,0xBD,0xF7,0xBD,0xF7,
    0xBD,0xF7,0xBD,0xF7,0xBD,0xF7,0xBD,0xF7,0xBD,0xF7,0xBD,0xF7,0xBD,0xF7,0xBD,0xF7,
    0xBD,0xF7,0xBD,0xF7,0xBD,0xF7,0xBD,0xF7,0xBD,0xF7,0xBD,0xF7,0xBD,0xF7,0xBC,0xF7,
    0xBD,0xF7,0xBD,0xF7,0xBD,0xF7,0xBD,0xF7,0xBD,0xF7,0xBD,0xF7,0xBD,0xF7,0xBD,0xF7,
    0xBD,0xF7,0xBD,0xF7,0xBD,0xF7,0xBD,0xF7,0x93,0xD6,0x93,0xCE,0x7A,0xEF,0xBD,0xF7,
    0x4F,0x9D,0x0B,0x95,0x6D,0xA5,0x6D,0xA5,0x2C,0x9D,0x6D,0xA5,0xEE,0xBD,0xD7,0xDE,
    0xBC,0xF7,0xBD,0xF7,0xBC,0xF7,0x91,0xAD,0xCA,0x8C,0x39,0xE7,0xDD,0xF7,0xBD,0xF7,
    0xBD,0xF7,0xBD,0xF7,0xBD,0xF7,0x11,0xBE,0xEF,0xBD,0x70,0xCE,0x91,0xD6,0x70,0xCE,
    0x70,0xCE,0x2F,0xC6,0xF7,0xDE,0xBC,0xF7,0xBD,0xF7,0xBD,0xF7,0xBD,0xF7,0xBD,0xF7,
    0xBD,0xF7,0xBD,0xF7,0xBD,0xF7,0xBD,0xF7,0xBD,0xF7,0xBD,0xF7,0xBD,0xF7,0xBD,0xF7,
    0xBD,0xF7,0xBD,0xF7,0xBD,0xF7,0xBD,0xF7,0xBD,0xF7,0xBD,0xF7,0xBD,0xF7,0xBD,0xF7,
    0xBD,0xF7,0xBD,0xF7,0xBD,0xF7,0xBD,0xF7,0xBD,0xF7,0xBD,0xF7,0xBD,0xF7,0xBD,0xF7,
    0xBD,0xF7,0xBD,0xF7,0xBD,0xF7,0xBD,0xF7,0xBD,0xF7,0xBD,0xF7,0xBD,0xF7,0xBD,0xF7,
    0xBD,0xF7,0xBD,0xF7,0x73,0xCE,0xB4,0xD6,0xBD,0xF7,0xB6,0xD6,0x8A,0x84,0x2C,0x9D,
    0x2C,0x95,0x4C,0x9D,0x2C,0x9D,0x6D,0xA5,0x50,0xCE,0x93,0xD6,0xBD,0xF7,0xBD,0xF7,
    0xBC,0xF7,0x2D,0x9D,0x73,0xCE,0xBC,0xF7,0xBD,0xF7,0xBD,0xF7,0xBD,0xF7,0xBD,0xF7,
    0xBD,0xF7,0xBD,0xF7,0x9C,0xEF,0x5A,0xEF,0x38,0xE7,0xD5,0xDE,0x0F,0xBE,0xCF,0xB5,
    0xBC,0xF7,0xBD,0xF7,0xBD,0xF7,0xBD,0xF7,0xBD,0xF7,0xBD,0xF7,0xBD,0xF7,0xBD,0xF7,
    0xBD,0xF7,0xBD,0xF7,0xBD,0xF7,0xBD,0xF7,0xBD,0xF7,0xBD,0xF7,0xBD,0xF7,0xBD,0xF7,
    0xBD,0xF7,0xBD,0xF7,0xBD,0xF7,0xBD,0xF7,0xBD,0xF7,0xBD,0xF7,0xBD,0xF7,0xBD,0xF7,
    0xBD,0xF7,0xBD,0xF7,0xBD,0xF7,0xBC,0xF7,0xBD,0xF7,0xBC,0xF7,0xBD,0xF7,0xBD,0xF7,
    0xBD,0xF7,0xBD,0xF7,0xBD,0xF7,0xBD,0xF7,0xBD,0xF7,0xBD,0xF7,0xBD,0xF7,0xBD,0xF7,
    0x72,0xCE,0xB4,0xD6,0x7A,0xEF,0x12,0xBE,0x89,0x7C,0x4C,0x9D,0x6C,0xA5,0x4C,0xA5,
    0x4D,0x9D,0xEE,0xB5,0xAE,0xAD,0x8E,0xAD,0x18,0xE7,0xBD,0xF7,0xB6,0xD6,0x31,0xC6,
    0xBC,0xF7,0xBD,0xF7,0xBD,0xF7,0xBC,0xF7,0xBC,0xF7,0xBC,0xF7,0xBD,0xF7,0xBD,0xF7,
    0xBD,0xF7,0xBC,0xF7,0xBC,0xF7,0xBC,0xF7,0xBD,0xF7,0xBD,0xF7,0xBD,0xF7,0xBD,0xF7,
    0xBD,0xF7,0xBD,0xF7,0xBD,0xF7,0xBD,0xF7,0xBD,0xF7,0xBD,0xF7,0xBD,0xF7,0xBD,0xF7,
    0xBD,0xF7,0xBD,0xF7,0xBD,0xF7,0xBD,0xF7,0xBD,0xF7,0xBD,0xF7,0xBD,0xF7,0xBD,0xF7,
    0xBD,0xF7,0xBD,0xF7,0xBD,0xF7,0xBD,0xF7,0xBD,0xF7,0xBD,0xF7,0xBD,0xF7,0xBD,0xF7,
    0xBD,0xF7,0xBC,0xF7,0xBD,0xF7,0xBD,0xF7,0xBD,0xF7,0xBD,0xF7,0xBD,0xF7,0xBD,0xF7,
    0xBD,0xF7,0xBD,0xF7,0xBD,0xF7,0xBD,0xF7,0xBD,0xF7,0xBD,0xF7,0xB4,0xD6,0xB5,0xD6,
    0x59,0xEF,0xB6,0xD6,0xEC,0x8C,0x4C,0x9D,0x2C,0x9D,0x4C,0xA5,0x4C,0x9D,0x0C,0x95,
    0x0C,0x95,0xEB,0x8C,0x74,0xCE,0x59,0xEF,0x11,0xBE,0xBD,0xF7,0xBC,0xF7,0xBD,0xF7,
    0xBD,0xF7,0x75,0xCE,0x54,0xC6,0xB6,0xD6,0xBD,0xF7,0xBC,0xF7,0xBD,0xF7,0xBD,0xF7,
    0xBD,0xF7,0xBD,0xF7,0xBD,0xF7,0xBD,0xF7,0xBD,0xF7,0xBD,0xF7,0xBD,0xF7,0xBD,0xF7,
    0xBD,0xF7,0xBD,0xF7,0xBD,0xF7,0xBD,0xF7,0xBD,0xF7,0xBD,0xF7,0xBD,0xF7,0xBD,0xF7,
    0xBD,0xF7,0xBD,0xF7,0xBD,0xF7,0xBD,0xF7,0xBD,0xF7,0xBD,0xF7,0xBD,0xF7,0xBD,0xF7,
    0xBD,0xF7,0xBD,0xF7,0xBD,0xF7,0xBD,0xF7,0xBD,0xF7,0xBD,0xF7,0xBD,0xF7,0xBC,0xF7,
    0xBD,0xF7,0xBD,0xF7,0xBD,0xF7,0xBD,0xF7,0xBD,0xF7,0xBD,0xF7,0xBD,0xF7,0xBD,0xF7,
    0xBD,0xF7,0xBD,0xF7,0xBD,0xF7,0xBD,0xF7,0xD5,0xDE,0xB4,0xD6,0x18,0xE7,0x7A,0xEF,
    0xB1,0xAD,0x69,0x7C,0x0B,0x95,0x2C,0x9D,0x0C,0x95,0x8B,0x7C,0xAB,0x84,0x2D,0x95,
    0x17,0xE7,0x52,0xC6,0x72,0xCE,0xBD,0xF7,0xBC,0xF7,0x3A,0xE7,0xCD,0x8C,0x49,0x74,
    0x8A,0x7C,0xCB,0x8C,0x2D,0x9D,0x96,0xCE,0xBC,0xF7,0xBD,0xF7,0xBD,0xF7,0xBD,0xF7,
    0xBD,0xF7,0xBD,0xF7,0xBD,0xF7,0xBD,0xF7,0xBD,0xF7,0xBD,0xF7,0xBD,0xF7,0xBD,0xF7,
    0xBD,0xF7,0xBD,0xF7,0xBD,0xF7,0xBD,0xF7,0xBD,0xF7,0xBD,0xF7,0xBD,0xF7,0xBD,0xF7,
    0xBD,0xF7,0xBD,0xF7,0xBD,0xF7,0xBD,0xF7,0xBD,0xF7,0xBD,0xF7,0xBD,0xF7,0xBD,0xF7,
    0xBD,0xF7,0xBD,0xF7,0xBD,0xF7,0xBD,0xF7,0xBD,0xF7,0x9C,0xF7,0xBD,0xF7,0xBD,0xF7,
    0xBD,0xF7,0xBD,0xF7,0xBD,0xF7,0xBD,0xF7,0xBD,0xF7,0xBD,0xF7,0xBD,0xF7,0xBD,0xF7,
    0xBD,0xF7,0xBD,0xF7,0x59,0xEF,0xF6,0xDE,0x17,0xE7,0xF7,0xDE,0xBC,0xF7,0xB1,0xAD,
    0xCB,0x8C,0xAB,0x84,0xCB,0x84,0x8B,0x7C,0x6A,0x74,0x53,0xC6,0xBD,0xF7,0x10,0xC6,
    0x17,0xE7,0xBD,0xF7,0xBC,0xF7,0x8C,0x84,0x8A,0x84,0xCB,0x84,0xCB,0x84,0x0C,0x8D,
    0xEB,0x8C,0xCA,0x8C,0xB5,0xCE,0xBC,0xF7,0xBD,0xF7,0xBD,0xF7,0xBD,0xF7,0xBD,0xF7,
    0xBD,0xF7,0xBD,0xF7,0xBD,0xF7,0xBD,0xF7,0xBD,0xF7,0xBD,0xF7,0xBD,0xF7,0xBD,0xF7,
    0xBD,0xF7,0xBD,0xF7,0xBD,0xF7,0xBD,0xF7,0xBD,0xF7,0xBD,0xF7,0xBD,0xF7,0xBD,0xF7,
    0xBD,0xF7,0xBD,0xF7,0xBD,0xF7,0xBD,0xF7,0xBD,0xF7,0xBD,0xF7,0xBD,0xF7,0xBD,0xF7,
    0xBD,0xF7,0xBD,0xF7,0xBD,0xF7,0xBC,0xF7,0xBD,0xF7,0xBD,0xF7,0xBD,0xF7,0xBD,0xF7,
    0xBD,0xF7,0xBD,0xF7,0xBD,0xF7,0xBD,0xF7,0xBD,0xF7,0xBD,0xF7,0xBD,0xF7,0xBD,0xF7,
    0xD6,0xDE,0xB5,0xD6,0xB4,0xD6,0x7A,0xEF,0xBD,0xF7,0xBC,0xF7,0xF7,0xDE,0xED,0x94,
    0x6B,0x7C,0x6A,0x74,0x33,0xBE,0xBC,0xF7,0x9B,0xEF,0x72,0xCE,0xBD,0xF7,0xBC,0xF7,
    0xB1,0xAD,0xC8,0x63,0x4A,0x7C,0xAB,0x84,0x0C,0x95,0x2C,0x9D,0x4C,0x9D,0x8C,0xA5,
    0x10,0xBE,0xBD,0xF7,0xBD,0xF7,0xBD,0xF7,0xBD,0xF7,0xBD,0xF7,0xBD,0xF7,0xBD,0xF7,
    0xBD,0xF7,0xBD,0xF7,0xBD,0xF7,0xBD,0xF7,0xBD,0xF7,0xBD,0xF7,0xBD,0xF7,0xBD,0xF7,
    0xBD,0xF7,0xBD,0xF7,0xBD,0xF7,0xBD,0xF7,0xBD,0xF7,0xBD,0xF7,0xBD,0xF7,0xBD,0xF7,
    0xBD,0xF7,0xBD,0xF7,0xBD,0xF7,0xBD,0xF7,0xBD,0xF7,0xBD,0xF7,0xBD,0xF7,0xBD,0xF7,
    0xBD,0xF7,0xBD,0xF7,0x9C,0xF7,0xBD,0xF7,0xBD,0xF7,0xBD,0xF7,0xBD,0xF7,0xBD,0xF7,
    0xBD,0xF7,0xBD,0xF7,0xBD,0xF7,0xBD,0xF7,0xBD,0xF7,0xBD,0xF7,0xBD,0xF7,0x93,0xD6,
    0x94,0xD6,0xBD,0xF7,0xBD,0xF7,0xBC,0xF7,0x7A,0xEF,0x39,0xEF,0x95,0xCE,0xCD,0x8C,
    0x7A,0xEF,0xBD,0xF7,0xB4,0xDE,0x7A,0xEF,0xBD,0xF7,0xB0,0xAD,0xE9,0x6B,0xAB,0x84,
    0xEC,0x8C,0x4C,0x9D,0xCE,0xAD,0xEE,0xBD,0x2F,0xC6,0x91,0xD6,0x50,0xCE,0x7B,0xEF,
    0xBD,0xF7,0xBD,0xF7,0xBD,0xF7,0xBD,0xF7,0xBD,0xF7,0xBD,0xF7,0xBD,0xF7,0xBD,0xF7,
    0xBD,0xF7,0xBD,0xF7,0xBD,0xF7,0xBD,0xF7,0xBD,0xF7,0xBD,0xF7,0xBD,0xF7,0xBD,0xF7,
    0xBD,0xF7,0xBD,0xF7,0xBD,0xF7,0xBD,0xF7,0xBD,0xF7,0xBD,0xF7,0xBD,0xF7,0xBD,0xF7,
    0xBD,0xF7,0xBD,0xF7,0xBD,0xF7,0xBD,0xF7,0xBD,0xF7,0xBD,0xF7,0xBD,0xF7,0xBD,0xF7,
    0x9B,0xEF,0xBD,0xF7,0xBD,0xF7,0xBD,0xF7,0xBD,0xF7,0xBD,0xF7,0xBD,0xF7,0xBD,0xF7,
    0xBD,0xF7,0xBD,0xF7,0xBD,0xF7,0xBD,0xF7,0xF7,0xDE,0x38,0xE7,0x38,0xE7,0xBD,0xF7,
    0x9C,0xF7,0x18,0xE7,0xF7,0xDE,0x18,0xE7,0xD6,0xDE,0xCD,0x8C,0x17,0xE7,0x5A,0xEF,
    0x93,0xD6,0xBC,0xF7,0x4E,0x9D,0x33,0xBE,0x5A,0xE7,0xEC,0x8C,0xAE,0xAD,0xAD,0xAD,
    0xEE,0xBD,0x2F,0xC6,0x0F,0xC6,0x71,0xCE,0x50,0xC6,0x38,0xE7,0xBD,0xF7,0xBD,0xF7,
    0xBD,0xF7,0xBD,0xF7,0xBD,0xF7,0xBD,0xF7,0xBD,0xF7,0xBD,0xF7,0xBD,0xF7,0xBD,0xF7,
    0xBD,0xF7,0xBD,0xF7,0xBD,0xF7,0xBD,0xF7,0xBD,0xF7,0xBD,0xF7,0xBD,0xF7,0xBD,0xF7,
    0xBD,0xF7,0xBD,0xF7,0xBD,0xF7,0xBD,0xF7,0xBD,0xF7,0xBD,0xF7,0xBD,0xF7,0xBD,0xF7,
    0xBD,0xF7,0xBD,0xF7,0xBD,0xF7,0xBD,0xF7,0xBD,0xF7,0xBD,0xF7,0xBC,0xF7,0x9C,0xEF,
    0xBC,0xF7,0xBD,0xF7,0xBD,0xF7,0xBD,0xF7,0xBD,0xF7,0xBD,0xF7,0xBD,0xF7,0xBD,0xF7,
    0xBD,0xF7,0xBD,0xF7,0xEC,0x94,0xAF,0xB5,0x12,0xBE,0xBC,0xF7,0x38,0xE7,0xD6,0xDE,
    0xF7,0xDE,0xF7,0xDE,0xB5,0xD6,0x8C,0x84,0x7B,0xEF,0xB5,0xD6,0x93,0xD6,0x6F,0xA5,
    0x33,0xBE,0xDD,0xF7,0xBC,0xF7,0x95,0xCE,0x4C,0x9D,0x8D,0xA5,0x0F,0xBE,0x50,0xC6,
    0x50,0xCE,0x70,0xCE,0x30,0xC6,0x7B,0xEF,0xBD,0xF7,0xBD,0xF7,0xBD,0xF7,0xBD,0xF7,
    0xBD,0xF7,0xBD,0xF7,0xBD,0xF7,0xBD,0xF7,0xBD,0xF7,0xBD,0xF7,0xBD,0xF7,0xBD,0xF7,
    0xBD,0xF7,0xBD,0xF7,0xBD,0xF7,0xBD,0xF7,0xBD,0xF7,0xBD,0xF7,0xBD,0xF7,0xBD,0xF7,
    0xBD,0xF7,0xBD,0xF7,0xBD,0xF7,0xBD,0xF7,0xBD,0xF7,0xBD,0xF7,0xBD,0xF7,0xBD,0xF7,
    0xBD,0xF7,0xBD,0xF7,0xBD,0xF7,0xBD,0xF7,0xBD,0xF7,0x9B,0xEF,0xBC,0xF7,0xBD,0xF7,
    0xBD,0xF7,0xBD,0xF7,0xBD,0xF7,0xBD,0xF7,0xBD,0xF7,0xBD,0xF7,0xBD,0xF7,0xBD,0xF7,
    0xCE,0xB5,0xCE,0xB5,0x4C,0x9D,0xAF,0xAD,0xD6,0xDE,0xB6,0xDE,0xB6,0xD6,0x39,0xE7,
    0xB6,0xD6,0x8C,0x84,0x9B,0xEF,0xB4,0xD6,0x8E,0xAD,0x6E,0xA5,0xBD,0xF7,0xBD,0xF7,
    0xBD,0xF7,0xBD,0xF7,0x95,0xCE,0x8F,0xAD,0xEE,0xB5,0x2F,0xC6,0x2F,0xC6,0x2F,0xC6,
    0x30,0xC6,0xBD,0xF7,0xBD,0xF7,0xBD,0xF7,0xBD,0xF7,0xBD,0xF7,0xBD,0xF7,0xBD,0xF7,
    0xBD,0xF7,0xBD,0xF7,0xBD,0xF7,0xBD,0xF7,0xBD,0xF7,0xBD,0xF7,0xBD,0xF7,0xBD,0xF7,
    0xBD,0xF7,0xBD,0xF7,0xBD,0xF7,0xBD,0xF7,0xBD,0xF7,0xBD,0xF7,0xBD,0xF7,0xBD,0xF7,
    0xBD,0xF7,0xBD,0xF7,0xBD,0xF7,0xBD,0xF7,0xBD,0xF7,0xBD,0xF7,0xBD,0xF7,0xBD,0xF7,
    0xBD,0xF7,0xBD,0xF7,0xBD,0xF7,0xBD,0xF7,0x9C,0xEF,0x9C,0xF7,0xBC,0xF7,0xBD,0xF7,
    0xBD,0xF7,0xBD,0xF7,0xBD,0xF7,0xBD,0xF7,0xBD,0xF7,0xBD,0xF7,0x8D,0xA5,0x8D,0xAD,
    0x6C,0xA5,0x4C,0xA5,0x94,0xCE,0x52,0xC6,0xAE,0xAD,0xF0,0xBD,0xB6,0xD6,0x8B,0x84,
    0x95,0xD6,0xCF,0xB5,0xEB,0x94,0x7A,0xEF,0xBD,0xF7,0xBD,0xF7,0xBC,0xF7,0xBD,0xF7,
    0xBD,0xF7,0xBD,0xF7,0x7A,0xEF,0x39,0xE7,0x73,0xCE,0xEF,0xB5,0x39,0xE7,0xBD,0xF7,
    0xBD,0xF7,0xBD,0xF7,0xBD,0xF7,0xBD,0xF7,0xBD,0xF7,0xBD,0xF7,0xBD,0xF7,0xBD,0xF7,
    0xBD,0xF7,0xBD,0xF7,0xBD,0xF7,0xBD,0xF7,0xBD,0xF7,0xBD,0xF7,0xBD,0xF7,0xBD,0xF7,
    0xBD,0xF7,0xBD,0xF7,0xBD,0xF7,0xBD,0xF7,0xBD,0xF7,0xBD,0xF7,0xBD,0xF7,0xBD,0xF7,
    0xBD,0xF7,0xBD,0xF7,0xBD,0xF7,0xBD,0xF7,0xBD,0xF7,0xBD,0xF7,0xBD,0xF7,0xBD,0xF7,
    0xBD,0xF7,0xBD,0xF7,0xBD,0xF7,0xBC,0xF7,0x7B,0xEF,0x9C,0xF7,0xBD,0xF7,0xBD,0xF7,
    0xBD,0xF7,0xBD,0xF7,0xBD,0xF7,0xBD,0xF7,0x4C,0x9D,0x2C,0x9D,0xAB,0x84,0x4C,0x9D,
    0x8E,0xAD,0xF0,0xB5,0xCF,0xB5,0xCF,0xB5,0xF0,0xB5,0x4E,0xA5,0x4D,0xA5,0x2B,0xA5,
    0x53,0xC6,0xBD,0xF7,0xBC,0xF7,0xBD,0xF7,0xBD,0xF7,0xBD,0xF7,0xBD,0xF7,0xBD,0xF7,
    0xBD,0xF7,0xBD,0xF7,0xBD,0xF7,0xBD,0xF7,0xBD,0xF7,0xBD,0xF7,0xBD,0xF7,0xBD,0xF7,
    0xBD,0xF7,0xBD,0xF7,0xBD,0xF7,0xBD,0xF7,0xBD,0xF7,0xBD,0xF7,0xBD,0xF7,0xBD,0xF7,
    0xBD,0xF7,0xBD,0xF7,0xBD,0xF7,0xBD,0xF7,0xBD,0xF7,0xBD,0xF7,0xBD,0xF7,0xBD,0xF7,
    0xBD,0xF7,0xBD,0xF7,0xBD,0xF7,0xBD,0xF7,0xBD,0xF7,0xBD,0xF7,0xBD,0xF7,0xBD,0xF7,
    0xBD,0xF7,0xBD,0xF7,0xBD,0xF7,0xBD,0xF7,0xBD,0xF7,0xBD,0xF7,0xBD,0xF7,0xBD,0xF7,
    0xBD,0xF7,0xBD,0xF7,0xBD,0xF7,0xBC,0xF7,0x9B,0xEF,0x9B,0xEF,0x9B,0xEF,0x9B,0xEF,
    0x9B,0xEF,0x9B,0xEF,0x4C,0x9D,0x4C,0x9D,0x2C,0x95,0xCB,0x8C,0x6E,0xA5,0xF0,0xBD,
    0xAF,0xB5,0xF0,0xBD,0x8E,0xA5,0x32,0xC6,0xB0,0xB5,0x8D,0xAD,0x9B,0xEF,0xBD,0xF7,
    0xBD,0xF7,0xBD,0xF7,0xBD,0xF7,0xBD,0xF7,0xBD,0xF7,0xBD,0xF7,0xBD,0xF7,0xBD,0xF7,
    0xBD,0xF7,0xBD,0xF7,0xBD,0xF7,0xBD,0xF7,0xBD,0xF7,0xBD,0xF7,0xBD,0xF7,0xBD,0xF7,
    0xBD,0xF7,0xBD,0xF7,0xBD,0xF7,0xBD,0xF7,0xBD,0xF7,0xBD,0xF7,0xBD,0xF7,0xBD,0xF7,
    0xBD,0xF7,0xBD,0xF7,0xBD,0xF7,0xBD,0xF7,0xBD,0xF7,0xBD,0xF7,0xBD,0xF7,0xBD,0xF7,
    0xBD,0xF7,0xBD,0xF7,0xBD,0xF7,0xBD,0xF7,0xBD,0xF7,0xBD,0xF7,0xBD,0xF7,0xBD,0xF7,
    0xBD,0xF7,0xBD,0xF7,0xBD,0xF7,0xBD,0xF7,0xBD,0xF7,0xBD,0xF7,0xBD,0xF7,0xBD,0xF7,
    0xBD,0xF7,0xBD,0xF7,0xBD,0xF7,0xBD,0xF7,0xBD,0xF7,0xBD,0xF7,0xBD,0xF7,0xBD,0xF7,
    0x2C,0x9D,0x6D,0xA5,0x8D,0xA5,0x8A,0x84,0x12,0xBE,0xF6,0xDE,0xD0,0xB5,0x6E,0xAD,
    0x6E,0xA5,0x12,0xBE,0xEF,0xBD,0x72,0xCE,0xBC,0xF7,0xBC,0xF7,0xBD,0xF7,0xF7,0xDE,
    0x73,0xCE,0x72,0xCE,0x73,0xCE,0x9C,0xF7,0xBD,0xF7,0xBD,0xF7,0xBD,0xF7,0xBD,0xF7,
    0xBD,0xF7,0xBD,0xF7,0xBC,0xF7,0xBD,0xF7,0xBD,0xF7,0xBD,0xF7,0xBD,0xF7,0xBD,0xF7,
    0xBD,0xF7,0xBD,0xF7,0xBD,0xF7,0xBD,0xF7,0xBD,0xF7,0xBD,0xF7,0xBD,0xF7,0xBD,0xF7,
    0xBD,0xF7,0xBD,0xF7,0xBD,0xF7,0xBD,0xF7,0xBD,0xF7,0xBD,0xF7,0xBD,0xF7,0xBD,0xF7,
    0xBD,0xF7,0xBD,0xF7,0xBD,0xF7,0xBD,0xF7,0xBD,0xF7,0xBD,0xF7,0xBD,0xF7,0xBD,0xF7,
    0xBD,0xF7,0xBD,0xF7,0xBD,0xF7,0xBD,0xF7,0xBD,0xF7,0xBD,0xF7,0xBD,0xF7,0xBD,0xF7,
    0xBD,0xF7,0xBD,0xF7,0xBD,0xF7,0xBD,0xF7,0xBD,0xF7,0xBD,0xF7,0xAB,0x84,0xAB,0x8C,
    0x0C,0x95,0x4F,0xA5,0xCD,0x8C,0x7A,0xEF,0x53,0xC6,0x32,0xC6,0x54,0xCE,0xB0,0xB5,
    0xEF,0xBD,0x7B,0xEF,0xBC,0xF7,0xBD,0xF7,0x31,0xC6,0x6C,0xA5,0x8C,0xAD,0xCE,0xBD,
    0x30,0xC6,0x71,0xCE,0x37,0xE7,0xBD,0xF7,0xBD,0xF7,0xBD,0xF7,0xBD,0xF7,0x9C,0xF7,
    0x9B,0xF7,0xBD,0xF7,0xBD,0xF7,0xBD,0xF7,0xBD,0xF7,0xBD,0xF7,0xBD,0xF7,0xBD,0xF7,
    0xBD,0xF7,0xBD,0xF7,0xBD,0xF7,0xBD,0xF7,0xBD,0xF7,0xBD,0xF7,0xBD,0xF7,0xBD,0xF7,
    0xBD,0xF7,0xBD,0xF7,0xBD,0xF7,0xBD,0xF7,0xBD,0xF7,0xBD,0xF7,0xBD,0xF7,0xBD,0xF7,
    0xBD,0xF7,0xBD,0xF7,0xBD,0xF7,0xBD,0xF7,0xBD,0xF7,0xBD,0xF7,0xBD,0xF7,0xBD,0xF7,
    0xBD,0xF7,0xBD,0xF7,0xBD,0xF7,0xBD,0xF7,0xBD,0xF7,0xBD,0xF7,0xBD,0xF7,0xBD,0xF7,
    0xBD,0xF7,0xBD,0xF7,0xBD,0xF7,0xBD,0xF7,0x8B,0x7C,0x13,0xBE,0xB6,0xD6,0x9B,0xF7,
    0x0E,0x95,0xD1,0xB5,0xB5,0xDE,0xF7,0xDE,0x33,0xC6,0xAF,0xB5,0x30,0xC6,0x5A,0xEF,
    0x7B,0xEF,0x32,0xC6,0xD0,0xB5,0xBD,0xF7,0x9C,0xF7,0x73,0xCE,0x51,0xCE,0x91,0xD6,
    0x70,0xD6,0xF5,0xDE,0xBD,0xF7,0xBD,0xF7,0xBD,0xF7,0x59,0xEF,0x59,0xEF,0x7A,0xEF,
    0xBD,0xF7,0xBD,0xF7,0xBD,0xF7,0xBD,0xF7,0xBD,0xF7,0xBD,0xF7,0xBD,0xF7,0xBD,0xF7,
    0xBD,0xF7,0xBD,0xF7,0xBD,0xF7,0xBD,0xF7,0xBD,0xF7,0xBD,0xF7,0xBD,0xF7,0xBD,0xF7,
    0xBD,0xF7,0xBD,0xF7,0xBD,0xF7,0xBD,0xF7,0xBD,0xF7,0xBD,0xF7,0xBD,0xF7,0xBD,0xF7,
    0xBD,0xF7,0xBD,0xF7,0xBD,0xF7,0xBD,0xF7,0xBD,0xF7,0xBD,0xF7,0xBD,0xF7,0xBD,0xF7,
    0xBD,0xF7,0xBD,0xF7,0xBD,0xF7,0xBD,0xF7,0xBD,0xF7,0xBD,0xF7,0xBD,0xF7,0xBD,0xF7,
    0xBD,0xF7,0xBD,0xF7,0x2E,0x9D,0x54,0xCE,0x13,0xC6,0xB1,0xB5,0xB1,0xB5,0xEC,0x94,
    0xF2,0xC5,0x76,0xDE,0xB0,0xB5,0x2C,0x9D,0xEF,0xBD,0x75,0xD6,0xF1,0xC5,0x8E,0xAD,
    0xF7,0xE6,0x5A,0xEF,0xBD,0xF7,0xBC,0xF7,0xBC,0xF7,0x17,0xE7,0x70,0xD6,0x92,0xD6,
    0xBD,0xF7,0xBD,0xF7,0xBD,0xF7,0x9B,0xEF,0x7A,0xEF,0xBC,0xF7,0xBD,0xF7,0xBD,0xF7,
    0xBD,0xF7,0xBD,0xF7,0xBD,0xF7,0xBD,0xF7,0xBD,0xF7,0xBD,0xF7,0xBD,0xF7,0xBD,0xF7,
    0xBD,0xF7,0xBD,0xF7,0xBD,0xF7,0xBD,0xF7,0xBD,0xF7,0xBD,0xF7,0xBD,0xF7,0xBD,0xF7,
    0xBD,0xF7,0xBD,0xF7,0xBD,0xF7,0xBD,0xF7,0xBD,0xF7,0xBD,0xF7,0xBD,0xF7,0xBD,0xF7,
    0xBD,0xF7,0xBD,0xF7,0xBD,0xF7,0xBD,0xF7,0xBD,0xF7,0xBD,0xF7,0xBD,0xF7,0xBD,0xF7,
    0xBD,0xF7,0xBD,0xF7,0xBD,0xF7,0xBD,0xF7,0xBD,0xF7,0xBD,0xF7,0xBD,0xF7,0xBD,0xF7,
    0xF3,0xBD,0xD3,0xBD,0xB2,0xBD,0xB2,0xBD,0xD3,0xC5,0x0D,0x9D,0x90,0xB5,0x35,0xD6,
    0x90,0xAD,0x4C,0x9D,0xAF,0xB5,0xB1,0xBD,0x6E,0xA5,0xD2,0xC5,0xF3,0xC5,0x34,0xCE,
    0x75,0xDE,0xB5,0xE6,0xB5,0xE6,0xBD,0xF7,0x94,0xD6,0xEF,0xBD,0x9C,0xF7,0xBC,0xF7,
    0xBC,0xF7,0xBD,0xF7,0xBD,0xF7,0xBD,0xF7,0xBD,0xF7,0xBD,0xF7,0xBD,0xF7,0xBD,0xF7,
    0xBD,0xF7,0xBD,0xF7,0xBD,0xF7,0xBD,0xF7,0xBD,0xF7,0xBD,0xF7,0xBD,0xF7,0xBD,0xF7,
    0xBD,0xF7,0xBD,0xF7,0xBD,0xF7,0xBD,0xF7,0xBD,0xF7,0xBD,0xF7,0xBD,0xF7,0xBD,0xF7,
    0xBD,0xF7,0xBD,0xF7,0xBD,0xF7,0xBD,0xF7,0xBD,0xF7,0xBD,0xF7,0xBD,0xF7,0xBD,0xF7,
    0xBD,0xF7,0xBD,0xF7,0xBD,0xF7,0xBD,0xF7,0xBD,0xF7,0xBD,0xF7,0xBD,0xF7,0xBD,0xF7,
    0xBD,0xF7,0xBD,0xF7,0xBD,0xF7,0xBD,0xF7,0xBD,0xF7,0xBD,0xF7,0x77,0xD6,0x14,0xCE,
    0xB2,0xBD,0x50,0xAD,0xEF,0xA4,0xCD,0x9C,0x2E,0xA5,0xCE,0xA4,0x8C,0x8C,0xCB,0x8C,
    0x0E,0xAD,0x0D,0xA5,0x4E,0xAD,0xB1,0xBD,0x91,0xBD,0x91,0xBD,0x70,0xB5,0x95,0xDE,
    0xBD,0xF7,0xF7,0xE6,0xBD,0xF7,0xAF,0xB5,0x59,0xE7,0xBD,0xF7,0x7B,0xEF,0xBD,0xF7,
    0xBD,0xF7,0xBD,0xF7,0xBD,0xF7,0xBD,0xF7,0xBD,0xF7,0xBD,0xF7,0xBD,0xF7,0xBD,0xF7,
    0xBD,0xF7,0xBD,0xF7,0xBD,0xF7,0xBD,0xF7,0xBD,0xF7,0xBD,0xF7,0xBD,0xF7,0xBD,0xF7,
    0xBD,0xF7,0xBD,0xF7,0xBD,0xF7,0xBD,0xF7,0xBD,0xF7,0xBD,0xF7,0xBD,0xF7,0xBD,0xF7,
    0xBD,0xF7,0xBD,0xF7,0xBD,0xF7,0xBD,0xF7,0xBD,0xF7,0xBD,0xF7,0xBD,0xF7,0xBD,0xF7,
    0xBD,0xF7,0xBD,0xF7,0xBD,0xF7,0xBD,0xF7,0xBD,0xF7,0xBD,0xF7,0xBD,0xF7,0xBD,0xF7,
    0xBD,0xF7,0xBD,0xF7,0xBD,0xF7,0xBD,0xF7,0xB2,0xBD,0xCE,0x9C,0x6C,0x94,0x2B,0x8C,
    0xCA,0x83,0xC9,0x7B,0x8B,0x8C,0x4B,0x94,0x0A,0x7C,0xC8,0x6B,0x8C,0x9C,0x0D,0xA5,
    0x0E,0xAD,0x6C,0x9C,0x6B,0x94,0xED,0xA4,0x13,0xCE,0xBC,0xF7,0xBD,0xF7,0xB5,0xDE,
    0xBD,0xF7,0x18,0xDF,0x7A,0xEF,0xBD,0xF7,0xBC,0xF7,0xBD,0xF7,0xBD,0xF7,0xBD,0xF7,
    0xBD,0xF7,0xBD,0xF7,0xBD,0xF7,0xBD,0xF7,0xBD,0xF7,0xBD,0xF7,0xBD,0xF7,0xBD,0xF7,
    0xBD,0xF7,0xBD,0xF7,0xBD,0xF7,0xBD,0xF7,0xBD,0xF7,0xBD,0xF7,0xBD,0xF7,0xBD,0xF7,
    0xBD,0xF7,0xBD,0xF7,0xBD,0xF7,0xBD,0xF7,0xBD,0xF7,0xBD,0xF7,0xBD,0xF7,0xBD,0xF7,
    0xBD,0xF7,0xBD,0xF7,0xBD,0xF7,0xBD,0xF7,0xBD,0xF7,0xBD,0xF7,0xBD,0xF7,0xBD,0xF7,
    0xBD,0xF7,0xBD,0xF7,0xBD,0xF7,0xBD,0xF7,0xBD,0xF7,0xBD,0xF7,0xBD,0xF7,0xBD,0xF7,
    0xBC,0xF7,0xBD,0xF7,0x14,0xCE,0xF3,0xC5,0x91,0xB5,0x2F,0xAD,0xCD,0x9C,0x8D,0x94,
    0x6B,0x84,0x8C,0x9C,0x6C,0x8C,0x6B,0x84,0x0E,0xA5,0xD1,0xBD,0x34,0xD6,0x54,0xD6,
    0x18,0xEF,0xBD,0xF7,0xBC,0xF7,0xBC,0xF7,0xBD,0xF7,0x54,0xD6,0xB6,0xE6,0x39,0xE7,
    0xB5,0xDE,0x7B,0xEF,0xBD,0xF7,0xBD,0xF7,0xBD,0xF7,0xBD,0xF7,0xBC,0xF7,0xBC,0xF7,
    0x9B,0xEF,0xBC,0xF7,0xBD,0xF7,0xBD,0xF7,0xBD,0xF7,0xBD,0xF7,0xBD,0xF7,0xBD,0xF7,
    0xBD,0xF7,0xBD,0xF7,0xBD,0xF7,0xBD,0xF7,0xBD,0xF7,0xBD,0xF7,0xBD,0xF7,0xBD,0xF7,
    0xBD,0xF7,0xBD,0xF7,0xBD,0xF7,0xBD,0xF7,0xBD,0xF7,0xBD,0xF7,0xBD,0xF7,0xBD,0xF7,
    0xBD,0xF7,0xBD,0xF7,0xBD,0xF7,0xBD,0xF7,0xBD,0xF7,0xBD,0xF7,0xBD,0xF7,0xBD,0xF7,
    0xBD,0xF7,0xBD,0xF7,0xBD,0xF7,0xBD,0xF7,0xBD,0xF7,0xBC,0xF7,0x3A,0xE7,0x54,0xCE,
    0xD3,0xBD,0x14,0xC6,0x14,0xCE,0x55,0xD6,0xB7,0xE6,0x3A,0xEF,0x18,0xEF,0xF7,0xEE,
    0x5A,0xEF,0xBC,0xF7,0xBD,0xF7,0xBD,0xF7,0xBC,0xF7,0xBC,0xF7,0xBC,0xF7,0xBC,0xF7,
    0x7B,0xF7,0xBD,0xF7,0xBD,0xF7,0x13,0xCE,0x54,0xD6,0x54,0xD6,0x53,0xD6,0xB5,0xDE,
    0x39,0xE7,0x7B,0xEF,0xBD,0xF7,0xBC,0xF7,0x7A,0xEF,0xBC,0xF7,0x9B,0xEF,0x9B,0xEF,
    0xBD,0xF7,0xBD,0xF7,0xBD,0xF7,0xBD,0xF7,0xBD,0xF7,0xBD,0xF7,0xBD,0xF7,0xBD,0xF7,
    0xBD,0xF7,0xBD,0xF7,0xBD,0xF7,0xBD,0xF7,0xBD,0xF7,0xBD,0xF7,0xBD,0xF7,0xBD,0xF7,
    0xBD,0xF7,0xBD,0xF7,0xBD,0xF7,0xBD,0xF7,0xBD,0xF7,0xBD,0xF7,0xBD,0xF7,0xBD,0xF7,
    0xBD,0xF7,0xBD,0xF7,0xBD,0xF7,0xBD,0xF7,0xBD,0xF7,0xBD,0xF7,0xBD,0xF7,0xBD,0xF7,
    0xBD,0xF7,0xBD,0xF7,0xBC,0xF7,0xB6,0xD6,0x54,0xCE,0x39,0xE7,0xD4,0xC5,0xB3,0xBD,
    0xB2,0xBD,0xD3,0xC5,0xD3,0xC5,0xF4,0xC5,0x55,0xDE,0x39,0xF7,0x7B,0xF7,0x9C,0xF7,
    0x9C,0xF7,0x9B,0xF7,0xBC,0xF7,0xBC,0xF7,0xBD,0xF7,0xBC,0xF7,0xBC,0xF7,0xBC,0xF7,
    0xD6,0xE6,0x6F,0xB5,0x13,0xCE,0x54,0xD6,0xB5,0xE6,0xBD,0xF7,0xBD,0xF7,0x18,0xE7,
    0xBC,0xF7,0xBD,0xF7,0xBC,0xF7,0xBD,0xF7,0xBD,0xF7,0xBC,0xF7,0xBD,0xF7,0xBD,0xF7,
    0xBD,0xF7,0xBD,0xF7,0xBD,0xF7,0xBD,0xF7,0xBD,0xF7,0xBD,0xF7,0xBD,0xF7,0xBD,0xF7,
    0xBD,0xF7,0xBD,0xF7,0xBD,0xF7,0xBD,0xF7,0xBD,0xF7,0xBD,0xF7,0xBD,0xF7,0xBD,0xF7,
    0xBD,0xF7,0xBD,0xF7,0xBD,0xF7,0xBD,0xF7,0xBD,0xF7,0xBD,0xF7,0xBD,0xF7,0xBD,0xF7,
    0xBD,0xF7,0xBD,0xF7,0xBD,0xF7,0xBD,0xF7,0xBD,0xF7,0xBD,0xF7,0xBD,0xF7,0xBC,0xF7,
    0x96,0xD6,0x74,0xCE,0x17,0xDF,0xF1,0xB5,0x2F,0xAD,0xB2,0xBD,0xD3,0xC5,0xF3,0xC5,
    0xD2,0xC5,0xD3,0xC5,0x75,0xDE,0x7B,0xF7,0x9B,0xF7,0xBC,0xF7,0xBC,0xF7,0xBC,0xF7,
    0xBC,0xF7,0xBC,0xF7,0xBD,0xF7,0xBD,0xF7,0xBD,0xF7,0x9C,0xF7,0x5A,0xEF,0x7B,0xEF,
    0xBD,0xF7,0xBC,0xF7,0xBC,0xF7,0xBC,0xF7,0xBC,0xF7,0x59,0xEF,0x9B,0xEF,0xBC,0xF7,
    0xBC,0xF7,0xBD,0xF7,0xBD,0xF7,0xBD,0xF7,0xBD,0xF7,0xBD,0xF7,0xBD,0xF7,0xBD,0xF7,
    0xBD,0xF7,0xBD,0xF7,0xBD,0xF7,0xBD,0xF7,0xBD,0xF7,0xBD,0xF7,0xBD,0xF7,0xBD,0xF7,
    0xBD,0xF7,0xBD,0xF7,0xBD,0xF7,0xBD,0xF7,0xBD,0xF7,0xBD,0xF7,0xBD,0xF7,0xBD,0xF7,
    0xBD,0xF7,0xBD,0xF7,0xBD,0xF7,0xBD,0xF7,0xBD,0xF7,0xBD,0xF7,0xBD,0xF7,0xBD,0xF7,
    0xBD,0xF7,0xBD,0xF7,0xBD,0xF7,0xBD,0xF7,0xBC,0xF7,0x5A,0xE7,0x53,0xC6,0xB5,0xD6,
    0x8F,0xAD,0xF0,0xB5,0x2F,0xAD,0x71,0xB5,0x70,0xB5,0x70,0xB5,0xB2,0xC5,0xD2,0xC5,
    0x75,0xDE,0x7A,0xF7,0x39,0xEF,0x39,0xEF,0xB5,0xE6,0x59,0xEF,0x5A,0xF7,0x7A,0xF7,
    0x7B,0xF7,0xBC,0xF7,0xBD,0xF7,0xBC,0xF7,0xBC,0xF7,0xBD,0xF7,0xBD,0xF7,0xBD,0xF7,
    0xBC,0xF7,0xBC,0xF7,0xBC,0xF7,0xF7,0xE6,0x7A,0xEF,0xBC,0xF7,0xBD,0xF7,0xBD,0xF7,
    0xBD,0xF7,0xBD,0xF7,0xBD,0xF7,0xBD,0xF7,0xBD,0xF7,0xBD,0xF7,0xBD,0xF7,0xBD,0xF7,
    0xBD,0xF7,0xBD,0xF7,0xBD,0xF7,0xBD,0xF7,0xBD,0xF7,0xBD,0xF7,0xBD,0xF7,0xBD,0xF7,
    0xBD,0xF7,0xBD,0xF7,0xBD,0xF7,0xBD,0xF7,0xBD,0xF7,0xBD,0xF7,0xBD,0xF7,0xBD,0xF7,
    0xBD,0xF7,0xBD,0xF7,0xBD,0xF7,0xBD,0xF7,0xBD,0xF7,0xBD,0xF7,0xBD,0xF7,0xBD,0xF7,
    0xBD,0xF7,0xBD,0xF7,0xBD,0xF7,0x13,0xBE,0xD5,0xD6,0xD0,0xB5,0xD0,0xB5,0xD0,0xB5,
    0xD3,0xC5,0xF3,0xC5,0xF3,0xC5,0x13,0xCE,0x74,0xDE,0x95,0xDE,0x95,0xE6,0xD6,0xE6,
    0x18,0xEF,0x39,0xEF,0x7B,0xEF,0xBC,0xF7,0xBD,0xF7,0xBD,0xF7,0xBC,0xF7,0xBC,0xF7,
    0xBC,0xF7,0xBC,0xF7,0xBC,0xF7,0xBC,0xF7,0xBD,0xF7,0xBC,0xF7,0xBC,0xF7,0xBC,0xF7,
    0xBC,0xF7,0x5A,0xEF,0xBC,0xF7,0xBD,0xF7,0xBD,0xF7,0xBD,0xF7,0xBD,0xF7,0xBD,0xF7,
    0xBD,0xF7,0xBD,0xF7,0xBD,0xF7,0xBD,0xF7,0xBD,0xF7,0xBD,0xF7,0xBD,0xF7,0xBD,0xF7,
    0xBD,0xF7,0xBD,0xF7,0xBD,0xF7,0xBD,0xF7,0xBD,0xF7,0xBD,0xF7,0xBD,0xF7,0xBD,0xF7,
    0xBD,0xF7,0xBD,0xF7,0xBD,0xF7,0xBD,0xF7,0xBD,0xF7,0xBD,0xF7,0xBD,0xF7,0xBD,0xF7,
    0xBD,0xF7,0xBD,0xF7,0xBD,0xF7,0xBD,0xF7,0xBD,0xF7,0xBD,0xF7,0xBD,0xF7,0xBC,0xF7,
    0xD7,0xDE,0x53,0xC6,0x12,0xBE,0xB0,0xB5,0xD0,0xB5,0xD0,0xB5,0xD3,0xC5,0xD2,0xBD,
    0xF3,0xC5,0x35,0xCE,0x14,0xCE,0xF3,0xC5,0xF3,0xC5,0xD2,0xC5,0x74,0xDE,0xBC,0xF7,
    0xBC,0xF7,0xBD,0xF7,0xBC,0xF7,0xBD,0xF7,0xBD,0xF7,0xBC,0xF7,0xBC,0xF7,0xBD,0xF7,
    0xBD,0xF7,0xBC,0xF7,0xBC,0xF7,0xBC,0xF7,0xBC,0xF7,0xBC,0xF7,0xBD,0xF7,0x7B,0xEF,
    0xD6,0xDE,0x7B,0xEF,0xBD,0xF7,0xBD,0xF7,0xBD,0xF7,0xBD,0xF7,0xBD,0xF7,0xBD,0xF7,
    0xBD,0xF7,0xBD,0xF7,0xBD,0xF7,0xBD,0xF7,0xBD,0xF7,0xBD,0xF7,0xBD,0xF7,0xBD,0xF7,
    0xBD,0xF7,0xBD,0xF7,0xBD,0xF7,0xBD,0xF7,0xBD,0xF7,0xBD,0xF7,0xBD,0xF7,0xBD,0xF7,
    0xBD,0xF7,0xBD,0xF7,0xBD,0xF7,0xBD,0xF7,0xBD,0xF7,0xBD,0xF7,0xBD,0xF7,0xBD,0xF7,
    0xBD,0xF7,0xBD,0xF7,0xBD,0xF7,0xBD,0xF7,0xBD,0xF7,0xBD,0xF7,0x54,0xC6,0x73,0xCE,
    0xAF,0xAD,0xD0,0xB5,0xD0,0xB5,0xD0,0xB5,0xF4,0xC5,0xF3,0xC5,0xF3,0xC5,0x14,0xCE,
    0xF3,0xC5,0xD2,0xC5,0xD3,0xC5,0xB2,0xBD,0xF3,0xCD,0x7A,0xF7,0x9C,0xF7,0xBD,0xF7,
    0xBD,0xF7,0xBD,0xF7,0xBD,0xF7,0xBD,0xF7,0xBC,0xF7,0xBC,0xF7,0xBD,0xF7,0xBC,0xF7,
    0xBD,0xF7,0xBC,0xF7,0xBC,0xF7,0xBC,0xF7,0xBC,0xF7,0x39,0xE7,0x11,0xC6,0x12,0xC6,
    0x53,0xCE,0xB5,0xD6,0x5A,0xEF,0xBD,0xF7,0xBD,0xF7,0xBD,0xF7,0xBD,0xF7,0xBD,0xF7,
    0xBD,0xF7,0xBD,0xF7,0xBD,0xF7,0xBD,0xF7,0xBD,0xF7,0xBD,0xF7,0xBD,0xF7,0xBD,0xF7,
    0xBD,0xF7,0xBD,0xF7,0xBD,0xF7,0xBD,0xF7,0xBD,0xF7,0xBD,0xF7,0xBD,0xF7,0xBD,0xF7,
    0xBD,0xF7,0xBD,0xF7,0xBD,0xF7,0xBD,0xF7,0xBD,0xF7,0xBD,0xF7,0xBD,0xF7,0xBD,0xF7,
    0xBD,0xF7,0xBD,0xF7,0xBD,0xF7,0x9C,0xF7,0x33,0xC6,0x32,0xBE,0x8F,0xAD,0xD0,0xB5,
    0xD0,0xB5,0xAF,0xAD,0xD3,0xC5,0xD3,0xC5,0xD3,0xC5,0x14,0xC6,0xF4,0xC5,0xD3,0xC5,
    0xF3,0xC5,0xF3,0xC5,0x13,0xCE,0x9B,0xF7,0xBC,0xF7,0xBC,0xF7,0xBC,0xF7,0xBC,0xF7,
    0xBD,0xF7,0xBD,0xF7,0xBC,0xF7,0xBC,0xF7,0xBC,0xF7,0xBC,0xF7,0xBD,0xF7,0xBC,0xF7,
    0xBC,0xF7,0xBC,0xF7,0xBC,0xF7,0xB5,0xDE,0x53,0xCE,0x95,0xD6,0x74,0xCE,0x32,0xC6,
    0x32,0xC6,0x53,0xC6,0x94,0xCE,0x18,0xDF,0xBC,0xF7,0xBD,0xF7,0xBD,0xF7,0xBD,0xF7,
    0xBD,0xF7,0xBD,0xF7,0xBD,0xF7,0xBD,0xF7,0xBD,0xF7,0xBD,0xF7,0xBD,0xF7,0xBD,0xF7,
    0xBD,0xF7,0xBD,0xF7,0xBD,0xF7,0xBD,0xF7,0xBD,0xF7,0xBD,0xF7,0xBD,0xF7,0xBD,0xF7,
    0xBD,0xF7,0xBD,0xF7,0xBD,0xF7,0xBD,0xF7,0xBD,0xF7,0xBD,0xF7,0xBD,0xF7,0xBD,0xF7,
    0xBC,0xF7,0x39,0xE7,0x11,0xBE,0xF1,0xB5,0xAF,0xAD,0xAF,0xAD,0xAF,0xAD,0xAF,0xAD,
    0xD3,0xC5,0xD3,0xBD,0xD2,0xBD,0xF4,0xC5,0xF3,0xC5,0xD3,0xC5,0xF3,0xC5,0xF4,0xC5,
    0x13,0xCE,0x9B,0xF7,0xBC,0xF7,0x9C,0xF7,0x7B,0xF7,0xBC,0xF7,0xBD,0xF7,0xBD,0xF7,
    0xBC,0xF7,0xBC,0xF7,0xBC,0xF7,0xBC,0xF7,0xBD,0xF7,0xBC,0xF7,0xBC,0xF7,0xBD,0xF7,
    0xBC,0xF7,0xD7,0xDE,0x53,0xC6,0x74,0xCE,0x74,0xCE,0x74,0xCE,0x74,0xCE,0x73,0xCE,
    0x52,0xC6,0x32,0xC6,0x32,0xC6,0x53,0xCE,0xB6,0xDE,0x9C,0xEF,0xBD,0xF7,0xBD,0xF7,
    0xBD,0xF7,0xBD,0xF7,0xBD,0xF7,0xBD,0xF7,0xBD,0xF7,0xBD,0xF7,0xBD,0xF7,0xBD,0xF7,
    0xBD,0xF7,0xBD,0xF7,0xBD,0xF7,0xBD,0xF7,0xBD,0xF7,0xBD,0xF7,0xBD,0xF7,0xBD,0xF7,
    0xBD,0xF7,0xBD,0xF7,0xBD,0xF7,0xBD,0xF7,0xBD,0xF7,0xBD,0xF7,0xBC,0xF7,0x96,0xD6,
    0xF1,0xB5,0xD0,0xB5,0xAF,0xAD,0xAF,0xAD,0xAF,0xAD,0xAF,0xAD,0xD3,0xC5,0xD2,0xBD,
    0xB2,0xBD,0xF3,0xC5,0xF3,0xC5,0xD3,0xC5,0xF3,0xC5,0xD3,0xC5,0x34,0xCE,0x9C,0xF7,
    0xBC,0xF7,0x9C,0xF7,0xBC,0xF7,0xBC,0xF7,0xBD,0xF7,0xBD,0xF7,0xBD,0xF7,0xBD,0xF7,
    0xBD,0xF7,0xBD,0xF7,0xBD,0xF7,0xBC,0xF7,0xBC,0xF7,0xBC,0xF7,0xBC,0xF7,0x53,0xCE,
    0x33,0xC6,0x53,0xC6,0x53,0xCE,0x73,0xCE,0x53,0xCE,0x94,0xD6,0xB5,0xD6,0xB5,0xD6,
    0x94,0xD6,0x74,0xCE,0x74,0xCE,0x73,0xCE,0x74,0xCE,0x59,0xE7,0xBD,0xF7,0xBD,0xF7,
    0xBD,0xF7,0xBD,0xF7,0xBD,0xF7,0xBD,0xF7,0xBD,0xF7,0xBD,0xF7,0xBD,0xF7,0xBD,0xF7,
    0xBD,0xF7,0xBD,0xF7,0xBD,0xF7,0xBD,0xF7,0xBD,0xF7,0xBD,0xF7,0xBD,0xF7,0xBD,0xF7,
    0xBD,0xF7,0xBD,0xF7,0xBD,0xF7,0xBD,0xF7,0xBC,0xF7,0x95,0xCE,0xD0,0xB5,0xAF,0xAD,
    0xAF,0xAD,0xAF,0xAD,0xAF,0xAD,0xAF,0xAD,0xD3,0xC5,0xB2,0xBD,0x91,0xBD,0xF3,0xC5,
    0xF3,0xC5,0xD3,0xC5,0xF3,0xC5,0xF3,0xC5,0x14,0xCE,0x7B,0xF7,0xBC,0xF7,0x9C,0xF7,
    0xBC,0xF7,0xBC,0xF7,0xBD,0xF7,0xBD,0xF7,0xBD,0xF7,0xBD,0xF7,0xBC,0xF7,0xBC,0xF7,
    0xBC,0xF7,0xBD,0xF7,0x9C,0xF7,0x75,0xD6,0x12,0xC6,0x11,0xC6,0x53,0xCE,0x73,0xCE,
    0x73,0xCE,0x53,0xCE,0x73,0xCE,0x74,0xCE,0x74,0xCE,0x94,0xD6,0xD6,0xDE,0xB5,0xD6,
    0x74,0xCE,0x52,0xCE,0x52,0xCE,0x11,0xBE,0xBD,0xF7,0xBD,0xF7,0xBD,0xF7,0xBD,0xF7,
    0xBD,0xF7,0xBD,0xF7,0xBD,0xF7,0xBD,0xF7,0xBD,0xF7,0xBD,0xF7,0xBD,0xF7,0xBD,0xF7,
    0xBD,0xF7,0xBD,0xF7,0xBD,0xF7,0xBD,0xF7,0xBD,0xF7,0xBD,0xF7,0xBD,0xF7,0xBD,0xF7,
    0xBD,0xF7,0xBD,0xF7,0xBC,0xF7,0x75,0xCE,0xD0,0xB5,0x8E,0xAD,0x8F,0xAD,0xAF,0xAD,
    0xAF,0xAD,0x8F,0xAD,0xF3,0xC5,0xD3,0xC5,0xD2,0xBD,0xF4,0xC5,0xD3,0xC5,0xD3,0xC5,
    0xD3,0xC5,0xD3,0xC5,0xF3,0xCD,0xB6,0xE6,0x9C,0xF7,0x9C,0xF7,0x9C,0xF7,0xBC,0xF7,
    0xBC,0xF7,0xBC,0xF7,0xBC,0xF7,0x9C,0xF7,0x7B,0xF7,0xD7,0xE6,0x53,0xCE,0x12,0xC6,
    0xF1,0xBD,0xF1,0xBD,0x52,0xC6,0x73,0xCE,0x73,0xCE,0x73,0xCE,0x73,0xCE,0x73,0xCE,
    0x74,0xCE,0x74,0xCE,0x95,0xD6,0x74,0xD6,0xB5,0xDE,0x94,0xDE,0x94,0xDE,0x38,0xEF,
    0x7B,0xF7,0x53,0xCE,0xBD,0xF7,0xBD,0xF7,0xBD,0xF7,0xBD,0xF7,0xBD,0xF7,0xBD,0xF7,
    0xBD,0xF7,0xBD,0xF7,0xBD,0xF7,0xBD,0xF7,0xBD,0xF7,0xBD,0xF7,0xBD,0xF7,0xBD,0xF7,
    0xBD,0xF7,0xBD,0xF7,0xBD,0xF7,0xBD,0xF7,0xBD,0xF7,0xBD,0xF7,0xBD,0xF7,0xBD,0xF7,
    0xBC,0xF7,0x75,0xCE,0xD0,0xB5,0xAF,0xAD,0x8E,0xAD,0xAF,0xAD,0x8F,0xA5,0x8E,0xAD,
    0x30,0xA5,0x71,0xB5,0xB2,0xBD,0xF4,0xC5,0xF3,0xC5,0xF4,0xCD,0xF3,0xC5,0xB2,0xBD,
    0xF3,0xC5,0x38,0xEF,0xBC,0xF7,0xBC,0xF7,0xBC,0xF7,0xBC,0xF7,0x9B,0xF7,0xB6,0xDE,
    0x33,0xCE,0xD1,0xBD,0xD1,0xBD,0x12,0xC6,0x52,0xC6,0x73,0xCE,0x94,0xD6,0x94,0xD6,
    0x73,0xCE,0x94,0xCE,0x94,0xD6,0x73,0xCE,0x73,0xCE,0x53,0xCE,0x73,0xD6,0x94,0xDE,
    0x39,0xEF,0x9B,0xF7,0x9B,0xF7,0xBC,0xF7,0xBC,0xF7,0xBC,0xF7,0xBC,0xF7,0x75,0xCE,
    0xBD,0xF7,0xBD,0xF7,0xBD,0xF7,0xBD,0xF7,0xBD,0xF7,0xBD,0xF7,0xBD,0xF7,0xBD,0xF7,
    0xBD,0xF7,0xBD,0xF7,0xBD,0xF7,0xBD,0xF7,0xBD,0xF7,0xBD,0xF7,0xBD,0xF7,0xBD,0xF7,
    0xBD,0xF7,0xBD,0xF7,0xBD,0xF7,0xBD,0xF7,0xBD,0xF7,0xBD,0xF7,0xBC,0xF7,0xB6,0xD6,
    0xAF,0xAD,0xD0,0xB5,0x8E,0xA5,0x8E,0xA5,0x8E,0xA5,0x8E,0xA5,0xEF,0x9C,0xEE,0x94,
    0xCE,0x94,0x0F,0xA5,0x50,0xAD,0x71,0xB5,0x91,0xBD,0xB2,0xBD,0xD2,0xC5,0x39,0xEF,
    0x9B,0xF7,0xF7,0xE6,0x54,0xD6,0xB1,0xBD,0x90,0xB5,0xB0,0xB5,0x32,0xC6,0x73,0xCE,
    0x94,0xD6,0x94,0xD6,0x94,0xD6,0x94,0xCE,0x74,0xCE,0x73,0xCE,0x53,0xCE,0x53,0xCE,
    0x94,0xD6,0x95,0xDE,0x17,0xE7,0x9B,0xF7,0xBC,0xF7,0xBC,0xF7,0xBC,0xF7,0xF6,0xE6,
    0x16,0xEF,0x93,0xDE,0xBD,0xF7,0xBC,0xF7,0xBD,0xF7,0x32,0xC6,0xBC,0xF7,0xBD,0xF7,
    0xBD,0xF7,0xBD,0xF7,0xBD,0xF7,0xBD,0xF7,0xBD,0xF7,0xBD,0xF7,0xBD,0xF7,0xBD,0xF7,
    0xBD,0xF7,0xBD,0xF7,0xBD,0xF7,0xBD,0xF7,0xBD,0xF7,0xBD,0xF7,0xBD,0xF7,0xBD,0xF7,
    0xBD,0xF7,0xBD,0xF7,0xBD,0xF7,0xBD,0xF7,0xBD,0xF7,0x7A,0xEF,0x8F,0xAD,0xF0,0xB5,
    0x6E,0xA5,0x8E,0xA5,0x8E,0xA5,0x8E,0xA5,0x30,0xA5,0x30,0xA5,0x2F,0x9D,0x0F,0x9D,
    0xEE,0x94,0xAD,0x8C,0x8C,0x8C,0x6C,0x8C,0xAD,0x94,0x0E,0x9D,0x4F,0xA5,0xF1,0xBD,
    0x32,0xC6,0x52,0xC6,0x52,0xC6,0x52,0xCE,0x73,0xCE,0x73,0xCE,0x73,0xCE,0x74,0xCE,
    0x73,0xCE,0x32,0xC6,0x53,0xCE,0x94,0xDE,0xF7,0xE6,0x7B,0xF7,0xBC,0xF7,0xBC,0xF7,
    0xBC,0xF7,0xBD,0xF7,0xBD,0xF7,0xBC,0xF7,0xD5,0xE6,0x0F,0xC6,0xB3,0xDE,0x2F,0xCE,
    0xBD,0xF7,0xBC,0xF7,0xBC,0xF7,0x32,0xC6,0xBD,0xF7,0xBD,0xF7,0xBD,0xF7,0xBD,0xF7,
    0xBD,0xF7,0xBD,0xF7,0xBD,0xF7,0xBD,0xF7,0xBD,0xF7,0xBD,0xF7,0xBD,0xF7,0xBD,0xF7,
    0xBD,0xF7,0xBD,0xF7,0xBD,0xF7,0xBD,0xF7,0xBD,0xF7,0xBD,0xF7,0xBD,0xF7,0xBD,0xF7,
    0xBD,0xF7,0xBD,0xF7,0xBD,0xF7,0xBD,0xF7,0xB0,0xAD,0xD0,0xB5,0x8E,0xA5,0x6E,0xA5,
    0x6E,0xA5,0x6E,0xA5,0x30,0xA5,0x2F,0xA5,0x2F,0xA5,0x2F,0xA5,0x2F,0x9D,0xEE,0x9C,
    0xCE,0x94,0xCE,0x94,0xCE,0x94,0xCE,0x8C,0xEE,0x94,0x0F,0x9D,0x2F,0xA5,0xD1,0xB5,
    0x53,0xCE,0x53,0xCE,0x53,0xCE,0x53,0xCE,0x73,0xD6,0xB5,0xE6,0xF7,0xE6,0x5A,0xEF,
    0x9C,0xF7,0xBC,0xF7,0xBC,0xF7,0xBC,0xF7,0xBC,0xF7,0xBD,0xF7,0xBD,0xF7,0xBD,0xF7,
    0xBD,0xF7,0xBC,0xF7,0x38,0xEF,0x92,0xDE,0xBC,0xF7,0x7A,0xF7,0xBC,0xF7,0x9C,0xF7,
    0x95,0xD6,0xF1,0xBD,0xF6,0xDE,0x9B,0xEF,0xBD,0xF7,0xBD,0xF7,0xBD,0xF7,0xBD,0xF7,
    0xBD,0xF7,0xBD,0xF7,0xBD,0xF7,0xBD,0xF7,0xBD,0xF7,0xBD,0xF7,0xBD,0xF7,0xBD,0xF7,
    0xBD,0xF7,0xBD,0xF7,0xBD,0xF7,0xBD,0xF7,0xBD,0xF7,0xBD,0xF7,0xBD,0xF7,0xBD,0xF7,
    0xBD,0xF7,0xBD,0xF7,0x34,0xC6,0x4E,0xA5,0xAF,0xAD,0x4E,0x9D,0x6E,0xA5,0x6E,0xA5,
    0xEE,0x94,0x2F,0xA5,0x50,0xA5,0x2F,0x9D,0x0F,0x9D,0xEE,0x94,0xEE,0x94,0xEE,0x94,
    0xEE,0x94,0xEE,0x94,0xEE,0x94,0xCE,0x94,0xAD,0x8C,0xCE,0x94,0xF1,0xBD,0xF7,0xE6,
    0x9C,0xF7,0xBD,0xF7,0xBC,0xF7,0x9C,0xF7,0xBC,0xF7,0xBC,0xF7,0xBC,0xF7,0xBC,0xF7,
    0xBD,0xF7,0xBD,0xF7,0xBD,0xF7,0xBD,0xF7,0xBC,0xF7,0xBC,0xF7,0xBC,0xF7,0xBC,0xF7,
    0xBC,0xF7,0x17,0xE7,0xB5,0xDE,0x33,0xCE,0xB0,0xB5,0xB0,0xB5,0xF0,0xBD,0x94,0xD6,
    0xD5,0xDE,0xF7,0xE6,0xD6,0xDE,0xBD,0xF7,0xBD,0xF7,0xBD,0xF7,0xBD,0xF7,0xBD,0xF7,
    0xBD,0xF7,0xBD,0xF7,0xBD,0xF7,0xBD,0xF7,0xBD,0xF7,0xBD,0xF7,0xBD,0xF7,0xBD,0xF7,
    0xBD,0xF7,0xBD,0xF7,0xBD,0xF7,0xBD,0xF7,0xBD,0xF7,0xBD,0xF7,0xBD,0xF7,0xBD,0xF7,
    0x9B,0xEF,0x2E,0x9D,0x8E,0xA5,0x6E,0xA5,0x4D,0x9D,0x6E,0xA5,0x6C,0x84,0x8D,0x84,
    0xAE,0x94,0xCE,0x94,0xEF,0x9C,0x0F,0x9D,0x0F,0x9D,0x0F,0x9D,0xEE,0x9C,0xEE,0x9C,
    0xEE,0x9C,0xEE,0x94,0xEE,0x94,0xEE,0x94,0x33,0xCE,0xBC,0xF7,0xBD,0xF7,0xBD,0xF7,
    0xBD,0xF7,0xBC,0xF7,0xBD,0xF7,0xBC,0xF7,0xBD,0xF7,0xBD,0xF7,0xBD,0xF7,0xBC,0xF7,
    0xBC,0xF7,0xBC,0xF7,0xBC,0xF7,0x9B,0xF7,0x95,0xDE,0xF1,0xBD,0x6F,0xAD,0xB0,0xB5,
    0xF1,0xBD,0x32,0xC6,0x73,0xCE,0x94,0xD6,0xF6,0xE6,0x17,0xE7,0x38,0xEF,0xB5,0xDE,
    0x53,0xCE,0xBD,0xF7,0xBD,0xF7,0xBD,0xF7,0xBD,0xF7,0xBD,0xF7,0xBD,0xF7,0xBD,0xF7,
    0xBD,0xF7,0xBD,0xF7,0xBD,0xF7,0xBD,0xF7,0xBD,0xF7,0xBD,0xF7,0xBD,0xF7,0xBD,0xF7,
    0xBD,0xF7,0xBD,0xF7,0xBD,0xF7,0xBD,0xF7,0xBD,0xF7,0xBD,0xF7,0xBD,0xF7,0x75,0xCE,
    0xEC,0x94,0xAF,0xAD,0x6E,0xA5,0x6E,0xA5,0x90,0xAD,0x2F,0xA5,0xAD,0x8C,0x4C,0x84,
    0x6C,0x84,0xEE,0x94,0xEE,0x94,0xAD,0x8C,0xAD,0x8C,0xCE,0x94,0x0F,0x9D,0xEE,0x94,
    0xEE,0x94,0xEE,0x94,0x53,0xCE,0xBC,0xF7,0x9C,0xF7,0x38,0xEF,0x9C,0xF7,0xBC,0xF7,
    0xBD,0xF7,0xBC,0xF7,0xBC,0xF7,0xBC,0xF7,0xBC,0xF7,0x9C,0xF7,0xF7,0xE6,0x54,0xCE,
    0xF2,0xBD,0x8F,0xAD,0x8F,0xAD,0xF1,0xBD,0x53,0xCE,0xD5,0xDE,0x58,0xE7,0xF6,0xDE,
    0x73,0xD6,0x32,0xCE,0x74,0xD6,0xB4,0xDE,0x17,0xEF,0x11,0xCE,0x39,0xE7,0xBD,0xF7,
    0xBD,0xF7,0xBD,0xF7,0xBD,0xF7,0xBD,0xF7,0xBD,0xF7,0xBD,0xF7,0xBD,0xF7,0xBD,0xF7,
    0xBD,0xF7,0xBD,0xF7,0xBD,0xF7,0xBD,0xF7,0xBD,0xF7,0xBD,0xF7,0xBD,0xF7,0xBD,0xF7,
    0xBD,0xF7,0xBD,0xF7,0xBD,0xF7,0xBD,0xF7,0xBC,0xF7,0xBD,0xF7,0xD2,0xB5,0xEC,0x94,
    0xF0,0xB5,0x8F,0xA5,0x70,0xAD,0xD1,0xBD,0x70,0xAD,0x4F,0xAD,0x2F,0xA5,0xEE,0x9C,
    0xCE,0x94,0x2F,0xAD,0xD2,0xC5,0xF2,0xCD,0xEE,0x9C,0xCE,0x94,0x0E,0x9D,0x0E,0x9D,
    0x95,0xD6,0xBC,0xF7,0xBC,0xF7,0x9B,0xF7,0xBC,0xF7,0xBC,0xF7,0xBC,0xF7,0x9C,0xF7,
    0xF7,0xE6,0x53,0xCE,0xD1,0xBD,0xB0,0xB5,0xD1,0xB5,0x12,0xC6,0x94,0xD6,0xD5,0xDE,
    0xF6,0xE6,0x17,0xE7,0xD6,0xDE,0x94,0xD6,0x53,0xD6,0x94,0xDE,0x18,0xEF,0x9B,0xF7,
    0x9C,0xF7,0xBC,0xF7,0xBC,0xF7,0x94,0xD6,0xBC,0xF7,0xBD,0xF7,0xBD,0xF7,0xBD,0xF7,
    0xBD,0xF7,0xBD,0xF7,0xBD,0xF7,0xBD,0xF7,0xBD,0xF7,0xBD,0xF7,0xBD,0xF7,0xBD,0xF7,
    0xBD,0xF7,0xBD,0xF7,0xBD,0xF7,0xBD,0xF7,0xBD,0xF7,0xBD,0xF7,0xBD,0xF7,0xBD,0xF7,
    0xBD,0xF7,0xBD,0xF7,0xBD,0xF7,0x9C,0xEF,0xBD,0xF7,0xD2,0xB5,0xCC,0x8C,0x8F,0xA5,
    0x4F,0xAD,0xD1,0xBD,0x12,0xCE,0x33,0xCE,0x74,0xDE,0x94,0xE6,0xD6,0xEE,0x59,0xF7,
    0x7B,0xF7,0x7A,0xF7,0x4F,0xB5,0xAD,0x8C,0x2F,0x9D,0x0E,0x9D,0x53,0xCE,0xBC,0xF7,
    0xBC,0xF7,0x59,0xEF,0x95,0xDE,0x54,0xCE,0xF2,0xBD,0x90,0xAD,0xB0,0xB5,0xF1,0xBD,
    0x73,0xCE,0xB5,0xDE,0xF6,0xDE,0xB5,0xDE,0xB4,0xDE,0x94,0xDE,0x94,0xDE,0xD6,0xE6,
    0x39,0xEF,0x9B,0xF7,0xBC,0xF7,0xBC,0xF7,0xBC,0xF7,0xBC,0xF7,0xBD,0xF7,0xBD,0xF7,
    0xBC,0xF7,0xB6,0xDE,0xBC,0xF7,0xBD,0xF7,0xBD,0xF7,0xBD,0xF7,0xBD,0xF7,0xBD,0xF7,
    0xBD,0xF7,0xBD,0xF7,0xBD,0xF7,0xBD,0xF7,0xBD,0xF7,0xBD,0xF7,0xBD,0xF7,0xBD,0xF7,
    0xBD,0xF7,0xBD,0xF7,0xBD,0xF7,0xBD,0xF7,0xBD,0xF7,0xBD,0xF7,0xBD,0xF7,0xBD,0xF7,
    0xBD,0xF7,0xBD,0xF7,0x9C,0xF7,0xBD,0xF7,0x54,0xC6,0x0D,0x95,0xD6,0xE6,0x38,0xF7,
    0x7A,0xF7,0x7A,0xF7,0x39,0xF7,0x17,0xF7,0x38,0xF7,0x5A,0xF7,0x18,0xEF,0xD5,0xEE,
    0xB1,0xC5,0x6C,0x8C,0xCD,0x94,0xAD,0x8C,0x4F,0xA5,0x53,0xCE,0xF1,0xBD,0x90,0xB5,
    0xB0,0xB5,0xF2,0xBD,0x53,0xCE,0x94,0xD6,0xD5,0xDE,0xB4,0xDE,0x94,0xDE,0x94,0xDE,
    0x94,0xDE,0xB5,0xE6,0x59,0xEF,0x9B,0xF7,0xBC,0xF7,0xBC,0xF7,0xBD,0xF7,0xBC,0xF7,
    0xBD,0xF7,0xBD,0xF7,0xBC,0xF7,0xBD,0xF7,0xBD,0xF7,0xBC,0xF7,0xDD,0xF7,0xD6,0xDE,
    0x18,0xE7,0xBD,0xF7,0xBD,0xF7,0xBD,0xF7,0xBD,0xF7,0xBD,0xF7,0xBD,0xF7,0xBD,0xF7,
    0xBD,0xF7,0xBD,0xF7,0xBD,0xF7,0xBD,0xF7,0xBD,0xF7,0xBD,0xF7,0xBD,0xF7,0xBD,0xF7,
    0xBD,0xF7,0xBD,0xF7,0xBD,0xF7,0xBD,0xF7,0xBD,0xF7,0xBD,0xF7,0xBD,0xF7,0xBD,0xF7,
    0xBC,0xF7,0x9B,0xEF,0xBC,0xF7,0x7B,0xEF,0x7A,0xF7,0x7A,0xF7,0x59,0xF7,0x39,0xF7,
    0x39,0xF7,0x59,0xF7,0x5A,0xF7,0x7A,0xF7,0x59,0xF7,0x38,0xF7,0x74,0xDE,0x4F,0xB5,
    0x0F,0xAD,0xCE,0x9C,0xAD,0x94,0x4F,0xAD,0x73,0xD6,0xF6,0xE6,0x39,0xEF,0xF7,0xE6,
    0x94,0xDE,0x73,0xDE,0x94,0xDE,0xF7,0xEE,0x7A,0xF7,0x9C,0xF7,0xBC,0xF7,0xBC,0xF7,
    0xBD,0xF7,0xBC,0xF7,0xBC,0xF7,0xBC,0xF7,0xBC,0xF7,0xBC,0xF7,0xBC,0xF7,0xBC,0xF7,
    0xBD,0xF7,0xBD,0xF7,0xBD,0xF7,0xBD,0xF7,0xBC,0xF7,0xD5,0xDE,0x32,0xCE,0xBD,0xF7,
    0xBC,0xF7,0xBD,0xF7,0xBD,0xF7,0xBD,0xF7,0xBD,0xF7,0xBD,0xF7,0xBD,0xF7,0xBD,0xF7,
    0xBD,0xF7,0xBD,0xF7,0xBD,0xF7,0xBD,0xF7,0xBD,0xF7,0xBD,0xF7,0xBD,0xF7,0xBD,0xF7,
    0xBD,0xF7,0xBD,0xF7,0xBD,0xF7,0xBD,0xF7,0xBD,0xF7,0xBD,0xF7,0xBD,0xF7,0xBC,0xF7,
    0x7B,0xEF,0x9B,0xEF,0x38,0xF7,0x18,0xEF,0x59,0xF7,0x7A,0xF7,0xBC,0xF7,0xBC,0xF7,
    0x5A,0xF7,0x59,0xF7,0x59,0xF7,0x7A,0xF7,0xB5,0xE6,0x70,0xB5,0x91,0xBD,0x91,0xBD,
    0xB1,0xBD,0x91,0xBD,0xF2,0xCD,0x52,0xDE,0x94,0xE6,0xF7,0xE6,0xF6,0xE6,0x9B,0xF7,
    0xBC,0xF7,0xBC,0xF7,0xBD,0xF7,0xBC,0xF7,0xBC,0xF7,0xBC,0xF7,0xBC,0xF7,0xBD,0xF7,
    0x9C,0xF7,0xF8,0xE6,0x75,0xD6,0x54,0xCE,0x75,0xD6,0xB6,0xD6,0xD6,0xDE,0xB5,0xDE,
    0x74,0xD6,0x73,0xD6,0x74,0xD6,0x95,0xDE,0x54,0xCE,0xF8,0xDE,0x19,0xE7,0x7B,0xEF,
    0xBD,0xF7,0xBC,0xF7,0xBC,0xF7,0xBD,0xF7,0xBD,0xF7,0xBD,0xF7,0xBD,0xF7,0xBD,0xF7,
    0xBD,0xF7,0xBD,0xF7,0xBD,0xF7,0xBD,0xF7,0xBD,0xF7,0xBD,0xF7,0xBD,0xF7,0xBD,0xF7,
    0xBD,0xF7,0xBD,0xF7,0xBD,0xF7,0xBD,0xF7,0xBD,0xF7,0xBD,0xF7,0xBD,0xF7,0xBC,0xF7,
    0x59,0xF7,0xBC,0xF7,0xBC,0xF7,0xBD,0xF7,0xBC,0xF7,0xBC,0xF7,0xBC,0xF7,0x59,0xF7,
    0x59,0xF7,0x59,0xF7,0xF7,0xEE,0xB1,0xBD,0xB2,0xBD,0x91,0xBD,0x91,0xBD,0x50,0xB5,
    0x0D,0xA5,0xD5,0xEE,0x9B,0xF7,0x9C,0xF7,0x9C,0xF7,0xBC,0xF7,0xBC,0xF7,0xBC,0xF7,
    0xBC,0xF7,0xBC,0xF7,0xBD,0xF7,0x39,0xEF,0x75,0xD6,0x33,0xCE,0x53,0xD6,0x95,0xDE,
    0x18,0xE7,0x59,0xEF,0x18,0xEF,0xF8,0xEE,0x39,0xEF,0x19,0xEF,0xD7,0xE6,0x95,0xE6,
    0xD7,0xE6,0x18,0xEF,0x5A,0xEF,0x39,0xEF,0xB5,0xDE,0xB5,0xDE,0xB6,0xDE,0xB6,0xD6,
    0x5A,0xEF,0xBD,0xF7,0xBC,0xF7,0xBD,0xF7,0xBD,0xF7,0xBD,0xF7,0xBD,0xF7,0xBD,0xF7,
    0xBD,0xF7,0xBD,0xF7,0xBD,0xF7,0xBD,0xF7,0xBD,0xF7,0xBD,0xF7,0xBD,0xF7,0xBD,0xF7,
    0xBD,0xF7,0xBD,0xF7,0xBD,0xF7,0xBD,0xF7,0xBD,0xF7,0xBD,0xF7,0xBC,0xF7,0xBC,0xF7,
    0xBC,0xF7,0xBC,0xF7,0xBD,0xF7,0xBC,0xF7,0xBC,0xF7,0xBC,0xF7,0x7A,0xF7,0x39,0xF7,
    0x38,0xF7,0xD2,0xC5,0xB2,0xBD,0x91,0xBD,0x91,0xBD,0x70,0xB5,0xD1,0xC5,0xBC,0xF7,
    0xBC,0xF7,0x7A,0xF7,0x7B,0xF7,0xBC,0xF7,0xBC,0xF7,0xBC,0xF7,0xBD,0xF7,0x96,0xD6,
    0x55,0xD6,0xF8,0xE6,0x9B,0xF7,0x9C,0xF7,0x9B,0xF7,0x7B,0xF7,0x5A,0xF7,0xD7,0xE6,
    0x75,0xDE,0x34,0xD6,0xF2,0xCD,0xD2,0xC5,0xF2,0xC5,0xD2,0xC5,0xD2,0xC5,0xB1,0xBD,
    0xB1,0xBD,0x13,0xCE,0x34,0xD6,0x95,0xDE,0x39,0xEF,0x7B,0xF7,0xB6,0xDE,0x54,0xCE,
    0x5A,0xEF,0xBC,0xF7,0xBD,0xF7,0xBD,0xF7,0xBD,0xF7,0xBD,0xF7,0xBD,0xF7,0xBD,0xF7,
    0xBD,0xF7,0xBD,0xF7,0xBD,0xF7,0xBD,0xF7,0xBD,0xF7,0xBD,0xF7,0xBD,0xF7,0xBD,0xF7,
    0xBD,0xF7,0xBD,0xF7,0xBD,0xF7,0xBD,0xF7,0xBC,0xF7,0xBC,0xF7,0xF6,0xE6,0x9B,0xF7,
    0xBC,0xF7,0xBD,0xF7,0xBD,0xF7,0xBC,0xF7,0xBD,0xF7,0x59,0xF7,0x7A,0xF7,0xF2,0xCD,
    0x91,0xBD,0xB1,0xBD,0xB1,0xBD,0x70,0xB5,0x33,0xCE,0xBC,0xF7,0xBD,0xF7,0x9B,0xF7,
    0x9C,0xF7,0xBD,0xF7,0xBC,0xF7,0x39,0xEF,0xF2,0xBD,0xF8,0xE6,0xBC,0xF7,0xBC,0xF7,
    0x7B,0xF7,0x38,0xEF,0xD6,0xEE,0xD6,0xEE,0xB5,0xE6,0x75,0xDE,0x74,0xDE,0x54,0xD6,
    0x13,0xCE,0xF3,0xCD,0x13,0xCE,0x13,0xCE,0xF3,0xCD,0xF3,0xC5,0xD2,0xBD,0xD2,0xBD,
    0x91,0xB5,0x70,0xB5,0x70,0xB5,0xD2,0xC5,0x39,0xEF,0xBD,0xF7,0x75,0xD6,0x75,0xCE,
    0xBC,0xF7,0xBD,0xF7,0xBD,0xF7,0xBD,0xF7,0xBD,0xF7,0xBD,0xF7,0xBD,0xF7,0xBD,0xF7,
    0xBD,0xF7,0xBD,0xF7,0xBD,0xF7,0xBD,0xF7,0xBD,0xF7,0xBD,0xF7,0xBD,0xF7,0xBD,0xF7,
    0xBD,0xF7,0xBD,0xF7,0xBC,0xF7,0x39,0xEF,0x31,0xD6,0x73,0xDE,0xBC,0xF7,0xBC,0xF7,
    0xBC,0xF7,0xBC,0xF7,0xBC,0xF7,0x7B,0xF7,0x7A,0xF7,0xD1,0xCD,0xCD,0xA4,0x50,0xB5,
    0xB2,0xC5,0x91,0xBD,0x33,0xCE,0xBC,0xF7,0xBC,0xF7,0x7A,0xF7,0x39,0xEF,0x59,0xEF,
    0x74,0xD6,0x2F,0xA5,0x9C,0xF7,0xBD,0xF7,0x74,0xDE,0x95,0xE6,0xB5,0xE6,0x38,0xEF,
    0x7A,0xF7,0x7B,0xF7,0x59,0xEF,0x95,0xDE,0x54,0xD6,0x33,0xCE,0xF3,0xC5,0xD2,0xBD,
    0xB2,0xBD,0xF3,0xC5,0xF3,0xC5,0xD2,0xC5,0xD2,0xBD,0xF2,0xC5,0xD2,0xBD,0xB1,0xBD,
    0x91,0xB5,0x71,0xB5,0x70,0xB5,0x75,0xDE,0xBC,0xF7,0xF3,0xBD,0xB6,0xD6,0xBC,0xF7,
    0xBD,0xF7,0xBD,0xF7,0xBD,0xF7,0xBD,0xF7,0xBD,0xF7,0xBD,0xF7,0xBD,0xF7,0xBD,0xF7,
    0xBD,0xF7,0xBD,0xF7,0xBD,0xF7,0xBD,0xF7,0xBD,0xF7,0xBD,0xF7,0xBD,0xF7,0xBD,0xF7,
    0xBC,0xF7,0x59,0xEF,0x31,0xD6,0x52,0xDE,0xBC,0xF7,0xBC,0xF7,0xBD,0xF7,0xBD,0xF7,
    0xBC,0xF7,0x9C,0xF7,0x59,0xF7,0x12,0xD6,0x0F,0xAD,0x0F,0xAD,0x2F,0xAD,0x70,0xB5,
    0xB1,0xBD,0xB5,0xE6,0x32,0xD6,0x12,0xCE,0x32,0xCE,0xB5,0xDE,0x2E,0xA5,0x34,0xCE,
    0xBC,0xF7,0x95,0xDE,0x54,0xDE,0xF7,0xEE,0x59,0xF7,0x7A,0xF7,0xB6,0xDE,0xF3,0xC5,
    0x0F,0xA5,0x0B,0x7C,0x89,0x63,0x69,0x63,0x89,0x63,0x89,0x63,0x68,0x5B,0x68,0x63,
    0xAA,0x6B,0xCA,0x73,0xCA,0x73,0x4C,0x84,0x0F,0x9D,0x91,0xB5,0xD2,0xBD,0xB2,0xBD,
    0x0F,0xA5,0x0E,0xA5,0xBC,0xF7,0x9B,0xF7,0x34,0xC6,0xBC,0xF7,0xBD,0xF7,0xBD,0xF7,
    0xBD,0xF7,0xBD,0xF7,0xBD,0xF7,0xBD,0xF7,0xBD,0xF7,0xBD,0xF7,0xBD,0xF7,0xBD,0xF7,
    0xBD,0xF7,0xBD,0xF7,0xBD,0xF7,0xBD,0xF7,0xBD,0xF7,0xBD,0xF7,0x5A,0xF7,0x7A,0xF7,
    0x32,0xD6,0x72,0xDE,0x39,0xEF,0x94,0xE6,0x17,0xEF,0xBD,0xF7,0xBC,0xF7,0xBC,0xF7,
    0x59,0xF7,0x53,0xDE,0x70,0xB5,0xF2,0xC5,0xF2,0xC5,0xB1,0xC5,0x90,0xB5,0xF1,0xC5,
    0x33,0xD6,0x94,0xDE,0xD6,0xE6,0x7B,0xF7,0xEF,0x9C,0xD2,0xCD,0xBC,0xF7,0x95,0xE6,
    0x12,0xCE,0x75,0xDE,0x91,0xB5,0x4C,0x84,0x8A,0x6B,0xCA,0x6B,0x8A,0x63,0x89,0x63,
    0x69,0x5B,0x48,0x5B,0x68,0x5B,0xA9,0x63,0x89,0x63,0x28,0x5B,0x28,0x53,0x48,0x5B,
    0x28,0x53,0xE7,0x4A,0x07,0x53,0x49,0x5B,0xCA,0x6B,0x8D,0x8C,0xCE,0x9C,0x53,0xD6,
    0xBC,0xF7,0x9C,0xF7,0xB2,0xB5,0x9C,0xF7,0xB6,0xD6,0x39,0xE7,0xBD,0xF7,0xBC,0xF7,
    0xBD,0xF7,0xBD,0xF7,0xBD,0xF7,0xBD,0xF7,0xBD,0xF7,0xBD,0xF7,0xBD,0xF7,0xBD,0xF7,
    0xBD,0xF7,0xBD,0xF7,0xBD,0xF7,0xBD,0xF7,0x31,0xDE,0x52,0xDE,0x94,0xE6,0x94,0xDE,
    0x93,0xDE,0x94,0xE6,0x73,0xE6,0xBC,0xF7,0xBC,0xF7,0xBC,0xF7,0x5A,0xF7,0x95,0xE6,
    0x91,0xBD,0xD2,0xC5,0xB1,0xBD,0xB1,0xC5,0x74,0xE6,0xF6,0xEE,0x9B,0xF7,0xBC,0xF7,
    0xBC,0xF7,0x9C,0xF7,0x10,0x9D,0x50,0xAD,0x33,0xDE,0x59,0xF7,0x7A,0xF7,0x91,0xB5,
    0x69,0x63,0x07,0x53,0x48,0x5B,0xAA,0x6B,0x0B,0x7C,0x8D,0x8C,0xCE,0x94,0xCE,0x94,
    0xAD,0x8C,0xAD,0x8C,0x8D,0x8C,0x2B,0x7C,0xCA,0x6B,0xCA,0x6B,0xEA,0x6B,0x89,0x63,
    0x07,0x53,0xE7,0x4A,0x69,0x63,0x50,0xAD,0x7B,0xF7,0xBC,0xF7,0xBD,0xF7,0xB5,0xDE,
    0x2F,0xA5,0x13,0xBE,0x53,0xCE,0x12,0xC6,0xD1,0xBD,0x95,0xD6,0xBD,0xF7,0xBD,0xF7,
    0xBD,0xF7,0xBD,0xF7,0xBD,0xF7,0xBD,0xF7,0xBD,0xF7,0xBD,0xF7,0xBD,0xF7,0xBD,0xF7,
    0xBD,0xF7,0xBD,0xF7,0x72,0xDE,0x72,0xDE,0x72,0xDE,0x73,0xDE,0x73,0xDE,0x51,0xDE,
    0x93,0xE6,0xBC,0xF7,0xBD,0xF7,0xBD,0xF7,0x59,0xF7,0xF7,0xEE,0x91,0xBD,0xD2,0xC5,
    0x91,0xBD,0xB1,0xC5,0x9C,0xF7,0xBC,0xF7,0xBC,0xF7,0xBC,0xF7,0x9B,0xF7,0x7A,0xF7,
    0x30,0xA5,0x71,0xA5,0x50,0xAD,0xD1,0xCD,0x18,0xEF,0xBC,0xF7,0x18,0xEF,0xF3,0xC5,
    0x71,0xAD,0x50,0xA5,0xEE,0x94,0xAD,0x8C,0xCD,0x8C,0xEE,0x94,0xAD,0x8C,0x8C,0x8C,
    0x8C,0x8C,0x8D,0x8C,0x4C,0x84,0x2B,0x7C,0x6D,0x8C,0x2F,0xA5,0xD2,0xBD,0x96,0xD6,
    0xBD,0xF7,0xDD,0xF7,0xBC,0xF7,0x5A,0xEF,0x94,0xDE,0x53,0xCE,0xD5,0xDE,0x38,0xEF,
    0x5A,0xEF,0x9B,0xF7,0xBD,0xF7,0x74,0xCE,0x54,0xCE,0xBC,0xF7,0xBD,0xF7,0xBD,0xF7,
    0xBD,0xF7,0xBD,0xF7,0xBD,0xF7,0xBD,0xF7,0xBD,0xF7,0xBD,0xF7,0xBD,0xF7,0xBD,0xF7,
    0x93,0xDE,0x73,0xDE,0x38,0xEF,0x94,0xDE,0x39,0xEF,0xB4,0xE6,0x9B,0xF7,0xBC,0xF7,
    0xBC,0xF7,0xBD,0xF7,0x39,0xF7,0x38,0xF7,0x90,0xBD,0x91,0xBD,0x90,0xBD,0x33,0xD6,
    0xBC,0xF7,0xBC,0xF7,0xBC,0xF7,0x9C,0xF7,0x9B,0xF7,0xBC,0xF7,0x71,0xAD,0x91,0xAD,
    0x50,0xA5,0x50,0x9D,0xB1,0xB5,0xF2,0xCD,0x53,0xDE,0x59,0xF7,0xBC,0xF7,0x9B,0xF7,
    0x59,0xF7,0xF8,0xEE,0xD7,0xE6,0xB6,0xDE,0x96,0xDE,0x75,0xD6,0x96,0xD6,0x39,0xE7,
    0x7B,0xEF,0x9B,0xF7,0xBC,0xF7,0xBC,0xF7,0xBC,0xF7,0xBC,0xF7,0xDD,0xF7,0xBD,0xF7,
    0x18,0xE7,0x94,0xDE,0x73,0xD6,0x33,0xC6,0x94,0xD6,0x94,0xD6,0xB5,0xDE,0x18,0xE7,
    0xBD,0xF7,0xDD,0xFF,0x95,0xD6,0xF3,0xBD,0xBD,0xF7,0xBC,0xF7,0xBD,0xF7,0xBD,0xF7,
    0xBD,0xF7,0xBD,0xF7,0xBD,0xF7,0xBD,0xF7,0xBD,0xF7,0xBD,0xF7,0xBC,0xF7,0x9C,0xF7,
    0xBC,0xF7,0x52,0xDE,0x9C,0xF7,0xBC,0xF7,0xBD,0xF7,0xBC,0xF7,0xBD,0xF7,0xBC,0xF7,
    0x18,0xEF,0x39,0xF7,0xB1,0xC5,0x91,0xBD,0x91,0xBD,0x54,0xDE,0xBC,0xF7,0xBC,0xF7,
    0xBC,0xF7,0x9B,0xF7,0x9B,0xF7,0xBC,0xF7,0xB2,0xB5,0x71,0xAD,0x30,0x9D,0x2F,0x9D,
    0x2F,0x9D,0x2F,0x9D,0x50,0xA5,0x91,0xB5,0xB1,0xBD,0xF1,0xC5,0x32,0xD6,0x94,0xE6,
    0xF6,0xEE,0x38,0xEF,0x59,0xF7,0x7A,0xF7,0x9B,0xF7,0x7A,0xF7,0x7A,0xF7,0x7B,0xF7,
    0x7A,0xF7,0x59,0xEF,0xF6,0xE6,0xF7,0xE6,0x38,0xEF,0xB4,0xDE,0xB5,0xDE,0xD6,0xE6,
    0x94,0xD6,0xF2,0xBD,0xF2,0xBD,0xB1,0xB5,0x90,0xB5,0xF2,0xBD,0x73,0xD6,0x7A,0xEF,
    0xBC,0xF7,0xD2,0xBD,0x39,0xE7,0xBD,0xF7,0xBD,0xF7,0xBD,0xF7,0xBD,0xF7,0xBD,0xF7,
    0xBD,0xF7,0xBD,0xF7,0xBD,0xF7,0xBD,0xF7,0xBC,0xF7,0xBC,0xF7,0xBC,0xF7,0x73,0xDE,
    0x5A,0xF7,0xBC,0xF7,0xBC,0xF7,0xBC,0xF7,0xBC,0xF7,0x9B,0xF7,0xD6,0xEE,0x59,0xF7,
    0xF2,0xCD,0x91,0xBD,0xB1,0xBD,0x33,0xD6,0xBC,0xF7,0xBC,0xF7,0xBC,0xF7,0x9C,0xF7,
    0xBC,0xF7,0xBC,0xF7,0x71,0xAD,0x30,0xA5,0x50,0xA5,0x2F,0x9D,0x2F,0xA5,0x0F,0x9D,
    0x2F,0x9D,0x2F,0x9D,0x30,0x9D,0x50,0xA5,0x70,0xA5,0x70,0xAD,0x90,0xAD,0xB0,0xB5,
    0xB1,0xB5,0xF2,0xBD,0x12,0xC6,0x32,0xCE,0x32,0xCE,0x94,0xD6,0x94,0xD6,0xB4,0xD6,
    0xB4,0xDE,0xB4,0xDE,0xD5,0xDE,0x7A,0xEF,0xB5,0xDE,0xF6,0xE6,0x74,0xCE,0xD1,0xB5,
    0x0E,0x9D,0x51,0xA5,0x36,0xC6,0x0F,0x9D,0x6F,0xAD,0x73,0xD6,0x9C,0xF7,0xD7,0xDE,
    0x55,0xCE,0xDD,0xF7,0xBD,0xF7,0xBD,0xF7,0xBD,0xF7,0xBD,0xF7,0xBD,0xF7,0xBD,0xF7,
    0xBD,0xF7,0xBD,0xF7,0xBC,0xF7,0xBC,0xF7,0xBC,0xF7,0x74,0xDE,0x18,0xEF,0xBC,0xF7,
    0xBC,0xF7,0xBC,0xF7,0xBC,0xF7,0x18,0xF7,0xF6,0xEE,0x59,0xF7,0x53,0xDE,0xD2,0xC5,
    0xD2,0xC5,0xF2,0xCD,0xBC,0xF7,0x9C,0xF7,0x7B,0xF7,0xBC,0xF7,0xBC,0xF7,0x9C,0xF7,
    0x2F,0xA5,0x2F,0x9D,0x91,0xAD,0x2F,0x9D,0x0F,0x9D,0x2F,0x9D,0x2F,0xA5,0x50,0xA5,
    0x71,0xAD,0x71,0xAD,0x70,0xAD,0x70,0xAD,0x90,0xAD,0x91,0xAD,0xB1,0xB5,0x12,0xBE,
    0x32,0xC6,0x33,0xCE,0x53,0xCE,0x94,0xD6,0x94,0xD6,0xB5,0xDE,0xB5,0xDE,0xB4,0xDE,
    0x7A,0xEF,0xBD,0xF7,0xB5,0xDE,0xD6,0xDE,0x94,0xD6,0x2F,0x9D,0xAE,0x8C,0xBD,0xF7,
    0xDD,0xFF,0x9C,0xEF,0xEF,0x94,0x13,0xC6,0x38,0xEF,0x7A,0xEF,0x34,0xC6,0xBD,0xF7,
    0xBC,0xF7,0xBC,0xF7,0xBD,0xF7,0xBD,0xF7,0xBD,0xF7,0xBD,0xF7,0xBC,0xF7,0xBC,0xF7,
    0xBD,0xF7,0xBC,0xF7,0xBC,0xF7,0x18,0xEF,0x18,0xEF,0xBC,0xF7,0xBC,0xF7,0xBC,0xF7,
    0x7B,0xF7,0xD5,0xEE,0xF7,0xEE,0x38,0xF7,0x74,0xDE,0x50,0xB5,0xF3,0xC5,0x33,0xD6,
    0xD6,0xEE,0x17,0xEF,0xB4,0xE6,0xB5,0xE6,0x95,0xDE,0x74,0xD6,0xEE,0x9C,0x71,0xAD,
    0xB2,0xB5,0x2F,0x9D,0x0F,0x9D,0x2F,0x9D,0x2F,0x9D,0x4F,0xA5,0x70,0xAD,0x71,0xAD,
    0x70,0xAD,0x91,0xAD,0xB1,0xB5,0xB1,0xB5,0xB1,0xB5,0x12,0xC6,0x33,0xC6,0x53,0xCE,
    0x74,0xCE,0x94,0xD6,0x94,0xD6,0xB5,0xDE,0xD5,0xDE,0xB5,0xDE,0x7A,0xEF,0x9C,0xF7,
    0xB5,0xDE,0xD6,0xDE,0xB5,0xD6,0x70,0xAD,0xD4,0xB5,0xDD,0xFF,0xBD,0xF7,0xDD,0xF7,
    0xB2,0xAD,0xB1,0xB5,0xF7,0xE6,0x59,0xEF,0xF3,0xBD,0xBC,0xF7,0xBC,0xF7,0xBC,0xF7,
    0xBC,0xF7,0xBD,0xF7,0xBD,0xF7,0xBC,0xF7,0x7B,0xEF,0x7A,0xEF,0xBC,0xF7,0xBC,0xF7,
    0xBC,0xF7,0xBC,0xF7,0xBC,0xF7,0xBC,0xF7,0xBD,0xF7,0xBD,0xF7,0x59,0xF7,0x17,0xEF,
    0x38,0xEF,0x38,0xF7,0x53,0xDE,0xCE,0x9C,0x0F,0xA5,0x91,0xBD,0x95,0xDE,0x12,0xCE,
    0x90,0xB5,0xF2,0xBD,0x34,0xCE,0x5A,0xEF,0xB2,0xAD,0x91,0xAD,0xB2,0xB5,0x0F,0x9D,
    0xEE,0x9C,0x2F,0x9D,0x2F,0x9D,0x50,0xA5,0x91,0xAD,0x91,0xAD,0x91,0xAD,0x91,0xAD,
    0xB1,0xB5,0x91,0xAD,0xB1,0xB5,0xF2,0xBD,0x12,0xC6,0x53,0xCE,0x74,0xCE,0x74,0xD6,
    0x74,0xD6,0xB4,0xDE,0xB5,0xDE,0xB4,0xDE,0xF6,0xE6,0x5A,0xEF,0xF6,0xE6,0xF6,0xE6,
    0x17,0xE7,0x74,0xCE,0x14,0xC6,0xBC,0xF7,0xBC,0xF7,0xDD,0xF7,0xB3,0xB5,0xB1,0xB5,
    0x17,0xE7,0x59,0xEF,0xF3,0xBD,0xBC,0xF7,0xBD,0xF7,0xBD,0xF7,0xBC,0xF7,0xBC,0xF7,
    0xBC,0xF7,0xBC,0xF7,0xBC,0xF7,0xBC,0xF7,0x9B,0xF7,0xBD,0xF7,0xBC,0xF7,0xBC,0xF7,
    0xBC,0xF7,0x9B,0xF7,0x59,0xF7,0x18,0xEF,0x38,0xF7,0x39,0xF7,0x38,0xF7,0xF7,0xEE,
    0x74,0xE6,0x0E,0xA5,0x30,0xA5,0x70,0xAD,0x34,0xC6,0x76,0xD6,0x19,0xE7,0xBC,0xF7,
    0xBD,0xF7,0xBC,0xF7,0xF3,0xBD,0x71,0xA5,0xB2,0xB5,0x0F,0x9D,0x0F,0x9D,0x2F,0xA5,
    0x2F,0xA5,0x50,0xA5,0x91,0xAD,0x90,0xAD,0x91,0xAD,0x13,0xC6,0x54,0xD6,0x13,0xCE,
    0xD2,0xBD,0x12,0xBE,0x53,0xCE,0x38,0xEF,0x7A,0xF7,0xB5,0xDE,0x73,0xD6,0xB4,0xDE,
    0xB5,0xDE,0xB4,0xDE,0xF6,0xE6,0x7A,0xEF,0x17,0xE7,0xD5,0xDE,0x38,0xEF,0x74,0xD6,
    0xD2,0xB5,0xBD,0xF7,0xBD,0xF7,0xBD,0xF7,0x71,0xA5,0x12,0xBE,0x39,0xEF,0xB5,0xDE,
    0xF3,0xBD,0xBD,0xF7,0x9C,0xF7,0x9C,0xF7,0x9C,0xF7,0xBC,0xF7,0xBD,0xF7,0xBD,0xF7,
    0xBD,0xF7,0xBC,0xF7,0x7A,0xF7,0x9C,0xF7,0x9C,0xF7,0x9B,0xF7,0x59,0xF7,0xD6,0xEE,
    0xB5,0xEE,0xF6,0xEE,0x17,0xEF,0x18,0xF7,0x38,0xF7,0x7A,0xF7,0xB5,0xEE,0x70,0xB5,
    0x74,0xCE,0x18,0xE7,0x9B,0xEF,0xBD,0xF7,0xBD,0xF7,0xBD,0xF7,0xBD,0xF7,0xBC,0xF7,
    0x34,0xC6,0x50,0xA5,0xD2,0xB5,0x50,0xA5,0x50,0xA5,0x4F,0xA5,0x4F,0xA5,0x50,0xA5,
    0x70,0xAD,0x70,0xA5,0xD2,0xB5,0x95,0xDE,0x95,0xDE,0xB5,0xE6,0x74,0xDE,0x33,0xCE,
    0x7A,0xF7,0x9B,0xF7,0xBC,0xF7,0xBC,0xF7,0xB5,0xDE,0x94,0xDE,0xB5,0xDE,0xB5,0xDE,
    0xF6,0xE6,0x7A,0xEF,0xF7,0xE6,0xB5,0xDE,0xF7,0xE6,0x53,0xCE,0xF3,0xBD,0xBD,0xF7,
    0xBC,0xF7,0xB7,0xD6,0x2F,0xA5,0x33,0xC6,0x59,0xEF,0x13,0xC6,0x54,0xC6,0xBD,0xF7,
    0xBC,0xF7,0xBD,0xF7,0xBD,0xF7,0xBD,0xF7,0xBC,0xF7,0xBC,0xF7,0xBC,0xF7,0xBC,0xF7,
    0x94,0xEE,0xB5,0xEE,0x17,0xEF,0xD6,0xEE,0xF7,0xEE,0x17,0xEF,0xF7,0xEE,0x39,0xF7,
    0x18,0xF7,0xB5,0xEE,0x54,0xDE,0x33,0xD6,0xD2,0xC5,0x5A,0xEF,0xBC,0xF7,0x39,0xE7,
    0x39,0xE7,0x39,0xE7,0x59,0xEF,0xBC,0xF7,0xBD,0xF7,0xBD,0xF7,0x76,0xCE,0x30,0xA5,
    0xF3,0xBD,0x70,0xAD,0x50,0xA5,0x50,0xA5,0x2F,0xA5,0x4F,0xA5,0x70,0xAD,0x70,0xA5,
    0xF3,0xC5,0x95,0xDE,0x95,0xDE,0x95,0xDE,0x95,0xE6,0xF7,0xEE,0x5A,0xF7,0x9B,0xF7,
    0x9C,0xF7,0xBC,0xF7,0xF6,0xE6,0x94,0xD6,0xB5,0xDE,0xB5,0xDE,0xF6,0xE6,0x7A,0xEF,
    0xF6,0xE6,0xB5,0xDE,0x17,0xE7,0x33,0xC6,0xB8,0xD6,0xDE,0xFF,0xF8,0xDE,0xEF,0x94,
    0x90,0xAD,0x74,0xCE,0x59,0xEF,0xB1,0xB5,0x7B,0xEF,0xBD,0xF7,0xBD,0xF7,0xBC,0xF7,
    0xBC,0xF7,0xBC,0xF7,0xBC,0xF7,0xBC,0xF7,0xBC,0xF7,0xBC,0xF7,0x17,0xEF,0xF7,0xEE,
    0xF6,0xF6,0x17,0xF7,0xF7,0xEE,0xD6,0xEE,0x74,0xDE,0xF2,0xCD,0xB1,0xBD,0x91,0xBD,
    0xD2,0xC5,0x75,0xD6,0x9B,0xEF,0xBD,0xF7,0xBD,0xF7,0xBD,0xF7,0x9B,0xEF,0x39,0xE7,
    0x59,0xE7,0x5A,0xEF,0x9B,0xEF,0xBC,0xF7,0xD8,0xDE,0xEF,0x9C,0x13,0xC6,0x70,0xAD,
    0x4F,0xA5,0x4F,0xA5,0x2F,0xA5,0x50,0xA5,0x70,0xAD,0x70,0xA5,0xD2,0xBD,0x95,0xDE,
    0x95,0xDE,0x95,0xDE,0xB5,0xE6,0x18,0xEF,0x59,0xF7,0x7B,0xF7,0x9C,0xF7,0xBC,0xF7,
    0x95,0xD6,0x94,0xD6,0xB5,0xDE,0xB5,0xDE,0xD6,0xDE,0x7A,0xEF,0xD5,0xDE,0xB5,0xDE,
    0x17,0xE7,0x70,0xAD,0xF4,0xBD,0x97,0xCE,0x50,0xA5,0x70,0xAD,0xD1,0xB5,0xF6,0xE6,
    0x53,0xCE,0xD2,0xB5,0xBC,0xF7,0xBC,0xF7,0xBC,0xF7,0xBC,0xF7,0xBC,0xF7,0xBC,0xF7,
    0xBC,0xF7,0xBC,0xF7,0xBC,0xF7,0xBC,0xF7,0x39,0xF7,0xB5,0xEE,0x32,0xD6,0xB1,0xC5,
    0x91,0xBD,0xB2,0xBD,0x14,0xCE,0x96,0xD6,0x5A,0xEF,0xBD,0xF7,0xBC,0xF7,0xBC,0xF7,
    0xBD,0xF7,0xBD,0xF7,0xBD,0xF7,0xBD,0xF7,0xBD,0xF7,0xBD,0xF7,0x9C,0xF7,0x5A,0xEF,
    0xF8,0xDE,0xB6,0xD6,0x35,0xC6,0xEF,0x94,0xF3,0xBD,0x91,0xAD,0x70,0xA5,0x2F,0xA5,
    0x50,0xA5,0x50,0xA5,0x70,0xAD,0x70,0xAD,0x70,0xAD,0x54,0xD6,0x95,0xDE,0x95,0xDE,
    0xB5,0xE6,0x18,0xEF,0x7A,0xF7,0x9B,0xF7,0x9C,0xF7,0x5A,0xEF,0x73,0xCE,0x94,0xDE,
    0xB5,0xDE,0xB4,0xDE,0xB5,0xDE,0x38,0xEF,0xB4,0xDE,0xB5,0xDE,0x95,0xD6,0xB1,0xB5,
    0xF1,0xBD,0x53,0xCE,0x13,0xC6,0x13,0xC6,0xB5,0xDE,0x94,0xDE,0x4F,0xA5,0x9B,0xEF,
    0xBD,0xF7,0xBD,0xF7,0xBD,0xF7,0xBC,0xF7,0xBC,0xF7,0xBC,0xF7,0xBC,0xF7,0xBC,0xF7,
    0xBC,0xF7,0xBC,0xF7,0x91,0xBD,0x50,0xAD,0x50,0xA5,0xF2,0xBD,0x39,0xE7,0xBD,0xF7,
    0xBC,0xF7,0xBD,0xF7,0xBD,0xF7,0xBD,0xF7,0xBD,0xF7,0xBD,0xF7,0xBD,0xF7,0xBD,0xF7,
    0xBD,0xF7,0xBC,0xF7,0x5A,0xEF,0xF8,0xE6,0x96,0xD6,0x34,0xC6,0xD2,0xB5,0xB1,0xAD,
    0x91,0xAD,0x8D,0x84,0xD2,0xB5,0x91,0xAD,0x71,0xAD,0x2F,0xA5,0x4F,0xA5,0x4F,0xA5,
    0x70,0xA5,0x70,0xAD,0x70,0xAD,0xB1,0xB5,0x74,0xDE,0x95,0xE6,0x95,0xE6,0xF7,0xEE,
    0x7A,0xF7,0xBC,0xF7,0x7A,0xF7,0x74,0xD6,0x73,0xCE,0x94,0xD6,0xB4,0xDE,0x94,0xD6,
    0xB5,0xDE,0xF6,0xE6,0xB4,0xDE,0xD5,0xDE,0x54,0xCE,0x13,0xC6,0x94,0xD6,0x33,0xC6,
    0x12,0xC6,0xF7,0xE6,0x18,0xE7,0x70,0xAD,0x19,0xE7,0xBD,0xF7,0xBC,0xF7,0xBC,0xF7,
    0xBC,0xF7,0xBD,0xF7,0xBD,0xF7,0xBC,0xF7,0xBC,0xF7,0xBC,0xF7,0xBC,0xF7,0xBC,0xF7,
    0x75,0xCE,0xF8,0xDE,0x5A,0xEF,0x9B,0xEF,0x7B,0xEF,0xBC,0xF7,0xBD,0xF7,0xBD,0xF7,
    0xBD,0xF7,0xBD,0xF7,0xBD,0xF7,0xBD,0xF7,0xBD,0xF7,0x7B,0xEF,0xB6,0xDE,0x54,0xCE,
    0x13,0xC6,0xD2,0xB5,0xD3,0xB5,0xF3,0xBD,0xB2,0xB5,0x71,0xAD,0xD2,0xB5,0xAE,0x8C,
    0x70,0xA5,0xB1,0xB5,0x70,0xAD,0x50,0xA5,0x2F,0xA5,0x2F,0xA5,0x70,0xA5,0x70,0xA5,
    0x70,0xAD,0x70,0xAD,0xD2,0xB5,0x95,0xDE,0xB6,0xE6,0xD6,0xE6,0x7A,0xF7,0x59,0xEF,
    0x53,0xCE,0x73,0xCE,0x73,0xCE,0x94,0xD6,0x94,0xD6,0x94,0xD6,0xB5,0xDE,0xD5,0xDE,
    0x94,0xD6,0x94,0xD6,0x12,0xC6,0x13,0xC6,0x54,0xCE,0x53,0xCE,0x32,0xCE,0xB1,0xBD,
    0x71,0xAD,0x9C,0xF7,0xDD,0xF7,0xBD,0xF7,0xBD,0xF7,0xBC,0xF7,0xBC,0xF7,0xBC,0xF7,
    0xBC,0xF7,0xBD,0xF7,0xBC,0xF7,0xBC,0xF7,0xBD,0xF7,0xBD,0xF7,0xBD,0xF7,0xBD,0xF7,
    0x9B,0xEF,0x7B,0xEF,0x7B,0xEF,0x59,0xEF,0x38,0xE7,0xBC,0xF7,0xBD,0xF7,0xBD,0xF7,
    0xBD,0xF7,0x5A,0xEF,0x75,0xCE,0xF3,0xBD,0xD2,0xBD,0xF3,0xBD,0xD3,0xB5,0xF3,0xBD,
    0xF3,0xBD,0xF3,0xBD,0x34,0xCE,0x55,0xCE,0x55,0xCE,0x51,0xA5,0x8D,0x8C,0x91,0xAD,
    0x50,0xA5,0x50,0xA5,0x4F,0xA5,0x2F,0x9D,0x50,0xA5,0x70,0xA5,0x70,0xA5,0x91,0xAD,
    0x91,0xAD,0xB1,0xB5,0x54,0xCE,0xD6,0xE6,0x74,0xD6,0x12,0xBE,0x33,0xC6,0x74,0xD6,
    0x73,0xCE,0x73,0xCE,0x94,0xD6,0x74,0xD6,0xB5,0xD6,0xB5,0xDE,0x95,0xD6,0x53,0xCE,
    0x4F,0xA5,0x70,0xAD,0xF2,0xBD,0x70,0xAD,0x50,0xA5,0x15,0xC6,0xBD,0xF7,0xBD,0xF7,
    0xBC,0xF7,0xBC,0xF7,0xBC,0xF7,0xBD,0xF7,0xBD,0xF7,0xBC,0xF7,0xBC,0xF7,0xBC,0xF7,
    0xBD,0xF7,0xBD,0xF7,0xBD,0xF7,0xBC,0xF7,0xBD,0xF7,0xBD,0xF7,0xBD,0xF7,0xBD,0xF7,
    0x7B,0xEF,0x59,0xEF,0x59,0xEF,0xF8,0xE6,0x39,0xE7,0x7B,0xEF,0x96,0xD6,0xF3,0xBD,
    0xF3,0xBD,0xF3,0xBD,0xF3,0xBD,0x14,0xC6,0x35,0xCE,0x55,0xCE,0x55,0xCE,0x34,0xCE,
    0x55,0xCE,0x55,0xCE,0x76,0xCE,0x55,0xCE,0x0C,0x74,0xEE,0x9C,0x4F,0xA5,0x50,0xA5,
    0x4F,0xA5,0x0E,0x9D,0x50,0xA5,0x70,0xA5,0x70,0xA5,0x90,0xAD,0x91,0xAD,0x91,0xAD,
    0x91,0xAD,0xD2,0xB5,0xD1,0xB5,0xF2,0xBD,0x32,0xC6,0x53,0xCE,0x73,0xCE,0x53,0xCE,
    0x94,0xD6,0x53,0xCE,0x94,0xD6,0x94,0xD6,0x94,0xD6,0xF2,0xBD,0x0B,0x74,0x0F,0x95,
    0x71,0xA5,0x14,0xBE,0x9C,0xEF,0xDD,0xF7,0xBC,0xF7,0xBD,0xF7,0xBC,0xF7,0xBC,0xF7,
    0xBC,0xF7,0xBD,0xF7,0xBD,0xF7,0xBD,0xF7,0xBD,0xF7,0xBC,0xF7,0xBC,0xF7,0xBC,0xF7,
    0xBD,0xF7,0xBD,0xF7,0xBD,0xF7,0xBD,0xF7,0xBD,0xF7,0xBD,0xF7,0xBC,0xF7,0xF7,0xDE,
    0x96,0xD6,0x75,0xCE,0x34,0xC6,0x13,0xBE,0xF3,0xBD,0x13,0xBE,0x34,0xC6,0x55,0xCE,
    0x76,0xCE,0x76,0xD6,0x76,0xD6,0x76,0xD6,0x55,0xCE,0x35,0xCE,0x55,0xCE,0x55,0xCE,
    0x35,0xCE,0x34,0xC6,0x10,0x9D,0x2B,0x7C,0xB1,0xB5,0x50,0xA5,0x2F,0x9D,0x0F,0x9D,
    0x50,0xA5,0x50,0xA5,0x4F,0xA5,0x70,0xAD,0x91,0xAD,0xB1,0xAD,0x90,0xAD,0xB1,0xAD,
    0xD1,0xB5,0xD2,0xBD,0x12,0xBE,0x33,0xC6,0x53,0xCE,0x53,0xCE,0x74,0xCE,0x33,0xC6,
    0x33,0xC6,0x32,0xC6,0x74,0xD6,0x8D,0x94,0xB3,0xAD,0xF8,0xDE,0x96,0xD6,0x96,0xD6,
    0x76,0xCE,0x3A,0xE7,0xBC,0xF7,0xBC,0xF7,0xBC,0xF7,0xBC,0xF7,0xBC,0xF7,0xBC,0xF7,
    0xBD,0xF7,0xBC,0xF7,0xBC,0xF7,0xBD,0xF7,0xBD,0xF7,0xBC,0xF7,0x9B,0xEF,0x7A,0xEF,
    0xBD,0xF7,0xBD,0xF7,0x9C,0xF7,0x7A,0xEF,0x5A,0xEF,0x7A,0xEF,0xF7,0xDE,0x74,0xCE,
    0x54,0xCE,0xB1,0xAD,0x91,0xAD,0x34,0xC6,0x76,0xD6,0x76,0xD6,0x76,0xD6,0x55,0xCE,
    0x55,0xCE,0x55,0xCE,0x55,0xCE,0x55,0xCE,0x55,0xCE,0x55,0xCE,0x35,0xC6,0xF3,0xBD,
    0xD3,0xB5,0x8E,0x8C,0x6C,0x8C,0xF2,0xC5,0xB1,0xB5,0xEE,0x9C,0x0E,0x9D,0x2F,0xA5,
    0x2F,0x9D,0x50,0xA5,0x90,0xAD,0x91,0xAD,0x91,0xAD,0x90,0xAD,0xB1,0xB5,0xD1,0xB5,
    0xD2,0xB5,0xD2,0xB5,0xF2,0xBD,0xD1,0xB5,0x12,0xC6,0x33,0xC6,0x74,0xD6,0x94,0xDE,
    0xEE,0x9C,0xCF,0x94,0x76,0xCE,0x55,0xC6,0x55,0xC6,0x76,0xCE,0x96,0xD6,0x9C,0xF7,
    0xBC,0xF7,0xBC,0xF7,0xBC,0xF7,0xBC,0xF7,0xBD,0xF7,0xBC,0xF7,0xBC,0xF7,0xBC,0xF7,
    0xBC,0xF7,0xBD,0xF7,0xBC,0xF7,0x7B,0xEF,0x39,0xE7,0x38,0xE7,0x7A,0xEF,0x39,0xE7,
    0x39,0xE7,0x59,0xE7,0x7A,0xEF,0x9C,0xEF,0xBC,0xF7,0xBC,0xF7,0xF7,0xDE,0xF2,0xB5,
    0xB2,0xB5,0xD2,0xB5,0x14,0xC6,0x76,0xD6,0x76,0xD6,0x55,0xCE,0x35,0xCE,0x35,0xCE,
    0x55,0xCE,0x55,0xCE,0x55,0xCE,0x35,0xC6,0x34,0xC6,0x34,0xC6,0xF4,0xBD,0xD3,0xB5,
    0x6D,0x84,0xA9,0x6B,0x0E,0xA5,0x70,0xB5,0x70,0xB5,0xB1,0xBD,0xB1,0xB5,0x90,0xAD,
    0x70,0xAD,0x70,0xAD,0x90,0xAD,0x90,0xAD,0x70,0xAD,0x90,0xAD,0xD1,0xBD,0x12,0xC6,
    0x33,0xCE,0x12,0xCE,0x53,0xD6,0x53,0xD6,0x90,0xB5,0x4C,0x84,0x0F,0x95,0xF3,0xBD,
    0xF3,0xB5,0x55,0xCE,0xD7,0xDE,0x9B,0xEF,0xBD,0xF7,0xBC,0xF7,0xBC,0xF7,0xBC,0xF7,
    0xBD,0xF7,0xBC,0xF7,0xBC,0xF7,0xBC,0xF7,0xBD,0xF7,0xBD,0xF7,0xBC,0xF7,0x9B,0xEF,
    0x7B,0xEF,0x9B,0xEF,0x9B,0xEF,0x9C,0xEF,0x39,0xE7,0x5A,0xEF,0x7B,0xEF,0xBC,0xF7,
    0xBD,0xF7,0xBD,0xF7,0xBD,0xF7,0xBD,0xF7,0xBD,0xF7,0xD7,0xDE,0xB2,0xB5,0xB2,0xB5,
    0xD2,0xB5,0xF3,0xBD,0x35,0xCE,0x76,0xD6,0x55,0xCE,0x55,0xCE,0x55,0xCE,0x55,0xCE,
    0x55,0xCE,0x34,0xCE,0x14,0xC6,0x14,0xC6,0x14,0xC6,0xF3,0xBD,0xD3,0xBD,0xAE,0x8C,
    0x8A,0x63,0xCA,0x73,0xAD,0x94,0x90,0xB5,0xD1,0xC5,0x12,0xCE,0x12,0xCE,0x12,0xCE,
    0x12,0xCE,0x12,0xCE,0x33,0xCE,0x53,0xD6,0x74,0xDE,0x53,0xDE,0x33,0xD6,0xF1,0xC5,
    0x2F,0xAD,0xEA,0x7B,0x0C,0x74,0xF3,0xB5,0x76,0xCE,0x96,0xD6,0xBC,0xF7,0xBD,0xF7,
    0xBD,0xF7,0xBD,0xF7,0xBC,0xF7,0xBC,0xF7,0xBC,0xF7,0xBC,0xF7,0xBC,0xF7,0xBD,0xF7,
    0xBD,0xF7,0xBC,0xF7,0x9C,0xF7,0x7B,0xEF,0x9B,0xEF,0x9C,0xF7,0xBC,0xF7,0xBD,0xF7,
    0xBD,0xF7,0xBD,0xF7,0xBC,0xF7,0xBD,0xF7,0xBD,0xF7,0xBD,0xF7,0xBD,0xF7,0xBD,0xF7,
    0xBD,0xF7,0xBD,0xF7,0xBD,0xF7,0xBD,0xF7,0x39,0xE7,0x13,0xBE,0xD2,0xB5,0xB2,0xB5,
    0xB2,0xB5,0x14,0xC6,0x55,0xCE,0x55,0xCE,0x55,0xCE,0x55,0xCE,0x55,0xCE,0x55,0xCE,
    0x35,0xCE,0x34,0xCE,0x34,0xC6,0x14,0xC6,0xF3,0xBD,0xF3,0xBD,0xD3,0xBD,0xCF,0x94,
    0xCA,0x6B,0xAA,0x6B,0x0B,0x7C,0x8D,0x8C,0x0E,0xA5,0x0E,0xA5,0x0E,0xA5,0x4F,0xAD,
    0x4F,0xAD,0x2F,0xAD,0x2F,0xAD,0x0E,0x9D,0x4C,0x84,0x0B,0x7C,0x8E,0x8C,0x92,0xAD,
    0xF8,0xE6,0xBC,0xF7,0xBD,0xF7,0xBC,0xF7,0xBD,0xF7,0xBD,0xF7,0xBD,0xF7,0xBD,0xF7,
    0xBD,0xF7,0xBD,0xF7,0xBC,0xF7,0xBD,0xF7,0xBD,0xF7,0xBC,0xF7,0x9C,0xF7,0x9B,0xEF,
    0x9B,0xEF,0xBC,0xF7,0xBC,0xF7,0xBD,0xF7,0xBD,0xF7,0xBC,0xF7,0xBD,0xF7,0xBD,0xF7,
    0xBD,0xF7,0xBD,0xF7,0xBD,0xF7,0xBD,0xF7,0xBD,0xF7,0xBD,0xF7,0xBD,0xF7,0xBD,0xF7,
    0xBD,0xF7,0xBC,0xF7,0xBD,0xF7,0xBC,0xF7,0xB6,0xDE,0xF3,0xBD,0xD2,0xB5,0x91,0xAD,
    0xB2,0xB5,0x34,0xC6,0x76,0xD6,0x55,0xCE,0x55,0xCE,0x75,0xCE,0x55,0xCE,0x35,0xCE,
    0x34,0xC6,0x14,0xC6,0xF4,0xBD,0xF3,0xBD,0xF3,0xBD,0x14,0xC6,0x13,0xC6,0xD3,0xB5,
    0x30,0x9D,0xAE,0x8C,0x6D,0x84,0x6D,0x84,0x4C,0x84,0x6D,0x84,0xAE,0x8C,0xCE,0x94,
    0xEF,0x9C,0x51,0xA5,0xD3,0xB5,0x34,0xCE,0xD7,0xDE,0xBC,0xF7,0xBD,0xF7,0xBC,0xF7,
    0xBC,0xF7,0xBD,0xF7,0xBD,0xF7,0xBD,0xF7,0xBD,0xF7,0xBD,0xF7,0xBD,0xF7,0x9C,0xEF,
    0x59,0xE7,0x7B,0xEF,0x9B,0xEF,0x7B,0xEF,0x9C,0xF7,0xBC,0xF7,0xBD,0xF7,0xBD,0xF7,
    0xBC,0xF7,0xBD,0xF7,0xBD,0xF7,0xBD,0xF7,0xBD,0xF7,0xBD,0xF7,0xBD,0xF7,0xBD,0xF7,
    0xBD,0xF7,0xBD,0xF7,0xBD,0xF7,0xBD,0xF7,0xBD,0xF7,0xBD,0xF7,0xBD,0xF7,0xBD,0xF7,
    0xBD,0xF7,0xBD,0xF7,0xBD,0xF7,0xBC,0xF7,0xF7,0xDE,0x54,0xCE,0xF2,0xBD,0xB2,0xB5,
    0xD3,0xBD,0x34,0xCE,0x35,0xCE,0x35,0xC6,0x34,0xC6,0x34,0xC6,0x14,0xC6,0x14,0xC6,
    0x13,0xC6,0x13,0xC6,0x34,0xCE,0x55,0xCE,0x55,0xCE,0x75,0xD6,0x35,0xCE,0xD3,0xBD,
    0xB2,0xB5,0xD2,0xB5,0xD2,0xB5,0xD2,0xB5,0x34,0xC6,0xD7,0xDE,0x39,0xEF,0x7B,0xEF,
    0xBD,0xF7,0xBD,0xF7,0xBD,0xF7,0xBC,0xF7,0xBD,0xF7,0xBD,0xF7,0xBC,0xF7,0xBC,0xF7,
    0xBC,0xF7,0xBC,0xF7,0xBD,0xF7,0xBC,0xF7,0x39,0xE7,0x39,0xE7,0x18,0xDF,0x18,0xE7,
    0x7A,0xEF,0xBC,0xF7,0xBD,0xF7,0xBD,0xF7,0xBD,0xF7,0xBD,0xF7,0xBD,0xF7,0xBD,0xF7,
    0xBD,0xF7,0xBD,0xF7,0xBD,0xF7,0xBD,0xF7,0xBC,0xF7,0xBD,0xF7,0xBD,0xF7,0xBD,0xF7,
    0xBD,0xF7,0xBD,0xF7,0xBD,0xF7,0xBD,0xF7,0xBD,0xF7,0xBD,0xF7,0xBD,0xF7,0xBD,0xF7,
    0xBD,0xF7,0xBD,0xF7,0xBD,0xF7,0x9C,0xF7,0x39,0xE7,0xB6,0xD6,0x33,0xC6,0xD2,0xBD,
    0x33,0xC6,0x75,0xCE,0x55,0xCE,0x34,0xCE,0x34,0xCE,0x55,0xCE,0x76,0xD6,0x76,0xD6,
    0x76,0xD6,0x75,0xD6,0x55,0xD6,0x75,0xD6,0x76,0xD6,0x96,0xD6,0x75,0xD6,0x54,0xCE,
    0x75,0xCE,0xB6,0xD6,0x39,0xE7,0x9C,0xF7,0xBD,0xF7,0xBD,0xF7,0xBC,0xF7,0xBD,0xF7,
    0xBD,0xF7,0xBD,0xF7,0xBC,0xF7,0xBD,0xF7,0xBD,0xF7,0xBD,0xF7,0xBD,0xF7,0xBC,0xF7,
    0x9B,0xEF,0x7B,0xEF,0x5A,0xEF,0x18,0xE7,0x5A,0xEF,0x9B,0xEF,0xBC,0xF7,0xBD,0xF7,
    0xBD,0xF7,0xBD,0xF7,0xBD,0xF7,0xBD,0xF7,0xBD,0xF7,0xBD,0xF7,0xBD,0xF7,0xBD,0xF7,
    0xBD,0xF7,0xBD,0xF7,0x7A,0xEF,0x7B,0xEF,0xBD,0xF7,0xBD,0xF7,0xBD,0xF7,0xBD,0xF7,
    0xBD,0xF7,0xBD,0xF7,0xBD,0xF7,0xBD,0xF7,0xBD,0xF7,0xBD,0xF7,0xBD,0xF7,0xBD,0xF7,
    0xBC,0xF7,0x9B,0xEF,0x18,0xE7,0xB5,0xD6,0xD6,0xDE,0xB5,0xD6,0x95,0xD6,0x38,0xE7,
    0x7B,0xEF,0x9B,0xEF,0xBC,0xF7,0xBC,0xF7,0xBC,0xF7,0x9C,0xF7,0x9C,0xF7,0x9C,0xF7,
    0x9C,0xF7,0xBC,0xF7,0xBD,0xF7,0xBD,0xF7,0xBD,0xF7,0xBD,0xF7,0xBD,0xF7,0xBD,0xF7,
    0x9C,0xF7,0x9B,0xEF,0x7B,0xEF,0x9C,0xF7,0xBD,0xF7,0xBD,0xF7,0xBC,0xF7,0xBD,0xF7,
    0xBD,0xF7,0xBD,0xF7,0xBC,0xF7,0x9B,0xEF,0x9B,0xEF,0x7B,0xEF,0x9B,0xEF,0x9B,0xEF,
    0xBC,0xF7,0xBD,0xF7,0xBD,0xF7,0xBD,0xF7,0xBD,0xF7,0xBC,0xF7,0xBC,0xF7,0xBD,0xF7,
    0xBD,0xF7,0xBD,0xF7,0xBD,0xF7,0xBD,0xF7,0xBD,0xF7,0xBD,0xF7,0xBD,0xF7,0xBD,0xF7,
    0x00,0x00,0x00,0x00,0x00,0x00,0x00,0x00,0x00,0x00,0x00,0x00,0x00,0x00,0x00,0x00,
    0x00,0x00,0x00,0x00,0x00,0x00,0x00,0x00,0x00,0x00,0x00,0x00,0x00,0x00,0x00,0x00,
    0x00,0x00,0x00,0x00,0x00,0x00,0x00,0x00,0x00,0x00,0x00,0x00,0x00,0x00,0x00,0x00,
    0x00,0x00,0x00,0x00,0x00,0x00,0x00,0x00,0x00,0x00,0x00,0x00,0x00,0x00,0x00,0x00,
    0x00,0x00,0x00,0x00,0x00,0x00,0x00,0x2A,0x2A,0x2A,0x2A,0x2A,0x2A,0x2A,0x2A,0x2A,
    0x2A,0x2A,0x2A,0x2A,0x2A,0x2A,0x2A,0x2A,0x2A,0x2A,0x2A,0x2A,0x2A,0x2A,0x2A,0x2A,
    0x2A,0x2A,0x2A,0x2A,0x2A,0x2A,0x2A,0x2A,0x2A,0x2A,0x2A,0x2A,0x2A,0x2A,0x2A,0x2A,
    0x2A,0x2A,0x2A,0x2A,0x2A,0x2A,0x2A,0x2A,0x2A,0x2A,0x2A,0x2A,0x2A,0x2A,0x2A,0x2A,
    0x2A,0x2A,0x2A,0x2A,0x2A,0x2A,0x2A,0x2A,0x2A,0x2A,0x2A,0x00,0x00,0x2A,0x55,0x55,
    0x55,0x55,0x55,0x55,0x55,0x55,0x55,0x55,0x55,0x55,0x55,0x55,0x55,0x55,0x55,0x55,
    0x55,0x55,0x55,0x55,0x55,0x55,0x55,0x55,0x55,0x55,0x55,0x55,0x55,0x55,0x55,0x55,
    0x55,0x55,0x55,0x55,0x55,0x55,0x55,0x55,0x55,0x55,0x55,0x55,0x55,0x55,0x55,0x55,
    0x55,0x55,0x55,0x55,0x55,0x55,0x55,0x55,0x55,0x55,0x55,0x55,0x55,0x55,0x55,0x55,
    0x2A,0x00,0x00,0x2A,0x55,0x7F,0x7F,0x7F,0x7F,0x7F,0x7F,0x7F,0x7F,0x7F,0x7F,0x7F,
    0x7F,0x7F,0x7F,0x7F,0x7F,0x7F,0x7F,0x7F,0x7F,0x7F,0x7F,0x7F,0x7F,0x7F,0x7F,0x7F,
    0x7F,0x7F,0x7F,0x7F,0x7F,0x7F,0x7F,0x7F,0x7F,0x7F,0x7F,0x7F,0x7F,0x7F,0x7F,0x7F,
    0x7F,0x7F,0x7F,0x7F,0x7F,0x7F,0x7F,0x7F,0x7F,0x7F,0x7F,0x7F,0x7F,0x7F,0x7F,0x7F,
    0x7F,0x7F,0x7F,0x7F,0x7F,0x55,0x2A,0x00,0x00,0x2A,0x55,0x7F,0xAA,0xAA,0xAA,0xAA,
    0xAA,0xAA,0xAA,0xAA,0xAA,0xAA,0xAA,0xAA,0xAA,0xAA,0xAA,0xAA,0xAA,0xAA,0xAA,0xAA,
    0xAA,0xAA,0xAA,0xAA,0xAA,0xAA,0xAA,0xAA,0xAA,0xAA,0xAA,0xAA,0xAA,0xAA,0xAA,0xAA,
    0xAA,0xAA,0xAA,0xAA,0xAA,0xAA,0xAA,0xAA,0xAA,0xAA,0xAA,0xAA,0xAA,0xAA,0xAA,0xAA,
    0xAA,0xAA,0xAA,0xAA,0xAA,0xAA,0xAA,0xAA,0xAA,0xAA,0x7F,0x55,0x2A,0x00,0x00,0x2A,
    0x55,0x7F,0xAA,0xD4,0xD4,0xD4,0xD4,0xD4,0xD4,0xD4,0xD4,0xD4,0xD4,0xD4,0xD4,0xD4,
    0xD4,0xD4,0xD4,0xD4,0xD4,0xD4,0xD4,0xD4,0xD4,0xD4,0xD4,0xD4,0xD4,0xD4,0xD4,0xD4,
    0xD4,0xD4,0xD4,0xD4,0xD4,0xD4,0xD4,0xD4,0xD4,0xD4,0xD4,0xD4,0xD4,0xD4,0xD4,0xD4,
    0xD4,0xD4,0xD4,0xD4,0xD4,0xD4,0xD4,0xD4,0xD4,0xD4,0xD4,0xD4,0xD4,0xD4,0xD4,0xAA,
    0x7F,0x55,0x2A,0x00,0x00,0x2A,0x55,0x7F,0xAA,0xD4,0xFF,0xFF,0xFF,0xFF,0xFF,0xFF,
    0xFF,0xFF,0xFF,0xFF,0xFF,0xFF,0xFF,0xFF,0xFF,0xFF,0xFF,0xFF,0xFF,0xFF,0xFF,0xFF,
    0xFF,0xFF,0xFF,0xFF,0xFF,0xFF,0xFF,0xFF,0xFF,0xFF,0xFF,0xFF,0xFF,0xFF,0xFF,0xFF,
    0xFF,0xFF,0xFF,0xFF,0xFF,0xFF,0xFF,0xFF,0xFF,0xFF,0xFF,0xFF,0xFF,0xFF,0xFF,0xFF,
    0xFF,0xFF,0xFF,0xFF,0xD4,0xAA,0x7F,0x55,0x2A,0x00,0x00,0x2A,0x55,0x7F,0xAA,0xD4,
    0xFF,0xFF,0xFF,0xFF,0xFF,0xFF,0xFF,0xFF,0xFF,0xFF,0xFF,0xFF,0xFF,0xFF,0xFF,0xFF,
    0xFF,0xFF,0xFF,0xFF,0xFF,0xFF,0xFF,0xFF,0xFF,0xFF,0xFF,0xFF,0xFF,0xFF,0xFF,0xFF,
    0xFF,0xFF,0xFF,0xFF,0xFF,0xFF,0xFF,0xFF,0xFF,0xFF,0xFF,0xFF,0xFF,0xFF,0xFF,0xFF,
    0xFF,0xFF,0xFF,0xFF,0xFF,0xFF,0xFF,0xFF,0xFF,0xFF,0xD4,0xAA,0x7F,0x55,0x2A,0x00,
    0x00,0x2A,0x55,0x7F,0xAA,0xD4,0xFF,0xFF,0xFF,0xFF,0xFF,0xFF,0xFF,0xFF,0xFF,0xFF,
    0xFF,0xFF,0xFF,0xFF,0xFF,0xFF,0xFF,0xFF,0xFF,0xFF,0xFF,0xFF,0xFF,0xFF,0xFF,0xFF,
    0xFF,0xFF,0xFF,0xFF,0xFF,0xFF,0xFF,0xFF,0xFF,0xFF,0xFF,0xFF,0xFF,0xFF,0xFF,0xFF,
    0xFF,0xFF,0xFF,0xFF,0xFF,0xFF,0xFF,0xFF,0xFF,0xFF,0xFF,0xFF,0xFF,0xFF,0xFF,0xFF,
    0xD4,0xAA,0x7F,0x55,0x2A,0x00,0x00,0x2A,0x55,0x7F,0xAA,0xD4,0xFF,0xFF,0xFF,0xFF,
    0xFF,0xFF,0xFF,0xFF,0xFF,0xFF,0xFF,0xFF,0xFF,0xFF,0xFF,0xFF,0xFF,0xFF,0xFF,0xFF,
    0xFF,0xFF,0xFF,0xFF,0xFF,0xFF,0xFF,0xFF,0xFF,0xFF,0xFF,0xFF,0xFF,0xFF,0xFF,0xFF,
    0xFF,0xFF,0xFF,0xFF,0xFF,0xFF,0xFF,0xFF,0xFF,0xFF,0xFF,0xFF,0xFF,0xFF,0xFF,0xFF,
    0xFF,0xFF,0xFF,0xFF,0xFF,0xFF,0xD4,0xAA,0x7F,0x55,0x2A,0x00,0x00,0x2A,0x55,0x7F,
    0xAA,0xD4,0xFF,0xFF,0xFF,0xFF,0xFF,0xFF,0xFF,0xFF,0xFF,0xFF,0xFF,0xFF,0xFF,0xFF,
    0xFF,0xFF,0xFF,0xFF,0xFF,0xFF,0xFF,0xFF,0xFF,0xFF,0xFF,0xFF,0xFF,0xFF,0xFF,0xFF,
    0xFF,0xFF,0xFF,0xFF,0xFF,0xFF,0xFF,0xFF,0xFF,0xFF,0xFF,0xFF,0xFF,0xFF,0xFF,0xFF,
    0xFF,0xFF,0xFF,0xFF,0xFF,0xFF,0xFF,0xFF,0xFF,0xFF,0xFF,0xFF,0xD4,0xAA,0x7F,0x55,
    0x2A,0x00,0x00,0x2A,0x55,0x7F,0xAA,0xD4,0xFF,0xFF,0xFF,0xFF,0xFF,0xFF,0xFF,0xFF,
    0xFF,0xFF,0xFF,0xFF,0xFF,0xFF,0xFF,0xFF,0xFF,0xFF,0xFF,0xFF,0xFF,0xFF,0xFF,0xFF,
    0xFF,0xFF,0xFF,0xFF,0xFF,0xFF,0xFF,0xFF,0xFF,0xFF,0xFF,0xFF,0xFF,0xFF,0xFF,0xFF,
    0xFF,0xFF,0xFF,0xFF,0xFF,0xFF,0xFF,0xFF,0xFF,0xFF,0xFF,0xFF,0xFF,0xFF,0xFF,0xFF,
    0xFF,0xFF,0xD4,0xAA,0x7F,0x55,0x2A,0x00,0x00,0x2A,0x55,0x7F,0xAA,0xD4,0xFF,0xFF,
    0xFF,0xFF,0xFF,0xFF,0xFF,0xFF,0xFF,0xFF,0xFF,0xFF,0xFF,0xFF,0xFF,0xFF,0xFF,0xFF,
    0xFF,0xFF,0xFF,0xFF,0xFF,0xFF,0xFF,0xFF,0xFF,0xFF,0xFF,0xFF,0xFF,0xFF,0xFF,0xFF,
    0xFF,0xFF,0xFF,0xFF,0xFF,0xFF,0xFF,0xFF,0xFF,0xFF,0xFF,0xFF,0xFF,0xFF,0xFF,0xFF,
    0xFF,0xFF,0xFF,0xFF,0xFF,0xFF,0xFF,0xFF,0xD4,0xAA,0x7F,0x55,0x2A,0x00,0x00,0x2A,
    0x55,0x7F,0xAA,0xD4,0xFF,0xFF,0xFF,0xFF,0xFF,0xFF,0xFF,0xFF,0xFF,0xFF,0xFF,0xFF,
    0xFF,0xFF,0xFF,0xFF,0xFF,0xFF,0xFF,0xFF,0xFF,0xFF,0xFF,0xFF,0xFF,0xFF,0xFF,0xFF,
    0xFF,0xFF,0xFF,0xFF,0xFF,0xFF,0xFF,0xFF,0xFF,0xFF,0xFF,0xFF,0xFF,0xFF,0xFF,0xFF,
    0xFF,0xFF,0xFF,0xFF,0xFF,0xFF,0xFF,0xFF,0xFF,0xFF,0xFF,0xFF,0xFF,0xFF,0xD4,0xAA,
    0x7F,0x55,0x2A,0x00,0x00,0x2A,0x55,0x7F,0xAA,0xD4,0xFF,0xFF,0xFF,0xFF,0xFF,0xFF,
    0xFF,0xFF,0xFF,0xFF,0xFF,0xFF,0xFF,0xFF,0xFF,0xFF,0xFF,0xFF,0xFF,0xFF,0xFF,0xFF,
    0xFF,0xFF,0xFF,0xFF,0xFF,0xFF,0xFF,0xFF,0xFF,0xFF,0xFF,0xFF,0xFF,0xFF,0xFF,0xFF,
    0xFF,0xFF,0xFF,0xFF,0xFF,0xFF,0xFF,0xFF,0xFF,0xFF,0xFF,0xFF,0xFF,0xFF,0xFF,0xFF,
    0xFF,0xFF,0xFF,0xFF,0xD4,0xAA,0x7F,0x55,0x2A,0x00,0x00,0x2A,0x55,0x7F,0xAA,0xD4,
    0xFF,0xFF,0xFF,0xFF,0xFF,0xFF,0xFF,0xFF,0xFF,0xFF,0xFF,0xFF,0xFF,0xFF,0xFF,0xFF,
    0xFF,0xFF,0xFF,0xFF,0xFF,0xFF,0xFF,0xFF,0xFF,0xFF,0xFF,0xFF,0xFF,0xFF,0xFF,0xFF,
    0xFF,0xFF,0xFF,0xFF,0xFF,0xFF,0xFF,0xFF,0xFF,0xFF,0xFF,0xFF,0xFF,0xFF,0xFF,0xFF,
    0xFF,0xFF,0xFF,0xFF,0xFF,0xFF,0xFF,0xFF,0xFF,0xFF,0xD4,0xAA,0x7F,0x55,0x2A,0x00,
    0x00,0x2A,0x55,0x7F,0xAA,0xD4,0xFF,0xFF,0xFF,0xFF,0xFF,0xFF,0xFF,0xFF,0xFF,0xFF,
    0xFF,0xFF,0xFF,0xFF,0xFF,0xFF,0xFF,0xFF,0xFF,0xFF,0xFF,0xFF,0xFF,0xFF,0xFF,0xFF,
    0xFF,0xFF,0xFF,0xFF,0xFF,0xFF,0xFF,0xFF,0xFF,0xFF,0xFF,0xFF,0xFF,0xFF,0xFF,0xFF,
    0xFF,0xFF,0xFF,0xFF,0xFF,0xFF,0xFF,0xFF,0xFF,0xFF,0xFF,0xFF,0xFF,0xFF,0xFF,0xFF,
    0xD4,0xAA,0x7F,0x55,0x2A,0x00,0x00,0x2A,0x55,0x7F,0xAA,0xD4,0xFF,0xFF,0xFF,0xFF,
    0xFF,0xFF,0xFF,0xFF,0xFF,0xFF,0xFF,0xFF,0xFF,0xFF,0xFF,0xFF,0xFF,0xFF,0xFF,0xFF,
    0xFF,0xFF,0xFF,0xFF,0xFF,0xFF,0xFF,0xFF,0xFF,0xFF,0xFF,0xFF,0xFF,0xFF,0xFF,0xFF,
    0xFF,0xFF,0xFF,0xFF,0xFF,0xFF,0xFF,0xFF,0xFF,0xFF,0xFF,0xFF,0xFF,0xFF,0xFF,0xFF,
    0xFF,0xFF,0xFF,0xFF,0xFF,0xFF,0xD4,0xAA,0x7F,0x55,0x2A,0x00,0x00,0x2A,0x55,0x7F,
    0xAA,0xD4,0xFF,0xFF,0xFF,0xFF,0xFF,0xFF,0xFF,0xFF,0xFF,0xFF,0xFF,0xFF,0xFF,0xFF,
    0xFF,0xFF,0xFF,0xFF,0xFF,0xFF,0xFF,0xFF,0xFF,0xFF,0xFF,0xFF,0xFF,0xFF,0xFF,0xFF,
    0xFF,0xFF,0xFF,0xFF,0xFF,0xFF,0xFF,0xFF,0xFF,0xFF,0xFF,0xFF,0xFF,0xFF,0xFF,0xFF,
    0xFF,0xFF,0xFF,0xFF,0xFF,0xFF,0xFF,0xFF,0xFF,0xFF,0xFF,0xFF,0xD4,0xAA,0x7F,0x55,
    0x2A,0x00,0x00,0x2A,0x55,0x7F,0xAA,0xD4,0xFF,0xFF,0xFF,0xFF,0xFF,0xFF,0xFF,0xFF,
    0xFF,0xFF,0xFF,0xFF,0xFF,0xFF,0xFF,0xFF,0xFF,0xFF,0xFF,0xFF,0xFF,0xFF,0xFF,0xFF,
    0xFF,0xFF,0xFF,0xFF,0xFF,0xFF,0xFF,0xFF,0xFF,0xFF,0xFF,0xFF,0xFF,0xFF,0xFF,0xFF,
    0xFF,0xFF,0xFF,0xFF,0xFF,0xFF,0xFF,0xFF,0xFF,0xFF,0xFF,0xFF,0xFF,0xFF,0xFF,0xFF,
    0xFF,0xFF,0xD4,0xAA,0x7F,0x55,0x2A,0x00,0x00,0x2A,0x55,0x7F,0xAA,0xD4,0xFF,0xFF,
    0xFF,0xFF,0xFF,0xFF,0xFF,0xFF,0xFF,0xFF,0xFF,0xFF,0xFF,0xFF,0xFF,0xFF,0xFF,0xFF,
    0xFF,0xFF,0xFF,0xFF,0xFF,0xFF,0xFF,0xFF,0xFF,0xFF,0xFF,0xFF,0xFF,0xFF,0xFF,0xFF,
    0xFF,0xFF,0xFF,0xFF,0xFF,0xFF,0xFF,0xFF,0xFF,0xFF,0xFF,0xFF,0xFF,0xFF,0xFF,0xFF,
    0xFF,0xFF,0xFF,0xFF,0xFF,0xFF,0xFF,0xFF,0xD4,0xAA,0x7F,0x55,0x2A,0x00,0x00,0x2A,
    0x55,0x7F,0xAA,0xD4,0xFF,0xFF,0xFF,0xFF,0xFF,0xFF,0xFF,0xFF,0xFF,0xFF,0xFF,0xFF,
    0xFF,0xFF,0xFF,0xFF,0xFF,0xFF,0xFF,0xFF,0xFF,0xFF,0xFF,0xFF,0xFF,0xFF,0xFF,0xFF,
    0xFF,0xFF,0xFF,0xFF,0xFF,0xFF,0xFF,0xFF,0xFF,0xFF,0xFF,0xFF,0xFF,0xFF,0xFF,0xFF,
    0xFF,0xFF,0xFF,0xFF,0xFF,0xFF,0xFF,0xFF,0xFF,0xFF,0xFF,0xFF,0xFF,0xFF,0xD4,0xAA,
    0x7F,0x55,0x2A,0x00,0x00,0x2A,0x55,0x7F,0xAA,0xD4,0xFF,0xFF,0xFF,0xFF,0xFF,0xFF,
    0xFF,0xFF,0xFF,0xFF,0xFF,0xFF,0xFF,0xFF,0xFF,0xFF,0xFF,0xFF,0xFF,0xFF,0xFF,0xFF,
    0xFF,0xFF,0xFF,0xFF,0xFF,0xFF,0xFF,0xFF,0xFF,0xFF,0xFF,0xFF,0xFF,0xFF,0xFF,0xFF,
    0xFF,0xFF,0xFF,0xFF,0xFF,0xFF,0xFF,0xFF,0xFF,0xFF,0xFF,0xFF,0xFF,0xFF,0xFF,0xFF,
    0xFF,0xFF,0xFF,0xFF,0xD4,0xAA,0x7F,0x55,0x2A,0x00,0x00,0x2A,0x55,0x7F,0xAA,0xD4,
    0xFF,0xFF,0xFF,0xFF,0xFF,0xFF,0xFF,0xFF,0xFF,0xFF,0xFF,0xFF,0xFF,0xFF,0xFF,0xFF,
    0xFF,0xFF,0xFF,0xFF,0xFF,0xFF,0xFF,0xFF,0xFF,0xFF,0xFF,0xFF,0xFF,0xFF,0xFF,0xFF,
    0xFF,0xFF,0xFF,0xFF,0xFF,0xFF,0xFF,0xFF,0xFF,0xFF,0xFF,0xFF,0xFF,0xFF,0xFF,0xFF,
    0xFF,0xFF,0xFF,0xFF,0xFF,0xFF,0xFF,0xFF,0xFF,0xFF,0xD4,0xAA,0x7F,0x55,0x2A,0x00,
    0x00,0x2A,0x55,0x7F,0xAA,0xD4,0xFF,0xFF,0xFF,0xFF,0xFF,0xFF,0xFF,0xFF,0xFF,0xFF,
    0xFF,0xFF,0xFF,0xFF,0xFF,0xFF,0xFF,0xFF,0xFF,0xFF,0xFF,0xFF,0xFF,0xFF,0xFF,0xFF,
    0xFF,0xFF,0xFF,0xFF,0xFF,0xFF,0xFF,0xFF,0xFF,0xFF,0xFF,0xFF,0xFF,0xFF,0xFF,0xFF,
    0xFF,0xFF,0xFF,0xFF,0xFF,0xFF,0xFF,0xFF,0xFF,0xFF,0xFF,0xFF,0xFF,0xFF,0xFF,0xFF,
    0xD4,0xAA,0x7F,0x55,0x2A,0x00,0x00,0x2A,0x55,0x7F,0xAA,0xD4,0xFF,0xFF,0xFF,0xFF,
    0xFF,0xFF,0xFF,0xFF,0xFF,0xFF,0xFF,0xFF,0xFF,0xFF,0xFF,0xFF,0xFF,0xFF,0xFF,0xFF,
    0xFF,0xFF,0xFF,0xFF,0xFF,0xFF,0xFF,0xFF,0xFF,0xFF,0xFF,0xFF,0xFF,0xFF,0xFF,0xFF,
    0xFF,0xFF,0xFF,0xFF,0xFF,0xFF,0xFF,0xFF,0xFF,0xFF,0xFF,0xFF,0xFF,0xFF,0xFF,0xFF,
    0xFF,0xFF,0xFF,0xFF,0xFF,0xFF,0xD4,0xAA,0x7F,0x55,0x2A,0x00,0x00,0x2A,0x55,0x7F,
    0xAA,0xD4,0xFF,0xFF,0xFF,0xFF,0xFF,0xFF,0xFF,0xFF,0xFF,0xFF,0xFF,0xFF,0xFF,0xFF,
    0xFF,0xFF,0xFF,0xFF,0xFF,0xFF,0xFF,0xFF,0xFF,0xFF,0xFF,0xFF,0xFF,0xFF,0xFF,0xFF,
    0xFF,0xFF,0xFF,0xFF,0xFF,0xFF,0xFF,0xFF,0xFF,0xFF,0xFF,0xFF,0xFF,0xFF,0xFF,0xFF,
    0xFF,0xFF,0xFF,0xFF,0xFF,0xFF,0xFF,0xFF,0xFF,0xFF,0xFF,0xFF,0xD4,0xAA,0x7F,0x55,
    0x2A,0x00,0x00,0x2A,0x55,0x7F,0xAA,0xD4,0xFF,0xFF,0xFF,0xFF,0xFF,0xFF,0xFF,0xFF,
    0xFF,0xFF,0xFF,0xFF,0xFF,0xFF,0xFF,0xFF,0xFF,0xFF,0xFF,0xFF,0xFF,0xFF,0xFF,0xFF,
    0xFF,0xFF,0xFF,0xFF,0xFF,0xFF,0xFF,0xFF,0xFF,0xFF,0xFF,0xFF,0xFF,0xFF,0xFF,0xFF,
    0xFF,0xFF,0xFF,0xFF,0xFF,0xFF,0xFF,0xFF,0xFF,0xFF,0xFF,0xFF,0xFF,0xFF,0xFF,0xFF,
    0xFF,0xFF,0xD4,0xAA,0x7F,0x55,0x2A,0x00,0x00,0x2A,0x55,0x7F,0xAA,0xD4,0xFF,0xFF,
    0xFF,0xFF,0xFF,0xFF,0xFF,0xFF,0xFF,0xFF,0xFF,0xFF,0xFF,0xFF,0xFF,0xFF,0xFF,0xFF,
    0xFF,0xFF,0xFF,0xFF,0xFF,0xFF,0xFF,0xFF,0xFF,0xFF,0xFF,0xFF,0xFF,0xFF,0xFF,0xFF,
    0xFF,0xFF,0xFF,0xFF,0xFF,0xFF,0xFF,0xFF,0xFF,0xFF,0xFF,0xFF,0xFF,0xFF,0xFF,0xFF,
    0xFF,0xFF,0xFF,0xFF,0xFF,0xFF,0xFF,0xFF,0xD4,0xAA,0x7F,0x55,0x2A,0x00,0x00,0x2A,
    0x55,0x7F,0xAA,0xD4,0xFF,0xFF,0xFF,0xFF,0xFF,0xFF,0xFF,0xFF,0xFF,0xFF,0xFF,0xFF,
    0xFF,0xFF,0xFF,0xFF,0xFF,0xFF,0xFF,0xFF,0xFF,0xFF,0xFF,0xFF,0xFF,0xFF,0xFF,0xFF,
    0xFF,0xFF,0xFF,0xFF,0xFF,0xFF,0xFF,0xFF,0xFF,0xFF,0xFF,0xFF,0xFF,0xFF,0xFF,0xFF,
    0xFF,0xFF,0xFF,0xFF,0xFF,0xFF,0xFF,0xFF,0xFF,0xFF,0xFF,0xFF,0xFF,0xFF,0xD4,0xAA,
    0x7F,0x55,0x2A,0x00,0x00,0x2A,0x55,0x7F,0xAA,0xD4,0xFF,0xFF,0xFF,0xFF,0xFF,0xFF,
    0xFF,0xFF,0xFF,0xFF,0xFF,0xFF,0xFF,0xFF,0xFF,0xFF,0xFF,0xFF,0xFF,0xFF,0xFF,0xFF,
    0xFF,0xFF,0xFF,0xFF,0xFF,0xFF,0xFF,0xFF,0xFF,0xFF,0xFF,0xFF,0xFF,0xFF,0xFF,0xFF,
    0xFF,0xFF,0xFF,0xFF,0xFF,0xFF,0xFF,0xFF,0xFF,0xFF,0xFF,0xFF,0xFF,0xFF,0xFF,0xFF,
    0xFF,0xFF,0xFF,0xFF,0xD4,0xAA,0x7F,0x55,0x2A,0x00,0x00,0x2A,0x55,0x7F,0xAA,0xD4,
    0xFF,0xFF,0xFF,0xFF,0xFF,0xFF,0xFF,0xFF,0xFF,0xFF,0xFF,0xFF,0xFF,0xFF,0xFF,0xFF,
    0xFF,0xFF,0xFF,0xFF,0xFF,0xFF,0xFF,0xFF,0xFF,0xFF,0xFF,0xFF,0xFF,0xFF,0xFF,0xFF,
    0xFF,0xFF,0xFF,0xFF,0xFF,0xFF,0xFF,0xFF,0xFF,0xFF,0xFF,0xFF,0xFF,0xFF,0xFF,0xFF,
    0xFF,0xFF,0xFF,0xFF,0xFF,0xFF,0xFF,0xFF,0xFF,0xFF,0xD4,0xAA,0x7F,0x55,0x2A,0x00,
    0x00,0x2A,0x55,0x7F,0xAA,0xD4,0xFF,0xFF,0xFF,0xFF,0xFF,0xFF,0xFF,0xFF,0xFF,0xFF,
    0xFF,0xFF,0xFF,0xFF,0xFF,0xFF,0xFF,0xFF,0xFF,0xFF,0xFF,0xFF,0xFF,0xFF,0xFF,0xFF,
    0xFF,0xFF,0xFF,0xFF,0xFF,0xFF,0xFF,0xFF,0xFF,0xFF,0xFF,0xFF,0xFF,0xFF,0xFF,0xFF,
    0xFF,0xFF,0xFF,0xFF,0xFF,0xFF,0xFF,0xFF,0xFF,0xFF,0xFF,0xFF,0xFF,0xFF,0xFF,0xFF,
    0xD4,0xAA,0x7F,0x55,0x2A,0x00,0x00,0x2A,0x55,0x7F,0xAA,0xD4,0xFF,0xFF,0xFF,0xFF,
    0xFF,0xFF,0xFF,0xFF,0xFF,0xFF,0xFF,0xFF,0xFF,0xFF,0xFF,0xFF,0xFF,0xFF,0xFF,0xFF,
    0xFF,0xFF,0xFF,0xFF,0xFF,0xFF,0xFF,0xFF,0xFF,0xFF,0xFF,0xFF,0xFF,0xFF,0xFF,0xFF,
    0xFF,0xFF,0xFF,0xFF,0xFF,0xFF,0xFF,0xFF,0xFF,0xFF,0xFF,0xFF,0xFF,0xFF,0xFF,0xFF,
    0xFF,0xFF,0xFF,0xFF,0xFF,0xFF,0xD4,0xAA,0x7F,0x55,0x2A,0x00,0x00,0x2A,0x55,0x7F,
    0xAA,0xD4,0xFF,0xFF,0xFF,0xFF,0xFF,0xFF,0xFF,0xFF,0xFF,0xFF,0xFF,0xFF,0xFF,0xFF,
    0xFF,0xFF,0xFF,0xFF,0xFF,0xFF,0xFF,0xFF,0xFF,0xFF,0xFF,0xFF,0xFF,0xFF,0xFF,0xFF,
    0xFF,0xFF,0xFF,0xFF,0xFF,0xFF,0xFF,0xFF,0xFF,0xFF,0xFF,0xFF,0xFF,0xFF,0xFF,0xFF,
    0xFF,0xFF,0xFF,0xFF,0xFF,0xFF,0xFF,0xFF,0xFF,0xFF,0xFF,0xFF,0xD4,0xAA,0x7F,0x55,
    0x2A,0x00,0x00,0x2A,0x55,0x7F,0xAA,0xD4,0xFF,0xFF,0xFF,0xFF,0xFF,0xFF,0xFF,0xFF,
    0xFF,0xFF,0xFF,0xFF,0xFF,0xFF,0xFF,0xFF,0xFF,0xFF,0xFF,0xFF,0xFF,0xFF,0xFF,0xFF,
    0xFF,0xFF,0xFF,0xFF,0xFF,0xFF,0xFF,0xFF,0xFF,0xFF,0xFF,0xFF,0xFF,0xFF,0xFF,0xFF,
    0xFF,0xFF,0xFF,0xFF,0xFF,0xFF,0xFF,0xFF,0xFF,0xFF,0xFF,0xFF,0xFF,0xFF,0xFF,0xFF,
    0xFF,0xFF,0xD4,0xAA,0x7F,0x55,0x2A,0x00,0x00,0x2A,0x55,0x7F,0xAA,0xD4,0xFF,0xFF,
    0xFF,0xFF,0xFF,0xFF,0xFF,0xFF,0xFF,0xFF,0xFF,0xFF,0xFF,0xFF,0xFF,0xFF,0xFF,0xFF,
    0xFF,0xFF,0xFF,0xFF,0xFF,0xFF,0xFF,0xFF,0xFF,0xFF,0xFF,0xFF,0xFF,0xFF,0xFF,0xFF,
    0xFF,0xFF,0xFF,0xFF,0xFF,0xFF,0xFF,0xFF,0xFF,0xFF,0xFF,0xFF,0xFF,0xFF,0xFF,0xFF,
    0xFF,0xFF,0xFF,0xFF,0xFF,0xFF,0xFF,0xFF,0xD4,0xAA,0x7F,0x55,0x2A,0x00,0x00,0x2A,
    0x55,0x7F,0xAA,0xD4,0xFF,0xFF,0xFF,0xFF,0xFF,0xFF,0xFF,0xFF,0xFF,0xFF,0xFF,0xFF,
    0xFF,0xFF,0xFF,0xFF,0xFF,0xFF,0xFF,0xFF,0xFF,0xFF,0xFF,0xFF,0xFF,0xFF,0xFF,0xFF,
    0xFF,0xFF,0xFF,0xFF,0xFF,0xFF,0xFF,0xFF,0xFF,0xFF,0xFF,0xFF,0xFF,0xFF,0xFF,0xFF,
    0xFF,0xFF,0xFF,0xFF,0xFF,0xFF,0xFF,0xFF,0xFF,0xFF,0xFF,0xFF,0xFF,0xFF,0xD4,0xAA,
    0x7F,0x55,0x2A,0x00,0x00,0x2A,0x55,0x7F,0xAA,0xD4,0xFF,0xFF,0xFF,0xFF,0xFF,0xFF,
    0xFF,0xFF,0xFF,0xFF,0xFF,0xFF,0xFF,0xFF,0xFF,0xFF,0xFF,0xFF,0xFF,0xFF,0xFF,0xFF,
    0xFF,0xFF,0xFF,0xFF,0xFF,0xFF,0xFF,0xFF,0xFF,0xFF,0xFF,0xFF,0xFF,0xFF,0xFF,0xFF,
    0xFF,0xFF,0xFF,0xFF,0xFF,0xFF,0xFF,0xFF,0xFF,0xFF,0xFF,0xFF,0xFF,0xFF,0xFF,0xFF,
    0xFF,0xFF,0xFF,0xFF,0xD4,0xAA,0x7F,0x55,0x2A,0x00,0x00,0x2A,0x55,0x7F,0xAA,0xD4,
    0xFF,0xFF,0xFF,0xFF,0xFF,0xFF,0xFF,0xFF,0xFF,0xFF,0xFF,0xFF,0xFF,0xFF,0xFF,0xFF,
    0xFF,0xFF,0xFF,0xFF,0xFF,0xFF,0xFF,0xFF,0xFF,0xFF,0xFF,0xFF,0xFF,0xFF,0xFF,0xFF,
    0xFF,0xFF,0xFF,0xFF,0xFF,0xFF,0xFF,0xFF,0xFF,0xFF,0xFF,0xFF,0xFF,0xFF,0xFF,0xFF,
    0xFF,0xFF,0xFF,0xFF,0xFF,0xFF,0xFF,0xFF,0xFF,0xFF,0xD4,0xAA,0x7F,0x55,0x2A,0x00,
    0x00,0x2A,0x55,0x7F,0xAA,0xD4,0xFF,0xFF,0xFF,0xFF,0xFF,0xFF,0xFF,0xFF,0xFF,0xFF,
    0xFF,0xFF,0xFF,0xFF,0xFF,0xFF,0xFF,0xFF,0xFF,0xFF,0xFF,0xFF,0xFF,0xFF,0xFF,0xFF,
    0xFF,0xFF,0xFF,0xFF,0xFF,0xFF,0xFF,0xFF,0xFF,0xFF,0xFF,0xFF,0xFF,0xFF,0xFF,0xFF,
    0xFF,0xFF,0xFF,0xFF,0xFF,0xFF,0xFF,0xFF,0xFF,0xFF,0xFF,0xFF,0xFF,0xFF,0xFF,0xFF,
    0xD4,0xAA,0x7F,0x55,0x2A,0x00,0x00,0x2A,0x55,0x7F,0xAA,0xD4,0xFF,0xFF,0xFF,0xFF,
    0xFF,0xFF,0xFF,0xFF,0xFF,0xFF,0xFF,0xFF,0xFF,0xFF,0xFF,0xFF,0xFF,0xFF,0xFF,0xFF,
    0xFF,0xFF,0xFF,0xFF,0xFF,0xFF,0xFF,0xFF,0xFF,0xFF,0xFF,0xFF,0xFF,0xFF,0xFF,0xFF,
    0xFF,0xFF,0xFF,0xFF,0xFF,0xFF,0xFF,0xFF,0xFF,0xFF,0xFF,0xFF,0xFF,0xFF,0xFF,0xFF,
    0xFF,0xFF,0xFF,0xFF,0xFF,0xFF,0xD4,0xAA,0x7F,0x55,0x2A,0x00,0x00,0x2A,0x55,0x7F,
    0xAA,0xD4,0xFF,0xFF,0xFF,0xFF,0xFF,0xFF,0xFF,0xFF,0xFF,0xFF,0xFF,0xFF,0xFF,0xFF,
    0xFF,0xFF,0xFF,0xFF,0xFF,0xFF,0xFF,0xFF,0xFF,0xFF,0xFF,0xFF,0xFF,0xFF,0xFF,0xFF,
    0xFF,0xFF,0xFF,0xFF,0xFF,0xFF,0xFF,0xFF,0xFF,0xFF,0xFF,0xFF,0xFF,0xFF,0xFF,0xFF,
    0xFF,0xFF,0xFF,0xFF,0xFF,0xFF,0xFF,0xFF,0xFF,0xFF,0xFF,0xFF,0xD4,0xAA,0x7F,0x55,
    0x2A,0x00,0x00,0x2A,0x55,0x7F,0xAA,0xD4,0xFF,0xFF,0xFF,0xFF,0xFF,0xFF,0xFF,0xFF,
    0xFF,0xFF,0xFF,0xFF,0xFF,0xFF,0xFF,0xFF,0xFF,0xFF,0xFF,0xFF,0xFF,0xFF,0xFF,0xFF,
    0xFF,0xFF,0xFF,0xFF,0xFF,0xFF,0xFF,0xFF,0xFF,0xFF,0xFF,0xFF,0xFF,0xFF,0xFF,0xFF,
    0xFF,0xFF,0xFF,0xFF,0xFF,0xFF,0xFF,0xFF,0xFF,0xFF,0xFF,0xFF,0xFF,0xFF,0xFF,0xFF,
    0xFF,0xFF,0xD4,0xAA,0x7F,0x55,0x2A,0x00,0x00,0x2A,0x55,0x7F,0xAA,0xD4,0xFF,0xFF,
    0xFF,0xFF,0xFF,0xFF,0xFF,0xFF,0xFF,0xFF,0xFF,0xFF,0xFF,0xFF,0xFF,0xFF,0xFF,0xFF,
    0xFF,0xFF,0xFF,0xFF,0xFF,0xFF,0xFF,0xFF,0xFF,0xFF,0xFF,0xFF,0xFF,0xFF,0xFF,0xFF,
    0xFF,0xFF,0xFF,0xFF,0xFF,0xFF,0xFF,0xFF,0xFF,0xFF,0xFF,0xFF,0xFF,0xFF,0xFF,0xFF,
    0xFF,0xFF,0xFF,0xFF,0xFF,0xFF,0xFF,0xFF,0xD4,0xAA,0x7F,0x55,0x2A,0x00,0x00,0x2A,
    0x55,0x7F,0xAA,0xD4,0xFF,0xFF,0xFF,0xFF,0xFF,0xFF,0xFF,0xFF,0xFF,0xFF,0xFF,0xFF,
    0xFF,0xFF,0xFF,0xFF,0xFF,0xFF,0xFF,0xFF,0xFF,0xFF,0xFF,0xFF,0xFF,0xFF,0xFF,0xFF,
    0xFF,0xFF,0xFF,0xFF,0xFF,0xFF,0xFF,0xFF,0xFF,0xFF,0xFF,0xFF,0xFF,0xFF,0xFF,0xFF,
    0xFF,0xFF,0xFF,0xFF,0xFF,0xFF,0xFF,0xFF,0xFF,0xFF,0xFF,0xFF,0xFF,0xFF,0xD4,0xAA,
    0x7F,0x55,0x2A,0x00,0x00,0x2A,0x55,0x7F,0xAA,0xD4,0xFF,0xFF,0xFF,0xFF,0xFF,0xFF,
    0xFF,0xFF,0xFF,0xFF,0xFF,0xFF,0xFF,0xFF,0xFF,0xFF,0xFF,0xFF,0xFF,0xFF,0xFF,0xFF,
    0xFF,0xFF,0xFF,0xFF,0xFF,0xFF,0xFF,0xFF,0xFF,0xFF,0xFF,0xFF,0xFF,0xFF,0xFF,0xFF,
    0xFF,0xFF,0xFF,0xFF,0xFF,0xFF,0xFF,0xFF,0xFF,0xFF,0xFF,0xFF,0xFF,0xFF,0xFF,0xFF,
    0xFF,0xFF,0xFF,0xFF,0xD4,0xAA,0x7F,0x55,0x2A,0x00,0x00,0x2A,0x55,0x7F,0xAA,0xD4,
    0xFF,0xFF,0xFF,0xFF,0xFF,0xFF,0xFF,0xFF,0xFF,0xFF,0xFF,0xFF,0xFF,0xFF,0xFF,0xFF,
    0xFF,0xFF,0xFF,0xFF,0xFF,0xFF,0xFF,0xFF,0xFF,0xFF,0xFF,0xFF,0xFF,0xFF,0xFF,0xFF,
    0xFF,0xFF,0xFF,0xFF,0xFF,0xFF,0xFF,0xFF,0xFF,0xFF,0xFF,0xFF,0xFF,0xFF,0xFF,0xFF,
    0xFF,0xFF,0xFF,0xFF,0xFF,0xFF,0xFF,0xFF,0xFF,0xFF,0xD4,0xAA,0x7F,0x55,0x2A,0x00,
    0x00,0x2A,0x55,0x7F,0xAA,0xD4,0xFF,0xFF,0xFF,0xFF,0xFF,0xFF,0xFF,0xFF,0xFF,0xFF,
    0xFF,0xFF,0xFF,0xFF,0xFF,0xFF,0xFF,0xFF,0xFF,0xFF,0xFF,0xFF,0xFF,0xFF,0xFF,0xFF,
    0xFF,0xFF,0xFF,0xFF,0xFF,0xFF,0xFF,0xFF,0xFF,0xFF,0xFF,0xFF,0xFF,0xFF,0xFF,0xFF,
    0xFF,0xFF,0xFF,0xFF,0xFF,0xFF,0xFF,0xFF,0xFF,0xFF,0xFF,0xFF,0xFF,0xFF,0xFF,0xFF,
    0xD4,0xAA,0x7F,0x55,0x2A,0x00,0x00,0x2A,0x55,0x7F,0xAA,0xD4,0xFF,0xFF,0xFF,0xFF,
    0xFF,0xFF,0xFF,0xFF,0xFF,0xFF,0xFF,0xFF,0xFF,0xFF,0xFF,0xFF,0xFF,0xFF,0xFF,0xFF,
    0xFF,0xFF,0xFF,0xFF,0xFF,0xFF,0xFF,0xFF,0xFF,0xFF,0xFF,0xFF,0xFF,0xFF,0xFF,0xFF,
    0xFF,0xFF,0xFF,0xFF,0xFF,0xFF,0xFF,0xFF,0xFF,0xFF,0xFF,0xFF,0xFF,0xFF,0xFF,0xFF,
    0xFF,0xFF,0xFF,0xFF,0xFF,0xFF,0xD4,0xAA,0x7F,0x55,0x2A,0x00,0x00,0x2A,0x55,0x7F,
    0xAA,0xD4,0xFF,0xFF,0xFF,0xFF,0xFF,0xFF,0xFF,0xFF,0xFF,0xFF,0xFF,0xFF,0xFF,0xFF,
    0xFF,0xFF,0xFF,0xFF,0xFF,0xFF,0xFF,0xFF,0xFF,0xFF,0xFF,0xFF,0xFF,0xFF,0xFF,0xFF,
    0xFF,0xFF,0xFF,0xFF,0xFF,0xFF,0xFF,0xFF,0xFF,0xFF,0xFF,0xFF,0xFF,0xFF,0xFF,0xFF,
    0xFF,0xFF,0xFF,0xFF,0xFF,0xFF,0xFF,0xFF,0xFF,0xFF,0xFF,0xFF,0xD4,0xAA,0x7F,0x55,
    0x2A,0x00,0x00,0x2A,0x55,0x7F,0xAA,0xD4,0xFF,0xFF,0xFF,0xFF,0xFF,0xFF,0xFF,0xFF,
    0xFF,0xFF,0xFF,0xFF,0xFF,0xFF,0xFF,0xFF,0xFF,0xFF,0xFF,0xFF,0xFF,0xFF,0xFF,0xFF,
    0xFF,0xFF,0xFF,0xFF,0xFF,0xFF,0xFF,0xFF,0xFF,0xFF,0xFF,0xFF,0xFF,0xFF,0xFF,0xFF,
    0xFF,0xFF,0xFF,0xFF,0xFF,0xFF,0xFF,0xFF,0xFF,0xFF,0xFF,0xFF,0xFF,0xFF,0xFF,0xFF,
    0xFF,0xFF,0xD4,0xAA,0x7F,0x55,0x2A,0x00,0x00,0x2A,0x55,0x7F,0xAA,0xD4,0xFF,0xFF,
    0xFF,0xFF,0xFF,0xFF,0xFF,0xFF,0xFF,0xFF,0xFF,0xFF,0xFF,0xFF,0xFF,0xFF,0xFF,0xFF,
    0xFF,0xFF,0xFF,0xFF,0xFF,0xFF,0xFF,0xFF,0xFF,0xFF,0xFF,0xFF,0xFF,0xFF,0xFF,0xFF,
    0xFF,0xFF,0xFF,0xFF,0xFF,0xFF,0xFF,0xFF,0xFF,0xFF,0xFF,0xFF,0xFF,0xFF,0xFF,0xFF,
    0xFF,0xFF,0xFF,0xFF,0xFF,0xFF,0xFF,0xFF,0xD4,0xAA,0x7F,0x55,0x2A,0x00,0x00,0x2A,
    0x55,0x7F,0xAA,0xD4,0xFF,0xFF,0xFF,0xFF,0xFF,0xFF,0xFF,0xFF,0xFF,0xFF,0xFF,0xFF,
    0xFF,0xFF,0xFF,0xFF,0xFF,0xFF,0xFF,0xFF,0xFF,0xFF,0xFF,0xFF,0xFF,0xFF,0xFF,0xFF,
    0xFF,0xFF,0xFF,0xFF,0xFF,0xFF,0xFF,0xFF,0xFF,0xFF,0xFF,0xFF,0xFF,0xFF,0xFF,0xFF,
    0xFF,0xFF,0xFF,0xFF,0xFF,0xFF,0xFF,0xFF,0xFF,0xFF,0xFF,0xFF,0xFF,0xFF,0xD4,0xAA,
    0x7F,0x55,0x2A,0x00,0x00,0x2A,0x55,0x7F,0xAA,0xD4,0xFF,0xFF,0xFF,0xFF,0xFF,0xFF,
    0xFF,0xFF,0xFF,0xFF,0xFF,0xFF,0xFF,0xFF,0xFF,0xFF,0xFF,0xFF,0xFF,0xFF,0xFF,0xFF,
    0xFF,0xFF,0xFF,0xFF,0xFF,0xFF,0xFF,0xFF,0xFF,0xFF,0xFF,0xFF,0xFF,0xFF,0xFF,0xFF,
    0xFF,0xFF,0xFF,0xFF,0xFF,0xFF,0xFF,0xFF,0xFF,0xFF,0xFF,0xFF,0xFF,0xFF,0xFF,0xFF,
    0xFF,0xFF,0xFF,0xFF,0xD4,0xAA,0x7F,0x55,0x2A,0x00,0x00,0x2A,0x55,0x7F,0xAA,0xD4,
    0xFF,0xFF,0xFF,0xFF,0xFF,0xFF,0xFF,0xFF,0xFF,0xFF,0xFF,0xFF,0xFF,0xFF,0xFF,0xFF,
    0xFF,0xFF,0xFF,0xFF,0xFF,0xFF,0xFF,0xFF,0xFF,0xFF,0xFF,0xFF,0xFF,0xFF,0xFF,0xFF,
    0xFF,0xFF,0xFF,0xFF,0xFF,0xFF,0xFF,0xFF,0xFF,0xFF,0xFF,0xFF,0xFF,0xFF,0xFF,0xFF,
    0xFF,0xFF,0xFF,0xFF,0xFF,0xFF,0xFF,0xFF,0xFF,0xFF,0xD4,0xAA,0x7F,0x55,0x2A,0x00,
    0x00,0x2A,0x55,0x7F,0xAA,0xD4,0xFF,0xFF,0xFF,0xFF,0xFF,0xFF,0xFF,0xFF,0xFF,0xFF,
    0xFF,0xFF,0xFF,0xFF,0xFF,0xFF,0xFF,0xFF,0xFF,0xFF,0xFF,0xFF,0xFF,0xFF,0xFF,0xFF,
    0xFF,0xFF,0xFF,0xFF,0xFF,0xFF,0xFF,0xFF,0xFF,0xFF,0xFF,0xFF,0xFF,0xFF,0xFF,0xFF,
    0xFF,0xFF,0xFF,0xFF,0xFF,0xFF,0xFF,0xFF,0xFF,0xFF,0xFF,0xFF,0xFF,0xFF,0xFF,0xFF,
    0xD4,0xAA,0x7F,0x55,0x2A,0x00,0x00,0x2A,0x55,0x7F,0xAA,0xD4,0xFF,0xFF,0xFF,0xFF,
    0xFF,0xFF,0xFF,0xFF,0xFF,0xFF,0xFF,0xFF,0xFF,0xFF,0xFF,0xFF,0xFF,0xFF,0xFF,0xFF,
    0xFF,0xFF,0xFF,0xFF,0xFF,0xFF,0xFF,0xFF,0xFF,0xFF,0xFF,0xFF,0xFF,0xFF,0xFF,0xFF,
    0xFF,0xFF,0xFF,0xFF,0xFF,0xFF,0xFF,0xFF,0xFF,0xFF,0xFF,0xFF,0xFF,0xFF,0xFF,0xFF,
    0xFF,0xFF,0xFF,0xFF,0xFF,0xFF,0xD4,0xAA,0x7F,0x55,0x2A,0x00,0x00,0x2A,0x55,0x7F,
    0xAA,0xD4,0xFF,0xFF,0xFF,0xFF,0xFF,0xFF,0xFF,0xFF,0xFF,0xFF,0xFF,0xFF,0xFF,0xFF,
    0xFF,0xFF,0xFF,0xFF,0xFF,0xFF,0xFF,0xFF,0xFF,0xFF,0xFF,0xFF,0xFF,0xFF,0xFF,0xFF,
    0xFF,0xFF,0xFF,0xFF,0xFF,0xFF,0xFF,0xFF,0xFF,0xFF,0xFF,0xFF,0xFF,0xFF,0xFF,0xFF,
    0xFF,0xFF,0xFF,0xFF,0xFF,0xFF,0xFF,0xFF,0xFF,0xFF,0xFF,0xFF,0xD4,0xAA,0x7F,0x55,
    0x2A,0x00,0x00,0x2A,0x55,0x7F,0xAA,0xD4,0xFF,0xFF,0xFF,0xFF,0xFF,0xFF,0xFF,0xFF,
    0xFF,0xFF,0xFF,0xFF,0xFF,0xFF,0xFF,0xFF,0xFF,0xFF,0xFF,0xFF,0xFF,0xFF,0xFF,0xFF,
    0xFF,0xFF,0xFF,0xFF,0xFF,0xFF,0xFF,0xFF,0xFF,0xFF,0xFF,0xFF,0xFF,0xFF,0xFF,0xFF,
    0xFF,0xFF,0xFF,0xFF,0xFF,0xFF,0xFF,0xFF,0xFF,0xFF,0xFF,0xFF,0xFF,0xFF,0xFF,0xFF,
    0xFF,0xFF,0xD4,0xAA,0x7F,0x55,0x2A,0x00,0x00,0x2A,0x55,0x7F,0xAA,0xD4,0xFF,0xFF,
    0xFF,0xFF,0xFF,0xFF,0xFF,0xFF,0xFF,0xFF,0xFF,0xFF,0xFF,0xFF,0xFF,0xFF,0xFF,0xFF,
    0xFF,0xFF,0xFF,0xFF,0xFF,0xFF,0xFF,0xFF,0xFF,0xFF,0xFF,0xFF,0xFF,0xFF,0xFF,0xFF,
    0xFF,0xFF,0xFF,0xFF,0xFF,0xFF,0xFF,0xFF,0xFF,0xFF,0xFF,0xFF,0xFF,0xFF,0xFF,0xFF,
    0xFF,0xFF,0xFF,0xFF,0xFF,0xFF,0xFF,0xFF,0xD4,0xAA,0x7F,0x55,0x2A,0x00,0x00,0x2A,
    0x55,0x7F,0xAA,0xD4,0xFF,0xFF,0xFF,0xFF,0xFF,0xFF,0xFF,0xFF,0xFF,0xFF,0xFF,0xFF,
    0xFF,0xFF,0xFF,0xFF,0xFF,0xFF,0xFF,0xFF,0xFF,0xFF,0xFF,0xFF,0xFF,0xFF,0xFF,0xFF,
    0xFF,0xFF,0xFF,0xFF,0xFF,0xFF,0xFF,0xFF,0xFF,0xFF,0xFF,0xFF,0xFF,0xFF,0xFF,0xFF,
    0xFF,0xFF,0xFF,0xFF,0xFF,0xFF,0xFF,0xFF,0xFF,0xFF,0xFF,0xFF,0xFF,0xFF,0xD4,0xAA,
    0x7F,0x55,0x2A,0x00,0x00,0x2A,0x55,0x7F,0xAA,0xD4,0xFF,0xFF,0xFF,0xFF,0xFF,0xFF,
    0xFF,0xFF,0xFF,0xFF,0xFF,0xFF,0xFF,0xFF,0xFF,0xFF,0xFF,0xFF,0xFF,0xFF,0xFF,0xFF,
    0xFF,0xFF,0xFF,0xFF,0xFF,0xFF,0xFF,0xFF,0xFF,0xFF,0xFF,0xFF,0xFF,0xFF,0xFF,0xFF,
    0xFF,0xFF,0xFF,0xFF,0xFF,0xFF,0xFF,0xFF,0xFF,0xFF,0xFF,0xFF,0xFF,0xFF,0xFF,0xFF,
    0xFF,0xFF,0xFF,0xFF,0xD4,0xAA,0x7F,0x55,0x2A,0x00,0x00,0x2A,0x55,0x7F,0xAA,0xD4,
    0xFF,0xFF,0xFF,0xFF,0xFF,0xFF,0xFF,0xFF,0xFF,0xFF,0xFF,0xFF,0xFF,0xFF,0xFF,0xFF,
    0xFF,0xFF,0xFF,0xFF,0xFF,0xFF,0xFF,0xFF,0xFF,0xFF,0xFF,0xFF,0xFF,0xFF,0xFF,0xFF,
    0xFF,0xFF,0xFF,0xFF,0xFF,0xFF,0xFF,0xFF,0xFF,0xFF,0xFF,0xFF,0xFF,0xFF,0xFF,0xFF,
    0xFF,0xFF,0xFF,0xFF,0xFF,0xFF,0xFF,0xFF,0xFF,0xFF,0xD4,0xAA,0x7F,0x55,0x2A,0x00,
    0x00,0x2A,0x55,0x7F,0xAA,0xD4,0xFF,0xFF,0xFF,0xFF,0xFF,0xFF,0xFF,0xFF,0xFF,0xFF,
    0xFF,0xFF,0xFF,0xFF,0xFF,0xFF,0xFF,0xFF,0xFF,0xFF,0xFF,0xFF,0xFF,0xFF,0xFF,0xFF,
    0xFF,0xFF,0xFF,0xFF,0xFF,0xFF,0xFF,0xFF,0xFF,0xFF,0xFF,0xFF,0xFF,0xFF,0xFF,0xFF,
    0xFF,0xFF,0xFF,0xFF,0xFF,0xFF,0xFF,0xFF,0xFF,0xFF,0xFF,0xFF,0xFF,0xFF,0xFF,0xFF,
    0xD4,0xAA,0x7F,0x55,0x2A,0x00,0x00,0x2A,0x55,0x7F,0xAA,0xD4,0xFF,0xFF,0xFF,0xFF,
    0xFF,0xFF,0xFF,0xFF,0xFF,0xFF,0xFF,0xFF,0xFF,0xFF,0xFF,0xFF,0xFF,0xFF,0xFF,0xFF,
    0xFF,0xFF,0xFF,0xFF,0xFF,0xFF,0xFF,0xFF,0xFF,0xFF,0xFF,0xFF,0xFF,0xFF,0xFF,0xFF,
    0xFF,0xFF,0xFF,0xFF,0xFF,0xFF,0xFF,0xFF,0xFF,0xFF,0xFF,0xFF,0xFF,0xFF,0xFF,0xFF,
    0xFF,0xFF,0xFF,0xFF,0xFF,0xFF,0xD4,0xAA,0x7F,0x55,0x2A,0x00,0x00,0x2A,0x55,0x7F,
    0xAA,0xD4,0xFF,0xFF,0xFF,0xFF,0xFF,0xFF,0xFF,0xFF,0xFF,0xFF,0xFF,0xFF,0xFF,0xFF,
    0xFF,0xFF,0xFF,0xFF,0xFF,0xFF,0xFF,0xFF,0xFF,0xFF,0xFF,0xFF,0xFF,0xFF,0xFF,0xFF,
    0xFF,0xFF,0xFF,0xFF,0xFF,0xFF,0xFF,0xFF,0xFF,0xFF,0xFF,0xFF,0xFF,0xFF,0xFF,0xFF,
    0xFF,0xFF,0xFF,0xFF,0xFF,0xFF,0xFF,0xFF,0xFF,0xFF,0xFF,0xFF,0xD4,0xAA,0x7F,0x55,
    0x2A,0x00,0x00,0x2A,0x55,0x7F,0xAA,0xD4,0xFF,0xFF,0xFF,0xFF,0xFF,0xFF,0xFF,0xFF,
    0xFF,0xFF,0xFF,0xFF,0xFF,0xFF,0xFF,0xFF,0xFF,0xFF,0xFF,0xFF,0xFF,0xFF,0xFF,0xFF,
    0xFF,0xFF,0xFF,0xFF,0xFF,0xFF,0xFF,0xFF,0xFF,0xFF,0xFF,0xFF,0xFF,0xFF,0xFF,0xFF,
    0xFF,0xFF,0xFF,0xFF,0xFF,0xFF,0xFF,0xFF,0xFF,0xFF,0xFF,0xFF,0xFF,0xFF,0xFF,0xFF,
    0xFF,0xFF,0xD4,0xAA,0x7F,0x55,0x2A,0x00,0x00,0x2A,0x55,0x7F,0xAA,0xD4,0xFF,0xFF,
    0xFF,0xFF,0xFF,0xFF,0xFF,0xFF,0xFF,0xFF,0xFF,0xFF,0xFF,0xFF,0xFF,0xFF,0xFF,0xFF,
    0xFF,0xFF,0xFF,0xFF,0xFF,0xFF,0xFF,0xFF,0xFF,0xFF,0xFF,0xFF,0xFF,0xFF,0xFF,0xFF,
    0xFF,0xFF,0xFF,0xFF,0xFF,0xFF,0xFF,0xFF,0xFF,0xFF,0xFF,0xFF,0xFF,0xFF,0xFF,0xFF,
    0xFF,0xFF,0xFF,0xFF,0xFF,0xFF,0xFF,0xFF,0xD4,0xAA,0x7F,0x55,0x2A,0x00,0x00,0x2A,
    0x55,0x7F,0xAA,0xD4,0xFF,0xFF,0xFF,0xFF,0xFF,0xFF,0xFF,0xFF,0xFF,0xFF,0xFF,0xFF,
    0xFF,0xFF,0xFF,0xFF,0xFF,0xFF,0xFF,0xFF,0xFF,0xFF,0xFF,0xFF,0xFF,0xFF,0xFF,0xFF,
    0xFF,0xFF,0xFF,0xFF,0xFF,0xFF,0xFF,0xFF,0xFF,0xFF,0xFF,0xFF,0xFF,0xFF,0xFF,0xFF,
    0xFF,0xFF,0xFF,0xFF,0xFF,0xFF,0xFF,0xFF,0xFF,0xFF,0xFF,0xFF,0xFF,0xFF,0xD4,0xAA,
    0x7F,0x55,0x2A,0x00,0x00,0x2A,0x55,0x7F,0xAA,0xD4,0xFF,0xFF,0xFF,0xFF,0xFF,0xFF,
    0xFF,0xFF,0xFF,0xFF,0xFF,0xFF,0xFF,0xFF,0xFF,0xFF,0xFF,0xFF,0xFF,0xFF,0xFF,0xFF,
    0xFF,0xFF,0xFF,0xFF,0xFF,0xFF,0xFF,0xFF,0xFF,0xFF,0xFF,0xFF,0xFF,0xFF,0xFF,0xFF,
    0xFF,0xFF,0xFF,0xFF,0xFF,0xFF,0xFF,0xFF,0xFF,0xFF,0xFF,0xFF,0xFF,0xFF,0xFF,0xFF,
    0xFF,0xFF,0xFF,0xFF,0xD4,0xAA,0x7F,0x55,0x2A,0x00,0x00,0x2A,0x55,0x7F,0xAA,0xD4,
    0xFF,0xFF,0xFF,0xFF,0xFF,0xFF,0xFF,0xFF,0xFF,0xFF,0xFF,0xFF,0xFF,0xFF,0xFF,0xFF,
    0xFF,0xFF,0xFF,0xFF,0xFF,0xFF,0xFF,0xFF,0xFF,0xFF,0xFF,0xFF,0xFF,0xFF,0xFF,0xFF,
    0xFF,0xFF,0xFF,0xFF,0xFF,0xFF,0xFF,0xFF,0xFF,0xFF,0xFF,0xFF,0xFF,0xFF,0xFF,0xFF,
    0xFF,0xFF,0xFF,0xFF,0xFF,0xFF,0xFF,0xFF,0xFF,0xFF,0xD4,0xAA,0x7F,0x55,0x2A,0x00,
    0x00,0x2A,0x55,0x7F,0xAA,0xD4,0xFF,0xFF,0xFF,0xFF,0xFF,0xFF,0xFF,0xFF,0xFF,0xFF,
    0xFF,0xFF,0xFF,0xFF,0xFF,0xFF,0xFF,0xFF,0xFF,0xFF,0xFF,0xFF,0xFF,0xFF,0xFF,0xFF,
    0xFF,0xFF,0xFF,0xFF,0xFF,0xFF,0xFF,0xFF,0xFF,0xFF,0xFF,0xFF,0xFF,0xFF,0xFF,0xFF,
    0xFF,0xFF,0xFF,0xFF,0xFF,0xFF,0xFF,0xFF,0xFF,0xFF,0xFF,0xFF,0xFF,0xFF,0xFF,0xFF,
    0xD4,0xAA,0x7F,0x55,0x2A,0x00,0x00,0x2A,0x55,0x7F,0xAA,0xD4,0xFF,0xFF,0xFF,0xFF,
    0xFF,0xFF,0xFF,0xFF,0xFF,0xFF,0xFF,0xFF,0xFF,0xFF,0xFF,0xFF,0xFF,0xFF,0xFF,0xFF,
    0xFF,0xFF,0xFF,0xFF,0xFF,0xFF,0xFF,0xFF,0xFF,0xFF,0xFF,0xFF,0xFF,0xFF,0xFF,0xFF,
    0xFF,0xFF,0xFF,0xFF,0xFF,0xFF,0xFF,0xFF,0xFF,0xFF,0xFF,0xFF,0xFF,0xFF,0xFF,0xFF,
    0xFF,0xFF,0xFF,0xFF,0xFF,0xFF,0xD4,0xAA,0x7F,0x55,0x2A,0x00,0x00,0x2A,0x55,0x7F,
    0xAA,0xD4,0xFF,0xFF,0xFF,0xFF,0xFF,0xFF,0xFF,0xFF,0xFF,0xFF,0xFF,0xFF,0xFF,0xFF,
    0xFF,0xFF,0xFF,0xFF,0xFF,0xFF,0xFF,0xFF,0xFF,0xFF,0xFF,0xFF,0xFF,0xFF,0xFF,0xFF,
    0xFF,0xFF,0xFF,0xFF,0xFF,0xFF,0xFF,0xFF,0xFF,0xFF,0xFF,0xFF,0xFF,0xFF,0xFF,0xFF,
    0xFF,0xFF,0xFF,0xFF,0xFF,0xFF,0xFF,0xFF,0xFF,0xFF,0xFF,0xFF,0xD4,0xAA,0x7F,0x55,
    0x2A,0x00,0x00,0x2A,0x55,0x7F,0xAA,0xD4,0xFF,0xFF,0xFF,0xFF,0xFF,0xFF,0xFF,0xFF,
    0xFF,0xFF,0xFF,0xFF,0xFF,0xFF,0xFF,0xFF,0xFF,0xFF,0xFF,0xFF,0xFF,0xFF,0xFF,0xFF,
    0xFF,0xFF,0xFF,0xFF,0xFF,0xFF,0xFF,0xFF,0xFF,0xFF,0xFF,0xFF,0xFF,0xFF,0xFF,0xFF,
    0xFF,0xFF,0xFF,0xFF,0xFF,0xFF,0xFF,0xFF,0xFF,0xFF,0xFF,0xFF,0xFF,0xFF,0xFF,0xFF,
    0xFF,0xFF,0xD4,0xAA,0x7F,0x55,0x2A,0x00,0x00,0x2A,0x55,0x7F,0xAA,0xD4,0xFF,0xFF,
    0xFF,0xFF,0xFF,0xFF,0xFF,0xFF,0xFF,0xFF,0xFF,0xFF,0xFF,0xFF,0xFF,0xFF,0xFF,0xFF,
    0xFF,0xFF,0xFF,0xFF,0xFF,0xFF,0xFF,0xFF,0xFF,0xFF,0xFF,0xFF,0xFF,0xFF,0xFF,0xFF,
    0xFF,0xFF,0xFF,0xFF,0xFF,0xFF,0xFF,0xFF,0xFF,0xFF,0xFF,0xFF,0xFF,0xFF,0xFF,0xFF,
    0xFF,0xFF,0xFF,0xFF,0xFF,0xFF,0xFF,0xFF,0xD4,0xAA,0x7F,0x55,0x2A,0x00,0x00,0x2A,
    0x55,0x7F,0xAA,0xD4,0xFF,0xFF,0xFF,0xFF,0xFF,0xFF,0xFF,0xFF,0xFF,0xFF,0xFF,0xFF,
    0xFF,0xFF,0xFF,0xFF,0xFF,0xFF,0xFF,0xFF,0xFF,0xFF,0xFF,0xFF,0xFF,0xFF,0xFF,0xFF,
    0xFF,0xFF,0xFF,0xFF,0xFF,0xFF,0xFF,0xFF,0xFF,0xFF,0xFF,0xFF,0xFF,0xFF,0xFF,0xFF,
    0xFF,0xFF,0xFF,0xFF,0xFF,0xFF,0xFF,0xFF,0xFF,0xFF,0xFF,0xFF,0xFF,0xFF,0xD4,0xAA,
    0x7F,0x55,0x2A,0x00,0x00,0x2A,0x55,0x7F,0xAA,0xD4,0xFF,0xFF,0xFF,0xFF,0xFF,0xFF,
    0xFF,0xFF,0xFF,0xFF,0xFF,0xFF,0xFF,0xFF,0xFF,0xFF,0xFF,0xFF,0xFF,0xFF,0xFF,0xFF,
    0xFF,0xFF,0xFF,0xFF,0xFF,0xFF,0xFF,0xFF,0xFF,0xFF,0xFF,0xFF,0xFF,0xFF,0xFF,0xFF,
    0xFF,0xFF,0xFF,0xFF,0xFF,0xFF,0xFF,0xFF,0xFF,0xFF,0xFF,0xFF,0xFF,0xFF,0xFF,0xFF,
    0xFF,0xFF,0xFF,0xFF,0xD4,0xAA,0x7F,0x55,0x2A,0x00,0x00,0x2A,0x55,0x7F,0xAA,0xD4,
    0xFF,0xFF,0xFF,0xFF,0xFF,0xFF,0xFF,0xFF,0xFF,0xFF,0xFF,0xFF,0xFF,0xFF,0xFF,0xFF,
    0xFF,0xFF,0xFF,0xFF,0xFF,0xFF,0xFF,0xFF,0xFF,0xFF,0xFF,0xFF,0xFF,0xFF,0xFF,0xFF,
    0xFF,0xFF,0xFF,0xFF,0xFF,0xFF,0xFF,0xFF,0xFF,0xFF,0xFF,0xFF,0xFF,0xFF,0xFF,0xFF,
    0xFF,0xFF,0xFF,0xFF,0xFF,0xFF,0xFF,0xFF,0xFF,0xFF,0xD4,0xAA,0x7F,0x55,0x2A,0x00,
    0x00,0x2A,0x55,0x7F,0xAA,0xD4,0xFF,0xFF,0xFF,0xFF,0xFF,0xFF,0xFF,0xFF,0xFF,0xFF,
    0xFF,0xFF,0xFF,0xFF,0xFF,0xFF,0xFF,0xFF,0xFF,0xFF,0xFF,0xFF,0xFF,0xFF,0xFF,0xFF,
    0xFF,0xFF,0xFF,0xFF,0xFF,0xFF,0xFF,0xFF,0xFF,0xFF,0xFF,0xFF,0xFF,0xFF,0xFF,0xFF,
    0xFF,0xFF,0xFF,0xFF,0xFF,0xFF,0xFF,0xFF,0xFF,0xFF,0xFF,0xFF,0xFF,0xFF,0xFF,0xFF,
    0xD4,0xAA,0x7F,0x55,0x2A,0x00,0x00,0x2A,0x55,0x7F,0xAA,0xD4,0xFF,0xFF,0xFF,0xFF,
    0xFF,0xFF,0xFF,0xFF,0xFF,0xFF,0xFF,0xFF,0xFF,0xFF,0xFF,0xFF,0xFF,0xFF,0xFF,0xFF,
    0xFF,0xFF,0xFF,0xFF,0xFF,0xFF,0xFF,0xFF,0xFF,0xFF,0xFF,0xFF,0xFF,0xFF,0xFF,0xFF,
    0xFF,0xFF,0xFF,0xFF,0xFF,0xFF,0xFF,0xFF,0xFF,0xFF,0xFF,0xFF,0xFF,0xFF,0xFF,0xFF,
    0xFF,0xFF,0xFF,0xFF,0xFF,0xFF,0xD4,0xAA,0x7F,0x55,0x2A,0x00,0x00,0x2A,0x55,0x7F,
    0xAA,0xD4,0xFF,0xFF,0xFF,0xFF,0xFF,0xFF,0xFF,0xFF,0xFF,0xFF,0xFF,0xFF,0xFF,0xFF,
    0xFF,0xFF,0xFF,0xFF,0xFF,0xFF,0xFF,0xFF,0xFF,0xFF,0xFF,0xFF,0xFF,0xFF,0xFF,0xFF,
    0xFF,0xFF,0xFF,0xFF,0xFF,0xFF,0xFF,0xFF,0xFF,0xFF,0xFF,0xFF,0xFF,0xFF,0xFF,0xFF,
    0xFF,0xFF,0xFF,0xFF,0xFF,0xFF,0xFF,0xFF,0xFF,0xFF,0xFF,0xFF,0xD4,0xAA,0x7F,0x55,
    0x2A,0x00,0x00,0x2A,0x55,0x7F,0xAA,0xD4,0xFF,0xFF,0xFF,0xFF,0xFF,0xFF,0xFF,0xFF,
    0xFF,0xFF,0xFF,0xFF,0xFF,0xFF,0xFF,0xFF,0xFF,0xFF,0xFF,0xFF,0xFF,0xFF,0xFF,0xFF,
    0xFF,0xFF,0xFF,0xFF,0xFF,0xFF,0xFF,0xFF,0xFF,0xFF,0xFF,0xFF,0xFF,0xFF,0xFF,0xFF,
    0xFF,0xFF,0xFF,0xFF,0xFF,0xFF,0xFF,0xFF,0xFF,0xFF,0xFF,0xFF,0xFF,0xFF,0xFF,0xFF,
    0xFF,0xFF,0xD4,0xAA,0x7F,0x55,0x2A,0x00,0x00,0x2A,0x55,0x7F,0xAA,0xD4,0xFF,0xFF,
    0xFF,0xFF,0xFF,0xFF,0xFF,0xFF,0xFF,0xFF,0xFF,0xFF,0xFF,0xFF,0xFF,0xFF,0xFF,0xFF,
    0xFF,0xFF,0xFF,0xFF,0xFF,0xFF,0xFF,0xFF,0xFF,0xFF,0xFF,0xFF,0xFF,0xFF,0xFF,0xFF,
    0xFF,0xFF,0xFF,0xFF,0xFF,0xFF,0xFF,0xFF,0xFF,0xFF,0xFF,0xFF,0xFF,0xFF,0xFF,0xFF,
    0xFF,0xFF,0xFF,0xFF,0xFF,0xFF,0xFF,0xFF,0xD4,0xAA,0x7F,0x55,0x2A,0x00,0x00,0x2A,
    0x55,0x7F,0xAA,0xD4,0xFF,0xFF,0xFF,0xFF,0xFF,0xFF,0xFF,0xFF,0xFF,0xFF,0xFF,0xFF,
    0xFF,0xFF,0xFF,0xFF,0xFF,0xFF,0xFF,0xFF,0xFF,0xFF,0xFF,0xFF,0xFF,0xFF,0xFF,0xFF,
    0xFF,0xFF,0xFF,0xFF,0xFF,0xFF,0xFF,0xFF,0xFF,0xFF,0xFF,0xFF,0xFF,0xFF,0xFF,0xFF,
    0xFF,0xFF,0xFF,0xFF,0xFF,0xFF,0xFF,0xFF,0xFF,0xFF,0xFF,0xFF,0xFF,0xFF,0xD4,0xAA,
    0x7F,0x55,0x2A,0x00,0x00,0x2A,0x55,0x7F,0xAA,0xD4,0xFF,0xFF,0xFF,0xFF,0xFF,0xFF,
    0xFF,0xFF,0xFF,0xFF,0xFF,0xFF,0xFF,0xFF,0xFF,0xFF,0xFF,0xFF,0xFF,0xFF,0xFF,0xFF,
    0xFF,0xFF,0xFF,0xFF,0xFF,0xFF,0xFF,0xFF,0xFF,0xFF,0xFF,0xFF,0xFF,0xFF,0xFF,0xFF,
    0xFF,0xFF,0xFF,0xFF,0xFF,0xFF,0xFF,0xFF,0xFF,0xFF,0xFF,0xFF,0xFF,0xFF,0xFF,0xFF,
    0xFF,0xFF,0xFF,0xFF,0xD4,0xAA,0x7F,0x55,0x2A,0x00,0x00,0x2A,0x55,0x7F,0xAA,0xD4,
    0xFF,0xFF,0xFF,0xFF,0xFF,0xFF,0xFF,0xFF,0xFF,0xFF,0xFF,0xFF,0xFF,0xFF,0xFF,0xFF,
    0xFF,0xFF,0xFF,0xFF,0xFF,0xFF,0xFF,0xFF,0xFF,0xFF,0xFF,0xFF,0xFF,0xFF,0xFF,0xFF,
    0xFF,0xFF,0xFF,0xFF,0xFF,0xFF,0xFF,0xFF,0xFF,0xFF,0xFF,0xFF,0xFF,0xFF,0xFF,0xFF,
    0xFF,0xFF,0xFF,0xFF,0xFF,0xFF,0xFF,0xFF,0xFF,0xFF,0xD4,0xAA,0x7F,0x55,0x2A,0x00,
    0x00,0x2A,0x55,0x7F,0xAA,0xD4,0xFF,0xFF,0xFF,0xFF,0xFF,0xFF,0xFF,0xFF,0xFF,0xFF,
    0xFF,0xFF,0xFF,0xFF,0xFF,0xFF,0xFF,0xFF,0xFF,0xFF,0xFF,0xFF,0xFF,0xFF,0xFF,0xFF,
    0xFF,0xFF,0xFF,0xFF,0xFF,0xFF,0xFF,0xFF,0xFF,0xFF,0xFF,0xFF,0xFF,0xFF,0xFF,0xFF,
    0xFF,0xFF,0xFF,0xFF,0xFF,0xFF,0xFF,0xFF,0xFF,0xFF,0xFF,0xFF,0xFF,0xFF,0xFF,0xFF,
    0xD4,0xAA,0x7F,0x55,0x2A,0x00,0x00,0x2A,0x55,0x7F,0xAA,0xD4,0xFF,0xFF,0xFF,0xFF,
    0xFF,0xFF,0xFF,0xFF,0xFF,0xFF,0xFF,0xFF,0xFF,0xFF,0xFF,0xFF,0xFF,0xFF,0xFF,0xFF,
    0xFF,0xFF,0xFF,0xFF,0xFF,0xFF,0xFF,0xFF,0xFF,0xFF,0xFF,0xFF,0xFF,0xFF,0xFF,0xFF,
    0xFF,0xFF,0xFF,0xFF,0xFF,0xFF,0xFF,0xFF,0xFF,0xFF,0xFF,0xFF,0xFF,0xFF,0xFF,0xFF,
    0xFF,0xFF,0xFF,0xFF,0xFF,0xFF,0xD4,0xAA,0x7F,0x55,0x2A,0x00,0x00,0x2A,0x55,0x7F,
    0xAA,0xD4,0xFF,0xFF,0xFF,0xFF,0xFF,0xFF,0xFF,0xFF,0xFF,0xFF,0xFF,0xFF,0xFF,0xFF,
    0xFF,0xFF,0xFF,0xFF,0xFF,0xFF,0xFF,0xFF,0xFF,0xFF,0xFF,0xFF,0xFF,0xFF,0xFF,0xFF,
    0xFF,0xFF,0xFF,0xFF,0xFF,0xFF,0xFF,0xFF,0xFF,0xFF,0xFF,0xFF,0xFF,0xFF,0xFF,0xFF,
    0xFF,0xFF,0xFF,0xFF,0xFF,0xFF,0xFF,0xFF,0xFF,0xFF,0xFF,0xFF,0xD4,0xAA,0x7F,0x55,
    0x2A,0x00,0x00,0x2A,0x55,0x7F,0xAA,0xD4,0xFF,0xFF,0xFF,0xFF,0xFF,0xFF,0xFF,0xFF,
    0xFF,0xFF,0xFF,0xFF,0xFF,0xFF,0xFF,0xFF,0xFF,0xFF,0xFF,0xFF,0xFF,0xFF,0xFF,0xFF,
    0xFF,0xFF,0xFF,0xFF,0xFF,0xFF,0xFF,0xFF,0xFF,0xFF,0xFF,0xFF,0xFF,0xFF,0xFF,0xFF,
    0xFF,0xFF,0xFF,0xFF,0xFF,0xFF,0xFF,0xFF,0xFF,0xFF,0xFF,0xFF,0xFF,0xFF,0xFF,0xFF,
    0xFF,0xFF,0xD4,0xAA,0x7F,0x55,0x2A,0x00,0x00,0x2A,0x55,0x7F,0xAA,0xD4,0xFF,0xFF,
    0xFF,0xFF,0xFF,0xFF,0xFF,0xFF,0xFF,0xFF,0xFF,0xFF,0xFF,0xFF,0xFF,0xFF,0xFF,0xFF,
    0xFF,0xFF,0xFF,0xFF,0xFF,0xFF,0xFF,0xFF,0xFF,0xFF,0xFF,0xFF,0xFF,0xFF,0xFF,0xFF,
    0xFF,0xFF,0xFF,0xFF,0xFF,0xFF,0xFF,0xFF,0xFF,0xFF,0xFF,0xFF,0xFF,0xFF,0xFF,0xFF,
    0xFF,0xFF,0xFF,0xFF,0xFF,0xFF,0xFF,0xFF,0xD4,0xAA,0x7F,0x55,0x2A,0x00,0x00,0x2A,
    0x55,0x7F,0xAA,0xD4,0xFF,0xFF,0xFF,0xFF,0xFF,0xFF,0xFF,0xFF,0xFF,0xFF,0xFF,0xFF,
    0xFF,0xFF,0xFF,0xFF,0xFF,0xFF,0xFF,0xFF,0xFF,0xFF,0xFF,0xFF,0xFF,0xFF,0xFF,0xFF,
    0xFF,0xFF,0xFF,0xFF,0xFF,0xFF,0xFF,0xFF,0xFF,0xFF,0xFF,0xFF,0xFF,0xFF,0xFF,0xFF,
    0xFF,0xFF,0xFF,0xFF,0xFF,0xFF,0xFF,0xFF,0xFF,0xFF,0xFF,0xFF,0xFF,0xFF,0xD4,0xAA,
    0x7F,0x55,0x2A,0x00,0x00,0x2A,0x55,0x7F,0xAA,0xD4,0xD4,0xD4,0xD4,0xD4,0xD4,0xD4,
    0xD4,0xD4,0xD4,0xD4,0xD4,0xD4,0xD4,0xD4,0xD4,0xD4,0xD4,0xD4,0xD4,0xD4,0xD4,0xD4,
    0xD4,0xD4,0xD4,0xD4,0xD4,0xD4,0xD4,0xD4,0xD4,0xD4,0xD4,0xD4,0xD4,0xD4,0xD4,0xD4,
    0xD4,0xD4,0xD4,0xD4,0xD4,0xD4,0xD4,0xD4,0xD4,0xD4,0xD4,0xD4,0xD4,0xD4,0xD4,0xD4,
    0xD4,0xD4,0xD4,0xD4,0xD4,0xAA,0x7F,0x55,0x2A,0x00,0x00,0x2A,0x55,0x7F,0xAA,0xAA,
    0xAA,0xAA,0xAA,0xAA,0xAA,0xAA,0xAA,0xAA,0xAA,0xAA,0xAA,0xAA,0xAA,0xAA,0xAA,0xAA,
    0xAA,0xAA,0xAA,0xAA,0xAA,0xAA,0xAA,0xAA,0xAA,0xAA,0xAA,0xAA,0xAA,0xAA,0xAA,0xAA,
    0xAA,0xAA,0xAA,0xAA,0xAA,0xAA,0xAA,0xAA,0xAA,0xAA,0xAA,0xAA,0xAA,0xAA,0xAA,0xAA,
    0xAA,0xAA,0xAA,0xAA,0xAA,0xAA,0xAA,0xAA,0xAA,0xAA,0xAA,0xAA,0x7F,0x55,0x2A,0x00,
    0x00,0x2A,0x55,0x7F,0x7F,0x7F,0x7F,0x7F,0x7F,0x7F,0x7F,0x7F,0x7F,0x7F,0x7F,0x7F,
    0x7F,0x7F,0x7F,0x7F,0x7F,0x7F,0x7F,0x7F,0x7F,0x7F,0x7F,0x7F,0x7F,0x7F,0x7F,0x7F,
    0x7F,0x7F,0x7F,0x7F,0x7F,0x7F,0x7F,0x7F,0x7F,0x7F,0x7F,0x7F,0x7F,0x7F,0x7F,0x7F,
    0x7F,0x7F,0x7F,0x7F,0x7F,0x7F,0x7F,0x7F,0x7F,0x7F,0x7F,0x7F,0x7F,0x7F,0x7F,0x7F,
    0x7F,0x7F,0x7F,0x55,0x2A,0x00,0x00,0x2A,0x55,0x55,0x55,0x55,0x55,0x55,0x55,0x55,
    0x55,0x55,0x55,0x55,0x55,0x55,0x55,0x55,0x55,0x55,0x55,0x55,0x55,0x55,0x55,0x55,
    0x55,0x55,0x55,0x55,0x55,0x55,0x55,0x55,0x55,0x55,0x55,0x55,0x55,0x55,0x55,0x55,
    0x55,0x55,0x55,0x55,0x55,0x55,0x55,0x55,0x55,0x55,0x55,0x55,0x55,0x55,0x55,0x55,
    0x55,0x55,0x55,0x55,0x55,0x55,0x55,0x55,0x55,0x55,0x2A,0x00,0x00,0x2A,0x2A,0x2A,
    0x2A,0x2A,0x2A,0x2A,0x2A,0x2A,0x2A,0x2A,0x2A,0x2A,0x2A,0x2A,0x2A,0x2A,0x2A,0x2A,
    0x2A,0x2A,0x2A,0x2A,0x2A,0x2A,0x2A,0x2A,0x2A,0x2A,0x2A,0x2A,0x2A,0x2A,0x2A,0x2A,
    0x2A,0x2A,0x2A,0x2A,0x2A,0x2A,0x2A,0x2A,0x2A,0x2A,0x2A,0x2A,0x2A,0x2A,0x2A,0x2A,
    0x2A,0x2A,0x2A,0x2A,0x2A,0x2A,0x2A,0x2A,0x2A,0x2A,0x2A,0x2A,0x2A,0x2A,0x2A,0x2A,
    0x2A,0x00,0x00,0x00,0x00,0x00,0x00,0x00,0x00,0x00,0x00,0x00,0x00,0x00,0x00,0x00,
    0x00,0x00,0x00,0x00,0x00,0x00,0x00,0x00,0x00,0x00,0x00,0x00,0x00,0x00,0x00,0x00,
    0x00,0x00,0x00,0x00,0x00,0x00,0x00,0x00,0x00,0x00,0x00,0x00,0x00,0x00,0x00,0x00,
    0x00,0x00,0x00,0x00,0x00,0x00,0x00,0x00,0x00,0x00,0x00,0x00,0x00,0x00,0x00,0x00,
    0x00,0x00,0x00,0x00,0x00,0x00,0x00,0x00,
};

const lv_image_dsc_t ui_img_focus_left_decor_running = {
    .header.w = 70,
    .header.h = 100,
    .data_size = sizeof(ui_img_focus_left_decor_running_data),
    .header.cf = LV_COLOR_FORMAT_NATIVE_WITH_ALPHA,
    .header.magic = LV_IMAGE_HEADER_MAGIC,
    .data = ui_img_focus_left_decor_running_data,
};
